geo_id,geography,Population,geography_income,median_income,geography_poverty,Poverty,Below poverty level,Below poverty level - Male,Below poverty level - Female,At or above poverty level,At or above poverty level - Male,At or above poverty level - Female,geography_housing,Housing units,geography_owner_renter,Owner:renter occupancy,Owner occupied,Renter occupied,geography_vehicles,Vehicles available,Owner occupied_vehicles,Owner occupied - No vehicles available,Owner occupied - 1 vehicle available,Renter occupied_vehicles,Renter occupied - No vehicles available,Renter occupied - 1 vehicle available,geography_households,Population_households,Family households,Married-couple family households,Other family households,"Male householder, no spouse present","Female householder, no spouse present",Nonfamily households,Householder living alone,Householder not living alone
1400000US12095010201,Census Tract 102.01; Orange County; Florida,1958,Census Tract 102.01; Orange County; Florida,85051.0,Census Tract 102.01; Orange County; Florida,1958,209,95,114,1749,969,780,Census Tract 102.01; Orange County; Florida,1557,Census Tract 102.01; Orange County; Florida,1302,511,791,Census Tract 102.01; Orange County; Florida,1302,511,14,314,791,75,510,Census Tract 102.01; Orange County; Florida,1302,412,247,165,15,150,890,769,121
1400000US12095010202,Census Tract 102.02; Orange County; Florida,3988,Census Tract 102.02; Orange County; Florida,101599.0,Census Tract 102.02; Orange County; Florida,3925,489,287,202,3436,1996,1440,Census Tract 102.02; Orange County; Florida,2872,Census Tract 102.02; Orange County; Florida,2539,922,1617,Census Tract 102.02; Orange County; Florida,2539,922,22,327,1617,318,1003,Census Tract 102.02; Orange County; Florida,2539,690,621,69,44,25,1849,1535,314
1400000US12095010300,Census Tract 103; Orange County; Florida,3355,Census Tract 103; Orange County; Florida,54427.0,Census Tract 103; Orange County; Florida,3202,585,163,422,2617,1279,1338,Census Tract 103; Orange County; Florida,2257,Census Tract 103; Orange County; Florida,2137,425,1712,Census Tract 103; Orange County; Florida,2137,425,5,231,1712,474,909,Census Tract 103; Orange County; Florida,2137,396,363,33,27,6,1741,1491,250
1400000US12095010400,Census Tract 104; Orange County; Florida,1141,Census Tract 104; Orange County; Florida,21410.0,Census Tract 104; Orange County; Florida,1141,524,185,339,617,288,329,Census Tract 104; Orange County; Florida,558,Census Tract 104; Orange County; Florida,404,25,379,Census Tract 104; Orange County; Florida,404,25,0,0,379,93,184,Census Tract 104; Orange County; Florida,404,240,24,216,34,182,164,139,25
1400000US12095010500,Census Tract 105; Orange County; Florida,939,Census Tract 105; Orange County; Florida,14820.0,Census Tract 105; Orange County; Florida,939,547,363,184,392,163,229,Census Tract 105; Orange County; Florida,714,Census Tract 105; Orange County; Florida,479,160,319,Census Tract 105; Orange County; Florida,479,160,11,0,319,125,143,Census Tract 105; Orange County; Florida,479,248,65,183,32,151,231,206,25
1400000US12095010802,Census Tract 108.02; Orange County; Florida,3507,Census Tract 108.02; Orange County; Florida,133625.0,Census Tract 108.02; Orange County; Florida,3454,223,130,93,3231,1801,1430,Census Tract 108.02; Orange County; Florida,1737,Census Tract 108.02; Orange County; Florida,1607,1006,601,Census Tract 108.02; Orange County; Florida,1607,1006,10,177,601,36,240,Census Tract 108.02; Orange County; Florida,1607,739,579,160,91,69,868,381,487
1400000US12095011000,Census Tract 110; Orange County; Florida,3207,Census Tract 110; Orange County; Florida,121250.0,Census Tract 110; Orange County; Florida,3207,254,118,136,2953,1434,1519,Census Tract 110; Orange County; Florida,1843,Census Tract 110; Orange County; Florida,1566,772,794,Census Tract 110; Orange County; Florida,1566,772,17,179,794,122,421,Census Tract 110; Orange County; Florida,1566,866,655,211,24,187,700,450,250
1400000US12095011100,Census Tract 111; Orange County; Florida,3333,Census Tract 111; Orange County; Florida,88276.0,Census Tract 111; Orange County; Florida,3333,266,182,84,3067,1498,1569,Census Tract 111; Orange County; Florida,1857,Census Tract 111; Orange County; Florida,1688,981,707,Census Tract 111; Orange County; Florida,1688,981,0,537,707,9,396,Census Tract 111; Orange County; Florida,1688,690,406,284,220,64,998,628,370
1400000US12095011200,Census Tract 112; Orange County; Florida,3233,Census Tract 112; Orange County; Florida,103750.0,Census Tract 112; Orange County; Florida,3231,419,334,85,2812,1726,1086,Census Tract 112; Orange County; Florida,1747,Census Tract 112; Orange County; Florida,1487,1087,400,Census Tract 112; Orange County; Florida,1487,1087,24,337,400,9,274,Census Tract 112; Orange County; Florida,1487,757,570,187,57,130,730,555,175
1400000US12095011300,Census Tract 113; Orange County; Florida,4940,Census Tract 113; Orange County; Florida,124402.0,Census Tract 113; Orange County; Florida,4839,312,74,238,4527,2205,2322,Census Tract 113; Orange County; Florida,2424,Census Tract 113; Orange County; Florida,2259,1718,541,Census Tract 113; Orange County; Florida,2259,1718,85,422,541,16,410,Census Tract 113; Orange County; Florida,2259,1240,1025,215,51,164,1019,775,244
1400000US12095011600,Census Tract 116; Orange County; Florida,3806,Census Tract 116; Orange County; Florida,56212.0,Census Tract 116; Orange County; Florida,3806,337,251,86,3469,1858,1611,Census Tract 116; Orange County; Florida,1914,Census Tract 116; Orange County; Florida,1367,765,602,Census Tract 116; Orange County; Florida,1367,765,63,79,602,139,336,Census Tract 116; Orange County; Florida,1367,969,528,441,193,248,398,286,112
1400000US12095011701,Census Tract 117.01; Orange County; Florida,4372,Census Tract 117.01; Orange County; Florida,64009.0,Census Tract 117.01; Orange County; Florida,4249,601,184,417,3648,1472,2176,Census Tract 117.01; Orange County; Florida,1779,Census Tract 117.01; Orange County; Florida,1349,826,523,Census Tract 117.01; Orange County; Florida,1349,826,40,209,523,81,237,Census Tract 117.01; Orange County; Florida,1349,967,363,604,215,389,382,343,39
1400000US12095011702,Census Tract 117.02; Orange County; Florida,3854,Census Tract 117.02; Orange County; Florida,36147.0,Census Tract 117.02; Orange County; Florida,3854,618,189,429,3236,1622,1614,Census Tract 117.02; Orange County; Florida,1849,Census Tract 117.02; Orange County; Florida,1515,564,951,Census Tract 117.02; Orange County; Florida,1515,564,11,207,951,224,478,Census Tract 117.02; Orange County; Florida,1515,825,453,372,27,345,690,631,59
1400000US12095012000,Census Tract 120; Orange County; Florida,8577,Census Tract 120; Orange County; Florida,60424.0,Census Tract 120; Orange County; Florida,8403,1538,791,747,6865,3575,3290,Census Tract 120; Orange County; Florida,2437,Census Tract 120; Orange County; Florida,2311,1004,1307,Census Tract 120; Orange County; Florida,2311,1004,4,489,1307,146,740,Census Tract 120; Orange County; Florida,2311,1704,627,1077,312,765,607,478,129
1400000US12095012100,Census Tract 121; Orange County; Florida,7756,Census Tract 121; Orange County; Florida,46196.0,Census Tract 121; Orange County; Florida,7745,1591,668,923,6154,2711,3443,Census Tract 121; Orange County; Florida,2515,Census Tract 121; Orange County; Florida,2360,895,1465,Census Tract 121; Orange County; Florida,2360,895,120,239,1465,181,734,Census Tract 121; Orange County; Florida,2360,1883,702,1181,175,1006,477,317,160
1400000US12095012201,Census Tract 122.01; Orange County; Florida,6263,Census Tract 122.01; Orange County; Florida,61916.0,Census Tract 122.01; Orange County; Florida,6113,1229,883,346,4884,2585,2299,Census Tract 122.01; Orange County; Florida,1971,Census Tract 122.01; Orange County; Florida,1687,913,774,Census Tract 122.01; Orange County; Florida,1687,913,14,296,774,27,199,Census Tract 122.01; Orange County; Florida,1687,1253,646,607,162,445,434,278,156
1400000US12095012202,Census Tract 122.02; Orange County; Florida,7266,Census Tract 122.02; Orange County; Florida,62180.0,Census Tract 122.02; Orange County; Florida,7234,982,382,600,6252,3328,2924,Census Tract 122.02; Orange County; Florida,2159,Census Tract 122.02; Orange County; Florida,2011,1261,750,Census Tract 122.02; Orange County; Florida,2011,1261,44,197,750,122,201,Census Tract 122.02; Orange County; Florida,2011,1663,798,865,268,597,348,229,119
1400000US12095012303,Census Tract 123.03; Orange County; Florida,9190,Census Tract 123.03; Orange County; Florida,86333.0,Census Tract 123.03; Orange County; Florida,9151,1893,701,1192,7258,3140,4118,Census Tract 123.03; Orange County; Florida,2568,Census Tract 123.03; Orange County; Florida,2528,1882,646,Census Tract 123.03; Orange County; Florida,2528,1882,109,251,646,65,91,Census Tract 123.03; Orange County; Florida,2528,2223,1615,608,98,510,305,241,64
1400000US12095012304,Census Tract 123.04; Orange County; Florida,8471,Census Tract 123.04; Orange County; Florida,70032.0,Census Tract 123.04; Orange County; Florida,8471,1185,657,528,7286,2663,4623,Census Tract 123.04; Orange County; Florida,2373,Census Tract 123.04; Orange County; Florida,2284,1445,839,Census Tract 123.04; Orange County; Florida,2284,1445,31,316,839,55,406,Census Tract 123.04; Orange County; Florida,2284,1911,1285,626,172,454,373,286,87
1400000US12095012305,Census Tract 123.05; Orange County; Florida,7344,Census Tract 123.05; Orange County; Florida,51323.0,Census Tract 123.05; Orange County; Florida,7344,1353,698,655,5991,2803,3188,Census Tract 123.05; Orange County; Florida,2588,Census Tract 123.05; Orange County; Florida,2297,1446,851,Census Tract 123.05; Orange County; Florida,2297,1446,142,543,851,233,388,Census Tract 123.05; Orange County; Florida,2297,1677,786,891,164,727,620,461,159
1400000US12095012306,Census Tract 123.06; Orange County; Florida,3993,Census Tract 123.06; Orange County; Florida,70997.0,Census Tract 123.06; Orange County; Florida,3976,300,125,175,3676,1835,1841,Census Tract 123.06; Orange County; Florida,1154,Census Tract 123.06; Orange County; Florida,1090,942,148,Census Tract 123.06; Orange County; Florida,1090,942,38,257,148,31,27,Census Tract 123.06; Orange County; Florida,1090,911,683,228,60,168,179,132,47
1400000US12095012307,Census Tract 123.07; Orange County; Florida,6889,Census Tract 123.07; Orange County; Florida,48826.0,Census Tract 123.07; Orange County; Florida,6868,1604,671,933,5264,2254,3010,Census Tract 123.07; Orange County; Florida,2352,Census Tract 123.07; Orange County; Florida,2352,1074,1278,Census Tract 123.07; Orange County; Florida,2352,1074,130,228,1278,255,731,Census Tract 123.07; Orange County; Florida,2352,1697,753,944,258,686,655,648,7
1400000US12095012402,Census Tract 124.02; Orange County; Florida,5130,Census Tract 124.02; Orange County; Florida,48281.0,Census Tract 124.02; Orange County; Florida,4982,1389,362,1027,3593,1882,1711,Census Tract 124.02; Orange County; Florida,2633,Census Tract 124.02; Orange County; Florida,2416,230,2186,Census Tract 124.02; Orange County; Florida,2416,230,0,104,2186,288,1311,Census Tract 124.02; Orange County; Florida,2416,956,445,511,132,379,1460,1129,331
1400000US12095012403,Census Tract 124.03; Orange County; Florida,6568,Census Tract 124.03; Orange County; Florida,46033.0,Census Tract 124.03; Orange County; Florida,6560,1611,787,824,4949,2032,2917,Census Tract 124.03; Orange County; Florida,2277,Census Tract 124.03; Orange County; Florida,2142,1107,1035,Census Tract 124.03; Orange County; Florida,2142,1107,189,190,1035,154,384,Census Tract 124.03; Orange County; Florida,2142,1383,570,813,141,672,759,486,273
1400000US12095012404,Census Tract 124.04; Orange County; Florida,6259,Census Tract 124.04; Orange County; Florida,78209.0,Census Tract 124.04; Orange County; Florida,6124,824,339,485,5300,2674,2626,Census Tract 124.04; Orange County; Florida,1983,Census Tract 124.04; Orange County; Florida,1845,788,1057,Census Tract 124.04; Orange County; Florida,1845,788,12,173,1057,185,363,Census Tract 124.04; Orange County; Florida,1845,1193,370,823,131,692,652,339,313
1400000US12095012405,Census Tract 124.05; Orange County; Florida,4854,Census Tract 124.05; Orange County; Florida,45189.0,Census Tract 124.05; Orange County; Florida,4852,742,345,397,4110,1922,2188,Census Tract 124.05; Orange County; Florida,2087,Census Tract 124.05; Orange County; Florida,1915,698,1217,Census Tract 124.05; Orange County; Florida,1915,698,0,209,1217,35,889,Census Tract 124.05; Orange County; Florida,1915,1247,500,747,0,747,668,464,204
1400000US12095012500,Census Tract 125; Orange County; Florida,2342,Census Tract 125; Orange County; Florida,55924.0,Census Tract 125; Orange County; Florida,2342,306,240,66,2036,1046,990,Census Tract 125; Orange County; Florida,1298,Census Tract 125; Orange County; Florida,1089,663,426,Census Tract 125; Orange County; Florida,1089,663,30,234,426,8,285,Census Tract 125; Orange County; Florida,1089,453,364,89,25,64,636,455,181
1400000US12095012600,Census Tract 126; Orange County; Florida,5573,Census Tract 126; Orange County; Florida,124783.0,Census Tract 126; Orange County; Florida,5523,32,19,13,5491,2766,2725,Census Tract 126; Orange County; Florida,2608,Census Tract 126; Orange County; Florida,2407,1733,674,Census Tract 126; Orange County; Florida,2407,1733,104,447,674,56,298,Census Tract 126; Orange County; Florida,2407,1402,1307,95,16,79,1005,550,455
1400000US12095012701,Census Tract 127.01; Orange County; Florida,5607,Census Tract 127.01; Orange County; Florida,102303.0,Census Tract 127.01; Orange County; Florida,5299,887,339,548,4412,2302,2110,Census Tract 127.01; Orange County; Florida,2655,Census Tract 127.01; Orange County; Florida,2424,1622,802,Census Tract 127.01; Orange County; Florida,2424,1622,0,552,802,55,487,Census Tract 127.01; Orange County; Florida,2424,1234,938,296,143,153,1190,747,443
1400000US12095012800,Census Tract 128; Orange County; Florida,3860,Census Tract 128; Orange County; Florida,154886.0,Census Tract 128; Orange County; Florida,3844,140,68,72,3704,1776,1928,Census Tract 128; Orange County; Florida,1717,Census Tract 128; Orange County; Florida,1557,1408,149,Census Tract 128; Orange County; Florida,1557,1408,9,255,149,0,139,Census Tract 128; Orange County; Florida,1557,1215,1100,115,58,57,342,324,18
1400000US12095012900,Census Tract 129; Orange County; Florida,4113,Census Tract 129; Orange County; Florida,108304.0,Census Tract 129; Orange County; Florida,4083,221,149,72,3862,1456,2406,Census Tract 129; Orange County; Florida,2243,Census Tract 129; Orange County; Florida,2021,868,1153,Census Tract 129; Orange County; Florida,2021,868,31,361,1153,87,564,Census Tract 129; Orange County; Florida,2021,923,634,289,24,265,1098,682,416
1400000US12095013201,Census Tract 132.01; Orange County; Florida,4648,Census Tract 132.01; Orange County; Florida,66189.0,Census Tract 132.01; Orange County; Florida,4616,930,360,570,3686,2046,1640,Census Tract 132.01; Orange County; Florida,1648,Census Tract 132.01; Orange County; Florida,1511,1085,426,Census Tract 132.01; Orange County; Florida,1511,1085,40,428,426,95,148,Census Tract 132.01; Orange County; Florida,1511,1099,799,300,96,204,412,241,171
1400000US12095013202,Census Tract 132.02; Orange County; Florida,7224,Census Tract 132.02; Orange County; Florida,59888.0,Census Tract 132.02; Orange County; Florida,7195,737,318,419,6458,3452,3006,Census Tract 132.02; Orange County; Florida,3033,Census Tract 132.02; Orange County; Florida,2849,1124,1725,Census Tract 132.02; Orange County; Florida,2849,1124,0,197,1725,26,580,Census Tract 132.02; Orange County; Florida,2849,1720,1103,617,195,422,1129,841,288
1400000US12095013300,Census Tract 133; Orange County; Florida,6773,Census Tract 133; Orange County; Florida,82054.0,Census Tract 133; Orange County; Florida,6697,1130,508,622,5567,2908,2659,Census Tract 133; Orange County; Florida,2902,Census Tract 133; Orange County; Florida,2660,1449,1211,Census Tract 133; Orange County; Florida,2660,1449,15,374,1211,119,571,Census Tract 133; Orange County; Florida,2660,1725,1270,455,145,310,935,850,85
1400000US12095013402,Census Tract 134.02; Orange County; Florida,3716,Census Tract 134.02; Orange County; Florida,67194.0,Census Tract 134.02; Orange County; Florida,3716,320,111,209,3396,1815,1581,Census Tract 134.02; Orange County; Florida,1512,Census Tract 134.02; Orange County; Florida,1336,993,343,Census Tract 134.02; Orange County; Florida,1336,993,16,315,343,37,138,Census Tract 134.02; Orange County; Florida,1336,1114,697,417,106,311,222,151,71
1400000US12095013403,Census Tract 134.03; Orange County; Florida,3432,Census Tract 134.03; Orange County; Florida,54583.0,Census Tract 134.03; Orange County; Florida,3432,816,348,468,2616,1621,995,Census Tract 134.03; Orange County; Florida,1393,Census Tract 134.03; Orange County; Florida,1292,515,777,Census Tract 134.03; Orange County; Florida,1292,515,7,210,777,177,397,Census Tract 134.03; Orange County; Florida,1292,804,470,334,111,223,488,346,142
1400000US12095013405,Census Tract 134.05; Orange County; Florida,2476,Census Tract 134.05; Orange County; Florida,43288.0,Census Tract 134.05; Orange County; Florida,2476,614,302,312,1862,959,903,Census Tract 134.05; Orange County; Florida,1006,Census Tract 134.05; Orange County; Florida,963,270,693,Census Tract 134.05; Orange County; Florida,963,270,10,192,693,54,349,Census Tract 134.05; Orange County; Florida,963,532,216,316,76,240,431,262,169
1400000US12095013406,Census Tract 134.06; Orange County; Florida,4810,Census Tract 134.06; Orange County; Florida,70948.0,Census Tract 134.06; Orange County; Florida,4810,518,223,295,4292,2644,1648,Census Tract 134.06; Orange County; Florida,1483,Census Tract 134.06; Orange County; Florida,1460,586,874,Census Tract 134.06; Orange County; Florida,1460,586,19,209,874,204,365,Census Tract 134.06; Orange County; Florida,1460,1062,533,529,163,366,398,211,187
1400000US12095013503,Census Tract 135.03; Orange County; Florida,2300,Census Tract 135.03; Orange County; Florida,45386.0,Census Tract 135.03; Orange County; Florida,2300,527,242,285,1773,862,911,Census Tract 135.03; Orange County; Florida,1078,Census Tract 135.03; Orange County; Florida,981,0,981,Census Tract 135.03; Orange County; Florida,981,0,0,0,981,118,617,Census Tract 135.03; Orange County; Florida,981,411,272,139,87,52,570,382,188
1400000US12095013505,Census Tract 135.05; Orange County; Florida,5849,Census Tract 135.05; Orange County; Florida,53190.0,Census Tract 135.05; Orange County; Florida,5849,1162,583,579,4687,1546,3141,Census Tract 135.05; Orange County; Florida,2456,Census Tract 135.05; Orange County; Florida,2010,959,1051,Census Tract 135.05; Orange County; Florida,2010,959,51,399,1051,64,711,Census Tract 135.05; Orange County; Florida,2010,1179,641,538,167,371,831,644,187
1400000US12095013507,Census Tract 135.07; Orange County; Florida,9445,Census Tract 135.07; Orange County; Florida,62196.0,Census Tract 135.07; Orange County; Florida,9445,1976,1001,975,7469,3540,3929,Census Tract 135.07; Orange County; Florida,4189,Census Tract 135.07; Orange County; Florida,3872,347,3525,Census Tract 135.07; Orange County; Florida,3872,347,48,87,3525,122,2017,Census Tract 135.07; Orange County; Florida,3872,2370,981,1389,219,1170,1502,1028,474
1400000US12095013510,Census Tract 135.10; Orange County; Florida,2403,Census Tract 135.10; Orange County; Florida,58125.0,Census Tract 135.10; Orange County; Florida,2403,420,172,248,1983,934,1049,Census Tract 135.10; Orange County; Florida,1167,Census Tract 135.10; Orange County; Florida,1063,138,925,Census Tract 135.10; Orange County; Florida,1063,138,11,63,925,70,546,Census Tract 135.10; Orange County; Florida,1063,486,268,218,26,192,577,432,145
1400000US12095013511,Census Tract 135.11; Orange County; Florida,6241,Census Tract 135.11; Orange County; Florida,55280.0,Census Tract 135.11; Orange County; Florida,6241,1086,214,872,5155,2512,2643,Census Tract 135.11; Orange County; Florida,2535,Census Tract 135.11; Orange County; Florida,2331,1623,708,Census Tract 135.11; Orange County; Florida,2331,1623,97,530,708,161,335,Census Tract 135.11; Orange County; Florida,2331,1467,833,634,108,526,864,634,230
1400000US12095013512,Census Tract 135.12; Orange County; Florida,5037,Census Tract 135.12; Orange County; Florida,49500.0,Census Tract 135.12; Orange County; Florida,5037,975,404,571,4062,2069,1993,Census Tract 135.12; Orange County; Florida,1950,Census Tract 135.12; Orange County; Florida,1940,554,1386,Census Tract 135.12; Orange County; Florida,1940,554,0,128,1386,265,744,Census Tract 135.12; Orange County; Florida,1940,1415,573,842,37,805,525,421,104
1400000US12095013513,Census Tract 135.13; Orange County; Florida,4490,Census Tract 135.13; Orange County; Florida,45598.0,Census Tract 135.13; Orange County; Florida,4490,830,347,483,3660,1793,1867,Census Tract 135.13; Orange County; Florida,2270,Census Tract 135.13; Orange County; Florida,2034,722,1312,Census Tract 135.13; Orange County; Florida,2034,722,46,476,1312,33,638,Census Tract 135.13; Orange County; Florida,2034,1060,638,422,186,236,974,785,189
1400000US12095013603,Census Tract 136.03; Orange County; Florida,4553,Census Tract 136.03; Orange County; Florida,54112.0,Census Tract 136.03; Orange County; Florida,4439,832,307,525,3607,1463,2144,Census Tract 136.03; Orange County; Florida,2257,Census Tract 136.03; Orange County; Florida,1999,1264,735,Census Tract 136.03; Orange County; Florida,1999,1264,84,667,735,110,314,Census Tract 136.03; Orange County; Florida,1999,1187,788,399,149,250,812,694,118
1400000US12095013604,Census Tract 136.04; Orange County; Florida,6722,Census Tract 136.04; Orange County; Florida,54356.0,Census Tract 136.04; Orange County; Florida,6722,1443,522,921,5279,2909,2370,Census Tract 136.04; Orange County; Florida,3213,Census Tract 136.04; Orange County; Florida,2957,1434,1523,Census Tract 136.04; Orange County; Florida,2957,1434,15,510,1523,21,1075,Census Tract 136.04; Orange County; Florida,2957,1704,1063,641,207,434,1253,1090,163
1400000US12095013605,Census Tract 136.05; Orange County; Florida,3746,Census Tract 136.05; Orange County; Florida,64976.0,Census Tract 136.05; Orange County; Florida,3706,790,297,493,2916,1503,1413,Census Tract 136.05; Orange County; Florida,1660,Census Tract 136.05; Orange County; Florida,1521,691,830,Census Tract 136.05; Orange County; Florida,1521,691,0,163,830,216,431,Census Tract 136.05; Orange County; Florida,1521,970,479,491,103,388,551,387,164
1400000US12095013606,Census Tract 136.06; Orange County; Florida,4119,Census Tract 136.06; Orange County; Florida,68750.0,Census Tract 136.06; Orange County; Florida,4119,997,447,550,3122,1559,1563,Census Tract 136.06; Orange County; Florida,1587,Census Tract 136.06; Orange County; Florida,1460,712,748,Census Tract 136.06; Orange County; Florida,1460,712,5,185,748,70,332,Census Tract 136.06; Orange County; Florida,1460,1123,688,435,126,309,337,267,70
1400000US12095013607,Census Tract 136.07; Orange County; Florida,5348,Census Tract 136.07; Orange County; Florida,70275.0,Census Tract 136.07; Orange County; Florida,5348,555,244,311,4793,2491,2302,Census Tract 136.07; Orange County; Florida,2133,Census Tract 136.07; Orange County; Florida,2029,1642,387,Census Tract 136.07; Orange County; Florida,2029,1642,42,435,387,0,111,Census Tract 136.07; Orange County; Florida,2029,1496,1186,310,147,163,533,390,143
1400000US12095013701,Census Tract 137.01; Orange County; Florida,4050,Census Tract 137.01; Orange County; Florida,61677.0,Census Tract 137.01; Orange County; Florida,4040,872,375,497,3168,1624,1544,Census Tract 137.01; Orange County; Florida,2332,Census Tract 137.01; Orange County; Florida,2141,556,1585,Census Tract 137.01; Orange County; Florida,2141,556,0,220,1585,151,1207,Census Tract 137.01; Orange County; Florida,2141,1023,440,583,177,406,1118,819,299
1400000US12095013702,Census Tract 137.02; Orange County; Florida,5533,Census Tract 137.02; Orange County; Florida,56148.0,Census Tract 137.02; Orange County; Florida,5533,448,86,362,5085,2714,2371,Census Tract 137.02; Orange County; Florida,2447,Census Tract 137.02; Orange County; Florida,2233,944,1289,Census Tract 137.02; Orange County; Florida,2233,944,46,329,1289,323,786,Census Tract 137.02; Orange County; Florida,2233,1319,866,453,124,329,914,737,177
1400000US12095013801,Census Tract 138.01; Orange County; Florida,2247,Census Tract 138.01; Orange County; Florida,110000.0,Census Tract 138.01; Orange County; Florida,2167,135,52,83,2032,970,1062,Census Tract 138.01; Orange County; Florida,1193,Census Tract 138.01; Orange County; Florida,1016,725,291,Census Tract 138.01; Orange County; Florida,1016,725,15,135,291,30,140,Census Tract 138.01; Orange County; Florida,1016,679,583,96,31,65,337,239,98
1400000US12095013802,Census Tract 138.02; Orange County; Florida,2450,Census Tract 138.02; Orange County; Florida,71250.0,Census Tract 138.02; Orange County; Florida,2431,200,144,56,2231,1091,1140,Census Tract 138.02; Orange County; Florida,1104,Census Tract 138.02; Orange County; Florida,1054,958,96,Census Tract 138.02; Orange County; Florida,1054,958,0,359,96,8,53,Census Tract 138.02; Orange County; Florida,1054,686,565,121,37,84,368,306,62
1400000US12095013803,Census Tract 138.03; Orange County; Florida,2992,Census Tract 138.03; Orange County; Florida,75762.0,Census Tract 138.03; Orange County; Florida,2992,383,117,266,2609,1181,1428,Census Tract 138.03; Orange County; Florida,1155,Census Tract 138.03; Orange County; Florida,1155,713,442,Census Tract 138.03; Orange County; Florida,1155,713,0,135,442,27,275,Census Tract 138.03; Orange County; Florida,1155,828,399,429,103,326,327,296,31
1400000US12095013900,Census Tract 139; Orange County; Florida,4746,Census Tract 139; Orange County; Florida,93256.0,Census Tract 139; Orange County; Florida,4746,401,163,238,4345,1949,2396,Census Tract 139; Orange County; Florida,2222,Census Tract 139; Orange County; Florida,2086,1370,716,Census Tract 139; Orange County; Florida,2086,1370,46,448,716,21,264,Census Tract 139; Orange County; Florida,2086,1200,785,415,134,281,886,694,192
1400000US12095014000,Census Tract 140; Orange County; Florida,6420,Census Tract 140; Orange County; Florida,115417.0,Census Tract 140; Orange County; Florida,6420,446,127,319,5974,3064,2910,Census Tract 140; Orange County; Florida,2792,Census Tract 140; Orange County; Florida,2710,2367,343,Census Tract 140; Orange County; Florida,2710,2367,14,846,343,0,264,Census Tract 140; Orange County; Florida,2710,1994,1467,527,116,411,716,608,108
1400000US12095014100,Census Tract 141; Orange County; Florida,6153,Census Tract 141; Orange County; Florida,88675.0,Census Tract 141; Orange County; Florida,6136,620,378,242,5516,2734,2782,Census Tract 141; Orange County; Florida,2591,Census Tract 141; Orange County; Florida,2553,2192,361,Census Tract 141; Orange County; Florida,2553,2192,196,502,361,61,156,Census Tract 141; Orange County; Florida,2553,1533,1268,265,38,227,1020,859,161
1400000US12095014201,Census Tract 142.01; Orange County; Florida,6711,Census Tract 142.01; Orange County; Florida,69934.0,Census Tract 142.01; Orange County; Florida,6711,820,424,396,5891,3014,2877,Census Tract 142.01; Orange County; Florida,2051,Census Tract 142.01; Orange County; Florida,1960,1223,737,Census Tract 142.01; Orange County; Florida,1960,1223,17,231,737,56,235,Census Tract 142.01; Orange County; Florida,1960,1393,792,601,176,425,567,370,197
1400000US12095014202,Census Tract 142.02; Orange County; Florida,4580,Census Tract 142.02; Orange County; Florida,50000.0,Census Tract 142.02; Orange County; Florida,4580,644,163,481,3936,1942,1994,Census Tract 142.02; Orange County; Florida,1747,Census Tract 142.02; Orange County; Florida,1608,670,938,Census Tract 142.02; Orange County; Florida,1608,670,0,240,938,47,446,Census Tract 142.02; Orange County; Florida,1608,1146,545,601,157,444,462,360,102
1400000US12095014301,Census Tract 143.01; Orange County; Florida,4063,Census Tract 143.01; Orange County; Florida,67827.0,Census Tract 143.01; Orange County; Florida,4063,593,330,263,3470,1627,1843,Census Tract 143.01; Orange County; Florida,1875,Census Tract 143.01; Orange County; Florida,1587,1114,473,Census Tract 143.01; Orange County; Florida,1587,1114,25,303,473,14,315,Census Tract 143.01; Orange County; Florida,1587,887,626,261,67,194,700,422,278
1400000US12095014302,Census Tract 143.02; Orange County; Florida,5839,Census Tract 143.02; Orange County; Florida,50240.0,Census Tract 143.02; Orange County; Florida,5804,1554,631,923,4250,2585,1665,Census Tract 143.02; Orange County; Florida,1909,Census Tract 143.02; Orange County; Florida,1524,586,938,Census Tract 143.02; Orange County; Florida,1524,586,0,228,938,215,340,Census Tract 143.02; Orange County; Florida,1524,1263,544,719,223,496,261,169,92
1400000US12095014400,Census Tract 144; Orange County; Florida,3037,Census Tract 144; Orange County; Florida,89521.0,Census Tract 144; Orange County; Florida,2666,194,100,94,2472,1414,1058,Census Tract 144; Orange County; Florida,1458,Census Tract 144; Orange County; Florida,1222,993,229,Census Tract 144; Orange County; Florida,1222,993,10,175,229,95,95,Census Tract 144; Orange County; Florida,1222,742,563,179,100,79,480,356,124
1400000US12095014502,Census Tract 145.02; Orange County; Florida,5413,Census Tract 145.02; Orange County; Florida,41172.0,Census Tract 145.02; Orange County; Florida,5393,1667,715,952,3726,1608,2118,Census Tract 145.02; Orange County; Florida,2678,Census Tract 145.02; Orange County; Florida,2063,385,1678,Census Tract 145.02; Orange County; Florida,2063,385,52,269,1678,621,858,Census Tract 145.02; Orange County; Florida,2063,987,458,529,152,377,1076,921,155
1400000US12095014503,Census Tract 145.03; Orange County; Florida,5395,Census Tract 145.03; Orange County; Florida,28851.0,Census Tract 145.03; Orange County; Florida,2745,589,199,390,2156,1155,1001,Census Tract 145.03; Orange County; Florida,2234,Census Tract 145.03; Orange County; Florida,1744,705,1039,Census Tract 145.03; Orange County; Florida,1744,705,11,339,1039,470,334,Census Tract 145.03; Orange County; Florida,1744,498,204,294,86,208,1246,1218,28
1400000US12095014504,Census Tract 145.04; Orange County; Florida,6641,Census Tract 145.04; Orange County; Florida,58843.0,Census Tract 145.04; Orange County; Florida,6615,1472,625,847,5143,2578,2565,Census Tract 145.04; Orange County; Florida,3730,Census Tract 145.04; Orange County; Florida,2862,344,2518,Census Tract 145.04; Orange County; Florida,2862,344,20,184,2518,9,1119,Census Tract 145.04; Orange County; Florida,2862,1538,911,627,166,461,1324,912,412
1400000US12095014601,Census Tract 146.01; Orange County; Florida,7662,Census Tract 146.01; Orange County; Florida,40798.0,Census Tract 146.01; Orange County; Florida,7662,1899,787,1112,5763,2607,3156,Census Tract 146.01; Orange County; Florida,2945,Census Tract 146.01; Orange County; Florida,2527,825,1702,Census Tract 146.01; Orange County; Florida,2527,825,93,450,1702,273,996,Census Tract 146.01; Orange County; Florida,2527,1815,720,1095,232,863,712,682,30
1400000US12095014605,Census Tract 146.05; Orange County; Florida,3892,Census Tract 146.05; Orange County; Florida,53272.0,Census Tract 146.05; Orange County; Florida,3892,512,174,338,3380,1681,1699,Census Tract 146.05; Orange County; Florida,1622,Census Tract 146.05; Orange County; Florida,1201,845,356,Census Tract 146.05; Orange County; Florida,1201,845,44,327,356,59,72,Census Tract 146.05; Orange County; Florida,1201,916,362,554,99,455,285,222,63
1400000US12095014606,Census Tract 146.06; Orange County; Florida,9778,Census Tract 146.06; Orange County; Florida,59118.0,Census Tract 146.06; Orange County; Florida,9638,2100,902,1198,7538,4063,3475,Census Tract 146.06; Orange County; Florida,3822,Census Tract 146.06; Orange County; Florida,3296,405,2891,Census Tract 146.06; Orange County; Florida,3296,405,56,205,2891,169,1571,Census Tract 146.06; Orange County; Florida,3296,2501,1085,1416,431,985,795,676,119
1400000US12095014607,Census Tract 146.07; Orange County; Florida,6061,Census Tract 146.07; Orange County; Florida,55642.0,Census Tract 146.07; Orange County; Florida,6061,520,255,265,5541,2706,2835,Census Tract 146.07; Orange County; Florida,3638,Census Tract 146.07; Orange County; Florida,2823,915,1908,Census Tract 146.07; Orange County; Florida,2823,915,0,348,1908,226,1246,Census Tract 146.07; Orange County; Florida,2823,1488,753,735,184,551,1335,1003,332
1400000US12095014608,Census Tract 146.08; Orange County; Florida,4835,Census Tract 146.08; Orange County; Florida,43313.0,Census Tract 146.08; Orange County; Florida,4835,1211,698,513,3624,1726,1898,Census Tract 146.08; Orange County; Florida,2086,Census Tract 146.08; Orange County; Florida,1719,730,989,Census Tract 146.08; Orange County; Florida,1719,730,192,204,989,128,538,Census Tract 146.08; Orange County; Florida,1719,1149,643,506,161,345,570,384,186
1400000US12095014609,Census Tract 146.09; Orange County; Florida,5940,Census Tract 146.09; Orange County; Florida,61110.0,Census Tract 146.09; Orange County; Florida,5911,563,246,317,5348,2883,2465,Census Tract 146.09; Orange County; Florida,2547,Census Tract 146.09; Orange County; Florida,1933,337,1596,Census Tract 146.09; Orange County; Florida,1933,337,65,70,1596,64,758,Census Tract 146.09; Orange County; Florida,1933,1153,704,449,37,412,780,526,254
1400000US12095014701,Census Tract 147.01; Orange County; Florida,5271,Census Tract 147.01; Orange County; Florida,46727.0,Census Tract 147.01; Orange County; Florida,5231,744,320,424,4487,2369,2118,Census Tract 147.01; Orange County; Florida,2189,Census Tract 147.01; Orange County; Florida,1922,1036,886,Census Tract 147.01; Orange County; Florida,1922,1036,8,327,886,84,526,Census Tract 147.01; Orange County; Florida,1922,1191,688,503,67,436,731,636,95
1400000US12095014702,Census Tract 147.02; Orange County; Florida,5960,Census Tract 147.02; Orange County; Florida,51444.0,Census Tract 147.02; Orange County; Florida,5901,965,229,736,4936,2131,2805,Census Tract 147.02; Orange County; Florida,2818,Census Tract 147.02; Orange County; Florida,2467,942,1525,Census Tract 147.02; Orange County; Florida,2467,942,0,469,1525,50,746,Census Tract 147.02; Orange County; Florida,2467,1281,860,421,39,382,1186,940,246
1400000US12095014703,Census Tract 147.03; Orange County; Florida,2148,Census Tract 147.03; Orange County; Florida,61296.0,Census Tract 147.03; Orange County; Florida,2148,252,155,97,1896,939,957,Census Tract 147.03; Orange County; Florida,1122,Census Tract 147.03; Orange County; Florida,916,209,707,Census Tract 147.03; Orange County; Florida,916,209,0,113,707,3,458,Census Tract 147.03; Orange County; Florida,916,619,324,295,65,230,297,255,42
1400000US12095014705,Census Tract 147.05; Orange County; Florida,9194,Census Tract 147.05; Orange County; Florida,71857.0,Census Tract 147.05; Orange County; Florida,9159,1105,606,499,8054,3752,4302,Census Tract 147.05; Orange County; Florida,3665,Census Tract 147.05; Orange County; Florida,3316,973,2343,Census Tract 147.05; Orange County; Florida,3316,973,0,683,2343,307,945,Census Tract 147.05; Orange County; Florida,3316,2044,1268,776,340,436,1272,723,549
1400000US12095014706,Census Tract 147.06; Orange County; Florida,5879,Census Tract 147.06; Orange County; Florida,78204.0,Census Tract 147.06; Orange County; Florida,5879,1351,723,628,4528,1960,2568,Census Tract 147.06; Orange County; Florida,2766,Census Tract 147.06; Orange County; Florida,2600,70,2530,Census Tract 147.06; Orange County; Florida,2600,70,0,14,2530,173,1390,Census Tract 147.06; Orange County; Florida,2600,1289,973,316,150,166,1311,902,409
1400000US12095014804,Census Tract 148.04; Orange County; Florida,5666,Census Tract 148.04; Orange County; Florida,55103.0,Census Tract 148.04; Orange County; Florida,5583,467,288,179,5116,2517,2599,Census Tract 148.04; Orange County; Florida,2256,Census Tract 148.04; Orange County; Florida,2109,880,1229,Census Tract 148.04; Orange County; Florida,2109,880,0,203,1229,311,542,Census Tract 148.04; Orange County; Florida,2109,1471,1198,273,81,192,638,593,45
1400000US12095014805,Census Tract 148.05; Orange County; Florida,6198,Census Tract 148.05; Orange County; Florida,70844.0,Census Tract 148.05; Orange County; Florida,6197,1350,267,1083,4847,2563,2284,Census Tract 148.05; Orange County; Florida,2307,Census Tract 148.05; Orange County; Florida,2135,881,1254,Census Tract 148.05; Orange County; Florida,2135,881,2,279,1254,226,621,Census Tract 148.05; Orange County; Florida,2135,1342,768,574,115,459,793,638,155
1400000US12095014806,Census Tract 148.06; Orange County; Florida,4852,Census Tract 148.06; Orange County; Florida,110385.0,Census Tract 148.06; Orange County; Florida,4852,262,149,113,4590,2140,2450,Census Tract 148.06; Orange County; Florida,1821,Census Tract 148.06; Orange County; Florida,1748,1320,428,Census Tract 148.06; Orange County; Florida,1748,1320,7,268,428,0,91,Census Tract 148.06; Orange County; Florida,1748,1314,961,353,94,259,434,403,31
1400000US12095014807,Census Tract 148.07; Orange County; Florida,8111,Census Tract 148.07; Orange County; Florida,75208.0,Census Tract 148.07; Orange County; Florida,8059,1057,435,622,7002,3251,3751,Census Tract 148.07; Orange County; Florida,2914,Census Tract 148.07; Orange County; Florida,2867,1866,1001,Census Tract 148.07; Orange County; Florida,2867,1866,31,385,1001,0,489,Census Tract 148.07; Orange County; Florida,2867,2139,1456,683,70,613,728,499,229
1400000US12095014809,Census Tract 148.09; Orange County; Florida,2934,Census Tract 148.09; Orange County; Florida,157361.0,Census Tract 148.09; Orange County; Florida,2924,30,12,18,2894,1520,1374,Census Tract 148.09; Orange County; Florida,1413,Census Tract 148.09; Orange County; Florida,1261,1202,59,Census Tract 148.09; Orange County; Florida,1261,1202,34,222,59,0,23,Census Tract 148.09; Orange County; Florida,1261,926,861,65,24,41,335,299,36
1400000US12095014810,Census Tract 148.10; Orange County; Florida,6599,Census Tract 148.10; Orange County; Florida,107280.0,Census Tract 148.10; Orange County; Florida,6531,175,133,42,6356,3195,3161,Census Tract 148.10; Orange County; Florida,2129,Census Tract 148.10; Orange County; Florida,2027,1536,491,Census Tract 148.10; Orange County; Florida,2027,1536,0,135,491,11,122,Census Tract 148.10; Orange County; Florida,2027,1716,1482,234,113,121,311,255,56
1400000US12095014811,Census Tract 148.11; Orange County; Florida,4514,Census Tract 148.11; Orange County; Florida,114858.0,Census Tract 148.11; Orange County; Florida,4514,299,124,175,4215,2158,2057,Census Tract 148.11; Orange County; Florida,2143,Census Tract 148.11; Orange County; Florida,1933,1843,90,Census Tract 148.11; Orange County; Florida,1933,1843,32,631,90,0,19,Census Tract 148.11; Orange County; Florida,1933,1271,1091,180,60,120,662,521,141
1400000US12095014812,Census Tract 148.12; Orange County; Florida,6596,Census Tract 148.12; Orange County; Florida,60578.0,Census Tract 148.12; Orange County; Florida,6596,1754,713,1041,4842,2728,2114,Census Tract 148.12; Orange County; Florida,2855,Census Tract 148.12; Orange County; Florida,2477,839,1638,Census Tract 148.12; Orange County; Florida,2477,839,64,195,1638,55,936,Census Tract 148.12; Orange County; Florida,2477,1607,1218,389,124,265,870,616,254
1400000US12095014813,Census Tract 148.13; Orange County; Florida,4422,Census Tract 148.13; Orange County; Florida,99699.0,Census Tract 148.13; Orange County; Florida,4276,814,385,429,3462,1546,1916,Census Tract 148.13; Orange County; Florida,2620,Census Tract 148.13; Orange County; Florida,2025,1087,938,Census Tract 148.13; Orange County; Florida,2025,1087,54,430,938,43,516,Census Tract 148.13; Orange County; Florida,2025,1010,721,289,78,211,1015,828,187
1400000US12095014814,Census Tract 148.14; Orange County; Florida,6131,Census Tract 148.14; Orange County; Florida,124385.0,Census Tract 148.14; Orange County; Florida,6131,216,59,157,5915,3248,2667,Census Tract 148.14; Orange County; Florida,2261,Census Tract 148.14; Orange County; Florida,2079,1460,619,Census Tract 148.14; Orange County; Florida,2079,1460,9,205,619,15,233,Census Tract 148.14; Orange County; Florida,2079,1685,1450,235,92,143,394,272,122
1400000US12095014815,Census Tract 148.15; Orange County; Florida,5533,Census Tract 148.15; Orange County; Florida,198920.0,Census Tract 148.15; Orange County; Florida,5533,61,11,50,5472,2395,3077,Census Tract 148.15; Orange County; Florida,1742,Census Tract 148.15; Orange County; Florida,1705,1650,55,Census Tract 148.15; Orange County; Florida,1705,1650,75,214,55,0,9,Census Tract 148.15; Orange County; Florida,1705,1583,1344,239,99,140,122,104,18
1400000US12095014904,Census Tract 149.04; Orange County; Florida,7574,Census Tract 149.04; Orange County; Florida,54259.0,Census Tract 149.04; Orange County; Florida,7574,1539,605,934,6035,2421,3614,Census Tract 149.04; Orange County; Florida,2617,Census Tract 149.04; Orange County; Florida,2466,303,2163,Census Tract 149.04; Orange County; Florida,2466,303,0,128,2163,301,1107,Census Tract 149.04; Orange County; Florida,2466,1800,785,1015,313,702,666,591,75
1400000US12095014906,Census Tract 149.06; Orange County; Florida,6888,Census Tract 149.06; Orange County; Florida,69464.0,Census Tract 149.06; Orange County; Florida,6587,1022,509,513,5565,2679,2886,Census Tract 149.06; Orange County; Florida,2375,Census Tract 149.06; Orange County; Florida,2368,1786,582,Census Tract 149.06; Orange County; Florida,2368,1786,28,520,582,50,203,Census Tract 149.06; Orange County; Florida,2368,1687,1428,259,22,237,681,396,285
1400000US12095014908,Census Tract 149.08; Orange County; Florida,7611,Census Tract 149.08; Orange County; Florida,44641.0,Census Tract 149.08; Orange County; Florida,7526,1116,167,949,6410,3333,3077,Census Tract 149.08; Orange County; Florida,2279,Census Tract 149.08; Orange County; Florida,2197,1654,543,Census Tract 149.08; Orange County; Florida,2197,1654,194,391,543,82,145,Census Tract 149.08; Orange County; Florida,2197,1579,865,714,91,623,618,517,101
1400000US12095014909,Census Tract 149.09; Orange County; Florida,3742,Census Tract 149.09; Orange County; Florida,98203.0,Census Tract 149.09; Orange County; Florida,3681,345,150,195,3336,1660,1676,Census Tract 149.09; Orange County; Florida,1011,Census Tract 149.09; Orange County; Florida,995,899,96,Census Tract 149.09; Orange County; Florida,995,899,37,205,96,0,24,Census Tract 149.09; Orange County; Florida,995,802,545,257,54,203,193,153,40
1400000US12095015001,Census Tract 150.01; Orange County; Florida,1950,Census Tract 150.01; Orange County; Florida,92963.0,Census Tract 150.01; Orange County; Florida,1950,368,205,163,1582,903,679,Census Tract 150.01; Orange County; Florida,474,Census Tract 150.01; Orange County; Florida,446,280,166,Census Tract 150.01; Orange County; Florida,446,280,0,50,166,85,32,Census Tract 150.01; Orange County; Florida,446,393,229,164,86,78,53,38,15
1400000US12095015002,Census Tract 150.02; Orange County; Florida,6758,Census Tract 150.02; Orange County; Florida,101250.0,Census Tract 150.02; Orange County; Florida,6758,1043,519,524,5715,2838,2877,Census Tract 150.02; Orange County; Florida,2284,Census Tract 150.02; Orange County; Florida,2060,1758,302,Census Tract 150.02; Orange County; Florida,2060,1758,64,398,302,37,130,Census Tract 150.02; Orange County; Florida,2060,1588,1081,507,173,334,472,288,184
1400000US12095015003,Census Tract 150.03; Orange County; Florida,7374,Census Tract 150.03; Orange County; Florida,87956.0,Census Tract 150.03; Orange County; Florida,7211,1193,647,546,6018,3555,2463,Census Tract 150.03; Orange County; Florida,2088,Census Tract 150.03; Orange County; Florida,2063,1370,693,Census Tract 150.03; Orange County; Florida,2063,1370,17,376,693,0,368,Census Tract 150.03; Orange County; Florida,2063,1695,1067,628,421,207,368,200,168
1400000US12095015005,Census Tract 150.05; Orange County; Florida,3155,Census Tract 150.05; Orange County; Florida,88556.0,Census Tract 150.05; Orange County; Florida,3121,60,35,25,3061,1434,1627,Census Tract 150.05; Orange County; Florida,1162,Census Tract 150.05; Orange County; Florida,1153,1014,139,Census Tract 150.05; Orange County; Florida,1153,1014,46,242,139,12,28,Census Tract 150.05; Orange County; Florida,1153,885,739,146,34,112,268,141,127
1400000US12095015006,Census Tract 150.06; Orange County; Florida,4822,Census Tract 150.06; Orange County; Florida,104531.0,Census Tract 150.06; Orange County; Florida,4822,271,98,173,4551,2206,2345,Census Tract 150.06; Orange County; Florida,1575,Census Tract 150.06; Orange County; Florida,1575,1325,250,Census Tract 150.06; Orange County; Florida,1575,1325,13,258,250,0,56,Census Tract 150.06; Orange County; Florida,1575,1253,983,270,77,193,322,262,60
1400000US12095015103,Census Tract 151.03; Orange County; Florida,6971,Census Tract 151.03; Orange County; Florida,81914.0,Census Tract 151.03; Orange County; Florida,6971,570,247,323,6401,3068,3333,Census Tract 151.03; Orange County; Florida,3041,Census Tract 151.03; Orange County; Florida,2700,1774,926,Census Tract 151.03; Orange County; Florida,2700,1774,81,310,926,205,367,Census Tract 151.03; Orange County; Florida,2700,1873,1324,549,127,422,827,685,142
1400000US12095015104,Census Tract 151.04; Orange County; Florida,6110,Census Tract 151.04; Orange County; Florida,63327.0,Census Tract 151.04; Orange County; Florida,6092,1576,557,1019,4516,1949,2567,Census Tract 151.04; Orange County; Florida,2110,Census Tract 151.04; Orange County; Florida,1957,1333,624,Census Tract 151.04; Orange County; Florida,1957,1333,100,524,624,91,295,Census Tract 151.04; Orange County; Florida,1957,1314,632,682,166,516,643,564,79
1400000US12095015105,Census Tract 151.05; Orange County; Florida,4435,Census Tract 151.05; Orange County; Florida,79554.0,Census Tract 151.05; Orange County; Florida,4435,579,308,271,3856,1733,2123,Census Tract 151.05; Orange County; Florida,1360,Census Tract 151.05; Orange County; Florida,1331,1000,331,Census Tract 151.05; Orange County; Florida,1331,1000,10,183,331,76,76,Census Tract 151.05; Orange County; Florida,1331,1073,847,226,75,151,258,124,134
1400000US12095015106,Census Tract 151.06; Orange County; Florida,7559,Census Tract 151.06; Orange County; Florida,52993.0,Census Tract 151.06; Orange County; Florida,7557,1095,645,450,6462,3480,2982,Census Tract 151.06; Orange County; Florida,2641,Census Tract 151.06; Orange County; Florida,2348,1715,633,Census Tract 151.06; Orange County; Florida,2348,1715,0,592,633,69,394,Census Tract 151.06; Orange County; Florida,2348,1893,1137,756,86,670,455,408,47
1400000US12095015202,Census Tract 152.02; Orange County; Florida,6887,Census Tract 152.02; Orange County; Florida,43610.0,Census Tract 152.02; Orange County; Florida,6801,1188,585,603,5613,2375,3238,Census Tract 152.02; Orange County; Florida,2589,Census Tract 152.02; Orange County; Florida,2357,865,1492,Census Tract 152.02; Orange County; Florida,2357,865,22,233,1492,260,841,Census Tract 152.02; Orange County; Florida,2357,1477,741,736,87,649,880,731,149
1400000US12095015203,Census Tract 152.03; Orange County; Florida,2897,Census Tract 152.03; Orange County; Florida,71638.0,Census Tract 152.03; Orange County; Florida,2897,311,156,155,2586,1112,1474,Census Tract 152.03; Orange County; Florida,1725,Census Tract 152.03; Orange County; Florida,1526,165,1361,Census Tract 152.03; Orange County; Florida,1526,165,12,87,1361,14,738,Census Tract 152.03; Orange County; Florida,1526,649,411,238,58,180,877,600,277
1400000US12095015204,Census Tract 152.04; Orange County; Florida,5986,Census Tract 152.04; Orange County; Florida,70784.0,Census Tract 152.04; Orange County; Florida,5914,1059,381,678,4855,2415,2440,Census Tract 152.04; Orange County; Florida,2920,Census Tract 152.04; Orange County; Florida,2630,897,1733,Census Tract 152.04; Orange County; Florida,2630,897,12,385,1733,85,711,Census Tract 152.04; Orange County; Florida,2630,1151,698,453,49,404,1479,927,552
1400000US12095015300,Census Tract 153; Orange County; Florida,3678,Census Tract 153; Orange County; Florida,98359.0,Census Tract 153; Orange County; Florida,3457,266,102,164,3191,1572,1619,Census Tract 153; Orange County; Florida,1812,Census Tract 153; Orange County; Florida,1584,1180,404,Census Tract 153; Orange County; Florida,1584,1180,5,415,404,35,272,Census Tract 153; Orange County; Florida,1584,808,604,204,46,158,776,627,149
1400000US12095015501,Census Tract 155.01; Orange County; Florida,6127,Census Tract 155.01; Orange County; Florida,96404.0,Census Tract 155.01; Orange County; Florida,6045,505,295,210,5540,2764,2776,Census Tract 155.01; Orange County; Florida,3563,Census Tract 155.01; Orange County; Florida,2970,1325,1645,Census Tract 155.01; Orange County; Florida,2970,1325,0,456,1645,69,791,Census Tract 155.01; Orange County; Florida,2970,1594,1262,332,10,322,1376,996,380
1400000US12095015601,Census Tract 156.01; Orange County; Florida,2481,Census Tract 156.01; Orange County; Florida,123625.0,Census Tract 156.01; Orange County; Florida,2481,70,39,31,2411,1214,1197,Census Tract 156.01; Orange County; Florida,1059,Census Tract 156.01; Orange County; Florida,1059,741,318,Census Tract 156.01; Orange County; Florida,1059,741,0,87,318,38,212,Census Tract 156.01; Orange County; Florida,1059,726,646,80,11,69,333,265,68
1400000US12095015602,Census Tract 156.02; Orange County; Florida,2073,Census Tract 156.02; Orange County; Florida,198409.0,Census Tract 156.02; Orange County; Florida,2073,62,29,33,2011,983,1028,Census Tract 156.02; Orange County; Florida,753,Census Tract 156.02; Orange County; Florida,714,685,29,Census Tract 156.02; Orange County; Florida,714,685,0,91,29,0,16,Census Tract 156.02; Orange County; Florida,714,591,544,47,8,39,123,81,42
1400000US12095015701,Census Tract 157.01; Orange County; Florida,2211,Census Tract 157.01; Orange County; Florida,129167.0,Census Tract 157.01; Orange County; Florida,2194,174,143,31,2020,972,1048,Census Tract 157.01; Orange County; Florida,1065,Census Tract 157.01; Orange County; Florida,1006,690,316,Census Tract 157.01; Orange County; Florida,1006,690,8,283,316,9,151,Census Tract 157.01; Orange County; Florida,1006,510,402,108,78,30,496,386,110
1400000US12095015702,Census Tract 157.02; Orange County; Florida,1520,Census Tract 157.02; Orange County; Florida,151875.0,Census Tract 157.02; Orange County; Florida,1520,57,22,35,1463,715,748,Census Tract 157.02; Orange County; Florida,676,Census Tract 157.02; Orange County; Florida,605,506,99,Census Tract 157.02; Orange County; Florida,605,506,12,206,99,5,34,Census Tract 157.02; Orange County; Florida,605,417,341,76,36,40,188,149,39
1400000US12095015801,Census Tract 158.01; Orange County; Florida,1876,Census Tract 158.01; Orange County; Florida,237446.0,Census Tract 158.01; Orange County; Florida,1842,11,2,9,1831,813,1018,Census Tract 158.01; Orange County; Florida,710,Census Tract 158.01; Orange County; Florida,665,642,23,Census Tract 158.01; Orange County; Florida,665,642,9,82,23,0,13,Census Tract 158.01; Orange County; Florida,665,526,488,38,26,12,139,116,23
1400000US12095015802,Census Tract 158.02; Orange County; Florida,2822,Census Tract 158.02; Orange County; Florida,205455.0,Census Tract 158.02; Orange County; Florida,2822,78,30,48,2744,1474,1270,Census Tract 158.02; Orange County; Florida,1027,Census Tract 158.02; Orange County; Florida,1004,965,39,Census Tract 158.02; Orange County; Florida,1004,965,6,192,39,0,31,Census Tract 158.02; Orange County; Florida,1004,807,693,114,47,67,197,140,57
1400000US12095015901,Census Tract 159.01; Orange County; Florida,2460,Census Tract 159.01; Orange County; Florida,64291.0,Census Tract 159.01; Orange County; Florida,2419,552,89,463,1867,746,1121,Census Tract 159.01; Orange County; Florida,1488,Census Tract 159.01; Orange County; Florida,1345,465,880,Census Tract 159.01; Orange County; Florida,1345,465,25,137,880,299,411,Census Tract 159.01; Orange County; Florida,1345,344,223,121,23,98,1001,773,228
1400000US12095016001,Census Tract 160.01; Orange County; Florida,2583,Census Tract 160.01; Orange County; Florida,77596.0,Census Tract 160.01; Orange County; Florida,1034,101,48,53,933,421,512,Census Tract 160.01; Orange County; Florida,707,Census Tract 160.01; Orange County; Florida,641,471,170,Census Tract 160.01; Orange County; Florida,641,471,25,215,170,20,101,Census Tract 160.01; Orange County; Florida,641,296,272,24,0,24,345,292,53
1400000US12095016002,Census Tract 160.02; Orange County; Florida,2510,Census Tract 160.02; Orange County; Florida,199853.0,Census Tract 160.02; Orange County; Florida,2510,120,87,33,2390,1126,1264,Census Tract 160.02; Orange County; Florida,1135,Census Tract 160.02; Orange County; Florida,994,968,26,Census Tract 160.02; Orange County; Florida,994,968,11,145,26,0,0,Census Tract 160.02; Orange County; Florida,994,765,638,127,12,115,229,153,76
1400000US12095016100,Census Tract 161; Orange County; Florida,5035,Census Tract 161; Orange County; Florida,133438.0,Census Tract 161; Orange County; Florida,4816,536,91,445,4280,2280,2000,Census Tract 161; Orange County; Florida,2280,Census Tract 161; Orange County; Florida,2086,1551,535,Census Tract 161; Orange County; Florida,2086,1551,41,467,535,53,342,Census Tract 161; Orange County; Florida,2086,1181,1069,112,45,67,905,689,216
1400000US12095016200,Census Tract 162; Orange County; Florida,6862,Census Tract 162; Orange County; Florida,81066.0,Census Tract 162; Orange County; Florida,6724,1023,454,569,5701,2799,2902,Census Tract 162; Orange County; Florida,3206,Census Tract 162; Orange County; Florida,2997,1815,1182,Census Tract 162; Orange County; Florida,2997,1815,38,648,1182,133,703,Census Tract 162; Orange County; Florida,2997,1479,1296,183,37,146,1518,1126,392
1400000US12095016301,Census Tract 163.01; Orange County; Florida,5487,Census Tract 163.01; Orange County; Florida,54205.0,Census Tract 163.01; Orange County; Florida,5287,986,433,553,4301,2063,2238,Census Tract 163.01; Orange County; Florida,2946,Census Tract 163.01; Orange County; Florida,2540,993,1547,Census Tract 163.01; Orange County; Florida,2540,993,47,465,1547,472,587,Census Tract 163.01; Orange County; Florida,2540,1064,760,304,104,200,1476,1187,289
1400000US12095016302,Census Tract 163.02; Orange County; Florida,4067,Census Tract 163.02; Orange County; Florida,55234.0,Census Tract 163.02; Orange County; Florida,4067,781,376,405,3286,1600,1686,Census Tract 163.02; Orange County; Florida,1838,Census Tract 163.02; Orange County; Florida,1761,372,1389,Census Tract 163.02; Orange County; Florida,1761,372,18,140,1389,139,835,Census Tract 163.02; Orange County; Florida,1761,840,340,500,84,416,921,626,295
1400000US12095016402,Census Tract 164.02; Orange County; Florida,2796,Census Tract 164.02; Orange County; Florida,58464.0,Census Tract 164.02; Orange County; Florida,2763,252,70,182,2511,1268,1243,Census Tract 164.02; Orange County; Florida,1112,Census Tract 164.02; Orange County; Florida,1021,309,712,Census Tract 164.02; Orange County; Florida,1021,309,0,54,712,31,540,Census Tract 164.02; Orange County; Florida,1021,527,263,264,61,203,494,335,159
1400000US12095016406,Census Tract 164.06; Orange County; Florida,1690,Census Tract 164.06; Orange County; Florida,57143.0,Census Tract 164.06; Orange County; Florida,1690,482,213,269,1208,581,627,Census Tract 164.06; Orange County; Florida,1104,Census Tract 164.06; Orange County; Florida,882,182,700,Census Tract 164.06; Orange County; Florida,882,182,31,39,700,165,251,Census Tract 164.06; Orange County; Florida,882,249,102,147,47,100,633,308,325
1400000US12095016407,Census Tract 164.07; Orange County; Florida,7461,Census Tract 164.07; Orange County; Florida,58423.0,Census Tract 164.07; Orange County; Florida,7389,1841,929,912,5548,2859,2689,Census Tract 164.07; Orange County; Florida,3292,Census Tract 164.07; Orange County; Florida,3030,696,2334,Census Tract 164.07; Orange County; Florida,3030,696,0,200,2334,227,839,Census Tract 164.07; Orange County; Florida,3030,1521,949,572,210,362,1509,819,690
1400000US12095016408,Census Tract 164.08; Orange County; Florida,2235,Census Tract 164.08; Orange County; Florida,70750.0,Census Tract 164.08; Orange County; Florida,2230,349,160,189,1881,1001,880,Census Tract 164.08; Orange County; Florida,1088,Census Tract 164.08; Orange County; Florida,933,444,489,Census Tract 164.08; Orange County; Florida,933,444,0,117,489,33,282,Census Tract 164.08; Orange County; Florida,933,497,338,159,37,122,436,188,248
1400000US12095016409,Census Tract 164.09; Orange County; Florida,3027,Census Tract 164.09; Orange County; Florida,119821.0,Census Tract 164.09; Orange County; Florida,3020,41,2,39,2979,1537,1442,Census Tract 164.09; Orange County; Florida,1178,Census Tract 164.09; Orange County; Florida,1151,1086,65,Census Tract 164.09; Orange County; Florida,1151,1086,46,217,65,0,32,Census Tract 164.09; Orange County; Florida,1151,812,696,116,13,103,339,278,61
1400000US12095016411,Census Tract 164.11; Orange County; Florida,4715,Census Tract 164.11; Orange County; Florida,81488.0,Census Tract 164.11; Orange County; Florida,4715,390,248,142,4325,2546,1779,Census Tract 164.11; Orange County; Florida,1651,Census Tract 164.11; Orange County; Florida,1424,549,875,Census Tract 164.11; Orange County; Florida,1424,549,7,94,875,0,408,Census Tract 164.11; Orange County; Florida,1424,887,455,432,107,325,537,369,168
1400000US12095016412,Census Tract 164.12; Orange County; Florida,5132,Census Tract 164.12; Orange County; Florida,84086.0,Census Tract 164.12; Orange County; Florida,5132,303,168,135,4829,2335,2494,Census Tract 164.12; Orange County; Florida,1789,Census Tract 164.12; Orange County; Florida,1765,1237,528,Census Tract 164.12; Orange County; Florida,1765,1237,49,333,528,41,164,Census Tract 164.12; Orange County; Florida,1765,1382,983,399,104,295,383,288,95
1400000US12095016413,Census Tract 164.13; Orange County; Florida,4314,Census Tract 164.13; Orange County; Florida,57047.0,Census Tract 164.13; Orange County; Florida,4314,402,161,241,3912,2043,1869,Census Tract 164.13; Orange County; Florida,1823,Census Tract 164.13; Orange County; Florida,1663,1029,634,Census Tract 164.13; Orange County; Florida,1663,1029,20,313,634,191,187,Census Tract 164.13; Orange County; Florida,1663,803,503,300,27,273,860,427,433
1400000US12095016414,Census Tract 164.14; Orange County; Florida,3583,Census Tract 164.14; Orange County; Florida,64648.0,Census Tract 164.14; Orange County; Florida,3583,280,154,126,3303,1471,1832,Census Tract 164.14; Orange County; Florida,1730,Census Tract 164.14; Orange County; Florida,1542,673,869,Census Tract 164.14; Orange County; Florida,1542,673,0,124,869,24,613,Census Tract 164.14; Orange County; Florida,1542,816,536,280,7,273,726,509,217
1400000US12095016503,Census Tract 165.03; Orange County; Florida,7850,Census Tract 165.03; Orange County; Florida,111146.0,Census Tract 165.03; Orange County; Florida,6712,1600,702,898,5112,3108,2004,Census Tract 165.03; Orange County; Florida,2693,Census Tract 165.03; Orange County; Florida,2163,1100,1063,Census Tract 165.03; Orange County; Florida,2163,1100,32,153,1063,115,334,Census Tract 165.03; Orange County; Florida,2163,1274,981,293,112,181,889,330,559
1400000US12095016504,Census Tract 165.04; Orange County; Florida,5087,Census Tract 165.04; Orange County; Florida,50737.0,Census Tract 165.04; Orange County; Florida,4915,1311,556,755,3604,1892,1712,Census Tract 165.04; Orange County; Florida,2027,Census Tract 165.04; Orange County; Florida,1918,966,952,Census Tract 165.04; Orange County; Florida,1918,966,13,223,952,25,538,Census Tract 165.04; Orange County; Florida,1918,1262,919,343,92,251,656,551,105
1400000US12095016505,Census Tract 165.05; Orange County; Florida,2573,Census Tract 165.05; Orange County; Florida,54882.0,Census Tract 165.05; Orange County; Florida,2573,286,140,146,2287,1217,1070,Census Tract 165.05; Orange County; Florida,1250,Census Tract 165.05; Orange County; Florida,1089,513,576,Census Tract 165.05; Orange County; Florida,1089,513,22,233,576,14,216,Census Tract 165.05; Orange County; Florida,1089,661,397,264,131,133,428,273,155
1400000US12095016509,Census Tract 165.09; Orange County; Florida,4548,Census Tract 165.09; Orange County; Florida,58233.0,Census Tract 165.09; Orange County; Florida,4548,849,436,413,3699,1930,1769,Census Tract 165.09; Orange County; Florida,2537,Census Tract 165.09; Orange County; Florida,2302,1684,618,Census Tract 165.09; Orange County; Florida,2302,1684,35,870,618,32,361,Census Tract 165.09; Orange County; Florida,2302,1033,920,113,23,90,1269,978,291
1400000US12095016510,Census Tract 165.10; Orange County; Florida,5319,Census Tract 165.10; Orange County; Florida,24533.0,Census Tract 165.10; Orange County; Florida,2894,1682,647,1035,1212,558,654,Census Tract 165.10; Orange County; Florida,1767,Census Tract 165.10; Orange County; Florida,1344,49,1295,Census Tract 165.10; Orange County; Florida,1344,49,0,39,1295,222,743,Census Tract 165.10; Orange County; Florida,1344,362,85,277,89,188,982,580,402
1400000US12095016511,Census Tract 165.11; Orange County; Florida,5715,Census Tract 165.11; Orange County; Florida,74891.0,Census Tract 165.11; Orange County; Florida,2985,698,228,470,2287,1403,884,Census Tract 165.11; Orange County; Florida,1686,Census Tract 165.11; Orange County; Florida,1410,532,878,Census Tract 165.11; Orange County; Florida,1410,532,0,135,878,91,403,Census Tract 165.11; Orange County; Florida,1410,573,242,331,288,43,837,579,258
1400000US12095016512,Census Tract 165.12; Orange County; Florida,6359,Census Tract 165.12; Orange County; Florida,58553.0,Census Tract 165.12; Orange County; Florida,4104,992,337,655,3112,1589,1523,Census Tract 165.12; Orange County; Florida,2170,Census Tract 165.12; Orange County; Florida,1921,134,1787,Census Tract 165.12; Orange County; Florida,1921,134,4,110,1787,138,570,Census Tract 165.12; Orange County; Florida,1921,755,171,584,429,155,1166,660,506
1400000US12095016513,Census Tract 165.13; Orange County; Florida,4582,Census Tract 165.13; Orange County; Florida,63017.0,Census Tract 165.13; Orange County; Florida,4577,766,396,370,3811,1996,1815,Census Tract 165.13; Orange County; Florida,2025,Census Tract 165.13; Orange County; Florida,1880,1277,603,Census Tract 165.13; Orange County; Florida,1880,1277,54,603,603,0,174,Census Tract 165.13; Orange County; Florida,1880,1205,494,711,133,578,675,473,202
1400000US12095016514,Census Tract 165.14; Orange County; Florida,6764,Census Tract 165.14; Orange County; Florida,117809.0,Census Tract 165.14; Orange County; Florida,6764,719,412,307,6045,2795,3250,Census Tract 165.14; Orange County; Florida,2535,Census Tract 165.14; Orange County; Florida,2383,1620,763,Census Tract 165.14; Orange County; Florida,2383,1620,37,266,763,0,181,Census Tract 165.14; Orange County; Florida,2383,1765,1355,410,68,342,618,341,277
1400000US12095016515,Census Tract 165.15; Orange County; Florida,12624,,,Census Tract 165.15; Orange County; Florida,0,0,0,0,0,0,0,Census Tract 165.15; Orange County; Florida,0,Census Tract 165.15; Orange County; Florida,0,0,0,Census Tract 165.15; Orange County; Florida,0,0,0,0,0,0,0,Census Tract 165.15; Orange County; Florida,0,0,0,0,0,0,0,0,0
1400000US12095016603,Census Tract 166.03; Orange County; Florida,8043,Census Tract 166.03; Orange County; Florida,108942.0,Census Tract 166.03; Orange County; Florida,8025,1850,1059,791,6175,3343,2832,Census Tract 166.03; Orange County; Florida,2531,Census Tract 166.03; Orange County; Florida,2369,2168,201,Census Tract 166.03; Orange County; Florida,2369,2168,60,348,201,12,0,Census Tract 166.03; Orange County; Florida,2369,1993,1667,326,155,171,376,221,155
1400000US12095016604,Census Tract 166.04; Orange County; Florida,4550,Census Tract 166.04; Orange County; Florida,95893.0,Census Tract 166.04; Orange County; Florida,4550,659,371,288,3891,2443,1448,Census Tract 166.04; Orange County; Florida,1857,Census Tract 166.04; Orange County; Florida,1804,1522,282,Census Tract 166.04; Orange County; Florida,1804,1522,14,291,282,0,10,Census Tract 166.04; Orange County; Florida,1804,1456,1248,208,130,78,348,265,83
1400000US12095016605,Census Tract 166.05; Orange County; Florida,1613,Census Tract 166.05; Orange County; Florida,61576.0,Census Tract 166.05; Orange County; Florida,1613,350,206,144,1263,702,561,Census Tract 166.05; Orange County; Florida,648,Census Tract 166.05; Orange County; Florida,539,334,205,Census Tract 166.05; Orange County; Florida,539,334,28,95,205,0,78,Census Tract 166.05; Orange County; Florida,539,428,236,192,12,180,111,95,16
1400000US12095016606,Census Tract 166.06; Orange County; Florida,3110,Census Tract 166.06; Orange County; Florida,151818.0,Census Tract 166.06; Orange County; Florida,3110,157,87,70,2953,1438,1515,Census Tract 166.06; Orange County; Florida,940,Census Tract 166.06; Orange County; Florida,940,895,45,Census Tract 166.06; Orange County; Florida,940,895,0,119,45,0,31,Census Tract 166.06; Orange County; Florida,940,863,810,53,22,31,77,77,0
1400000US12095016607,Census Tract 166.07; Orange County; Florida,6666,Census Tract 166.07; Orange County; Florida,92841.0,Census Tract 166.07; Orange County; Florida,6666,896,561,335,5770,2874,2896,Census Tract 166.07; Orange County; Florida,2404,Census Tract 166.07; Orange County; Florida,2295,1818,477,Census Tract 166.07; Orange County; Florida,2295,1818,36,446,477,0,215,Census Tract 166.07; Orange County; Florida,2295,1814,1282,532,195,337,481,399,82
1400000US12095016709,Census Tract 167.09; Orange County; Florida,6692,Census Tract 167.09; Orange County; Florida,76041.0,Census Tract 167.09; Orange County; Florida,6651,847,271,576,5804,2732,3072,Census Tract 167.09; Orange County; Florida,2463,Census Tract 167.09; Orange County; Florida,2318,1834,484,Census Tract 167.09; Orange County; Florida,2318,1834,50,638,484,66,87,Census Tract 167.09; Orange County; Florida,2318,1817,1398,419,106,313,501,315,186
1400000US12095016710,Census Tract 167.10; Orange County; Florida,4359,Census Tract 167.10; Orange County; Florida,83690.0,Census Tract 167.10; Orange County; Florida,4355,461,244,217,3894,1757,2137,Census Tract 167.10; Orange County; Florida,1559,Census Tract 167.10; Orange County; Florida,1516,1361,155,Census Tract 167.10; Orange County; Florida,1516,1361,21,389,155,12,113,Census Tract 167.10; Orange County; Florida,1516,1172,863,309,56,253,344,319,25
1400000US12095016713,Census Tract 167.13; Orange County; Florida,9102,Census Tract 167.13; Orange County; Florida,61759.0,Census Tract 167.13; Orange County; Florida,8851,2028,1470,558,6823,3428,3395,Census Tract 167.13; Orange County; Florida,3198,Census Tract 167.13; Orange County; Florida,3045,2042,1003,Census Tract 167.13; Orange County; Florida,3045,2042,88,635,1003,62,318,Census Tract 167.13; Orange County; Florida,3045,2175,1410,765,203,562,870,504,366
1400000US12095016714,Census Tract 167.14; Orange County; Florida,3282,Census Tract 167.14; Orange County; Florida,80478.0,Census Tract 167.14; Orange County; Florida,3144,401,303,98,2743,1189,1554,Census Tract 167.14; Orange County; Florida,1061,Census Tract 167.14; Orange County; Florida,991,795,196,Census Tract 167.14; Orange County; Florida,991,795,8,220,196,20,88,Census Tract 167.14; Orange County; Florida,991,691,480,211,47,164,300,198,102
1400000US12095016715,Census Tract 167.15; Orange County; Florida,6719,Census Tract 167.15; Orange County; Florida,81541.0,Census Tract 167.15; Orange County; Florida,6546,889,342,547,5657,3025,2632,Census Tract 167.15; Orange County; Florida,2256,Census Tract 167.15; Orange County; Florida,2093,1303,790,Census Tract 167.15; Orange County; Florida,2093,1303,10,214,790,0,377,Census Tract 167.15; Orange County; Florida,2093,1405,684,721,383,338,688,336,352
1400000US12095016716,Census Tract 167.16; Orange County; Florida,5411,Census Tract 167.16; Orange County; Florida,103226.0,Census Tract 167.16; Orange County; Florida,5411,390,171,219,5021,2415,2606,Census Tract 167.16; Orange County; Florida,1970,Census Tract 167.16; Orange County; Florida,1938,1625,313,Census Tract 167.16; Orange County; Florida,1938,1625,173,443,313,0,83,Census Tract 167.16; Orange County; Florida,1938,1435,1138,297,90,207,503,309,194
1400000US12095016717,Census Tract 167.17; Orange County; Florida,4115,Census Tract 167.17; Orange County; Florida,117083.0,Census Tract 167.17; Orange County; Florida,4115,412,233,179,3703,1777,1926,Census Tract 167.17; Orange County; Florida,1312,Census Tract 167.17; Orange County; Florida,1293,1110,183,Census Tract 167.17; Orange County; Florida,1293,1110,0,198,183,0,41,Census Tract 167.17; Orange County; Florida,1293,1114,645,469,190,279,179,83,96
1400000US12095016723,Census Tract 167.23; Orange County; Florida,5145,Census Tract 167.23; Orange County; Florida,82358.0,Census Tract 167.23; Orange County; Florida,5104,587,220,367,4517,2233,2284,Census Tract 167.23; Orange County; Florida,1700,Census Tract 167.23; Orange County; Florida,1621,1321,300,Census Tract 167.23; Orange County; Florida,1621,1321,9,461,300,0,104,Census Tract 167.23; Orange County; Florida,1621,1298,927,371,162,209,323,263,60
1400000US12095016724,Census Tract 167.24; Orange County; Florida,6734,Census Tract 167.24; Orange County; Florida,61448.0,Census Tract 167.24; Orange County; Florida,6722,1309,706,603,5413,2649,2764,Census Tract 167.24; Orange County; Florida,2459,Census Tract 167.24; Orange County; Florida,2296,727,1569,Census Tract 167.24; Orange County; Florida,2296,727,5,173,1569,209,705,Census Tract 167.24; Orange County; Florida,2296,1520,888,632,233,399,776,475,301
1400000US12095016728,Census Tract 167.28; Orange County; Florida,5237,Census Tract 167.28; Orange County; Florida,115776.0,Census Tract 167.28; Orange County; Florida,5237,412,184,228,4825,2416,2409,Census Tract 167.28; Orange County; Florida,2101,Census Tract 167.28; Orange County; Florida,1920,1644,276,Census Tract 167.28; Orange County; Florida,1920,1644,10,512,276,0,90,Census Tract 167.28; Orange County; Florida,1920,1440,1221,219,66,153,480,421,59
1400000US12095016731,Census Tract 167.31; Orange County; Florida,7932,Census Tract 167.31; Orange County; Florida,96019.0,Census Tract 167.31; Orange County; Florida,5488,221,53,168,5267,2765,2502,Census Tract 167.31; Orange County; Florida,2222,Census Tract 167.31; Orange County; Florida,1988,753,1235,Census Tract 167.31; Orange County; Florida,1988,753,0,173,1235,39,578,Census Tract 167.31; Orange County; Florida,1988,1259,960,299,115,184,729,389,340
1400000US12095016733,Census Tract 167.33; Orange County; Florida,5823,Census Tract 167.33; Orange County; Florida,59379.0,Census Tract 167.33; Orange County; Florida,5801,544,153,391,5257,2567,2690,Census Tract 167.33; Orange County; Florida,2420,Census Tract 167.33; Orange County; Florida,2170,1716,454,Census Tract 167.33; Orange County; Florida,2170,1716,51,786,454,68,42,Census Tract 167.33; Orange County; Florida,2170,1578,1133,445,121,324,592,407,185
1400000US12095016735,Census Tract 167.35; Orange County; Florida,12767,Census Tract 167.35; Orange County; Florida,115538.0,Census Tract 167.35; Orange County; Florida,12767,505,201,304,12262,6006,6256,Census Tract 167.35; Orange County; Florida,4846,Census Tract 167.35; Orange County; Florida,4347,2706,1641,Census Tract 167.35; Orange County; Florida,4347,2706,0,458,1641,0,471,Census Tract 167.35; Orange County; Florida,4347,3659,2615,1044,431,613,688,387,301
1400000US12095016736,Census Tract 167.36; Orange County; Florida,14231,Census Tract 167.36; Orange County; Florida,121250.0,Census Tract 167.36; Orange County; Florida,14220,1185,614,571,13035,6805,6230,Census Tract 167.36; Orange County; Florida,5133,Census Tract 167.36; Orange County; Florida,4976,3283,1693,Census Tract 167.36; Orange County; Florida,4976,3283,171,720,1693,107,831,Census Tract 167.36; Orange County; Florida,4976,3795,3268,527,247,280,1181,881,300
1400000US12095016737,Census Tract 167.37; Orange County; Florida,12795,Census Tract 167.37; Orange County; Florida,118326.0,Census Tract 167.37; Orange County; Florida,12795,725,560,165,12070,6143,5927,Census Tract 167.37; Orange County; Florida,4184,Census Tract 167.37; Orange County; Florida,4057,3052,1005,Census Tract 167.37; Orange County; Florida,4057,3052,98,473,1005,0,272,Census Tract 167.37; Orange County; Florida,4057,3653,3016,637,160,477,404,256,148
1400000US12095016738,Census Tract 167.38; Orange County; Florida,4447,Census Tract 167.38; Orange County; Florida,54023.0,Census Tract 167.38; Orange County; Florida,4406,266,170,96,4140,1839,2301,Census Tract 167.38; Orange County; Florida,1849,Census Tract 167.38; Orange County; Florida,1756,659,1097,Census Tract 167.38; Orange County; Florida,1756,659,0,296,1097,25,600,Census Tract 167.38; Orange County; Florida,1756,1100,839,261,52,209,656,477,179
1400000US12095016739,Census Tract 167.39; Orange County; Florida,6988,Census Tract 167.39; Orange County; Florida,56477.0,Census Tract 167.39; Orange County; Florida,6988,1790,454,1336,5198,2914,2284,Census Tract 167.39; Orange County; Florida,2484,Census Tract 167.39; Orange County; Florida,2118,641,1477,Census Tract 167.39; Orange County; Florida,2118,641,99,175,1477,23,923,Census Tract 167.39; Orange County; Florida,2118,1530,746,784,174,610,588,285,303
1400000US12095016740,Census Tract 167.40; Orange County; Florida,3871,Census Tract 167.40; Orange County; Florida,69375.0,Census Tract 167.40; Orange County; Florida,3871,547,132,415,3324,1254,2070,Census Tract 167.40; Orange County; Florida,1458,Census Tract 167.40; Orange County; Florida,1325,781,544,Census Tract 167.40; Orange County; Florida,1325,781,0,195,544,0,322,Census Tract 167.40; Orange County; Florida,1325,832,631,201,42,159,493,299,194
1400000US12095016741,Census Tract 167.41; Orange County; Florida,2883,Census Tract 167.41; Orange County; Florida,63878.0,Census Tract 167.41; Orange County; Florida,2883,520,233,287,2363,1054,1309,Census Tract 167.41; Orange County; Florida,1941,Census Tract 167.41; Orange County; Florida,1699,268,1431,Census Tract 167.41; Orange County; Florida,1699,268,39,64,1431,86,962,Census Tract 167.41; Orange County; Florida,1699,443,172,271,78,193,1256,1036,220
1400000US12095016742,Census Tract 167.42; Orange County; Florida,3653,Census Tract 167.42; Orange County; Florida,61583.0,Census Tract 167.42; Orange County; Florida,3653,425,183,242,3228,1555,1673,Census Tract 167.42; Orange County; Florida,2130,Census Tract 167.42; Orange County; Florida,2084,373,1711,Census Tract 167.42; Orange County; Florida,2084,373,0,192,1711,57,1315,Census Tract 167.42; Orange County; Florida,2084,758,401,357,46,311,1326,1131,195
1400000US12095016743,Census Tract 167.43; Orange County; Florida,6981,Census Tract 167.43; Orange County; Florida,107212.0,Census Tract 167.43; Orange County; Florida,6981,434,319,115,6547,3170,3377,Census Tract 167.43; Orange County; Florida,2463,Census Tract 167.43; Orange County; Florida,2373,1484,889,Census Tract 167.43; Orange County; Florida,2373,1484,14,324,889,0,749,Census Tract 167.43; Orange County; Florida,2373,1787,1208,579,135,444,586,548,38
1400000US12095016744,Census Tract 167.44; Orange County; Florida,5373,Census Tract 167.44; Orange County; Florida,85302.0,Census Tract 167.44; Orange County; Florida,5373,1106,425,681,4267,2187,2080,Census Tract 167.44; Orange County; Florida,1851,Census Tract 167.44; Orange County; Florida,1782,782,1000,Census Tract 167.44; Orange County; Florida,1782,782,44,148,1000,21,216,Census Tract 167.44; Orange County; Florida,1782,1191,722,469,177,292,591,282,309
1400000US12095016745,Census Tract 167.45; Orange County; Florida,4576,Census Tract 167.45; Orange County; Florida,100556.0,Census Tract 167.45; Orange County; Florida,4576,273,162,111,4303,2333,1970,Census Tract 167.45; Orange County; Florida,1422,Census Tract 167.45; Orange County; Florida,1312,1130,182,Census Tract 167.45; Orange County; Florida,1312,1130,0,211,182,0,27,Census Tract 167.45; Orange County; Florida,1312,1043,836,207,42,165,269,184,85
1400000US12095016746,Census Tract 167.46; Orange County; Florida,4207,Census Tract 167.46; Orange County; Florida,101415.0,Census Tract 167.46; Orange County; Florida,4207,694,320,374,3513,1694,1819,Census Tract 167.46; Orange County; Florida,1497,Census Tract 167.46; Orange County; Florida,1475,1356,119,Census Tract 167.46; Orange County; Florida,1475,1356,4,205,119,5,41,Census Tract 167.46; Orange County; Florida,1475,1291,1157,134,0,134,184,132,52
1400000US12095016747,Census Tract 167.47; Orange County; Florida,5719,Census Tract 167.47; Orange County; Florida,145575.0,Census Tract 167.47; Orange County; Florida,5719,166,89,77,5553,2953,2600,Census Tract 167.47; Orange County; Florida,1970,Census Tract 167.47; Orange County; Florida,1893,1638,255,Census Tract 167.47; Orange County; Florida,1893,1638,0,167,255,0,80,Census Tract 167.47; Orange County; Florida,1893,1779,1630,149,55,94,114,66,48
1400000US12095016748,Census Tract 167.48; Orange County; Florida,7250,Census Tract 167.48; Orange County; Florida,120342.0,Census Tract 167.48; Orange County; Florida,7250,669,216,453,6581,3150,3431,Census Tract 167.48; Orange County; Florida,2265,Census Tract 167.48; Orange County; Florida,2265,1783,482,Census Tract 167.48; Orange County; Florida,2265,1783,0,564,482,0,241,Census Tract 167.48; Orange County; Florida,2265,2037,1665,372,134,238,228,174,54
1400000US12095016749,Census Tract 167.49; Orange County; Florida,6330,Census Tract 167.49; Orange County; Florida,124511.0,Census Tract 167.49; Orange County; Florida,6318,771,150,621,5547,3191,2356,Census Tract 167.49; Orange County; Florida,2113,Census Tract 167.49; Orange County; Florida,2113,1269,844,Census Tract 167.49; Orange County; Florida,2113,1269,0,130,844,0,225,Census Tract 167.49; Orange County; Florida,2113,1656,1230,426,136,290,457,393,64
1400000US12095016750,Census Tract 167.50; Orange County; Florida,12106,Census Tract 167.50; Orange County; Florida,117609.0,Census Tract 167.50; Orange County; Florida,12081,326,170,156,11755,6042,5713,Census Tract 167.50; Orange County; Florida,4233,Census Tract 167.50; Orange County; Florida,4220,3363,857,Census Tract 167.50; Orange County; Florida,4220,3363,60,886,857,82,259,Census Tract 167.50; Orange County; Florida,4220,3327,2762,565,269,296,893,829,64
1400000US12095016751,Census Tract 167.51; Orange County; Florida,6407,Census Tract 167.51; Orange County; Florida,125927.0,Census Tract 167.51; Orange County; Florida,6407,851,466,385,5556,3104,2452,Census Tract 167.51; Orange County; Florida,2173,Census Tract 167.51; Orange County; Florida,2173,1953,220,Census Tract 167.51; Orange County; Florida,2173,1953,0,260,220,0,98,Census Tract 167.51; Orange County; Florida,2173,1731,1540,191,95,96,442,269,173
1400000US12095016752,Census Tract 167.52; Orange County; Florida,3669,Census Tract 167.52; Orange County; Florida,115625.0,Census Tract 167.52; Orange County; Florida,3669,222,77,145,3447,1714,1733,Census Tract 167.52; Orange County; Florida,1364,Census Tract 167.52; Orange County; Florida,1339,1239,100,Census Tract 167.52; Orange County; Florida,1339,1239,0,419,100,48,11,Census Tract 167.52; Orange County; Florida,1339,1094,837,257,69,188,245,184,61
1400000US12095016753,Census Tract 167.53; Orange County; Florida,8360,Census Tract 167.53; Orange County; Florida,96879.0,Census Tract 167.53; Orange County; Florida,8262,665,201,464,7597,3650,3947,Census Tract 167.53; Orange County; Florida,2961,Census Tract 167.53; Orange County; Florida,2654,1490,1164,Census Tract 167.53; Orange County; Florida,2654,1490,0,476,1164,90,365,Census Tract 167.53; Orange County; Florida,2654,1908,1157,751,323,428,746,538,208
1400000US12095016754,Census Tract 167.54; Orange County; Florida,5223,Census Tract 167.54; Orange County; Florida,59735.0,Census Tract 167.54; Orange County; Florida,5223,391,214,177,4832,2760,2072,Census Tract 167.54; Orange County; Florida,1566,Census Tract 167.54; Orange County; Florida,1534,904,630,Census Tract 167.54; Orange County; Florida,1534,904,0,188,630,37,146,Census Tract 167.54; Orange County; Florida,1534,1294,529,765,573,192,240,220,20
1400000US12095016755,Census Tract 167.55; Orange County; Florida,6433,Census Tract 167.55; Orange County; Florida,91442.0,Census Tract 167.55; Orange County; Florida,6433,246,91,155,6187,3193,2994,Census Tract 167.55; Orange County; Florida,2549,Census Tract 167.55; Orange County; Florida,2267,1443,824,Census Tract 167.55; Orange County; Florida,2267,1443,10,533,824,0,376,Census Tract 167.55; Orange County; Florida,2267,1634,1316,318,20,298,633,448,185
1400000US12095016756,Census Tract 167.56; Orange County; Florida,2664,Census Tract 167.56; Orange County; Florida,154556.0,Census Tract 167.56; Orange County; Florida,2664,84,36,48,2580,1218,1362,Census Tract 167.56; Orange County; Florida,1032,Census Tract 167.56; Orange County; Florida,972,842,130,Census Tract 167.56; Orange County; Florida,972,842,11,133,130,0,77,Census Tract 167.56; Orange County; Florida,972,682,612,70,33,37,290,158,132
1400000US12095016802,Census Tract 168.02; Orange County; Florida,21905,Census Tract 168.02; Orange County; Florida,119030.0,Census Tract 168.02; Orange County; Florida,21551,402,167,235,21149,10327,10822,Census Tract 168.02; Orange County; Florida,8046,Census Tract 168.02; Orange County; Florida,7298,4740,2558,Census Tract 168.02; Orange County; Florida,7298,4740,59,834,2558,189,1131,Census Tract 168.02; Orange County; Florida,7298,5413,4202,1211,571,640,1885,1452,433
1400000US12095016803,Census Tract 168.03; Orange County; Florida,2137,Census Tract 168.03; Orange County; Florida,77083.0,Census Tract 168.03; Orange County; Florida,2137,215,66,149,1922,947,975,Census Tract 168.03; Orange County; Florida,982,Census Tract 168.03; Orange County; Florida,835,734,101,Census Tract 168.03; Orange County; Florida,835,734,12,215,101,4,25,Census Tract 168.03; Orange County; Florida,835,557,388,169,105,64,278,221,57
1400000US12095016804,Census Tract 168.04; Orange County; Florida,8439,Census Tract 168.04; Orange County; Florida,87475.0,Census Tract 168.04; Orange County; Florida,8365,560,223,337,7805,4037,3768,Census Tract 168.04; Orange County; Florida,2579,Census Tract 168.04; Orange County; Florida,2460,1927,533,Census Tract 168.04; Orange County; Florida,2460,1927,35,380,533,24,174,Census Tract 168.04; Orange County; Florida,2460,1963,1294,669,204,465,497,325,172
1400000US12095016808,Census Tract 168.08; Orange County; Florida,1517,Census Tract 168.08; Orange County; Florida,120938.0,Census Tract 168.08; Orange County; Florida,1517,53,36,17,1464,725,739,Census Tract 168.08; Orange County; Florida,561,Census Tract 168.08; Orange County; Florida,528,521,7,Census Tract 168.08; Orange County; Florida,528,521,18,50,7,0,0,Census Tract 168.08; Orange County; Florida,528,470,437,33,21,12,58,47,11
1400000US12095016809,Census Tract 168.09; Orange County; Florida,7837,Census Tract 168.09; Orange County; Florida,66810.0,Census Tract 168.09; Orange County; Florida,7837,1876,819,1057,5961,2846,3115,Census Tract 168.09; Orange County; Florida,2850,Census Tract 168.09; Orange County; Florida,2515,1377,1138,Census Tract 168.09; Orange County; Florida,2515,1377,101,396,1138,46,698,Census Tract 168.09; Orange County; Florida,2515,1982,1037,945,11,934,533,265,268
1400000US12095016810,Census Tract 168.10; Orange County; Florida,9083,Census Tract 168.10; Orange County; Florida,97484.0,Census Tract 168.10; Orange County; Florida,8994,655,395,260,8339,4058,4281,Census Tract 168.10; Orange County; Florida,3889,Census Tract 168.10; Orange County; Florida,3080,2414,666,Census Tract 168.10; Orange County; Florida,3080,2414,28,576,666,129,323,Census Tract 168.10; Orange County; Florida,3080,2478,2138,340,49,291,602,462,140
1400000US12095016811,Census Tract 168.11; Orange County; Florida,13170,Census Tract 168.11; Orange County; Florida,111311.0,Census Tract 168.11; Orange County; Florida,13170,185,45,140,12985,5924,7061,Census Tract 168.11; Orange County; Florida,4265,Census Tract 168.11; Orange County; Florida,3734,3136,598,Census Tract 168.11; Orange County; Florida,3734,3136,136,533,598,29,191,Census Tract 168.11; Orange County; Florida,3734,3322,2655,667,249,418,412,296,116
1400000US12095016812,Census Tract 168.12; Orange County; Florida,6597,Census Tract 168.12; Orange County; Florida,75566.0,Census Tract 168.12; Orange County; Florida,6597,557,240,317,6040,2697,3343,Census Tract 168.12; Orange County; Florida,2415,Census Tract 168.12; Orange County; Florida,2223,1825,398,Census Tract 168.12; Orange County; Florida,2223,1825,22,435,398,0,136,Census Tract 168.12; Orange County; Florida,2223,1610,1182,428,192,236,613,267,346
1400000US12095016813,Census Tract 168.13; Orange County; Florida,2523,Census Tract 168.13; Orange County; Florida,68977.0,Census Tract 168.13; Orange County; Florida,2523,313,66,247,2210,1091,1119,Census Tract 168.13; Orange County; Florida,1034,Census Tract 168.13; Orange County; Florida,927,406,521,Census Tract 168.13; Orange County; Florida,927,406,0,42,521,25,416,Census Tract 168.13; Orange County; Florida,927,778,556,222,30,192,149,83,66
1400000US12095016814,Census Tract 168.14; Orange County; Florida,5274,Census Tract 168.14; Orange County; Florida,59895.0,Census Tract 168.14; Orange County; Florida,5274,453,277,176,4821,2361,2460,Census Tract 168.14; Orange County; Florida,1909,Census Tract 168.14; Orange County; Florida,1621,1161,460,Census Tract 168.14; Orange County; Florida,1621,1161,33,370,460,0,250,Census Tract 168.14; Orange County; Florida,1621,1300,799,501,33,468,321,303,18
1400000US12095016902,Census Tract 169.02; Orange County; Florida,5612,Census Tract 169.02; Orange County; Florida,51761.0,Census Tract 169.02; Orange County; Florida,5612,1157,394,763,4455,2304,2151,Census Tract 169.02; Orange County; Florida,1995,Census Tract 169.02; Orange County; Florida,1847,843,1004,Census Tract 169.02; Orange County; Florida,1847,843,5,207,1004,268,388,Census Tract 169.02; Orange County; Florida,1847,1331,763,568,311,257,516,429,87
1400000US12095016904,Census Tract 169.04; Orange County; Florida,3798,Census Tract 169.04; Orange County; Florida,55539.0,Census Tract 169.04; Orange County; Florida,3765,1082,676,406,2683,1507,1176,Census Tract 169.04; Orange County; Florida,1351,Census Tract 169.04; Orange County; Florida,1197,621,576,Census Tract 169.04; Orange County; Florida,1197,621,14,142,576,201,257,Census Tract 169.04; Orange County; Florida,1197,751,409,342,123,219,446,292,154
1400000US12095016906,Census Tract 169.06; Orange County; Florida,3039,Census Tract 169.06; Orange County; Florida,31042.0,Census Tract 169.06; Orange County; Florida,3039,1316,515,801,1723,843,880,Census Tract 169.06; Orange County; Florida,2211,Census Tract 169.06; Orange County; Florida,1662,107,1555,Census Tract 169.06; Orange County; Florida,1662,107,10,62,1555,173,1013,Census Tract 169.06; Orange County; Florida,1662,558,363,195,9,186,1104,870,234
1400000US12095016907,Census Tract 169.07; Orange County; Florida,7546,Census Tract 169.07; Orange County; Florida,55457.0,Census Tract 169.07; Orange County; Florida,7469,2539,1505,1034,4930,2628,2302,Census Tract 169.07; Orange County; Florida,2994,Census Tract 169.07; Orange County; Florida,2535,208,2327,Census Tract 169.07; Orange County; Florida,2535,208,0,39,2327,556,1153,Census Tract 169.07; Orange County; Florida,2535,1364,585,779,327,452,1171,801,370
1400000US12095016908,Census Tract 169.08; Orange County; Florida,2146,Census Tract 169.08; Orange County; Florida,57473.0,Census Tract 169.08; Orange County; Florida,2146,550,285,265,1596,1023,573,Census Tract 169.08; Orange County; Florida,1043,Census Tract 169.08; Orange County; Florida,941,394,547,Census Tract 169.08; Orange County; Florida,941,394,0,112,547,154,258,Census Tract 169.08; Orange County; Florida,941,517,256,261,203,58,424,372,52
1400000US12095016909,Census Tract 169.09; Orange County; Florida,4961,Census Tract 169.09; Orange County; Florida,55617.0,Census Tract 169.09; Orange County; Florida,4961,997,578,419,3964,2179,1785,Census Tract 169.09; Orange County; Florida,1850,Census Tract 169.09; Orange County; Florida,1692,372,1320,Census Tract 169.09; Orange County; Florida,1692,372,0,95,1320,174,705,Census Tract 169.09; Orange County; Florida,1692,917,353,564,105,459,775,375,400
1400000US12095016910,Census Tract 169.10; Orange County; Florida,1166,Census Tract 169.10; Orange County; Florida,66707.0,Census Tract 169.10; Orange County; Florida,1166,71,8,63,1095,593,502,Census Tract 169.10; Orange County; Florida,435,Census Tract 169.10; Orange County; Florida,392,346,46,Census Tract 169.10; Orange County; Florida,392,346,7,31,46,0,34,Census Tract 169.10; Orange County; Florida,392,317,99,218,104,114,75,65,10
1400000US12095016911,Census Tract 169.11; Orange County; Florida,9112,Census Tract 169.11; Orange County; Florida,53919.0,Census Tract 169.11; Orange County; Florida,9112,2278,1181,1097,6834,3308,3526,Census Tract 169.11; Orange County; Florida,4085,Census Tract 169.11; Orange County; Florida,3722,0,3722,Census Tract 169.11; Orange County; Florida,3722,0,0,0,3722,565,1944,Census Tract 169.11; Orange County; Florida,3722,1736,512,1224,476,748,1986,1153,833
1400000US12095017001,Census Tract 170.01; Orange County; Florida,5947,Census Tract 170.01; Orange County; Florida,77050.0,Census Tract 170.01; Orange County; Florida,5297,345,194,151,4952,2914,2038,Census Tract 170.01; Orange County; Florida,3350,Census Tract 170.01; Orange County; Florida,2310,621,1689,Census Tract 170.01; Orange County; Florida,2310,621,0,160,1689,96,768,Census Tract 170.01; Orange County; Florida,2310,875,650,225,73,152,1435,832,603
1400000US12095017004,Census Tract 170.04; Orange County; Florida,6395,Census Tract 170.04; Orange County; Florida,70737.0,Census Tract 170.04; Orange County; Florida,6393,582,317,265,5811,2942,2869,Census Tract 170.04; Orange County; Florida,2911,Census Tract 170.04; Orange County; Florida,2735,1418,1317,Census Tract 170.04; Orange County; Florida,2735,1418,78,510,1317,64,518,Census Tract 170.04; Orange County; Florida,2735,1442,1106,336,108,228,1293,980,313
1400000US12095017006,Census Tract 170.06; Orange County; Florida,4515,Census Tract 170.06; Orange County; Florida,86859.0,Census Tract 170.06; Orange County; Florida,4397,612,236,376,3785,1898,1887,Census Tract 170.06; Orange County; Florida,1622,Census Tract 170.06; Orange County; Florida,1347,593,754,Census Tract 170.06; Orange County; Florida,1347,593,24,99,754,34,308,Census Tract 170.06; Orange County; Florida,1347,1044,894,150,59,91,303,99,204
1400000US12095017011,Census Tract 170.11; Orange County; Florida,5088,Census Tract 170.11; Orange County; Florida,74773.0,Census Tract 170.11; Orange County; Florida,4947,580,230,350,4367,2342,2025,Census Tract 170.11; Orange County; Florida,1827,Census Tract 170.11; Orange County; Florida,1588,1132,456,Census Tract 170.11; Orange County; Florida,1588,1132,15,319,456,15,240,Census Tract 170.11; Orange County; Florida,1588,1254,942,312,95,217,334,289,45
1400000US12095017012,Census Tract 170.12; Orange County; Florida,2819,Census Tract 170.12; Orange County; Florida,92031.0,Census Tract 170.12; Orange County; Florida,2819,326,142,184,2493,1079,1414,Census Tract 170.12; Orange County; Florida,1044,Census Tract 170.12; Orange County; Florida,944,766,178,Census Tract 170.12; Orange County; Florida,944,766,7,155,178,0,30,Census Tract 170.12; Orange County; Florida,944,765,612,153,46,107,179,135,44
1400000US12095017013,Census Tract 170.13; Orange County; Florida,7473,Census Tract 170.13; Orange County; Florida,93443.0,Census Tract 170.13; Orange County; Florida,7473,572,186,386,6901,3780,3121,Census Tract 170.13; Orange County; Florida,3215,Census Tract 170.13; Orange County; Florida,2859,1789,1070,Census Tract 170.13; Orange County; Florida,2859,1789,56,387,1070,34,503,Census Tract 170.13; Orange County; Florida,2859,2189,1509,680,272,408,670,554,116
1400000US12095017015,Census Tract 170.15; Orange County; Florida,7525,Census Tract 170.15; Orange County; Florida,120260.0,Census Tract 170.15; Orange County; Florida,7490,433,254,179,7057,3529,3528,Census Tract 170.15; Orange County; Florida,3111,Census Tract 170.15; Orange County; Florida,2565,1671,894,Census Tract 170.15; Orange County; Florida,2565,1671,0,372,894,0,534,Census Tract 170.15; Orange County; Florida,2565,2181,1839,342,75,267,384,375,9
1400000US12095017018,Census Tract 170.18; Orange County; Florida,5794,Census Tract 170.18; Orange County; Florida,59706.0,Census Tract 170.18; Orange County; Florida,5794,992,425,567,4802,2382,2420,Census Tract 170.18; Orange County; Florida,2752,Census Tract 170.18; Orange County; Florida,2284,653,1631,Census Tract 170.18; Orange County; Florida,2284,653,0,288,1631,84,747,Census Tract 170.18; Orange County; Florida,2284,1270,731,539,163,376,1014,652,362
1400000US12095017019,Census Tract 170.19; Orange County; Florida,5097,Census Tract 170.19; Orange County; Florida,65604.0,Census Tract 170.19; Orange County; Florida,5097,1545,1006,539,3552,1828,1724,Census Tract 170.19; Orange County; Florida,1687,Census Tract 170.19; Orange County; Florida,1523,858,665,Census Tract 170.19; Orange County; Florida,1523,858,33,155,665,51,154,Census Tract 170.19; Orange County; Florida,1523,1160,950,210,76,134,363,212,151
1400000US12095017020,Census Tract 170.20; Orange County; Florida,5923,Census Tract 170.20; Orange County; Florida,69512.0,Census Tract 170.20; Orange County; Florida,5750,636,355,281,5114,2630,2484,Census Tract 170.20; Orange County; Florida,3037,Census Tract 170.20; Orange County; Florida,2364,839,1525,Census Tract 170.20; Orange County; Florida,2364,839,43,190,1525,0,766,Census Tract 170.20; Orange County; Florida,2364,1693,1152,541,171,370,671,613,58
1400000US12095017021,Census Tract 170.21; Orange County; Florida,6593,Census Tract 170.21; Orange County; Florida,101139.0,Census Tract 170.21; Orange County; Florida,6593,641,146,495,5952,2882,3070,Census Tract 170.21; Orange County; Florida,2055,Census Tract 170.21; Orange County; Florida,1892,1290,602,Census Tract 170.21; Orange County; Florida,1892,1290,0,215,602,0,173,Census Tract 170.21; Orange County; Florida,1892,1749,1156,593,44,549,143,125,18
1400000US12095017022,Census Tract 170.22; Orange County; Florida,10585,Census Tract 170.22; Orange County; Florida,60807.0,Census Tract 170.22; Orange County; Florida,10585,2070,983,1087,8515,4457,4058,Census Tract 170.22; Orange County; Florida,6832,Census Tract 170.22; Orange County; Florida,4501,387,4114,Census Tract 170.22; Orange County; Florida,4501,387,0,353,4114,112,2337,Census Tract 170.22; Orange County; Florida,4501,2113,1386,727,26,701,2388,1550,838
1400000US12095017023,Census Tract 170.23; Orange County; Florida,1746,Census Tract 170.23; Orange County; Florida,52768.0,Census Tract 170.23; Orange County; Florida,1374,308,89,219,1066,605,461,Census Tract 170.23; Orange County; Florida,955,Census Tract 170.23; Orange County; Florida,708,191,517,Census Tract 170.23; Orange County; Florida,708,191,0,134,517,34,290,Census Tract 170.23; Orange County; Florida,708,238,147,91,67,24,470,340,130
1400000US12095017024,Census Tract 170.24; Orange County; Florida,2802,Census Tract 170.24; Orange County; Florida,78712.0,Census Tract 170.24; Orange County; Florida,2686,163,21,142,2523,1185,1338,Census Tract 170.24; Orange County; Florida,1543,Census Tract 170.24; Orange County; Florida,1141,9,1132,Census Tract 170.24; Orange County; Florida,1141,9,0,0,1132,57,451,Census Tract 170.24; Orange County; Florida,1141,456,335,121,55,66,685,301,384
1400000US12095017025,Census Tract 170.25; Orange County; Florida,3654,Census Tract 170.25; Orange County; Florida,101439.0,Census Tract 170.25; Orange County; Florida,3654,90,30,60,3564,1719,1845,Census Tract 170.25; Orange County; Florida,1505,Census Tract 170.25; Orange County; Florida,1294,938,356,Census Tract 170.25; Orange County; Florida,1294,938,0,160,356,41,225,Census Tract 170.25; Orange County; Florida,1294,1089,912,177,48,129,205,190,15
1400000US12095017026,Census Tract 170.26; Orange County; Florida,3823,Census Tract 170.26; Orange County; Florida,101047.0,Census Tract 170.26; Orange County; Florida,3823,137,78,59,3686,1956,1730,Census Tract 170.26; Orange County; Florida,2237,Census Tract 170.26; Orange County; Florida,1552,1470,82,Census Tract 170.26; Orange County; Florida,1552,1470,10,641,82,0,61,Census Tract 170.26; Orange County; Florida,1552,1152,942,210,63,147,400,359,41
1400000US12095017108,Census Tract 171.08; Orange County; Florida,10693,Census Tract 171.08; Orange County; Florida,108672.0,Census Tract 171.08; Orange County; Florida,10693,519,172,347,10174,4743,5431,Census Tract 171.08; Orange County; Florida,4588,Census Tract 171.08; Orange County; Florida,4063,2443,1620,Census Tract 171.08; Orange County; Florida,4063,2443,312,503,1620,34,752,Census Tract 171.08; Orange County; Florida,4063,2874,2399,475,69,406,1189,1100,89
1400000US12095017109,Census Tract 171.09; Orange County; Florida,5571,Census Tract 171.09; Orange County; Florida,146839.0,Census Tract 171.09; Orange County; Florida,5548,32,32,0,5516,2923,2593,Census Tract 171.09; Orange County; Florida,2357,Census Tract 171.09; Orange County; Florida,2075,1789,286,Census Tract 171.09; Orange County; Florida,2075,1789,33,196,286,0,59,Census Tract 171.09; Orange County; Florida,2075,1903,1728,175,26,149,172,165,7
1400000US12095017110,Census Tract 171.10; Orange County; Florida,8228,Census Tract 171.10; Orange County; Florida,85278.0,Census Tract 171.10; Orange County; Florida,8228,1301,625,676,6927,3463,3464,Census Tract 171.10; Orange County; Florida,2725,Census Tract 171.10; Orange County; Florida,2626,913,1713,Census Tract 171.10; Orange County; Florida,2626,913,11,295,1713,58,680,Census Tract 171.10; Orange County; Florida,2626,1783,1382,401,41,360,843,515,328
1400000US12095017111,Census Tract 171.11; Orange County; Florida,25639,Census Tract 171.11; Orange County; Florida,128444.0,Census Tract 171.11; Orange County; Florida,25639,3042,1708,1334,22597,11143,11454,Census Tract 171.11; Orange County; Florida,8951,Census Tract 171.11; Orange County; Florida,8099,5444,2655,Census Tract 171.11; Orange County; Florida,8099,5444,0,1548,2655,166,1114,Census Tract 171.11; Orange County; Florida,8099,5920,4838,1082,471,611,2179,1242,937
1400000US12095017112,Census Tract 171.12; Orange County; Florida,16409,Census Tract 171.12; Orange County; Florida,118277.0,Census Tract 171.12; Orange County; Florida,16393,1039,486,553,15354,6862,8492,Census Tract 171.12; Orange County; Florida,6342,Census Tract 171.12; Orange County; Florida,5673,3478,2195,Census Tract 171.12; Orange County; Florida,5673,3478,0,452,2195,152,670,Census Tract 171.12; Orange County; Florida,5673,4530,3936,594,0,594,1143,917,226
1400000US12095017113,Census Tract 171.13; Orange County; Florida,17717,Census Tract 171.13; Orange County; Florida,134728.0,Census Tract 171.13; Orange County; Florida,17694,400,164,236,17294,8126,9168,Census Tract 171.13; Orange County; Florida,5986,Census Tract 171.13; Orange County; Florida,5581,4057,1524,Census Tract 171.13; Orange County; Florida,5581,4057,49,599,1524,53,698,Census Tract 171.13; Orange County; Florida,5581,4479,3894,585,203,382,1102,690,412
1400000US12095017114,Census Tract 171.14; Orange County; Florida,10387,Census Tract 171.14; Orange County; Florida,120799.0,Census Tract 171.14; Orange County; Florida,10387,850,233,617,9537,4856,4681,Census Tract 171.14; Orange County; Florida,3768,Census Tract 171.14; Orange County; Florida,3391,2133,1258,Census Tract 171.14; Orange County; Florida,3391,2133,0,456,1258,30,594,Census Tract 171.14; Orange County; Florida,3391,2528,2012,516,148,368,863,558,305
1400000US12095017115,Census Tract 171.15; Orange County; Florida,3781,Census Tract 171.15; Orange County; Florida,185417.0,Census Tract 171.15; Orange County; Florida,3747,198,86,112,3549,1873,1676,Census Tract 171.15; Orange County; Florida,1587,Census Tract 171.15; Orange County; Florida,1334,1325,9,Census Tract 171.15; Orange County; Florida,1334,1325,107,138,9,0,0,Census Tract 171.15; Orange County; Florida,1334,1095,1028,67,44,23,239,193,46
1400000US12095017116,Census Tract 171.16; Orange County; Florida,8031,Census Tract 171.16; Orange County; Florida,173529.0,Census Tract 171.16; Orange County; Florida,8031,333,110,223,7698,3633,4065,Census Tract 171.16; Orange County; Florida,2995,Census Tract 171.16; Orange County; Florida,2792,2275,517,Census Tract 171.16; Orange County; Florida,2792,2275,34,315,517,22,290,Census Tract 171.16; Orange County; Florida,2792,2260,1857,403,169,234,532,430,102
1400000US12095017117,Census Tract 171.17; Orange County; Florida,6520,Census Tract 171.17; Orange County; Florida,137260.0,Census Tract 171.17; Orange County; Florida,6520,547,345,202,5973,2825,3148,Census Tract 171.17; Orange County; Florida,2429,Census Tract 171.17; Orange County; Florida,2243,1699,544,Census Tract 171.17; Orange County; Florida,2243,1699,30,538,544,0,37,Census Tract 171.17; Orange County; Florida,2243,1974,1518,456,218,238,269,163,106
1400000US12095017118,Census Tract 171.18; Orange County; Florida,5040,Census Tract 171.18; Orange County; Florida,157975.0,Census Tract 171.18; Orange County; Florida,5007,125,60,65,4882,2061,2821,Census Tract 171.18; Orange County; Florida,1796,Census Tract 171.18; Orange County; Florida,1709,1086,623,Census Tract 171.18; Orange County; Florida,1709,1086,0,190,623,118,114,Census Tract 171.18; Orange County; Florida,1709,1399,1179,220,0,220,310,227,83
1400000US12095017119,Census Tract 171.19; Orange County; Florida,2384,Census Tract 171.19; Orange County; Florida,131406.0,Census Tract 171.19; Orange County; Florida,2350,112,89,23,2238,1197,1041,Census Tract 171.19; Orange County; Florida,759,Census Tract 171.19; Orange County; Florida,759,717,42,Census Tract 171.19; Orange County; Florida,759,717,10,141,42,23,15,Census Tract 171.19; Orange County; Florida,759,575,495,80,0,80,184,141,43
1400000US12095017120,Census Tract 171.20; Orange County; Florida,6402,Census Tract 171.20; Orange County; Florida,184514.0,Census Tract 171.20; Orange County; Florida,6402,60,31,29,6342,3137,3205,Census Tract 171.20; Orange County; Florida,2563,Census Tract 171.20; Orange County; Florida,2197,1757,440,Census Tract 171.20; Orange County; Florida,2197,1757,15,184,440,0,350,Census Tract 171.20; Orange County; Florida,2197,1699,1424,275,77,198,498,498,0
1400000US12095017121,Census Tract 171.21; Orange County; Florida,3380,Census Tract 171.21; Orange County; Florida,95700.0,Census Tract 171.21; Orange County; Florida,3380,713,180,533,2667,1297,1370,Census Tract 171.21; Orange County; Florida,2153,Census Tract 171.21; Orange County; Florida,1760,1075,685,Census Tract 171.21; Orange County; Florida,1760,1075,13,614,685,87,407,Census Tract 171.21; Orange County; Florida,1760,987,816,171,53,118,773,699,74
1400000US12095017122,Census Tract 171.22; Orange County; Florida,2657,Census Tract 171.22; Orange County; Florida,117895.0,Census Tract 171.22; Orange County; Florida,2657,267,107,160,2390,1218,1172,Census Tract 171.22; Orange County; Florida,1668,Census Tract 171.22; Orange County; Florida,1016,724,292,Census Tract 171.22; Orange County; Florida,1016,724,8,159,292,0,135,Census Tract 171.22; Orange County; Florida,1016,723,606,117,75,42,293,182,111
1400000US12095017123,Census Tract 171.23; Orange County; Florida,5967,Census Tract 171.23; Orange County; Florida,162188.0,Census Tract 171.23; Orange County; Florida,5949,384,138,246,5565,2920,2645,Census Tract 171.23; Orange County; Florida,2593,Census Tract 171.23; Orange County; Florida,1990,1332,658,Census Tract 171.23; Orange County; Florida,1990,1332,29,149,658,10,295,Census Tract 171.23; Orange County; Florida,1990,1453,1196,257,18,239,537,267,270
1400000US12095017200,Census Tract 172; Orange County; Florida,5945,Census Tract 172; Orange County; Florida,107857.0,Census Tract 172; Orange County; Florida,5742,822,274,548,4920,2419,2501,Census Tract 172; Orange County; Florida,2544,Census Tract 172; Orange County; Florida,2262,1491,771,Census Tract 172; Orange County; Florida,2262,1491,18,327,771,0,481,Census Tract 172; Orange County; Florida,2262,1739,1475,264,64,200,523,392,131
1400000US12095017301,Census Tract 173.01; Orange County; Florida,2684,Census Tract 173.01; Orange County; Florida,97361.0,Census Tract 173.01; Orange County; Florida,2637,87,0,87,2550,1426,1124,Census Tract 173.01; Orange County; Florida,1338,Census Tract 173.01; Orange County; Florida,1175,727,448,Census Tract 173.01; Orange County; Florida,1175,727,0,117,448,48,310,Census Tract 173.01; Orange County; Florida,1175,688,619,69,18,51,487,449,38
1400000US12095017302,Census Tract 173.02; Orange County; Florida,9003,Census Tract 173.02; Orange County; Florida,71455.0,Census Tract 173.02; Orange County; Florida,8920,1072,531,541,7848,3805,4043,Census Tract 173.02; Orange County; Florida,3299,Census Tract 173.02; Orange County; Florida,2977,1277,1700,Census Tract 173.02; Orange County; Florida,2977,1277,80,405,1700,19,683,Census Tract 173.02; Orange County; Florida,2977,2084,1301,783,216,567,893,600,293
1400000US12095017401,Census Tract 174.01; Orange County; Florida,8093,Census Tract 174.01; Orange County; Florida,109653.0,Census Tract 174.01; Orange County; Florida,7958,687,497,190,7271,3781,3490,Census Tract 174.01; Orange County; Florida,2871,Census Tract 174.01; Orange County; Florida,2609,2031,578,Census Tract 174.01; Orange County; Florida,2609,2031,17,612,578,38,229,Census Tract 174.01; Orange County; Florida,2609,2183,1789,394,51,343,426,367,59
1400000US12095017402,Census Tract 174.02; Orange County; Florida,5836,Census Tract 174.02; Orange County; Florida,50868.0,Census Tract 174.02; Orange County; Florida,5732,1359,693,666,4373,2355,2018,Census Tract 174.02; Orange County; Florida,1875,Census Tract 174.02; Orange County; Florida,1739,882,857,Census Tract 174.02; Orange County; Florida,1739,882,91,183,857,116,312,Census Tract 174.02; Orange County; Florida,1739,1317,699,618,254,364,422,273,149
1400000US12095017503,Census Tract 175.03; Orange County; Florida,6668,Census Tract 175.03; Orange County; Florida,65927.0,Census Tract 175.03; Orange County; Florida,6668,1573,878,695,5095,2236,2859,Census Tract 175.03; Orange County; Florida,2273,Census Tract 175.03; Orange County; Florida,2225,1470,755,Census Tract 175.03; Orange County; Florida,2225,1470,0,660,755,26,416,Census Tract 175.03; Orange County; Florida,2225,1573,700,873,113,760,652,392,260
1400000US12095017504,Census Tract 175.04; Orange County; Florida,9673,Census Tract 175.04; Orange County; Florida,71976.0,Census Tract 175.04; Orange County; Florida,9655,1007,378,629,8648,4296,4352,Census Tract 175.04; Orange County; Florida,3502,Census Tract 175.04; Orange County; Florida,3422,2938,484,Census Tract 175.04; Orange County; Florida,3422,2938,146,1198,484,0,188,Census Tract 175.04; Orange County; Florida,3422,2520,1952,568,232,336,902,747,155
1400000US12095017505,Census Tract 175.05; Orange County; Florida,4769,Census Tract 175.05; Orange County; Florida,97286.0,Census Tract 175.05; Orange County; Florida,4769,195,90,105,4574,2045,2529,Census Tract 175.05; Orange County; Florida,1899,Census Tract 175.05; Orange County; Florida,1620,1249,371,Census Tract 175.05; Orange County; Florida,1620,1249,41,279,371,31,141,Census Tract 175.05; Orange County; Florida,1620,1316,873,443,21,422,304,185,119
1400000US12095017506,Census Tract 175.06; Orange County; Florida,12688,Census Tract 175.06; Orange County; Florida,96643.0,Census Tract 175.06; Orange County; Florida,12688,823,199,624,11865,5760,6105,Census Tract 175.06; Orange County; Florida,4844,Census Tract 175.06; Orange County; Florida,4508,3027,1481,Census Tract 175.06; Orange County; Florida,4508,3027,70,770,1481,636,595,Census Tract 175.06; Orange County; Florida,4508,2677,2143,534,88,446,1831,1305,526
1400000US12095017600,Census Tract 176; Orange County; Florida,5521,Census Tract 176; Orange County; Florida,41930.0,Census Tract 176; Orange County; Florida,5521,1965,966,999,3556,2016,1540,Census Tract 176; Orange County; Florida,2042,Census Tract 176; Orange County; Florida,1835,826,1009,Census Tract 176; Orange County; Florida,1835,826,26,163,1009,176,521,Census Tract 176; Orange County; Florida,1835,1162,428,734,221,513,673,573,100
1400000US12095017701,Census Tract 177.01; Orange County; Florida,6202,Census Tract 177.01; Orange County; Florida,98125.0,Census Tract 177.01; Orange County; Florida,6202,457,182,275,5745,2801,2944,Census Tract 177.01; Orange County; Florida,1897,Census Tract 177.01; Orange County; Florida,1735,1345,390,Census Tract 177.01; Orange County; Florida,1735,1345,8,210,390,0,228,Census Tract 177.01; Orange County; Florida,1735,1443,1017,426,132,294,292,239,53
1400000US12095017702,Census Tract 177.02; Orange County; Florida,2637,Census Tract 177.02; Orange County; Florida,125000.0,Census Tract 177.02; Orange County; Florida,2580,33,6,27,2547,1288,1259,Census Tract 177.02; Orange County; Florida,884,Census Tract 177.02; Orange County; Florida,864,756,108,Census Tract 177.02; Orange County; Florida,864,756,0,134,108,0,14,Census Tract 177.02; Orange County; Florida,864,717,621,96,51,45,147,92,55
1400000US12095017703,Census Tract 177.03; Orange County; Florida,4414,Census Tract 177.03; Orange County; Florida,39338.0,Census Tract 177.03; Orange County; Florida,4307,1882,744,1138,2425,1343,1082,Census Tract 177.03; Orange County; Florida,1708,Census Tract 177.03; Orange County; Florida,1567,767,800,Census Tract 177.03; Orange County; Florida,1567,767,36,162,800,45,330,Census Tract 177.03; Orange County; Florida,1567,1073,780,293,63,230,494,419,75
1400000US12095017805,Census Tract 178.05; Orange County; Florida,2991,Census Tract 178.05; Orange County; Florida,109141.0,Census Tract 178.05; Orange County; Florida,2894,87,52,35,2807,1380,1427,Census Tract 178.05; Orange County; Florida,1130,Census Tract 178.05; Orange County; Florida,1099,977,122,Census Tract 178.05; Orange County; Florida,1099,977,0,226,122,0,30,Census Tract 178.05; Orange County; Florida,1099,889,665,224,46,178,210,200,10
1400000US12095017806,Census Tract 178.06; Orange County; Florida,5131,Census Tract 178.06; Orange County; Florida,115891.0,Census Tract 178.06; Orange County; Florida,5131,224,94,130,4907,2551,2356,Census Tract 178.06; Orange County; Florida,1918,Census Tract 178.06; Orange County; Florida,1831,1730,101,Census Tract 178.06; Orange County; Florida,1831,1730,44,318,101,0,26,Census Tract 178.06; Orange County; Florida,1831,1478,1191,287,49,238,353,295,58
1400000US12095017807,Census Tract 178.07; Orange County; Florida,4251,Census Tract 178.07; Orange County; Florida,73441.0,Census Tract 178.07; Orange County; Florida,4251,778,453,325,3473,2016,1457,Census Tract 178.07; Orange County; Florida,1521,Census Tract 178.07; Orange County; Florida,1430,974,456,Census Tract 178.07; Orange County; Florida,1430,974,13,307,456,65,172,Census Tract 178.07; Orange County; Florida,1430,993,696,297,144,153,437,333,104
1400000US12095017808,Census Tract 178.08; Orange County; Florida,3877,Census Tract 178.08; Orange County; Florida,115052.0,Census Tract 178.08; Orange County; Florida,3836,261,141,120,3575,1808,1767,Census Tract 178.08; Orange County; Florida,1695,Census Tract 178.08; Orange County; Florida,1603,1423,180,Census Tract 178.08; Orange County; Florida,1603,1423,26,287,180,28,123,Census Tract 178.08; Orange County; Florida,1603,1108,875,233,83,150,495,294,201
1400000US12095017809,Census Tract 178.09; Orange County; Florida,3698,Census Tract 178.09; Orange County; Florida,86039.0,Census Tract 178.09; Orange County; Florida,3617,841,303,538,2776,1310,1466,Census Tract 178.09; Orange County; Florida,1241,Census Tract 178.09; Orange County; Florida,1199,1089,110,Census Tract 178.09; Orange County; Florida,1199,1089,26,439,110,0,41,Census Tract 178.09; Orange County; Florida,1199,1026,633,393,198,195,173,114,59
1400000US12095017810,Census Tract 178.10; Orange County; Florida,6336,Census Tract 178.10; Orange County; Florida,87373.0,Census Tract 178.10; Orange County; Florida,6336,372,82,290,5964,2886,3078,Census Tract 178.10; Orange County; Florida,2315,Census Tract 178.10; Orange County; Florida,2315,2039,276,Census Tract 178.10; Orange County; Florida,2315,2039,0,333,276,80,99,Census Tract 178.10; Orange County; Florida,2315,1599,1410,189,106,83,716,556,160
1400000US12095017811,Census Tract 178.11; Orange County; Florida,4343,Census Tract 178.11; Orange County; Florida,118393.0,Census Tract 178.11; Orange County; Florida,4343,160,27,133,4183,1950,2233,Census Tract 178.11; Orange County; Florida,1244,Census Tract 178.11; Orange County; Florida,1219,1130,89,Census Tract 178.11; Orange County; Florida,1219,1130,6,102,89,0,6,Census Tract 178.11; Orange County; Florida,1219,1123,998,125,59,66,96,95,1
1400000US12095017812,Census Tract 178.12; Orange County; Florida,8876,Census Tract 178.12; Orange County; Florida,113492.0,Census Tract 178.12; Orange County; Florida,8876,787,342,445,8089,3870,4219,Census Tract 178.12; Orange County; Florida,3037,Census Tract 178.12; Orange County; Florida,2896,2348,548,Census Tract 178.12; Orange County; Florida,2896,2348,16,439,548,40,236,Census Tract 178.12; Orange County; Florida,2896,2402,1932,470,91,379,494,373,121
1400000US12095017813,Census Tract 178.13; Orange County; Florida,2218,Census Tract 178.13; Orange County; Florida,123125.0,Census Tract 178.13; Orange County; Florida,2197,118,38,80,2079,997,1082,Census Tract 178.13; Orange County; Florida,729,Census Tract 178.13; Orange County; Florida,702,618,84,Census Tract 178.13; Orange County; Florida,702,618,7,115,84,0,41,Census Tract 178.13; Orange County; Florida,702,527,480,47,0,47,175,158,17
1400000US12095017814,Census Tract 178.14; Orange County; Florida,7218,Census Tract 178.14; Orange County; Florida,135497.0,Census Tract 178.14; Orange County; Florida,7206,1021,388,633,6185,2897,3288,Census Tract 178.14; Orange County; Florida,2282,Census Tract 178.14; Orange County; Florida,2173,1836,337,Census Tract 178.14; Orange County; Florida,2173,1836,40,364,337,0,58,Census Tract 178.14; Orange County; Florida,2173,1912,1540,372,158,214,261,173,88
1400000US12095017901,Census Tract 179.01; Orange County; Florida,6455,Census Tract 179.01; Orange County; Florida,106690.0,Census Tract 179.01; Orange County; Florida,6404,298,110,188,6106,3261,2845,Census Tract 179.01; Orange County; Florida,2420,Census Tract 179.01; Orange County; Florida,2262,1973,289,Census Tract 179.01; Orange County; Florida,2262,1973,0,456,289,11,214,Census Tract 179.01; Orange County; Florida,2262,1708,1323,385,107,278,554,459,95
1400000US12095017902,Census Tract 179.02; Orange County; Florida,8162,Census Tract 179.02; Orange County; Florida,73983.0,Census Tract 179.02; Orange County; Florida,8162,325,188,137,7837,3628,4209,Census Tract 179.02; Orange County; Florida,3595,Census Tract 179.02; Orange County; Florida,3214,2829,385,Census Tract 179.02; Orange County; Florida,3214,2829,73,1214,385,50,188,Census Tract 179.02; Orange County; Florida,3214,2292,1913,379,62,317,922,743,179
1400000US12095018000,Census Tract 180; Orange County; Florida,3932,Census Tract 180; Orange County; Florida,50135.0,Census Tract 180; Orange County; Florida,3654,798,372,426,2856,1521,1335,Census Tract 180; Orange County; Florida,1979,Census Tract 180; Orange County; Florida,1804,340,1464,Census Tract 180; Orange County; Florida,1804,340,10,160,1464,109,818,Census Tract 180; Orange County; Florida,1804,650,400,250,44,206,1154,849,305
1400000US12095018100,Census Tract 181; Orange County; Florida,3228,Census Tract 181; Orange County; Florida,81000.0,Census Tract 181; Orange County; Florida,3228,746,256,490,2482,1280,1202,Census Tract 181; Orange County; Florida,1136,Census Tract 181; Orange County; Florida,1136,865,271,Census Tract 181; Orange County; Florida,1136,865,11,294,271,57,41,Census Tract 181; Orange County; Florida,1136,825,537,288,119,169,311,246,65
1400000US12095018201,Census Tract 182.01; Orange County; Florida,4932,Census Tract 182.01; Orange County; Florida,172628.0,Census Tract 182.01; Orange County; Florida,4909,202,135,67,4707,2271,2436,Census Tract 182.01; Orange County; Florida,2441,Census Tract 182.01; Orange County; Florida,2154,855,1299,Census Tract 182.01; Orange County; Florida,2154,855,0,97,1299,58,688,Census Tract 182.01; Orange County; Florida,2154,1215,1035,180,43,137,939,720,219
1400000US12095018202,Census Tract 182.02; Orange County; Florida,4423,Census Tract 182.02; Orange County; Florida,129231.0,Census Tract 182.02; Orange County; Florida,4337,416,172,244,3921,1983,1938,Census Tract 182.02; Orange County; Florida,2103,Census Tract 182.02; Orange County; Florida,2030,653,1377,Census Tract 182.02; Orange County; Florida,2030,653,0,251,1377,20,695,Census Tract 182.02; Orange County; Florida,2030,868,692,176,125,51,1162,724,438
1400000US12095018203,Census Tract 182.03; Orange County; Florida,1939,Census Tract 182.03; Orange County; Florida,56304.0,Census Tract 182.03; Orange County; Florida,1824,112,52,60,1712,721,991,Census Tract 182.03; Orange County; Florida,910,Census Tract 182.03; Orange County; Florida,758,260,498,Census Tract 182.03; Orange County; Florida,758,260,14,84,498,27,386,Census Tract 182.03; Orange County; Florida,758,356,174,182,7,175,402,224,178
1400000US12095018204,Census Tract 182.04; Orange County; Florida,2284,Census Tract 182.04; Orange County; Florida,72462.0,Census Tract 182.04; Orange County; Florida,2284,360,117,243,1924,1059,865,Census Tract 182.04; Orange County; Florida,975,Census Tract 182.04; Orange County; Florida,846,413,433,Census Tract 182.04; Orange County; Florida,846,413,37,45,433,101,110,Census Tract 182.04; Orange County; Florida,846,504,321,183,0,183,342,188,154
1400000US12095018300,Census Tract 183; Orange County; Florida,2478,Census Tract 183; Orange County; Florida,27885.0,Census Tract 183; Orange County; Florida,2478,799,501,298,1679,855,824,Census Tract 183; Orange County; Florida,1402,Census Tract 183; Orange County; Florida,1190,463,727,Census Tract 183; Orange County; Florida,1190,463,28,98,727,205,359,Census Tract 183; Orange County; Florida,1190,476,152,324,72,252,714,572,142
1400000US12095018400,Census Tract 184; Orange County; Florida,2401,Census Tract 184; Orange County; Florida,75208.0,Census Tract 184; Orange County; Florida,2401,169,88,81,2232,1039,1193,Census Tract 184; Orange County; Florida,1195,Census Tract 184; Orange County; Florida,1127,676,451,Census Tract 184; Orange County; Florida,1127,676,0,231,451,74,229,Census Tract 184; Orange County; Florida,1127,498,357,141,48,93,629,506,123
1400000US12095018500,Census Tract 185; Orange County; Florida,2982,Census Tract 185; Orange County; Florida,61974.0,Census Tract 185; Orange County; Florida,2834,489,229,260,2345,1152,1193,Census Tract 185; Orange County; Florida,1385,Census Tract 185; Orange County; Florida,1140,457,683,Census Tract 185; Orange County; Florida,1140,457,29,185,683,152,257,Census Tract 185; Orange County; Florida,1140,499,278,221,105,116,641,483,158
1400000US12095018700,Census Tract 187; Orange County; Florida,5512,Census Tract 187; Orange County; Florida,39122.0,Census Tract 187; Orange County; Florida,5244,1658,729,929,3586,1789,1797,Census Tract 187; Orange County; Florida,2389,Census Tract 187; Orange County; Florida,2176,920,1256,Census Tract 187; Orange County; Florida,2176,920,31,316,1256,159,806,Census Tract 187; Orange County; Florida,2176,1347,677,670,91,579,829,753,76
1400000US12095018800,Census Tract 188; Orange County; Florida,5625,Census Tract 188; Orange County; Florida,93667.0,Census Tract 188; Orange County; Florida,5603,515,235,280,5088,2981,2107,Census Tract 188; Orange County; Florida,3773,Census Tract 188; Orange County; Florida,3348,566,2782,Census Tract 188; Orange County; Florida,3348,566,16,217,2782,122,1533,Census Tract 188; Orange County; Florida,3348,799,549,250,134,116,2549,1760,789
1400000US12095018901,Census Tract 189.01; Orange County; Florida,4083,,,Census Tract 189.01; Orange County; Florida,3752,768,373,395,2984,1723,1261,Census Tract 189.01; Orange County; Florida,2180,Census Tract 189.01; Orange County; Florida,1938,769,1169,Census Tract 189.01; Orange County; Florida,1938,769,116,133,1169,143,860,Census Tract 189.01; Orange County; Florida,1938,804,600,204,121,83,1134,1037,97
1400000US12095018902,Census Tract 189.02; Orange County; Florida,5720,Census Tract 189.02; Orange County; Florida,84467.0,Census Tract 189.02; Orange County; Florida,5571,650,247,403,4921,2523,2398,Census Tract 189.02; Orange County; Florida,4580,Census Tract 189.02; Orange County; Florida,3750,1107,2643,Census Tract 189.02; Orange County; Florida,3750,1107,31,747,2643,322,1837,Census Tract 189.02; Orange County; Florida,3750,978,779,199,97,102,2772,2420,352
1400000US12095019000,Census Tract 190; Orange County; Florida,4445,Census Tract 190; Orange County; Florida,71391.0,Census Tract 190; Orange County; Florida,4445,318,71,247,4127,1972,2155,Census Tract 190; Orange County; Florida,2862,Census Tract 190; Orange County; Florida,2633,1147,1486,Census Tract 190; Orange County; Florida,2633,1147,46,370,1486,236,836,Census Tract 190; Orange County; Florida,2633,1056,805,251,21,230,1577,1366,211
1400000US12095990000,Census Tract 9900; Orange County; Florida,0,,,Census Tract 9900; Orange County; Florida,0,0,0,0,0,0,0,Census Tract 9900; Orange County; Florida,0,Census Tract 9900; Orange County; Florida,0,0,0,Census Tract 9900; Orange County; Florida,0,0,0,0,0,0,0,Census Tract 9900; Orange County; Florida,0,0,0,0,0,0,0,0,0
