GEOID,Population,median_income,poverty_rate,housing_units,population_density,grocery_stores,grocery_stores_per_1000,apartment_count,major_retailers,major_road_segments,population_score,income_score,apartment_score,competition_score,road_access_score,opportunity_score,location_rank,nearest_grocery_m,nearest_grocery_miles,nearest_retailer_m,nearest_retailer_miles,nearest_road_m,nearest_road_miles,grocery_stores_per_10000,grocery_access_score,retail_access_score,accessibility_score,final_location_score,demand_score,accessibility_score_final,underserved_score,site_selection_score,site_category,site_rank
12095017113,17717,134728.0,2.2606533288120265,5986,1299.9207598156981,22.0,1.2417452164587686,46.0,3.0,0.0,0.9925093632958801,0.9242424242424242,0.9138576779026217,0.8893500948766604,0.1998630859398615,0.6245914198161389,28,252.64531936022334,0.15698652330404397,252.64531936022334,0.15698652330404397,4725.361229104037,2.9362033406804495,12.417452164587685,0.8572509301984912,0.9228032611063895,0.607406258676619,0.6194358714742829,0.5310962769239241,0.5745368664636875,0.7791266832660426,0.6720635808519095,High,1
12095014606,9778,59118.0,21.788752853289065,3822,6078.354241730526,6.0,0.6136224176723256,205.0,0.0,26.0,0.947565543071161,0.25757575757575757,1.0,0.9818548387096775,0.4399798753863341,0.6745914198161389,17,816.467009056598,0.5073290788399485,748.7348358353025,0.46524225761260646,1791.992009306394,1.1134922113024897,6.136224176723256,0.634537065197714,0.7064157039884829,0.5710899170313158,0.6435409689806919,0.4896899276460763,0.5613620575407469,0.6191458576840474,0.6646194199478879,High,2
12095017114,10387,120799.0,8.183306055646481,3768,3360.727868776214,6.0,0.5776451333397515,65.0,1.0,14.0,0.951310861423221,0.8560606060606061,0.9550561797752809,0.9671489563567364,0.5778661617000747,0.7403004766768813,2,363.1387614985058,0.22564396517991542,1862.3409720217678,1.1572050301376013,1077.5208679996556,0.6695404264095529,5.776451333397516,0.80357424039328,0.44589591014296237,0.6417553428659344,0.7107369365335972,0.41937835881609514,0.630469938931274,0.6333975835703924,0.647329776576753,Moderate,3
12095016811,13170,111311.0,1.404707668944571,4265,4092.12182987258,6.0,0.4555808656036447,22.0,1.0,42.0,0.9812734082397003,0.7803030303030303,0.8576779026217228,0.9671489563567364,0.5128150749711918,0.7478506979911475,1,167.01676123558906,0.10377940405257612,1774.8744363790536,1.1028558446044185,1373.0751948959962,0.8531893708840348,4.555808656036446,0.9034411361339854,0.46015365928668445,0.6585332162994079,0.7210554534836255,0.3963720688164873,0.6390019132412681,0.6985249286306522,0.6463463899449347,Moderate,4
12095016002,2510,199853.0,4.780876494023905,1135,3051.427105109001,0.0,0.0,0.0,0.0,21.0,0.12359550561797752,0.9924242424242424,0.3052434456928839,1.0,0.993756143596049,0.5687138236295539,25,792.5462408776837,0.49246540259738353,1062.4055574259833,0.6601482078573526,35.440016305468674,0.022021405184639624,0.0,0.6418620145502796,0.6110641760026212,0.7764600984590557,0.6310377060784045,0.33374628391904004,0.7940548049113442,0.4587386403525879,0.6381833385851438,Moderate,5
12095017112,16409,118277.0,6.338071127920454,6342,3507.762294631922,18.0,1.0969589859223596,0.0,2.0,34.0,0.9887640449438202,0.8295454545454546,0.3052434456928839,0.9161527514231499,0.5342915734469129,0.5874467994552265,59,1230.4878214958517,0.7645896846763971,1270.8887892328182,0.789693682166658,1268.5606306200325,0.7882470314737138,10.969589859223596,0.5273080756754376,0.559177537604133,0.5364753671697668,0.5721553697695886,0.43034321141653287,0.5368245420583406,0.7549686780094337,0.6298448862061696,Moderate,6
12095018202,4423,129231.0,9.59188379063869,2103,7234.621934995547,0.0,0.0,71.0,0.0,0.0,0.3782771535580524,0.9090909090909091,0.9662921348314607,1.0,0.5809686174987271,0.6740040858018386,5,457.032631103628,0.28398691088022693,608.8561827837538,0.3783256921974132,1064.8817216038503,0.6616868249447292,0.0,0.7624730723745282,0.757631051623846,0.6889028862740714,0.6784737259435084,0.34607861258215067,0.6798276635302812,0.5035063770037833,0.6247476154392948,Moderate,7
12095011702,3854,36147.0,16.035288012454593,1849,4214.476237899833,1.0,0.2594706798131811,72.0,1.0,21.0,0.29213483146067415,0.026515151515151516,0.9700374531835206,0.9822699240986716,0.9985245570444431,0.5525727783452503,6,122.65360078298724,0.07621341415072677,122.65360078298724,0.07621341415072677,28.158313355801717,0.017496764741286957,2.594706798131811,0.929167810217301,1.0,0.9710769469046976,0.6781240289130845,0.20121340575423896,0.9745447842460546,0.4885778218414739,0.6189330785646554,Moderate,8
12095018201,4932,172628.0,4.114891016500306,2441,7211.352115545835,4.0,0.8110300081103001,55.0,1.0,0.0,0.4606741573033708,0.9696969696969697,0.9307116104868914,0.9731973434535104,0.40907985490041315,0.5903047327204631,45,575.7490612541002,0.35775388062098606,644.9048193611318,0.40072527648602896,2007.5226692240344,1.2474167544192132,8.110300081103,0.715562467456734,0.7438242210236428,0.5986217731475875,0.5927998448486004,0.3984754627928186,0.5832976425197713,0.5089663051122975,0.6189055471683645,Moderate,9
12095016301,5487,54205.0,18.64951768488746,2946,4043.0639770223047,13.0,2.369236376890833,77.0,2.0,74.0,0.5468164794007491,0.1553030303030303,0.9775280898876404,0.9312737191650854,0.9710175144222859,0.5441756043581886,11,189.9431939465374,0.1180252288799271,360.78371508672853,0.2241806071832551,71.07352713655688,0.044163042293354854,23.69236376890833,0.8906430670876022,0.8663464821260143,0.9179335290291581,0.6563029817594794,0.2594056209283343,0.9219522513958923,0.5074382021340976,0.6182786346134476,Moderate,10
12095015801,1876,237446.0,0.5971769815418024,710,2895.9750422790075,0.0,0.0,0.0,0.0,0.0,0.03745318352059925,1.0,0.3052434456928839,1.0,0.5792776829959624,0.4702247191011236,138,1001.0227063401816,0.6220066724952412,1001.0227063401816,0.6220066724952412,1071.7556667344693,0.665958096425916,0.0,0.5825364362607783,0.6279202926954511,0.5903097062417866,0.5062502152433225,0.379267912165061,0.5901467685785458,0.4439018682475916,0.6141267054064927,Moderate,11
12095016735,12767,115538.0,3.9555102999921674,4846,3472.3997677500856,18.0,1.4098848594031488,21.0,1.0,27.0,0.9737827715355806,0.7992424242424242,0.8539325842696629,0.9308586337760911,0.5575099423056029,0.6835567756213823,22,1258.1309580217176,0.7817663333766538,1819.797198234955,1.130769554697414,1163.5089049376963,0.7229709154398912,14.098848594031487,0.5212513948523313,0.4527400373636145,0.5220525423358966,0.6351055056357365,0.39509593974265333,0.5238654697085601,0.6697391448763161,0.6090429744592323,Moderate,12
12095017020,5923,69512.0,11.060869565217391,3037,5333.718424834569,7.0,1.1818335303055885,130.0,2.0,11.0,0.6217228464419475,0.4015151515151515,0.9925093632958801,0.949418880455408,0.6145045375637157,0.5765194075587334,42,792.8572625648932,0.4926586625139766,757.830475478248,0.4708940260617046,935.4816331749078,0.5812813377220207,11.818335303055886,0.641765838320399,0.7032950012895093,0.6431671506115478,0.5965137304745777,0.35340471892063396,0.6418040855737136,0.5273188275422146,0.6072802515738401,Moderate,13
12095016407,7461,58423.0,24.915414805792395,3292,5265.340939300314,10.0,1.3403029084573113,144.0,3.0,0.0,0.8314606741573034,0.24242424242424243,0.9962546816479401,0.9256404174573054,0.48055619159509866,0.531775621382363,72,688.6973545312725,0.42793669627579467,564.7151688459618,0.3508977377403226,1545.1494512723739,0.9601113567219773,13.403029084573113,0.6754304013202598,0.7751608914945787,0.6174268154650592,0.5574709796071718,0.3781271845948312,0.6076831049788011,0.5584721612362216,0.6063268361945066,Moderate,14
12095016748,7250,120342.0,9.227586206896552,2265,6220.47972450544,0.0,0.0,101.0,0.0,0.0,0.8164794007490637,0.8522727272727273,0.9850187265917603,1.0,0.15992188594908777,0.7787772386789241,7,871.3607012894332,0.5414384378289745,992.0218079734495,0.6164137735458979,5786.304139799234,3.595442701994871,0.0,0.6182617265131732,0.6304588714966071,0.4373652192842258,0.6763536328605146,0.4136661046505614,0.4144482272560215,0.5696634034088693,0.6053224276523157,Moderate,15
12095014705,9194,71857.0,12.064635877279178,3665,13587.026374453662,8.0,0.8701326952360235,7.0,0.0,12.0,0.9363295880149812,0.45454545454545453,0.7659176029962547,0.9758064516129032,0.6540069797878736,0.6159346271705822,13,304.6525302966442,0.18930230596854633,819.2038619908985,0.509029680410713,798.256202228563,0.49601340808960853,8.701326952360235,0.8312142951058177,0.6828488819215115,0.7306582863417789,0.6503517249219412,0.25789292580929524,0.7217979205758817,0.6022533715647408,0.6004840270792394,Moderate,16
12095016302,4067,55234.0,19.203343988197688,1838,5325.305873023576,9.0,2.2129333661175314,26.0,2.0,61.0,0.3295880149812734,0.18181818181818182,0.8782771535580525,0.9433704933586338,0.9818487843238867,0.4869169220292816,21,11.760672557368467,0.00730774312848494,156.98828778002635,0.09754799954517265,53.90934003588929,0.03349771089082836,22.129333661175316,0.9996347046629478,0.9785058072423255,0.9882945570431989,0.6373302125334568,0.17657351474815652,0.9874052610262458,0.4806591898179311,0.5991875250938951,Moderate,17
12095015501,6127,96404.0,8.354011579818032,3563,3140.920542044754,6.0,0.9792720744246776,20.0,0.0,44.0,0.6554307116104869,0.6553030303030303,0.848314606741573,0.9818548387096775,0.8060813626387465,0.6480145556690501,8,563.4330154396354,0.3501010445496024,1162.093764626524,0.722091588017555,384.3774191423976,0.23884105520162105,9.792720744246775,0.7201908135164945,0.5852801548084048,0.7275649014237774,0.6718796593954682,0.26208035740769337,0.73185942887989,0.5337057079122154,0.5991310511431801,Moderate,18
12095018902,5720,84467.0,11.667564171602944,4580,10613.047650473029,36.0,6.293706293706294,9.0,1.0,41.0,0.5955056179775281,0.5643939393939394,0.7808988764044944,0.8764231499051234,1.0,0.5276366189989785,9,11.222796146435517,0.006973522221747194,216.84988409581925,0.1347442710171469,25.918251494062925,0.01610485483157294,62.93706293706294,1.0,0.9429642262459488,0.9885928452491898,0.6659234868740418,0.2247206525825915,0.9885928452491898,0.47579405869837915,0.5981131809242495,Moderate,19
12095017120,6402,184514.0,0.937207122774133,2563,1976.83676864979,0.0,0.0,9.0,0.0,11.0,0.700374531835206,0.9772727272727273,0.7808988764044944,1.0,0.4476785563894861,0.7872276132107592,4,1885.5173741257656,1.1716061787447343,1920.317097604566,1.193229724412286,1742.2316911305275,1.0825725830714423,0.0,0.40955345894053213,0.436834754055354,0.43025975694307816,0.6801372563304549,0.38283190765351566,0.43216601181552583,0.5498186356722181,0.5945478289917332,Moderate,20
12095017021,6593,101139.0,9.72243288336114,2055,3220.0132809688216,4.0,0.6067040800849386,0.0,0.0,31.0,0.7265917602996255,0.7007575757575758,0.3052434456928839,0.9879032258064516,0.7605007161499445,0.5798327374872319,27,396.4598572282894,0.2463487341601854,1724.0780002619383,1.0712924025329191,492.6831747368868,0.3061391316815341,6.0670408008493855,0.7885477616981593,0.4687773326640723,0.713374857672056,0.6198953735426791,0.25193976949959224,0.7119725053946453,0.547836775879488,0.5943250542086502,Moderate,21
12095016511,5715,74891.0,23.38358458961474,1686,4773.664300434383,2.0,0.34995625546806647,91.0,0.0,26.0,0.5880149812734082,0.4772727272727273,0.9812734082397003,0.9939516129032258,0.6379030764626092,0.6724336057201225,15,1125.7808495782651,0.6995277887004053,1254.429565074448,0.77946639442807,852.3717023891443,0.5296392209429086,3.4995625546806646,0.5513597573747077,0.5629991869351485,0.5883049709219564,0.6471950152806726,0.3105274370672413,0.5926321368763515,0.5305157591320682,0.5939744619863414,Moderate,22
12095012600,5573,124783.0,0.5793952562013398,2608,4105.082501793165,4.0,0.7177462766911897,1.0,1.0,15.0,0.5692883895131086,0.8901515151515151,0.6310861423220974,0.9731973434535104,0.6889331143322424,0.616387895812053,19,609.4672896334366,0.37870541638918503,717.3425769501973,0.4457360122821456,688.6940959407875,0.42793467148154,7.177462766911897,0.703154116539082,0.7173737748099372,0.7003096473105173,0.6415644212615922,0.27209773820018796,0.6995985972001753,0.523966890158516,0.5931147067720149,Moderate,23
12095017116,8031,173529.0,4.1464325737766154,2995,1764.8864455875746,1.0,0.12451749470800648,0.0,0.0,0.0,0.8764044943820225,0.9734848484848485,0.3052434456928839,0.9969758064516129,0.42861854998665816,0.6296369594824651,67,1891.8424577241847,1.1755364034812847,2237.1147887012444,1.3900786834270635,1868.185453860717,1.1608366227858786,1.2451749470800648,0.40863118338023346,0.3921462665549598,0.41332914665774867,0.5647446156350502,0.38107860301019036,0.4143285149880699,0.5863273440537287,0.5930226205425468,Moderate,24
12095016503,7850,111146.0,23.837902264600714,2693,3795.795241283297,26.0,3.3121019108280256,55.0,1.0,65.0,0.8689138576779026,0.7765151515151515,0.9307116104868914,0.9066650853889944,0.6612200076032482,0.6786495573714675,10,728.8094257716766,0.45286118180555346,1782.2533633113271,1.1074408972297576,774.7815399343808,0.4814269291925038,33.12101910828025,0.6621110256932421,0.45892243187961,0.6211168996945182,0.6613897600683827,0.35337420117578094,0.6210723487900185,0.5417690287855321,0.5917405787235677,Moderate,25
12095016736,14231,121250.0,8.333333333333332,5133,1448.1008832219568,20.0,1.4053826154170475,41.0,1.0,29.0,0.9850187265917603,0.865530303030303,0.9044943820224719,0.9248102466793169,0.30414856886036307,0.7033314181137214,50,2869.7937432804715,1.7832071597374282,2869.7937432804715,1.7832071597374282,2999.1973892795927,1.86361485753176,14.053826154170473,0.2973690999692889,0.32181707471765847,0.3049704824753925,0.5838231374222227,0.45074598658259507,0.3053094559199462,0.7007736449889218,0.5888807243197145,Moderate,26
12095018800,5625,93667.0,9.19150455113332,3773,5140.658634970012,28.0,4.977777777777778,7.0,2.0,46.0,0.5805243445692884,0.6401515151515151,0.7659176029962547,0.8859108159392789,0.9582006066403647,0.5426519407558734,14,165.83156243683314,0.10304295566195489,619.196456632108,0.3847508404866256,91.84761435046103,0.05707146163310083,49.77777777777778,0.9041117280981141,0.7536249817341025,0.8956499302422121,0.648551337601775,0.23436048918011265,0.8983543741693245,0.4864741088739559,0.5878357261750892,Moderate,27
12095017108,10693,108672.0,4.853642569905546,4588,1489.243702931974,9.0,0.8416721219489386,1.0,0.0,29.0,0.9588014981273408,0.7537878787878788,0.6310861423220974,0.9727822580645161,0.7866865171834728,0.6595101293837249,36,3193.3370244649755,1.9842476341074222,3486.094254601683,2.1661585432335677,429.0674761569935,0.2666101692099349,8.416721219489386,0.27053457892922234,0.27010114851305317,0.47690866814768873,0.604729691012914,0.32822812274251656,0.5027162650604012,0.6357198396092646,0.5872411634893682,Moderate,28
12095016911,9112,53919.0,25.0,4085,15984.321568578578,2.0,0.21949078138718173,24.0,0.0,0.0,0.9288389513108615,0.14393939393939395,0.8651685393258427,0.9939516129032258,0.43868358287273146,0.5998680626489616,29,151.44265179979936,0.09410210110442475,1086.305643432105,0.6749990327935512,1800.5162830746217,1.1187889494568108,2.194907813871817,0.9123250622427324,0.6047087010375916,0.661345198253704,0.6183112033303844,0.25090437285401707,0.6376631242852038,0.6100118393224032,0.5870810418018556,Moderate,29
12095016512,6359,58553.0,24.171539961013643,2170,7326.5409634490015,14.0,2.2016040257902185,70.0,1.0,6.0,0.6928838951310862,0.25,0.9625468164794008,0.9429554079696396,0.7002005649759164,0.5200842696629214,57,604.631614853677,0.37570066738601376,764.0804908275471,0.4747776055508003,655.4450717372476,0.40727468567145847,22.016040257902187,0.7049104359816051,0.7011644934547422,0.7022772990739571,0.5747421784862321,0.2708823464599855,0.7020418055236727,0.5262317110148476,0.5842710931811054,Moderate,30
12095015802,2822,205455.0,2.7639971651311126,1027,4143.471191025682,0.0,0.0,0.0,0.0,0.0,0.1647940074906367,0.9962121212121212,0.3052434456928839,1.0,0.4769930981629161,0.5014917432754511,154,1235.4314335291479,0.7676615027794852,2026.1763659592614,1.259007624199215,1565.3810974443054,0.9726827188247543,0.0,0.5262162749095111,0.4210354834270765,0.48549084591438624,0.4966914740671316,0.34687132489041794,0.4830296870770564,0.4660400171613558,0.581958469087714,Moderate,31
12095017812,8876,113492.0,8.866606579540333,3037,4018.765725988301,0.0,0.0,0.0,0.0,0.0,0.9138576779026217,0.7840909090909091,0.3052434456928839,1.0,0.48691174166151124,0.6569394790602656,34,1427.4411853088552,0.8869708311640365,1427.4411853088552,0.8869708311640365,1509.694913922994,0.93808092857897,0.0,0.4865610105536916,0.5248987228418193,0.494368845454445,0.6081682889785194,0.3057659443955013,0.494386382009836,0.6077148094699482,0.5819551351071626,Moderate,32
12095015602,2073,198409.0,2.9908345393150024,753,2955.510476053906,0.0,0.0,0.0,0.0,0.0,0.052434456928838954,0.9848484848484849,0.3052434456928839,1.0,0.4745410665412417,0.47169731018045624,164,920.2524110852638,0.5718183378353315,1376.7416301692458,0.855467588141035,1579.4554248587312,0.9814281004301947,0.0,0.6043606464927516,0.535606407173227,0.5386819666482427,0.49179270712079215,0.32480006136765555,0.5321909876506672,0.4485120324505636,0.581209425322252,Moderate,33
12095016750,12106,117609.0,2.6984521148911513,4233,3065.400117911902,12.0,0.9912440112340988,56.0,2.0,0.0,0.9625468164794008,0.8181818181818182,0.9382022471910112,0.9342979127134725,0.10537486777522195,0.6313415049370105,97,1577.5759837813314,0.9802602698871908,1577.5759837813314,0.9802602698871908,7979.528457530687,4.958249111147578,9.912440112340988,0.45888294344691344,0.4951886392152362,0.3247408523319014,0.5393613091554778,0.4305191459773961,0.30706544854831685,0.6639479422100152,0.580304916135665,Moderate,34
12095013202,7224,59888.0,10.243224461431549,3033,4971.202241479908,2.0,0.2768549280177187,63.0,0.0,0.0,0.8127340823970037,0.2727272727272727,0.9456928838951311,0.9939516129032258,0.4424645197824508,0.6062648961525365,43,591.8780893200268,0.36777599401994027,1430.3151371576312,0.8887566220507431,1775.7718331287992,1.103413461092718,2.768549280177187,0.7095795360804833,0.5243024455494741,0.5656781114550685,0.5940888607432961,0.2778086430445877,0.5523223606401669,0.5658291488898591,0.576356328105822,Moderate,35
12095012800,3860,154886.0,3.6420395421436007,1717,3080.6759388533524,6.0,1.5544041450777202,0.0,0.0,21.0,0.2958801498127341,0.9545454545454546,0.3052434456928839,0.9818548387096775,0.6475772963467467,0.47080354102826016,145,1182.130561127921,0.7345418761482448,1386.0819927114364,0.8612714203498049,819.5746305491286,0.5092600653117846,15.544041450777202,0.5381917369429572,0.5336064963886485,0.5810289125936112,0.5038711524978655,0.2885257194101383,0.5864981905638007,0.480653716804918,0.5753317491702106,Moderate,36
12095014702,5960,51444.0,16.353160481274358,2818,8628.062816279169,3.0,0.5033557046979866,54.0,1.0,9.0,0.6367041198501873,0.12121212121212122,0.9250936329588015,0.9762215370018976,0.6504673106862142,0.5708971739870616,39,706.055465938983,0.4387225266561922,733.4231269945503,0.45572800283503734,809.9458978470964,0.5032770481929881,5.033557046979866,0.6696099276762197,0.7117238634469728,0.6703756680343682,0.6007407222012536,0.2346664559699237,0.6694185371848679,0.5346363088490442,0.5740803818104169,Moderate,37
12095016907,7546,55457.0,33.99384121033606,2994,11480.51523441185,6.0,0.795123244102836,3.0,1.0,13.0,0.8426966292134831,0.1893939393939394,0.702247191011236,0.9671489563567364,0.7100229784150226,0.5594952332311882,35,588.6079212232937,0.36574400577085675,588.6079212232937,0.36574400577085675,627.2353670267428,0.3897459878228289,7.95123244102836,0.7107854814960797,0.7655848862622876,0.7214403612168985,0.6080787716269013,0.203130128435076,0.7214022360628456,0.5669129312828617,0.5723684786219065,Moderate,38
12095015300,3678,98359.0,7.694532831935204,1812,2459.526225952688,6.0,1.6313213703099512,0.0,1.0,50.0,0.25842696629213485,0.6856060606060606,0.3052434456928839,0.9671489563567364,0.9023500147847736,0.4477847293156282,93,620.9196904411311,0.38582160833304197,1162.61258086534,0.7224139654824202,188.70925446975053,0.11725849443608732,16.31321370309951,0.6990249767849996,0.5851508157343374,0.7575801597747769,0.5407233584533728,0.2023644029601425,0.7677464116747654,0.4763945803331367,0.5722791884593447,Moderate,39
12095010202,3988,101599.0,12.45859872611465,2872,10574.237182257093,13.0,3.259779338014042,2.0,1.0,1.0,0.3146067415730337,0.7159090909090909,0.6704119850187266,0.9459796015180266,0.6424141645266195,0.43042007150153216,98,91.45301965153331,0.05682627185457759,549.6907575436702,0.34156200137675363,836.9689099379892,0.5200683694337501,32.59779338014042,0.9480652310687788,0.7812910853868669,0.7924499753155327,0.5390290426457323,0.2144156321379451,0.7771674219884248,0.4723588308637673,0.5722295007946477,Moderate,40
12095012701,5607,102303.0,16.739007359879224,2655,5884.559615357653,4.0,0.7133939718209382,1.0,1.0,0.0,0.5730337078651685,0.7196969696969697,0.6310861423220974,0.9731973434535104,0.6256199657179741,0.5209695267279536,68,708.1813579653208,0.44004349471916554,708.1813579653208,0.44004349471916554,895.3117540072187,0.5563209320115642,7.1339397182093816,0.6689030725635585,0.720627633031146,0.6619347419188423,0.5632590912852202,0.23949222498267064,0.6597705865765631,0.5247625530158818,0.5721864656460222,Moderate,41
12095016200,6862,81066.0,15.214158239143366,3206,4842.232282446909,2.0,0.29146021568055963,0.0,0.0,13.0,0.7827715355805244,0.5340909090909091,0.3052434456928839,0.9939516129032258,0.5899985418303915,0.57533835546476,41,461.1897875728239,0.28657004815180837,1404.8713159796962,0.8729465645503361,1028.7621415177318,0.6392431584035059,2.9146021568055964,0.7607394911623307,0.5296209670301203,0.6462194066031131,0.5966026708062658,0.22654851050879982,0.637682359136516,0.5573576796437887,0.5720771278661697,Moderate,42
12095010802,3507,133625.0,6.456282570932252,1737,5115.3019996789935,16.0,4.562303963501568,0.0,0.0,2.0,0.2397003745318352,0.9204545454545454,0.3052434456928839,0.9516129032258065,0.707396972090252,0.36344271365338776,194,619.657688913455,0.3850374369391845,801.4979971494821,0.49802776606460897,634.7081312289068,0.39438934822443605,45.62303963501569,0.6994779086684929,0.6886406274203264,0.7004780777875633,0.4645533228936404,0.2516793588110794,0.7008740309586512,0.4562638319394975,0.5719568038778536,Moderate,43
12095011300,4940,124402.0,6.447613143211408,2424,4281.053730204644,15.0,3.0364372469635628,0.0,0.0,10.0,0.46441947565543074,0.8825757575757576,0.3052434456928839,0.9546370967741935,0.6501517300059365,0.4363189479060266,147,599.4929088398319,0.3725076235036337,1254.4091691515634,0.7794537209891504,810.9936113102917,0.503928067156737,30.36437246963563,0.70678524447687,0.5630039498941478,0.6553755797719523,0.5020359374658043,0.2604410444596042,0.6525439040484055,0.49141158441839483,0.5702174860676203,Moderate,44
12095016100,5035,133438.0,11.129568106312291,2280,4075.560132527842,0.0,0.0,0.0,0.0,0.0,0.47191011235955055,0.9166666666666666,0.3052434456928839,1.0,0.5889566827514283,0.5663389513108614,73,1090.7919378645217,0.6777866869137498,2294.85530253607,1.4259569753490056,1032.879693429746,0.6418016865441734,0.0,0.5598126874078966,0.38478257953126976,0.5364642639699839,0.5573765451085981,0.2752424004474883,0.5379214637371605,0.5178283084363665,0.5694640837700641,Moderate,45
12095014815,5533,198920.0,1.1024760527742636,1742,2084.997738667673,5.0,0.9036688957166095,0.0,1.0,0.0,0.5599250936329588,0.9886363636363636,0.3052434456928839,0.9701731499051234,0.2134248162425098,0.47928796390875045,213,1433.068905004149,0.8904677340606787,1433.068905004149,0.8904677340606787,4431.135153526985,2.7533797333118244,9.036688957166094,0.48547423501283493,0.5237321604486574,0.3843060525918694,0.4507933905136861,0.3795335496994521,0.37070358165335315,0.5214179129828675,0.5691478724802753,Moderate,46
12095017200,5945,107857.0,14.315569487983282,2544,2134.541568053879,1.0,0.16820857863751051,0.0,0.0,39.0,0.6292134831460674,0.7462121212121212,0.3052434456928839,0.9969758064516129,0.6612218657153773,0.6289730166836909,33,844.2605284596428,0.5245991711278899,3761.621020845275,2.3373629384676455,774.7755517202362,0.48142320828874136,1.682085786375105,0.6262055950887491,0.2508197882949179,0.5651349419806342,0.6098215942727738,0.2517326328747711,0.5668857555119656,0.5375110875694664,0.5669140549447321,Moderate,47
12095017810,6336,87373.0,5.871212121212121,2315,1690.1901836222316,11.0,1.736111111111111,0.0,1.0,64.0,0.6891385767790262,0.5909090909090909,0.3052434456928839,0.9520279886148009,0.678083896484972,0.5153217568947907,64,593.4305920192584,0.3687406744731135,881.9360367100172,0.5480096466075726,721.6447535854956,0.44840926090723643,17.36111111111111,0.7090082704877576,0.6629911854151327,0.6874351038721185,0.5669557609879889,0.22763890229334977,0.6858888851719791,0.5305321781711079,0.5668949523532868,Moderate,48
12095016510,5319,24533.0,58.120248790601245,1767,6665.51516010662,16.0,3.008084226358338,111.0,0.0,40.0,0.5243445692883895,0.011363636363636364,0.9887640449438202,0.9516129032258065,0.7286808321238093,0.49421390875042553,99,617.4990632642371,0.38369612914593587,2508.5060474825027,1.558713393458765,575.5410449035091,0.3576246252532144,30.08084226358338,0.7002538286724588,0.3593312986002234,0.643440124038552,0.5389817733368634,0.25451092617228777,0.6448614742111194,0.4986679818673418,0.5661273344656151,Moderate,49
12095016743,6981,107212.0,6.216874373298954,2463,4851.474220550449,3.0,0.42973785990545765,26.0,1.0,0.0,0.8014981273408239,0.7386363636363636,0.8782771535580525,0.9762215370018976,0.357502995734313,0.6411325331971399,40,1007.6061094268775,0.6260974095202004,1009.33245279896,0.6271701095595223,2435.320027772893,1.5132377091366997,4.297378599054577,0.5808169721871561,0.6255921363113973,0.5004464144308671,0.598926697567258,0.2986520843306073,0.48928071560822495,0.5585295964187623,0.5660363975963334,Moderate,50
12095013300,6773,82054.0,16.8732268179782,2902,5323.757767064365,4.0,0.5905802450908018,2.0,0.0,40.0,0.7790262172284644,0.5492424242424242,0.6704119850187266,0.9879032258064516,0.6507535280208814,0.6516747531494722,20,1043.378409546566,0.648325286294643,1170.3274559078775,0.7272077665855637,808.9964534393464,0.5026870907893815,5.905802450908018,0.5716230835173924,0.5832332213643657,0.6055972888881826,0.6378515138710853,0.22905535633048613,0.6095538111133572,0.5520491086537772,0.5651087833621792,Moderate,51
12095017118,5040,157975.0,2.4965048931495906,1796,1932.8152139564422,21.0,4.166666666666667,0.0,1.0,27.0,0.4794007490636704,0.9621212121212122,0.3052434456928839,0.9217860531309299,0.6952428768084298,0.46856911814776986,153,1411.645545168327,0.8771558754177646,1839.361965846075,1.142926537673782,669.9553785201111,0.4162909722968558,41.666666666666664,0.4896329564374935,0.4495716308466365,0.5638646594676966,0.4971577805437479,0.3114884195476536,0.5741451554862435,0.48407434993816123,0.5643676498494052,Moderate,52
12095018203,1939,56304.0,6.140350877192982,910,7718.47466020641,1.0,0.5157297576070139,39.0,0.0,33.0,0.04119850187265917,0.2159090909090909,0.897003745318352,0.9969758064516129,0.9024137660717725,0.516281494722506,48,664.2929749537141,0.41277251784187474,918.4193829840897,0.5706793469787004,188.59240302460748,0.11718588631430413,5.15729757607014,0.6837639203654955,0.6518957732598151,0.7648502292268702,0.5908521150738152,0.16080495124124278,0.7757827215121841,0.4437632814927864,0.5629475948836964,Moderate,53
12095017117,6520,137260.0,8.389570552147239,2429,2368.9910400247804,6.0,0.9202453987730062,0.0,1.0,17.0,0.7191011235955056,0.9318181818181818,0.3052434456928839,0.9671489563567364,0.4826225115716029,0.5689862104187947,90,1502.1089359626715,0.9333672204094783,1538.8860342527978,0.9562194498210437,1533.5343492001834,0.952894066899422,9.202453987730062,0.4724617809047043,0.5025739416772574,0.4825485053259744,0.5430548988909486,0.30404393268463387,0.48305654185931934,0.5429026344694134,0.5626638317996797,Moderate,54
12095015103,6971,81914.0,8.176732176158371,3041,3397.415511989683,1.0,0.14345144168698895,0.0,0.0,50.0,0.797752808988764,0.5454545454545454,0.3052434456928839,0.9969758064516129,0.6157124769066031,0.6505447735784815,26,787.547619780621,0.489359403446759,2421.740944112314,1.5048000577330354,931.0539843112085,0.5785301242687757,1.4345144168698896,0.6434111460591107,0.3693419042058714,0.5775178300274598,0.628636690513175,0.22949901326488376,0.5761328965698345,0.5615213843829147,0.5622710649936957,Moderate,55
12095017013,7473,93443.0,7.654221865382042,3215,5502.618301015547,9.0,1.2043356081894823,0.0,2.0,11.0,0.8352059925093633,0.6363636363636364,0.3052434456928839,0.9433704933586338,0.6007343065663378,0.5183009874021111,87,881.8371158630849,0.5479481800429771,1083.989286308898,0.6735597152062567,987.0687485874388,0.61333608512999,12.043356081894823,0.6152370987977036,0.6053197270700491,0.6074525075596264,0.5450464434493657,0.25432480113365424,0.606727367948058,0.5603658866469806,0.5621231307153616,Moderate,56
12095015702,1520,151875.0,3.75,676,2431.129773571902,1.0,0.6578947368421052,0.0,0.0,0.0,0.02247191011235955,0.946969696969697,0.3052434456928839,0.9969758064516129,0.4521668135640061,0.41217654068777665,179,267.7297416471044,0.16635954876465467,1506.098573982962,0.9358462665427416,1713.8880469143285,1.064960659072472,6.578947368421052,0.8495505922403307,0.5089761427460255,0.6224821908709398,0.4752682357427256,0.24758056308544346,0.6026130019371235,0.433957906868191,0.5620433582439051,Moderate,57
12095015701,2211,129167.0,7.930720145852324,1065,3844.007238452801,1.0,0.4522840343735866,0.0,0.0,23.0,0.06741573033707865,0.9053030303030303,0.3052434456928839,0.9969758064516129,0.6563534755466598,0.49778047327204633,96,861.3206922740111,0.535199865456988,984.7627393336649,0.6119031974106622,790.569007204115,0.4912368065523064,4.522840343735866,0.6211844306104017,0.63251902401664,0.6375189672661526,0.5397020214702781,0.22488898320553302,0.6392774195129656,0.4501285843517122,0.5619166775554614,Moderate,58
12095017302,9003,71455.0,12.01793721973094,3299,5132.447351776925,48.0,5.331556147950684,1.0,3.0,77.0,0.9176029962546817,0.44696969696969696,0.6310861423220974,0.8107210626185957,0.7905119791323524,0.572944330949949,12,263.3875175581919,0.16366141580556545,341.8075840625999,0.21238938602474045,420.09484189964746,0.26103483276393824,53.31556147950683,0.8517545080610288,0.8758007960664393,0.8320667540906403,0.6506810578921564,0.24700346145046245,0.8290046276442065,0.5332674894219869,0.5611453778368036,Moderate,59
12095016408,2235,70750.0,15.650224215246636,1088,4665.076960523579,0.0,0.0,68.0,0.0,0.0,0.0749063670411985,0.42045454545454547,0.9588014981273408,1.0,0.6287179571054118,0.5233678072863466,74,812.8175898687814,0.5050614348882411,955.8757200361716,0.593953635789596,884.3409592395384,0.5495039961869795,0.0,0.6356452273152369,0.6408327950608548,0.6339118327804305,0.5565310149345717,0.22208245333548554,0.6335654692699392,0.4523031319474239,0.5607763883829244,Moderate,60
12095016809,7837,66810.0,23.93773127472247,2850,4154.063099696146,2.0,0.25519969376036744,0.0,0.0,11.0,0.8651685393258427,0.375,0.3052434456928839,0.9939516129032258,0.6440190070983578,0.5661750936329588,65,1152.6620289566042,0.7162309791794695,1843.0446900968168,1.1452148764321468,831.5356676980387,0.5166923092253978,2.5519969376036746,0.545011037492009,0.4489792498902203,0.5654078678141907,0.5659449258873284,0.22074609225488365,0.5703582662945081,0.5801744821711883,0.5585730222489417,Moderate,61
12095016504,5087,50737.0,26.6734486266531,2027,3309.4055061779745,4.0,0.7863180656575586,75.0,0.0,7.0,0.48314606741573035,0.10984848484848485,0.9737827715355806,0.9879032258064516,0.5994890516537285,0.5227506809669732,110,1199.8321656818594,0.7455411432744393,1397.8507567721324,0.8685841913053595,991.8371284603212,0.6162990190166435,7.863180656575586,0.5341641992899256,0.5311043169722348,0.5596821637719087,0.5338301258084538,0.24561420441260523,0.5629484063900987,0.5125935916679353,0.5584656899517908,Moderate,62
12095011000,3207,121250.0,7.920174618023075,1843,4799.472484967867,6.0,1.8709073900841908,2.0,0.0,0.0,0.20973782771535582,0.865530303030303,0.6704119850187266,0.9818548387096775,0.46815232194996337,0.43085950800136197,160,385.65040976883114,0.239632054904875,856.1073225895519,0.5319604277205817,1616.7189400114996,1.0045825752676243,18.709073900841908,0.7933673836511548,0.6710448130462859,0.6388168448497045,0.4932467090558647,0.23119702392186198,0.6225560917646449,0.4653723095737467,0.5580837104919517,Moderate,63
12095013406,4810,70948.0,10.76923076923077,1483,9155.096111423438,5.0,1.0395010395010396,0.0,0.0,2.0,0.4419475655430712,0.4318181818181818,0.3052434456928839,0.9848790322580645,0.7077490753756465,0.40391130405175346,161,570.8445229778316,0.3547063418248874,905.0233025306177,0.5623554084960193,633.7032616504888,0.3937649512164514,10.395010395010395,0.7173993177645839,0.6559324163215658,0.7012458405204053,0.493111664992349,0.17962065358039764,0.7007633284009583,0.5044983763394728,0.5579144744237173,Moderate,64
12095014502,5413,41172.0,30.910439458557388,2678,10984.130258392872,3.0,0.5542213190467393,0.0,0.0,13.0,0.5430711610486891,0.041666666666666664,0.3052434456928839,0.9909274193548387,0.7534893138960556,0.42282303370786517,125,530.2109730143577,0.32945782443924837,612.4456948239235,0.3805561115733638,510.3962559039385,0.31714553004450163,5.542213190467393,0.7329413173046219,0.7562361632001521,0.7458194851203015,0.5197219691315961,0.145137796432653,0.7468468849498731,0.5218354975849544,0.556886271127983,Moderate,65
12095017109,5571,146839.0,0.5767844268204758,2357,1987.1125673025713,0.0,0.0,0.0,0.0,0.0,0.5655430711610487,0.9393939393939394,0.3052434456928839,1.0,0.3139110350842729,0.5931562819203269,92,1465.8727539289384,0.9108511007770486,1503.437489407182,0.9341927452472448,2884.562884028119,1.7923842783321147,0.0,0.4792186124025102,0.5095016733748268,0.41915219366967865,0.5409550554451323,0.30335799445556366,0.4108868148037667,0.5303716993642498,0.5565577306794037,Moderate,66
12095014601,7662,40798.0,24.784651527016443,2945,5048.734170957162,2.0,0.26102845210127906,27.0,0.0,25.0,0.8576779026217228,0.03787878787878788,0.8857677902621723,0.9939516129032258,0.5367673202418917,0.6537155260469868,24,652.50753138011,0.40544938271749853,1729.4973428993437,1.0746598259286664,1256.9814885079352,0.7810520861344343,2.6102845210127907,0.6878527624637525,0.4678447909433614,0.5834169912709299,0.6326259656141697,0.21260051434838825,0.5758627191598369,0.5760791586406294,0.5560061493063533,Moderate,67
12095010201,1958,85051.0,10.674157303370785,1557,6191.846663272333,10.0,5.107252298263534,3.0,0.0,1.0,0.04868913857677903,0.5681818181818182,0.702247191011236,0.969758064516129,0.8104830185255408,0.35985274089206676,169,397.6621254252362,0.24709578898311124,636.8950196706259,0.39574821770275703,374.50649629668294,0.23270754810449656,51.07252298263534,0.7880149131054235,0.7468537253550998,0.7887699177234058,0.48852789394146845,0.15957257006065628,0.7898933229944116,0.42969178758670323,0.5557042907366538,Moderate,68
12095012404,6259,78209.0,13.455258001306337,1983,9039.662062739433,1.0,0.15976993129892952,0.0,0.0,0.0,0.6779026217228464,0.5151515151515151,0.3052434456928839,0.9969758064516129,0.5349507757053646,0.5112614913176711,107,786.0425766379889,0.4884242129948531,1147.9030558839409,0.7132738904074833,1265.4683930817264,0.7863256041478555,1.5976993129892954,0.6438788430384604,0.5888367219738047,0.589299191892291,0.534672801490057,0.21292969401285278,0.5838527885256362,0.5448592680757264,0.5555211040533248,Moderate,69
12095014609,5940,61110.0,9.524615124344443,2547,5821.81462010788,1.0,0.16835016835016836,17.0,1.0,22.0,0.6254681647940075,0.2916666666666667,0.8408239700374532,0.9822699240986716,0.6229825678871831,0.6512406367041199,16,913.7967509934575,0.5678069766274069,834.961376403242,0.5188209459278078,904.7278228286074,0.5621718059212992,1.6835016835016836,0.6061652739688688,0.6777650249527474,0.6272121417329702,0.644032088212775,0.2034803511953657,0.628053006428886,0.5373940783257362,0.5554231268260985,Moderate,70
12095016909,4961,55617.0,20.09675468655513,1850,11480.429389226083,1.0,0.20157226365652087,0.0,0.0,1.0,0.4681647940074906,0.19696969696969696,0.3052434456928839,0.9969758064516129,0.6938913221512165,0.4448076268300988,120,440.4705273461753,0.27369569672250016,1046.1834909216602,0.650068283053008,673.9434582450455,0.41876905015027577,2.015722636565209,0.7694494676099493,0.6154430996234638,0.7084249358291591,0.5238928195298169,0.15937824894097247,0.7046470285562224,0.5144836684033522,0.5552218140634526,Moderate,71
12095014807,8111,75208.0,13.115771187492244,2914,4328.562716253575,0.0,0.0,0.0,0.0,0.0,0.8876404494382022,0.48295454545454547,0.3052434456928839,1.0,0.3324387999241502,0.6052147173987061,53,757.6735754971645,0.47079653293339674,956.6551722704888,0.5944379649537257,2681.978258243734,1.6665040278795173,0.0,0.6528058644159119,0.640606009100629,0.5222190675561507,0.5803160224459395,0.2373996445106814,0.5062007143315626,0.5898123951792191,0.555181240188507,Moderate,72
12095015601,2481,123625.0,2.8214429665457477,1059,3466.694271546259,2.0,0.8061265618702137,2.0,1.0,16.0,0.1198501872659176,0.875,0.6704119850187266,0.9792457305502846,0.6745494943232793,0.5408005617977528,66,1042.8204620495876,0.6479785937932397,1042.8204620495876,0.6479785937932397,732.584266511818,0.4552067590967611,8.061265618702137,0.5717645783892535,0.6163576067267371,0.6217971504303605,0.5650995383875351,0.22337132509922553,0.6269363962270619,0.45483418028733946,0.5539929464789218,Moderate,73
12095014805,6198,70844.0,21.784734548975308,2307,5103.613059637836,3.0,0.484027105517909,0.0,2.0,1.0,0.6666666666666666,0.42803030303030304,0.3052434456928839,0.9615156546489564,0.4707035502676341,0.47993488253319716,102,415.83271436422035,0.25838646949578237,396.220866412397,0.24620023215198056,1601.7344717275969,0.9952716583450132,4.84027105517909,0.7800386952986013,0.8491699514238573,0.6701308885112656,0.5369936843266176,0.20112186627372153,0.6546641312597172,0.5402059488506044,0.5538568640411794,Moderate,74
12095016742,3653,61583.0,11.634273200109499,2130,10016.978552924822,2.0,0.5474952094169175,32.0,0.0,0.0,0.24719101123595505,0.3068181818181818,0.8913857677902621,0.9939516129032258,0.582630652720234,0.459131341504937,122,506.243248687853,0.3145649709992724,764.5742261250089,0.47508439844123374,1058.1595198801806,0.6575098424452327,5.474952094169176,0.7423887114546933,0.700996666875521,0.6702070790450751,0.5224540627669784,0.18679022655609448,0.662219176108352,0.48226114701771117,0.553571524416847,Moderate,75
12095017401,8093,109653.0,8.632822317165118,2871,2508.833709991205,0.0,0.0,5.0,0.0,26.0,0.8838951310861424,0.7651515151515151,0.7340823970037453,1.0,0.41945668313712425,0.8169262853251618,3,2509.4789934628566,1.55931795406256,2412.566914141289,1.4990995797923186,1932.1605357185172,1.2005888956733408,0.0,0.3322151951231975,0.37042561524815326,0.3747538743537594,0.6842745620337409,0.2939889800180657,0.3791159487544557,0.5893911619017902,0.5523578979482965,Moderate,76
12095015204,5986,70784.0,17.906662157592155,2920,6240.746790885835,0.0,0.0,3.0,0.0,8.0,0.6441947565543071,0.42424242424242425,0.702247191011236,1.0,0.6707645224825765,0.6663517194416071,18,993.2322156958725,0.6171658860354731,2108.765199188138,1.3103259459681322,744.4137630544772,0.4625572674670407,0.0,0.5845824071791804,0.40933401544597003,0.5840055749538968,0.641647876095294,0.2013845004082867,0.5883146807190666,0.540083466593861,0.5522250829665142,Moderate,77
12095016409,3027,119821.0,1.3576158940397351,1178,2296.986836672359,0.0,0.0,0.0,0.0,17.0,0.19101123595505617,0.8446969696969697,0.3052434456928839,1.0,0.639310794353113,0.5591951821586654,69,1348.692878552378,0.8380389019080929,1229.4802763084879,0.7639636251220919,847.5443699780998,0.526639655647332,0.0,0.5022019628807911,0.5688766339646228,0.5703804296864863,0.5625507564170116,0.2238434040223967,0.5772358712601023,0.4708373961542962,0.5520682754764088,Moderate,78
12095013512,5037,49500.0,19.356759976176296,1950,7616.838209147373,12.0,2.3823704586063137,13.0,0.0,45.0,0.4756554307116105,0.0946969696969697,0.8089887640449438,0.9637096774193549,0.7722306744069852,0.4777813244807626,77,448.5238621237139,0.2786998069547057,1265.884208848493,0.7865839800866024,463.7022631482185,0.28813122809555847,23.823704586063133,0.7660431642277857,0.560334916340024,0.7273765187219132,0.5526598827531077,0.16740102474682877,0.7276858942308732,0.49852027342418115,0.5514625193131307,Moderate,79
12095013604,6722,54356.0,21.466825349598334,3213,9565.558558432931,2.0,0.2975304968759298,0.0,0.0,21.0,0.7640449438202247,0.16287878787878787,0.3052434456928839,0.9939516129032258,0.6016713619048258,0.5276153387810691,75,837.5036777320444,0.5204006587355123,968.860090328532,0.602021749438611,983.4920504910151,0.6111136279695423,2.9753049687592976,0.6282136355061531,0.6370728043687073,0.619368559838133,0.5551413050981883,0.1849932809609456,0.6180414461580667,0.5540814208193415,0.5511992275688934,Moderate,80
12095013510,2403,58125.0,17.478152309612984,1167,14373.735960151871,0.0,0.0,0.0,0.0,7.0,0.10112359550561797,0.23484848484848486,0.3052434456928839,1.0,0.8268240663583971,0.4185606060606061,115,418.2442699946497,0.2598849406930089,827.4447411540507,0.5141503253214047,338.70048318224184,0.2104587230463107,0.0,0.7789908571307936,0.6801819204593766,0.7783623534875517,0.5265011302886897,0.12316713675750447,0.7807540139489318,0.45623464253676044,0.5510411217464642,Moderate,81
12095014201,6711,69934.0,12.218745343465951,2051,7616.777552140894,12.0,1.788109074653554,14.0,5.0,24.0,0.7565543071161048,0.4053030303030303,0.8202247191011236,0.8901802656546489,0.6935512666481913,0.5766194245829077,31,641.593711856063,0.39866784966797836,700.7634959194053,0.435434248935843,674.9490703112547,0.41939390851878444,17.881090746535538,0.6916773871188805,0.7232811985093593,0.6987477012087007,0.6132579075706456,0.22485711166263656,0.6988413951851662,0.5376949682250705,0.5505347002209896,Moderate,82
12095017123,5967,162188.0,6.454866364094807,2593,2277.334205942171,44.0,7.373889726830903,13.0,3.0,24.0,0.6404494382022472,0.9659090909090909,0.8089887640449438,0.8228178368121442,0.4016820024895901,0.5868339291794348,46,521.8700764181665,0.3242750315769447,643.9977267773253,0.40016163528575943,2063.2384175400653,1.2820369153767406,73.73889726830903,0.7362049542123255,0.744166224442004,0.603988027569167,0.5919801586963545,0.34801446415604176,0.5872618799830303,0.46867108953220205,0.5503706216558862,Moderate,83
12095016810,9083,97484.0,7.282632866355349,3889,1832.4830382840473,3.0,0.3302873499944952,0.0,0.0,7.0,0.9213483146067416,0.6742424242424242,0.3052434456928839,0.9909274193548387,0.3452503998438062,0.5940202587674498,105,1442.2462956877757,0.8961703002513917,2780.3419965484018,1.7276244212228098,2552.253512667824,1.5858968080583293,3.302873499944952,0.48371057663955647,0.330530094346695,0.3976904094626841,0.5351213039760201,0.2853992976719303,0.3907674006228965,0.6077202824829614,0.5503634532480992,Moderate,84
12095013201,4648,66189.0,20.147313691507797,1648,4255.259302574166,2.0,0.43029259896729777,0.0,1.0,15.0,0.42696629213483145,0.36742424242424243,0.3052434456928839,0.9792457305502846,0.7003122976081684,0.4667241232550221,112,685.3330809440815,0.42584623358590923,862.4290980317566,0.5358885968641611,655.1201778795424,0.4070728059877456,4.3029259896729775,0.6765686876294622,0.669058069678177,0.6845640080306877,0.5320760886877218,0.17007839580071588,0.685751188529623,0.5055459865200319,0.5495099138432995,Low,85
12095017115,3781,185417.0,5.2842273819055245,1587,1040.5066563038304,6.0,1.5868817773075905,0.0,1.0,9.0,0.27715355805243447,0.9810606060606061,0.3052434456928839,0.9671489563567364,0.412779600576755,0.4462227613210759,237,2303.444411483639,1.431294000216013,2303.444411483639,1.431294000216013,1980.287972064113,1.2304938981747302,15.868817773075905,0.3550249308163147,0.3837057734268893,0.38386296724260577,0.42751482309753486,0.33229650700026825,0.38675070073062773,0.47880497075397993,0.5482939269286518,Low,86
12095015104,6110,63327.0,25.869993434011818,2110,4414.50656216237,0.0,0.0,0.0,0.0,31.0,0.651685393258427,0.3371212121212121,0.3052434456928839,1.0,0.7288672575631352,0.6128340994211781,37,1222.0844095042203,0.7593680465482956,2257.4266714246814,1.4026999022115105,575.0365807292116,0.3573111657477901,0.0,0.529172724594033,0.3895308045151643,0.5811221537659002,0.6033205157245947,0.18866875431505237,0.5911068804143553,0.5429852958383712,0.5479874073927291,Low,87
12095018700,5512,39122.0,31.61708619374523,2389,1480.9231198068285,6.0,1.0885341074020318,0.0,3.0,73.0,0.550561797752809,0.030303030303030304,0.3052434456928839,0.9377371916508539,0.8105361972978785,0.4289836567926456,106,499.73208312648046,0.31051912029154766,499.73208312648046,0.31051912029154766,374.38783790262244,0.23263381719671022,10.88534107402032,0.7449923169232117,0.8023030551004567,0.7826720167085275,0.5350901647674101,0.1436605787701336,0.7859492107272608,0.5193135709333941,0.5479065882421013,Low,88
12095014904,7574,54259.0,20.31951412727753,2617,9315.619138795651,7.0,0.9242144177449169,1.0,3.0,1.0,0.850187265917603,0.1590909090909091,0.6310861423220974,0.9347129981024669,0.5007733811695755,0.4991445352400409,80,403.3982803384379,0.25066007040038546,559.7065355197036,0.34778551727890594,1435.066055884346,0.8917087060841846,9.242144177449168,0.7854813972407418,0.7771950554251081,0.6699409224491486,0.5503834514027732,0.19936206336629447,0.6557055216455903,0.5659552798219447,0.5478953570885704,Low,89
12095016749,6330,124511.0,12.203228869895536,2113,4340.060091499403,0.0,0.0,3.0,0.0,0.0,0.6853932584269663,0.8863636363636364,0.702247191011236,1.0,0.12598558578359917,0.6945650323459313,32,958.8879523771136,0.595825350190583,958.8879523771136,0.595825350190583,7013.32090615737,4.357875573002024,0.0,0.5937500171431407,0.6399571312681436,0.41588566742432465,0.6109612228694492,0.2859459623261124,0.3924974458563476,0.5481337025625025,0.5476912443579648,Low,90
12095013503,2300,45386.0,22.91304347826087,1078,13973.171605502972,1.0,0.4347826086956522,0.0,0.0,1.0,0.08614232209737828,0.06818181818181818,0.3052434456928839,0.9969758064516129,0.8185320512872605,0.3299838270343889,182,343.8341419615869,0.21364863072257198,535.3443757905553,0.3326475730425287,356.70667678831626,0.2216472530349734,4.3478260869565215,0.8125144108467494,0.7872247950398372,0.8098635438615713,0.4739477420825436,0.10278267723444787,0.8101644258835969,0.4522113488901107,0.5474598328949934,Low,91
12095016804,8439,87475.0,6.694560669456067,2579,1361.4218081334716,9.0,1.0664770707429791,0.0,1.0,55.0,0.9026217228464419,0.5946969696969697,0.3052434456928839,0.9580763757115749,0.501557391453777,0.5766577289751447,84,1418.9991477438452,0.8817251922173539,1815.0771357627912,1.1278366438516507,1430.9516325158313,0.8891521219303214,10.66477070742979,0.48819883650420665,0.45350984630357116,0.4866044604439077,0.5496417484157735,0.2605986442096231,0.4872723881913862,0.5829720725356659,0.5474140552891655,Low,92
12095015106,7559,52993.0,14.489876935291782,2641,4101.9729526330375,5.0,0.6614631565021828,0.0,1.0,8.0,0.846441947565543,0.13257575757575757,0.3052434456928839,0.9701731499051234,0.5168313930648293,0.473912580864828,129,745.0194404697477,0.4629336179646786,745.0194404697477,0.4629336179646786,1352.956759972185,0.840688354989477,6.614631565021828,0.6568571895712136,0.7076973879501607,0.6110149106444493,0.5150432797987143,0.19604242417904144,0.6040136208191301,0.5688300585423668,0.5471546446612163,Low,93
12095017701,6202,98125.0,7.368590777168656,1897,5426.968934151433,0.0,0.0,0.0,0.0,0.0,0.6704119850187266,0.678030303030303,0.3052434456928839,1.0,0.42752333022541167,0.5801689649302009,79,1334.8386442817807,0.8294302798418366,1334.8386442817807,0.8294302798418366,1875.7112076435876,1.1655129093864256,0.0,0.5050402336134933,0.5447346189086563,0.4819723493172932,0.5507099802463286,0.24139699325419825,0.4780965041478891,0.545138265923008,0.5466919247235579,Low,94
12095016747,5719,145575.0,2.902605350585767,1970,3052.8627426716125,0.0,0.0,10.0,0.0,0.0,0.5917602996254682,0.9356060606060606,0.7902621722846442,1.0,0.17282957542216426,0.696146152536602,49,1657.678591844317,1.0300337229606082,1657.678591844317,1.0300337229606082,5406.571976229192,3.359488074786492,0.0,0.44515634328170955,0.4804542852141577,0.3432852245243811,0.5902878741329356,0.31599893835043497,0.32966888613140377,0.5338351729786653,0.5457168698643212,Low,95
12095013513,4490,45598.0,18.485523385300667,2270,8552.392008116245,0.0,0.0,0.0,0.0,7.0,0.39325842696629215,0.07196969696969698,0.3052434456928839,1.0,0.7223501169034108,0.4671624957439564,103,696.3162118742124,0.4326708347464634,770.2636125100473,0.4786196192424039,592.8112525135514,0.36835583474605266,0.0,0.6728648759065106,0.6990678008430745,0.6978995572925835,0.5363836142085445,0.13726186850714997,0.7003738193424284,0.5050743008697687,0.5454869413583225,Low,96
12095017504,9673,71976.0,10.429829104091144,3502,2057.2710359506973,5.0,0.5169027189083014,0.0,2.0,13.0,0.9438202247191011,0.4583333333333333,0.3052434456928839,0.9554672675521821,0.4553943292444465,0.5611657303370787,109,1527.7722720391778,0.9493136781441244,1527.7722720391778,0.9493136781441244,1693.80059415699,1.0524788946036334,5.169027189083015,0.4677708516432557,0.5047290632181123,0.47021188499870337,0.5338795767355661,0.25700473911304206,0.4695930588787629,0.6183015667915185,0.5451908443657758,Low,97
12095015202,6887,43610.0,17.468019408910454,2589,3393.7932924892743,8.0,1.1616088282270944,0.0,0.0,79.0,0.7865168539325843,0.056818181818181816,0.3052434456928839,0.9758064516129032,0.7245961634568273,0.47865381341504937,114,907.7628385732787,0.5640576772730247,1408.7744849164771,0.8753718812860874,586.6528700234093,0.3645291932758995,11.616088282270946,0.6078603746523503,0.5287992646749862,0.6387424681786683,0.526680409844135,0.17172767232365138,0.6445792576188921,0.5482653065076013,0.54517538658787,Low,98
12095016904,3798,55539.0,28.738379814077025,1351,7626.388234284412,0.0,0.0,0.0,0.0,0.0,0.2808988764044944,0.19318181818181818,0.3052434456928839,1.0,0.7607633921698341,0.41006341504937016,157,782.6801833430983,0.4863349186644361,911.1188857297186,0.5661430282958265,492.0253209244757,0.3057303602737983,0.0,0.6449258437035651,0.6540903130380032,0.6930937569569604,0.4949725176216472,0.14111904203676787,0.6988856343802737,0.4888802215375015,0.5451127658445121,Low,99
12095017301,2684,97361.0,3.299203640500569,1338,2849.426012877394,0.0,0.0,0.0,0.0,10.0,0.149812734082397,0.6704545454545454,0.3052434456928839,1.0,0.7245522445491568,0.5056243615934627,100,968.3096604526598,0.6016797281703973,1836.303609085463,1.1410261628871534,586.7729600573887,0.36460381376348916,0.0,0.5912107379212957,0.450064542240946,0.6163181014363702,0.538832483546335,0.18538570654049147,0.6229851767677632,0.46281056203440074,0.5450323741731893,Low,100
12095014000,6420,115417.0,6.947040498442368,2792,3219.57312765777,4.0,0.6230529595015577,5.0,0.0,38.0,0.7078651685393258,0.7954545454545454,0.7340823970037453,0.9879032258064516,0.43356675022653135,0.68046050391556,38,1815.3923300406811,1.1280324964958897,2398.036917585958,1.4900710585095278,1834.5853536903726,1.1399584884837377,6.230529595015577,0.4200068133942156,0.3721521693010807,0.41585985930851493,0.6010803105334465,0.2763843656178383,0.41653785615013067,0.5437882560464212,0.544611110823739,Low,101
12095016515,12624,,<NA>,0,5851.2945377924325,23.0,1.8219264892268694,0.0,0.0,1.0,0.9662921348314607,,0.3052434456928839,0.9304435483870968,0.5525495873737274,,266,477.6959712405339,0.2968265151767017,1818.9916170060824,1.1302689897287854,1185.302795538637,0.7365130112260877,18.219264892268694,0.7539243758455909,0.45287127197208016,0.6131638396821434,0.183949151904643,0.1969499590467647,0.6030951002585502,0.6583281643765986,0.5443648846242048,Low,102
12095014504,6641,58843.0,22.252456538170822,3730,5994.626144595026,24.0,3.6139135672338503,53.0,7.0,3.0,0.7415730337078652,0.2537878787878788,0.9213483146067416,0.8244781783681214,0.4913827820797191,0.4991168709567586,61,93.72874813581298,0.058240343976062904,485.69063135246193,0.3017941666619827,1485.2269356384404,0.9228772317406597,36.139135672338504,0.9466634687421305,0.8083891160871213,0.7368963235461641,0.5704507067335802,0.25497765232040404,0.7141322892130435,0.5167020001031695,0.5438311722915237,Low,103
12095016001,2583,77596.0,9.767891682785299,707,5776.077229296806,23.0,8.904374758033295,2.0,0.0,23.0,0.1348314606741573,0.5075757575757576,0.6704119850187266,0.9304435483870968,0.8395277004629552,0.3777281239359891,144,160.87997460546862,0.09996618162771205,1522.0190263374898,0.9457387770032322,311.74527755136637,0.1937095347864511,89.04374758033296,0.9069230759339023,0.5058507113242607,0.7997504528235952,0.5043348226022709,0.15711501387755883,0.7963806840500478,0.4233502011175012,0.5435902269889122,Low,104
12095017119,2384,131406.0,4.76595744680851,759,1956.8669544055028,0.0,0.0,0.0,0.0,0.0,0.09363295880149813,0.9128787878787878,0.3052434456928839,1.0,0.4720127848862969,0.4712014811031665,168,1030.9240968744166,0.640586535181053,1252.64918160893,0.7783601154314614,1594.0986881108101,0.990527002375384,0.0,0.5747957144530883,0.563415206755498,0.5314064410868538,0.48926296909827266,0.23088832576561652,0.5262672946085141,0.45579000741058545,0.543187789969008,Low,105
12095016411,4715,81488.0,8.271474019088016,1651,3670.101791639167,0.0,0.0,64.0,0.0,3.0,0.4307116104868914,0.5378787878787878,0.951310861423221,1.0,0.43918495415747594,0.668041368743616,47,1936.7427343887807,1.2034361419241508,2292.208736078916,1.4243124751941885,1797.2142598997507,1.1167371673798459,0.0,0.40217874230279804,0.3851153318445147,0.4135685449530126,0.5916995216064349,0.2717234809929806,0.41541885554574637,0.5103397168376302,0.5428071351901046,Low,106
12095017004,6395,70737.0,9.103707179727827,2911,2821.405094217328,35.0,5.473025801407349,0.0,0.0,31.0,0.6966292134831461,0.4166666666666667,0.3052434456928839,0.8941532258064516,0.6552690406998257,0.42673220973782766,128,275.12506446401943,0.1709547893203811,992.5817756065242,0.6167617213016758,794.1155404456175,0.49344052014088813,54.7302580140735,0.8458204412328774,0.630300428030556,0.7264958783791924,0.5166613103302371,0.20403758900461302,0.7169683083525398,0.49320320982776994,0.5425749859970657,Low,107
12095017506,12688,96643.0,6.486443883984867,4844,1460.2780057746752,11.0,0.8669609079445145,10.0,1.0,0.0,0.9700374531835206,0.6590909090909091,0.7902621722846442,0.9520279886148009,0.17007850613040632,0.5835078311201907,174,2990.7140384518325,1.8583435477137469,3038.6160551129146,1.888108480917016,5484.199801235958,3.4077237689617372,8.669609079445145,0.2868982703341519,0.3062867413431259,0.24404805885444847,0.48166989944046795,0.35259721249777987,0.23820707064426117,0.6791807214060234,0.5422067678530068,Low,108
12095019000,4445,71391.0,7.154105736782903,2862,3405.595723946262,14.0,3.149606299212598,2.0,5.0,100.0,0.3857677902621723,0.4431818181818182,0.6704119850187266,0.8841318785578749,0.8470021250597551,0.4874510554988083,56,437.20765017521614,0.2716682388446573,794.5545288104494,0.49371329486452203,296.2314231592007,0.1840696725865947,31.496062992125985,0.7708371915263587,0.690935186900092,0.785322764014464,0.576812568053505,0.17701821868380155,0.7891310106911338,0.48144057251490613,0.5420171104306004,Low,109
12095016733,5823,59379.0,9.377693501120495,2420,4990.095502025452,5.0,0.858663918942126,0.0,1.0,11.0,0.602996254681648,0.26136363636363635,0.3052434456928839,0.9701731499051234,0.7022703842903705,0.44051540687776647,156,1081.3251127948884,0.6719042745335294,1099.7910476677034,0.6833784745012275,649.4415863374376,0.403544292790999,8.58663918942126,0.5621375540911966,0.6011721688981166,0.6259976091322501,0.4961600675541116,0.1783717721708994,0.6330042506422089,0.5282044491192224,0.5418219488802608,Low,110
12095017019,5097,65604.0,30.311948204826365,1687,7562.136868664766,4.0,0.7847753580537571,0.0,2.0,7.0,0.49063670411985016,0.35984848484848486,0.3052434456928839,0.9584914611005693,0.649305326190213,0.42841547497446375,151,796.3687414217458,0.4948405943177753,689.4490464680363,0.42840377599073676,813.8081193666633,0.5056769213832861,7.847753580537572,0.6406817204015386,0.7273616583021889,0.6614671502971385,0.4983309775712662,0.17622104786878554,0.6618983305865722,0.5128276101553958,0.5416982846105389,Low,111
12095016755,6433,91442.0,3.824032333281517,2549,3946.4122773915783,2.0,0.310896937665164,11.0,0.0,0.0,0.7116104868913857,0.6174242424242424,0.799625468164794,0.9939516129032258,0.3255110982016123,0.6034750595846101,71,942.1600720765656,0.5854311272646281,1857.4130479568853,1.1541429600861501,2755.551934803421,1.712220591000694,3.10896937665164,0.5983046148760952,0.4466800761840205,0.4588623004678871,0.5600912318495932,0.248564640751418,0.44522262463416296,0.5473182865317328,0.5413876937515408,Low,112
12095016812,6597,75566.0,8.443231772017585,2415,5678.943312998868,7.0,1.0610883735031076,0.0,1.0,0.0,0.7340823970037453,0.48863636363636365,0.3052434456928839,0.9641247628083491,0.45455901137182375,0.4206737316990127,193,772.3777546050633,0.47993328623654313,960.7636213644128,0.5969908368654636,1698.9761278615092,1.055694822152075,10.610883735031075,0.6481522767243599,0.639412906398721,0.5689670965182176,0.46516174114477415,0.21430707743910807,0.5592874332505908,0.5430916735970529,0.5411269138279714,Low,113
12095015003,7374,87956.0,16.5441686312578,2088,5584.634242899454,1.0,0.13561160835367508,0.0,0.0,0.0,0.8277153558052435,0.5984848484848485,0.3052434456928839,0.9969758064516129,0.3303830467672967,0.5612146748382704,118,1315.4283772330903,0.8173692990641468,1411.0707811027492,0.8767987335850813,2703.5506950029294,1.6799085186280431,1.3561160835367507,0.5090619766082841,0.5283168363788376,0.44144137662599986,0.5252826853745891,0.24469233491015324,0.4325074301339505,0.5709523294275732,0.5405663948690925,Low,114
12095012000,8577,60424.0,18.30298702844222,2437,7141.440161494979,0.0,0.0,0.0,0.0,0.0,0.9101123595505618,0.2803030303030303,0.3052434456928839,1.0,0.39667003022796615,0.5804349676540688,88,1273.7729679600488,0.7914858277410229,1688.5672990006537,1.0492270757530109,2101.9709844302865,1.3061042166437296,0.0,0.5178756447790802,0.4749637287330997,0.4608110157494385,0.5445477820826796,0.22287791669564788,0.4547507350218828,0.6007176566948789,0.5401730793521237,Low,115
12095017600,5521,41930.0,35.59137837348306,2042,2668.249844946833,10.0,1.8112660749864156,0.0,2.0,24.0,0.5543071161048689,0.045454545454545456,0.3052434456928839,0.9403462998102466,0.6292081760158519,0.37704290091930537,170,366.80897138337076,0.2279245278718352,366.80897138337076,0.2279245278718352,882.613767393613,0.5484307689304543,18.112660749864155,0.8018942888748857,0.863382549513118,0.7451174958589187,0.48746527940118933,0.14794003621420143,0.7364831902159669,0.5130725746688828,0.5398837999388362,Low,116
12095017503,6668,65927.0,23.590281943611277,2273,3601.6077934437963,12.0,1.799640071985603,0.0,4.0,97.0,0.7490636704119851,0.36363636363636365,0.3052434456928839,0.9048861480075902,0.6852217421116517,0.4997701736465781,81,799.3106048142497,0.4966685834813748,796.4260771685995,0.4948762210991556,699.8607337721221,0.43487329854407886,17.99640071985603,0.6397758963869794,0.690315405493805,0.6680621364982134,0.5502577625020687,0.20120669237413102,0.670334428784447,0.5366886887289902,0.5396842759817179,Low,117
12095014811,4514,114858.0,6.623836951705804,2143,2211.354622037346,2.0,0.44306601683650865,0.0,0.0,0.0,0.3970037453183521,0.7878787878787878,0.3052434456928839,0.9939516129032258,0.36064623029445025,0.45151515151515154,201,795.4217550429253,0.4942521642625351,1916.2760524368832,1.190718735358558,2406.3738854324733,1.4952514101599617,4.430660168365086,0.6409737768565013,0.4374566717725183,0.4881393372148843,0.4625024072250713,0.23972687868225367,0.4741229598867817,0.5024101387880611,0.5391418412000316,Low,118
12095014302,5839,50240.0,26.77463818056513,1909,6904.323665031013,2.0,0.3425244048638465,17.0,1.0,8.0,0.6104868913857678,0.10606060606060606,0.8408239700374532,0.9792457305502846,0.5202410586410486,0.5611338100102146,62,1227.1235978372265,0.7624992530106841,407.4769288139818,0.2531944250663511,1336.0889642446389,0.8302071926478359,3.4252440486384654,0.528053243401091,0.8438404058524381,0.5880858019873436,0.5692194076033532,0.18588203631363023,0.5876951927493415,0.5334175883765786,0.5390073310780636,Low,119
12095013403,3432,54583.0,23.776223776223777,1393,7033.594900270539,4.0,1.1655011655011656,5.0,1.0,7.0,0.23595505617977527,0.17045454545454544,0.7340823970037453,0.9731973434535104,0.7493722282542086,0.4221037623425264,134,698.8032624215582,0.43421621631022217,698.8032624215582,0.43421621631022217,520.9371567845991,0.3236953421919733,11.655011655011656,0.6720310691360634,0.7239852750006616,0.713358373956241,0.5094801458266407,0.14009738941402441,0.7172254319121483,0.473863531993221,0.5388295983834146,Low,120
12095013511,6241,55280.0,17.40105752283288,2535,4882.390564437035,4.0,0.6409229290177856,0.0,0.0,14.0,0.6741573033707865,0.1856060606060606,0.3052434456928839,0.9879032258064516,0.5826153950366189,0.46950757575757573,142,749.757935426369,0.465877982225285,1748.8207386370277,1.086666827376265,1058.2210768005446,0.6575480921422298,6.409229290177856,0.6553350312199777,0.4645441870393008,0.5880890079104988,0.5050820054034526,0.17885108201463737,0.5844530261013309,0.5395993251208782,0.5387619382801445,Low,121
12095017018,5794,59706.0,17.12115982050397,2752,3175.324085650685,9.0,1.5533310321021747,0.0,2.0,43.0,0.599250936329588,0.26515151515151514,0.3052434456928839,0.9433704933586338,0.6386237201914468,0.4446416411304052,135,752.9158626522176,0.4678402272306092,752.9158626522176,0.4678402272306092,849.8981104933493,0.5281022021975099,15.533310321021746,0.654323993487742,0.7049782144185651,0.6581747283553885,0.5087015672979002,0.17840134075788117,0.6573897146905737,0.521074182602361,0.5379570455090935,Low,122
12095011100,3333,88276.0,7.980798079807981,1857,6018.411552257246,0.0,0.0,20.0,0.0,0.0,0.2247191011235955,0.6022727272727273,0.848314606741573,1.0,0.4339052270209698,0.5659963398025196,70,816.7188182337923,0.507485545808598,1099.8423912212318,0.6834103779062971,1832.3106822140185,1.1385450731565274,0.0,0.6344607251945639,0.6011587713870769,0.5475781351636289,0.5604708784108523,0.2065096844846446,0.5375503602549491,0.4779983618705878,0.5379137820319064,Low,123
12095010300,3355,54427.0,18.269831355402875,2257,5622.248605050661,0.0,0.0,2.0,0.0,12.0,0.22846441947565543,0.16666666666666666,0.6704119850187266,1.0,0.6665616361372066,0.528370786516854,58,563.4621879400319,0.35011917150095434,978.8073085646021,0.6082026642934028,757.690220352687,0.47080687556711737,0.0,0.7201797885537471,0.6342178285701618,0.6815401355904138,0.5743215912389219,0.13500761090682845,0.6788592279695869,0.4785132025430009,0.5376262102109488,Low,124
12095017807,4251,73441.0,18.301576099741236,1521,4584.969871154895,6.0,1.4114326040931546,0.0,4.0,11.0,0.352059925093633,0.4659090909090909,0.3052434456928839,0.9230313092979128,0.7225302750571381,0.3930137044603337,171,700.0240708723602,0.4349747915127904,707.1730716262356,0.43941697463453155,592.3160072112097,0.36804810358208667,14.114326040931546,0.6716224389171999,0.7209873257309871,0.7018585507359327,0.4856671583430133,0.17457429486882714,0.7044039425429295,0.4898038396646239,0.536600283211953,Low,125
12095014400,3037,89521.0,7.276819204801201,1458,2948.7047964268227,2.0,0.6585446163977609,0.0,1.0,18.0,0.1947565543071161,0.6136363636363636,0.3052434456928839,0.9792457305502846,0.6200213786333337,0.4503787878787879,148,863.2593808560022,0.5364045106925568,1038.0748027866025,0.6450297778390465,915.38462254869,0.5687936342688015,6.585446163977609,0.6206182181674516,0.6176520445450717,0.6197862476293285,0.5012010258039501,0.17933662986117982,0.6197564056526226,0.4678456081901438,0.5362442130590962,Low,126
12095014703,2148,61296.0,11.731843575418994,1122,3391.2518868090146,11.0,5.121042830540037,0.0,2.0,10.0,0.06367041198501873,0.29545454545454547,0.3052434456928839,0.9373221062618596,0.7314238075258401,0.26210844399046646,235,92.02959289262566,0.05718453785680728,644.5506858845699,0.40050522814548656,568.1420260035143,0.35302708805793803,51.21042830540037,0.9477097291631909,0.7439577081097414,0.8204449562975606,0.42960939768259465,0.12386293784848804,0.8096306602156932,0.4325252356226465,0.5359204626233564,Low,127
12095014814,6131,124385.0,3.523079432392758,2261,2633.4230536394025,6.0,0.9786331756646549,0.0,1.0,0.0,0.6591760299625468,0.8787878787878788,0.3052434456928839,0.9671489563567364,0.2630952090898109,0.4721739870616275,206,1176.0825765084953,0.7307838327346392,1645.2533064734098,1.0223130085757983,3552.9605697215366,2.2077073451801086,9.786331756646549,0.5395795306465421,0.4826923090829998,0.41760835771114113,0.45580429825648155,0.278997054034917,0.40378414163330456,0.5337993153071996,0.5358802683783686,Low,128
12095014607,6061,55642.0,8.579442336248144,3638,5924.010873967878,1.0,0.1649892756970797,4.0,0.0,10.0,0.6479400749063671,0.20075757575757575,0.7209737827715356,0.9969758064516129,0.5522767913509992,0.5964994041538986,52,1140.4196983753045,0.7086239476304037,1352.5832089950718,0.8404562411734668,1186.5112990221705,0.7372639404764739,1.6498927569707968,0.5478870033786813,0.5408375870053699,0.5482330352929462,0.5820194934956129,0.18145450395246376,0.548452524691562,0.5402257020240083,0.5353876186571825,Low,129
12095012202,7266,62180.0,13.574785734033728,2159,8571.36189440459,2.0,0.2752546105147261,0.0,0.0,0.0,0.8202247191011236,0.32575757575757575,0.3052434456928839,0.9939516129032258,0.4813055648552615,0.48800221314266257,167,1334.8883637689144,0.8294611740988342,1590.2126234459995,0.9881123137414993,1540.927200534788,0.9574877717472385,2.7525461051472613,0.5050299999900216,0.49281519853240363,0.493097265644594,0.489530728893242,0.20501307888070003,0.49191104388785595,0.5668120265371932,0.5352541268545382,Low,130
12095016744,5373,85302.0,20.584403498976364,1851,5429.29536431781,6.0,1.1166945840312674,41.0,0.0,0.0,0.5318352059925093,0.5757575757575758,0.9044943820224719,0.9818548387096775,0.25408385258183325,0.5147344228804903,162,986.0123975704416,0.6126796990391374,1394.7647869369368,0.8666666585496555,3692.80791191386,2.294604454929375,11.166945840312675,0.5864894718505698,0.5317585345458228,0.4425810366821258,0.4930884070209809,0.2595622213121507,0.42596075571868897,0.516060713957693,0.5351795626772706,Low,131
12095014813,4422,99699.0,19.036482694106642,2620,4807.316764188978,28.0,6.331976481230212,1.0,3.0,0.0,0.37453183520599254,0.6893939393939394,0.6310861423220974,0.8712049335863377,0.5040892184524364,0.3684839972761321,181,246.34621565378325,0.15307244172394668,320.5568787260586,0.19918480991388948,1417.7404214683359,0.8809430559708402,63.319764812302125,0.8605035681073288,0.8866090384400613,0.7231589223119184,0.47488647478686796,0.21716641807031875,0.7053382048291738,0.4583216848324566,0.5351278567531093,Low,132
12095017402,5836,50868.0,23.70900209351012,1875,2282.0722053627414,15.0,2.5702535983550376,24.0,3.0,102.0,0.6067415730337079,0.11363636363636363,0.8651685393258427,0.9105194497153699,0.7052722324998018,0.5294986380660538,63,771.3005223097985,0.47926392512091787,1131.1844090183881,0.7028854048720399,640.7910987975639,0.3981691290349135,25.702535983550376,0.6484912484031484,0.593074116243681,0.6601202156099163,0.5686851113292125,0.19529750213754718,0.6629592648147489,0.5123796408948564,0.5351046528220653,Low,133
12095016802,21905,119030.0,1.8653426755138973,8046,654.3083611105095,99.0,4.5195160922163895,11.0,6.0,111.0,0.9962546816479401,0.8409090909090909,0.799625468164794,0.6123695445920303,0.28110640302307593,0.6873723186925433,54,1910.4540511880712,1.1871011115013763,4050.5458116250443,2.516892480181393,3294.4453100043033,2.047073410038067,45.19516092216389,0.405936608881776,0.2326172376680385,0.32134065229554853,0.5775628187734448,0.5306121559434579,0.31509914200261346,0.7529400774274071,0.5342695618982557,Low,134
12095013900,4746,93256.0,8.449220396123051,2222,4331.137208260675,25.0,5.267593763168985,0.0,4.0,23.0,0.4344569288389513,0.6325757575757576,0.3052434456928839,0.8655716318785578,0.7026327671939673,0.39600995914198167,165,609.0165296828728,0.37842532714129035,609.0165296828728,0.37842532714129035,648.393771697681,0.4028932109590498,52.67593763168985,0.7033175091642098,0.7575686443171797,0.7138938394067068,0.4913751232213992,0.2115045984937654,0.7138596023081947,0.4707425935035965,0.5341195087730721,Low,135
12095016808,1517,120938.0,3.493737640079104,561,1074.6912119493043,0.0,0.0,0.0,0.0,4.0,0.018726591760299626,0.8598484848484849,0.3052434456928839,1.0,0.6850495617797158,0.48581247871978206,150,1751.6970624860387,1.0884540921555856,1863.003895012876,1.1576169513869476,700.3814181990045,0.43519683684719024,0.0,0.4298797382418504,0.44579059100846213,0.5351298382103189,0.5006076865669431,0.20193202257200163,0.5478883293872121,0.4355006045477593,0.533900535361019,Low,136
12095017006,4515,86859.0,13.91858085057994,1622,1775.5911211381474,2.0,0.44296788482835,7.0,0.0,19.0,0.40074906367041196,0.5871212121212122,0.7659176029962547,0.9939516129032258,0.4072633780838986,0.5911580694586313,60,560.4056102899141,0.3482199022023347,2383.517045653651,1.4810488283758172,2021.0460070387005,1.2558197669601405,4.4296788482834994,0.7213365517135459,0.37389007298475213,0.5262179865159283,0.5716760445758203,0.2070079973325239,0.5105143278344458,0.5024335406368071,0.5333349024345472,Low,137
12095017012,2819,92031.0,11.564384533522526,1044,2959.73322997151,5.0,1.77367860943597,0.0,1.0,7.0,0.16104868913857678,0.6212121212121212,0.3052434456928839,0.9701731499051234,0.60172216272895,0.3716462376574736,216,855.3939390399221,0.5315171517338257,855.3939390399221,0.5315171517338257,983.2984276032686,0.6109933162849388,17.7367860943597,0.6229209191065538,0.6712696479064033,0.6241111623154821,0.4473857150548762,0.17963534976026327,0.623051224496602,0.4579052954860854,0.5333068593235712,Low,138
12095016414,3583,64648.0,7.814680435389339,1730,5601.767587683741,4.0,1.1163829193413342,14.0,1.0,0.0,0.24344569288389514,0.3522727272727273,0.8202247191011236,0.9731973434535104,0.5769926397028198,0.4212866019748042,172,677.6849796326899,0.4210939237556979,874.4276028569661,0.543344122112467,1081.1011073485136,0.6717650840022478,11.163829193413342,0.6791688472568489,0.6653151146223182,0.6355276177083311,0.48555890669486224,0.168264790095162,0.6304188073306296,0.47739721115387473,0.5330886016556313,Low,139
12095016814,5274,59895.0,8.589306029579067,1909,3696.7136686742992,0.0,0.0,0.0,0.0,13.0,0.5205992509363296,0.2765151515151515,0.3052434456928839,1.0,0.5510506842210626,0.5479379468845762,78,1124.8669040272503,0.6989598892637312,1124.8669040272503,0.6989598892637312,1191.9559617050795,0.7406470970190833,0.0,0.5515778047087169,0.5946887982840849,0.5599891552287288,0.551553309387822,0.1705672895175304,0.559962799204346,0.5234213502866727,0.5325616106765486,Low,140
12095016412,5132,84086.0,5.904130943102104,1789,3308.2108763070187,0.0,0.0,0.0,0.0,12.0,0.50187265917603,0.5606060606060606,0.3052434456928839,1.0,0.5158711708030433,0.5827800476676881,76,1464.8623807159756,0.9102232839691051,1801.6512499974813,1.1194941852068179,1357.7419512524382,0.8436617350003717,0.0,0.4794092957186944,0.4557111623764442,0.4892544190839839,0.5547223590925768,0.20400991674341362,0.4910775128382014,0.5200982877647334,0.531829298041479,Low,141
12095016751,6407,125927.0,13.282347432495708,2173,2568.1995006265706,6.0,0.9364757296706727,0.0,2.0,0.0,0.704119850187266,0.8977272727272727,0.3052434456928839,0.9524430740037951,0.2450053064420848,0.48625085120871636,202,1402.4811350008342,0.8714613749458376,1402.4811350008342,0.8714613749458376,3841.574856609515,2.3870439487204194,9.364757296706728,0.4914300271525267,0.5301252037869134,0.4005991741952273,0.46055534810466964,0.2855759320511113,0.3882779381597052,0.5402582255611097,0.531644705209635,Low,142
12095011200,3233,103750.0,12.968121324667287,1747,3928.0884708500002,0.0,0.0,0.0,0.0,0.0,0.21722846441947566,0.7272727272727273,0.3052434456928839,1.0,0.3480548107870264,0.4742594484167518,166,773.1229661751988,0.4803963392383473,975.5722955045726,0.6061925203713889,2524.896684666168,1.5688980632271086,0.0,0.647917961071186,0.6351439067081491,0.5254178900849148,0.4896069809172007,0.20336829284690164,0.5104247325707069,0.4756581769959827,0.5309980813525003,Low,143
12095012303,9190,86333.0,20.686263796306413,2568,5550.45424357367,0.0,0.0,0.0,0.0,0.0,0.9325842696629213,0.5833333333333334,0.3052434456928839,1.0,0.2062356610810224,0.6315074906367042,101,1651.9490406473053,1.026473544902336,3309.744055759959,2.056579609927995,4583.616173702824,2.8481270466120505,0.0,0.44611578426827,0.2835758003954111,0.3176557382187992,0.5373519649113326,0.2706318397106169,0.3056617320594368,0.6150629899762081,0.5308913812937549,Low,144
12095014605,3892,53272.0,13.1551901336074,1622,4333.791233098391,2.0,0.513874614594039,0.0,1.0,0.0,0.30711610486891383,0.14015151515151514,0.3052434456928839,0.9792457305502846,0.5491832521211646,0.331884150493701,230,530.9377938543993,0.3299094499711679,560.5030124344971,0.34828042508904067,1200.2893638780263,0.7458252330626803,5.138746145940391,0.7326581307767515,0.7768709530989336,0.6681107437789532,0.43275212847927663,0.139243956011514,0.6589369998461738,0.48785418886801735,0.5300441204257275,Low,145
12095014906,6888,69464.0,15.5154091392136,2375,2492.7523130031045,22.0,3.193960511033682,0.0,3.0,43.0,0.7902621722846442,0.3977272727272727,0.3052434456928839,0.8893500948766604,0.6263364372615688,0.4738913006469187,124,857.3701137601544,0.5327450897758057,875.9702438325196,0.5443026747746408,892.7659695059673,0.5547390548608422,31.93960511033682,0.6223409893480174,0.6648365069712278,0.6324382720380801,0.521455392064267,0.20985256998565271,0.6326380444337576,0.5257080631950569,0.5298444716635164,Low,146
12095014804,5666,55103.0,8.364678488267955,2256,2006.7867081410743,14.0,2.4708789269325804,7.0,2.0,39.0,0.5842696629213483,0.17803030303030304,0.7659176029962547,0.9282495256166984,0.5795283180458793,0.49449480762683007,91,433.6202096562886,0.26943910665233073,1249.9762159264621,0.7766992115585369,1070.734561404832,0.6653236109898393,24.708789269325802,0.7723680705247384,0.5640407678543643,0.65356670899912,0.542216378038517,0.17815605726849643,0.6439247213751771,0.5100142298338344,0.529523647850827,Low,147
12095013607,5348,70275.0,10.37771129394166,2133,4046.612872226861,8.0,1.4958863126402393,2.0,2.0,35.0,0.5280898876404494,0.4128787878787879,0.6704119850187266,0.9463946869070209,0.6061067421831228,0.5185797582567245,95,1030.3635796167573,0.6402382459043916,1146.1538986456692,0.7121870144889278,966.6952467473302,0.6006765780015523,14.958863126402393,0.5749392054871201,0.5892776430169422,0.5902739076714856,0.5400880030811528,0.18946112602765067,0.5918322845062858,0.5122498612874289,0.5292942995131666,Low,148
12095014706,5879,78204.0,22.980098656234055,2766,6082.645341021125,26.0,4.42252083687702,25.0,2.0,9.0,0.6179775280898876,0.5113636363636364,0.8726591760299626,0.8919592030360531,0.49753292275698346,0.5089142832822608,104,542.5487500182877,0.3371241636457387,1386.796465265832,0.8617153730127505,1452.1905210237855,0.9023493554043048,44.2252083687702,0.7281601662088177,0.5334540305570739,0.5969680416977353,0.5353304108069031,0.23748166044512206,0.5854366795251436,0.49564398490706574,0.5292321594846001,Low,149
12095016728,5237,115776.0,7.867099484437655,2101,4815.813540631548,8.0,1.5275921329005155,0.0,2.0,0.0,0.5131086142322098,0.8068181818181818,0.3052434456928839,0.9463946869070209,0.257583765074665,0.40847591079332657,232,814.8103693239987,0.5062996906341954,952.6934674053174,0.5919762756783618,3637.6021743505444,2.260301199961316,15.275921329005156,0.6350396975775093,0.6417601208721712,0.48540140923530395,0.43155356032591974,0.25235971954663977,0.46652861261016176,0.5096522560766172,0.5291332420204563,Low,150
12095012100,7756,46196.0,20.54228534538412,2515,7822.571019246114,6.0,0.773594636410521,0.0,1.0,2.0,0.8614232209737828,0.07954545454545454,0.3052434456928839,0.9671489563567364,0.5234330871094496,0.4404898706162751,190,1260.8256445555098,0.7834407339608622,1260.8256445555098,0.7834407339608622,1320.4710025783722,0.8205026411869508,7.735946364105209,0.520667222935044,0.5615088812797917,0.5299419002737558,0.4673254795135192,0.18909695741842752,0.530080193482476,0.5718273195195325,0.5289822405228404,Low,151
12095016813,2523,68977.0,12.405866032500992,1034,5607.502140208578,5.0,1.9817677368212443,0.0,1.0,4.0,0.12734082397003746,0.39015151515151514,0.3052434456928839,0.9701731499051234,0.6883254785211751,0.3226613040517535,234,704.8936282560239,0.43800059418994564,821.1187294095342,0.5102195238616071,690.5149286135007,0.42906608445024846,19.817677368212443,0.6699967853383401,0.6822275683823465,0.6797744192202754,0.42979523860231006,0.14103534270828227,0.6806908538794171,0.4509783482572543,0.5287020876564588,Low,152
12095014701,5271,46727.0,14.222901930797171,2189,3391.8333418577454,18.0,3.414911781445646,0.0,3.0,35.0,0.5168539325842697,0.08333333333333333,0.3052434456928839,0.9014468690702087,0.8232298897203882,0.3586610486891386,186,738.2218090660004,0.4587097656349422,758.9679651291335,0.471600829362233,346.4646149337693,0.21528313084944506,34.14911781445646,0.6590515398538338,0.7029064163038814,0.733493855090465,0.4711108906095366,0.15111059894049514,0.7417027725837928,0.4943188866759184,0.528650743481611,Low,153
12095011701,4372,64009.0,14.144504589315133,1779,4111.868524286087,1.0,0.22872827081427266,0.0,0.0,14.0,0.36704119850187267,0.3446969696969697,0.3052434456928839,0.9969758064516129,0.579575294020427,0.47651727953694245,143,1066.8511085256378,0.6629105452442969,1286.0809341222848,0.7991336433492683,1070.5432644295554,0.6652047445602403,2.2872827081427265,0.5657238841367757,0.5556886503599467,0.5692574013348703,0.5043393160763208,0.1625590934354063,0.5699499718290529,0.5006999794919282,0.5281763716246498,Low,154
12095012900,4113,108304.0,5.4126867499387705,2243,3926.343371523138,15.0,3.6469730123997084,15.0,4.0,0.0,0.33707865168539325,0.75,0.8314606741573034,0.8958135673624288,0.3938779001516769,0.4330992509363296,176,677.1058626447495,0.42073407714245653,514.2874824545348,0.31956342612551125,2123.9050267692273,1.3197333986824615,36.46973012399708,0.6793664407225677,0.7960791858088103,0.5885135735114599,0.4797235477088687,0.2421027445185465,0.5742391464829153,0.4720582555054107,0.5276388228632714,Low,155
12095014608,4835,43313.0,25.046535677352637,2086,5575.473933755533,0.0,0.0,14.0,0.0,15.0,0.449438202247191,0.05303030303030303,0.8202247191011236,1.0,0.5817920265844814,0.6049582907728974,44,958.7049931107464,0.5957116645731095,1614.3039332889039,1.0030819596611438,1061.5471644701584,0.6596148272029835,0.0,0.5937995115910817,0.4883418704795155,0.5679049893661283,0.5938423003508666,0.15634933022203495,0.5673046151157983,0.5131479386871562,0.5273154489806893,Low,156
12095013702,5533,56148.0,8.09687330562082,2447,7258.0470441031675,9.0,1.626604012289897,0.0,1.0,0.0,0.5599250936329588,0.20833333333333334,0.3052434456928839,0.9580763757115749,0.3080613466669576,0.32572565543071164,242,321.9132886351113,0.20002764395624012,349.47370160539816,0.21715289062214055,2952.5569337297184,1.834633822060242,16.26604012289897,0.822882890722973,0.8719593195423769,0.6267695588644477,0.41603882646083246,0.16908485820749186,0.6010284816616469,0.5149663000796418,0.5267591823367629,Low,157
12095016709,6692,76041.0,12.734927078634792,2463,5619.2810671841935,1.0,0.14943215780035862,0.0,0.0,0.0,0.7528089887640449,0.4962121212121212,0.3052434456928839,0.9969758064516129,0.3245913456883635,0.5271471739870617,149,1057.1815905803373,0.6569021853502652,2084.026935299447,1.2949543014417346,2765.510039780918,1.7184082705629857,1.4943215780035863,0.5681414644995647,0.41278411709332824,0.43964994749383696,0.5008980060390942,0.21648935372044842,0.4274724415532769,0.5549922685827664,0.5266821985925952,Low,158
12095017024,2802,78712.0,6.068503350707371,1543,1228.9034352753351,5.0,1.7844396859386151,39.0,1.0,17.0,0.15730337078651685,0.5189393939393939,0.897003745318352,0.9701731499051234,0.5830254236890812,0.5004064521620701,133,1309.4639124441042,0.8136631524671569,1728.2852541698328,1.0739066689097128,1056.5678087905678,0.6565207990277826,17.84439685938615,0.5103085375524729,0.46805310006019424,0.5309442045086605,0.5095677778660472,0.20729864061526804,0.5345800488154908,0.4575074640574025,0.5266381573864827,Low,159
12095018000,3932,50135.0,21.839080459770116,1979,4611.236699470496,1.0,0.25432349949135297,2.0,0.0,32.0,0.31086142322097376,0.10227272727272728,0.6704119850187266,0.9969758064516129,0.6858770808714069,0.5204907218249915,85,958.2849676310833,0.5954506728400412,1569.6862674689755,0.975357827455768,697.8810924281361,0.43364320644196397,2.54323499491353,0.5939131642731482,0.4966800706960827,0.6112521121970387,0.5477191389366056,0.13768303098194368,0.6158503080269515,0.49040316604366585,0.5263763325380182,Low,160
12095018204,2284,72462.0,15.761821366024517,975,4113.078859872412,4.0,1.7513134851138354,0.0,0.0,13.0,0.08239700374531835,0.4621212121212121,0.3052434456928839,0.9879032258064516,0.6028771198108424,0.359954885938032,217,583.4544915809001,0.36254181304985145,1118.38940584932,0.6949349584981954,978.9041990121723,0.6082628692263259,17.513134851138354,0.7126932209581847,0.596352138571427,0.6454985640218963,0.44561798936319125,0.1424436055970014,0.6400077589645291,0.44699820963275455,0.5260497827369173,Low,161
12095016756,2664,154556.0,3.153153153153153,1032,778.4801038646176,10.0,3.7537537537537538,0.0,2.0,7.0,0.14606741573033707,0.9507575757575758,0.3052434456928839,0.9403462998102466,0.43152789252011375,0.3756660708205652,250,1510.4322529415833,0.938539089804034,1654.6513460548324,1.0281526796352007,1848.3509834943902,1.148512054286958,37.53753753753754,0.47093192906087317,0.48099797823194207,0.4571835242787832,0.4001213068580306,0.26938021895581366,0.45521332245174523,0.4462134928014152,0.52551999129589,Low,162
12095017702,2637,125000.0,1.2790697674418605,884,1531.1685258851332,0.0,0.0,0.0,0.0,0.0,0.13857677902621723,0.8939393939393939,0.3052434456928839,1.0,0.3604926644473601,0.4795965270684372,185,1352.656481584143,0.8405017706494963,1352.656481584143,0.8405017706494963,2407.7784482248835,1.4961241650168537,0.0,0.5013948373831881,0.5408215918017932,0.452919319092578,0.47159336467567936,0.2253928695930433,0.44587421044578657,0.46171067514333636,0.5255030574407082,Low,163
12095018300,2478,27885.0,32.24374495560936,1402,1229.1725589177288,6.0,2.4213075060532687,0.0,0.0,67.0,0.11610486891385768,0.015151515151515152,0.3052434456928839,0.9818548387096775,0.8224416018210922,0.317254000680967,210,443.00058430528236,0.2752678012316089,901.4374267788098,0.5601272486049035,348.1757552481014,0.21634638414664695,24.213075060532688,0.7683764543810088,0.6570202571390924,0.767731273908659,0.4523971826492746,0.07976288386997527,0.7704345312806631,0.4483123618378756,0.5253797476008135,Low,164
12095016514,6764,117809.0,10.629804849201657,2535,3219.9909561502327,0.0,0.0,0.0,0.0,0.0,0.7752808988764045,0.821969696969697,0.3052434456928839,1.0,0.26581458926790247,0.6279771024855294,113,2492.0005127950276,1.5484573296914939,3594.5457955710067,2.2335472065456523,3512.1960453712504,2.1823774440835835,0.0,0.33406124709106744,0.26226804557915545,0.2924039436594191,0.5273051548376962,0.2791794829208267,0.2889916107682608,0.5582901049182886,0.5252991258138117,Low,165
12095015203,2897,71638.0,10.73524335519503,1725,2324.525241235625,5.0,1.7259233690024163,1.0,0.0,2.0,0.17228464419475656,0.45075757575757575,0.6310861423220974,0.9848790322580645,0.5347534872947388,0.4045050221314266,184,285.2019284776322,0.17721626232653315,2174.77187388246,1.351340592118565,1266.3931519944224,0.7869002226959695,17.259233690024164,0.8407846134276279,0.400349202757564,0.6302850808404595,0.4722390397441364,0.15201208136368205,0.614983524533815,0.4597306396882773,0.525238311098483,Low,166
12095014810,6599,107280.0,2.679528403001072,2129,3210.758214906789,2.0,0.30307622367025305,0.0,1.0,0.0,0.7378277153558053,0.7424242424242424,0.3052434456928839,0.9792457305502846,0.23805672948346035,0.529902962206333,175,1680.9931498432888,1.0445207176609157,1680.9931498432888,1.0445207176609157,3961.202528266219,2.461377137682322,3.0307622367025306,0.44128667023951196,0.47630051576025423,0.3669974630412398,0.481031312456805,0.26108532975964893,0.3568359660034372,0.5512029934235773,0.5246953436119901,Low,167
12095017808,3877,115052.0,6.803962460896767,1695,3096.1814304884356,2.0,0.5158627805003869,0.0,0.0,5.0,0.30337078651685395,0.7916666666666666,0.3052434456928839,0.9939516129032258,0.4076970949762279,0.47109082397003743,204,1668.6811192741782,1.036870376547325,1849.62631901387,1.1493045110391997,2017.8078819847174,1.2538076893347334,5.158627805003869,0.4433233213162427,0.44792371009295623,0.4299929085355795,0.4587614493397,0.23007485333649083,0.4282115972185787,0.48750316113682657,0.5246080607629625,Low,168
12095014301,4063,67827.0,14.595126753630321,1875,2535.061568046211,0.0,0.0,6.0,0.0,13.0,0.3258426966292135,0.38257575757575757,0.7509363295880149,1.0,0.5604562737079427,0.6042964759959142,51,1222.997066937274,0.7599351455855764,1672.326893193688,1.0391357554343186,1150.724030476198,0.7150267627531455,0.0,0.5289696777307761,0.47783762191264517,0.5313379049580166,0.5824089046845449,0.17068319166558274,0.5329122347568749,0.49508171145520496,0.5243638947631286,Low,169
12095017806,5131,115891.0,4.365620736698499,1918,2670.12838907173,0.0,0.0,0.0,0.0,0.0,0.49812734082397003,0.8106060606060606,0.3052434456928839,1.0,0.3568256045211227,0.5569841675178754,152,2322.7546873135434,1.4432928493308723,2336.2529308141884,1.451680268987978,2441.6128851280055,1.5171479094140254,0.0,0.3527856047842846,0.3796357651666889,0.3597716367555008,0.49782040828916296,0.2508755011278565,0.3599736367423426,0.5200748859159874,0.5243524163912099,Low,170
12095014503,5395,28851.0,21.45719489981785,2234,7697.198341159257,1.0,0.18535681186283595,6.0,0.0,3.0,0.5355805243445693,0.01893939393939394,0.7509363295880149,0.9969758064516129,0.6083742463177538,0.5299944671433435,82,839.0000224892816,0.5213304442613149,1494.1026758170606,0.9283923609974378,958.1919887198401,0.595392898423109,1.8535681186283595,0.6277679875544749,0.5113523070791709,0.5967273549647256,0.5500143334897581,0.13401265493340395,0.5957576679028896,0.5246400707591384,0.5243133445653372,Low,171
12095012304,8471,70032.0,13.988903317199858,2373,6955.1361764104495,2.0,0.23609963404556722,0.0,0.0,0.0,0.9063670411985019,0.4090909090909091,0.3052434456928839,0.9939516129032258,0.23413309159267623,0.5220377936670071,177,1089.5679276920062,0.6770261222535431,3074.004124425427,1.9100976077367096,4031.101109078023,2.5048101021770504,2.360996340455672,0.5601123622667766,0.3031732634851427,0.3783328342408097,0.47892630583914786,0.2353865640231817,0.36203387070710463,0.5950112542761846,0.5242480090492798,Low,172
12095016906,3039,31042.0,43.3037183283975,2211,9485.043763529879,1.0,0.3290556103981573,0.0,0.0,7.0,0.19850187265917604,0.022727272727272728,0.3052434456928839,0.9969758064516129,0.7645380589914406,0.3647386789240722,192,628.7167963789484,0.3906665053456243,1171.8216744535407,0.7281362309447456,482.6171999836538,0.29988442494808676,3.2905561039815727,0.6962379254680211,0.5828630510951119,0.7008830040028071,0.46558197644769267,0.09316865440782682,0.704298010678978,0.4695053151134424,0.5241703373457544,Low,173
12095014806,4852,110385.0,5.399835119538335,1821,3711.9953038820418,0.0,0.0,0.0,0.0,0.0,0.45318352059925093,0.7727272727272727,0.3052434456928839,1.0,0.37761462609584834,0.5400663942798775,159,2113.964231246733,1.3135564747168618,2113.964231246733,1.3135564747168618,2257.0006457785457,1.4024351821478476,0.0,0.37823027740620124,0.4086147667142325,0.3840609147436664,0.4932647504190141,0.23840680668706582,0.3840301321781487,0.5135457701158391,0.52352332612204,Low,174
12095017015,7525,120260.0,5.781041388518024,3111,2187.2039637169196,27.0,3.5880398671096345,0.0,5.0,16.0,0.8389513108614233,0.8484848484848485,0.3052434456928839,0.8448173624288424,0.6487991317786433,0.517628532516173,139,2262.6370294099943,1.4059374685648278,2350.236713808301,1.4603693888990177,815.4944747153933,0.5067247740168623,35.880398671096344,0.35983065425243244,0.37792152961034337,0.479036220334499,0.5060508388616708,0.29466484229282996,0.4934846442108095,0.532550524717259,0.5232631269596726,Low,175
12095013505,5849,53190.0,19.866643870747136,2456,6067.350930154038,0.0,0.0,0.0,0.0,0.0,0.6142322097378277,0.13636363636363635,0.3052434456928839,1.0,0.4714344592103862,0.4848740211099761,158,968.8882978042782,0.6020392767514454,1850.6542575002782,1.149943242402046,1597.4671456094254,0.9926200648272995,0.0,0.5910553921342119,0.44775921530133694,0.5145477835981066,0.49377614985641527,0.1696546984216714,0.5085667369519153,0.536877413315652,0.5232629680906168,Low,176
12095016715,6719,81541.0,13.58081271005194,2256,4041.0600658124504,4.0,0.5953266855186784,0.0,0.0,0.0,0.7602996254681648,0.5416666666666666,0.3052434456928839,0.9879032258064516,0.2986917100792682,0.47591292134831464,203,1284.8121405322624,0.798345251563533,1722.675049373832,1.0704206492669261,3065.858864807336,1.9050363780567336,5.953266855186784,0.5155152104239366,0.4690192418922042,0.4194866165797228,0.45898502991773704,0.2250176934557667,0.40864544156248933,0.5507854088214904,0.5231856743188891,Low,177
12095012307,6889,48826.0,23.35468841001747,2352,5598.240963880257,1.0,0.14515894904920887,47.0,0.0,0.0,0.7940074906367042,0.09090909090909091,0.9176029962546817,0.9969758064516129,0.24403745057738258,0.5991232550221315,111,1162.0432177495502,0.7220601796443459,2857.045426030201,1.7752857226486076,3857.9286833833803,2.397205745560539,1.4515894904920887,0.5428244056481266,0.32303749551040695,0.3793522415922851,0.5331919509931775,0.23676443292016888,0.36441289383874786,0.5596024327857385,0.5226413371498748,Low,178
12095015002,6758,101250.0,15.433560224918615,2284,3411.3760966591076,0.0,0.0,0.0,0.0,0.0,0.7715355805243446,0.7045454545454546,0.3052434456928839,1.0,0.24834438655572413,0.6094271365338781,117,2066.4346155134494,1.284022940722089,2298.7254610169375,1.4283617803384097,3785.8978689674755,2.352447872529102,0.0,0.3844264797261358,0.38429679661662636,0.32996770583606927,0.5255893073245355,0.25467758901017157,0.32316360117754866,0.5581496938258123,0.5223187252221596,Low,179
12095012403,6568,46033.0,24.557926829268293,2277,2496.484722549082,2.0,0.3045066991473812,0.0,0.0,49.0,0.7228464419475655,0.07575757575757576,0.3052434456928839,0.9939516129032258,0.5077731549964056,0.5298093292475314,121,1130.799377698617,0.702646157501825,2065.3921349329094,1.2833751733208745,1398.7212244271043,0.8691250748299334,3.045066991473812,0.5501650390002789,0.4154136789887731,0.5062580133964285,0.5227439344922006,0.17032242805653047,0.5041384191962348,0.5504775361124497,0.5221898925440718,Low,180
12095017011,5088,74773.0,11.7242773398019,1827,1613.4273040502992,15.0,2.94811320754717,0.0,7.0,77.0,0.4868913857677903,0.4734848484848485,0.3052434456928839,0.8516959203036053,0.7069569172221525,0.43731486210418796,126,700.9833885658655,0.4355708838917382,586.4850656418971,0.3644249244672967,635.9652728247781,0.39517049979667374,29.4811320754717,0.6713016381522843,0.7664272729066602,0.7045888767311068,0.5174970664922636,0.1895959202512888,0.7063716406846001,0.4948750580328104,0.5221089781317982,Low,181
12095014809,2934,157361.0,1.0259917920656634,1413,1339.266536730572,5.0,1.7041581458759374,0.0,2.0,0.0,0.1760299625468165,0.9583333333333334,0.3052434456928839,0.9554672675521821,0.2209882648700168,0.3787687265917603,255,1285.370300796883,0.7986920762726197,1285.370300796883,0.7986920762726197,4278.616009943666,2.65860873122444,17.041581458759374,0.5153963408035875,0.5558510313906612,0.405724048547574,0.3868553231785044,0.2777271760236265,0.39100364475089544,0.46059650809188124,0.5219914304344725,Low,182
12095016754,5223,59735.0,7.4861190886463715,1566,7080.048014253773,1.0,0.19146084625694046,0.0,0.0,0.0,0.5093632958801498,0.2689393939393939,0.3052434456928839,0.9969758064516129,0.48793050177976593,0.43219484167517874,205,1063.2301231688718,0.6606605692560893,1751.063740034099,1.0880605638285532,1504.0857252183366,0.934595540306073,1.9146084625694046,0.5666271567878581,0.46416352172083974,0.5146557677712176,0.4569331195039904,0.16953578356320786,0.5107209350208131,0.5206149527748176,0.5211127376424114,Low,183
12095012402,5130,48281.0,27.880369329586514,2633,5134.6551314325025,1.0,0.1949317738791423,0.0,0.0,42.0,0.4943820224719101,0.08712121212121213,0.3052434456928839,0.9969758064516129,0.6183096706571052,0.5006149982975826,131,1024.733456250883,0.636739849436095,2863.1255668376743,1.7790637469911184,921.5860658591946,0.5726470324922419,1.949317738791423,0.5763838905230908,0.32245456418124196,0.5423683373083268,0.5131410000008059,0.15120145123755907,0.5444646263150276,0.5184385808414349,0.5203101057776565,Low,184
12095016723,5145,82358.0,11.50078369905956,1700,3904.7666957303495,2.0,0.38872691933916426,0.0,0.0,0.0,0.5056179775280899,0.553030303030303,0.3052434456928839,0.9939516129032258,0.3084964800392007,0.44344143684031323,215,1080.5996895615106,0.6714535174341287,1301.5119303278723,0.8087220198589439,2947.428392705924,1.831447094409849,3.8872691933916426,0.5623163788314491,0.5521821920166126,0.45876158195158245,0.44803748037369395,0.20166562731874615,0.44607058701197,0.5171767053468191,0.5197835227355421,Low,185
12095017814,7218,135497.0,14.168748265334443,2282,1779.0707526308684,0.0,0.0,0.0,0.0,0.0,0.8089887640449438,0.928030303030303,0.3052434456928839,1.0,0.1550088725875132,0.6523131596867553,130,4120.774454049099,2.560530535453638,4264.758655466328,2.6499981703516013,5941.8681437004625,3.6921056925681905,0.0,0.21040655931839067,0.2202775621692989,0.19022168519622132,0.5136857173395951,0.31233489684320376,0.18745180085967744,0.5689145442489957,0.5193157733341165,Low,186
12095017122,2657,117895.0,10.048927361686113,1668,2093.1663675482487,1.0,0.3763643206624012,1.0,0.0,0.0,0.14232209737827714,0.8257575757575758,0.6310861423220974,0.9969758064516129,0.3633921682473717,0.4891258086482806,180,1309.659917699948,0.8137849444866654,1748.2036363225918,1.0862833777754115,2381.4234236426296,1.4797479119707344,3.763643206624012,0.510267491901443,0.4646490062138865,0.4423936653023032,0.4751061656444874,0.2164514989138755,0.43504989911959957,0.4605658088924509,0.5187399022141991,Low,187
12095016402,2796,58464.0,9.120521172638437,1112,2754.725838373033,5.0,1.78826895565093,13.0,2.0,6.0,0.15355805243445692,0.24621212121212122,0.8089887640449438,0.9554672675521821,0.6377620453902898,0.4106209567585972,178,912.8671459694789,0.5672293468453474,828.2508798494849,0.5146512366836953,852.8563703943634,0.5299403796791509,17.8826895565093,0.6064258984261073,0.6799220014157952,0.6336595778097178,0.4775325430739334,0.14565177222723236,0.635226385157927,0.4573670529649262,0.5176828714846257,Low,188
12095013507,9445,62196.0,20.921122286924298,4189,2187.099588672239,30.0,3.1762837480148227,10.0,4.0,92.0,0.9400749063670412,0.32954545454545453,0.7902621722846442,0.8504506641366224,0.4971959815978822,0.6003681477698332,55,1222.5624381702867,0.759665079790453,1236.140018198724,0.7681017968804208,1453.9821774165175,0.9034626390731363,31.762837480148225,0.529066357062946,0.567297676332052,0.5239644707307417,0.5774470446581057,0.2512268707533786,0.5223709519574885,0.5726433646322575,0.5173644743970616,Low,189
12095013605,3746,64976.0,21.316783594171614,1660,4952.752502672377,6.0,1.601708489054992,0.0,2.0,18.0,0.27340823970037453,0.3560606060606061,0.3052434456928839,0.9524430740037951,0.5836873845445448,0.3728847463398025,218,870.6723381355959,0.5410107087953824,933.5672695414124,0.5800918073086999,1053.9030506556667,0.654864995088475,16.01708489054992,0.6184613573504452,0.647382494486305,0.610335995655257,0.44412012113443883,0.15421809860928695,0.608597297014962,0.47798590604786817,0.5169382116526325,Low,190
12095012201,6263,61916.0,20.104694912481598,1971,7081.740791272147,4.0,0.6386715631486508,0.0,0.0,0.0,0.6816479400749064,0.3181818181818182,0.3052434456928839,0.9879032258064516,0.405283984641253,0.42272727272727273,228,1370.4378290993568,0.851550587754611,1600.9526597021468,0.9947858628746538,2035.8978384790116,1.2650482671691146,6.386715631486508,0.4978003687203262,0.49081267088579245,0.4593962755217902,0.433727973565628,0.18897590157586197,0.45477045631783647,0.5401141657932912,0.5169268362151767,Low,191
12095014908,7611,44641.0,14.828594206749933,2279,6321.965178329235,0.0,0.0,0.0,0.0,0.0,0.8539325842696629,0.06060606060606061,0.3052434456928839,1.0,0.3276489079004852,0.5334354783792986,146,1337.9949068776136,0.8313914904940234,1523.3855693916853,0.9465879074900613,2732.580219177556,1.6979466286745133,0.0,0.5043912736158019,0.5055839181379319,0.43393285623410127,0.5035846917357394,0.18454267860776055,0.42509573794833533,0.5781114708061937,0.5166473661133907,Low,192
12095013606,4119,68750.0,24.204904102937604,1587,1436.9319924536617,21.0,5.098324836125273,15.0,0.0,50.0,0.3445692883895131,0.38636363636363635,0.8314606741573034,0.936491935483871,0.5418243145405186,0.47256128702757916,137,698.4145349250989,0.4339746722422918,1551.4048653222865,0.9639982908081096,1233.616954712324,0.766534037913786,50.98324836125273,0.6721612751386116,0.5001645074745018,0.5856271373665525,0.5064810421292711,0.1838929903071023,0.5791102893366478,0.46252124724304833,0.5165789593596366,Low,193
12095014909,3742,98203.0,9.372453137734311,1011,5337.08211776484,0.0,0.0,0.0,0.0,0.0,0.2696629213483146,0.6818181818181818,0.3052434456928839,1.0,0.42688839150344027,0.4805498808307797,191,1802.33290309742,1.1199177448062192,1802.33290309742,1.1199177448062192,1880.0890952381042,1.1682332026205113,0.0,0.4220010133771315,0.4555989806434978,0.4306755580809283,0.46558758400582423,0.20313293482044115,0.4309199269872437,0.48756971800772264,0.5161941311263976,Low,194
12095016737,12795,118326.0,5.666275889019149,4184,93.30149921674389,2.0,0.15631105900742479,5.0,1.0,0.0,0.9775280898876404,0.8333333333333334,0.7340823970037453,0.9792457305502846,0.006634247154308793,0.6892322097378276,173,16062.333261133055,9.980671168583632,16499.498967850188,10.252313344971732,19093.07893145519,11.863889219119834,1.5631105900742477,0.0,0.0,0.0026536988617235175,0.4832586564749964,0.38013014509510024,0.002985411219438957,0.6962008482541089,0.5160429442724241,Low,195
12095014100,6153,88675.0,10.104302477183833,2591,2395.8841156965004,18.0,2.9254022428083863,3.0,1.0,96.0,0.6629213483146067,0.6098484848484849,0.702247191011236,0.9308586337760911,0.47578351239040023,0.5771514300306435,89,1535.5183230845507,0.954126851117319,1905.911138464625,1.1842782764061786,1572.30839399867,0.9769871413437213,29.254022428083864,0.46637001425064545,0.4390583714308337,0.4646730849425851,0.543407926504226,0.23036158653318317,0.4651437598495728,0.5149593172699353,0.5159269084430087,Low,196
12095012500,2342,55924.0,13.065755764304013,1298,2960.2002016590677,2.0,0.8539709649871904,0.0,0.0,40.0,0.0898876404494382,0.20454545454545456,0.3052434456928839,0.9939516129032258,0.6647399270501377,0.38414623765747363,208,739.3067752002156,0.4593839323352966,1797.4163919021082,1.11686276638314,763.4914417056362,0.47441158739563216,8.539709649871904,0.6587004489438467,0.4564091117129452,0.6206579727401829,0.4550997581822864,0.11897114497265335,0.6209599466454974,0.4515813233116384,0.5151240635202924,Low,197
12095017026,3823,101047.0,3.5835731101229404,2237,1540.4886275815156,13.0,3.4004708344232277,0.0,2.0,8.0,0.2883895131086142,0.696969696969697,0.3052434456928839,0.9312737191650854,0.5100428676737078,0.3656877766428328,243,1271.8479059750478,0.790289649680272,1281.7636200632228,0.7964509887651259,1387.1218193462992,0.8619175386656297,34.00470834423228,0.5182891203865791,0.5566763953014106,0.522668074284397,0.41278186593530203,0.2085887457011347,0.5222557616487533,0.46849752582066895,0.514118518941797,Low,198
12095018901,4083,,20.46908315565032,2180,3699.63869327091,4.0,0.9796718099436689,3.0,0.0,9.0,0.3333333333333333,,0.702247191011236,0.9879032258064516,0.6767610572594942,,265,257.6041456888313,0.16006779513194896,1470.6186486408665,0.9138000630324321,725.7271541598889,0.4509459470193376,9.796718099436688,0.8547058054062351,0.516057642388497,0.7157982735439912,0.21473948206319735,0.06735836887211652,0.7069010361366541,0.4890981355269002,0.5136043360708029,Low,199
12095016505,2573,54882.0,11.115429459774582,1250,2945.560670734322,5.0,1.94325689856199,27.0,2.0,0.0,0.13108614232209737,0.17424242424242425,0.8857677902621723,0.9554672675521821,0.34738593617303093,0.3660240040858019,222,406.7325331198776,0.25273187902640926,406.7325331198776,0.25273187902640926,2531.3887955811883,1.5729320739265118,19.4325689856199,0.784015366887611,0.844191026299237,0.6213987264841042,0.4426364208052926,0.15396593077890683,0.5995672549483752,0.45214844069455684,0.5133548476363481,Low,200
12095016739,6988,56477.0,25.615340583858043,2484,8943.920442757453,0.0,0.0,0.0,0.0,0.0,0.8052434456928839,0.2196969696969697,0.3052434456928839,1.0,0.25585318614265834,0.5451268300987402,140,1238.5866281337248,0.769622049812672,1559.565295548503,0.9690689470669434,3664.754970026044,2.277173164982778,0.0,0.5255214292008968,0.49860416116861334,0.4122706783711448,0.5052699845804616,0.19226960385927866,0.39878726621823285,0.563532119037404,0.5130185066910985,Low,201
12095016713,9102,61759.0,22.912665235566603,3198,4146.51389373777,0.0,0.0,1.0,0.0,0.0,0.9250936329588015,0.3143939393939394,0.6310861423220974,1.0,0.20910993739907385,0.6544624616956078,86,2275.664634928294,1.4140324473377315,2658.9169962667147,1.6521744240303593,4521.738748141803,2.8096781969186218,0.0,0.35828547447957804,0.34294179893529086,0.29554652453851893,0.5467876805484811,0.2342558917921208,0.28808774768449374,0.6130036272865557,0.5126202689824026,Low,202
12095013803,2992,75762.0,12.800802139037435,1155,4941.130682452621,1.0,0.3342245989304813,0.0,0.0,0.0,0.18726591760299627,0.49242424242424243,0.3052434456928839,0.9969758064516129,0.3600559386958926,0.3851932243786177,233,451.26548206918284,0.2804033706088834,1960.5771787175843,1.2182461790130539,2411.7782586070925,1.4986095319627701,3.3422459893048124,0.7648896214714618,0.4307156089721444,0.5361213458613706,0.43047166082344357,0.15835354207987107,0.5158796617225921,0.468405428222378,0.5124506339341885,Low,203
12095016741,2883,63878.0,18.03676725633021,1941,4917.627690907941,26.0,9.018383628165106,24.0,5.0,1.0,0.16853932584269662,0.3409090909090909,0.8651685393258427,0.8478415559772297,0.47852547386194233,0.34898280558392913,183,118.20237155120053,0.0734475485360498,129.81613374076682,0.08066400579414147,1556.648378128148,0.9672564586117995,90.18383628165107,0.9318220648543597,0.9954460577795823,0.7632282270424373,0.4732564320214816,0.16840405439411987,0.7405633974928163,0.42553204606389716,0.5123799726557698,Low,204
12095016513,4582,63017.0,16.73585317893817,2025,2378.6047932412357,1.0,0.21824530772588388,6.0,0.0,4.0,0.4232209737827715,0.3333333333333333,0.7509363295880149,0.9969758064516129,0.4575246747951719,0.550749063670412,116,1538.5685405117242,0.9560221683566249,1538.5685405117242,0.9560221683566249,1680.6742375370152,1.0443225547409474,2.182453077258839,0.46582028844171247,0.5026352972187303,0.4698650447384999,0.5264838579908383,0.17169019822945314,0.4694502640561728,0.505614367728599,0.5122203108113597,Low,205
12095017110,8228,85278.0,15.811861934856589,2725,944.4113964700542,84.0,10.209042294603792,56.0,2.0,73.0,0.8951310861423221,0.571969696969697,0.9382022471910112,0.7165559772296015,0.6930934909062808,0.643379724208376,23,604.2336428987468,0.37545337907790177,3643.6216355220567,2.264041519726085,676.3042043032136,0.4202359497430093,102.09042294603792,0.7050553213400799,0.25882975298817473,0.6110254754961792,0.6336734495947169,0.32236104655442005,0.6104273839744894,0.45706654051476525,0.5117033426370229,Low,206
12095013801,2247,110000.0,6.2298107983387165,1193,4446.0614696815865,0.0,0.0,0.0,0.0,0.0,0.07865168539325842,0.7689393939393939,0.3052434456928839,1.0,0.4082482169473051,0.44586525366019747,219,1579.228530037719,0.9812871145247499,1784.165163401707,1.1086288347312365,2013.7015362324942,1.2512561243789357,0.0,0.4585927912995292,0.45860430753640335,0.43845726480601444,0.4436428570039425,0.19719809857937176,0.43594003608840315,0.45258395413237645,0.511325642062667,Low,207
12095012306,3993,70997.0,7.5452716297786715,1154,4068.6811311104047,1.0,0.25043826696719257,0.0,0.0,0.0,0.31835205992509363,0.4356060606060606,0.3052434456928839,0.9969758064516129,0.3570855533096713,0.4094420326864147,229,1059.0570573601708,0.6580675463792519,1114.5700882222302,0.6925617445507176,2439.1956879707927,1.5156459327345755,2.5043826696719256,0.5676711892310784,0.5973365988310829,0.4893700167825165,0.43342042791524527,0.16694667357849158,0.4788407349864461,0.491830678817175,0.5108226262458873,Low,208
12095018500,2982,61974.0,17.254763585038816,1385,1945.528279187353,7.0,2.347417840375587,0.0,1.0,51.0,0.1797752808988764,0.32196969696969696,0.3052434456928839,0.9641247628083491,0.5986936194604423,0.3629958290772898,227,994.0898949821747,0.61769882323616,966.4258958906471,0.600509211138605,994.8922070476476,0.6181973568408293,23.474178403755868,0.5843565600708068,0.6377748068545367,0.6007750331834071,0.434329590309125,0.1378737508746467,0.6014918861528888,0.45849399038007876,0.5105347054609491,Low,209
12095017703,4414,39338.0,43.69630833526817,1708,2945.5069255103267,16.0,3.6248300860897147,0.0,2.0,63.0,0.3707865168539326,0.03409090909090909,0.3052434456928839,0.9222011385199241,0.6805400301648454,0.3343271195097038,226,651.5690247377711,0.4048662217262258,967.840851549051,0.6013884238230304,714.1026388241628,0.4437228080659963,36.248300860897146,0.6881802004229394,0.6373665834149512,0.6749614089181042,0.4365174063322239,0.12684881366891598,0.6745794004051995,0.47748930875216566,0.5100646779798002,Low,210
12095016803,2137,77083.0,10.060832943378568,982,435.7417693716492,0.0,0.0,0.0,0.0,18.0,0.056179775280898875,0.5037878787878788,0.3052434456928839,1.0,0.5424616718898687,0.4760363466121893,163,1171.3594663330136,0.7278490281338319,1615.4779133769737,1.0038114370681306,1230.6992113076576,0.7647210362157858,0.0,0.5406675116371367,0.48812559109237647,0.5308767916292775,0.4924884801173157,0.14696166786387144,0.5309664996419141,0.45000975077031086,0.5099789421509625,Low,211
12095015001,1950,92963.0,18.871794871794872,474,1012.0723450187596,0.0,0.0,6.0,1.0,6.0,0.0449438202247191,0.6287878787878788,0.7509363295880149,0.9852941176470589,0.4712780756200598,0.5490934627170583,108,1530.6090556119718,0.9510763737348708,1030.0068601672815,0.6400165907147766,1598.3792188346226,0.9931868008546479,0.0,0.46725703039838135,0.6198633603273733,0.4993867144728512,0.5341814382437962,0.17476873793055603,0.49958776673393507,0.4456336050547993,0.5099766443186071,Low,212
12095016406,1690,57143.0,28.5207100591716,1104,1559.27391453967,7.0,4.1420118343195265,4.0,1.0,39.0,0.0299625468164794,0.22727272727272727,0.7209737827715356,0.9641247628083491,0.7537741776873955,0.38381001021450456,198,1000.4350322843804,0.6216415087665411,1199.505410627806,0.7453381070969326,509.67078142553794,0.3166947411029202,41.42011834319527,0.5826903476943001,0.5760760624066883,0.649801022634016,0.4636073139403579,0.11547401975979715,0.6583552141336707,0.42825880180018094,0.5099239597531758,Low,213
12095016731,7932,96019.0,4.026967930029154,2222,493.9266200331023,2.0,0.2521432173474534,15.0,0.0,0.0,0.8726591760299626,0.6515151515151515,0.8314606741573034,0.9939516129032258,0.07050548488312708,0.6552179094313926,123,2682.202973469894,1.6666436594475103,3281.3255706489226,2.038921181952971,10222.555634218239,6.352001582146663,2.5214321734745337,0.3147808651342917,0.2858381293068648,0.21128216586834048,0.5220371863624769,0.28357552363777927,0.19906839685578226,0.5823976578020631,0.5096691384774422,Low,214
12095016710,4359,83690.0,10.585533869115958,1559,2330.0306669747297,0.0,0.0,0.0,0.0,0.0,0.36329588014981273,0.5568181818181818,0.3052434456928839,1.0,0.24743429045879345,0.48520812053115425,189,1194.0619145976113,0.7419556754787114,1194.0619145976113,0.7419556754787114,3800.960058175822,2.3618070829951967,0.0,0.5354714815721303,0.5774000112651544,0.4286423110654004,0.46823837769142806,0.19136645235798067,0.41424045150973354,0.5020086586840361,0.5095955371135426,Low,215
12095011600,3806,56212.0,8.854440357330532,1914,2544.5249503381774,3.0,0.788229111928534,0.0,1.0,53.0,0.2846441947565543,0.21212121212121213,0.3052434456928839,0.9762215370018976,0.6016615778877173,0.4247957099080694,199,1331.6157890679453,0.8274276904552074,1331.6157890679453,0.8274276904552074,983.5293447358837,0.6111368015389399,7.882291119285339,0.5057043230693267,0.5454474632410378,0.5520358530310252,0.46296775284495617,0.14223586692332127,0.5568337157719446,0.48422872665005057,0.5095504236892918,Low,216
12095016738,4447,54023.0,6.037221970040854,1849,5151.995335953687,1.0,0.22487069934787499,0.0,0.0,0.0,0.3895131086142322,0.14772727272727273,0.3052434456928839,0.9969758064516129,0.3204116510428645,0.3840504766768812,239,521.1515053134866,0.32382853219292246,1601.411133695559,0.9950707454065502,2811.34174554158,1.746886772213759,2.24870699347875,0.7364873132383662,0.4907274845194552,0.5209050826163834,0.42510685845873175,0.14900962858389372,0.5001012995066082,0.5024551181478821,0.5089623650851512,Low,217
12095016717,4115,117083.0,10.012150668286756,1312,3226.430789724392,0.0,0.0,0.0,0.0,0.0,0.3408239700374532,0.8143939393939394,0.3052434456928839,1.0,0.15302502356256417,0.518226506639428,197,1622.1585633160473,1.0079626004856932,1695.754999694897,1.053693305902838,6006.554801002093,3.7323001179375526,0.0,0.4511591766450496,0.4737008132684542,0.33641384273673636,0.4636827074686205,0.23678167998285937,0.3215071350826121,0.4962986075899996,0.5086439597686662,Low,218
12095017901,6455,106690.0,4.653341661461587,2420,211.0487692930063,0.0,0.0,0.0,0.0,14.0,0.7153558052434457,0.7348484848484849,0.3052434456928839,1.0,0.33406566323305403,0.6684669731018046,94,4091.397908684129,2.542276796436392,7193.266219994819,4.4696884071987215,2665.058821673067,1.6559907774056182,0.0,0.21201108017571485,0.11180969840447177,0.24079263704440193,0.5401646722845838,0.2579690808599999,0.24689536619726887,0.5510589336557589,0.5076725989490296,Low,219
12095017505,4769,97286.0,4.0889075277836024,1899,1915.6779183214642,0.0,0.0,0.0,0.0,0.0,0.43820224719101125,0.6666666666666666,0.3052434456928839,1.0,0.32560196771226535,0.5204119850187265,188,2318.9616495850946,1.4409359649553448,2318.9616495850946,1.4409359649553448,2754.5705562181306,1.711610790619116,0.0,0.35322372884676634,0.38177233418284096,0.3478847454601809,0.46865381315116283,0.2178037248458038,0.34650365740345584,0.5116034166699169,0.5075825630860044,Low,220
12095017121,3380,95700.0,21.09467455621302,2153,3743.175078024149,28.0,8.284023668639053,1.0,3.0,1.0,0.23220973782771537,0.6439393939393939,0.6310861423220974,0.8712049335863377,0.48999989642134806,0.3597931562819203,223,555.2922351128146,0.3450425981721836,629.1122426400508,0.39091222426035127,1492.7537368625276,0.9275541691910043,82.84023668639054,0.7232790146454037,0.7498181318258212,0.635275190791865,0.44243776663490375,0.19501533040349847,0.6236112348806622,0.43393695843907154,0.5074835550573402,Low,221
12095013603,4553,54112.0,18.74296012615454,2257,5646.07975939005,11.0,2.415989457500549,0.0,4.0,32.0,0.41198501872659177,0.15151515151515152,0.3052434456928839,0.9079103415559773,0.5978322869260646,0.36074225400068094,224,811.03727958483,0.5039552013645497,811.03727958483,0.5039552013645497,998.208497344316,0.6202580040962753,24.15989457500549,0.6361870390745569,0.6855097150371436,0.6307096734076774,0.44173247982277986,0.15079454695129685,0.6287919358002527,0.488806681856899,0.5073299765930523,Low,222
12095016724,6734,61448.0,19.473371020529605,2459,5442.075090407009,2.0,0.29700029700029695,0.0,1.0,0.0,0.7677902621722846,0.29924242424242425,0.3052434456928839,0.9792457305502846,0.3025929181013891,0.47091632618318013,209,1276.0846969832357,0.7929222695602902,2132.877573685249,1.3253086808570753,3018.006847286009,1.8753025128785448,2.97000297000297,0.517379847726245,0.4060151008133114,0.40919212649371595,0.45239906627634086,0.1956342410235234,0.39845278001247314,0.5543622430042942,0.5071541958774188,Low,223
12095013701,4050,61677.0,21.584158415841586,2332,7884.630215196257,0.0,0.0,0.0,0.0,0.0,0.32209737827715357,0.3106060606060606,0.3052434456928839,1.0,0.29281618892261646,0.43797667688117126,207,883.4684656053935,0.5489618537773114,883.4684656053935,0.5489618537773114,3139.8249666360402,1.9509967829351835,0.0,0.614768402209669,0.662518604784817,0.4955375574098776,0.4552449410397831,0.15409808343310893,0.4794399467455249,0.49477748742150635,0.5070049714644992,Low,224
12095016746,4207,101415.0,16.49631566436891,1497,3871.6439971197397,0.0,0.0,0.0,0.0,0.0,0.34831460674157305,0.7083333333333334,0.3052434456928839,1.0,0.23735070166725744,0.504190074906367,200,1589.574295661388,0.9877156752449371,1899.281320574234,1.18015869855931,3973.652122564973,2.4691129569346097,0.0,0.4567831070288536,0.4400878456963906,0.3656710926177225,0.46263438021977366,0.21512205810312435,0.3546994723496427,0.4984515776746363,0.5068338754786419,Low,225
12095013402,3716,67194.0,8.611410118406889,1512,4859.991060468648,2.0,0.5382131324004306,0.0,0.0,0.0,0.26591760299625467,0.3787878787878788,0.3052434456928839,0.9939516129032258,0.4233322197200846,0.35737997957099077,252,988.0745626310235,0.6139610690014213,1867.29700553864,1.1602845665927484,1904.8135710833874,1.183596279653938,5.382131324004305,0.585943683697735,0.4451095131982034,0.4927322640067685,0.39798566490172405,0.1570194365659293,0.48460169080788607,0.4837354634887124,0.5062871430077879,Low,226
12095016716,5411,103226.0,7.207540195897247,1970,2059.4827177424613,2.0,0.36961744594344853,0.0,2.0,0.0,0.5393258426966292,0.7234848484848485,0.3052434456928839,0.9645398481973434,0.20605775782253308,0.4774365849506299,221,1608.0349662828025,0.9991866041584662,1608.0349662828025,0.9991866041584662,4587.487146392793,2.8505323575275345,3.6961744594344856,0.45358287305275813,0.48949945817417395,0.3617561439849513,0.4427324526609263,0.23657539108363412,0.34937988822344,0.5234015971132687,0.5062082482486715,Low,227
12095016752,3669,115625.0,6.050695012264922,1364,2179.016359727117,1.0,0.2725538293813028,0.0,1.0,0.0,0.2546816479400749,0.803030303030303,0.3052434456928839,0.9822699240986716,0.16254024350670468,0.4486380660537964,238,1335.1892501925777,0.829648136254634,1338.3055540670623,0.8315845177084963,5705.987147128217,3.545536036501964,2.7255382938130284,0.5049680767500755,0.5439695339147607,0.37579723488566424,0.42678581670335675,0.2276744100680149,0.35867584322349566,0.4842484798234545,0.505910757883852,Low,228
12095016745,4576,100556.0,5.965909090909091,1422,2291.0018542450316,1.0,0.21853146853146854,0.0,0.0,0.0,0.4157303370786517,0.6931818181818182,0.3052434456928839,0.9969758064516129,0.16125859458096328,0.4724229656111679,225,1396.629524282429,0.8678253526172335,1741.6231359774276,1.0821944444304186,5745.082047296836,3.5698284812301386,2.1853146853146854,0.49258321523731374,0.4657691513695816,0.35469055420122714,0.43710324218818564,0.21961273026786612,0.33812432316840957,0.5054739566361227,0.5051100943399245,Low,229
12095016603,8043,108942.0,23.05295950155763,2531,467.207323871876,1.0,0.12433171702101205,0.0,0.0,0.0,0.8801498127340824,0.7575757575757576,0.3052434456928839,0.9969758064516129,0.044159537125322564,0.5981869254341164,187,2799.3785403739325,1.739453181155758,5258.551090097148,3.2675121602945967,12762.676530969258,7.9303595321878095,1.2433171702101204,0.3037311762712224,0.17309970162668226,0.17377622568395446,0.4708637155090678,0.28606332965548587,0.16079764372665944,0.5866081662386813,0.5043384191668783,Low,230
12095018100,3228,81000.0,23.110285006195788,1136,1743.7468832486886,10.0,3.0978934324659235,0.0,2.0,8.0,0.21348314606741572,0.5303030303030303,0.3052434456928839,0.9403462998102466,0.4454715082895428,0.3336653047327205,251,879.5117906216334,0.5465032899253568,1014.9468558966116,0.6306587379060111,1756.347422372252,1.0913436918224144,30.97893432465923,0.615906240803046,0.6240274851720086,0.5493565966714372,0.3983726923143355,0.1697563463358724,0.5408348600457621,0.45941213549418797,0.5041146140359942,Low,231
12095017025,3654,101439.0,2.4630541871921183,1505,689.8431854826305,0.0,0.0,8.0,0.0,0.0,0.250936329588015,0.7121212121212122,0.7752808988764045,1.0,0.33466222195166506,0.5744211780728635,141,2332.0695525069887,1.4490808382216533,2642.84859322209,1.642189981273171,2658.887972737992,1.652156389645714,0.0,0.35171324681523325,0.3446373722094692,0.34347766194865315,0.5051381232356004,0.21628605055759936,0.34262511070547474,0.48551035531807013,0.5035904778959417,Low,232
12095010400,1141,21410.0,45.92462751971954,558,5460.485323184151,0.0,0.0,0.0,0.0,7.0,0.011235955056179775,0.007575757575757576,0.3052434456928839,1.0,0.713782452083549,0.3619977868573374,196,620.6363056346161,0.38564552117795575,809.3147547027071,0.5028848740248866,616.623338612097,0.38315197907476395,0.0,0.6991266388541644,0.686073242207916,0.7023782848166686,0.4641119362451368,0.049359760691025434,0.7031110754781378,0.4267015094192441,0.5030362703139621,Low,233
12095017811,4343,118393.0,3.684089339166475,1244,2362.160131303238,0.0,0.0,0.0,0.0,0.0,0.3595505617977528,0.8371212121212122,0.3052434456928839,1.0,0.3052691722200142,0.5263172454885938,212,3450.0951914150946,2.1437897624218905,3621.7517018760677,2.2504521729823255,2985.7425855576967,1.855254430101766,0.0,0.25168169617417274,0.2603540092249828,0.27485114920267134,0.45087741660281705,0.24226972634859278,0.27753052300496345,0.5016342291040993,0.5025774180508398,Low,234
12095015006,4822,104531.0,5.620074657818332,1575,4085.2162166718676,0.0,0.0,0.0,0.0,0.0,0.44569288389513106,0.7310606060606061,0.3052434456928839,1.0,0.17207816199727446,0.5319437351038475,195,1699.1401373518788,1.0557967329246443,2955.9588298319604,1.8367476622971597,5427.605693429546,3.3725578207204583,0.0,0.4383124391650328,0.3137470463742938,0.3069056497397817,0.46443230949462777,0.22930986040223855,0.29359393588139376,0.5128437146534577,0.50172710280252,Low,235
12095017809,3698,86039.0,23.251313243019077,1241,2538.445583359196,1.0,0.2704164413196323,0.0,0.0,0.0,0.26217228464419473,0.5795454545454546,0.3052434456928839,0.9969758064516129,0.24578674023287347,0.41698799795709907,241,1229.141792812515,0.7637533012286465,1405.1481923137171,0.873118607528109,3828.442209084602,2.3788836998706318,2.7041644131963225,0.5276060059196761,0.5295626083930209,0.41526962013962404,0.41647248461185654,0.18451650914441764,0.4011786568552839,0.48492713343708993,0.5016277903080166,Low,236
12095012405,4854,45189.0,15.292662819455893,2087,12126.785633545769,0.0,0.0,0.0,0.0,0.0,0.45692883895131087,0.06439393939393939,0.3052434456928839,1.0,0.47393492402172116,0.43475272386789243,220,1555.8684642010098,0.9667718425650512,1905.6099928982894,1.1840911532265876,1582.9538582894302,0.983601926181991,0.0,0.46272245341002816,0.4391050489447778,0.4624839607616553,0.4430720949360213,0.14233784321959592,0.46304458429223994,0.5135925738133312,0.5009033115276196,Low,237
12095016910,1166,66707.0,6.089193825042882,435,6472.888514114243,0.0,0.0,0.0,0.0,0.0,0.0149812734082397,0.3712121212121212,0.3052434456928839,1.0,0.4616892850419975,0.3702885597548519,236,817.0490062910184,0.507690715155379,979.3740904021345,0.6085548461995288,1655.312534048467,1.0285635228070984,0.0,0.6343606473835098,0.63405581580135,0.5652311361304729,0.4287713326675382,0.11651844627128051,0.5565975680133973,0.4272865556378954,0.5006555476749812,Low,238
12095016714,3282,80478.0,12.754452926208652,1061,2763.7695970292943,2.0,0.6093845216331506,0.0,1.0,0.0,0.2209737827715356,0.5265151515151515,0.3052434456928839,0.9792457305502846,0.2455068053861331,0.36830311542390193,253,973.8627541189605,0.6051302606024321,973.8627541189605,0.6051302606024321,3833.1394676384252,2.381802441018468,6.0938452163315056,0.589722779171796,0.6356342290780735,0.4612186796387864,0.3961777846883673,0.1698293747869087,0.44400788094950316,0.47357906113292625,0.4978649513830421,Low,239
12095016753,8360,96879.0,8.048898571774389,2961,630.2194409112569,5.0,0.5980861244019139,0.0,1.0,0.0,0.898876404494382,0.6628787878787878,0.3052434456928839,0.9701731499051234,0.14551855297753682,0.5151621552604698,240,3591.5450477338986,2.231682628284505,4362.0334999996,2.710441956473942,6261.681874113425,3.8908287315287624,5.980861244019138,0.24209073428368327,0.21496636741760325,0.1980369883880087,0.4200246051987314,0.2732278248659659,0.19320837932270135,0.5875749393879536,0.49774224472125905,Low,240
12095013405,2476,43288.0,24.79806138933764,1006,10420.370387204648,0.0,0.0,0.0,0.0,0.0,0.11235955056179775,0.04924242424242424,0.3052434456928839,1.0,0.5351721206709721,0.34633767449778685,245,976.0911107498055,0.6065148972188702,1370.5250050436753,0.8516047563750666,1264.4315804919233,0.7856813586728029,0.0,0.5891274851629047,0.5369444283570589,0.5571087280049625,0.40956899054993956,0.10243600154513872,0.5544109597803659,0.45794297749522217,0.4976508903236509,Low,241
12095016902,5612,51761.0,20.616535994297934,1995,1481.5300989683626,13.0,2.316464718460442,0.0,4.0,76.0,0.5767790262172284,0.125,0.3052434456928839,0.901861954459203,0.617003491865518,0.4132256554307116,211,1441.0208063600567,0.8954088164867527,1484.3609661338614,0.9223391432371584,926.3388266567144,0.5756002611354157,23.16464718460442,0.48394547022168294,0.5132955170990928,0.5430386882546989,0.4521695652779078,0.16385083266010012,0.5496915893368907,0.510363433227354,0.49707358059191453,Low,242
12095016740,3871,69375.0,14.13071557737019,1458,2514.4386787705694,19.0,4.9082924308964095,0.0,4.0,1.0,0.299625468164794,0.3939393939393939,0.3052434456928839,0.8837167931688804,0.5209497840822597,0.2894279877425945,256,734.9711781579298,0.4566899172320708,800.9122992176094,0.4976638302423903,1332.6069475563547,0.8280435677868465,49.082924308964095,0.6601053770166879,0.6888336683747304,0.6101887981145251,0.38565623085417367,0.16265246381841336,0.6032310184678037,0.45994339520564065,0.49681656669215424,Low,243
12095016413,4314,57047.0,9.318497913769123,1823,3207.4312685953187,7.0,1.6226240148354196,3.0,1.0,0.0,0.35580524344569286,0.22348484848484848,0.702247191011236,0.9641247628083491,0.3475905249490899,0.36573246510044266,246,1003.6857231383664,0.6236613944180774,1054.3801372535802,0.6551614429566209,2529.4008892230536,1.5716968461827014,16.226240148354197,0.5818398616216327,0.6132238615773824,0.49441692694376554,0.4043378036534395,0.1550506357795929,0.4827044601101384,0.4896652529098186,0.49676510046735145,Low,244
12095012305,7344,51323.0,18.423202614379086,2588,6446.422646931532,3.0,0.4084967320261438,0.0,0.0,0.0,0.8239700374531835,0.11742424242424243,0.3052434456928839,0.9909274193548387,0.23885401395053912,0.43896195097037793,244,1685.1361713447623,1.0470950718707512,2585.481811800241,1.606543915906258,3947.2103628152354,2.4526828091540622,4.084967320261438,0.44060475638762386,0.35079681415869324,0.3419428709670038,0.4098562269693657,0.19022654686762108,0.33185533384514954,0.5670244675135787,0.49644235807388787,Low,245
12095016908,2146,57473.0,25.629077353215283,1043,3430.339850964123,19.0,8.853681267474371,1.0,5.0,0.0,0.0599250936329588,0.23106060606060605,0.6310861423220974,0.8690109108159392,0.5328728783380708,0.23653175008512087,254,244.75109606977838,0.15208128036627244,291.6838492543257,0.18124394116753514,1275.238172793943,0.7923962638155316,88.53681267474371,0.8613307392752731,0.9016812371649465,0.738017694478327,0.3869775334030827,0.11941607158070414,0.7215948014314668,0.41957520611870275,0.4947461827752271,Low,246
12095015901,2460,64291.0,22.819346837536173,1488,2890.6104184766905,29.0,11.788617886178862,3.0,8.0,44.0,0.10861423220973783,0.3484848484848485,0.702247191011236,0.7946513282732448,0.7617072221559701,0.3649131767109295,155,302.6064055519123,0.18803090299644593,444.2207692704419,0.2760259890181601,489.66495842748424,0.30426369901493044,117.88617886178862,0.8322118894142788,0.8268494996380436,0.8029375445557083,0.49632048706436316,0.13680374694419223,0.7994123111927929,0.41079435436689826,0.49407879493489876,Low,247
12095017023,1746,52768.0,22.416302765647742,955,1265.3726665053046,21.0,12.027491408934708,0.0,0.0,55.0,0.033707865168539325,0.12878787878787878,0.3052434456928839,0.936491935483871,0.6516005719747455,0.2534942117807287,257,730.2347823180432,0.45374685730213254,1034.408885221864,0.6427518822712012,806.1909876642985,0.500943855175959,120.27491408934709,0.6616461332794492,0.6186551507746778,0.6490297122566134,0.3721548619234941,0.10502080531674991,0.6485274341913783,0.40698866016866947,0.49336025562700386,Low,248
12095015105,4435,79554.0,13.055242390078917,1360,1897.2977495660855,1.0,0.2254791431792559,0.0,0.0,9.0,0.38202247191011235,0.5227272727272727,0.3052434456928839,0.9969758064516129,0.35556437318439427,0.4926413006469186,214,2543.844491877177,1.5806716847840965,2555.2558788915167,1.5877623919382784,2453.381846726905,1.5244608031141291,2.254791431792559,0.3286308691384653,0.3541104153726865,0.34450018000368116,0.44819896445394736,0.18645560197144778,0.3458468552059776,0.5021742959629295,0.49306178336155143,Low,249
12095010500,939,14820.0,58.25346112886049,714,3062.1223782956863,3.0,3.1948881789137378,0.0,0.0,12.0,0.00749063670411985,0.003787878787878788,0.3052434456928839,0.9909274193548387,0.6838641193633744,0.28015619679945525,247,486.7624236190522,0.30246014750050465,1157.0100944578926,0.7189327418239311,703.972655937573,0.4374283285224122,31.948881789137378,0.7502266652882504,0.586550062653823,0.6909463263914146,0.40339323567704305,0.03649452417064979,0.6876281990951707,0.4171356262951225,0.49111523792325795,Low,250
12095017022,10585,60807.0,19.555975436939065,6832,3813.3034089567136,55.0,5.196032120925839,5.0,8.0,15.0,0.9550561797752809,0.2878787878787879,0.7340823970037453,0.7160222960151802,0.4372514763134312,0.5354102826012939,83,728.6446558327262,0.45275879851214296,708.9310330547929,0.4405093212233015,1809.9834681738284,1.1246715855490363,51.96032120925838,0.6621648033902499,0.720360399243169,0.5838385917301062,0.5499387753399375,0.2608673019393115,0.5725929253762653,0.5589988915575943,0.4895720838112912,Low,251
12095016509,4548,58233.0,18.66754617414248,2537,2573.661093756145,5.0,1.0993843447669307,0.0,1.0,0.0,0.4044943820224719,0.23863636363636365,0.3052434456928839,0.9701731499051234,0.2595887316255647,0.3279302860061287,260,1092.9586721395394,0.679133033173479,1179.7987136836223,0.7330929333216654,3606.491752320789,2.2409700799336805,10.993843447669306,0.5592828706903366,0.580893569752161,0.4437273548767927,0.36266940666732794,0.15679097455480312,0.4287426479235541,0.49836709196800744,0.4893535735749698,Low,252
12095017902,8162,73983.0,3.981867189414359,3595,451.53700642012046,1.0,0.12251899044351874,0.0,0.0,35.0,0.8913857677902621,0.4696969696969697,0.3052434456928839,0.9969758064516129,0.2575588427312921,0.6502298263534219,136,5927.433042193055,3.683136136334466,8351.054660561676,5.189104790872353,3637.99122177895,2.2605429428257415,1.2251899044351875,0.13576745033956733,0.0865197026311235,0.17463445775456848,0.5075512157737658,0.23638963365697174,0.18072402737415472,0.5893929862394613,0.48873269949704967,Low,253
12095015005,3155,88556.0,1.9224607497596924,1162,2390.88253580803,2.0,0.6339144215530903,0.0,1.0,0.0,0.20599250936329588,0.6060606060606061,0.3052434456928839,0.9792457305502846,0.24006441891302344,0.3764896152536602,259,1787.5733386640236,1.110746576657336,1787.5733386640236,1.110746576657336,3926.1018747707385,2.4395666027715257,6.3391442155309035,0.4242732852432919,0.45803807391202395,0.35734269644493094,0.3707455396110414,0.1797551466173486,0.3481322531284175,0.4706070263421778,0.4823629310719261,Low,254
12095013802,2450,71250.0,8.227067050596462,1104,3524.112341975145,0.0,0.0,0.0,0.0,0.0,0.10486891385767791,0.4393939393939394,0.3052434456928839,1.0,0.3016156787016118,0.40298774259448417,249,1451.1052732205565,0.9016750136829393,1940.7586056206908,1.2059314886193944,3029.9014242419385,1.8826934603428094,0.0,0.48201814235756896,0.43371049700652553,0.4001956278249774,0.4021501081636321,0.14324689873211674,0.3911755046421796,0.4573345294278248,0.4812673133640651,Low,255
12095014202,4580,50000.0,14.06113537117904,1747,2136.3800497834195,39.0,8.51528384279476,0.0,17.0,91.0,0.41947565543071164,0.09848484848484848,0.3052434456928839,0.6320564516129032,0.9662790652257172,0.3342483827034389,132,169.2101263126275,0.10514229792550722,300.07821471191585,0.18645995803999382,78.69438751544169,0.04889842539285677,85.1528384279476,0.9022024756276786,0.8972522424391367,0.9268430648291857,0.5120267873411629,0.1451546126369365,0.9300468943090875,0.44427724145046177,0.47811588354550927,Low,256
12095016606,3110,151818.0,5.048231511254019,940,319.104074507374,0.0,0.0,0.0,0.0,0.0,0.20224719101123595,0.9431818181818182,0.3052434456928839,1.0,0.0245026870839599,0.5029004937010555,258,7518.866942346835,4.67200731623993,7824.890902265264,4.862161789067635,15503.809133155019,9.633620365288602,0.0,0.0944953193022937,0.09724341766297664,0.06704788608709678,0.37214471141686783,0.2723025036529666,0.06354825447618007,0.47277974960021846,0.4689086273164445,Low,257
12095016607,6666,92841.0,13.441344134413441,2404,312.2002031778783,1.0,0.15001500150015,0.0,0.0,0.0,0.7453183520599251,0.625,0.3052434456928839,0.9969758064516129,0.0250024314568474,0.5445926966292135,248,6740.121856403835,4.1881175537385635,8357.759549507029,5.193271015710145,15421.22902164127,9.582307462942211,1.5001500150015004,0.11272548359960777,0.08639035644195715,0.0723692373109735,0.4029256588337415,0.24084724685597897,0.06798308470383548,0.5543838205153692,0.4644666396701794,Low,258
12095017813,2218,123125.0,5.370960400546199,729,341.5300778476126,0.0,0.0,0.0,0.0,0.0,0.07116104868913857,0.8712121212121212,0.3052434456928839,1.0,0.13785111756654872,0.45933350357507663,261,6802.82118021514,4.227077107327669,6959.805411971165,4.324622586576372,6540.551863947033,4.0641105095908845,0.0,0.11113277620503983,0.11773721171378831,0.1231409998513931,0.35847575245797153,0.21609216688418412,0.12447691691946852,0.451905300518741,0.4565227801894414,Low,259
12095016605,1613,61576.0,21.698698078115314,648,526.2147275893207,2.0,1.2399256044637321,0.0,0.0,0.0,0.026217228464419477,0.30303030303030304,0.3052434456928839,0.9939516129032258,0.09776698366253027,0.28609124957439563,263,1198.8688073905514,0.7449425401844176,1551.4696527916594,0.9640385478751959,8393.254165604596,5.215326347632697,12.39925604463732,0.5343820798450069,0.5001520878097276,0.3528900429649604,0.30613088759156504,0.11592900388207089,0.3310592881558365,0.43452137557576725,0.45422108061254013,Low,260
12095017805,2991,109141.0,3.0062197650310987,1130,103.20873492888072,2.0,0.6686726847208291,0.0,1.0,0.0,0.18352059925093633,0.7613636363636364,0.3052434456928839,0.9792457305502846,0.09348247936740788,0.39416709227102487,262,4827.415263320509,2.9996167775941682,5528.076939369266,3.434987758595593,8642.35636614074,5.370111278968785,6.686726847208291,0.17622377203768133,0.16256934206640714,0.14039636897531713,0.31803587528231253,0.20753923293062632,0.13625930434180344,0.4667691231478255,0.45071818552047915,Low,261
12095018400,2401,75208.0,7.038733860891296,1195,1007.984280254304,32.0,13.327780091628489,1.0,10.0,38.0,0.09737827715355805,0.48295454545454547,0.6310861423220974,0.7561669829222011,0.4865941488715537,0.3583046050391556,231,628.241618172836,0.390371243297167,904.5207409837006,0.5620431312284389,1511.4476820303476,0.9391700481875519,133.2778009162849,0.6964072206489914,0.6560846905365428,0.6044174859155267,0.4321384693020669,0.1495361191458361,0.5939268323266548,0.40457493561346186,0.4459074025616719,Poor,262
12095014812,6596,60578.0,26.591873862947242,2855,2384.6966739244226,114.0,17.283201940570045,0.0,3.0,41.0,0.7303370786516854,0.2840909090909091,0.3052434456928839,0.6111242884250474,0.647933817018227,0.41761363636363635,127,55.722802195463785,0.03462454403500046,1485.2756171791586,0.9229074810476559,818.3826594532233,0.5085194088108094,172.83201940570044,0.9705760417416972,0.5131125483129954,0.7500264531665689,0.5173374814045161,0.19219887409918418,0.7338943419303953,0.3704876265870165,0.4440444672119686,Poor,263
12095017111,25639,128444.0,11.864737314247826,8951,645.1600930252021,248.0,9.67276414836772,63.0,7.0,0.0,1.0,0.9015151515151515,0.9456928838951311,0.14705882352941177,0.12673468702022478,0.6055456247871979,119,1445.099392204929,0.8979431322358234,1847.1980128248879,1.1477956315274347,6981.857612133417,4.338325188482647,96.72764148367722,0.4831644444413977,0.44831268582953093,0.33362218975055524,0.523968594276205,0.6661582104521634,0.31580070187949655,0.6,0.4337410716155882,Poor,264
12095016604,4550,95893.0,14.483516483516484,1857,49.009619568447945,6.0,1.3186813186813187,0.0,1.0,0.0,0.40823970037453183,0.6477272727272727,0.3052434456928839,0.9671489563567364,0.0,0.37478081375553285,264,10326.485166259994,6.416580399380116,13377.763530080745,8.312556874155398,20841.359072812545,12.950220134919908,13.186813186813186,0.048518447937672335,0.022029026679788868,0.023813184511026708,0.269490524982181,0.21233374596600038,0.02138726211414309,0.4968009924396931,0.429035736960219,Poor,265
12095990000,0,,<NA>,0,<NA>,0.0,<NA>,0.0,0.0,0.0,0.003745318352059925,,0.3052434456928839,1.0,0.13121061377854387,,267,6706.1351413488555,4.16699918808462,7014.222411803324,4.358435742640059,6798.5450988115135,4.224420073527794,0.0,0.1135988627960635,0.11632689157641705,0.12118916894512638,0.036356750683537914,0.0,0.12206975649425038,0.4,0.3644139512988501,Poor,266
12095017001,5947,77050.0,6.5131206343213135,3350,573.7910703934245,219.0,36.82529006221624,43.0,12.0,179.0,0.6329588014981273,0.5,0.9101123595505618,0.16123102466793168,0.6944882028486532,0.5661985018726592,30,132.18930531021616,0.08213862624163396,1814.1216835693226,1.1272429533830695,672.1805020643989,0.41767359996644526,368.25290062216243,0.9235273656001739,0.4536659321610025,0.7379394138117314,0.6177207754543808,0.2587927454303374,0.7264874556741553,0.18594498804115203,0.31577839551146075,Poor,267
