{
"type": "FeatureCollection",
"name": "location_accessibility",
"crs": { "type": "name", "properties": { "name": "urn:ogc:def:crs:OGC:1.3:CRS84" } },
"features": [
{ "type": "Feature", "properties": { "GEOID": "12095016811", "Population": 13170, "median_income": 111311.0, "poverty_rate": "1.404707668944571", "housing_units": 4265, "population_density": "4092.12182987258", "grocery_stores": 6.0, "grocery_stores_per_1000": "0.4555808656036447", "apartment_count": 22.0, "major_retailers": 1.0, "major_road_segments": 42.0, "population_score": 0.98127340823970033, "income_score": 0.78030303030303028, "apartment_score": 0.85767790262172283, "competition_score": 0.33333333333333337, "road_access_score": 0.51281507497119183, "opportunity_score": 0.74785069799114745, "location_rank": 1, "nearest_grocery_m": 167.01676123558906, "nearest_grocery_miles": 0.10377940405257612, "nearest_retailer_m": 1774.8744363790536, "nearest_retailer_miles": 1.1028558446044185, "nearest_road_m": 1373.0751948959962, "nearest_road_miles": 0.85318937088403479, "grocery_stores_per_10000": 4.5558086560364464, "grocery_access_score": 0.90344113613398536, "retail_access_score": 0.46015365928668445, "accessibility_score": 0.65853321629940786, "final_location_score": 0.72105545348362554 }, "geometry": { "type": "Point", "coordinates": [ -81.33068973345226, 28.357714783112026 ] } },
{ "type": "Feature", "properties": { "GEOID": "12095017114", "Population": 10387, "median_income": 120799.0, "poverty_rate": "8.183306055646481", "housing_units": 3768, "population_density": "3360.727868776214", "grocery_stores": 6.0, "grocery_stores_per_1000": "0.5776451333397515", "apartment_count": 65.0, "major_retailers": 1.0, "major_road_segments": 14.0, "population_score": 0.95131086142322097, "income_score": 0.85606060606060608, "apartment_score": 0.9550561797752809, "competition_score": 0.33333333333333337, "road_access_score": 0.57786616170007465, "opportunity_score": 0.74030047667688126, "location_rank": 2, "nearest_grocery_m": 363.1387614985058, "nearest_grocery_miles": 0.22564396517991542, "nearest_retailer_m": 1862.3409720217678, "nearest_retailer_miles": 1.1572050301376013, "nearest_road_m": 1077.5208679996556, "nearest_road_miles": 0.66954042640955291, "grocery_stores_per_10000": 5.7764513333975156, "grocery_access_score": 0.80357424039327996, "retail_access_score": 0.44589591014296237, "accessibility_score": 0.64175534286593439, "final_location_score": 0.71073693653359715 }, "geometry": { "type": "Point", "coordinates": [ -81.596567915255648, 28.489025639866583 ] } },
{ "type": "Feature", "properties": { "GEOID": "12095017401", "Population": 8093, "median_income": 109653.0, "poverty_rate": "8.632822317165118", "housing_units": 2871, "population_density": "2508.833709991205", "grocery_stores": 0.0, "grocery_stores_per_1000": "0.0", "apartment_count": 5.0, "major_retailers": 0.0, "major_road_segments": 26.0, "population_score": 0.88389513108614237, "income_score": 0.76515151515151514, "apartment_score": 0.73408239700374533, "competition_score": 0.87453183520599254, "road_access_score": 0.41945668313712425, "opportunity_score": 0.81692628532516176, "location_rank": 3, "nearest_grocery_m": 2509.4789934628566, "nearest_grocery_miles": 1.5593179540625599, "nearest_retailer_m": 2412.5669141412891, "nearest_retailer_miles": 1.4990995797923186, "nearest_road_m": 1932.1605357185172, "nearest_road_miles": 1.2005888956733408, "grocery_stores_per_10000": 0.0, "grocery_access_score": 0.33221519512319753, "retail_access_score": 0.37042561524815326, "accessibility_score": 0.3747538743537594, "final_location_score": 0.68427456203374093 }, "geometry": { "type": "Point", "coordinates": [ -81.573545928598563, 28.586888099632716 ] } },
{ "type": "Feature", "properties": { "GEOID": "12095017120", "Population": 6402, "median_income": 184514.0, "poverty_rate": "0.937207122774133", "housing_units": 2563, "population_density": "1976.83676864979", "grocery_stores": 0.0, "grocery_stores_per_1000": "0.0", "apartment_count": 9.0, "major_retailers": 0.0, "major_road_segments": 11.0, "population_score": 0.70037453183520604, "income_score": 0.97727272727272729, "apartment_score": 0.7808988764044944, "competition_score": 0.87453183520599254, "road_access_score": 0.44767855638948612, "opportunity_score": 0.78722761321075918, "location_rank": 4, "nearest_grocery_m": 1885.5173741257656, "nearest_grocery_miles": 1.1716061787447343, "nearest_retailer_m": 1920.317097604566, "nearest_retailer_miles": 1.193229724412286, "nearest_road_m": 1742.2316911305275, "nearest_road_miles": 1.0825725830714423, "grocery_stores_per_10000": 0.0, "grocery_access_score": 0.40955345894053213, "retail_access_score": 0.43683475405535399, "accessibility_score": 0.43025975694307816, "final_location_score": 0.68013725633045485 }, "geometry": { "type": "Point", "coordinates": [ -81.566400346982462, 28.515031555263164 ] } },
{ "type": "Feature", "properties": { "GEOID": "12095018202", "Population": 4423, "median_income": 129231.0, "poverty_rate": "9.59188379063869", "housing_units": 2103, "population_density": "7234.621934995547", "grocery_stores": 0.0, "grocery_stores_per_1000": "0.0", "apartment_count": 71.0, "major_retailers": 0.0, "major_road_segments": 0.0, "population_score": 0.37827715355805241, "income_score": 0.90909090909090906, "apartment_score": 0.9662921348314607, "competition_score": 0.87453183520599254, "road_access_score": 0.58096861749872708, "opportunity_score": 0.67400408580183857, "location_rank": 5, "nearest_grocery_m": 457.03263110362798, "nearest_grocery_miles": 0.28398691088022693, "nearest_retailer_m": 608.85618278375375, "nearest_retailer_miles": 0.37832569219741319, "nearest_road_m": 1064.8817216038503, "nearest_road_miles": 0.66168682494472919, "grocery_stores_per_10000": 0.0, "grocery_access_score": 0.76247307237452822, "retail_access_score": 0.75763105162384603, "accessibility_score": 0.68890288627407137, "final_location_score": 0.67847372594350841 }, "geometry": { "type": "Point", "coordinates": [ -81.321908223256472, 28.569789082178016 ] } },
{ "type": "Feature", "properties": { "GEOID": "12095011702", "Population": 3854, "median_income": 36147.0, "poverty_rate": "16.035288012454593", "housing_units": 1849, "population_density": "4214.476237899833", "grocery_stores": 1.0, "grocery_stores_per_1000": "0.2594706798131811", "apartment_count": 72.0, "major_retailers": 1.0, "major_road_segments": 21.0, "population_score": 0.29213483146067415, "income_score": 0.026515151515151516, "apartment_score": 0.97003745318352064, "competition_score": 0.68913857677902624, "road_access_score": 0.9985245570444431, "opportunity_score": 0.55257277834525032, "location_rank": 6, "nearest_grocery_m": 122.65360078298724, "nearest_grocery_miles": 0.076213414150726772, "nearest_retailer_m": 122.65360078298724, "nearest_retailer_miles": 0.076213414150726772, "nearest_road_m": 28.158313355801717, "nearest_road_miles": 0.017496764741286957, "grocery_stores_per_10000": 2.5947067981318108, "grocery_access_score": 0.92916781021730099, "retail_access_score": 1.0, "accessibility_score": 0.97107694690469759, "final_location_score": 0.67812402891308454 }, "geometry": { "type": "Point", "coordinates": [ -81.415668018675504, 28.527492902362354 ] } },
{ "type": "Feature", "properties": { "GEOID": "12095016748", "Population": 7250, "median_income": 120342.0, "poverty_rate": "9.227586206896552", "housing_units": 2265, "population_density": "6220.47972450544", "grocery_stores": 0.0, "grocery_stores_per_1000": "0.0", "apartment_count": 101.0, "major_retailers": 0.0, "major_road_segments": 0.0, "population_score": 0.81647940074906367, "income_score": 0.85227272727272729, "apartment_score": 0.98501872659176026, "competition_score": 0.87453183520599254, "road_access_score": 0.15992188594908777, "opportunity_score": 0.77877723867892412, "location_rank": 7, "nearest_grocery_m": 871.36070128943322, "nearest_grocery_miles": 0.54143843782897449, "nearest_retailer_m": 992.02180797344954, "nearest_retailer_miles": 0.61641377354589788, "nearest_road_m": 5786.3041397992338, "nearest_road_miles": 3.5954427019948709, "grocery_stores_per_10000": 0.0, "grocery_access_score": 0.61826172651317324, "retail_access_score": 0.63045887149660707, "accessibility_score": 0.43736521928422578, "final_location_score": 0.67635363286051464 }, "geometry": { "type": "Point", "coordinates": [ -81.159079881753641, 28.536790925773239 ] } },
{ "type": "Feature", "properties": { "GEOID": "12095015501", "Population": 6127, "median_income": 96404.0, "poverty_rate": "8.354011579818032", "housing_units": 3563, "population_density": "3140.920542044754", "grocery_stores": 6.0, "grocery_stores_per_1000": "0.9792720744246776", "apartment_count": 20.0, "major_retailers": 0.0, "major_road_segments": 44.0, "population_score": 0.65543071161048694, "income_score": 0.65530303030303028, "apartment_score": 0.848314606741573, "competition_score": 0.33333333333333337, "road_access_score": 0.80608136263874652, "opportunity_score": 0.64801455566905009, "location_rank": 8, "nearest_grocery_m": 563.43301543963537, "nearest_grocery_miles": 0.35010104454960239, "nearest_retailer_m": 1162.093764626524, "nearest_retailer_miles": 0.72209158801755502, "nearest_road_m": 384.37741914239763, "nearest_road_miles": 0.23884105520162105, "grocery_stores_per_10000": 9.7927207442467754, "grocery_access_score": 0.7201908135164945, "retail_access_score": 0.58528015480840478, "accessibility_score": 0.72756490142377739, "final_location_score": 0.67187965939546823 }, "geometry": { "type": "Point", "coordinates": [ -81.374063834289828, 28.628768295991993 ] } },
{ "type": "Feature", "properties": { "GEOID": "12095018902", "Population": 5720, "median_income": 84467.0, "poverty_rate": "11.667564171602944", "housing_units": 4580, "population_density": "10613.047650473029", "grocery_stores": 36.0, "grocery_stores_per_1000": "6.293706293706294", "apartment_count": 9.0, "major_retailers": 1.0, "major_road_segments": 41.0, "population_score": 0.5955056179775281, "income_score": 0.56439393939393945, "apartment_score": 0.7808988764044944, "competition_score": 0.033707865168539297, "road_access_score": 1.0, "opportunity_score": 0.52763661899897851, "location_rank": 9, "nearest_grocery_m": 11.222796146435517, "nearest_grocery_miles": 0.0069735222217471938, "nearest_retailer_m": 216.84988409581925, "nearest_retailer_miles": 0.13474427101714689, "nearest_road_m": 25.918251494062925, "nearest_road_miles": 0.016104854831572941, "grocery_stores_per_10000": 62.93706293706294, "grocery_access_score": 1.0, "retail_access_score": 0.94296422624594878, "accessibility_score": 0.98859284524918978, "final_location_score": 0.66592348687404179 }, "geometry": { "type": "Point", "coordinates": [ -81.378795666268701, 28.54342204024022 ] } },
{ "type": "Feature", "properties": { "GEOID": "12095016503", "Population": 7850, "median_income": 111146.0, "poverty_rate": "23.837902264600714", "housing_units": 2693, "population_density": "3795.795241283297", "grocery_stores": 26.0, "grocery_stores_per_1000": "3.3121019108280256", "apartment_count": 55.0, "major_retailers": 1.0, "major_road_segments": 65.0, "population_score": 0.86891385767790263, "income_score": 0.77651515151515149, "apartment_score": 0.93071161048689144, "competition_score": 0.071161048689138529, "road_access_score": 0.66122000760324817, "opportunity_score": 0.67864955737146748, "location_rank": 10, "nearest_grocery_m": 728.80942577167662, "nearest_grocery_miles": 0.45286118180555346, "nearest_retailer_m": 1782.2533633113271, "nearest_retailer_miles": 1.1074408972297576, "nearest_road_m": 774.78153993438082, "nearest_road_miles": 0.48142692919250379, "grocery_stores_per_10000": 33.121019108280251, "grocery_access_score": 0.66211102569324209, "retail_access_score": 0.45892243187961002, "accessibility_score": 0.62111689969451822, "final_location_score": 0.66138976006838268 }, "geometry": { "type": "Point", "coordinates": [ -81.22575954396747, 28.604678302590198 ] } },
{ "type": "Feature", "properties": { "GEOID": "12095016301", "Population": 5487, "median_income": 54205.0, "poverty_rate": "18.64951768488746", "housing_units": 2946, "population_density": "4043.0639770223047", "grocery_stores": 13.0, "grocery_stores_per_1000": "2.369236376890833", "apartment_count": 77.0, "major_retailers": 2.0, "major_road_segments": 74.0, "population_score": 0.54681647940074907, "income_score": 0.1553030303030303, "apartment_score": 0.97752808988764039, "competition_score": 0.18164794007490637, "road_access_score": 0.9710175144222859, "opportunity_score": 0.54417560435818857, "location_rank": 11, "nearest_grocery_m": 189.94319394653741, "nearest_grocery_miles": 0.1180252288799271, "nearest_retailer_m": 360.78371508672853, "nearest_retailer_miles": 0.22418060718325511, "nearest_road_m": 71.073527136556876, "nearest_road_miles": 0.044163042293354854, "grocery_stores_per_10000": 23.692363768908329, "grocery_access_score": 0.89064306708760221, "retail_access_score": 0.86634648212601428, "accessibility_score": 0.91793352902915815, "final_location_score": 0.65630298175947943 }, "geometry": { "type": "Point", "coordinates": [ -81.31833813959615, 28.602620682891619 ] } },
{ "type": "Feature", "properties": { "GEOID": "12095017302", "Population": 9003, "median_income": 71455.0, "poverty_rate": "12.01793721973094", "housing_units": 3299, "population_density": "5132.447351776925", "grocery_stores": 48.0, "grocery_stores_per_1000": "5.331556147950684", "apartment_count": 1.0, "major_retailers": 3.0, "major_road_segments": 77.0, "population_score": 0.91760299625468167, "income_score": 0.44696969696969696, "apartment_score": 0.63108614232209737, "competition_score": 0.022471910112359605, "road_access_score": 0.79051197913235238, "opportunity_score": 0.57294433094994901, "location_rank": 12, "nearest_grocery_m": 263.38751755819192, "nearest_grocery_miles": 0.16366141580556545, "nearest_retailer_m": 341.80758406259991, "nearest_retailer_miles": 0.21238938602474045, "nearest_road_m": 420.09484189964746, "nearest_road_miles": 0.26103483276393824, "grocery_stores_per_10000": 53.315561479506833, "grocery_access_score": 0.85175450806102881, "retail_access_score": 0.87580079606643935, "accessibility_score": 0.83206675409064035, "final_location_score": 0.65068105789215636 }, "geometry": { "type": "Point", "coordinates": [ -81.593599498710347, 28.554914652544255 ] } },
{ "type": "Feature", "properties": { "GEOID": "12095014705", "Population": 9194, "median_income": 71857.0, "poverty_rate": "12.064635877279178", "housing_units": 3665, "population_density": "13587.026374453662", "grocery_stores": 8.0, "grocery_stores_per_1000": "0.8701326952360235", "apartment_count": 7.0, "major_retailers": 0.0, "major_road_segments": 12.0, "population_score": 0.93632958801498123, "income_score": 0.45454545454545453, "apartment_score": 0.76591760299625467, "competition_score": 0.26779026217228463, "road_access_score": 0.65400697978787359, "opportunity_score": 0.61593462717058223, "location_rank": 13, "nearest_grocery_m": 304.65253029664422, "nearest_grocery_miles": 0.18930230596854633, "nearest_retailer_m": 819.20386199089853, "nearest_retailer_miles": 0.50902968041071295, "nearest_road_m": 798.25620222856298, "nearest_road_miles": 0.49601340808960853, "grocery_stores_per_10000": 8.701326952360235, "grocery_access_score": 0.83121429510581768, "retail_access_score": 0.6828488819215115, "accessibility_score": 0.73065828634177887, "final_location_score": 0.65035172492194115 }, "geometry": { "type": "Point", "coordinates": [ -81.467304444429459, 28.508967640502998 ] } },
{ "type": "Feature", "properties": { "GEOID": "12095018800", "Population": 5625, "median_income": 93667.0, "poverty_rate": "9.19150455113332", "housing_units": 3773, "population_density": "5140.658634970012", "grocery_stores": 28.0, "grocery_stores_per_1000": "4.977777777777778", "apartment_count": 7.0, "major_retailers": 2.0, "major_road_segments": 46.0, "population_score": 0.58052434456928836, "income_score": 0.64015151515151514, "apartment_score": 0.76591760299625467, "competition_score": 0.056179775280898903, "road_access_score": 0.95820060664036466, "opportunity_score": 0.54265194075587342, "location_rank": 14, "nearest_grocery_m": 165.83156243683314, "nearest_grocery_miles": 0.10304295566195489, "nearest_retailer_m": 619.19645663210804, "nearest_retailer_miles": 0.38475084048662561, "nearest_road_m": 91.847614350461029, "nearest_road_miles": 0.057071461633100833, "grocery_stores_per_10000": 49.777777777777779, "grocery_access_score": 0.90411172809811413, "retail_access_score": 0.75362498173410253, "accessibility_score": 0.89564993024221207, "final_location_score": 0.64855133760177497 }, "geometry": { "type": "Point", "coordinates": [ -81.371980536283289, 28.563706664858913 ] } },
{ "type": "Feature", "properties": { "GEOID": "12095016511", "Population": 5715, "median_income": 74891.0, "poverty_rate": "23.38358458961474", "housing_units": 1686, "population_density": "4773.664300434383", "grocery_stores": 2.0, "grocery_stores_per_1000": "0.34995625546806647", "apartment_count": 91.0, "major_retailers": 0.0, "major_road_segments": 26.0, "population_score": 0.58801498127340823, "income_score": 0.47727272727272729, "apartment_score": 0.98127340823970033, "competition_score": 0.56741573033707859, "road_access_score": 0.63790307646260924, "opportunity_score": 0.67243360572012245, "location_rank": 15, "nearest_grocery_m": 1125.7808495782651, "nearest_grocery_miles": 0.69952778870040533, "nearest_retailer_m": 1254.429565074448, "nearest_retailer_miles": 0.77946639442806998, "nearest_road_m": 852.37170238914428, "nearest_road_miles": 0.52963922094290861, "grocery_stores_per_10000": 3.4995625546806646, "grocery_access_score": 0.55135975737470766, "retail_access_score": 0.5629991869351485, "accessibility_score": 0.58830497092195644, "final_location_score": 0.64719501528067258 }, "geometry": { "type": "Point", "coordinates": [ -81.216600972530358, 28.577207201256758 ] } },
{ "type": "Feature", "properties": { "GEOID": "12095014609", "Population": 5940, "median_income": 61110.0, "poverty_rate": "9.524615124344443", "housing_units": 2547, "population_density": "5821.81462010788", "grocery_stores": 1.0, "grocery_stores_per_1000": "0.16835016835016836", "apartment_count": 17.0, "major_retailers": 1.0, "major_road_segments": 22.0, "population_score": 0.62546816479400746, "income_score": 0.29166666666666669, "apartment_score": 0.84082397003745324, "competition_score": 0.68913857677902624, "road_access_score": 0.62298256788718309, "opportunity_score": 0.65124063670411991, "location_rank": 16, "nearest_grocery_m": 913.79675099345752, "nearest_grocery_miles": 0.56780697662740687, "nearest_retailer_m": 834.96137640324196, "nearest_retailer_miles": 0.51882094592780781, "nearest_road_m": 904.72782282860737, "nearest_road_miles": 0.56217180592129923, "grocery_stores_per_10000": 1.6835016835016836, "grocery_access_score": 0.60616527396886877, "retail_access_score": 0.67776502495274737, "accessibility_score": 0.62721214173297024, "final_location_score": 0.64403208821277502 }, "geometry": { "type": "Point", "coordinates": [ -81.44969448741297, 28.511253905795687 ] } },
{ "type": "Feature", "properties": { "GEOID": "12095014606", "Population": 9778, "median_income": 59118.0, "poverty_rate": "21.788752853289065", "housing_units": 3822, "population_density": "6078.354241730526", "grocery_stores": 6.0, "grocery_stores_per_1000": "0.6136224176723256", "apartment_count": 205.0, "major_retailers": 0.0, "major_road_segments": 26.0, "population_score": 0.94756554307116103, "income_score": 0.25757575757575757, "apartment_score": 1.0, "competition_score": 0.33333333333333337, "road_access_score": 0.4399798753863341, "opportunity_score": 0.6745914198161389, "location_rank": 17, "nearest_grocery_m": 816.46700905659804, "nearest_grocery_miles": 0.50732907883994849, "nearest_retailer_m": 748.73483583530253, "nearest_retailer_miles": 0.46524225761260646, "nearest_road_m": 1791.992009306394, "nearest_road_miles": 1.1134922113024897, "grocery_stores_per_10000": 6.1362241767232559, "grocery_access_score": 0.63453706519771402, "retail_access_score": 0.70641570398848286, "accessibility_score": 0.57108991703131584, "final_location_score": 0.64354096898069191 }, "geometry": { "type": "Point", "coordinates": [ -81.44056141318778, 28.501695068800057 ] } },
{ "type": "Feature", "properties": { "GEOID": "12095015204", "Population": 5986, "median_income": 70784.0, "poverty_rate": "17.906662157592155", "housing_units": 2920, "population_density": "6240.746790885835", "grocery_stores": 0.0, "grocery_stores_per_1000": "0.0", "apartment_count": 3.0, "major_retailers": 0.0, "major_road_segments": 8.0, "population_score": 0.64419475655430714, "income_score": 0.42424242424242425, "apartment_score": 0.702247191011236, "competition_score": 0.87453183520599254, "road_access_score": 0.67076452248257645, "opportunity_score": 0.66635171944160709, "location_rank": 18, "nearest_grocery_m": 993.23221569587247, "nearest_grocery_miles": 0.61716588603547307, "nearest_retailer_m": 2108.765199188138, "nearest_retailer_miles": 1.3103259459681322, "nearest_road_m": 744.41376305447716, "nearest_road_miles": 0.46255726746704068, "grocery_stores_per_10000": 0.0, "grocery_access_score": 0.58458240717918042, "retail_access_score": 0.40933401544597003, "accessibility_score": 0.58400557495389682, "final_location_score": 0.64164787609529395 }, "geometry": { "type": "Point", "coordinates": [ -81.407300430726764, 28.626657013609076 ] } },
{ "type": "Feature", "properties": { "GEOID": "12095012600", "Population": 5573, "median_income": 124783.0, "poverty_rate": "0.5793952562013398", "housing_units": 2608, "population_density": "4105.082501793165", "grocery_stores": 4.0, "grocery_stores_per_1000": "0.7177462766911897", "apartment_count": 1.0, "major_retailers": 1.0, "major_road_segments": 15.0, "population_score": 0.56928838951310856, "income_score": 0.89015151515151514, "apartment_score": 0.63108614232209737, "competition_score": 0.449438202247191, "road_access_score": 0.68893311433224236, "opportunity_score": 0.616387895812053, "location_rank": 19, "nearest_grocery_m": 609.46728963343662, "nearest_grocery_miles": 0.37870541638918503, "nearest_retailer_m": 717.34257695019733, "nearest_retailer_miles": 0.4457360122821456, "nearest_road_m": 688.69409594078752, "nearest_road_miles": 0.42793467148154002, "grocery_stores_per_10000": 7.1774627669118969, "grocery_access_score": 0.703154116539082, "retail_access_score": 0.71737377480993725, "accessibility_score": 0.70030964731051726, "final_location_score": 0.64156442126159219 }, "geometry": { "type": "Point", "coordinates": [ -81.395704352640195, 28.569680075098475 ] } },
{ "type": "Feature", "properties": { "GEOID": "12095013300", "Population": 6773, "median_income": 82054.0, "poverty_rate": "16.8732268179782", "housing_units": 2902, "population_density": "5323.757767064365", "grocery_stores": 4.0, "grocery_stores_per_1000": "0.5905802450908018", "apartment_count": 2.0, "major_retailers": 0.0, "major_road_segments": 40.0, "population_score": 0.77902621722846443, "income_score": 0.5492424242424242, "apartment_score": 0.67041198501872656, "competition_score": 0.449438202247191, "road_access_score": 0.65075352802088138, "opportunity_score": 0.65167475314947221, "location_rank": 20, "nearest_grocery_m": 1043.378409546566, "nearest_grocery_miles": 0.64832528629464303, "nearest_retailer_m": 1170.3274559078775, "nearest_retailer_miles": 0.72720776658556374, "nearest_road_m": 808.9964534393464, "nearest_road_miles": 0.50268709078938145, "grocery_stores_per_10000": 5.905802450908018, "grocery_access_score": 0.57162308351739244, "retail_access_score": 0.58323322136436573, "accessibility_score": 0.60559728888818265, "final_location_score": 0.6378515138710853 }, "geometry": { "type": "Point", "coordinates": [ -81.320613975821033, 28.531725231379816 ] } },
{ "type": "Feature", "properties": { "GEOID": "12095016302", "Population": 4067, "median_income": 55234.0, "poverty_rate": "19.203343988197688", "housing_units": 1838, "population_density": "5325.305873023576", "grocery_stores": 9.0, "grocery_stores_per_1000": "2.2129333661175314", "apartment_count": 26.0, "major_retailers": 2.0, "major_road_segments": 61.0, "population_score": 0.32958801498127338, "income_score": 0.18181818181818182, "apartment_score": 0.87827715355805247, "competition_score": 0.24906367041198507, "road_access_score": 0.98184878432388667, "opportunity_score": 0.48691692202928161, "location_rank": 21, "nearest_grocery_m": 11.760672557368467, "nearest_grocery_miles": 0.0073077431284849399, "nearest_retailer_m": 156.98828778002635, "nearest_retailer_miles": 0.097547999545172653, "nearest_road_m": 53.909340035889286, "nearest_road_miles": 0.033497710890828362, "grocery_stores_per_10000": 22.129333661175316, "grocery_access_score": 0.99963470466294779, "retail_access_score": 0.9785058072423255, "accessibility_score": 0.98829455704319891, "final_location_score": 0.63733021253345679 }, "geometry": { "type": "Point", "coordinates": [ -81.299471321459876, 28.605742797506661 ] } },
{ "type": "Feature", "properties": { "GEOID": "12095016735", "Population": 12767, "median_income": 115538.0, "poverty_rate": "3.9555102999921674", "housing_units": 4846, "population_density": "3472.3997677500856", "grocery_stores": 18.0, "grocery_stores_per_1000": "1.4098848594031488", "apartment_count": 21.0, "major_retailers": 1.0, "major_road_segments": 27.0, "population_score": 0.97378277153558057, "income_score": 0.7992424242424242, "apartment_score": 0.8539325842696629, "competition_score": 0.1292134831460674, "road_access_score": 0.55750994230560291, "opportunity_score": 0.68355677562138228, "location_rank": 22, "nearest_grocery_m": 1258.1309580217176, "nearest_grocery_miles": 0.7817663333766538, "nearest_retailer_m": 1819.797198234955, "nearest_retailer_miles": 1.1307695546974139, "nearest_road_m": 1163.5089049376963, "nearest_road_miles": 0.72297091543989123, "grocery_stores_per_10000": 14.098848594031487, "grocery_access_score": 0.5212513948523313, "retail_access_score": 0.45274003736361451, "accessibility_score": 0.5220525423358966, "final_location_score": 0.63510550563573653 }, "geometry": { "type": "Point", "coordinates": [ -81.241761212748727, 28.43147509191996 ] } },
{ "type": "Feature", "properties": { "GEOID": "12095017110", "Population": 8228, "median_income": 85278.0, "poverty_rate": "15.811861934856589", "housing_units": 2725, "population_density": "944.4113964700542", "grocery_stores": 84.0, "grocery_stores_per_1000": "10.209042294603792", "apartment_count": 56.0, "major_retailers": 2.0, "major_road_segments": 73.0, "population_score": 0.89513108614232206, "income_score": 0.57196969696969702, "apartment_score": 0.9382022471910112, "competition_score": 0.014981273408239737, "road_access_score": 0.69309349090628081, "opportunity_score": 0.64337972420837597, "location_rank": 23, "nearest_grocery_m": 604.23364289874678, "nearest_grocery_miles": 0.37545337907790177, "nearest_retailer_m": 3643.6216355220567, "nearest_retailer_miles": 2.264041519726085, "nearest_road_m": 676.30420430321362, "nearest_road_miles": 0.42023594974300932, "grocery_stores_per_10000": 102.09042294603792, "grocery_access_score": 0.70505532134007987, "retail_access_score": 0.25882975298817473, "accessibility_score": 0.61102547549617925, "final_location_score": 0.63367344959471694 }, "geometry": { "type": "Point", "coordinates": [ -81.539779238183129, 28.402826922367204 ] } },
{ "type": "Feature", "properties": { "GEOID": "12095014601", "Population": 7662, "median_income": 40798.0, "poverty_rate": "24.784651527016443", "housing_units": 2945, "population_density": "5048.734170957162", "grocery_stores": 2.0, "grocery_stores_per_1000": "0.26102845210127906", "apartment_count": 27.0, "major_retailers": 0.0, "major_road_segments": 25.0, "population_score": 0.85767790262172283, "income_score": 0.03787878787878788, "apartment_score": 0.88576779026217234, "competition_score": 0.56741573033707859, "road_access_score": 0.53676732024189167, "opportunity_score": 0.65371552604698679, "location_rank": 24, "nearest_grocery_m": 652.50753138010998, "nearest_grocery_miles": 0.40544938271749853, "nearest_retailer_m": 1729.4973428993437, "nearest_retailer_miles": 1.0746598259286664, "nearest_road_m": 1256.9814885079352, "nearest_road_miles": 0.78105208613443433, "grocery_stores_per_10000": 2.6102845210127907, "grocery_access_score": 0.68785276246375249, "retail_access_score": 0.4678447909433614, "accessibility_score": 0.58341699127092994, "final_location_score": 0.63262596561416973 }, "geometry": { "type": "Point", "coordinates": [ -81.445278145262236, 28.535422085298801 ] } },
{ "type": "Feature", "properties": { "GEOID": "12095016002", "Population": 2510, "median_income": 199853.0, "poverty_rate": "4.780876494023905", "housing_units": 1135, "population_density": "3051.427105109001", "grocery_stores": 0.0, "grocery_stores_per_1000": "0.0", "apartment_count": 0.0, "major_retailers": 0.0, "major_road_segments": 21.0, "population_score": 0.12359550561797752, "income_score": 0.99242424242424243, "apartment_score": 0.30524344569288392, "competition_score": 0.87453183520599254, "road_access_score": 0.99375614359604902, "opportunity_score": 0.56871382362955392, "location_rank": 25, "nearest_grocery_m": 792.54624087768366, "nearest_grocery_miles": 0.49246540259738353, "nearest_retailer_m": 1062.4055574259833, "nearest_retailer_miles": 0.66014820785735262, "nearest_road_m": 35.440016305468674, "nearest_road_miles": 0.022021405184639624, "grocery_stores_per_10000": 0.0, "grocery_access_score": 0.64186201455027958, "retail_access_score": 0.6110641760026212, "accessibility_score": 0.77646009845905573, "final_location_score": 0.63103770607840448 }, "geometry": { "type": "Point", "coordinates": [ -81.33566404384483, 28.600018555953046 ] } },
{ "type": "Feature", "properties": { "GEOID": "12095015103", "Population": 6971, "median_income": 81914.0, "poverty_rate": "8.176732176158371", "housing_units": 3041, "population_density": "3397.415511989683", "grocery_stores": 1.0, "grocery_stores_per_1000": "0.14345144168698895", "apartment_count": 0.0, "major_retailers": 0.0, "major_road_segments": 50.0, "population_score": 0.797752808988764, "income_score": 0.54545454545454541, "apartment_score": 0.30524344569288392, "competition_score": 0.68913857677902624, "road_access_score": 0.61571247690660313, "opportunity_score": 0.65054477357848151, "location_rank": 26, "nearest_grocery_m": 787.54761978062095, "nearest_grocery_miles": 0.48935940344675899, "nearest_retailer_m": 2421.7409441123141, "nearest_retailer_miles": 1.5048000577330354, "nearest_road_m": 931.05398431120852, "nearest_road_miles": 0.5785301242687757, "grocery_stores_per_10000": 1.4345144168698896, "grocery_access_score": 0.64341114605911065, "retail_access_score": 0.36934190420587137, "accessibility_score": 0.57751783002745982, "final_location_score": 0.62863669051317494 }, "geometry": { "type": "Point", "coordinates": [ -81.438259456473872, 28.629160825959399 ] } },
{ "type": "Feature", "properties": { "GEOID": "12095017021", "Population": 6593, "median_income": 101139.0, "poverty_rate": "9.72243288336114", "housing_units": 2055, "population_density": "3220.0132809688216", "grocery_stores": 4.0, "grocery_stores_per_1000": "0.6067040800849386", "apartment_count": 0.0, "major_retailers": 0.0, "major_road_segments": 31.0, "population_score": 0.72659176029962547, "income_score": 0.7007575757575758, "apartment_score": 0.30524344569288392, "competition_score": 0.449438202247191, "road_access_score": 0.76050071614994452, "opportunity_score": 0.57983273748723185, "location_rank": 27, "nearest_grocery_m": 396.45985722828942, "nearest_grocery_miles": 0.24634873416018541, "nearest_retailer_m": 1724.0780002619383, "nearest_retailer_miles": 1.0712924025329191, "nearest_road_m": 492.68317473688683, "nearest_road_miles": 0.30613913168153412, "grocery_stores_per_10000": 6.0670408008493855, "grocery_access_score": 0.78854776169815932, "retail_access_score": 0.46877733266407229, "accessibility_score": 0.713374857672056, "final_location_score": 0.6198953735426791 }, "geometry": { "type": "Point", "coordinates": [ -81.399371019288267, 28.356271334656405 ] } },
{ "type": "Feature", "properties": { "GEOID": "12095017113", "Population": 17717, "median_income": 134728.0, "poverty_rate": "2.2606533288120265", "housing_units": 5986, "population_density": "1299.9207598156981", "grocery_stores": 22.0, "grocery_stores_per_1000": "1.2417452164587686", "apartment_count": 46.0, "major_retailers": 3.0, "major_road_segments": 0.0, "population_score": 0.99250936329588013, "income_score": 0.9242424242424242, "apartment_score": 0.91385767790262173, "competition_score": 0.095505617977528101, "road_access_score": 0.19986308593986149, "opportunity_score": 0.62459141981613886, "location_rank": 28, "nearest_grocery_m": 252.64531936022334, "nearest_grocery_miles": 0.15698652330404397, "nearest_retailer_m": 252.64531936022334, "nearest_retailer_miles": 0.15698652330404397, "nearest_road_m": 4725.3612291040372, "nearest_road_miles": 2.9362033406804495, "grocery_stores_per_10000": 12.417452164587685, "grocery_access_score": 0.85725093019849119, "retail_access_score": 0.92280326110638955, "accessibility_score": 0.60740625867661902, "final_location_score": 0.61943587147428292 }, "geometry": { "type": "Point", "coordinates": [ -81.631692108032482, 28.47779861667923 ] } },
{ "type": "Feature", "properties": { "GEOID": "12095016911", "Population": 9112, "median_income": 53919.0, "poverty_rate": "25.0", "housing_units": 4085, "population_density": "15984.321568578578", "grocery_stores": 2.0, "grocery_stores_per_1000": "0.21949078138718173", "apartment_count": 24.0, "major_retailers": 0.0, "major_road_segments": 0.0, "population_score": 0.92883895131086147, "income_score": 0.14393939393939395, "apartment_score": 0.8651685393258427, "competition_score": 0.56741573033707859, "road_access_score": 0.43868358287273146, "opportunity_score": 0.59986806264896164, "location_rank": 29, "nearest_grocery_m": 151.44265179979936, "nearest_grocery_miles": 0.094102101104424754, "nearest_retailer_m": 1086.3056434321049, "nearest_retailer_miles": 0.67499903279355122, "nearest_road_m": 1800.5162830746217, "nearest_road_miles": 1.1187889494568108, "grocery_stores_per_10000": 2.1949078138718172, "grocery_access_score": 0.91232506224273235, "retail_access_score": 0.60470870103759156, "accessibility_score": 0.66134519825370397, "final_location_score": 0.61831120333038436 }, "geometry": { "type": "Point", "coordinates": [ -81.440292857608995, 28.479446036050685 ] } },
{ "type": "Feature", "properties": { "GEOID": "12095017001", "Population": 5947, "median_income": 77050.0, "poverty_rate": "6.5131206343213135", "housing_units": 3350, "population_density": "573.7910703934245", "grocery_stores": 219.0, "grocery_stores_per_1000": "36.82529006221624", "apartment_count": 43.0, "major_retailers": 12.0, "major_road_segments": 179.0, "population_score": 0.63295880149812733, "income_score": 0.5, "apartment_score": 0.9101123595505618, "competition_score": 0.0037453183520599342, "road_access_score": 0.6944882028486532, "opportunity_score": 0.56619850187265919, "location_rank": 30, "nearest_grocery_m": 132.18930531021616, "nearest_grocery_miles": 0.082138626241633955, "nearest_retailer_m": 1814.1216835693226, "nearest_retailer_miles": 1.1272429533830695, "nearest_road_m": 672.18050206439887, "nearest_road_miles": 0.41767359996644526, "grocery_stores_per_10000": 368.25290062216243, "grocery_access_score": 0.9235273656001739, "retail_access_score": 0.45366593216100248, "accessibility_score": 0.73793941381173145, "final_location_score": 0.61772077545438075 }, "geometry": { "type": "Point", "coordinates": [ -81.446528716029192, 28.443630904343134 ] } },
{ "type": "Feature", "properties": { "GEOID": "12095014201", "Population": 6711, "median_income": 69934.0, "poverty_rate": "12.218745343465951", "housing_units": 2051, "population_density": "7616.777552140894", "grocery_stores": 12.0, "grocery_stores_per_1000": "1.788109074653554", "apartment_count": 14.0, "major_retailers": 5.0, "major_road_segments": 24.0, "population_score": 0.75655430711610483, "income_score": 0.40530303030303028, "apartment_score": 0.8202247191011236, "competition_score": 0.1966292134831461, "road_access_score": 0.69355126664819133, "opportunity_score": 0.57661942458290771, "location_rank": 31, "nearest_grocery_m": 641.59371185606301, "nearest_grocery_miles": 0.39866784966797836, "nearest_retailer_m": 700.76349591940527, "nearest_retailer_miles": 0.43543424893584298, "nearest_road_m": 674.94907031125467, "nearest_road_miles": 0.41939390851878444, "grocery_stores_per_10000": 17.881090746535538, "grocery_access_score": 0.69167738711888049, "retail_access_score": 0.72328119850935935, "accessibility_score": 0.69874770120870067, "final_location_score": 0.61325790757064558 }, "geometry": { "type": "Point", "coordinates": [ -81.391549723266422, 28.457688874303521 ] } },
{ "type": "Feature", "properties": { "GEOID": "12095016749", "Population": 6330, "median_income": 124511.0, "poverty_rate": "12.203228869895536", "housing_units": 2113, "population_density": "4340.060091499403", "grocery_stores": 0.0, "grocery_stores_per_1000": "0.0", "apartment_count": 3.0, "major_retailers": 0.0, "major_road_segments": 0.0, "population_score": 0.6853932584269663, "income_score": 0.88636363636363635, "apartment_score": 0.702247191011236, "competition_score": 0.87453183520599254, "road_access_score": 0.12598558578359917, "opportunity_score": 0.69456503234593125, "location_rank": 32, "nearest_grocery_m": 958.88795237711361, "nearest_grocery_miles": 0.59582535019058303, "nearest_retailer_m": 958.88795237711361, "nearest_retailer_miles": 0.59582535019058303, "nearest_road_m": 7013.3209061573698, "nearest_road_miles": 4.3578755730020244, "grocery_stores_per_10000": 0.0, "grocery_access_score": 0.59375001714314068, "retail_access_score": 0.63995713126814358, "accessibility_score": 0.41588566742432465, "final_location_score": 0.61096122286944921 }, "geometry": { "type": "Point", "coordinates": [ -81.163960159117863, 28.516462843886313 ] } },
{ "type": "Feature", "properties": { "GEOID": "12095017200", "Population": 5945, "median_income": 107857.0, "poverty_rate": "14.315569487983282", "housing_units": 2544, "population_density": "2134.541568053879", "grocery_stores": 1.0, "grocery_stores_per_1000": "0.16820857863751051", "apartment_count": 0.0, "major_retailers": 0.0, "major_road_segments": 39.0, "population_score": 0.6292134831460674, "income_score": 0.74621212121212122, "apartment_score": 0.30524344569288392, "competition_score": 0.68913857677902624, "road_access_score": 0.66122186571537733, "opportunity_score": 0.62897301668369088, "location_rank": 33, "nearest_grocery_m": 844.26052845964284, "nearest_grocery_miles": 0.5245991711278899, "nearest_retailer_m": 3761.6210208452749, "nearest_retailer_miles": 2.3373629384676455, "nearest_road_m": 774.77555172023619, "nearest_road_miles": 0.48142320828874136, "grocery_stores_per_10000": 1.6820857863751051, "grocery_access_score": 0.62620559508874907, "retail_access_score": 0.25081978829491791, "accessibility_score": 0.56513494198063419, "final_location_score": 0.60982159427277383 }, "geometry": { "type": "Point", "coordinates": [ -81.629969102368122, 28.558142721514439 ] } },
{ "type": "Feature", "properties": { "GEOID": "12095017812", "Population": 8876, "median_income": 113492.0, "poverty_rate": "8.866606579540333", "housing_units": 3037, "population_density": "4018.765725988301", "grocery_stores": 0.0, "grocery_stores_per_1000": "0.0", "apartment_count": 0.0, "major_retailers": 0.0, "major_road_segments": 0.0, "population_score": 0.91385767790262173, "income_score": 0.78409090909090906, "apartment_score": 0.30524344569288392, "competition_score": 0.87453183520599254, "road_access_score": 0.48691174166151124, "opportunity_score": 0.65693947906026562, "location_rank": 34, "nearest_grocery_m": 1427.4411853088552, "nearest_grocery_miles": 0.88697083116403652, "nearest_retailer_m": 1427.4411853088552, "nearest_retailer_miles": 0.88697083116403652, "nearest_road_m": 1509.6949139229939, "nearest_road_miles": 0.93808092857896996, "grocery_stores_per_10000": 0.0, "grocery_access_score": 0.48656101055369161, "retail_access_score": 0.52489872284181927, "accessibility_score": 0.49436884545444498, "final_location_score": 0.60816828897851938 }, "geometry": { "type": "Point", "coordinates": [ -81.535049658596762, 28.700916380564244 ] } },
{ "type": "Feature", "properties": { "GEOID": "12095016907", "Population": 7546, "median_income": 55457.0, "poverty_rate": "33.99384121033606", "housing_units": 2994, "population_density": "11480.51523441185", "grocery_stores": 6.0, "grocery_stores_per_1000": "0.795123244102836", "apartment_count": 3.0, "major_retailers": 1.0, "major_road_segments": 13.0, "population_score": 0.84269662921348309, "income_score": 0.18939393939393939, "apartment_score": 0.702247191011236, "competition_score": 0.33333333333333337, "road_access_score": 0.7100229784150226, "opportunity_score": 0.55949523323118822, "location_rank": 35, "nearest_grocery_m": 588.60792122329372, "nearest_grocery_miles": 0.36574400577085675, "nearest_retailer_m": 588.60792122329372, "nearest_retailer_miles": 0.36574400577085675, "nearest_road_m": 627.23536702674278, "nearest_road_miles": 0.38974598782282888, "grocery_stores_per_10000": 7.9512324410283597, "grocery_access_score": 0.71078548149607967, "retail_access_score": 0.7655848862622876, "accessibility_score": 0.72144036121689847, "final_location_score": 0.60807877162690127 }, "geometry": { "type": "Point", "coordinates": [ -81.403179459670071, 28.478844998718653 ] } },
{ "type": "Feature", "properties": { "GEOID": "12095017108", "Population": 10693, "median_income": 108672.0, "poverty_rate": "4.853642569905546", "housing_units": 4588, "population_density": "1489.243702931974", "grocery_stores": 9.0, "grocery_stores_per_1000": "0.8416721219489386", "apartment_count": 1.0, "major_retailers": 0.0, "major_road_segments": 29.0, "population_score": 0.95880149812734083, "income_score": 0.75378787878787878, "apartment_score": 0.63108614232209737, "competition_score": 0.24906367041198507, "road_access_score": 0.78668651718347282, "opportunity_score": 0.65951012938372489, "location_rank": 36, "nearest_grocery_m": 3193.3370244649755, "nearest_grocery_miles": 1.9842476341074222, "nearest_retailer_m": 3486.0942546016831, "nearest_retailer_miles": 2.1661585432335677, "nearest_road_m": 429.06747615699351, "nearest_road_miles": 0.26661016920993491, "grocery_stores_per_10000": 8.4167212194893857, "grocery_access_score": 0.27053457892922234, "retail_access_score": 0.27010114851305317, "accessibility_score": 0.47690866814768873, "final_location_score": 0.60472969101291396 }, "geometry": { "type": "Point", "coordinates": [ -81.528602721764003, 28.43421914895271 ] } },
{ "type": "Feature", "properties": { "GEOID": "12095015104", "Population": 6110, "median_income": 63327.0, "poverty_rate": "25.869993434011818", "housing_units": 2110, "population_density": "4414.50656216237", "grocery_stores": 0.0, "grocery_stores_per_1000": "0.0", "apartment_count": 0.0, "major_retailers": 0.0, "major_road_segments": 31.0, "population_score": 0.651685393258427, "income_score": 0.3371212121212121, "apartment_score": 0.30524344569288392, "competition_score": 0.87453183520599254, "road_access_score": 0.7288672575631352, "opportunity_score": 0.61283409942117806, "location_rank": 37, "nearest_grocery_m": 1222.0844095042203, "nearest_grocery_miles": 0.75936804654829559, "nearest_retailer_m": 2257.4266714246814, "nearest_retailer_miles": 1.4026999022115105, "nearest_road_m": 575.03658072921155, "nearest_road_miles": 0.35731116574779009, "grocery_stores_per_10000": 0.0, "grocery_access_score": 0.52917272459403297, "retail_access_score": 0.38953080451516431, "accessibility_score": 0.58112215376590015, "final_location_score": 0.60332051572459466 }, "geometry": { "type": "Point", "coordinates": [ -81.420997811457426, 28.626641283119191 ] } },
{ "type": "Feature", "properties": { "GEOID": "12095014000", "Population": 6420, "median_income": 115417.0, "poverty_rate": "6.947040498442368", "housing_units": 2792, "population_density": "3219.57312765777", "grocery_stores": 4.0, "grocery_stores_per_1000": "0.6230529595015577", "apartment_count": 5.0, "major_retailers": 0.0, "major_road_segments": 38.0, "population_score": 0.7078651685393258, "income_score": 0.79545454545454541, "apartment_score": 0.73408239700374533, "competition_score": 0.449438202247191, "road_access_score": 0.43356675022653135, "opportunity_score": 0.68046050391556001, "location_rank": 38, "nearest_grocery_m": 1815.3923300406811, "nearest_grocery_miles": 1.1280324964958897, "nearest_retailer_m": 2398.0369175859578, "nearest_retailer_miles": 1.4900710585095278, "nearest_road_m": 1834.5853536903726, "nearest_road_miles": 1.1399584884837377, "grocery_stores_per_10000": 6.230529595015577, "grocery_access_score": 0.42000681339421558, "retail_access_score": 0.37215216930108069, "accessibility_score": 0.41585985930851493, "final_location_score": 0.60108031053344646 }, "geometry": { "type": "Point", "coordinates": [ -81.353741005012509, 28.488267401156261 ] } },
{ "type": "Feature", "properties": { "GEOID": "12095014702", "Population": 5960, "median_income": 51444.0, "poverty_rate": "16.353160481274358", "housing_units": 2818, "population_density": "8628.062816279169", "grocery_stores": 3.0, "grocery_stores_per_1000": "0.5033557046979866", "apartment_count": 54.0, "major_retailers": 1.0, "major_road_segments": 9.0, "population_score": 0.63670411985018727, "income_score": 0.12121212121212122, "apartment_score": 0.92509363295880154, "competition_score": 0.49250936329588013, "road_access_score": 0.65046731068621422, "opportunity_score": 0.57089717398706163, "location_rank": 39, "nearest_grocery_m": 706.05546593898305, "nearest_grocery_miles": 0.43872252665619221, "nearest_retailer_m": 733.42312699455033, "nearest_retailer_miles": 0.45572800283503734, "nearest_road_m": 809.94589784709638, "nearest_road_miles": 0.50327704819298813, "grocery_stores_per_10000": 5.0335570469798663, "grocery_access_score": 0.66960992767621974, "retail_access_score": 0.7117238634469728, "accessibility_score": 0.67037566803436821, "final_location_score": 0.60074072220125363 }, "geometry": { "type": "Point", "coordinates": [ -81.467569138490973, 28.533066166006716 ] } },
{ "type": "Feature", "properties": { "GEOID": "12095016743", "Population": 6981, "median_income": 107212.0, "poverty_rate": "6.216874373298954", "housing_units": 2463, "population_density": "4851.474220550449", "grocery_stores": 3.0, "grocery_stores_per_1000": "0.42973785990545765", "apartment_count": 26.0, "major_retailers": 1.0, "major_road_segments": 0.0, "population_score": 0.80149812734082393, "income_score": 0.73863636363636365, "apartment_score": 0.87827715355805247, "competition_score": 0.49250936329588013, "road_access_score": 0.35750299573431299, "opportunity_score": 0.64113253319713992, "location_rank": 40, "nearest_grocery_m": 1007.6061094268775, "nearest_grocery_miles": 0.62609740952020043, "nearest_retailer_m": 1009.33245279896, "nearest_retailer_miles": 0.62717010955952235, "nearest_road_m": 2435.3200277728929, "nearest_road_miles": 1.5132377091366997, "grocery_stores_per_10000": 4.2973785990545768, "grocery_access_score": 0.58081697218715611, "retail_access_score": 0.62559213631139732, "accessibility_score": 0.50044641443086713, "final_location_score": 0.59892669756725803 }, "geometry": { "type": "Point", "coordinates": [ -81.186682054679295, 28.554741495094635 ] } },
{ "type": "Feature", "properties": { "GEOID": "12095016200", "Population": 6862, "median_income": 81066.0, "poverty_rate": "15.214158239143366", "housing_units": 3206, "population_density": "4842.232282446909", "grocery_stores": 2.0, "grocery_stores_per_1000": "0.29146021568055963", "apartment_count": 0.0, "major_retailers": 0.0, "major_road_segments": 13.0, "population_score": 0.78277153558052437, "income_score": 0.53409090909090906, "apartment_score": 0.30524344569288392, "competition_score": 0.56741573033707859, "road_access_score": 0.58999854183039147, "opportunity_score": 0.57533835546475998, "location_rank": 41, "nearest_grocery_m": 461.18978757282389, "nearest_grocery_miles": 0.28657004815180837, "nearest_retailer_m": 1404.8713159796962, "nearest_retailer_miles": 0.87294656455033615, "nearest_road_m": 1028.7621415177318, "nearest_road_miles": 0.63924315840350587, "grocery_stores_per_10000": 2.9146021568055964, "grocery_access_score": 0.76073949116233075, "retail_access_score": 0.52962096703012029, "accessibility_score": 0.64621940660311306, "final_location_score": 0.59660267080626583 }, "geometry": { "type": "Point", "coordinates": [ -81.317585439646876, 28.586224770105169 ] } },
{ "type": "Feature", "properties": { "GEOID": "12095017020", "Population": 5923, "median_income": 69512.0, "poverty_rate": "11.060869565217391", "housing_units": 3037, "population_density": "5333.718424834569", "grocery_stores": 7.0, "grocery_stores_per_1000": "1.1818335303055885", "apartment_count": 130.0, "major_retailers": 2.0, "major_road_segments": 11.0, "population_score": 0.62172284644194753, "income_score": 0.40151515151515149, "apartment_score": 0.99250936329588013, "competition_score": 0.2865168539325843, "road_access_score": 0.6145045375637157, "opportunity_score": 0.57651940755873343, "location_rank": 42, "nearest_grocery_m": 792.85726256489318, "nearest_grocery_miles": 0.49265866251397661, "nearest_retailer_m": 757.83047547824799, "nearest_retailer_miles": 0.47089402606170461, "nearest_road_m": 935.48163317490776, "nearest_road_miles": 0.58128133772202073, "grocery_stores_per_10000": 11.818335303055886, "grocery_access_score": 0.64176583832039902, "retail_access_score": 0.70329500128950928, "accessibility_score": 0.64316715061154783, "final_location_score": 0.59651373047457767 }, "geometry": { "type": "Point", "coordinates": [ -81.414098318658802, 28.363771437806836 ] } },
{ "type": "Feature", "properties": { "GEOID": "12095013202", "Population": 7224, "median_income": 59888.0, "poverty_rate": "10.243224461431549", "housing_units": 3033, "population_density": "4971.202241479908", "grocery_stores": 2.0, "grocery_stores_per_1000": "0.2768549280177187", "apartment_count": 63.0, "major_retailers": 0.0, "major_road_segments": 0.0, "population_score": 0.81273408239700373, "income_score": 0.27272727272727271, "apartment_score": 0.94569288389513106, "competition_score": 0.56741573033707859, "road_access_score": 0.44246451978245083, "opportunity_score": 0.60626489615253654, "location_rank": 43, "nearest_grocery_m": 591.87808932002679, "nearest_grocery_miles": 0.36777599401994027, "nearest_retailer_m": 1430.3151371576312, "nearest_retailer_miles": 0.88875662205074313, "nearest_road_m": 1775.7718331287992, "nearest_road_miles": 1.103413461092718, "grocery_stores_per_10000": 2.7685492801771869, "grocery_access_score": 0.7095795360804833, "retail_access_score": 0.52430244554947414, "accessibility_score": 0.56567811145506852, "final_location_score": 0.59408886074329614 }, "geometry": { "type": "Point", "coordinates": [ -81.292519903635736, 28.554831220596359 ] } },
{ "type": "Feature", "properties": { "GEOID": "12095014608", "Population": 4835, "median_income": 43313.0, "poverty_rate": "25.046535677352637", "housing_units": 2086, "population_density": "5575.473933755533", "grocery_stores": 0.0, "grocery_stores_per_1000": "0.0", "apartment_count": 14.0, "major_retailers": 0.0, "major_road_segments": 15.0, "population_score": 0.449438202247191, "income_score": 0.053030303030303032, "apartment_score": 0.8202247191011236, "competition_score": 0.87453183520599254, "road_access_score": 0.58179202658448137, "opportunity_score": 0.60495829077289742, "location_rank": 44, "nearest_grocery_m": 958.70499311074639, "nearest_grocery_miles": 0.59571166457310953, "nearest_retailer_m": 1614.3039332889039, "nearest_retailer_miles": 1.0030819596611438, "nearest_road_m": 1061.5471644701584, "nearest_road_miles": 0.65961482720298348, "grocery_stores_per_10000": 0.0, "grocery_access_score": 0.59379951159108169, "retail_access_score": 0.48834187047951549, "accessibility_score": 0.56790498936612832, "final_location_score": 0.5938423003508666 }, "geometry": { "type": "Point", "coordinates": [ -81.448211986237212, 28.52197235863623 ] } },
{ "type": "Feature", "properties": { "GEOID": "12095018201", "Population": 4932, "median_income": 172628.0, "poverty_rate": "4.114891016500306", "housing_units": 2441, "population_density": "7211.352115545835", "grocery_stores": 4.0, "grocery_stores_per_1000": "0.8110300081103001", "apartment_count": 55.0, "major_retailers": 1.0, "major_road_segments": 0.0, "population_score": 0.4606741573033708, "income_score": 0.96969696969696972, "apartment_score": 0.93071161048689144, "competition_score": 0.449438202247191, "road_access_score": 0.40907985490041315, "opportunity_score": 0.59030473272046313, "location_rank": 45, "nearest_grocery_m": 575.74906125410018, "nearest_grocery_miles": 0.35775388062098606, "nearest_retailer_m": 644.90481936113179, "nearest_retailer_miles": 0.40072527648602896, "nearest_road_m": 2007.5226692240344, "nearest_road_miles": 1.2474167544192132, "grocery_stores_per_10000": 8.1103000811030004, "grocery_access_score": 0.71556246745673402, "retail_access_score": 0.74382422102364276, "accessibility_score": 0.59862177314758747, "final_location_score": 0.59279984484860038 }, "geometry": { "type": "Point", "coordinates": [ -81.33155250900181, 28.570974018644648 ] } },
{ "type": "Feature", "properties": { "GEOID": "12095017123", "Population": 5967, "median_income": 162188.0, "poverty_rate": "6.454866364094807", "housing_units": 2593, "population_density": "2277.334205942171", "grocery_stores": 44.0, "grocery_stores_per_1000": "7.373889726830903", "apartment_count": 13.0, "major_retailers": 3.0, "major_road_segments": 24.0, "population_score": 0.6404494382022472, "income_score": 0.96590909090909094, "apartment_score": 0.8089887640449438, "competition_score": 0.026217228464419429, "road_access_score": 0.40168200248959007, "opportunity_score": 0.58683392917943478, "location_rank": 46, "nearest_grocery_m": 521.87007641816649, "nearest_grocery_miles": 0.32427503157694471, "nearest_retailer_m": 643.99772677732528, "nearest_retailer_miles": 0.40016163528575943, "nearest_road_m": 2063.2384175400653, "nearest_road_miles": 1.2820369153767406, "grocery_stores_per_10000": 73.738897268309032, "grocery_access_score": 0.73620495421232546, "retail_access_score": 0.74416622444200398, "accessibility_score": 0.60398802756916703, "final_location_score": 0.59198015869635445 }, "geometry": { "type": "Point", "coordinates": [ -81.494036807880079, 28.404021992420713 ] } },
{ "type": "Feature", "properties": { "GEOID": "12095016411", "Population": 4715, "median_income": 81488.0, "poverty_rate": "8.271474019088016", "housing_units": 1651, "population_density": "3670.101791639167", "grocery_stores": 0.0, "grocery_stores_per_1000": "0.0", "apartment_count": 64.0, "major_retailers": 0.0, "major_road_segments": 3.0, "population_score": 0.43071161048689138, "income_score": 0.53787878787878785, "apartment_score": 0.95131086142322097, "competition_score": 0.87453183520599254, "road_access_score": 0.43918495415747594, "opportunity_score": 0.66804136874361597, "location_rank": 47, "nearest_grocery_m": 1936.7427343887807, "nearest_grocery_miles": 1.2034361419241508, "nearest_retailer_m": 2292.208736078916, "nearest_retailer_miles": 1.4243124751941885, "nearest_road_m": 1797.2142598997507, "nearest_road_miles": 1.1167371673798459, "grocery_stores_per_10000": 0.0, "grocery_access_score": 0.40217874230279804, "retail_access_score": 0.38511533184451469, "accessibility_score": 0.4135685449530126, "final_location_score": 0.59169952160643491 }, "geometry": { "type": "Point", "coordinates": [ -81.263945333295013, 28.581181721667782 ] } },
{ "type": "Feature", "properties": { "GEOID": "12095018203", "Population": 1939, "median_income": 56304.0, "poverty_rate": "6.140350877192982", "housing_units": 910, "population_density": "7718.47466020641", "grocery_stores": 1.0, "grocery_stores_per_1000": "0.5157297576070139", "apartment_count": 39.0, "major_retailers": 0.0, "major_road_segments": 33.0, "population_score": 0.041198501872659173, "income_score": 0.21590909090909091, "apartment_score": 0.89700374531835203, "competition_score": 0.68913857677902624, "road_access_score": 0.90241376607177248, "opportunity_score": 0.51628149472250595, "location_rank": 48, "nearest_grocery_m": 664.29297495371407, "nearest_grocery_miles": 0.41277251784187474, "nearest_retailer_m": 918.41938298408968, "nearest_retailer_miles": 0.57067934697870037, "nearest_road_m": 188.59240302460748, "nearest_road_miles": 0.11718588631430413, "grocery_stores_per_10000": 5.1572975760701398, "grocery_access_score": 0.68376392036549549, "retail_access_score": 0.65189577325981507, "accessibility_score": 0.76485022922687018, "final_location_score": 0.59085211507381519 }, "geometry": { "type": "Point", "coordinates": [ -81.312941014104425, 28.568458167484351 ] } },
{ "type": "Feature", "properties": { "GEOID": "12095016747", "Population": 5719, "median_income": 145575.0, "poverty_rate": "2.902605350585767", "housing_units": 1970, "population_density": "3052.8627426716125", "grocery_stores": 0.0, "grocery_stores_per_1000": "0.0", "apartment_count": 10.0, "major_retailers": 0.0, "major_road_segments": 0.0, "population_score": 0.59176029962546817, "income_score": 0.93560606060606055, "apartment_score": 0.79026217228464424, "competition_score": 0.87453183520599254, "road_access_score": 0.17282957542216426, "opportunity_score": 0.69614615253660195, "location_rank": 49, "nearest_grocery_m": 1657.678591844317, "nearest_grocery_miles": 1.0300337229606082, "nearest_retailer_m": 1657.678591844317, "nearest_retailer_miles": 1.0300337229606082, "nearest_road_m": 5406.5719762291919, "nearest_road_miles": 3.3594880747864919, "grocery_stores_per_10000": 0.0, "grocery_access_score": 0.44515634328170955, "retail_access_score": 0.48045428521415767, "accessibility_score": 0.34328522452438109, "final_location_score": 0.5902878741329356 }, "geometry": { "type": "Point", "coordinates": [ -81.176933858939861, 28.526090692464685 ] } },
{ "type": "Feature", "properties": { "GEOID": "12095016736", "Population": 14231, "median_income": 121250.0, "poverty_rate": "8.333333333333332", "housing_units": 5133, "population_density": "1448.1008832219568", "grocery_stores": 20.0, "grocery_stores_per_1000": "1.4053826154170475", "apartment_count": 41.0, "major_retailers": 1.0, "major_road_segments": 29.0, "population_score": 0.98501872659176026, "income_score": 0.86553030303030298, "apartment_score": 0.9044943820224719, "competition_score": 0.11235955056179781, "road_access_score": 0.30414856886036307, "opportunity_score": 0.70333141811372135, "location_rank": 50, "nearest_grocery_m": 2869.7937432804715, "nearest_grocery_miles": 1.7832071597374282, "nearest_retailer_m": 2869.7937432804715, "nearest_retailer_miles": 1.7832071597374282, "nearest_road_m": 2999.1973892795927, "nearest_road_miles": 1.8636148575317599, "grocery_stores_per_10000": 14.053826154170473, "grocery_access_score": 0.2973690999692889, "retail_access_score": 0.32181707471765847, "accessibility_score": 0.30497048247539249, "final_location_score": 0.58382313742222269 }, "geometry": { "type": "Point", "coordinates": [ -81.213800486722718, 28.375701265123677 ] } },
{ "type": "Feature", "properties": { "GEOID": "12095014301", "Population": 4063, "median_income": 67827.0, "poverty_rate": "14.595126753630321", "housing_units": 1875, "population_density": "2535.061568046211", "grocery_stores": 0.0, "grocery_stores_per_1000": "0.0", "apartment_count": 6.0, "major_retailers": 0.0, "major_road_segments": 13.0, "population_score": 0.3258426966292135, "income_score": 0.38257575757575757, "apartment_score": 0.75093632958801493, "competition_score": 0.87453183520599254, "road_access_score": 0.56045627370794271, "opportunity_score": 0.60429647599591418, "location_rank": 51, "nearest_grocery_m": 1222.997066937274, "nearest_grocery_miles": 0.7599351455855764, "nearest_retailer_m": 1672.326893193688, "nearest_retailer_miles": 1.0391357554343186, "nearest_road_m": 1150.7240304761981, "nearest_road_miles": 0.71502676275314547, "grocery_stores_per_10000": 0.0, "grocery_access_score": 0.52896967773077608, "retail_access_score": 0.47783762191264517, "accessibility_score": 0.53133790495801658, "final_location_score": 0.58240890468454487 }, "geometry": { "type": "Point", "coordinates": [ -81.384915104087938, 28.4832024174579 ] } },
{ "type": "Feature", "properties": { "GEOID": "12095014607", "Population": 6061, "median_income": 55642.0, "poverty_rate": "8.579442336248144", "housing_units": 3638, "population_density": "5924.010873967878", "grocery_stores": 1.0, "grocery_stores_per_1000": "0.1649892756970797", "apartment_count": 4.0, "major_retailers": 0.0, "major_road_segments": 10.0, "population_score": 0.64794007490636707, "income_score": 0.20075757575757575, "apartment_score": 0.72097378277153557, "competition_score": 0.68913857677902624, "road_access_score": 0.55227679135099916, "opportunity_score": 0.59649940415389857, "location_rank": 52, "nearest_grocery_m": 1140.4196983753045, "nearest_grocery_miles": 0.70862394763040371, "nearest_retailer_m": 1352.5832089950718, "nearest_retailer_miles": 0.84045624117346684, "nearest_road_m": 1186.5112990221705, "nearest_road_miles": 0.73726394047647392, "grocery_stores_per_10000": 1.6498927569707968, "grocery_access_score": 0.54788700337868135, "retail_access_score": 0.54083758700536988, "accessibility_score": 0.5482330352929462, "final_location_score": 0.58201949349561288 }, "geometry": { "type": "Point", "coordinates": [ -81.446683854350795, 28.489765806098383 ] } },
{ "type": "Feature", "properties": { "GEOID": "12095014807", "Population": 8111, "median_income": 75208.0, "poverty_rate": "13.115771187492244", "housing_units": 2914, "population_density": "4328.562716253575", "grocery_stores": 0.0, "grocery_stores_per_1000": "0.0", "apartment_count": 0.0, "major_retailers": 0.0, "major_road_segments": 0.0, "population_score": 0.88764044943820219, "income_score": 0.48295454545454547, "apartment_score": 0.30524344569288392, "competition_score": 0.87453183520599254, "road_access_score": 0.33243879992415021, "opportunity_score": 0.60521471739870614, "location_rank": 53, "nearest_grocery_m": 757.67357549716451, "nearest_grocery_miles": 0.47079653293339674, "nearest_retailer_m": 956.65517227048883, "nearest_retailer_miles": 0.59443796495372569, "nearest_road_m": 2681.9782582437342, "nearest_road_miles": 1.6665040278795173, "grocery_stores_per_10000": 0.0, "grocery_access_score": 0.65280586441591193, "retail_access_score": 0.64060600910062904, "accessibility_score": 0.52221906755615066, "final_location_score": 0.58031602244593949 }, "geometry": { "type": "Point", "coordinates": [ -81.486722254183263, 28.523114525107129 ] } },
{ "type": "Feature", "properties": { "GEOID": "12095016802", "Population": 21905, "median_income": 119030.0, "poverty_rate": "1.8653426755138973", "housing_units": 8046, "population_density": "654.3083611105095", "grocery_stores": 99.0, "grocery_stores_per_1000": "4.5195160922163895", "apartment_count": 11.0, "major_retailers": 6.0, "major_road_segments": 111.0, "population_score": 0.99625468164794007, "income_score": 0.84090909090909094, "apartment_score": 0.79962546816479396, "competition_score": 0.011235955056179803, "road_access_score": 0.28110640302307593, "opportunity_score": 0.68737231869254334, "location_rank": 54, "nearest_grocery_m": 1910.4540511880712, "nearest_grocery_miles": 1.1871011115013763, "nearest_retailer_m": 4050.5458116250443, "nearest_retailer_miles": 2.5168924801813932, "nearest_road_m": 3294.4453100043033, "nearest_road_miles": 2.0470734100380672, "grocery_stores_per_10000": 45.195160922163893, "grocery_access_score": 0.40593660888177602, "retail_access_score": 0.23261723766803849, "accessibility_score": 0.32134065229554853, "final_location_score": 0.57756281877344484 }, "geometry": { "type": "Point", "coordinates": [ -81.29024607551041, 28.402983580646609 ] } },
{ "type": "Feature", "properties": { "GEOID": "12095013507", "Population": 9445, "median_income": 62196.0, "poverty_rate": "20.921122286924298", "housing_units": 4189, "population_density": "2187.099588672239", "grocery_stores": 30.0, "grocery_stores_per_1000": "3.1762837480148227", "apartment_count": 10.0, "major_retailers": 4.0, "major_road_segments": 92.0, "population_score": 0.94007490636704116, "income_score": 0.32954545454545453, "apartment_score": 0.79026217228464424, "competition_score": 0.0449438202247191, "road_access_score": 0.4971959815978822, "opportunity_score": 0.60036814776983316, "location_rank": 55, "nearest_grocery_m": 1222.5624381702867, "nearest_grocery_miles": 0.75966507979045295, "nearest_retailer_m": 1236.140018198724, "nearest_retailer_miles": 0.7681017968804208, "nearest_road_m": 1453.9821774165175, "nearest_road_miles": 0.90346263907313629, "grocery_stores_per_10000": 31.762837480148225, "grocery_access_score": 0.52906635706294602, "retail_access_score": 0.56729767633205197, "accessibility_score": 0.5239644707307417, "final_location_score": 0.5774470446581057 }, "geometry": { "type": "Point", "coordinates": [ -81.291642395610168, 28.463474691171573 ] } },
{ "type": "Feature", "properties": { "GEOID": "12095019000", "Population": 4445, "median_income": 71391.0, "poverty_rate": "7.154105736782903", "housing_units": 2862, "population_density": "3405.595723946262", "grocery_stores": 14.0, "grocery_stores_per_1000": "3.149606299212598", "apartment_count": 2.0, "major_retailers": 5.0, "major_road_segments": 100.0, "population_score": 0.38576779026217228, "income_score": 0.44318181818181818, "apartment_score": 0.67041198501872656, "competition_score": 0.1685393258426966, "road_access_score": 0.84700212505975514, "opportunity_score": 0.48745105549880829, "location_rank": 56, "nearest_grocery_m": 437.20765017521614, "nearest_grocery_miles": 0.27166823884465729, "nearest_retailer_m": 794.55452881044937, "nearest_retailer_miles": 0.49371329486452203, "nearest_road_m": 296.23142315920069, "nearest_road_miles": 0.18406967258659471, "grocery_stores_per_10000": 31.496062992125985, "grocery_access_score": 0.77083719152635866, "retail_access_score": 0.69093518690009204, "accessibility_score": 0.78532276401446399, "final_location_score": 0.576812568053505 }, "geometry": { "type": "Point", "coordinates": [ -81.374088384281961, 28.595849227519743 ] } },
{ "type": "Feature", "properties": { "GEOID": "12095016512", "Population": 6359, "median_income": 58553.0, "poverty_rate": "24.171539961013643", "housing_units": 2170, "population_density": "7326.5409634490015", "grocery_stores": 14.0, "grocery_stores_per_1000": "2.2016040257902185", "apartment_count": 70.0, "major_retailers": 1.0, "major_road_segments": 6.0, "population_score": 0.69288389513108617, "income_score": 0.25, "apartment_score": 0.96254681647940077, "competition_score": 0.1685393258426966, "road_access_score": 0.70020056497591643, "opportunity_score": 0.52008426966292143, "location_rank": 57, "nearest_grocery_m": 604.63161485367698, "nearest_grocery_miles": 0.37570066738601376, "nearest_retailer_m": 764.08049082754712, "nearest_retailer_miles": 0.47477760555080029, "nearest_road_m": 655.44507173724764, "nearest_road_miles": 0.40727468567145847, "grocery_stores_per_10000": 22.016040257902187, "grocery_access_score": 0.70491043598160508, "retail_access_score": 0.70116449345474219, "accessibility_score": 0.70227729907395708, "final_location_score": 0.5747421784862321 }, "geometry": { "type": "Point", "coordinates": [ -81.200959460444025, 28.573326808335885 ] } },
{ "type": "Feature", "properties": { "GEOID": "12095010300", "Population": 3355, "median_income": 54427.0, "poverty_rate": "18.269831355402875", "housing_units": 2257, "population_density": "5622.248605050661", "grocery_stores": 0.0, "grocery_stores_per_1000": "0.0", "apartment_count": 2.0, "major_retailers": 0.0, "major_road_segments": 12.0, "population_score": 0.22846441947565543, "income_score": 0.16666666666666666, "apartment_score": 0.67041198501872656, "competition_score": 0.87453183520599254, "road_access_score": 0.66656163613720665, "opportunity_score": 0.52837078651685399, "location_rank": 58, "nearest_grocery_m": 563.46218794003187, "nearest_grocery_miles": 0.35011917150095434, "nearest_retailer_m": 978.80730856460207, "nearest_retailer_miles": 0.60820266429340275, "nearest_road_m": 757.69022035268699, "nearest_road_miles": 0.47080687556711737, "grocery_stores_per_10000": 0.0, "grocery_access_score": 0.72017978855374709, "retail_access_score": 0.63421782857016185, "accessibility_score": 0.68154013559041382, "final_location_score": 0.5743215912389219 }, "geometry": { "type": "Point", "coordinates": [ -81.368659003041202, 28.534028816067678 ] } },
{ "type": "Feature", "properties": { "GEOID": "12095017112", "Population": 16409, "median_income": 118277.0, "poverty_rate": "6.338071127920454", "housing_units": 6342, "population_density": "3507.762294631922", "grocery_stores": 18.0, "grocery_stores_per_1000": "1.0969589859223596", "apartment_count": 0.0, "major_retailers": 2.0, "major_road_segments": 34.0, "population_score": 0.9887640449438202, "income_score": 0.82954545454545459, "apartment_score": 0.30524344569288392, "competition_score": 0.1292134831460674, "road_access_score": 0.53429157344691292, "opportunity_score": 0.58744679945522649, "location_rank": 59, "nearest_grocery_m": 1230.4878214958517, "nearest_grocery_miles": 0.7645896846763971, "nearest_retailer_m": 1270.8887892328182, "nearest_retailer_miles": 0.78969368216665803, "nearest_road_m": 1268.5606306200325, "nearest_road_miles": 0.78824703147371378, "grocery_stores_per_10000": 10.969589859223596, "grocery_access_score": 0.52730807567543758, "retail_access_score": 0.55917753760413302, "accessibility_score": 0.53647536716976685, "final_location_score": 0.57215536976958858 }, "geometry": { "type": "Point", "coordinates": [ -81.576180738482293, 28.452684981391922 ] } },
{ "type": "Feature", "properties": { "GEOID": "12095017006", "Population": 4515, "median_income": 86859.0, "poverty_rate": "13.91858085057994", "housing_units": 1622, "population_density": "1775.5911211381474", "grocery_stores": 2.0, "grocery_stores_per_1000": "0.44296788482835", "apartment_count": 7.0, "major_retailers": 0.0, "major_road_segments": 19.0, "population_score": 0.40074906367041196, "income_score": 0.58712121212121215, "apartment_score": 0.76591760299625467, "competition_score": 0.56741573033707859, "road_access_score": 0.40726337808389862, "opportunity_score": 0.59115806945863125, "location_rank": 60, "nearest_grocery_m": 560.40561028991408, "nearest_grocery_miles": 0.34821990220233467, "nearest_retailer_m": 2383.5170456536512, "nearest_retailer_miles": 1.4810488283758172, "nearest_road_m": 2021.0460070387005, "nearest_road_miles": 1.2558197669601405, "grocery_stores_per_10000": 4.4296788482834994, "grocery_access_score": 0.72133655171354594, "retail_access_score": 0.37389007298475213, "accessibility_score": 0.52621798651592833, "final_location_score": 0.57167604457582033 }, "geometry": { "type": "Point", "coordinates": [ -81.430929225684423, 28.391975187773504 ] } },
{ "type": "Feature", "properties": { "GEOID": "12095014504", "Population": 6641, "median_income": 58843.0, "poverty_rate": "22.252456538170822", "housing_units": 3730, "population_density": "5994.626144595026", "grocery_stores": 24.0, "grocery_stores_per_1000": "3.6139135672338503", "apartment_count": 53.0, "major_retailers": 7.0, "major_road_segments": 3.0, "population_score": 0.7415730337078652, "income_score": 0.25378787878787878, "apartment_score": 0.9213483146067416, "competition_score": 0.082397003745318331, "road_access_score": 0.49138278207971908, "opportunity_score": 0.49911687095675861, "location_rank": 61, "nearest_grocery_m": 93.728748135812978, "nearest_grocery_miles": 0.058240343976062904, "nearest_retailer_m": 485.69063135246193, "nearest_retailer_miles": 0.30179416666198272, "nearest_road_m": 1485.2269356384404, "nearest_road_miles": 0.92287723174065972, "grocery_stores_per_10000": 36.139135672338504, "grocery_access_score": 0.94666346874213048, "retail_access_score": 0.80838911608712127, "accessibility_score": 0.73689632354616408, "final_location_score": 0.57045070673358023 }, "geometry": { "type": "Point", "coordinates": [ -81.421023213540906, 28.494582392241075 ] } },
{ "type": "Feature", "properties": { "GEOID": "12095014302", "Population": 5839, "median_income": 50240.0, "poverty_rate": "26.77463818056513", "housing_units": 1909, "population_density": "6904.323665031013", "grocery_stores": 2.0, "grocery_stores_per_1000": "0.3425244048638465", "apartment_count": 17.0, "major_retailers": 1.0, "major_road_segments": 8.0, "population_score": 0.61048689138576784, "income_score": 0.10606060606060606, "apartment_score": 0.84082397003745324, "competition_score": 0.56741573033707859, "road_access_score": 0.52024105864104864, "opportunity_score": 0.56113381001021456, "location_rank": 62, "nearest_grocery_m": 1227.1235978372265, "nearest_grocery_miles": 0.76249925301068411, "nearest_retailer_m": 407.47692881398177, "nearest_retailer_miles": 0.25319442506635109, "nearest_road_m": 1336.0889642446389, "nearest_road_miles": 0.83020719264783593, "grocery_stores_per_10000": 3.4252440486384654, "grocery_access_score": 0.52805324340109105, "retail_access_score": 0.84384040585243814, "accessibility_score": 0.58808580198734361, "final_location_score": 0.56921940760335321 }, "geometry": { "type": "Point", "coordinates": [ -81.382899221569829, 28.469010470883784 ] } },
{ "type": "Feature", "properties": { "GEOID": "12095017402", "Population": 5836, "median_income": 50868.0, "poverty_rate": "23.70900209351012", "housing_units": 1875, "population_density": "2282.0722053627414", "grocery_stores": 15.0, "grocery_stores_per_1000": "2.5702535983550376", "apartment_count": 24.0, "major_retailers": 3.0, "major_road_segments": 102.0, "population_score": 0.6067415730337079, "income_score": 0.11363636363636363, "apartment_score": 0.8651685393258427, "competition_score": 0.15543071161048694, "road_access_score": 0.70527223249980175, "opportunity_score": 0.5294986380660538, "location_rank": 63, "nearest_grocery_m": 771.30052230979845, "nearest_grocery_miles": 0.47926392512091787, "nearest_retailer_m": 1131.1844090183881, "nearest_retailer_miles": 0.70288540487203988, "nearest_road_m": 640.7910987975639, "nearest_road_miles": 0.39816912903491353, "grocery_stores_per_10000": 25.702535983550376, "grocery_access_score": 0.64849124840314842, "retail_access_score": 0.593074116243681, "accessibility_score": 0.66012021560991629, "final_location_score": 0.56868511132921251 }, "geometry": { "type": "Point", "coordinates": [ -81.569930007490925, 28.557006902193251 ] } },
{ "type": "Feature", "properties": { "GEOID": "12095017810", "Population": 6336, "median_income": 87373.0, "poverty_rate": "5.871212121212121", "housing_units": 2315, "population_density": "1690.1901836222316", "grocery_stores": 11.0, "grocery_stores_per_1000": "1.736111111111111", "apartment_count": 0.0, "major_retailers": 1.0, "major_road_segments": 64.0, "population_score": 0.68913857677902624, "income_score": 0.59090909090909094, "apartment_score": 0.30524344569288392, "competition_score": 0.21161048689138573, "road_access_score": 0.67808389648497203, "opportunity_score": 0.51532175689479065, "location_rank": 64, "nearest_grocery_m": 593.43059201925837, "nearest_grocery_miles": 0.36874067447311348, "nearest_retailer_m": 881.93603671001722, "nearest_retailer_miles": 0.54800964660757256, "nearest_road_m": 721.64475358549555, "nearest_road_miles": 0.44840926090723643, "grocery_stores_per_10000": 17.361111111111111, "grocery_access_score": 0.70900827048775761, "retail_access_score": 0.66299118541513269, "accessibility_score": 0.68743510387211848, "final_location_score": 0.56695576098798894 }, "geometry": { "type": "Point", "coordinates": [ -81.539869470262005, 28.680584086790592 ] } },
{ "type": "Feature", "properties": { "GEOID": "12095016809", "Population": 7837, "median_income": 66810.0, "poverty_rate": "23.93773127472247", "housing_units": 2850, "population_density": "4154.063099696146", "grocery_stores": 2.0, "grocery_stores_per_1000": "0.25519969376036744", "apartment_count": 0.0, "major_retailers": 0.0, "major_road_segments": 11.0, "population_score": 0.8651685393258427, "income_score": 0.375, "apartment_score": 0.30524344569288392, "competition_score": 0.56741573033707859, "road_access_score": 0.6440190070983578, "opportunity_score": 0.56617509363295881, "location_rank": 65, "nearest_grocery_m": 1152.6620289566042, "nearest_grocery_miles": 0.71623097917946954, "nearest_retailer_m": 1843.0446900968168, "nearest_retailer_miles": 1.1452148764321468, "nearest_road_m": 831.53566769803865, "nearest_road_miles": 0.51669230922539777, "grocery_stores_per_10000": 2.5519969376036746, "grocery_access_score": 0.54501103749200897, "retail_access_score": 0.44897924989022031, "accessibility_score": 0.56540786781419072, "final_location_score": 0.56594492588732837 }, "geometry": { "type": "Point", "coordinates": [ -81.3673304811783, 28.382602870633395 ] } },
{ "type": "Feature", "properties": { "GEOID": "12095015601", "Population": 2481, "median_income": 123625.0, "poverty_rate": "2.8214429665457477", "housing_units": 1059, "population_density": "3466.694271546259", "grocery_stores": 2.0, "grocery_stores_per_1000": "0.8061265618702137", "apartment_count": 2.0, "major_retailers": 1.0, "major_road_segments": 16.0, "population_score": 0.1198501872659176, "income_score": 0.875, "apartment_score": 0.67041198501872656, "competition_score": 0.56741573033707859, "road_access_score": 0.67454949432327926, "opportunity_score": 0.54080056179775282, "location_rank": 66, "nearest_grocery_m": 1042.8204620495876, "nearest_grocery_miles": 0.64797859379323974, "nearest_retailer_m": 1042.8204620495876, "nearest_retailer_miles": 0.64797859379323974, "nearest_road_m": 732.58426651181799, "nearest_road_miles": 0.45520675909676112, "grocery_stores_per_10000": 8.0612656187021372, "grocery_access_score": 0.57176457838925354, "retail_access_score": 0.61635760672673712, "accessibility_score": 0.62179715043036055, "final_location_score": 0.56509953838753513 }, "geometry": { "type": "Point", "coordinates": [ -81.352738329151094, 28.633202966731599 ] } },
{ "type": "Feature", "properties": { "GEOID": "12095017116", "Population": 8031, "median_income": 173529.0, "poverty_rate": "4.1464325737766154", "housing_units": 2995, "population_density": "1764.8864455875746", "grocery_stores": 1.0, "grocery_stores_per_1000": "0.12451749470800648", "apartment_count": 0.0, "major_retailers": 0.0, "major_road_segments": 0.0, "population_score": 0.8764044943820225, "income_score": 0.97348484848484851, "apartment_score": 0.30524344569288392, "competition_score": 0.68913857677902624, "road_access_score": 0.42861854998665816, "opportunity_score": 0.62963695948246512, "location_rank": 67, "nearest_grocery_m": 1891.8424577241847, "nearest_grocery_miles": 1.1755364034812847, "nearest_retailer_m": 2237.1147887012444, "nearest_retailer_miles": 1.3900786834270635, "nearest_road_m": 1868.185453860717, "nearest_road_miles": 1.1608366227858786, "grocery_stores_per_10000": 1.2451749470800648, "grocery_access_score": 0.40863118338023346, "retail_access_score": 0.39214626655495982, "accessibility_score": 0.41332914665774867, "final_location_score": 0.56474461563505018 }, "geometry": { "type": "Point", "coordinates": [ -81.629709762580376, 28.534035345888402 ] } },
{ "type": "Feature", "properties": { "GEOID": "12095012701", "Population": 5607, "median_income": 102303.0, "poverty_rate": "16.739007359879224", "housing_units": 2655, "population_density": "5884.559615357653", "grocery_stores": 4.0, "grocery_stores_per_1000": "0.7133939718209382", "apartment_count": 1.0, "major_retailers": 1.0, "major_road_segments": 0.0, "population_score": 0.5730337078651685, "income_score": 0.71969696969696972, "apartment_score": 0.63108614232209737, "competition_score": 0.449438202247191, "road_access_score": 0.62561996571797407, "opportunity_score": 0.5209695267279536, "location_rank": 68, "nearest_grocery_m": 708.18135796532079, "nearest_grocery_miles": 0.44004349471916554, "nearest_retailer_m": 708.18135796532079, "nearest_retailer_miles": 0.44004349471916554, "nearest_road_m": 895.31175400721872, "nearest_road_miles": 0.55632093201156418, "grocery_stores_per_10000": 7.1339397182093816, "grocery_access_score": 0.66890307256355852, "retail_access_score": 0.72062763303114596, "accessibility_score": 0.66193474191884227, "final_location_score": 0.56325909128522023 }, "geometry": { "type": "Point", "coordinates": [ -81.38200386875171, 28.573020429064208 ] } },
{ "type": "Feature", "properties": { "GEOID": "12095016409", "Population": 3027, "median_income": 119821.0, "poverty_rate": "1.3576158940397351", "housing_units": 1178, "population_density": "2296.986836672359", "grocery_stores": 0.0, "grocery_stores_per_1000": "0.0", "apartment_count": 0.0, "major_retailers": 0.0, "major_road_segments": 17.0, "population_score": 0.19101123595505617, "income_score": 0.84469696969696972, "apartment_score": 0.30524344569288392, "competition_score": 0.87453183520599254, "road_access_score": 0.639310794353113, "opportunity_score": 0.55919518215866537, "location_rank": 69, "nearest_grocery_m": 1348.692878552378, "nearest_grocery_miles": 0.83803890190809294, "nearest_retailer_m": 1229.4802763084879, "nearest_retailer_miles": 0.76396362512209193, "nearest_road_m": 847.54436997809978, "nearest_road_miles": 0.52663965564733195, "grocery_stores_per_10000": 0.0, "grocery_access_score": 0.50220196288079111, "retail_access_score": 0.56887663396462285, "accessibility_score": 0.57038042968648628, "final_location_score": 0.56255075641701158 }, "geometry": { "type": "Point", "coordinates": [ -81.258840915221839, 28.605044316531437 ] } },
{ "type": "Feature", "properties": { "GEOID": "12095011100", "Population": 3333, "median_income": 88276.0, "poverty_rate": "7.980798079807981", "housing_units": 1857, "population_density": "6018.411552257246", "grocery_stores": 0.0, "grocery_stores_per_1000": "0.0", "apartment_count": 20.0, "major_retailers": 0.0, "major_road_segments": 0.0, "population_score": 0.2247191011235955, "income_score": 0.60227272727272729, "apartment_score": 0.848314606741573, "competition_score": 0.87453183520599254, "road_access_score": 0.43390522702096979, "opportunity_score": 0.56599633980251962, "location_rank": 70, "nearest_grocery_m": 816.71881823379226, "nearest_grocery_miles": 0.50748554580859795, "nearest_retailer_m": 1099.8423912212318, "nearest_retailer_miles": 0.68341037790629711, "nearest_road_m": 1832.3106822140185, "nearest_road_miles": 1.1385450731565274, "grocery_stores_per_10000": 0.0, "grocery_access_score": 0.63446072519456387, "retail_access_score": 0.60115877138707685, "accessibility_score": 0.54757813516362885, "final_location_score": 0.5604708784108523 }, "geometry": { "type": "Point", "coordinates": [ -81.337322399748416, 28.53119958988443 ] } },
{ "type": "Feature", "properties": { "GEOID": "12095016755", "Population": 6433, "median_income": 91442.0, "poverty_rate": "3.824032333281517", "housing_units": 2549, "population_density": "3946.4122773915783", "grocery_stores": 2.0, "grocery_stores_per_1000": "0.310896937665164", "apartment_count": 11.0, "major_retailers": 0.0, "major_road_segments": 0.0, "population_score": 0.71161048689138573, "income_score": 0.61742424242424243, "apartment_score": 0.79962546816479396, "competition_score": 0.56741573033707859, "road_access_score": 0.32551109820161228, "opportunity_score": 0.60347505958461012, "location_rank": 71, "nearest_grocery_m": 942.1600720765656, "nearest_grocery_miles": 0.58543112726462809, "nearest_retailer_m": 1857.4130479568853, "nearest_retailer_miles": 1.1541429600861501, "nearest_road_m": 2755.5519348034209, "nearest_road_miles": 1.712220591000694, "grocery_stores_per_10000": 3.1089693766516402, "grocery_access_score": 0.59830461487609521, "retail_access_score": 0.4466800761840205, "accessibility_score": 0.45886230046788712, "final_location_score": 0.5600912318495932 }, "geometry": { "type": "Point", "coordinates": [ -81.25530162652079, 28.48418945905231 ] } },
{ "type": "Feature", "properties": { "GEOID": "12095016407", "Population": 7461, "median_income": 58423.0, "poverty_rate": "24.915414805792395", "housing_units": 3292, "population_density": "5265.340939300314", "grocery_stores": 10.0, "grocery_stores_per_1000": "1.3403029084573113", "apartment_count": 144.0, "major_retailers": 3.0, "major_road_segments": 0.0, "population_score": 0.8314606741573034, "income_score": 0.24242424242424243, "apartment_score": 0.99625468164794007, "competition_score": 0.22846441947565543, "road_access_score": 0.48055619159509866, "opportunity_score": 0.53177562138236301, "location_rank": 72, "nearest_grocery_m": 688.69735453127248, "nearest_grocery_miles": 0.42793669627579467, "nearest_retailer_m": 564.71516884596178, "nearest_retailer_miles": 0.35089773774032262, "nearest_road_m": 1545.1494512723739, "nearest_road_miles": 0.96011135672197734, "grocery_stores_per_10000": 13.403029084573113, "grocery_access_score": 0.67543040132025978, "retail_access_score": 0.77516089149457867, "accessibility_score": 0.61742681546505918, "final_location_score": 0.55747097960717185 }, "geometry": { "type": "Point", "coordinates": [ -81.291190524362108, 28.590679884217444 ] } },
{ "type": "Feature", "properties": { "GEOID": "12095016100", "Population": 5035, "median_income": 133438.0, "poverty_rate": "11.129568106312291", "housing_units": 2280, "population_density": "4075.560132527842", "grocery_stores": 0.0, "grocery_stores_per_1000": "0.0", "apartment_count": 0.0, "major_retailers": 0.0, "major_road_segments": 0.0, "population_score": 0.47191011235955055, "income_score": 0.91666666666666663, "apartment_score": 0.30524344569288392, "competition_score": 0.87453183520599254, "road_access_score": 0.58895668275142832, "opportunity_score": 0.56633895131086143, "location_rank": 73, "nearest_grocery_m": 1090.7919378645217, "nearest_grocery_miles": 0.67778668691374977, "nearest_retailer_m": 2294.8553025360702, "nearest_retailer_miles": 1.4259569753490056, "nearest_road_m": 1032.8796934297461, "nearest_road_miles": 0.64180168654417336, "grocery_stores_per_10000": 0.0, "grocery_access_score": 0.55981268740789658, "retail_access_score": 0.38478257953126976, "accessibility_score": 0.53646426396998392, "final_location_score": 0.55737654510859813 }, "geometry": { "type": "Point", "coordinates": [ -81.344109249337777, 28.585270040357674 ] } },
{ "type": "Feature", "properties": { "GEOID": "12095016408", "Population": 2235, "median_income": 70750.0, "poverty_rate": "15.650224215246636", "housing_units": 1088, "population_density": "4665.076960523579", "grocery_stores": 0.0, "grocery_stores_per_1000": "0.0", "apartment_count": 68.0, "major_retailers": 0.0, "major_road_segments": 0.0, "population_score": 0.074906367041198504, "income_score": 0.42045454545454547, "apartment_score": 0.95880149812734083, "competition_score": 0.87453183520599254, "road_access_score": 0.62871795710541178, "opportunity_score": 0.52336780728634658, "location_rank": 74, "nearest_grocery_m": 812.8175898687814, "nearest_grocery_miles": 0.50506143488824107, "nearest_retailer_m": 955.87572003617163, "nearest_retailer_miles": 0.59395363578959604, "nearest_road_m": 884.34095923953839, "nearest_road_miles": 0.54950399618697954, "grocery_stores_per_10000": 0.0, "grocery_access_score": 0.63564522731523687, "retail_access_score": 0.64083279506085478, "accessibility_score": 0.63391183278043051, "final_location_score": 0.55653101493457169 }, "geometry": { "type": "Point", "coordinates": [ -81.280023323477153, 28.60331820906066 ] } },
{ "type": "Feature", "properties": { "GEOID": "12095013604", "Population": 6722, "median_income": 54356.0, "poverty_rate": "21.466825349598334", "housing_units": 3213, "population_density": "9565.558558432931", "grocery_stores": 2.0, "grocery_stores_per_1000": "0.2975304968759298", "apartment_count": 0.0, "major_retailers": 0.0, "major_road_segments": 21.0, "population_score": 0.7640449438202247, "income_score": 0.16287878787878787, "apartment_score": 0.30524344569288392, "competition_score": 0.56741573033707859, "road_access_score": 0.60167136190482584, "opportunity_score": 0.52761533878106914, "location_rank": 75, "nearest_grocery_m": 837.50367773204437, "nearest_grocery_miles": 0.52040065873551233, "nearest_retailer_m": 968.86009032853201, "nearest_retailer_miles": 0.60202174943861098, "nearest_road_m": 983.49205049101511, "nearest_road_miles": 0.61111362796954227, "grocery_stores_per_10000": 2.9753049687592976, "grocery_access_score": 0.62821363550615306, "retail_access_score": 0.63707280436870728, "accessibility_score": 0.61936855983813299, "final_location_score": 0.55514130509818826 }, "geometry": { "type": "Point", "coordinates": [ -81.320446292310521, 28.510526225800891 ] } },
{ "type": "Feature", "properties": { "GEOID": "12095016412", "Population": 5132, "median_income": 84086.0, "poverty_rate": "5.904130943102104", "housing_units": 1789, "population_density": "3308.2108763070187", "grocery_stores": 0.0, "grocery_stores_per_1000": "0.0", "apartment_count": 0.0, "major_retailers": 0.0, "major_road_segments": 12.0, "population_score": 0.50187265917602997, "income_score": 0.56060606060606055, "apartment_score": 0.30524344569288392, "competition_score": 0.87453183520599254, "road_access_score": 0.51587117080304334, "opportunity_score": 0.58278004766768809, "location_rank": 76, "nearest_grocery_m": 1464.8623807159756, "nearest_grocery_miles": 0.91022328396910512, "nearest_retailer_m": 1801.6512499974813, "nearest_retailer_miles": 1.1194941852068179, "nearest_road_m": 1357.7419512524382, "nearest_road_miles": 0.84366173500037167, "grocery_stores_per_10000": 0.0, "grocery_access_score": 0.47940929571869439, "retail_access_score": 0.45571116237644421, "accessibility_score": 0.48925441908398393, "final_location_score": 0.55472235909257683 }, "geometry": { "type": "Point", "coordinates": [ -81.2520422334225, 28.584935288609696 ] } },
{ "type": "Feature", "properties": { "GEOID": "12095013512", "Population": 5037, "median_income": 49500.0, "poverty_rate": "19.356759976176296", "housing_units": 1950, "population_density": "7616.838209147373", "grocery_stores": 12.0, "grocery_stores_per_1000": "2.3823704586063137", "apartment_count": 13.0, "major_retailers": 0.0, "major_road_segments": 45.0, "population_score": 0.47565543071161048, "income_score": 0.094696969696969696, "apartment_score": 0.8089887640449438, "competition_score": 0.1966292134831461, "road_access_score": 0.77223067440698523, "opportunity_score": 0.4777813244807626, "location_rank": 77, "nearest_grocery_m": 448.52386212371391, "nearest_grocery_miles": 0.2786998069547057, "nearest_retailer_m": 1265.884208848493, "nearest_retailer_miles": 0.78658398008660235, "nearest_road_m": 463.70226314821849, "nearest_road_miles": 0.28813122809555847, "grocery_stores_per_10000": 23.823704586063133, "grocery_access_score": 0.76604316422778573, "retail_access_score": 0.56033491634002397, "accessibility_score": 0.72737651872191322, "final_location_score": 0.55265988275310773 }, "geometry": { "type": "Point", "coordinates": [ -81.305328855365801, 28.48818305688194 ] } },
{ "type": "Feature", "properties": { "GEOID": "12095016814", "Population": 5274, "median_income": 59895.0, "poverty_rate": "8.589306029579067", "housing_units": 1909, "population_density": "3696.7136686742992", "grocery_stores": 0.0, "grocery_stores_per_1000": "0.0", "apartment_count": 0.0, "major_retailers": 0.0, "major_road_segments": 13.0, "population_score": 0.52059925093632964, "income_score": 0.27651515151515149, "apartment_score": 0.30524344569288392, "competition_score": 0.87453183520599254, "road_access_score": 0.55105068422106263, "opportunity_score": 0.5479379468845762, "location_rank": 78, "nearest_grocery_m": 1124.8669040272503, "nearest_grocery_miles": 0.6989598892637312, "nearest_retailer_m": 1124.8669040272503, "nearest_retailer_miles": 0.6989598892637312, "nearest_road_m": 1191.9559617050795, "nearest_road_miles": 0.74064709701908327, "grocery_stores_per_10000": 0.0, "grocery_access_score": 0.55157780470871687, "retail_access_score": 0.59468879828408494, "accessibility_score": 0.55998915522872883, "final_location_score": 0.55155330938782199 }, "geometry": { "type": "Point", "coordinates": [ -81.375580169836056, 28.355840881954414 ] } },
{ "type": "Feature", "properties": { "GEOID": "12095017701", "Population": 6202, "median_income": 98125.0, "poverty_rate": "7.368590777168656", "housing_units": 1897, "population_density": "5426.968934151433", "grocery_stores": 0.0, "grocery_stores_per_1000": "0.0", "apartment_count": 0.0, "major_retailers": 0.0, "major_road_segments": 0.0, "population_score": 0.67041198501872656, "income_score": 0.67803030303030298, "apartment_score": 0.30524344569288392, "competition_score": 0.87453183520599254, "road_access_score": 0.42752333022541167, "opportunity_score": 0.58016896493020087, "location_rank": 79, "nearest_grocery_m": 1334.8386442817807, "nearest_grocery_miles": 0.82943027984183659, "nearest_retailer_m": 1334.8386442817807, "nearest_retailer_miles": 0.82943027984183659, "nearest_road_m": 1875.7112076435876, "nearest_road_miles": 1.1655129093864256, "grocery_stores_per_10000": 0.0, "grocery_access_score": 0.50504023361349326, "retail_access_score": 0.54473461890865627, "accessibility_score": 0.48197234931729321, "final_location_score": 0.55070998024632856 }, "geometry": { "type": "Point", "coordinates": [ -81.517014633629998, 28.697437666109025 ] } },
{ "type": "Feature", "properties": { "GEOID": "12095014904", "Population": 7574, "median_income": 54259.0, "poverty_rate": "20.31951412727753", "housing_units": 2617, "population_density": "9315.619138795651", "grocery_stores": 7.0, "grocery_stores_per_1000": "0.9242144177449169", "apartment_count": 1.0, "major_retailers": 3.0, "major_road_segments": 1.0, "population_score": 0.85018726591760296, "income_score": 0.15909090909090909, "apartment_score": 0.63108614232209737, "competition_score": 0.2865168539325843, "road_access_score": 0.50077338116957548, "opportunity_score": 0.49914453524004088, "location_rank": 80, "nearest_grocery_m": 403.39828033843793, "nearest_grocery_miles": 0.25066007040038546, "nearest_retailer_m": 559.70653551970361, "nearest_retailer_miles": 0.34778551727890594, "nearest_road_m": 1435.066055884346, "nearest_road_miles": 0.89170870608418462, "grocery_stores_per_10000": 9.2421441774491679, "grocery_access_score": 0.78548139724074184, "retail_access_score": 0.77719505542510814, "accessibility_score": 0.6699409224491486, "final_location_score": 0.55038345140277323 }, "geometry": { "type": "Point", "coordinates": [ -81.490742271500551, 28.555571733590799 ] } },
{ "type": "Feature", "properties": { "GEOID": "12095017503", "Population": 6668, "median_income": 65927.0, "poverty_rate": "23.590281943611277", "housing_units": 2273, "population_density": "3601.6077934437963", "grocery_stores": 12.0, "grocery_stores_per_1000": "1.799640071985603", "apartment_count": 0.0, "major_retailers": 4.0, "major_road_segments": 97.0, "population_score": 0.74906367041198507, "income_score": 0.36363636363636365, "apartment_score": 0.30524344569288392, "competition_score": 0.1966292134831461, "road_access_score": 0.68522174211165165, "opportunity_score": 0.49977017364657811, "location_rank": 81, "nearest_grocery_m": 799.3106048142497, "nearest_grocery_miles": 0.49666858348137483, "nearest_retailer_m": 796.42607716859948, "nearest_retailer_miles": 0.49487622109915558, "nearest_road_m": 699.8607337721221, "nearest_road_miles": 0.43487329854407886, "grocery_stores_per_10000": 17.99640071985603, "grocery_access_score": 0.6397758963869794, "retail_access_score": 0.69031540549380499, "accessibility_score": 0.66806213649821344, "final_location_score": 0.5502577625020687 }, "geometry": { "type": "Point", "coordinates": [ -81.471482361695308, 28.663863632465969 ] } },
{ "type": "Feature", "properties": { "GEOID": "12095014503", "Population": 5395, "median_income": 28851.0, "poverty_rate": "21.45719489981785", "housing_units": 2234, "population_density": "7697.198341159257", "grocery_stores": 1.0, "grocery_stores_per_1000": "0.18535681186283595", "apartment_count": 6.0, "major_retailers": 0.0, "major_road_segments": 3.0, "population_score": 0.53558052434456926, "income_score": 0.01893939393939394, "apartment_score": 0.75093632958801493, "competition_score": 0.68913857677902624, "road_access_score": 0.60837424631775383, "opportunity_score": 0.52999446714334353, "location_rank": 82, "nearest_grocery_m": 839.0000224892816, "nearest_grocery_miles": 0.52133044426131492, "nearest_retailer_m": 1494.1026758170606, "nearest_retailer_miles": 0.92839236099743783, "nearest_road_m": 958.19198871984008, "nearest_road_miles": 0.59539289842310905, "grocery_stores_per_10000": 1.8535681186283595, "grocery_access_score": 0.62776798755447494, "retail_access_score": 0.5113523070791709, "accessibility_score": 0.59672735496472562, "final_location_score": 0.55001433348975814 }, "geometry": { "type": "Point", "coordinates": [ -81.410171298025162, 28.502760909845531 ] } },
{ "type": "Feature", "properties": { "GEOID": "12095017022", "Population": 10585, "median_income": 60807.0, "poverty_rate": "19.555975436939065", "housing_units": 6832, "population_density": "3813.3034089567136", "grocery_stores": 55.0, "grocery_stores_per_1000": "5.196032120925839", "apartment_count": 5.0, "major_retailers": 8.0, "major_road_segments": 15.0, "population_score": 0.9550561797752809, "income_score": 0.2878787878787879, "apartment_score": 0.73408239700374533, "competition_score": 0.018726591760299671, "road_access_score": 0.4372514763134312, "opportunity_score": 0.53541028260129386, "location_rank": 83, "nearest_grocery_m": 728.64465583272624, "nearest_grocery_miles": 0.45275879851214296, "nearest_retailer_m": 708.93103305479292, "nearest_retailer_miles": 0.4405093212233015, "nearest_road_m": 1809.9834681738284, "nearest_road_miles": 1.1246715855490363, "grocery_stores_per_10000": 51.960321209258382, "grocery_access_score": 0.66216480339024986, "retail_access_score": 0.72036039924316897, "accessibility_score": 0.58383859173010622, "final_location_score": 0.54993877533993751 }, "geometry": { "type": "Point", "coordinates": [ -81.476691460297602, 28.393021253507882 ] } },
{ "type": "Feature", "properties": { "GEOID": "12095016804", "Population": 8439, "median_income": 87475.0, "poverty_rate": "6.694560669456067", "housing_units": 2579, "population_density": "1361.4218081334716", "grocery_stores": 9.0, "grocery_stores_per_1000": "1.0664770707429791", "apartment_count": 0.0, "major_retailers": 1.0, "major_road_segments": 55.0, "population_score": 0.90262172284644193, "income_score": 0.59469696969696972, "apartment_score": 0.30524344569288392, "competition_score": 0.24906367041198507, "road_access_score": 0.50155739145377698, "opportunity_score": 0.57665772897514467, "location_rank": 84, "nearest_grocery_m": 1418.9991477438452, "nearest_grocery_miles": 0.8817251922173539, "nearest_retailer_m": 1815.0771357627912, "nearest_retailer_miles": 1.1278366438516507, "nearest_road_m": 1430.9516325158313, "nearest_road_miles": 0.88915212193032145, "grocery_stores_per_10000": 10.66477070742979, "grocery_access_score": 0.48819883650420665, "retail_access_score": 0.45350984630357116, "accessibility_score": 0.4866044604439077, "final_location_score": 0.54964174841577351 }, "geometry": { "type": "Point", "coordinates": [ -81.357411071106938, 28.415382767764207 ] } },
{ "type": "Feature", "properties": { "GEOID": "12095018000", "Population": 3932, "median_income": 50135.0, "poverty_rate": "21.839080459770116", "housing_units": 1979, "population_density": "4611.236699470496", "grocery_stores": 1.0, "grocery_stores_per_1000": "0.25432349949135297", "apartment_count": 2.0, "major_retailers": 0.0, "major_road_segments": 32.0, "population_score": 0.31086142322097376, "income_score": 0.10227272727272728, "apartment_score": 0.67041198501872656, "competition_score": 0.68913857677902624, "road_access_score": 0.68587708087140686, "opportunity_score": 0.52049072182499145, "location_rank": 85, "nearest_grocery_m": 958.2849676310833, "nearest_grocery_miles": 0.59545067284004116, "nearest_retailer_m": 1569.6862674689755, "nearest_retailer_miles": 0.97535782745576804, "nearest_road_m": 697.88109242813607, "nearest_road_miles": 0.43364320644196397, "grocery_stores_per_10000": 2.5432349949135298, "grocery_access_score": 0.59391316427314822, "retail_access_score": 0.49668007069608272, "accessibility_score": 0.61125211219703868, "final_location_score": 0.54771913893660562 }, "geometry": { "type": "Point", "coordinates": [ -81.378350151736228, 28.612242720900845 ] } },
{ "type": "Feature", "properties": { "GEOID": "12095016713", "Population": 9102, "median_income": 61759.0, "poverty_rate": "22.912665235566603", "housing_units": 3198, "population_density": "4146.51389373777", "grocery_stores": 0.0, "grocery_stores_per_1000": "0.0", "apartment_count": 1.0, "major_retailers": 0.0, "major_road_segments": 0.0, "population_score": 0.92509363295880154, "income_score": 0.31439393939393939, "apartment_score": 0.63108614232209737, "competition_score": 0.87453183520599254, "road_access_score": 0.20910993739907385, "opportunity_score": 0.65446246169560784, "location_rank": 86, "nearest_grocery_m": 2275.6646349282942, "nearest_grocery_miles": 1.4140324473377315, "nearest_retailer_m": 2658.9169962667147, "nearest_retailer_miles": 1.6521744240303593, "nearest_road_m": 4521.7387481418027, "nearest_road_miles": 2.8096781969186218, "grocery_stores_per_10000": 0.0, "grocery_access_score": 0.35828547447957804, "retail_access_score": 0.34294179893529086, "accessibility_score": 0.29554652453851893, "final_location_score": 0.54678768054848115 }, "geometry": { "type": "Point", "coordinates": [ -81.254443006101468, 28.556332247641095 ] } },
{ "type": "Feature", "properties": { "GEOID": "12095017013", "Population": 7473, "median_income": 93443.0, "poverty_rate": "7.654221865382042", "housing_units": 3215, "population_density": "5502.618301015547", "grocery_stores": 9.0, "grocery_stores_per_1000": "1.2043356081894823", "apartment_count": 0.0, "major_retailers": 2.0, "major_road_segments": 11.0, "population_score": 0.83520599250936334, "income_score": 0.63636363636363635, "apartment_score": 0.30524344569288392, "competition_score": 0.24906367041198507, "road_access_score": 0.60073430656633775, "opportunity_score": 0.51830098740211106, "location_rank": 87, "nearest_grocery_m": 881.83711586308493, "nearest_grocery_miles": 0.54794818004297707, "nearest_retailer_m": 1083.989286308898, "nearest_retailer_miles": 0.67355971520625668, "nearest_road_m": 987.06874858743879, "nearest_road_miles": 0.61333608512999005, "grocery_stores_per_10000": 12.043356081894823, "grocery_access_score": 0.61523709879770361, "retail_access_score": 0.60531972707004911, "accessibility_score": 0.60745250755962643, "final_location_score": 0.5450464434493657 }, "geometry": { "type": "Point", "coordinates": [ -81.414731516446821, 28.388808342509346 ] } },
{ "type": "Feature", "properties": { "GEOID": "12095012000", "Population": 8577, "median_income": 60424.0, "poverty_rate": "18.30298702844222", "housing_units": 2437, "population_density": "7141.440161494979", "grocery_stores": 0.0, "grocery_stores_per_1000": "0.0", "apartment_count": 0.0, "major_retailers": 0.0, "major_road_segments": 0.0, "population_score": 0.9101123595505618, "income_score": 0.28030303030303028, "apartment_score": 0.30524344569288392, "competition_score": 0.87453183520599254, "road_access_score": 0.39667003022796615, "opportunity_score": 0.58043496765406877, "location_rank": 88, "nearest_grocery_m": 1273.7729679600488, "nearest_grocery_miles": 0.79148582774102294, "nearest_retailer_m": 1688.5672990006537, "nearest_retailer_miles": 1.0492270757530109, "nearest_road_m": 2101.9709844302865, "nearest_road_miles": 1.3061042166437296, "grocery_stores_per_10000": 0.0, "grocery_access_score": 0.51787564477908021, "retail_access_score": 0.47496372873309972, "accessibility_score": 0.4608110157494385, "final_location_score": 0.54454778208267962 }, "geometry": { "type": "Point", "coordinates": [ -81.443985015515366, 28.567833147088951 ] } },
{ "type": "Feature", "properties": { "GEOID": "12095014100", "Population": 6153, "median_income": 88675.0, "poverty_rate": "10.104302477183833", "housing_units": 2591, "population_density": "2395.8841156965004", "grocery_stores": 18.0, "grocery_stores_per_1000": "2.9254022428083863", "apartment_count": 3.0, "major_retailers": 1.0, "major_road_segments": 96.0, "population_score": 0.6629213483146067, "income_score": 0.60984848484848486, "apartment_score": 0.702247191011236, "competition_score": 0.1292134831460674, "road_access_score": 0.47578351239040023, "opportunity_score": 0.57715143003064351, "location_rank": 89, "nearest_grocery_m": 1535.5183230845507, "nearest_grocery_miles": 0.95412685111731899, "nearest_retailer_m": 1905.9111384646251, "nearest_retailer_miles": 1.1842782764061786, "nearest_road_m": 1572.30839399867, "nearest_road_miles": 0.97698714134372133, "grocery_stores_per_10000": 29.254022428083864, "grocery_access_score": 0.46637001425064545, "retail_access_score": 0.4390583714308337, "accessibility_score": 0.46467308494258508, "final_location_score": 0.54340792650422598 }, "geometry": { "type": "Point", "coordinates": [ -81.351107835581189, 28.46557650212312 ] } },
{ "type": "Feature", "properties": { "GEOID": "12095017117", "Population": 6520, "median_income": 137260.0, "poverty_rate": "8.389570552147239", "housing_units": 2429, "population_density": "2368.9910400247804", "grocery_stores": 6.0, "grocery_stores_per_1000": "0.9202453987730062", "apartment_count": 0.0, "major_retailers": 1.0, "major_road_segments": 17.0, "population_score": 0.7191011235955056, "income_score": 0.93181818181818177, "apartment_score": 0.30524344569288392, "competition_score": 0.33333333333333337, "road_access_score": 0.48262251157160291, "opportunity_score": 0.56898621041879471, "location_rank": 90, "nearest_grocery_m": 1502.1089359626715, "nearest_grocery_miles": 0.93336722040947828, "nearest_retailer_m": 1538.8860342527978, "nearest_retailer_miles": 0.95621944982104368, "nearest_road_m": 1533.5343492001834, "nearest_road_miles": 0.95289406689942202, "grocery_stores_per_10000": 9.2024539877300615, "grocery_access_score": 0.47246178090470431, "retail_access_score": 0.50257394167725744, "accessibility_score": 0.48254850532597438, "final_location_score": 0.5430548988909486 }, "geometry": { "type": "Point", "coordinates": [ -81.603057550421966, 28.517561256183221 ] } },
{ "type": "Feature", "properties": { "GEOID": "12095014804", "Population": 5666, "median_income": 55103.0, "poverty_rate": "8.364678488267955", "housing_units": 2256, "population_density": "2006.7867081410743", "grocery_stores": 14.0, "grocery_stores_per_1000": "2.4708789269325804", "apartment_count": 7.0, "major_retailers": 2.0, "major_road_segments": 39.0, "population_score": 0.5842696629213483, "income_score": 0.17803030303030304, "apartment_score": 0.76591760299625467, "competition_score": 0.1685393258426966, "road_access_score": 0.57952831804587934, "opportunity_score": 0.49449480762683007, "location_rank": 91, "nearest_grocery_m": 433.62020965628858, "nearest_grocery_miles": 0.26943910665233073, "nearest_retailer_m": 1249.9762159264621, "nearest_retailer_miles": 0.77669921155853694, "nearest_road_m": 1070.734561404832, "nearest_road_miles": 0.66532361098983928, "grocery_stores_per_10000": 24.708789269325802, "grocery_access_score": 0.77236807052473844, "retail_access_score": 0.5640407678543643, "accessibility_score": 0.65356670899911995, "final_location_score": 0.54221637803851697 }, "geometry": { "type": "Point", "coordinates": [ -81.523023309192567, 28.542009598939842 ] } },
{ "type": "Feature", "properties": { "GEOID": "12095017109", "Population": 5571, "median_income": 146839.0, "poverty_rate": "0.5767844268204758", "housing_units": 2357, "population_density": "1987.1125673025713", "grocery_stores": 0.0, "grocery_stores_per_1000": "0.0", "apartment_count": 0.0, "major_retailers": 0.0, "major_road_segments": 0.0, "population_score": 0.56554307116104874, "income_score": 0.93939393939393945, "apartment_score": 0.30524344569288392, "competition_score": 0.87453183520599254, "road_access_score": 0.31391103508427293, "opportunity_score": 0.59315628192032688, "location_rank": 92, "nearest_grocery_m": 1465.8727539289384, "nearest_grocery_miles": 0.91085110077704856, "nearest_retailer_m": 1503.4374894071821, "nearest_retailer_miles": 0.93419274524724483, "nearest_road_m": 2884.5628840281188, "nearest_road_miles": 1.7923842783321147, "grocery_stores_per_10000": 0.0, "grocery_access_score": 0.47921861240251018, "retail_access_score": 0.50950167337482677, "accessibility_score": 0.41915219366967865, "final_location_score": 0.54095505544513234 }, "geometry": { "type": "Point", "coordinates": [ -81.511611531433687, 28.452894404040329 ] } },
{ "type": "Feature", "properties": { "GEOID": "12095015300", "Population": 3678, "median_income": 98359.0, "poverty_rate": "7.694532831935204", "housing_units": 1812, "population_density": "2459.526225952688", "grocery_stores": 6.0, "grocery_stores_per_1000": "1.6313213703099512", "apartment_count": 0.0, "major_retailers": 1.0, "major_road_segments": 50.0, "population_score": 0.25842696629213485, "income_score": 0.68560606060606055, "apartment_score": 0.30524344569288392, "competition_score": 0.33333333333333337, "road_access_score": 0.90235001478477361, "opportunity_score": 0.44778472931562818, "location_rank": 93, "nearest_grocery_m": 620.91969044113114, "nearest_grocery_miles": 0.38582160833304197, "nearest_retailer_m": 1162.6125808653401, "nearest_retailer_miles": 0.72241396548242021, "nearest_road_m": 188.70925446975053, "nearest_road_miles": 0.11725849443608732, "grocery_stores_per_10000": 16.31321370309951, "grocery_access_score": 0.69902497678499964, "retail_access_score": 0.58515081573433736, "accessibility_score": 0.75758015977477688, "final_location_score": 0.54072335845337283 }, "geometry": { "type": "Point", "coordinates": [ -81.389949361969755, 28.594633525747252 ] } },
{ "type": "Feature", "properties": { "GEOID": "12095017901", "Population": 6455, "median_income": 106690.0, "poverty_rate": "4.653341661461587", "housing_units": 2420, "population_density": "211.0487692930063", "grocery_stores": 0.0, "grocery_stores_per_1000": "0.0", "apartment_count": 0.0, "major_retailers": 0.0, "major_road_segments": 14.0, "population_score": 0.71535580524344566, "income_score": 0.73484848484848486, "apartment_score": 0.30524344569288392, "competition_score": 0.87453183520599254, "road_access_score": 0.33406566323305403, "opportunity_score": 0.66846697310180458, "location_rank": 94, "nearest_grocery_m": 4091.3979086841291, "nearest_grocery_miles": 2.5422767964363922, "nearest_retailer_m": 7193.266219994819, "nearest_retailer_miles": 4.4696884071987215, "nearest_road_m": 2665.0588216730671, "nearest_road_miles": 1.6559907774056182, "grocery_stores_per_10000": 0.0, "grocery_access_score": 0.21201108017571485, "retail_access_score": 0.11180969840447177, "accessibility_score": 0.24079263704440193, "final_location_score": 0.54016467228458376 }, "geometry": { "type": "Point", "coordinates": [ -81.609452108925254, 28.700194116052696 ] } },
{ "type": "Feature", "properties": { "GEOID": "12095013607", "Population": 5348, "median_income": 70275.0, "poverty_rate": "10.37771129394166", "housing_units": 2133, "population_density": "4046.612872226861", "grocery_stores": 8.0, "grocery_stores_per_1000": "1.4958863126402393", "apartment_count": 2.0, "major_retailers": 2.0, "major_road_segments": 35.0, "population_score": 0.5280898876404494, "income_score": 0.4128787878787879, "apartment_score": 0.67041198501872656, "competition_score": 0.26779026217228463, "road_access_score": 0.60610674218312277, "opportunity_score": 0.51857975825672453, "location_rank": 95, "nearest_grocery_m": 1030.3635796167573, "nearest_grocery_miles": 0.6402382459043916, "nearest_retailer_m": 1146.1538986456692, "nearest_retailer_miles": 0.71218701448892785, "nearest_road_m": 966.6952467473302, "nearest_road_miles": 0.60067657800155227, "grocery_stores_per_10000": 14.958863126402393, "grocery_access_score": 0.57493920548712008, "retail_access_score": 0.58927764301694219, "accessibility_score": 0.59027390767148558, "final_location_score": 0.54008800308115279 }, "geometry": { "type": "Point", "coordinates": [ -81.320150680558115, 28.488312132339594 ] } },
{ "type": "Feature", "properties": { "GEOID": "12095015701", "Population": 2211, "median_income": 129167.0, "poverty_rate": "7.930720145852324", "housing_units": 1065, "population_density": "3844.007238452801", "grocery_stores": 1.0, "grocery_stores_per_1000": "0.4522840343735866", "apartment_count": 0.0, "major_retailers": 0.0, "major_road_segments": 23.0, "population_score": 0.06741573033707865, "income_score": 0.90530303030303028, "apartment_score": 0.30524344569288392, "competition_score": 0.68913857677902624, "road_access_score": 0.65635347554665979, "opportunity_score": 0.49778047327204633, "location_rank": 96, "nearest_grocery_m": 861.32069227401109, "nearest_grocery_miles": 0.53519986545698806, "nearest_retailer_m": 984.76273933366485, "nearest_retailer_miles": 0.61190319741066224, "nearest_road_m": 790.569007204115, "nearest_road_miles": 0.49123680655230639, "grocery_stores_per_10000": 4.522840343735866, "grocery_access_score": 0.62118443061040174, "retail_access_score": 0.63251902401663995, "accessibility_score": 0.63751896726615265, "final_location_score": 0.53970202147027813 }, "geometry": { "type": "Point", "coordinates": [ -81.355679139480301, 28.622018074632617 ] } },
{ "type": "Feature", "properties": { "GEOID": "12095016750", "Population": 12106, "median_income": 117609.0, "poverty_rate": "2.6984521148911513", "housing_units": 4233, "population_density": "3065.400117911902", "grocery_stores": 12.0, "grocery_stores_per_1000": "0.9912440112340988", "apartment_count": 56.0, "major_retailers": 2.0, "major_road_segments": 0.0, "population_score": 0.96254681647940077, "income_score": 0.81818181818181823, "apartment_score": 0.9382022471910112, "competition_score": 0.1966292134831461, "road_access_score": 0.10537486777522195, "opportunity_score": 0.63134150493701047, "location_rank": 97, "nearest_grocery_m": 1577.5759837813314, "nearest_grocery_miles": 0.98026026988719084, "nearest_retailer_m": 1577.5759837813314, "nearest_retailer_miles": 0.98026026988719084, "nearest_road_m": 7979.5284575306869, "nearest_road_miles": 4.9582491111475777, "grocery_stores_per_10000": 9.9124401123409882, "grocery_access_score": 0.45888294344691344, "retail_access_score": 0.4951886392152362, "accessibility_score": 0.32474085233190142, "final_location_score": 0.53936130915547775 }, "geometry": { "type": "Point", "coordinates": [ -81.141547948969176, 28.524405874017059 ] } },
{ "type": "Feature", "properties": { "GEOID": "12095010202", "Population": 3988, "median_income": 101599.0, "poverty_rate": "12.45859872611465", "housing_units": 2872, "population_density": "10574.237182257093", "grocery_stores": 13.0, "grocery_stores_per_1000": "3.259779338014042", "apartment_count": 2.0, "major_retailers": 1.0, "major_road_segments": 1.0, "population_score": 0.3146067415730337, "income_score": 0.71590909090909094, "apartment_score": 0.67041198501872656, "competition_score": 0.18164794007490637, "road_access_score": 0.64241416452661948, "opportunity_score": 0.43042007150153216, "location_rank": 98, "nearest_grocery_m": 91.45301965153331, "nearest_grocery_miles": 0.056826271854577587, "nearest_retailer_m": 549.6907575436702, "nearest_retailer_miles": 0.34156200137675363, "nearest_road_m": 836.96890993798922, "nearest_road_miles": 0.52006836943375012, "grocery_stores_per_10000": 32.597793380140423, "grocery_access_score": 0.94806523106877882, "retail_access_score": 0.78129108538686687, "accessibility_score": 0.79244997531553274, "final_location_score": 0.53902904264573226 }, "geometry": { "type": "Point", "coordinates": [ -81.367355818014474, 28.543584572510596 ] } },
{ "type": "Feature", "properties": { "GEOID": "12095016510", "Population": 5319, "median_income": 24533.0, "poverty_rate": "58.120248790601245", "housing_units": 1767, "population_density": "6665.51516010662", "grocery_stores": 16.0, "grocery_stores_per_1000": "3.008084226358338", "apartment_count": 111.0, "major_retailers": 0.0, "major_road_segments": 40.0, "population_score": 0.52434456928838946, "income_score": 0.011363636363636364, "apartment_score": 0.9887640449438202, "competition_score": 0.14232209737827717, "road_access_score": 0.7286808321238093, "opportunity_score": 0.49421390875042553, "location_rank": 99, "nearest_grocery_m": 617.49906326423707, "nearest_grocery_miles": 0.38369612914593587, "nearest_retailer_m": 2508.5060474825027, "nearest_retailer_miles": 1.5587133934587649, "nearest_road_m": 575.54104490350915, "nearest_road_miles": 0.35762462525321442, "grocery_stores_per_10000": 30.080842263583381, "grocery_access_score": 0.70025382867245878, "retail_access_score": 0.35933129860022339, "accessibility_score": 0.643440124038552, "final_location_score": 0.53898177333686337 }, "geometry": { "type": "Point", "coordinates": [ -81.215049178727256, 28.591345737957894 ] } },
{ "type": "Feature", "properties": { "GEOID": "12095017301", "Population": 2684, "median_income": 97361.0, "poverty_rate": "3.299203640500569", "housing_units": 1338, "population_density": "2849.426012877394", "grocery_stores": 0.0, "grocery_stores_per_1000": "0.0", "apartment_count": 0.0, "major_retailers": 0.0, "major_road_segments": 10.0, "population_score": 0.14981273408239701, "income_score": 0.67045454545454541, "apartment_score": 0.30524344569288392, "competition_score": 0.87453183520599254, "road_access_score": 0.72455224454915679, "opportunity_score": 0.50562436159346269, "location_rank": 100, "nearest_grocery_m": 968.30966045265984, "nearest_grocery_miles": 0.60167972817039728, "nearest_retailer_m": 1836.303609085463, "nearest_retailer_miles": 1.1410261628871534, "nearest_road_m": 586.77296005738867, "nearest_road_miles": 0.36460381376348916, "grocery_stores_per_10000": 0.0, "grocery_access_score": 0.59121073792129575, "retail_access_score": 0.450064542240946, "accessibility_score": 0.61631810143637022, "final_location_score": 0.53883248354633495 }, "geometry": { "type": "Point", "coordinates": [ -81.600340420473216, 28.567021044250932 ] } },
{ "type": "Feature", "properties": { "GEOID": "12095012303", "Population": 9190, "median_income": 86333.0, "poverty_rate": "20.686263796306413", "housing_units": 2568, "population_density": "5550.45424357367", "grocery_stores": 0.0, "grocery_stores_per_1000": "0.0", "apartment_count": 0.0, "major_retailers": 0.0, "major_road_segments": 0.0, "population_score": 0.93258426966292129, "income_score": 0.58333333333333337, "apartment_score": 0.30524344569288392, "competition_score": 0.87453183520599254, "road_access_score": 0.2062356610810224, "opportunity_score": 0.63150749063670419, "location_rank": 101, "nearest_grocery_m": 1651.9490406473053, "nearest_grocery_miles": 1.0264735449023361, "nearest_retailer_m": 3309.7440557599589, "nearest_retailer_miles": 2.0565796099279949, "nearest_road_m": 4583.6161737028242, "nearest_road_miles": 2.8481270466120505, "grocery_stores_per_10000": 0.0, "grocery_access_score": 0.44611578426826998, "retail_access_score": 0.28357580039541108, "accessibility_score": 0.31765573821879922, "final_location_score": 0.53735196491133264 }, "geometry": { "type": "Point", "coordinates": [ -81.486246388205871, 28.602577664048347 ] } },
{ "type": "Feature", "properties": { "GEOID": "12095014805", "Population": 6198, "median_income": 70844.0, "poverty_rate": "21.784734548975308", "housing_units": 2307, "population_density": "5103.613059637836", "grocery_stores": 3.0, "grocery_stores_per_1000": "0.484027105517909", "apartment_count": 0.0, "major_retailers": 2.0, "major_road_segments": 1.0, "population_score": 0.66666666666666663, "income_score": 0.42803030303030304, "apartment_score": 0.30524344569288392, "competition_score": 0.49250936329588013, "road_access_score": 0.47070355026763411, "opportunity_score": 0.47993488253319716, "location_rank": 102, "nearest_grocery_m": 415.83271436422035, "nearest_grocery_miles": 0.25838646949578237, "nearest_retailer_m": 396.22086641239702, "nearest_retailer_miles": 0.24620023215198056, "nearest_road_m": 1601.7344717275969, "nearest_road_miles": 0.99527165834501319, "grocery_stores_per_10000": 4.8402710551790902, "grocery_access_score": 0.78003869529860126, "retail_access_score": 0.84916995142385732, "accessibility_score": 0.67013088851126557, "final_location_score": 0.53699368432661765 }, "geometry": { "type": "Point", "coordinates": [ -81.489691526471972, 28.546291241033057 ] } },
{ "type": "Feature", "properties": { "GEOID": "12095013513", "Population": 4490, "median_income": 45598.0, "poverty_rate": "18.485523385300667", "housing_units": 2270, "population_density": "8552.392008116245", "grocery_stores": 0.0, "grocery_stores_per_1000": "0.0", "apartment_count": 0.0, "major_retailers": 0.0, "major_road_segments": 7.0, "population_score": 0.39325842696629215, "income_score": 0.071969696969696975, "apartment_score": 0.30524344569288392, "competition_score": 0.87453183520599254, "road_access_score": 0.72235011690341078, "opportunity_score": 0.46716249574395641, "location_rank": 103, "nearest_grocery_m": 696.3162118742124, "nearest_grocery_miles": 0.4326708347464634, "nearest_retailer_m": 770.26361251004732, "nearest_retailer_miles": 0.47861961924240393, "nearest_road_m": 592.81125251355138, "nearest_road_miles": 0.36835583474605266, "grocery_stores_per_10000": 0.0, "grocery_access_score": 0.67286487590651056, "retail_access_score": 0.69906780084307452, "accessibility_score": 0.69789955729258346, "final_location_score": 0.53638361420854452 }, "geometry": { "type": "Point", "coordinates": [ -81.304092929117857, 28.505048897829482 ] } },
{ "type": "Feature", "properties": { "GEOID": "12095014706", "Population": 5879, "median_income": 78204.0, "poverty_rate": "22.980098656234055", "housing_units": 2766, "population_density": "6082.645341021125", "grocery_stores": 26.0, "grocery_stores_per_1000": "4.42252083687702", "apartment_count": 25.0, "major_retailers": 2.0, "major_road_segments": 9.0, "population_score": 0.6179775280898876, "income_score": 0.51136363636363635, "apartment_score": 0.87265917602996257, "competition_score": 0.071161048689138529, "road_access_score": 0.49753292275698346, "opportunity_score": 0.50891428328226085, "location_rank": 104, "nearest_grocery_m": 542.54875001828771, "nearest_grocery_miles": 0.33712416364573872, "nearest_retailer_m": 1386.796465265832, "nearest_retailer_miles": 0.86171537301275047, "nearest_road_m": 1452.1905210237855, "nearest_road_miles": 0.90234935540430483, "grocery_stores_per_10000": 44.225208368770197, "grocery_access_score": 0.72816016620881774, "retail_access_score": 0.53345403055707385, "accessibility_score": 0.59696804169773532, "final_location_score": 0.53533041080690313 }, "geometry": { "type": "Point", "coordinates": [ -81.473965929187699, 28.505372508085173 ] } },
{ "type": "Feature", "properties": { "GEOID": "12095016810", "Population": 9083, "median_income": 97484.0, "poverty_rate": "7.282632866355349", "housing_units": 3889, "population_density": "1832.4830382840473", "grocery_stores": 3.0, "grocery_stores_per_1000": "0.3302873499944952", "apartment_count": 0.0, "major_retailers": 0.0, "major_road_segments": 7.0, "population_score": 0.9213483146067416, "income_score": 0.6742424242424242, "apartment_score": 0.30524344569288392, "competition_score": 0.49250936329588013, "road_access_score": 0.34525039984380618, "opportunity_score": 0.59402025876744979, "location_rank": 105, "nearest_grocery_m": 1442.2462956877757, "nearest_grocery_miles": 0.89617030025139166, "nearest_retailer_m": 2780.3419965484018, "nearest_retailer_miles": 1.7276244212228098, "nearest_road_m": 2552.253512667824, "nearest_road_miles": 1.5858968080583293, "grocery_stores_per_10000": 3.3028734999449521, "grocery_access_score": 0.48371057663955647, "retail_access_score": 0.330530094346695, "accessibility_score": 0.39769040946268408, "final_location_score": 0.53512130397602009 }, "geometry": { "type": "Point", "coordinates": [ -81.335365157574486, 28.379497161897234 ] } },
{ "type": "Feature", "properties": { "GEOID": "12095018700", "Population": 5512, "median_income": 39122.0, "poverty_rate": "31.61708619374523", "housing_units": 2389, "population_density": "1480.9231198068285", "grocery_stores": 6.0, "grocery_stores_per_1000": "1.0885341074020318", "apartment_count": 0.0, "major_retailers": 3.0, "major_road_segments": 73.0, "population_score": 0.550561797752809, "income_score": 0.030303030303030304, "apartment_score": 0.30524344569288392, "competition_score": 0.33333333333333337, "road_access_score": 0.81053619729787851, "opportunity_score": 0.42898365679264561, "location_rank": 106, "nearest_grocery_m": 499.73208312648046, "nearest_grocery_miles": 0.31051912029154766, "nearest_retailer_m": 499.73208312648046, "nearest_retailer_miles": 0.31051912029154766, "nearest_road_m": 374.38783790262244, "nearest_road_miles": 0.23263381719671022, "grocery_stores_per_10000": 10.885341074020319, "grocery_access_score": 0.74499231692321166, "retail_access_score": 0.80230305510045674, "accessibility_score": 0.78267201670852748, "final_location_score": 0.53509016476741011 }, "geometry": { "type": "Point", "coordinates": [ -81.419454984490741, 28.564080105153213 ] } },
{ "type": "Feature", "properties": { "GEOID": "12095012404", "Population": 6259, "median_income": 78209.0, "poverty_rate": "13.455258001306337", "housing_units": 1983, "population_density": "9039.662062739433", "grocery_stores": 1.0, "grocery_stores_per_1000": "0.15976993129892952", "apartment_count": 0.0, "major_retailers": 0.0, "major_road_segments": 0.0, "population_score": 0.67790262172284643, "income_score": 0.51515151515151514, "apartment_score": 0.30524344569288392, "competition_score": 0.68913857677902624, "road_access_score": 0.53495077570536465, "opportunity_score": 0.51126149131767107, "location_rank": 107, "nearest_grocery_m": 786.04257663798887, "nearest_grocery_miles": 0.48842421299485311, "nearest_retailer_m": 1147.9030558839409, "nearest_retailer_miles": 0.71327389040748335, "nearest_road_m": 1265.4683930817264, "nearest_road_miles": 0.78632560414785546, "grocery_stores_per_10000": 1.5976993129892954, "grocery_access_score": 0.64387884303846044, "retail_access_score": 0.58883672197380466, "accessibility_score": 0.58929919189229096, "final_location_score": 0.53467280149005703 }, "geometry": { "type": "Point", "coordinates": [ -81.444657652625125, 28.606636913312663 ] } },
{ "type": "Feature", "properties": { "GEOID": "12095015001", "Population": 1950, "median_income": 92963.0, "poverty_rate": "18.871794871794872", "housing_units": 474, "population_density": "1012.0723450187596", "grocery_stores": 0.0, "grocery_stores_per_1000": "0.0", "apartment_count": 6.0, "major_retailers": 1.0, "major_road_segments": 6.0, "population_score": 0.0449438202247191, "income_score": 0.62878787878787878, "apartment_score": 0.75093632958801493, "competition_score": 0.87453183520599254, "road_access_score": 0.4712780756200598, "opportunity_score": 0.54909346271705828, "location_rank": 108, "nearest_grocery_m": 1530.6090556119718, "nearest_grocery_miles": 0.95107637373487075, "nearest_retailer_m": 1030.0068601672815, "nearest_retailer_miles": 0.64001659071477657, "nearest_road_m": 1598.3792188346226, "nearest_road_miles": 0.99318680085464794, "grocery_stores_per_10000": 0.0, "grocery_access_score": 0.46725703039838135, "retail_access_score": 0.61986336032737333, "accessibility_score": 0.49938671447285121, "final_location_score": 0.53418143824379616 }, "geometry": { "type": "Point", "coordinates": [ -81.551142117325455, 28.586016027004447 ] } },
{ "type": "Feature", "properties": { "GEOID": "12095017504", "Population": 9673, "median_income": 71976.0, "poverty_rate": "10.429829104091144", "housing_units": 3502, "population_density": "2057.2710359506973", "grocery_stores": 5.0, "grocery_stores_per_1000": "0.5169027189083014", "apartment_count": 0.0, "major_retailers": 2.0, "major_road_segments": 13.0, "population_score": 0.9438202247191011, "income_score": 0.45833333333333331, "apartment_score": 0.30524344569288392, "competition_score": 0.39513108614232206, "road_access_score": 0.45539432924444651, "opportunity_score": 0.56116573033707873, "location_rank": 109, "nearest_grocery_m": 1527.7722720391778, "nearest_grocery_miles": 0.94931367814412437, "nearest_retailer_m": 1527.7722720391778, "nearest_retailer_miles": 0.94931367814412437, "nearest_road_m": 1693.80059415699, "nearest_road_miles": 1.0524788946036334, "grocery_stores_per_10000": 5.1690271890830148, "grocery_access_score": 0.46777085164325571, "retail_access_score": 0.50472906321811228, "accessibility_score": 0.47021188499870337, "final_location_score": 0.53387957673556607 }, "geometry": { "type": "Point", "coordinates": [ -81.484022586980103, 28.644781111868127 ] } },
{ "type": "Feature", "properties": { "GEOID": "12095016504", "Population": 5087, "median_income": 50737.0, "poverty_rate": "26.6734486266531", "housing_units": 2027, "population_density": "3309.4055061779745", "grocery_stores": 4.0, "grocery_stores_per_1000": "0.7863180656575586", "apartment_count": 75.0, "major_retailers": 0.0, "major_road_segments": 7.0, "population_score": 0.48314606741573035, "income_score": 0.10984848484848485, "apartment_score": 0.97378277153558057, "competition_score": 0.449438202247191, "road_access_score": 0.59948905165372846, "opportunity_score": 0.52275068096697319, "location_rank": 110, "nearest_grocery_m": 1199.8321656818594, "nearest_grocery_miles": 0.74554114327443932, "nearest_retailer_m": 1397.8507567721324, "nearest_retailer_miles": 0.86858419130535947, "nearest_road_m": 991.8371284603212, "nearest_road_miles": 0.61629901901664352, "grocery_stores_per_10000": 7.8631806565755857, "grocery_access_score": 0.53416419928992565, "retail_access_score": 0.53110431697223481, "accessibility_score": 0.55968216377190871, "final_location_score": 0.53383012580845379 }, "geometry": { "type": "Point", "coordinates": [ -81.234909770221677, 28.588505599775289 ] } },
{ "type": "Feature", "properties": { "GEOID": "12095012307", "Population": 6889, "median_income": 48826.0, "poverty_rate": "23.35468841001747", "housing_units": 2352, "population_density": "5598.240963880257", "grocery_stores": 1.0, "grocery_stores_per_1000": "0.14515894904920887", "apartment_count": 47.0, "major_retailers": 0.0, "major_road_segments": 0.0, "population_score": 0.79400749063670417, "income_score": 0.090909090909090912, "apartment_score": 0.91760299625468167, "competition_score": 0.68913857677902624, "road_access_score": 0.24403745057738258, "opportunity_score": 0.59912325502213148, "location_rank": 111, "nearest_grocery_m": 1162.0432177495502, "nearest_grocery_miles": 0.72206017964434588, "nearest_retailer_m": 2857.0454260302008, "nearest_retailer_miles": 1.7752857226486076, "nearest_road_m": 3857.9286833833803, "nearest_road_miles": 2.3972057455605391, "grocery_stores_per_10000": 1.4515894904920887, "grocery_access_score": 0.54282440564812662, "retail_access_score": 0.32303749551040695, "accessibility_score": 0.37935224159228509, "final_location_score": 0.53319195099317751 }, "geometry": { "type": "Point", "coordinates": [ -81.459649697608171, 28.587163307019768 ] } },
{ "type": "Feature", "properties": { "GEOID": "12095013201", "Population": 4648, "median_income": 66189.0, "poverty_rate": "20.147313691507797", "housing_units": 1648, "population_density": "4255.259302574166", "grocery_stores": 2.0, "grocery_stores_per_1000": "0.43029259896729777", "apartment_count": 0.0, "major_retailers": 1.0, "major_road_segments": 15.0, "population_score": 0.42696629213483145, "income_score": 0.36742424242424243, "apartment_score": 0.30524344569288392, "competition_score": 0.56741573033707859, "road_access_score": 0.70031229760816838, "opportunity_score": 0.46672412325502211, "location_rank": 112, "nearest_grocery_m": 685.33308094408153, "nearest_grocery_miles": 0.42584623358590923, "nearest_retailer_m": 862.42909803175655, "nearest_retailer_miles": 0.53588859686416113, "nearest_road_m": 655.12017787954244, "nearest_road_miles": 0.40707280598774559, "grocery_stores_per_10000": 4.3029259896729775, "grocery_access_score": 0.67656868762946221, "retail_access_score": 0.66905806967817705, "accessibility_score": 0.68456400803068773, "final_location_score": 0.53207608868772183 }, "geometry": { "type": "Point", "coordinates": [ -81.303913422407305, 28.548758701238992 ] } },
{ "type": "Feature", "properties": { "GEOID": "12095016514", "Population": 6764, "median_income": 117809.0, "poverty_rate": "10.629804849201657", "housing_units": 2535, "population_density": "3219.9909561502327", "grocery_stores": 0.0, "grocery_stores_per_1000": "0.0", "apartment_count": 0.0, "major_retailers": 0.0, "major_road_segments": 0.0, "population_score": 0.7752808988764045, "income_score": 0.82196969696969702, "apartment_score": 0.30524344569288392, "competition_score": 0.87453183520599254, "road_access_score": 0.26581458926790247, "opportunity_score": 0.6279771024855294, "location_rank": 113, "nearest_grocery_m": 2492.0005127950276, "nearest_grocery_miles": 1.5484573296914939, "nearest_retailer_m": 3594.5457955710067, "nearest_retailer_miles": 2.2335472065456523, "nearest_road_m": 3512.1960453712504, "nearest_road_miles": 2.1823774440835835, "grocery_stores_per_10000": 0.0, "grocery_access_score": 0.33406124709106744, "retail_access_score": 0.26226804557915545, "accessibility_score": 0.29240394365941907, "final_location_score": 0.52730515483769624 }, "geometry": { "type": "Point", "coordinates": [ -81.171650332267902, 28.602321572649057 ] } },
{ "type": "Feature", "properties": { "GEOID": "12095015202", "Population": 6887, "median_income": 43610.0, "poverty_rate": "17.468019408910454", "housing_units": 2589, "population_density": "3393.7932924892743", "grocery_stores": 8.0, "grocery_stores_per_1000": "1.1616088282270944", "apartment_count": 0.0, "major_retailers": 0.0, "major_road_segments": 79.0, "population_score": 0.7865168539325843, "income_score": 0.056818181818181816, "apartment_score": 0.30524344569288392, "competition_score": 0.26779026217228463, "road_access_score": 0.72459616345682731, "opportunity_score": 0.47865381341504937, "location_rank": 114, "nearest_grocery_m": 907.76283857327871, "nearest_grocery_miles": 0.56405767727302469, "nearest_retailer_m": 1408.7744849164771, "nearest_retailer_miles": 0.87537188128608745, "nearest_road_m": 586.65287002340926, "nearest_road_miles": 0.3645291932758995, "grocery_stores_per_10000": 11.616088282270946, "grocery_access_score": 0.60786037465235032, "retail_access_score": 0.52879926467498617, "accessibility_score": 0.63874246817866831, "final_location_score": 0.526680409844135 }, "geometry": { "type": "Point", "coordinates": [ -81.40683113593893, 28.610677581736059 ] } },
{ "type": "Feature", "properties": { "GEOID": "12095013510", "Population": 2403, "median_income": 58125.0, "poverty_rate": "17.478152309612984", "housing_units": 1167, "population_density": "14373.735960151871", "grocery_stores": 0.0, "grocery_stores_per_1000": "0.0", "apartment_count": 0.0, "major_retailers": 0.0, "major_road_segments": 7.0, "population_score": 0.10112359550561797, "income_score": 0.23484848484848486, "apartment_score": 0.30524344569288392, "competition_score": 0.87453183520599254, "road_access_score": 0.82682406635839711, "opportunity_score": 0.41856060606060608, "location_rank": 115, "nearest_grocery_m": 418.2442699946497, "nearest_grocery_miles": 0.25988494069300888, "nearest_retailer_m": 827.44474115405069, "nearest_retailer_miles": 0.5141503253214047, "nearest_road_m": 338.70048318224184, "nearest_road_miles": 0.21045872304631069, "grocery_stores_per_10000": 0.0, "grocery_access_score": 0.77899085713079363, "retail_access_score": 0.68018192045937664, "accessibility_score": 0.77836235348755167, "final_location_score": 0.52650113028868972 }, "geometry": { "type": "Point", "coordinates": [ -81.30674034386054, 28.514393502246232 ] } },
{ "type": "Feature", "properties": { "GEOID": "12095016513", "Population": 4582, "median_income": 63017.0, "poverty_rate": "16.73585317893817", "housing_units": 2025, "population_density": "2378.6047932412357", "grocery_stores": 1.0, "grocery_stores_per_1000": "0.21824530772588388", "apartment_count": 6.0, "major_retailers": 0.0, "major_road_segments": 4.0, "population_score": 0.42322097378277151, "income_score": 0.33333333333333331, "apartment_score": 0.75093632958801493, "competition_score": 0.68913857677902624, "road_access_score": 0.45752467479517189, "opportunity_score": 0.55074906367041199, "location_rank": 116, "nearest_grocery_m": 1538.5685405117242, "nearest_grocery_miles": 0.9560221683566249, "nearest_retailer_m": 1538.5685405117242, "nearest_retailer_miles": 0.9560221683566249, "nearest_road_m": 1680.6742375370152, "nearest_road_miles": 1.0443225547409474, "grocery_stores_per_10000": 2.1824530772588391, "grocery_access_score": 0.46582028844171247, "retail_access_score": 0.50263529721873035, "accessibility_score": 0.46986504473849988, "final_location_score": 0.5264838579908383 }, "geometry": { "type": "Point", "coordinates": [ -81.190467676959983, 28.580728509367329 ] } },
{ "type": "Feature", "properties": { "GEOID": "12095015002", "Population": 6758, "median_income": 101250.0, "poverty_rate": "15.433560224918615", "housing_units": 2284, "population_density": "3411.3760966591076", "grocery_stores": 0.0, "grocery_stores_per_1000": "0.0", "apartment_count": 0.0, "major_retailers": 0.0, "major_road_segments": 0.0, "population_score": 0.77153558052434457, "income_score": 0.70454545454545459, "apartment_score": 0.30524344569288392, "competition_score": 0.87453183520599254, "road_access_score": 0.24834438655572413, "opportunity_score": 0.60942713653387814, "location_rank": 117, "nearest_grocery_m": 2066.4346155134494, "nearest_grocery_miles": 1.2840229407220889, "nearest_retailer_m": 2298.7254610169375, "nearest_retailer_miles": 1.4283617803384097, "nearest_road_m": 3785.8978689674755, "nearest_road_miles": 2.352447872529102, "grocery_stores_per_10000": 0.0, "grocery_access_score": 0.38442647972613581, "retail_access_score": 0.38429679661662636, "accessibility_score": 0.32996770583606927, "final_location_score": 0.52558930732453546 }, "geometry": { "type": "Point", "coordinates": [ -81.527814992567926, 28.596260146539798 ] } },
{ "type": "Feature", "properties": { "GEOID": "12095015003", "Population": 7374, "median_income": 87956.0, "poverty_rate": "16.5441686312578", "housing_units": 2088, "population_density": "5584.634242899454", "grocery_stores": 1.0, "grocery_stores_per_1000": "0.13561160835367508", "apartment_count": 0.0, "major_retailers": 0.0, "major_road_segments": 0.0, "population_score": 0.82771535580524347, "income_score": 0.59848484848484851, "apartment_score": 0.30524344569288392, "competition_score": 0.68913857677902624, "road_access_score": 0.33038304676729668, "opportunity_score": 0.56121467483827037, "location_rank": 118, "nearest_grocery_m": 1315.4283772330903, "nearest_grocery_miles": 0.81736929906414679, "nearest_retailer_m": 1411.0707811027492, "nearest_retailer_miles": 0.87679873358508131, "nearest_road_m": 2703.5506950029294, "nearest_road_miles": 1.6799085186280431, "grocery_stores_per_10000": 1.3561160835367507, "grocery_access_score": 0.50906197660828412, "retail_access_score": 0.52831683637883764, "accessibility_score": 0.44144137662599986, "final_location_score": 0.52528268537458911 }, "geometry": { "type": "Point", "coordinates": [ -81.529189034875614, 28.580718359958475 ] } },
{ "type": "Feature", "properties": { "GEOID": "12095017111", "Population": 25639, "median_income": 128444.0, "poverty_rate": "11.864737314247826", "housing_units": 8951, "population_density": "645.1600930252021", "grocery_stores": 248.0, "grocery_stores_per_1000": "9.67276414836772", "apartment_count": 63.0, "major_retailers": 7.0, "major_road_segments": 0.0, "population_score": 1.0, "income_score": 0.90151515151515149, "apartment_score": 0.94569288389513106, "competition_score": 0.0, "road_access_score": 0.12673468702022478, "opportunity_score": 0.60554562478719787, "location_rank": 119, "nearest_grocery_m": 1445.099392204929, "nearest_grocery_miles": 0.89794313223582345, "nearest_retailer_m": 1847.1980128248879, "nearest_retailer_miles": 1.1477956315274347, "nearest_road_m": 6981.8576121334172, "nearest_road_miles": 4.3383251884826466, "grocery_stores_per_10000": 96.727641483677218, "grocery_access_score": 0.48316444444139772, "retail_access_score": 0.44831268582953093, "accessibility_score": 0.33362218975055524, "final_location_score": 0.52396859427620501 }, "geometry": { "type": "Point", "coordinates": [ -81.603376410860534, 28.391800329726827 ] } },
{ "type": "Feature", "properties": { "GEOID": "12095016909", "Population": 4961, "median_income": 55617.0, "poverty_rate": "20.09675468655513", "housing_units": 1850, "population_density": "11480.429389226083", "grocery_stores": 1.0, "grocery_stores_per_1000": "0.20157226365652087", "apartment_count": 0.0, "major_retailers": 0.0, "major_road_segments": 1.0, "population_score": 0.46816479400749061, "income_score": 0.19696969696969696, "apartment_score": 0.30524344569288392, "competition_score": 0.68913857677902624, "road_access_score": 0.69389132215121652, "opportunity_score": 0.44480762683009878, "location_rank": 120, "nearest_grocery_m": 440.47052734617529, "nearest_grocery_miles": 0.27369569672250016, "nearest_retailer_m": 1046.1834909216602, "nearest_retailer_miles": 0.65006828305300801, "nearest_road_m": 673.94345824504546, "nearest_road_miles": 0.41876905015027577, "grocery_stores_per_10000": 2.0157226365652088, "grocery_access_score": 0.76944946760994926, "retail_access_score": 0.61544309962346377, "accessibility_score": 0.70842493582915911, "final_location_score": 0.52389281952981692 }, "geometry": { "type": "Point", "coordinates": [ -81.424301730674955, 28.476118227115681 ] } },
{ "type": "Feature", "properties": { "GEOID": "12095012403", "Population": 6568, "median_income": 46033.0, "poverty_rate": "24.557926829268293", "housing_units": 2277, "population_density": "2496.484722549082", "grocery_stores": 2.0, "grocery_stores_per_1000": "0.3045066991473812", "apartment_count": 0.0, "major_retailers": 0.0, "major_road_segments": 49.0, "population_score": 0.72284644194756553, "income_score": 0.07575757575757576, "apartment_score": 0.30524344569288392, "competition_score": 0.56741573033707859, "road_access_score": 0.50777315499640563, "opportunity_score": 0.52980932924753144, "location_rank": 121, "nearest_grocery_m": 1130.799377698617, "nearest_grocery_miles": 0.70264615750182502, "nearest_retailer_m": 2065.3921349329094, "nearest_retailer_miles": 1.2833751733208745, "nearest_road_m": 1398.7212244271043, "nearest_road_miles": 0.8691250748299334, "grocery_stores_per_10000": 3.0450669914738122, "grocery_access_score": 0.55016503900027891, "retail_access_score": 0.41541367898877313, "accessibility_score": 0.50625801339642851, "final_location_score": 0.52274393449220058 }, "geometry": { "type": "Point", "coordinates": [ -81.431097596105786, 28.585867644201755 ] } },
{ "type": "Feature", "properties": { "GEOID": "12095016742", "Population": 3653, "median_income": 61583.0, "poverty_rate": "11.634273200109499", "housing_units": 2130, "population_density": "10016.978552924822", "grocery_stores": 2.0, "grocery_stores_per_1000": "0.5474952094169175", "apartment_count": 32.0, "major_retailers": 0.0, "major_road_segments": 0.0, "population_score": 0.24719101123595505, "income_score": 0.30681818181818182, "apartment_score": 0.89138576779026213, "competition_score": 0.56741573033707859, "road_access_score": 0.58263065272023395, "opportunity_score": 0.45913134150493701, "location_rank": 122, "nearest_grocery_m": 506.243248687853, "nearest_grocery_miles": 0.31456497099927239, "nearest_retailer_m": 764.57422612500886, "nearest_retailer_miles": 0.47508439844123374, "nearest_road_m": 1058.1595198801806, "nearest_road_miles": 0.6575098424452327, "grocery_stores_per_10000": 5.4749520941691756, "grocery_access_score": 0.74238871145469332, "retail_access_score": 0.70099666687552098, "accessibility_score": 0.67020707904507515, "final_location_score": 0.52245406276697837 }, "geometry": { "type": "Point", "coordinates": [ -81.199020835828051, 28.560853226923971 ] } },
{ "type": "Feature", "properties": { "GEOID": "12095016731", "Population": 7932, "median_income": 96019.0, "poverty_rate": "4.026967930029154", "housing_units": 2222, "population_density": "493.9266200331023", "grocery_stores": 2.0, "grocery_stores_per_1000": "0.2521432173474534", "apartment_count": 15.0, "major_retailers": 0.0, "major_road_segments": 0.0, "population_score": 0.87265917602996257, "income_score": 0.65151515151515149, "apartment_score": 0.8314606741573034, "competition_score": 0.56741573033707859, "road_access_score": 0.070505484883127079, "opportunity_score": 0.65521790943139258, "location_rank": 123, "nearest_grocery_m": 2682.202973469894, "nearest_grocery_miles": 1.6666436594475103, "nearest_retailer_m": 3281.3255706489226, "nearest_retailer_miles": 2.0389211819529711, "nearest_road_m": 10222.555634218239, "nearest_road_miles": 6.3520015821466629, "grocery_stores_per_10000": 2.5214321734745337, "grocery_access_score": 0.31478086513429171, "retail_access_score": 0.28583812930686481, "accessibility_score": 0.21128216586834048, "final_location_score": 0.52203718636247687 }, "geometry": { "type": "Point", "coordinates": [ -81.159063012758494, 28.484983184730815 ] } },
{ "type": "Feature", "properties": { "GEOID": "12095014906", "Population": 6888, "median_income": 69464.0, "poverty_rate": "15.5154091392136", "housing_units": 2375, "population_density": "2492.7523130031045", "grocery_stores": 22.0, "grocery_stores_per_1000": "3.193960511033682", "apartment_count": 0.0, "major_retailers": 3.0, "major_road_segments": 43.0, "population_score": 0.79026217228464424, "income_score": 0.39772727272727271, "apartment_score": 0.30524344569288392, "competition_score": 0.095505617977528101, "road_access_score": 0.62633643726156885, "opportunity_score": 0.4738913006469187, "location_rank": 124, "nearest_grocery_m": 857.37011376015437, "nearest_grocery_miles": 0.5327450897758057, "nearest_retailer_m": 875.9702438325196, "nearest_retailer_miles": 0.54430267477464078, "nearest_road_m": 892.76596950596729, "nearest_road_miles": 0.55473905486084218, "grocery_stores_per_10000": 31.939605110336821, "grocery_access_score": 0.6223409893480174, "retail_access_score": 0.66483650697122776, "accessibility_score": 0.63243827203808012, "final_location_score": 0.52145539206426705 }, "geometry": { "type": "Point", "coordinates": [ -81.524588120615689, 28.559892278425828 ] } },
{ "type": "Feature", "properties": { "GEOID": "12095014502", "Population": 5413, "median_income": 41172.0, "poverty_rate": "30.910439458557388", "housing_units": 2678, "population_density": "10984.130258392872", "grocery_stores": 3.0, "grocery_stores_per_1000": "0.5542213190467393", "apartment_count": 0.0, "major_retailers": 0.0, "major_road_segments": 13.0, "population_score": 0.54307116104868913, "income_score": 0.041666666666666664, "apartment_score": 0.30524344569288392, "competition_score": 0.49250936329588013, "road_access_score": 0.75348931389605556, "opportunity_score": 0.42282303370786517, "location_rank": 125, "nearest_grocery_m": 530.21097301435771, "nearest_grocery_miles": 0.32945782443924837, "nearest_retailer_m": 612.44569482392353, "nearest_retailer_miles": 0.38055611157336378, "nearest_road_m": 510.39625590393848, "nearest_road_miles": 0.31714553004450163, "grocery_stores_per_10000": 5.5422131904673932, "grocery_access_score": 0.73294131730462186, "retail_access_score": 0.75623616320015208, "accessibility_score": 0.7458194851203015, "final_location_score": 0.51972196913159607 }, "geometry": { "type": "Point", "coordinates": [ -81.402157759023964, 28.498367046723573 ] } },
{ "type": "Feature", "properties": { "GEOID": "12095017011", "Population": 5088, "median_income": 74773.0, "poverty_rate": "11.7242773398019", "housing_units": 1827, "population_density": "1613.4273040502992", "grocery_stores": 15.0, "grocery_stores_per_1000": "2.94811320754717", "apartment_count": 0.0, "major_retailers": 7.0, "major_road_segments": 77.0, "population_score": 0.48689138576779029, "income_score": 0.47348484848484851, "apartment_score": 0.30524344569288392, "competition_score": 0.15543071161048694, "road_access_score": 0.70695691722215248, "opportunity_score": 0.43731486210418796, "location_rank": 126, "nearest_grocery_m": 700.98338856586554, "nearest_grocery_miles": 0.4355708838917382, "nearest_retailer_m": 586.48506564189711, "nearest_retailer_miles": 0.36442492446729668, "nearest_road_m": 635.96527282477814, "nearest_road_miles": 0.39517049979667374, "grocery_stores_per_10000": 29.481132075471699, "grocery_access_score": 0.67130163815228427, "retail_access_score": 0.76642727290666024, "accessibility_score": 0.70458887673110682, "final_location_score": 0.51749706649226357 }, "geometry": { "type": "Point", "coordinates": [ -81.398012059603005, 28.397196985357578 ] } },
{ "type": "Feature", "properties": { "GEOID": "12095014812", "Population": 6596, "median_income": 60578.0, "poverty_rate": "26.591873862947242", "housing_units": 2855, "population_density": "2384.6966739244226", "grocery_stores": 114.0, "grocery_stores_per_1000": "17.283201940570045", "apartment_count": 0.0, "major_retailers": 3.0, "major_road_segments": 41.0, "population_score": 0.7303370786516854, "income_score": 0.28409090909090912, "apartment_score": 0.30524344569288392, "competition_score": 0.0074906367041198685, "road_access_score": 0.64793381701822705, "opportunity_score": 0.41761363636363635, "location_rank": 127, "nearest_grocery_m": 55.722802195463785, "nearest_grocery_miles": 0.034624544035000461, "nearest_retailer_m": 1485.2756171791586, "nearest_retailer_miles": 0.92290748104765585, "nearest_road_m": 818.38265945322325, "nearest_road_miles": 0.50851940881080937, "grocery_stores_per_10000": 172.83201940570044, "grocery_access_score": 0.9705760417416972, "retail_access_score": 0.51311254831299535, "accessibility_score": 0.75002645316656891, "final_location_score": 0.51733748140451608 }, "geometry": { "type": "Point", "coordinates": [ -81.467308646732263, 28.479560977616124 ] } },
{ "type": "Feature", "properties": { "GEOID": "12095017004", "Population": 6395, "median_income": 70737.0, "poverty_rate": "9.103707179727827", "housing_units": 2911, "population_density": "2821.405094217328", "grocery_stores": 35.0, "grocery_stores_per_1000": "5.473025801407349", "apartment_count": 0.0, "major_retailers": 0.0, "major_road_segments": 31.0, "population_score": 0.6966292134831461, "income_score": 0.41666666666666669, "apartment_score": 0.30524344569288392, "competition_score": 0.037453183520599231, "road_access_score": 0.65526904069982572, "opportunity_score": 0.42673220973782766, "location_rank": 128, "nearest_grocery_m": 275.12506446401943, "nearest_grocery_miles": 0.17095478932038111, "nearest_retailer_m": 992.58177560652416, "nearest_retailer_miles": 0.61676172130167584, "nearest_road_m": 794.11554044561751, "nearest_road_miles": 0.49344052014088813, "grocery_stores_per_10000": 54.730258014073499, "grocery_access_score": 0.84582044123287736, "retail_access_score": 0.63030042803055597, "accessibility_score": 0.72649587837919238, "final_location_score": 0.5166613103302371 }, "geometry": { "type": "Point", "coordinates": [ -81.453719801414977, 28.414747632479354 ] } },
{ "type": "Feature", "properties": { "GEOID": "12095015106", "Population": 7559, "median_income": 52993.0, "poverty_rate": "14.489876935291782", "housing_units": 2641, "population_density": "4101.9729526330375", "grocery_stores": 5.0, "grocery_stores_per_1000": "0.6614631565021828", "apartment_count": 0.0, "major_retailers": 1.0, "major_road_segments": 8.0, "population_score": 0.84644194756554303, "income_score": 0.13257575757575757, "apartment_score": 0.30524344569288392, "competition_score": 0.39513108614232206, "road_access_score": 0.51683139306482928, "opportunity_score": 0.47391258086482801, "location_rank": 129, "nearest_grocery_m": 745.01944046974768, "nearest_grocery_miles": 0.46293361796467858, "nearest_retailer_m": 745.01944046974768, "nearest_retailer_miles": 0.46293361796467858, "nearest_road_m": 1352.956759972185, "nearest_road_miles": 0.84068835498947703, "grocery_stores_per_10000": 6.6146315650218277, "grocery_access_score": 0.65685718957121364, "retail_access_score": 0.70769738795016068, "accessibility_score": 0.61101491064444935, "final_location_score": 0.51504327979871434 }, "geometry": { "type": "Point", "coordinates": [ -81.458329267206253, 28.618240241947564 ] } },
{ "type": "Feature", "properties": { "GEOID": "12095017814", "Population": 7218, "median_income": 135497.0, "poverty_rate": "14.168748265334443", "housing_units": 2282, "population_density": "1779.0707526308684", "grocery_stores": 0.0, "grocery_stores_per_1000": "0.0", "apartment_count": 0.0, "major_retailers": 0.0, "major_road_segments": 0.0, "population_score": 0.8089887640449438, "income_score": 0.92803030303030298, "apartment_score": 0.30524344569288392, "competition_score": 0.87453183520599254, "road_access_score": 0.1550088725875132, "opportunity_score": 0.6523131596867553, "location_rank": 130, "nearest_grocery_m": 4120.7744540490994, "nearest_grocery_miles": 2.5605305354536378, "nearest_retailer_m": 4264.7586554663276, "nearest_retailer_miles": 2.6499981703516013, "nearest_road_m": 5941.8681437004625, "nearest_road_miles": 3.6921056925681905, "grocery_stores_per_10000": 0.0, "grocery_access_score": 0.21040655931839067, "retail_access_score": 0.22027756216929889, "accessibility_score": 0.19022168519622132, "final_location_score": 0.51368571733959512 }, "geometry": { "type": "Point", "coordinates": [ -81.525209158259557, 28.742539284948407 ] } },
{ "type": "Feature", "properties": { "GEOID": "12095012402", "Population": 5130, "median_income": 48281.0, "poverty_rate": "27.880369329586514", "housing_units": 2633, "population_density": "5134.6551314325025", "grocery_stores": 1.0, "grocery_stores_per_1000": "0.1949317738791423", "apartment_count": 0.0, "major_retailers": 0.0, "major_road_segments": 42.0, "population_score": 0.4943820224719101, "income_score": 0.087121212121212127, "apartment_score": 0.30524344569288392, "competition_score": 0.68913857677902624, "road_access_score": 0.61830967065710518, "opportunity_score": 0.5006149982975826, "location_rank": 131, "nearest_grocery_m": 1024.7334562508829, "nearest_grocery_miles": 0.63673984943609496, "nearest_retailer_m": 2863.1255668376743, "nearest_retailer_miles": 1.7790637469911184, "nearest_road_m": 921.5860658591946, "nearest_road_miles": 0.57264703249224191, "grocery_stores_per_10000": 1.9493177387914229, "grocery_access_score": 0.5763838905230908, "retail_access_score": 0.32245456418124196, "accessibility_score": 0.54236833730832679, "final_location_score": 0.51314100000080587 }, "geometry": { "type": "Point", "coordinates": [ -81.428750485787319, 28.599926529776628 ] } },
{ "type": "Feature", "properties": { "GEOID": "12095014202", "Population": 4580, "median_income": 50000.0, "poverty_rate": "14.06113537117904", "housing_units": 1747, "population_density": "2136.3800497834195", "grocery_stores": 39.0, "grocery_stores_per_1000": "8.51528384279476", "apartment_count": 0.0, "major_retailers": 17.0, "major_road_segments": 91.0, "population_score": 0.41947565543071164, "income_score": 0.098484848484848481, "apartment_score": 0.30524344569288392, "competition_score": 0.029962546816479363, "road_access_score": 0.96627906522571716, "opportunity_score": 0.33424838270343887, "location_rank": 132, "nearest_grocery_m": 169.21012631262749, "nearest_grocery_miles": 0.10514229792550722, "nearest_retailer_m": 300.07821471191585, "nearest_retailer_miles": 0.18645995803999382, "nearest_road_m": 78.69438751544169, "nearest_road_miles": 0.04889842539285677, "grocery_stores_per_10000": 85.1528384279476, "grocery_access_score": 0.90220247562767864, "retail_access_score": 0.8972522424391367, "accessibility_score": 0.92684306482918566, "final_location_score": 0.51202678734116291 }, "geometry": { "type": "Point", "coordinates": [ -81.382511963860225, 28.451685795136505 ] } },
{ "type": "Feature", "properties": { "GEOID": "12095017024", "Population": 2802, "median_income": 78712.0, "poverty_rate": "6.068503350707371", "housing_units": 1543, "population_density": "1228.9034352753351", "grocery_stores": 5.0, "grocery_stores_per_1000": "1.7844396859386151", "apartment_count": 39.0, "major_retailers": 1.0, "major_road_segments": 17.0, "population_score": 0.15730337078651685, "income_score": 0.51893939393939392, "apartment_score": 0.89700374531835203, "competition_score": 0.39513108614232206, "road_access_score": 0.58302542368908117, "opportunity_score": 0.50040645216207014, "location_rank": 133, "nearest_grocery_m": 1309.4639124441042, "nearest_grocery_miles": 0.81366315246715692, "nearest_retailer_m": 1728.2852541698328, "nearest_retailer_miles": 1.0739066689097128, "nearest_road_m": 1056.5678087905678, "nearest_road_miles": 0.6565207990277826, "grocery_stores_per_10000": 17.844396859386151, "grocery_access_score": 0.51030853755247285, "retail_access_score": 0.46805310006019424, "accessibility_score": 0.53094420450866053, "final_location_score": 0.50956777786604723 }, "geometry": { "type": "Point", "coordinates": [ -81.510216770556227, 28.356994783545009 ] } },
{ "type": "Feature", "properties": { "GEOID": "12095013403", "Population": 3432, "median_income": 54583.0, "poverty_rate": "23.776223776223777", "housing_units": 1393, "population_density": "7033.594900270539", "grocery_stores": 4.0, "grocery_stores_per_1000": "1.1655011655011656", "apartment_count": 5.0, "major_retailers": 1.0, "major_road_segments": 7.0, "population_score": 0.23595505617977527, "income_score": 0.17045454545454544, "apartment_score": 0.73408239700374533, "competition_score": 0.449438202247191, "road_access_score": 0.74937222825420857, "opportunity_score": 0.42210376234252639, "location_rank": 134, "nearest_grocery_m": 698.8032624215582, "nearest_grocery_miles": 0.43421621631022217, "nearest_retailer_m": 698.8032624215582, "nearest_retailer_miles": 0.43421621631022217, "nearest_road_m": 520.9371567845991, "nearest_road_miles": 0.32369534219197332, "grocery_stores_per_10000": 11.655011655011656, "grocery_access_score": 0.67203106913606336, "retail_access_score": 0.72398527500066157, "accessibility_score": 0.71335837395624102, "final_location_score": 0.5094801458266407 }, "geometry": { "type": "Point", "coordinates": [ -81.302088198036458, 28.535814724115301 ] } },
{ "type": "Feature", "properties": { "GEOID": "12095017018", "Population": 5794, "median_income": 59706.0, "poverty_rate": "17.12115982050397", "housing_units": 2752, "population_density": "3175.324085650685", "grocery_stores": 9.0, "grocery_stores_per_1000": "1.5533310321021747", "apartment_count": 0.0, "major_retailers": 2.0, "major_road_segments": 43.0, "population_score": 0.59925093632958804, "income_score": 0.26515151515151514, "apartment_score": 0.30524344569288392, "competition_score": 0.24906367041198507, "road_access_score": 0.63862372019144675, "opportunity_score": 0.44464164113040522, "location_rank": 135, "nearest_grocery_m": 752.91586265221758, "nearest_grocery_miles": 0.4678402272306092, "nearest_retailer_m": 752.91586265221758, "nearest_retailer_miles": 0.4678402272306092, "nearest_road_m": 849.89811049334935, "nearest_road_miles": 0.52810220219750992, "grocery_stores_per_10000": 15.533310321021746, "grocery_access_score": 0.65432399348774195, "retail_access_score": 0.70497821441856512, "accessibility_score": 0.65817472835538848, "final_location_score": 0.50870156729790017 }, "geometry": { "type": "Point", "coordinates": [ -81.414040872130585, 28.417095524839173 ] } },
{ "type": "Feature", "properties": { "GEOID": "12095017902", "Population": 8162, "median_income": 73983.0, "poverty_rate": "3.981867189414359", "housing_units": 3595, "population_density": "451.53700642012046", "grocery_stores": 1.0, "grocery_stores_per_1000": "0.12251899044351874", "apartment_count": 0.0, "major_retailers": 0.0, "major_road_segments": 35.0, "population_score": 0.89138576779026213, "income_score": 0.46969696969696972, "apartment_score": 0.30524344569288392, "competition_score": 0.68913857677902624, "road_access_score": 0.25755884273129209, "opportunity_score": 0.65022982635342186, "location_rank": 136, "nearest_grocery_m": 5927.4330421930554, "nearest_grocery_miles": 3.6831361363344661, "nearest_retailer_m": 8351.0546605616764, "nearest_retailer_miles": 5.1891047908723529, "nearest_road_m": 3637.9912217789501, "nearest_road_miles": 2.2605429428257415, "grocery_stores_per_10000": 1.2251899044351875, "grocery_access_score": 0.13576745033956733, "retail_access_score": 0.086519702631123505, "accessibility_score": 0.17463445775456848, "final_location_score": 0.50755121577376583 }, "geometry": { "type": "Point", "coordinates": [ -81.586672628848874, 28.74957137387895 ] } },
{ "type": "Feature", "properties": { "GEOID": "12095013606", "Population": 4119, "median_income": 68750.0, "poverty_rate": "24.204904102937604", "housing_units": 1587, "population_density": "1436.9319924536617", "grocery_stores": 21.0, "grocery_stores_per_1000": "5.098324836125273", "apartment_count": 15.0, "major_retailers": 0.0, "major_road_segments": 50.0, "population_score": 0.34456928838951312, "income_score": 0.38636363636363635, "apartment_score": 0.8314606741573034, "competition_score": 0.10486891385767794, "road_access_score": 0.5418243145405186, "opportunity_score": 0.47256128702757916, "location_rank": 137, "nearest_grocery_m": 698.41453492509891, "nearest_grocery_miles": 0.4339746722422918, "nearest_retailer_m": 1551.4048653222865, "nearest_retailer_miles": 0.96399829080810961, "nearest_road_m": 1233.6169547123241, "nearest_road_miles": 0.76653403791378605, "grocery_stores_per_10000": 50.983248361252727, "grocery_access_score": 0.67216127513861157, "retail_access_score": 0.50016450747450181, "accessibility_score": 0.58562713736655247, "final_location_score": 0.50648104212927114 }, "geometry": { "type": "Point", "coordinates": [ -81.322773369863313, 28.464646510639927 ] } },
{ "type": "Feature", "properties": { "GEOID": "12095015801", "Population": 1876, "median_income": 237446.0, "poverty_rate": "0.5971769815418024", "housing_units": 710, "population_density": "2895.9750422790075", "grocery_stores": 0.0, "grocery_stores_per_1000": "0.0", "apartment_count": 0.0, "major_retailers": 0.0, "major_road_segments": 0.0, "population_score": 0.037453183520599252, "income_score": 1.0, "apartment_score": 0.30524344569288392, "competition_score": 0.87453183520599254, "road_access_score": 0.57927768299596238, "opportunity_score": 0.47022471910112362, "location_rank": 138, "nearest_grocery_m": 1001.0227063401816, "nearest_grocery_miles": 0.62200667249524122, "nearest_retailer_m": 1001.0227063401816, "nearest_retailer_miles": 0.62200667249524122, "nearest_road_m": 1071.7556667344693, "nearest_road_miles": 0.66595809642591597, "grocery_stores_per_10000": 0.0, "grocery_access_score": 0.58253643626077833, "retail_access_score": 0.62792029269545113, "accessibility_score": 0.59030970624178658, "final_location_score": 0.50625021524332248 }, "geometry": { "type": "Point", "coordinates": [ -81.354231568459184, 28.610620338675897 ] } },
{ "type": "Feature", "properties": { "GEOID": "12095017015", "Population": 7525, "median_income": 120260.0, "poverty_rate": "5.781041388518024", "housing_units": 3111, "population_density": "2187.2039637169196", "grocery_stores": 27.0, "grocery_stores_per_1000": "3.5880398671096345", "apartment_count": 0.0, "major_retailers": 5.0, "major_road_segments": 16.0, "population_score": 0.83895131086142327, "income_score": 0.84848484848484851, "apartment_score": 0.30524344569288392, "competition_score": 0.063670411985018771, "road_access_score": 0.64879913177864335, "opportunity_score": 0.51762853251617302, "location_rank": 139, "nearest_grocery_m": 2262.6370294099943, "nearest_grocery_miles": 1.4059374685648278, "nearest_retailer_m": 2350.2367138083009, "nearest_retailer_miles": 1.4603693888990177, "nearest_road_m": 815.49447471539327, "nearest_road_miles": 0.50672477401686233, "grocery_stores_per_10000": 35.880398671096344, "grocery_access_score": 0.35983065425243244, "retail_access_score": 0.37792152961034337, "accessibility_score": 0.479036220334499, "final_location_score": 0.50605083886167079 }, "geometry": { "type": "Point", "coordinates": [ -81.450547903498631, 28.354019188720105 ] } },
{ "type": "Feature", "properties": { "GEOID": "12095016739", "Population": 6988, "median_income": 56477.0, "poverty_rate": "25.615340583858043", "housing_units": 2484, "population_density": "8943.920442757453", "grocery_stores": 0.0, "grocery_stores_per_1000": "0.0", "apartment_count": 0.0, "major_retailers": 0.0, "major_road_segments": 0.0, "population_score": 0.80524344569288386, "income_score": 0.2196969696969697, "apartment_score": 0.30524344569288392, "competition_score": 0.87453183520599254, "road_access_score": 0.25585318614265834, "opportunity_score": 0.54512683009874019, "location_rank": 140, "nearest_grocery_m": 1238.5866281337248, "nearest_grocery_miles": 0.76962204981267202, "nearest_retailer_m": 1559.5652955485029, "nearest_retailer_miles": 0.96906894706694335, "nearest_road_m": 3664.7549700260438, "nearest_road_miles": 2.277173164982778, "grocery_stores_per_10000": 0.0, "grocery_access_score": 0.52552142920089684, "retail_access_score": 0.49860416116861334, "accessibility_score": 0.41227067837114478, "final_location_score": 0.50526998458046157 }, "geometry": { "type": "Point", "coordinates": [ -81.273255607236251, 28.55890348457859 ] } },
{ "type": "Feature", "properties": { "GEOID": "12095017025", "Population": 3654, "median_income": 101439.0, "poverty_rate": "2.4630541871921183", "housing_units": 1505, "population_density": "689.8431854826305", "grocery_stores": 0.0, "grocery_stores_per_1000": "0.0", "apartment_count": 8.0, "major_retailers": 0.0, "major_road_segments": 0.0, "population_score": 0.25093632958801498, "income_score": 0.71212121212121215, "apartment_score": 0.7752808988764045, "competition_score": 0.87453183520599254, "road_access_score": 0.33466222195166506, "opportunity_score": 0.57442117807286353, "location_rank": 141, "nearest_grocery_m": 2332.0695525069887, "nearest_grocery_miles": 1.4490808382216533, "nearest_retailer_m": 2642.8485932220901, "nearest_retailer_miles": 1.6421899812731711, "nearest_road_m": 2658.8879727379922, "nearest_road_miles": 1.6521563896457141, "grocery_stores_per_10000": 0.0, "grocery_access_score": 0.35171324681523325, "retail_access_score": 0.34463737220946922, "accessibility_score": 0.34347766194865315, "final_location_score": 0.50513812323560037 }, "geometry": { "type": "Point", "coordinates": [ -81.462358641495584, 28.369781247870328 ] } },
{ "type": "Feature", "properties": { "GEOID": "12095013511", "Population": 6241, "median_income": 55280.0, "poverty_rate": "17.40105752283288", "housing_units": 2535, "population_density": "4882.390564437035", "grocery_stores": 4.0, "grocery_stores_per_1000": "0.6409229290177856", "apartment_count": 0.0, "major_retailers": 0.0, "major_road_segments": 14.0, "population_score": 0.6741573033707865, "income_score": 0.18560606060606061, "apartment_score": 0.30524344569288392, "competition_score": 0.449438202247191, "road_access_score": 0.58261539503661885, "opportunity_score": 0.46950757575757573, "location_rank": 142, "nearest_grocery_m": 749.75793542636904, "nearest_grocery_miles": 0.46587798222528498, "nearest_retailer_m": 1748.8207386370277, "nearest_retailer_miles": 1.086666827376265, "nearest_road_m": 1058.2210768005446, "nearest_road_miles": 0.65754809214222976, "grocery_stores_per_10000": 6.4092292901778558, "grocery_access_score": 0.65533503121997772, "retail_access_score": 0.46454418703930078, "accessibility_score": 0.58808900791049878, "final_location_score": 0.50508200540345261 }, "geometry": { "type": "Point", "coordinates": [ -81.293530070557694, 28.49038141065909 ] } },
{ "type": "Feature", "properties": { "GEOID": "12095011701", "Population": 4372, "median_income": 64009.0, "poverty_rate": "14.144504589315133", "housing_units": 1779, "population_density": "4111.868524286087", "grocery_stores": 1.0, "grocery_stores_per_1000": "0.22872827081427266", "apartment_count": 0.0, "major_retailers": 0.0, "major_road_segments": 14.0, "population_score": 0.36704119850187267, "income_score": 0.34469696969696972, "apartment_score": 0.30524344569288392, "competition_score": 0.68913857677902624, "road_access_score": 0.57957529402042696, "opportunity_score": 0.47651727953694245, "location_rank": 143, "nearest_grocery_m": 1066.8511085256378, "nearest_grocery_miles": 0.66291054524429693, "nearest_retailer_m": 1286.0809341222848, "nearest_retailer_miles": 0.79913364334926829, "nearest_road_m": 1070.5432644295554, "nearest_road_miles": 0.66520474456024026, "grocery_stores_per_10000": 2.2872827081427265, "grocery_access_score": 0.56572388413677566, "retail_access_score": 0.55568865035994675, "accessibility_score": 0.56925740133487035, "final_location_score": 0.50433931607632076 }, "geometry": { "type": "Point", "coordinates": [ -81.425059913178131, 28.53691864917198 ] } },
{ "type": "Feature", "properties": { "GEOID": "12095016001", "Population": 2583, "median_income": 77596.0, "poverty_rate": "9.767891682785299", "housing_units": 707, "population_density": "5776.077229296806", "grocery_stores": 23.0, "grocery_stores_per_1000": "8.904374758033295", "apartment_count": 2.0, "major_retailers": 0.0, "major_road_segments": 23.0, "population_score": 0.1348314606741573, "income_score": 0.50757575757575757, "apartment_score": 0.67041198501872656, "competition_score": 0.088014981273408233, "road_access_score": 0.83952770046295522, "opportunity_score": 0.37772812393598909, "location_rank": 144, "nearest_grocery_m": 160.87997460546862, "nearest_grocery_miles": 0.09996618162771205, "nearest_retailer_m": 1522.0190263374898, "nearest_retailer_miles": 0.94573877700323217, "nearest_road_m": 311.74527755136637, "nearest_road_miles": 0.19370953478645109, "grocery_stores_per_10000": 89.043747580332962, "grocery_access_score": 0.90692307593390231, "retail_access_score": 0.50585071132426074, "accessibility_score": 0.79975045282359525, "final_location_score": 0.50433482260227092 }, "geometry": { "type": "Point", "coordinates": [ -81.348230707718571, 28.59712274991044 ] } },
{ "type": "Feature", "properties": { "GEOID": "12095012800", "Population": 3860, "median_income": 154886.0, "poverty_rate": "3.6420395421436007", "housing_units": 1717, "population_density": "3080.6759388533524", "grocery_stores": 6.0, "grocery_stores_per_1000": "1.5544041450777202", "apartment_count": 0.0, "major_retailers": 0.0, "major_road_segments": 21.0, "population_score": 0.29588014981273408, "income_score": 0.95454545454545459, "apartment_score": 0.30524344569288392, "competition_score": 0.33333333333333337, "road_access_score": 0.64757729634674666, "opportunity_score": 0.47080354102826016, "location_rank": 145, "nearest_grocery_m": 1182.1305611279211, "nearest_grocery_miles": 0.73454187614824484, "nearest_retailer_m": 1386.0819927114364, "nearest_retailer_miles": 0.86127142034980486, "nearest_road_m": 819.57463054912864, "nearest_road_miles": 0.50926006531178458, "grocery_stores_per_10000": 15.544041450777202, "grocery_access_score": 0.53819173694295719, "retail_access_score": 0.53360649638864854, "accessibility_score": 0.58102891259361122, "final_location_score": 0.50387115249786552 }, "geometry": { "type": "Point", "coordinates": [ -81.356017961221752, 28.57415202384059 ] } },
{ "type": "Feature", "properties": { "GEOID": "12095014908", "Population": 7611, "median_income": 44641.0, "poverty_rate": "14.828594206749933", "housing_units": 2279, "population_density": "6321.965178329235", "grocery_stores": 0.0, "grocery_stores_per_1000": "0.0", "apartment_count": 0.0, "major_retailers": 0.0, "major_road_segments": 0.0, "population_score": 0.8539325842696629, "income_score": 0.060606060606060608, "apartment_score": 0.30524344569288392, "competition_score": 0.87453183520599254, "road_access_score": 0.32764890790048518, "opportunity_score": 0.53343547837929861, "location_rank": 146, "nearest_grocery_m": 1337.9949068776136, "nearest_grocery_miles": 0.83139149049402339, "nearest_retailer_m": 1523.3855693916853, "nearest_retailer_miles": 0.94658790749006128, "nearest_road_m": 2732.580219177556, "nearest_road_miles": 1.6979466286745133, "grocery_stores_per_10000": 0.0, "grocery_access_score": 0.50439127361580194, "retail_access_score": 0.50558391813793191, "accessibility_score": 0.43393285623410127, "final_location_score": 0.50358469173573939 }, "geometry": { "type": "Point", "coordinates": [ -81.483633090392459, 28.568034492057549 ] } },
{ "type": "Feature", "properties": { "GEOID": "12095011300", "Population": 4940, "median_income": 124402.0, "poverty_rate": "6.447613143211408", "housing_units": 2424, "population_density": "4281.053730204644", "grocery_stores": 15.0, "grocery_stores_per_1000": "3.0364372469635628", "apartment_count": 0.0, "major_retailers": 0.0, "major_road_segments": 10.0, "population_score": 0.46441947565543074, "income_score": 0.88257575757575757, "apartment_score": 0.30524344569288392, "competition_score": 0.15543071161048694, "road_access_score": 0.65015173000593651, "opportunity_score": 0.4363189479060266, "location_rank": 147, "nearest_grocery_m": 599.4929088398319, "nearest_grocery_miles": 0.3725076235036337, "nearest_retailer_m": 1254.4091691515634, "nearest_retailer_miles": 0.77945372098915044, "nearest_road_m": 810.99361131029173, "nearest_road_miles": 0.50392806715673699, "grocery_stores_per_10000": 30.364372469635629, "grocery_access_score": 0.70678524447686997, "retail_access_score": 0.56300394989414781, "accessibility_score": 0.65537557977195227, "final_location_score": 0.50203593746580433 }, "geometry": { "type": "Point", "coordinates": [ -81.368125106772922, 28.522238494734744 ] } },
{ "type": "Feature", "properties": { "GEOID": "12095014400", "Population": 3037, "median_income": 89521.0, "poverty_rate": "7.276819204801201", "housing_units": 1458, "population_density": "2948.7047964268227", "grocery_stores": 2.0, "grocery_stores_per_1000": "0.6585446163977609", "apartment_count": 0.0, "major_retailers": 1.0, "major_road_segments": 18.0, "population_score": 0.19475655430711611, "income_score": 0.61363636363636365, "apartment_score": 0.30524344569288392, "competition_score": 0.56741573033707859, "road_access_score": 0.62002137863333373, "opportunity_score": 0.45037878787878788, "location_rank": 148, "nearest_grocery_m": 863.25938085600217, "nearest_grocery_miles": 0.53640451069255679, "nearest_retailer_m": 1038.0748027866025, "nearest_retailer_miles": 0.64502977783904647, "nearest_road_m": 915.38462254869, "nearest_road_miles": 0.56879363426880147, "grocery_stores_per_10000": 6.5854461639776094, "grocery_access_score": 0.62061821816745155, "retail_access_score": 0.61765204454507172, "accessibility_score": 0.61978624762932855, "final_location_score": 0.5012010258039501 }, "geometry": { "type": "Point", "coordinates": [ -81.387463946468969, 28.503581319361754 ] } },
{ "type": "Feature", "properties": { "GEOID": "12095016709", "Population": 6692, "median_income": 76041.0, "poverty_rate": "12.734927078634792", "housing_units": 2463, "population_density": "5619.2810671841935", "grocery_stores": 1.0, "grocery_stores_per_1000": "0.14943215780035862", "apartment_count": 0.0, "major_retailers": 0.0, "major_road_segments": 0.0, "population_score": 0.7528089887640449, "income_score": 0.49621212121212122, "apartment_score": 0.30524344569288392, "competition_score": 0.68913857677902624, "road_access_score": 0.32459134568836351, "opportunity_score": 0.52714717398706168, "location_rank": 149, "nearest_grocery_m": 1057.1815905803373, "nearest_grocery_miles": 0.65690218535026523, "nearest_retailer_m": 2084.0269352994469, "nearest_retailer_miles": 1.2949543014417346, "nearest_road_m": 2765.5100397809179, "nearest_road_miles": 1.7184082705629857, "grocery_stores_per_10000": 1.4943215780035863, "grocery_access_score": 0.56814146449956471, "retail_access_score": 0.41278411709332824, "accessibility_score": 0.43964994749383696, "final_location_score": 0.50089800603909418 }, "geometry": { "type": "Point", "coordinates": [ -81.277916400059937, 28.503141565591115 ] } },
{ "type": "Feature", "properties": { "GEOID": "12095016808", "Population": 1517, "median_income": 120938.0, "poverty_rate": "3.493737640079104", "housing_units": 561, "population_density": "1074.6912119493043", "grocery_stores": 0.0, "grocery_stores_per_1000": "0.0", "apartment_count": 0.0, "major_retailers": 0.0, "major_road_segments": 4.0, "population_score": 0.018726591760299626, "income_score": 0.85984848484848486, "apartment_score": 0.30524344569288392, "competition_score": 0.87453183520599254, "road_access_score": 0.68504956177971577, "opportunity_score": 0.48581247871978206, "location_rank": 150, "nearest_grocery_m": 1751.6970624860387, "nearest_grocery_miles": 1.0884540921555856, "nearest_retailer_m": 1863.003895012876, "nearest_retailer_miles": 1.1576169513869476, "nearest_road_m": 700.38141819900454, "nearest_road_miles": 0.43519683684719024, "grocery_stores_per_10000": 0.0, "grocery_access_score": 0.42987973824185038, "retail_access_score": 0.44579059100846213, "accessibility_score": 0.5351298382103189, "final_location_score": 0.5006076865669431 }, "geometry": { "type": "Point", "coordinates": [ -81.383576967830635, 28.381429811961265 ] } },
{ "type": "Feature", "properties": { "GEOID": "12095017019", "Population": 5097, "median_income": 65604.0, "poverty_rate": "30.311948204826365", "housing_units": 1687, "population_density": "7562.136868664766", "grocery_stores": 4.0, "grocery_stores_per_1000": "0.7847753580537571", "apartment_count": 0.0, "major_retailers": 2.0, "major_road_segments": 7.0, "population_score": 0.49063670411985016, "income_score": 0.35984848484848486, "apartment_score": 0.30524344569288392, "competition_score": 0.449438202247191, "road_access_score": 0.64930532619021297, "opportunity_score": 0.42841547497446375, "location_rank": 151, "nearest_grocery_m": 796.36874142174577, "nearest_grocery_miles": 0.49484059431777527, "nearest_retailer_m": 689.44904646803627, "nearest_retailer_miles": 0.42840377599073676, "nearest_road_m": 813.80811936666328, "nearest_road_miles": 0.50567692138328613, "grocery_stores_per_10000": 7.8477535805375718, "grocery_access_score": 0.64068172040153859, "retail_access_score": 0.72736165830218891, "accessibility_score": 0.66146715029713854, "final_location_score": 0.49833097757126621 }, "geometry": { "type": "Point", "coordinates": [ -81.413391670741902, 28.40161924011716 ] } },
{ "type": "Feature", "properties": { "GEOID": "12095017806", "Population": 5131, "median_income": 115891.0, "poverty_rate": "4.365620736698499", "housing_units": 1918, "population_density": "2670.12838907173", "grocery_stores": 0.0, "grocery_stores_per_1000": "0.0", "apartment_count": 0.0, "major_retailers": 0.0, "major_road_segments": 0.0, "population_score": 0.49812734082397003, "income_score": 0.81060606060606055, "apartment_score": 0.30524344569288392, "competition_score": 0.87453183520599254, "road_access_score": 0.35682560452112272, "opportunity_score": 0.55698416751787538, "location_rank": 152, "nearest_grocery_m": 2322.7546873135434, "nearest_grocery_miles": 1.4432928493308723, "nearest_retailer_m": 2336.2529308141884, "nearest_retailer_miles": 1.451680268987978, "nearest_road_m": 2441.6128851280055, "nearest_road_miles": 1.5171479094140254, "grocery_stores_per_10000": 0.0, "grocery_access_score": 0.35278560478428461, "retail_access_score": 0.3796357651666889, "accessibility_score": 0.35977163675550078, "final_location_score": 0.49782040828916296 }, "geometry": { "type": "Point", "coordinates": [ -81.478118338800499, 28.695143615128792 ] } },
{ "type": "Feature", "properties": { "GEOID": "12095017118", "Population": 5040, "median_income": 157975.0, "poverty_rate": "2.4965048931495906", "housing_units": 1796, "population_density": "1932.8152139564422", "grocery_stores": 21.0, "grocery_stores_per_1000": "4.166666666666667", "apartment_count": 0.0, "major_retailers": 1.0, "major_road_segments": 27.0, "population_score": 0.47940074906367042, "income_score": 0.96212121212121215, "apartment_score": 0.30524344569288392, "competition_score": 0.10486891385767794, "road_access_score": 0.69524287680842978, "opportunity_score": 0.46856911814776986, "location_rank": 153, "nearest_grocery_m": 1411.6455451683271, "nearest_grocery_miles": 0.87715587541776463, "nearest_retailer_m": 1839.361965846075, "nearest_retailer_miles": 1.1429265376737821, "nearest_road_m": 669.95537852011114, "nearest_road_miles": 0.4162909722968558, "grocery_stores_per_10000": 41.666666666666664, "grocery_access_score": 0.48963295643749349, "retail_access_score": 0.44957163084663648, "accessibility_score": 0.56386465946769659, "final_location_score": 0.49715778054374787 }, "geometry": { "type": "Point", "coordinates": [ -81.575089581570452, 28.534647172401854 ] } },
{ "type": "Feature", "properties": { "GEOID": "12095015802", "Population": 2822, "median_income": 205455.0, "poverty_rate": "2.7639971651311126", "housing_units": 1027, "population_density": "4143.471191025682", "grocery_stores": 0.0, "grocery_stores_per_1000": "0.0", "apartment_count": 0.0, "major_retailers": 0.0, "major_road_segments": 0.0, "population_score": 0.16479400749063669, "income_score": 0.99621212121212122, "apartment_score": 0.30524344569288392, "competition_score": 0.87453183520599254, "road_access_score": 0.47699309816291607, "opportunity_score": 0.5014917432754511, "location_rank": 154, "nearest_grocery_m": 1235.4314335291479, "nearest_grocery_miles": 0.76766150277948519, "nearest_retailer_m": 2026.1763659592614, "nearest_retailer_miles": 1.259007624199215, "nearest_road_m": 1565.3810974443054, "nearest_road_miles": 0.97268271882475432, "grocery_stores_per_10000": 0.0, "grocery_access_score": 0.52621627490951106, "retail_access_score": 0.42103548342707647, "accessibility_score": 0.48549084591438624, "final_location_score": 0.4966914740671316 }, "geometry": { "type": "Point", "coordinates": [ -81.339172207771654, 28.614379859842259 ] } },
{ "type": "Feature", "properties": { "GEOID": "12095015901", "Population": 2460, "median_income": 64291.0, "poverty_rate": "22.819346837536173", "housing_units": 1488, "population_density": "2890.6104184766905", "grocery_stores": 29.0, "grocery_stores_per_1000": "11.788617886178862", "apartment_count": 3.0, "major_retailers": 8.0, "major_road_segments": 44.0, "population_score": 0.10861423220973783, "income_score": 0.34848484848484851, "apartment_score": 0.702247191011236, "competition_score": 0.048689138576779034, "road_access_score": 0.76170722215597009, "opportunity_score": 0.36491317671092949, "location_rank": 155, "nearest_grocery_m": 302.6064055519123, "nearest_grocery_miles": 0.18803090299644593, "nearest_retailer_m": 444.22076927044191, "nearest_retailer_miles": 0.27602598901816011, "nearest_road_m": 489.66495842748424, "nearest_road_miles": 0.30426369901493044, "grocery_stores_per_10000": 117.88617886178862, "grocery_access_score": 0.83221188941427882, "retail_access_score": 0.82684949963804355, "accessibility_score": 0.80293754455570832, "final_location_score": 0.49632048706436316 }, "geometry": { "type": "Point", "coordinates": [ -81.360133202770257, 28.597808375112386 ] } },
{ "type": "Feature", "properties": { "GEOID": "12095016733", "Population": 5823, "median_income": 59379.0, "poverty_rate": "9.377693501120495", "housing_units": 2420, "population_density": "4990.095502025452", "grocery_stores": 5.0, "grocery_stores_per_1000": "0.858663918942126", "apartment_count": 0.0, "major_retailers": 1.0, "major_road_segments": 11.0, "population_score": 0.60299625468164797, "income_score": 0.26136363636363635, "apartment_score": 0.30524344569288392, "competition_score": 0.39513108614232206, "road_access_score": 0.70227038429037048, "opportunity_score": 0.44051540687776647, "location_rank": 156, "nearest_grocery_m": 1081.3251127948884, "nearest_grocery_miles": 0.67190427453352941, "nearest_retailer_m": 1099.7910476677034, "nearest_retailer_miles": 0.68337847450122746, "nearest_road_m": 649.44158633743757, "nearest_road_miles": 0.40354429279099902, "grocery_stores_per_10000": 8.5866391894212608, "grocery_access_score": 0.56213755409119659, "retail_access_score": 0.60117216889811664, "accessibility_score": 0.62599760913225011, "final_location_score": 0.49616006755411157 }, "geometry": { "type": "Point", "coordinates": [ -81.276127376697218, 28.477331257535845 ] } },
{ "type": "Feature", "properties": { "GEOID": "12095016904", "Population": 3798, "median_income": 55539.0, "poverty_rate": "28.738379814077025", "housing_units": 1351, "population_density": "7626.388234284412", "grocery_stores": 0.0, "grocery_stores_per_1000": "0.0", "apartment_count": 0.0, "major_retailers": 0.0, "major_road_segments": 0.0, "population_score": 0.2808988764044944, "income_score": 0.19318181818181818, "apartment_score": 0.30524344569288392, "competition_score": 0.87453183520599254, "road_access_score": 0.76076339216983413, "opportunity_score": 0.41006341504937016, "location_rank": 157, "nearest_grocery_m": 782.68018334309829, "nearest_grocery_miles": 0.48633491866443612, "nearest_retailer_m": 911.11888572971861, "nearest_retailer_miles": 0.56614302829582652, "nearest_road_m": 492.02532092447569, "nearest_road_miles": 0.3057303602737983, "grocery_stores_per_10000": 0.0, "grocery_access_score": 0.64492584370356509, "retail_access_score": 0.65409031303800325, "accessibility_score": 0.69309375695696041, "final_location_score": 0.49497251762164718 }, "geometry": { "type": "Point", "coordinates": [ -81.413276050508273, 28.479644180871826 ] } },
{ "type": "Feature", "properties": { "GEOID": "12095013505", "Population": 5849, "median_income": 53190.0, "poverty_rate": "19.866643870747136", "housing_units": 2456, "population_density": "6067.350930154038", "grocery_stores": 0.0, "grocery_stores_per_1000": "0.0", "apartment_count": 0.0, "major_retailers": 0.0, "major_road_segments": 0.0, "population_score": 0.61423220973782766, "income_score": 0.13636363636363635, "apartment_score": 0.30524344569288392, "competition_score": 0.87453183520599254, "road_access_score": 0.47143445921038618, "opportunity_score": 0.48487402110997613, "location_rank": 158, "nearest_grocery_m": 968.88829780427818, "nearest_grocery_miles": 0.60203927675144542, "nearest_retailer_m": 1850.6542575002782, "nearest_retailer_miles": 1.1499432424020459, "nearest_road_m": 1597.4671456094254, "nearest_road_miles": 0.99262006482729948, "grocery_stores_per_10000": 0.0, "grocery_access_score": 0.59105539213421188, "retail_access_score": 0.44775921530133694, "accessibility_score": 0.5145477835981066, "final_location_score": 0.49377614985641527 }, "geometry": { "type": "Point", "coordinates": [ -81.293849836550592, 28.508759153693934 ] } },
{ "type": "Feature", "properties": { "GEOID": "12095014806", "Population": 4852, "median_income": 110385.0, "poverty_rate": "5.399835119538335", "housing_units": 1821, "population_density": "3711.9953038820418", "grocery_stores": 0.0, "grocery_stores_per_1000": "0.0", "apartment_count": 0.0, "major_retailers": 0.0, "major_road_segments": 0.0, "population_score": 0.45318352059925093, "income_score": 0.77272727272727271, "apartment_score": 0.30524344569288392, "competition_score": 0.87453183520599254, "road_access_score": 0.37761462609584834, "opportunity_score": 0.54006639427987746, "location_rank": 159, "nearest_grocery_m": 2113.9642312467331, "nearest_grocery_miles": 1.3135564747168618, "nearest_retailer_m": 2113.9642312467331, "nearest_retailer_miles": 1.3135564747168618, "nearest_road_m": 2257.0006457785457, "nearest_road_miles": 1.4024351821478476, "grocery_stores_per_10000": 0.0, "grocery_access_score": 0.37823027740620124, "retail_access_score": 0.40861476671423252, "accessibility_score": 0.38406091474366638, "final_location_score": 0.49326475041901408 }, "geometry": { "type": "Point", "coordinates": [ -81.498696966572481, 28.532154310330945 ] } },
{ "type": "Feature", "properties": { "GEOID": "12095011000", "Population": 3207, "median_income": 121250.0, "poverty_rate": "7.920174618023075", "housing_units": 1843, "population_density": "4799.472484967867", "grocery_stores": 6.0, "grocery_stores_per_1000": "1.8709073900841908", "apartment_count": 2.0, "major_retailers": 0.0, "major_road_segments": 0.0, "population_score": 0.20973782771535582, "income_score": 0.86553030303030298, "apartment_score": 0.67041198501872656, "competition_score": 0.33333333333333337, "road_access_score": 0.46815232194996337, "opportunity_score": 0.43085950800136197, "location_rank": 160, "nearest_grocery_m": 385.65040976883114, "nearest_grocery_miles": 0.23963205490487499, "nearest_retailer_m": 856.10732258955193, "nearest_retailer_miles": 0.53196042772058172, "nearest_road_m": 1616.7189400114996, "nearest_road_miles": 1.0045825752676243, "grocery_stores_per_10000": 18.709073900841908, "grocery_access_score": 0.79336738365115478, "retail_access_score": 0.67104481304628594, "accessibility_score": 0.63881684484970447, "final_location_score": 0.49324670905586471 }, "geometry": { "type": "Point", "coordinates": [ -81.353832620339261, 28.541967422424221 ] } },
{ "type": "Feature", "properties": { "GEOID": "12095013406", "Population": 4810, "median_income": 70948.0, "poverty_rate": "10.76923076923077", "housing_units": 1483, "population_density": "9155.096111423438", "grocery_stores": 5.0, "grocery_stores_per_1000": "1.0395010395010396", "apartment_count": 0.0, "major_retailers": 0.0, "major_road_segments": 2.0, "population_score": 0.44194756554307119, "income_score": 0.43181818181818182, "apartment_score": 0.30524344569288392, "competition_score": 0.39513108614232206, "road_access_score": 0.70774907537564646, "opportunity_score": 0.40391130405175346, "location_rank": 161, "nearest_grocery_m": 570.84452297783162, "nearest_grocery_miles": 0.35470634182488742, "nearest_retailer_m": 905.02330253061768, "nearest_retailer_miles": 0.56235540849601928, "nearest_road_m": 633.7032616504888, "nearest_road_miles": 0.39376495121645139, "grocery_stores_per_10000": 10.395010395010395, "grocery_access_score": 0.71739931776458388, "retail_access_score": 0.65593241632156585, "accessibility_score": 0.70124584052040528, "final_location_score": 0.49311166499234899 }, "geometry": { "type": "Point", "coordinates": [ -81.303885463927486, 28.527773403915585 ] } },
{ "type": "Feature", "properties": { "GEOID": "12095016744", "Population": 5373, "median_income": 85302.0, "poverty_rate": "20.584403498976364", "housing_units": 1851, "population_density": "5429.29536431781", "grocery_stores": 6.0, "grocery_stores_per_1000": "1.1166945840312674", "apartment_count": 41.0, "major_retailers": 0.0, "major_road_segments": 0.0, "population_score": 0.53183520599250933, "income_score": 0.5757575757575758, "apartment_score": 0.9044943820224719, "competition_score": 0.33333333333333337, "road_access_score": 0.25408385258183325, "opportunity_score": 0.51473442288049032, "location_rank": 162, "nearest_grocery_m": 986.01239757044164, "nearest_grocery_miles": 0.61267969903913744, "nearest_retailer_m": 1394.7647869369368, "nearest_retailer_miles": 0.86666665854965552, "nearest_road_m": 3692.8079119138602, "nearest_road_miles": 2.2946044549293751, "grocery_stores_per_10000": 11.166945840312675, "grocery_access_score": 0.58648947185056977, "retail_access_score": 0.53175853454582278, "accessibility_score": 0.44258103668212578, "final_location_score": 0.49308840702098089 }, "geometry": { "type": "Point", "coordinates": [ -81.171833170707785, 28.555945805903566 ] } },
{ "type": "Feature", "properties": { "GEOID": "12095016803", "Population": 2137, "median_income": 77083.0, "poverty_rate": "10.060832943378568", "housing_units": 982, "population_density": "435.7417693716492", "grocery_stores": 0.0, "grocery_stores_per_1000": "0.0", "apartment_count": 0.0, "major_retailers": 0.0, "major_road_segments": 18.0, "population_score": 0.056179775280898875, "income_score": 0.50378787878787878, "apartment_score": 0.30524344569288392, "competition_score": 0.87453183520599254, "road_access_score": 0.54246167188986871, "opportunity_score": 0.4760363466121893, "location_rank": 163, "nearest_grocery_m": 1171.3594663330136, "nearest_grocery_miles": 0.7278490281338319, "nearest_retailer_m": 1615.4779133769737, "nearest_retailer_miles": 1.0038114370681306, "nearest_road_m": 1230.6992113076576, "nearest_road_miles": 0.7647210362157858, "grocery_stores_per_10000": 0.0, "grocery_access_score": 0.54066751163713667, "retail_access_score": 0.48812559109237647, "accessibility_score": 0.53087679162927748, "final_location_score": 0.49248848011731572 }, "geometry": { "type": "Point", "coordinates": [ -81.383902513782516, 28.422703338059076 ] } },
{ "type": "Feature", "properties": { "GEOID": "12095015602", "Population": 2073, "median_income": 198409.0, "poverty_rate": "2.9908345393150024", "housing_units": 753, "population_density": "2955.510476053906", "grocery_stores": 0.0, "grocery_stores_per_1000": "0.0", "apartment_count": 0.0, "major_retailers": 0.0, "major_road_segments": 0.0, "population_score": 0.052434456928838954, "income_score": 0.98484848484848486, "apartment_score": 0.30524344569288392, "competition_score": 0.87453183520599254, "road_access_score": 0.47454106654124167, "opportunity_score": 0.47169731018045624, "location_rank": 164, "nearest_grocery_m": 920.25241108526382, "nearest_grocery_miles": 0.57181833783533154, "nearest_retailer_m": 1376.7416301692458, "nearest_retailer_miles": 0.85546758814103496, "nearest_road_m": 1579.4554248587312, "nearest_road_miles": 0.98142810043019468, "grocery_stores_per_10000": 0.0, "grocery_access_score": 0.60436064649275156, "retail_access_score": 0.53560640717322705, "accessibility_score": 0.53868196664824275, "final_location_score": 0.49179270712079215 }, "geometry": { "type": "Point", "coordinates": [ -81.33733379158393, 28.633622613052335 ] } },
{ "type": "Feature", "properties": { "GEOID": "12095013900", "Population": 4746, "median_income": 93256.0, "poverty_rate": "8.449220396123051", "housing_units": 2222, "population_density": "4331.137208260675", "grocery_stores": 25.0, "grocery_stores_per_1000": "5.267593763168985", "apartment_count": 0.0, "major_retailers": 4.0, "major_road_segments": 23.0, "population_score": 0.43445692883895132, "income_score": 0.63257575757575757, "apartment_score": 0.30524344569288392, "competition_score": 0.078651685393258397, "road_access_score": 0.70263276719396728, "opportunity_score": 0.39600995914198167, "location_rank": 165, "nearest_grocery_m": 609.01652968287283, "nearest_grocery_miles": 0.37842532714129035, "nearest_retailer_m": 609.01652968287283, "nearest_retailer_miles": 0.37842532714129035, "nearest_road_m": 648.39377169768102, "nearest_road_miles": 0.40289321095904979, "grocery_stores_per_10000": 52.675937631689848, "grocery_access_score": 0.70331750916420976, "retail_access_score": 0.75756864431717974, "accessibility_score": 0.71389383940670681, "final_location_score": 0.4913751232213992 }, "geometry": { "type": "Point", "coordinates": [ -81.369637070431537, 28.504779857591213 ] } },
{ "type": "Feature", "properties": { "GEOID": "12095011200", "Population": 3233, "median_income": 103750.0, "poverty_rate": "12.968121324667287", "housing_units": 1747, "population_density": "3928.0884708500002", "grocery_stores": 0.0, "grocery_stores_per_1000": "0.0", "apartment_count": 0.0, "major_retailers": 0.0, "major_road_segments": 0.0, "population_score": 0.21722846441947566, "income_score": 0.72727272727272729, "apartment_score": 0.30524344569288392, "competition_score": 0.87453183520599254, "road_access_score": 0.34805481078702638, "opportunity_score": 0.47425944841675183, "location_rank": 166, "nearest_grocery_m": 773.12296617519883, "nearest_grocery_miles": 0.48039633923834729, "nearest_retailer_m": 975.57229550457259, "nearest_retailer_miles": 0.60619252037138893, "nearest_road_m": 2524.8966846661679, "nearest_road_miles": 1.5688980632271086, "grocery_stores_per_10000": 0.0, "grocery_access_score": 0.64791796107118604, "retail_access_score": 0.63514390670814913, "accessibility_score": 0.5254178900849148, "final_location_score": 0.48960698091720067 }, "geometry": { "type": "Point", "coordinates": [ -81.350673621073298, 28.530570444453435 ] } },
{ "type": "Feature", "properties": { "GEOID": "12095012202", "Population": 7266, "median_income": 62180.0, "poverty_rate": "13.574785734033728", "housing_units": 2159, "population_density": "8571.36189440459", "grocery_stores": 2.0, "grocery_stores_per_1000": "0.2752546105147261", "apartment_count": 0.0, "major_retailers": 0.0, "major_road_segments": 0.0, "population_score": 0.8202247191011236, "income_score": 0.32575757575757575, "apartment_score": 0.30524344569288392, "competition_score": 0.56741573033707859, "road_access_score": 0.48130556485526149, "opportunity_score": 0.48800221314266257, "location_rank": 167, "nearest_grocery_m": 1334.8883637689144, "nearest_grocery_miles": 0.82946117409883424, "nearest_retailer_m": 1590.2126234459995, "nearest_retailer_miles": 0.98811231374149933, "nearest_road_m": 1540.927200534788, "nearest_road_miles": 0.95748777174723854, "grocery_stores_per_10000": 2.7525461051472613, "grocery_access_score": 0.50502999999002163, "retail_access_score": 0.49281519853240363, "accessibility_score": 0.493097265644594, "final_location_score": 0.48953072889324201 }, "geometry": { "type": "Point", "coordinates": [ -81.463700475597989, 28.564845502496031 ] } },
{ "type": "Feature", "properties": { "GEOID": "12095017119", "Population": 2384, "median_income": 131406.0, "poverty_rate": "4.76595744680851", "housing_units": 759, "population_density": "1956.8669544055028", "grocery_stores": 0.0, "grocery_stores_per_1000": "0.0", "apartment_count": 0.0, "major_retailers": 0.0, "major_road_segments": 0.0, "population_score": 0.093632958801498134, "income_score": 0.91287878787878785, "apartment_score": 0.30524344569288392, "competition_score": 0.87453183520599254, "road_access_score": 0.47201278488629689, "opportunity_score": 0.47120148110316651, "location_rank": 168, "nearest_grocery_m": 1030.9240968744166, "nearest_grocery_miles": 0.64058653518105302, "nearest_retailer_m": 1252.6491816089299, "nearest_retailer_miles": 0.77836011543146144, "nearest_road_m": 1594.0986881108101, "nearest_road_miles": 0.99052700237538405, "grocery_stores_per_10000": 0.0, "grocery_access_score": 0.5747957144530883, "retail_access_score": 0.56341520675549805, "accessibility_score": 0.53140644108685375, "final_location_score": 0.48926296909827266 }, "geometry": { "type": "Point", "coordinates": [ -81.551236808694327, 28.537096061311569 ] } },
{ "type": "Feature", "properties": { "GEOID": "12095010201", "Population": 1958, "median_income": 85051.0, "poverty_rate": "10.674157303370785", "housing_units": 1557, "population_density": "6191.846663272333", "grocery_stores": 10.0, "grocery_stores_per_1000": "5.107252298263534", "apartment_count": 3.0, "major_retailers": 0.0, "major_road_segments": 1.0, "population_score": 0.048689138576779027, "income_score": 0.56818181818181823, "apartment_score": 0.702247191011236, "competition_score": 0.22846441947565543, "road_access_score": 0.81048301852554083, "opportunity_score": 0.35985274089206676, "location_rank": 169, "nearest_grocery_m": 397.66212542523618, "nearest_grocery_miles": 0.24709578898311124, "nearest_retailer_m": 636.89501967062586, "nearest_retailer_miles": 0.39574821770275703, "nearest_road_m": 374.50649629668294, "nearest_road_miles": 0.23270754810449656, "grocery_stores_per_10000": 51.072522982635341, "grocery_access_score": 0.78801491310542349, "retail_access_score": 0.74685372535509975, "accessibility_score": 0.78876991772340577, "final_location_score": 0.48852789394146845 }, "geometry": { "type": "Point", "coordinates": [ -81.372490352853532, 28.547849247596737 ] } },
{ "type": "Feature", "properties": { "GEOID": "12095017600", "Population": 5521, "median_income": 41930.0, "poverty_rate": "35.59137837348306", "housing_units": 2042, "population_density": "2668.249844946833", "grocery_stores": 10.0, "grocery_stores_per_1000": "1.8112660749864156", "apartment_count": 0.0, "major_retailers": 2.0, "major_road_segments": 24.0, "population_score": 0.55430711610486894, "income_score": 0.045454545454545456, "apartment_score": 0.30524344569288392, "competition_score": 0.22846441947565543, "road_access_score": 0.62920817601585188, "opportunity_score": 0.37704290091930537, "location_rank": 170, "nearest_grocery_m": 366.80897138337076, "nearest_grocery_miles": 0.2279245278718352, "nearest_retailer_m": 366.80897138337076, "nearest_retailer_miles": 0.2279245278718352, "nearest_road_m": 882.61376739361299, "nearest_road_miles": 0.54843076893045428, "grocery_stores_per_10000": 18.112660749864155, "grocery_access_score": 0.80189428887488567, "retail_access_score": 0.86338254951311799, "accessibility_score": 0.74511749585891873, "final_location_score": 0.48746527940118933 }, "geometry": { "type": "Point", "coordinates": [ -81.506510230217955, 28.665137107953882 ] } },
{ "type": "Feature", "properties": { "GEOID": "12095017807", "Population": 4251, "median_income": 73441.0, "poverty_rate": "18.301576099741236", "housing_units": 1521, "population_density": "4584.969871154895", "grocery_stores": 6.0, "grocery_stores_per_1000": "1.4114326040931546", "apartment_count": 0.0, "major_retailers": 4.0, "major_road_segments": 11.0, "population_score": 0.35205992509363299, "income_score": 0.46590909090909088, "apartment_score": 0.30524344569288392, "competition_score": 0.33333333333333337, "road_access_score": 0.72253027505713807, "opportunity_score": 0.39301370446033368, "location_rank": 171, "nearest_grocery_m": 700.0240708723602, "nearest_grocery_miles": 0.43497479151279039, "nearest_retailer_m": 707.17307162623558, "nearest_retailer_miles": 0.43941697463453155, "nearest_road_m": 592.31600721120969, "nearest_road_miles": 0.36804810358208667, "grocery_stores_per_10000": 14.114326040931546, "grocery_access_score": 0.67162243891719986, "retail_access_score": 0.72098732573098712, "accessibility_score": 0.70185855073593273, "final_location_score": 0.48566715834301333 }, "geometry": { "type": "Point", "coordinates": [ -81.478344463903881, 28.678451904788858 ] } },
{ "type": "Feature", "properties": { "GEOID": "12095016414", "Population": 3583, "median_income": 64648.0, "poverty_rate": "7.814680435389339", "housing_units": 1730, "population_density": "5601.767587683741", "grocery_stores": 4.0, "grocery_stores_per_1000": "1.1163829193413342", "apartment_count": 14.0, "major_retailers": 1.0, "major_road_segments": 0.0, "population_score": 0.24344569288389514, "income_score": 0.35227272727272729, "apartment_score": 0.8202247191011236, "competition_score": 0.449438202247191, "road_access_score": 0.57699263970281978, "opportunity_score": 0.42128660197480422, "location_rank": 172, "nearest_grocery_m": 677.68497963268987, "nearest_grocery_miles": 0.42109392375569787, "nearest_retailer_m": 874.42760285696613, "nearest_retailer_miles": 0.54334412211246697, "nearest_road_m": 1081.1011073485136, "nearest_road_miles": 0.67176508400224777, "grocery_stores_per_10000": 11.163829193413342, "grocery_access_score": 0.6791688472568489, "retail_access_score": 0.66531511462231818, "accessibility_score": 0.63552761770833111, "final_location_score": 0.48555890669486224 }, "geometry": { "type": "Point", "coordinates": [ -81.276944313309144, 28.593723973535909 ] } },
{ "type": "Feature", "properties": { "GEOID": "12095016737", "Population": 12795, "median_income": 118326.0, "poverty_rate": "5.666275889019149", "housing_units": 4184, "population_density": "93.30149921674389", "grocery_stores": 2.0, "grocery_stores_per_1000": "0.15631105900742479", "apartment_count": 5.0, "major_retailers": 1.0, "major_road_segments": 0.0, "population_score": 0.97752808988764039, "income_score": 0.83333333333333337, "apartment_score": 0.73408239700374533, "competition_score": 0.56741573033707859, "road_access_score": 0.0066342471543087934, "opportunity_score": 0.68923220973782762, "location_rank": 173, "nearest_grocery_m": 16062.333261133055, "nearest_grocery_miles": 9.9806711685836316, "nearest_retailer_m": 16499.498967850188, "nearest_retailer_miles": 10.252313344971732, "nearest_road_m": 19093.078931455191, "nearest_road_miles": 11.863889219119834, "grocery_stores_per_10000": 1.5631105900742477, "grocery_access_score": 0.0, "retail_access_score": 0.0, "accessibility_score": 0.0026536988617235175, "final_location_score": 0.48325865647499638 }, "geometry": { "type": "Point", "coordinates": [ -81.044720045421215, 28.401294289350389 ] } },
{ "type": "Feature", "properties": { "GEOID": "12095017506", "Population": 12688, "median_income": 96643.0, "poverty_rate": "6.486443883984867", "housing_units": 4844, "population_density": "1460.2780057746752", "grocery_stores": 11.0, "grocery_stores_per_1000": "0.8669609079445145", "apartment_count": 10.0, "major_retailers": 1.0, "major_road_segments": 0.0, "population_score": 0.97003745318352064, "income_score": 0.65909090909090906, "apartment_score": 0.79026217228464424, "competition_score": 0.21161048689138573, "road_access_score": 0.17007850613040632, "opportunity_score": 0.58350783112019067, "location_rank": 174, "nearest_grocery_m": 2990.7140384518325, "nearest_grocery_miles": 1.8583435477137469, "nearest_retailer_m": 3038.6160551129146, "nearest_retailer_miles": 1.8881084809170161, "nearest_road_m": 5484.1998012359581, "nearest_road_miles": 3.4077237689617372, "grocery_stores_per_10000": 8.669609079445145, "grocery_access_score": 0.28689827033415188, "retail_access_score": 0.30628674134312589, "accessibility_score": 0.24404805885444847, "final_location_score": 0.48166989944046795 }, "geometry": { "type": "Point", "coordinates": [ -81.530924128304392, 28.62652481254262 ] } },
{ "type": "Feature", "properties": { "GEOID": "12095014810", "Population": 6599, "median_income": 107280.0, "poverty_rate": "2.679528403001072", "housing_units": 2129, "population_density": "3210.758214906789", "grocery_stores": 2.0, "grocery_stores_per_1000": "0.30307622367025305", "apartment_count": 0.0, "major_retailers": 1.0, "major_road_segments": 0.0, "population_score": 0.73782771535580527, "income_score": 0.74242424242424243, "apartment_score": 0.30524344569288392, "competition_score": 0.56741573033707859, "road_access_score": 0.23805672948346035, "opportunity_score": 0.52990296220633304, "location_rank": 175, "nearest_grocery_m": 1680.9931498432888, "nearest_grocery_miles": 1.0445207176609157, "nearest_retailer_m": 1680.9931498432888, "nearest_retailer_miles": 1.0445207176609157, "nearest_road_m": 3961.2025282662189, "nearest_road_miles": 2.4613771376823221, "grocery_stores_per_10000": 3.0307622367025306, "grocery_access_score": 0.44128667023951196, "retail_access_score": 0.47630051576025423, "accessibility_score": 0.36699746304123981, "final_location_score": 0.48103131245680503 }, "geometry": { "type": "Point", "coordinates": [ -81.49940756119102, 28.478627933897894 ] } },
{ "type": "Feature", "properties": { "GEOID": "12095012900", "Population": 4113, "median_income": 108304.0, "poverty_rate": "5.4126867499387705", "housing_units": 2243, "population_density": "3926.343371523138", "grocery_stores": 15.0, "grocery_stores_per_1000": "3.6469730123997084", "apartment_count": 15.0, "major_retailers": 4.0, "major_road_segments": 0.0, "population_score": 0.33707865168539325, "income_score": 0.75, "apartment_score": 0.8314606741573034, "competition_score": 0.15543071161048694, "road_access_score": 0.3938779001516769, "opportunity_score": 0.43309925093632962, "location_rank": 176, "nearest_grocery_m": 677.10586264474955, "nearest_grocery_miles": 0.42073407714245653, "nearest_retailer_m": 514.28748245453482, "nearest_retailer_miles": 0.31956342612551125, "nearest_road_m": 2123.9050267692273, "nearest_road_miles": 1.3197333986824615, "grocery_stores_per_10000": 36.469730123997081, "grocery_access_score": 0.67936644072256769, "retail_access_score": 0.79607918580881032, "accessibility_score": 0.58851357351145994, "final_location_score": 0.47972354770886871 }, "geometry": { "type": "Point", "coordinates": [ -81.342739394093456, 28.560570440508457 ] } },
{ "type": "Feature", "properties": { "GEOID": "12095012304", "Population": 8471, "median_income": 70032.0, "poverty_rate": "13.988903317199858", "housing_units": 2373, "population_density": "6955.1361764104495", "grocery_stores": 2.0, "grocery_stores_per_1000": "0.23609963404556722", "apartment_count": 0.0, "major_retailers": 0.0, "major_road_segments": 0.0, "population_score": 0.90636704119850187, "income_score": 0.40909090909090912, "apartment_score": 0.30524344569288392, "competition_score": 0.56741573033707859, "road_access_score": 0.23413309159267623, "opportunity_score": 0.52203779366700709, "location_rank": 177, "nearest_grocery_m": 1089.5679276920062, "nearest_grocery_miles": 0.67702612225354308, "nearest_retailer_m": 3074.0041244254271, "nearest_retailer_miles": 1.9100976077367096, "nearest_road_m": 4031.101109078023, "nearest_road_miles": 2.5048101021770504, "grocery_stores_per_10000": 2.3609963404556722, "grocery_access_score": 0.56011236226677663, "retail_access_score": 0.30317326348514267, "accessibility_score": 0.37833283424080971, "final_location_score": 0.47892630583914786 }, "geometry": { "type": "Point", "coordinates": [ -81.486641621177085, 28.584622500974344 ] } },
{ "type": "Feature", "properties": { "GEOID": "12095016402", "Population": 2796, "median_income": 58464.0, "poverty_rate": "9.120521172638437", "housing_units": 1112, "population_density": "2754.725838373033", "grocery_stores": 5.0, "grocery_stores_per_1000": "1.78826895565093", "apartment_count": 13.0, "major_retailers": 2.0, "major_road_segments": 6.0, "population_score": 0.15355805243445692, "income_score": 0.24621212121212122, "apartment_score": 0.8089887640449438, "competition_score": 0.39513108614232206, "road_access_score": 0.6377620453902898, "opportunity_score": 0.41062095675859722, "location_rank": 178, "nearest_grocery_m": 912.86714596947888, "nearest_grocery_miles": 0.56722934684534743, "nearest_retailer_m": 828.25087984948493, "nearest_retailer_miles": 0.51465123668369528, "nearest_road_m": 852.85637039436335, "nearest_road_miles": 0.52994037967915086, "grocery_stores_per_10000": 17.882689556509298, "grocery_access_score": 0.60642589842610728, "retail_access_score": 0.67992200141579517, "accessibility_score": 0.63365957780971782, "final_location_score": 0.47753254307393339 }, "geometry": { "type": "Point", "coordinates": [ -81.302124275844989, 28.56917185608247 ] } },
{ "type": "Feature", "properties": { "GEOID": "12095015702", "Population": 1520, "median_income": 151875.0, "poverty_rate": "3.75", "housing_units": 676, "population_density": "2431.129773571902", "grocery_stores": 1.0, "grocery_stores_per_1000": "0.6578947368421052", "apartment_count": 0.0, "major_retailers": 0.0, "major_road_segments": 0.0, "population_score": 0.02247191011235955, "income_score": 0.94696969696969702, "apartment_score": 0.30524344569288392, "competition_score": 0.68913857677902624, "road_access_score": 0.45216681356400612, "opportunity_score": 0.41217654068777665, "location_rank": 179, "nearest_grocery_m": 267.72974164710439, "nearest_grocery_miles": 0.16635954876465467, "nearest_retailer_m": 1506.0985739829621, "nearest_retailer_miles": 0.93584626654274161, "nearest_road_m": 1713.8880469143285, "nearest_road_miles": 1.0649606590724721, "grocery_stores_per_10000": 6.5789473684210522, "grocery_access_score": 0.84955059224033069, "retail_access_score": 0.50897614274602554, "accessibility_score": 0.62248219087093981, "final_location_score": 0.47526823574272559 }, "geometry": { "type": "Point", "coordinates": [ -81.33438937153214, 28.62415652806699 ] } },
{ "type": "Feature", "properties": { "GEOID": "12095017122", "Population": 2657, "median_income": 117895.0, "poverty_rate": "10.048927361686113", "housing_units": 1668, "population_density": "2093.1663675482487", "grocery_stores": 1.0, "grocery_stores_per_1000": "0.3763643206624012", "apartment_count": 1.0, "major_retailers": 0.0, "major_road_segments": 0.0, "population_score": 0.14232209737827714, "income_score": 0.8257575757575758, "apartment_score": 0.63108614232209737, "competition_score": 0.68913857677902624, "road_access_score": 0.36339216824737169, "opportunity_score": 0.48912580864828059, "location_rank": 180, "nearest_grocery_m": 1309.659917699948, "nearest_grocery_miles": 0.81378494448666538, "nearest_retailer_m": 1748.2036363225918, "nearest_retailer_miles": 1.0862833777754115, "nearest_road_m": 2381.4234236426296, "nearest_road_miles": 1.4797479119707344, "grocery_stores_per_10000": 3.7636432066240122, "grocery_access_score": 0.51026749190144305, "retail_access_score": 0.4646490062138865, "accessibility_score": 0.44239366530230317, "final_location_score": 0.47510616564448738 }, "geometry": { "type": "Point", "coordinates": [ -81.487379289723961, 28.427351488263778 ] } },
{ "type": "Feature", "properties": { "GEOID": "12095014813", "Population": 4422, "median_income": 99699.0, "poverty_rate": "19.036482694106642", "housing_units": 2620, "population_density": "4807.316764188978", "grocery_stores": 28.0, "grocery_stores_per_1000": "6.331976481230212", "apartment_count": 1.0, "major_retailers": 3.0, "major_road_segments": 0.0, "population_score": 0.37453183520599254, "income_score": 0.68939393939393945, "apartment_score": 0.63108614232209737, "competition_score": 0.056179775280898903, "road_access_score": 0.50408921845243637, "opportunity_score": 0.36848399727613212, "location_rank": 181, "nearest_grocery_m": 246.34621565378325, "nearest_grocery_miles": 0.15307244172394668, "nearest_retailer_m": 320.55687872605859, "nearest_retailer_miles": 0.19918480991388948, "nearest_road_m": 1417.7404214683359, "nearest_road_miles": 0.88094305597084022, "grocery_stores_per_10000": 63.319764812302125, "grocery_access_score": 0.86050356810732875, "retail_access_score": 0.88660903844006134, "accessibility_score": 0.72315892231191836, "final_location_score": 0.47488647478686796 }, "geometry": { "type": "Point", "coordinates": [ -81.4878946470876, 28.455680897415611 ] } },
{ "type": "Feature", "properties": { "GEOID": "12095013503", "Population": 2300, "median_income": 45386.0, "poverty_rate": "22.91304347826087", "housing_units": 1078, "population_density": "13973.171605502972", "grocery_stores": 1.0, "grocery_stores_per_1000": "0.4347826086956522", "apartment_count": 0.0, "major_retailers": 0.0, "major_road_segments": 1.0, "population_score": 0.086142322097378279, "income_score": 0.068181818181818177, "apartment_score": 0.30524344569288392, "competition_score": 0.68913857677902624, "road_access_score": 0.81853205128726048, "opportunity_score": 0.32998382703438889, "location_rank": 182, "nearest_grocery_m": 343.83414196158691, "nearest_grocery_miles": 0.21364863072257198, "nearest_retailer_m": 535.34437579055532, "nearest_retailer_miles": 0.33264757304252868, "nearest_road_m": 356.70667678831626, "nearest_road_miles": 0.2216472530349734, "grocery_stores_per_10000": 4.3478260869565215, "grocery_access_score": 0.81251441084674936, "retail_access_score": 0.78722479503983722, "accessibility_score": 0.80986354386157133, "final_location_score": 0.47394774208254359 }, "geometry": { "type": "Point", "coordinates": [ -81.306615445757572, 28.519689430251155 ] } },
{ "type": "Feature", "properties": { "GEOID": "12095016741", "Population": 2883, "median_income": 63878.0, "poverty_rate": "18.03676725633021", "housing_units": 1941, "population_density": "4917.627690907941", "grocery_stores": 26.0, "grocery_stores_per_1000": "9.018383628165106", "apartment_count": 24.0, "major_retailers": 5.0, "major_road_segments": 1.0, "population_score": 0.16853932584269662, "income_score": 0.34090909090909088, "apartment_score": 0.8651685393258427, "competition_score": 0.071161048689138529, "road_access_score": 0.47852547386194233, "opportunity_score": 0.34898280558392913, "location_rank": 183, "nearest_grocery_m": 118.20237155120053, "nearest_grocery_miles": 0.073447548536049803, "nearest_retailer_m": 129.81613374076682, "nearest_retailer_miles": 0.080664005794141472, "nearest_road_m": 1556.6483781281479, "nearest_road_miles": 0.96725645861179954, "grocery_stores_per_10000": 90.183836281651068, "grocery_access_score": 0.9318220648543597, "retail_access_score": 0.99544605777958228, "accessibility_score": 0.76322822704243731, "final_location_score": 0.4732564320214816 }, "geometry": { "type": "Point", "coordinates": [ -81.201315368782588, 28.553790274116746 ] } },
{ "type": "Feature", "properties": { "GEOID": "12095015203", "Population": 2897, "median_income": 71638.0, "poverty_rate": "10.73524335519503", "housing_units": 1725, "population_density": "2324.525241235625", "grocery_stores": 5.0, "grocery_stores_per_1000": "1.7259233690024163", "apartment_count": 1.0, "major_retailers": 0.0, "major_road_segments": 2.0, "population_score": 0.17228464419475656, "income_score": 0.45075757575757575, "apartment_score": 0.63108614232209737, "competition_score": 0.39513108614232206, "road_access_score": 0.53475348729473882, "opportunity_score": 0.40450502213142658, "location_rank": 184, "nearest_grocery_m": 285.20192847763218, "nearest_grocery_miles": 0.17721626232653315, "nearest_retailer_m": 2174.7718738824601, "nearest_retailer_miles": 1.3513405921185651, "nearest_road_m": 1266.3931519944224, "nearest_road_miles": 0.78690022269596949, "grocery_stores_per_10000": 17.259233690024164, "grocery_access_score": 0.84078461342762789, "retail_access_score": 0.40034920275756403, "accessibility_score": 0.63028508084045953, "final_location_score": 0.47223903974413639 }, "geometry": { "type": "Point", "coordinates": [ -81.396156229889343, 28.631242848357047 ] } },
{ "type": "Feature", "properties": { "GEOID": "12095017702", "Population": 2637, "median_income": 125000.0, "poverty_rate": "1.2790697674418605", "housing_units": 884, "population_density": "1531.1685258851332", "grocery_stores": 0.0, "grocery_stores_per_1000": "0.0", "apartment_count": 0.0, "major_retailers": 0.0, "major_road_segments": 0.0, "population_score": 0.13857677902621723, "income_score": 0.89393939393939392, "apartment_score": 0.30524344569288392, "competition_score": 0.87453183520599254, "road_access_score": 0.36049266444736011, "opportunity_score": 0.4795965270684372, "location_rank": 185, "nearest_grocery_m": 1352.656481584143, "nearest_grocery_miles": 0.84050177064949627, "nearest_retailer_m": 1352.656481584143, "nearest_retailer_miles": 0.84050177064949627, "nearest_road_m": 2407.7784482248835, "nearest_road_miles": 1.4961241650168537, "grocery_stores_per_10000": 0.0, "grocery_access_score": 0.50139483738318813, "retail_access_score": 0.54082159180179323, "accessibility_score": 0.45291931909257799, "final_location_score": 0.47159336467567936 }, "geometry": { "type": "Point", "coordinates": [ -81.498913777521921, 28.69493304589373 ] } },
{ "type": "Feature", "properties": { "GEOID": "12095014701", "Population": 5271, "median_income": 46727.0, "poverty_rate": "14.222901930797171", "housing_units": 2189, "population_density": "3391.8333418577454", "grocery_stores": 18.0, "grocery_stores_per_1000": "3.414911781445646", "apartment_count": 0.0, "major_retailers": 3.0, "major_road_segments": 35.0, "population_score": 0.5168539325842697, "income_score": 0.083333333333333329, "apartment_score": 0.30524344569288392, "competition_score": 0.1292134831460674, "road_access_score": 0.82322988972038824, "opportunity_score": 0.35866104868913862, "location_rank": 186, "nearest_grocery_m": 738.22180906600045, "nearest_grocery_miles": 0.4587097656349422, "nearest_retailer_m": 758.96796512913352, "nearest_retailer_miles": 0.47160082936223302, "nearest_road_m": 346.46461493376933, "nearest_road_miles": 0.21528313084944506, "grocery_stores_per_10000": 34.14911781445646, "grocery_access_score": 0.6590515398538338, "retail_access_score": 0.7029064163038814, "accessibility_score": 0.73349385509046505, "final_location_score": 0.47111089060953659 }, "geometry": { "type": "Point", "coordinates": [ -81.461929511853214, 28.545552341745367 ] } },
{ "type": "Feature", "properties": { "GEOID": "12095016603", "Population": 8043, "median_income": 108942.0, "poverty_rate": "23.05295950155763", "housing_units": 2531, "population_density": "467.207323871876", "grocery_stores": 1.0, "grocery_stores_per_1000": "0.12433171702101205", "apartment_count": 0.0, "major_retailers": 0.0, "major_road_segments": 0.0, "population_score": 0.88014981273408244, "income_score": 0.75757575757575757, "apartment_score": 0.30524344569288392, "competition_score": 0.68913857677902624, "road_access_score": 0.044159537125322564, "opportunity_score": 0.59818692543411645, "location_rank": 187, "nearest_grocery_m": 2799.3785403739325, "nearest_grocery_miles": 1.7394531811557581, "nearest_retailer_m": 5258.5510900971476, "nearest_retailer_miles": 3.2675121602945967, "nearest_road_m": 12762.676530969258, "nearest_road_miles": 7.9303595321878095, "grocery_stores_per_10000": 1.2433171702101204, "grocery_access_score": 0.30373117627122243, "retail_access_score": 0.17309970162668226, "accessibility_score": 0.17377622568395446, "final_location_score": 0.4708637155090678 }, "geometry": { "type": "Point", "coordinates": [ -81.077098907150884, 28.564425092374819 ] } },
{ "type": "Feature", "properties": { "GEOID": "12095017505", "Population": 4769, "median_income": 97286.0, "poverty_rate": "4.0889075277836024", "housing_units": 1899, "population_density": "1915.6779183214642", "grocery_stores": 0.0, "grocery_stores_per_1000": "0.0", "apartment_count": 0.0, "major_retailers": 0.0, "major_road_segments": 0.0, "population_score": 0.43820224719101125, "income_score": 0.66666666666666663, "apartment_score": 0.30524344569288392, "competition_score": 0.87453183520599254, "road_access_score": 0.32560196771226535, "opportunity_score": 0.52041198501872654, "location_rank": 188, "nearest_grocery_m": 2318.9616495850946, "nearest_grocery_miles": 1.4409359649553448, "nearest_retailer_m": 2318.9616495850946, "nearest_retailer_miles": 1.4409359649553448, "nearest_road_m": 2754.5705562181306, "nearest_road_miles": 1.711610790619116, "grocery_stores_per_10000": 0.0, "grocery_access_score": 0.35322372884676634, "retail_access_score": 0.38177233418284096, "accessibility_score": 0.34788474546018089, "final_location_score": 0.46865381315116283 }, "geometry": { "type": "Point", "coordinates": [ -81.521506142759108, 28.649719895168982 ] } },
{ "type": "Feature", "properties": { "GEOID": "12095016710", "Population": 4359, "median_income": 83690.0, "poverty_rate": "10.585533869115958", "housing_units": 1559, "population_density": "2330.0306669747297", "grocery_stores": 0.0, "grocery_stores_per_1000": "0.0", "apartment_count": 0.0, "major_retailers": 0.0, "major_road_segments": 0.0, "population_score": 0.36329588014981273, "income_score": 0.55681818181818177, "apartment_score": 0.30524344569288392, "competition_score": 0.87453183520599254, "road_access_score": 0.24743429045879345, "opportunity_score": 0.48520812053115425, "location_rank": 189, "nearest_grocery_m": 1194.0619145976113, "nearest_grocery_miles": 0.74195567547871144, "nearest_retailer_m": 1194.0619145976113, "nearest_retailer_miles": 0.74195567547871144, "nearest_road_m": 3800.9600581758218, "nearest_road_miles": 2.3618070829951967, "grocery_stores_per_10000": 0.0, "grocery_access_score": 0.53547148157213031, "retail_access_score": 0.57740001126515439, "accessibility_score": 0.42864231106540041, "final_location_score": 0.46823837769142806 }, "geometry": { "type": "Point", "coordinates": [ -81.256879578744915, 28.500566975045441 ] } },
{ "type": "Feature", "properties": { "GEOID": "12095012100", "Population": 7756, "median_income": 46196.0, "poverty_rate": "20.54228534538412", "housing_units": 2515, "population_density": "7822.571019246114", "grocery_stores": 6.0, "grocery_stores_per_1000": "0.773594636410521", "apartment_count": 0.0, "major_retailers": 1.0, "major_road_segments": 2.0, "population_score": 0.86142322097378277, "income_score": 0.079545454545454544, "apartment_score": 0.30524344569288392, "competition_score": 0.33333333333333337, "road_access_score": 0.52343308710944958, "opportunity_score": 0.44048987061627509, "location_rank": 190, "nearest_grocery_m": 1260.8256445555098, "nearest_grocery_miles": 0.78344073396086222, "nearest_retailer_m": 1260.8256445555098, "nearest_retailer_miles": 0.78344073396086222, "nearest_road_m": 1320.4710025783722, "nearest_road_miles": 0.82050264118695082, "grocery_stores_per_10000": 7.7359463641052093, "grocery_access_score": 0.52066722293504397, "retail_access_score": 0.56150888127979171, "accessibility_score": 0.52994190027375576, "final_location_score": 0.46732547951351922 }, "geometry": { "type": "Point", "coordinates": [ -81.454950169770868, 28.564281380453082 ] } },
{ "type": "Feature", "properties": { "GEOID": "12095014909", "Population": 3742, "median_income": 98203.0, "poverty_rate": "9.372453137734311", "housing_units": 1011, "population_density": "5337.08211776484", "grocery_stores": 0.0, "grocery_stores_per_1000": "0.0", "apartment_count": 0.0, "major_retailers": 0.0, "major_road_segments": 0.0, "population_score": 0.2696629213483146, "income_score": 0.68181818181818177, "apartment_score": 0.30524344569288392, "competition_score": 0.87453183520599254, "road_access_score": 0.42688839150344027, "opportunity_score": 0.48054988083077971, "location_rank": 191, "nearest_grocery_m": 1802.3329030974201, "nearest_grocery_miles": 1.1199177448062192, "nearest_retailer_m": 1802.3329030974201, "nearest_retailer_miles": 1.1199177448062192, "nearest_road_m": 1880.0890952381042, "nearest_road_miles": 1.1682332026205113, "grocery_stores_per_10000": 0.0, "grocery_access_score": 0.42200101337713147, "retail_access_score": 0.4555989806434978, "accessibility_score": 0.43067555808092828, "final_location_score": 0.46558758400582423 }, "geometry": { "type": "Point", "coordinates": [ -81.49702904062525, 28.567481236018804 ] } },
{ "type": "Feature", "properties": { "GEOID": "12095016906", "Population": 3039, "median_income": 31042.0, "poverty_rate": "43.3037183283975", "housing_units": 2211, "population_density": "9485.043763529879", "grocery_stores": 1.0, "grocery_stores_per_1000": "0.3290556103981573", "apartment_count": 0.0, "major_retailers": 0.0, "major_road_segments": 7.0, "population_score": 0.19850187265917604, "income_score": 0.022727272727272728, "apartment_score": 0.30524344569288392, "competition_score": 0.68913857677902624, "road_access_score": 0.76453805899144056, "opportunity_score": 0.36473867892407219, "location_rank": 192, "nearest_grocery_m": 628.7167963789484, "nearest_grocery_miles": 0.3906665053456243, "nearest_retailer_m": 1171.8216744535407, "nearest_retailer_miles": 0.72813623094474555, "nearest_road_m": 482.61719998365379, "nearest_road_miles": 0.29988442494808676, "grocery_stores_per_10000": 3.2905561039815727, "grocery_access_score": 0.6962379254680211, "retail_access_score": 0.58286305109511194, "accessibility_score": 0.70088300400280712, "final_location_score": 0.46558197644769267 }, "geometry": { "type": "Point", "coordinates": [ -81.401788442724538, 28.488704784337418 ] } },
{ "type": "Feature", "properties": { "GEOID": "12095016812", "Population": 6597, "median_income": 75566.0, "poverty_rate": "8.443231772017585", "housing_units": 2415, "population_density": "5678.943312998868", "grocery_stores": 7.0, "grocery_stores_per_1000": "1.0610883735031076", "apartment_count": 0.0, "major_retailers": 1.0, "major_road_segments": 0.0, "population_score": 0.73408239700374533, "income_score": 0.48863636363636365, "apartment_score": 0.30524344569288392, "competition_score": 0.2865168539325843, "road_access_score": 0.45455901137182375, "opportunity_score": 0.42067373169901268, "location_rank": 193, "nearest_grocery_m": 772.37775460506327, "nearest_grocery_miles": 0.47993328623654313, "nearest_retailer_m": 960.76362136441276, "nearest_retailer_miles": 0.59699083686546361, "nearest_road_m": 1698.9761278615092, "nearest_road_miles": 1.055694822152075, "grocery_stores_per_10000": 10.610883735031075, "grocery_access_score": 0.64815227672435993, "retail_access_score": 0.63941290639872095, "accessibility_score": 0.56896709651821764, "final_location_score": 0.46516174114477415 }, "geometry": { "type": "Point", "coordinates": [ -81.357667783263935, 28.360060037318192 ] } },
{ "type": "Feature", "properties": { "GEOID": "12095010802", "Population": 3507, "median_income": 133625.0, "poverty_rate": "6.456282570932252", "housing_units": 1737, "population_density": "5115.3019996789935", "grocery_stores": 16.0, "grocery_stores_per_1000": "4.562303963501568", "apartment_count": 0.0, "major_retailers": 0.0, "major_road_segments": 2.0, "population_score": 0.23970037453183521, "income_score": 0.92045454545454541, "apartment_score": 0.30524344569288392, "competition_score": 0.14232209737827717, "road_access_score": 0.70739697209025199, "opportunity_score": 0.36344271365338776, "location_rank": 194, "nearest_grocery_m": 619.65768891345499, "nearest_grocery_miles": 0.38503743693918452, "nearest_retailer_m": 801.4979971494821, "nearest_retailer_miles": 0.49802776606460897, "nearest_road_m": 634.70813122890684, "nearest_road_miles": 0.39438934822443605, "grocery_stores_per_10000": 45.623039635015687, "grocery_access_score": 0.69947790866849291, "retail_access_score": 0.68864062742032639, "accessibility_score": 0.70047807778756332, "final_location_score": 0.46455332289364037 }, "geometry": { "type": "Point", "coordinates": [ -81.357967573968367, 28.559748147327163 ] } },
{ "type": "Feature", "properties": { "GEOID": "12095015006", "Population": 4822, "median_income": 104531.0, "poverty_rate": "5.620074657818332", "housing_units": 1575, "population_density": "4085.2162166718676", "grocery_stores": 0.0, "grocery_stores_per_1000": "0.0", "apartment_count": 0.0, "major_retailers": 0.0, "major_road_segments": 0.0, "population_score": 0.44569288389513106, "income_score": 0.73106060606060608, "apartment_score": 0.30524344569288392, "competition_score": 0.87453183520599254, "road_access_score": 0.17207816199727446, "opportunity_score": 0.53194373510384751, "location_rank": 195, "nearest_grocery_m": 1699.1401373518788, "nearest_grocery_miles": 1.0557967329246443, "nearest_retailer_m": 2955.9588298319604, "nearest_retailer_miles": 1.8367476622971597, "nearest_road_m": 5427.6056934295457, "nearest_road_miles": 3.3725578207204583, "grocery_stores_per_10000": 0.0, "grocery_access_score": 0.43831243916503282, "retail_access_score": 0.31374704637429379, "accessibility_score": 0.30690564973978168, "final_location_score": 0.46443230949462777 }, "geometry": { "type": "Point", "coordinates": [ -81.508357526531228, 28.60094499086377 ] } },
{ "type": "Feature", "properties": { "GEOID": "12095010400", "Population": 1141, "median_income": 21410.0, "poverty_rate": "45.92462751971954", "housing_units": 558, "population_density": "5460.485323184151", "grocery_stores": 0.0, "grocery_stores_per_1000": "0.0", "apartment_count": 0.0, "major_retailers": 0.0, "major_road_segments": 7.0, "population_score": 0.011235955056179775, "income_score": 0.007575757575757576, "apartment_score": 0.30524344569288392, "competition_score": 0.87453183520599254, "road_access_score": 0.71378245208354896, "opportunity_score": 0.36199778685733741, "location_rank": 196, "nearest_grocery_m": 620.63630563461606, "nearest_grocery_miles": 0.38564552117795575, "nearest_retailer_m": 809.31475470270709, "nearest_retailer_miles": 0.50288487402488657, "nearest_road_m": 616.62333861209697, "nearest_road_miles": 0.38315197907476395, "grocery_stores_per_10000": 0.0, "grocery_access_score": 0.69912663885416437, "retail_access_score": 0.68607324220791599, "accessibility_score": 0.70237828481666864, "final_location_score": 0.4641119362451368 }, "geometry": { "type": "Point", "coordinates": [ -81.39085635091989, 28.533175303781398 ] } },
{ "type": "Feature", "properties": { "GEOID": "12095016717", "Population": 4115, "median_income": 117083.0, "poverty_rate": "10.012150668286756", "housing_units": 1312, "population_density": "3226.430789724392", "grocery_stores": 0.0, "grocery_stores_per_1000": "0.0", "apartment_count": 0.0, "major_retailers": 0.0, "major_road_segments": 0.0, "population_score": 0.34082397003745318, "income_score": 0.81439393939393945, "apartment_score": 0.30524344569288392, "competition_score": 0.87453183520599254, "road_access_score": 0.15302502356256417, "opportunity_score": 0.51822650663942804, "location_rank": 197, "nearest_grocery_m": 1622.1585633160473, "nearest_grocery_miles": 1.0079626004856932, "nearest_retailer_m": 1695.7549996948969, "nearest_retailer_miles": 1.0536933059028379, "nearest_road_m": 6006.554801002093, "nearest_road_miles": 3.7323001179375526, "grocery_stores_per_10000": 0.0, "grocery_access_score": 0.45115917664504962, "retail_access_score": 0.4737008132684542, "accessibility_score": 0.33641384273673636, "final_location_score": 0.4636827074686205 }, "geometry": { "type": "Point", "coordinates": [ -81.245338751484823, 28.523850594663596 ] } },
{ "type": "Feature", "properties": { "GEOID": "12095016406", "Population": 1690, "median_income": 57143.0, "poverty_rate": "28.5207100591716", "housing_units": 1104, "population_density": "1559.27391453967", "grocery_stores": 7.0, "grocery_stores_per_1000": "4.1420118343195265", "apartment_count": 4.0, "major_retailers": 1.0, "major_road_segments": 39.0, "population_score": 0.029962546816479401, "income_score": 0.22727272727272727, "apartment_score": 0.72097378277153557, "competition_score": 0.2865168539325843, "road_access_score": 0.75377417768739552, "opportunity_score": 0.38381001021450456, "location_rank": 198, "nearest_grocery_m": 1000.4350322843804, "nearest_grocery_miles": 0.62164150876654112, "nearest_retailer_m": 1199.505410627806, "nearest_retailer_miles": 0.7453381070969326, "nearest_road_m": 509.67078142553794, "nearest_road_miles": 0.31669474110292017, "grocery_stores_per_10000": 41.42011834319527, "grocery_access_score": 0.58269034769430006, "retail_access_score": 0.57607606240668829, "accessibility_score": 0.64980102263401596, "final_location_score": 0.46360731394035792 }, "geometry": { "type": "Point", "coordinates": [ -81.301652355144711, 28.58528133840953 ] } },
{ "type": "Feature", "properties": { "GEOID": "12095011600", "Population": 3806, "median_income": 56212.0, "poverty_rate": "8.854440357330532", "housing_units": 1914, "population_density": "2544.5249503381774", "grocery_stores": 3.0, "grocery_stores_per_1000": "0.788229111928534", "apartment_count": 0.0, "major_retailers": 1.0, "major_road_segments": 53.0, "population_score": 0.28464419475655428, "income_score": 0.21212121212121213, "apartment_score": 0.30524344569288392, "competition_score": 0.49250936329588013, "road_access_score": 0.60166157788771735, "opportunity_score": 0.42479570990806942, "location_rank": 199, "nearest_grocery_m": 1331.6157890679453, "nearest_grocery_miles": 0.82742769045520737, "nearest_retailer_m": 1331.6157890679453, "nearest_retailer_miles": 0.82742769045520737, "nearest_road_m": 983.52934473588368, "nearest_road_miles": 0.6111368015389399, "grocery_stores_per_10000": 7.8822911192853393, "grocery_access_score": 0.50570432306932667, "retail_access_score": 0.54544746324103777, "accessibility_score": 0.5520358530310252, "final_location_score": 0.46296775284495617 }, "geometry": { "type": "Point", "coordinates": [ -81.407689955845285, 28.51896345738848 ] } },
{ "type": "Feature", "properties": { "GEOID": "12095016746", "Population": 4207, "median_income": 101415.0, "poverty_rate": "16.49631566436891", "housing_units": 1497, "population_density": "3871.6439971197397", "grocery_stores": 0.0, "grocery_stores_per_1000": "0.0", "apartment_count": 0.0, "major_retailers": 0.0, "major_road_segments": 0.0, "population_score": 0.34831460674157305, "income_score": 0.70833333333333337, "apartment_score": 0.30524344569288392, "competition_score": 0.87453183520599254, "road_access_score": 0.23735070166725744, "opportunity_score": 0.50419007490636703, "location_rank": 200, "nearest_grocery_m": 1589.5742956613881, "nearest_grocery_miles": 0.98771567524493709, "nearest_retailer_m": 1899.2813205742341, "nearest_retailer_miles": 1.18015869855931, "nearest_road_m": 3973.6521225649731, "nearest_road_miles": 2.4691129569346097, "grocery_stores_per_10000": 0.0, "grocery_access_score": 0.45678310702885361, "retail_access_score": 0.44008784569639059, "accessibility_score": 0.36567109261772252, "final_location_score": 0.46263438021977366 }, "geometry": { "type": "Point", "coordinates": [ -81.181557744352958, 28.539158324959544 ] } },
{ "type": "Feature", "properties": { "GEOID": "12095014811", "Population": 4514, "median_income": 114858.0, "poverty_rate": "6.623836951705804", "housing_units": 2143, "population_density": "2211.354622037346", "grocery_stores": 2.0, "grocery_stores_per_1000": "0.44306601683650865", "apartment_count": 0.0, "major_retailers": 0.0, "major_road_segments": 0.0, "population_score": 0.39700374531835209, "income_score": 0.78787878787878785, "apartment_score": 0.30524344569288392, "competition_score": 0.56741573033707859, "road_access_score": 0.36064623029445025, "opportunity_score": 0.45151515151515154, "location_rank": 201, "nearest_grocery_m": 795.42175504292527, "nearest_grocery_miles": 0.4942521642625351, "nearest_retailer_m": 1916.2760524368832, "nearest_retailer_miles": 1.190718735358558, "nearest_road_m": 2406.3738854324733, "nearest_road_miles": 1.4952514101599617, "grocery_stores_per_10000": 4.4306601683650859, "grocery_access_score": 0.64097377685650125, "retail_access_score": 0.43745667177251829, "accessibility_score": 0.48813933721488428, "final_location_score": 0.4625024072250713 }, "geometry": { "type": "Point", "coordinates": [ -81.483506092239864, 28.477258341345703 ] } },
{ "type": "Feature", "properties": { "GEOID": "12095016751", "Population": 6407, "median_income": 125927.0, "poverty_rate": "13.282347432495708", "housing_units": 2173, "population_density": "2568.1995006265706", "grocery_stores": 6.0, "grocery_stores_per_1000": "0.9364757296706727", "apartment_count": 0.0, "major_retailers": 2.0, "major_road_segments": 0.0, "population_score": 0.70411985018726597, "income_score": 0.89772727272727271, "apartment_score": 0.30524344569288392, "competition_score": 0.33333333333333337, "road_access_score": 0.24500530644208479, "opportunity_score": 0.48625085120871636, "location_rank": 202, "nearest_grocery_m": 1402.4811350008342, "nearest_grocery_miles": 0.87146137494583764, "nearest_retailer_m": 1402.4811350008342, "nearest_retailer_miles": 0.87146137494583764, "nearest_road_m": 3841.5748566095149, "nearest_road_miles": 2.3870439487204194, "grocery_stores_per_10000": 9.3647572967067276, "grocery_access_score": 0.4914300271525267, "retail_access_score": 0.53012520378691341, "accessibility_score": 0.40059917419522728, "final_location_score": 0.46055534810466964 }, "geometry": { "type": "Point", "coordinates": [ -81.223354931748645, 28.534907413046113 ] } },
{ "type": "Feature", "properties": { "GEOID": "12095016715", "Population": 6719, "median_income": 81541.0, "poverty_rate": "13.58081271005194", "housing_units": 2256, "population_density": "4041.0600658124504", "grocery_stores": 4.0, "grocery_stores_per_1000": "0.5953266855186784", "apartment_count": 0.0, "major_retailers": 0.0, "major_road_segments": 0.0, "population_score": 0.76029962546816476, "income_score": 0.54166666666666663, "apartment_score": 0.30524344569288392, "competition_score": 0.449438202247191, "road_access_score": 0.2986917100792682, "opportunity_score": 0.47591292134831464, "location_rank": 203, "nearest_grocery_m": 1284.8121405322624, "nearest_grocery_miles": 0.79834525156353298, "nearest_retailer_m": 1722.6750493738321, "nearest_retailer_miles": 1.0704206492669261, "nearest_road_m": 3065.858864807336, "nearest_road_miles": 1.9050363780567336, "grocery_stores_per_10000": 5.9532668551867838, "grocery_access_score": 0.51551521042393655, "retail_access_score": 0.46901924189220418, "accessibility_score": 0.4194866165797228, "final_location_score": 0.45898502991773704 }, "geometry": { "type": "Point", "coordinates": [ -81.278957562737574, 28.522819984754179 ] } },
{ "type": "Feature", "properties": { "GEOID": "12095017808", "Population": 3877, "median_income": 115052.0, "poverty_rate": "6.803962460896767", "housing_units": 1695, "population_density": "3096.1814304884356", "grocery_stores": 2.0, "grocery_stores_per_1000": "0.5158627805003869", "apartment_count": 0.0, "major_retailers": 0.0, "major_road_segments": 5.0, "population_score": 0.30337078651685395, "income_score": 0.79166666666666663, "apartment_score": 0.30524344569288392, "competition_score": 0.56741573033707859, "road_access_score": 0.40769709497622791, "opportunity_score": 0.47109082397003743, "location_rank": 204, "nearest_grocery_m": 1668.6811192741782, "nearest_grocery_miles": 1.0368703765473251, "nearest_retailer_m": 1849.62631901387, "nearest_retailer_miles": 1.1493045110391997, "nearest_road_m": 2017.8078819847174, "nearest_road_miles": 1.2538076893347334, "grocery_stores_per_10000": 5.158627805003869, "grocery_access_score": 0.44332332131624269, "retail_access_score": 0.44792371009295623, "accessibility_score": 0.42999290853557948, "final_location_score": 0.45876144933969998 }, "geometry": { "type": "Point", "coordinates": [ -81.463767479364748, 28.69117932836382 ] } },
{ "type": "Feature", "properties": { "GEOID": "12095016754", "Population": 5223, "median_income": 59735.0, "poverty_rate": "7.4861190886463715", "housing_units": 1566, "population_density": "7080.048014253773", "grocery_stores": 1.0, "grocery_stores_per_1000": "0.19146084625694046", "apartment_count": 0.0, "major_retailers": 0.0, "major_road_segments": 0.0, "population_score": 0.50936329588014984, "income_score": 0.26893939393939392, "apartment_score": 0.30524344569288392, "competition_score": 0.68913857677902624, "road_access_score": 0.48793050177976593, "opportunity_score": 0.43219484167517874, "location_rank": 205, "nearest_grocery_m": 1063.2301231688718, "nearest_grocery_miles": 0.66066056925608929, "nearest_retailer_m": 1751.0637400340991, "nearest_retailer_miles": 1.0880605638285532, "nearest_road_m": 1504.0857252183366, "nearest_road_miles": 0.93459554030607295, "grocery_stores_per_10000": 1.9146084625694046, "grocery_access_score": 0.56662715678785813, "retail_access_score": 0.46416352172083974, "accessibility_score": 0.51465576777121758, "final_location_score": 0.4569331195039904 }, "geometry": { "type": "Point", "coordinates": [ -81.274722440129182, 28.486952490213625 ] } },
{ "type": "Feature", "properties": { "GEOID": "12095014814", "Population": 6131, "median_income": 124385.0, "poverty_rate": "3.523079432392758", "housing_units": 2261, "population_density": "2633.4230536394025", "grocery_stores": 6.0, "grocery_stores_per_1000": "0.9786331756646549", "apartment_count": 0.0, "major_retailers": 1.0, "major_road_segments": 0.0, "population_score": 0.65917602996254676, "income_score": 0.87878787878787878, "apartment_score": 0.30524344569288392, "competition_score": 0.33333333333333337, "road_access_score": 0.26309520908981088, "opportunity_score": 0.4721739870616275, "location_rank": 206, "nearest_grocery_m": 1176.0825765084953, "nearest_grocery_miles": 0.7307838327346392, "nearest_retailer_m": 1645.2533064734098, "nearest_retailer_miles": 1.0223130085757983, "nearest_road_m": 3552.9605697215366, "nearest_road_miles": 2.2077073451801086, "grocery_stores_per_10000": 9.7863317566465486, "grocery_access_score": 0.53957953064654207, "retail_access_score": 0.48269230908299982, "accessibility_score": 0.41760835771114113, "final_location_score": 0.45580429825648155 }, "geometry": { "type": "Point", "coordinates": [ -81.530825547813421, 28.519551109489043 ] } },
{ "type": "Feature", "properties": { "GEOID": "12095013701", "Population": 4050, "median_income": 61677.0, "poverty_rate": "21.584158415841586", "housing_units": 2332, "population_density": "7884.630215196257", "grocery_stores": 0.0, "grocery_stores_per_1000": "0.0", "apartment_count": 0.0, "major_retailers": 0.0, "major_road_segments": 0.0, "population_score": 0.32209737827715357, "income_score": 0.31060606060606061, "apartment_score": 0.30524344569288392, "competition_score": 0.87453183520599254, "road_access_score": 0.29281618892261646, "opportunity_score": 0.43797667688117126, "location_rank": 207, "nearest_grocery_m": 883.46846560539348, "nearest_grocery_miles": 0.54896185377731144, "nearest_retailer_m": 883.46846560539348, "nearest_retailer_miles": 0.54896185377731144, "nearest_road_m": 3139.8249666360402, "nearest_road_miles": 1.9509967829351835, "grocery_stores_per_10000": 0.0, "grocery_access_score": 0.614768402209669, "retail_access_score": 0.66251860478481694, "accessibility_score": 0.49553755740987759, "final_location_score": 0.45524494103978308 }, "geometry": { "type": "Point", "coordinates": [ -81.3442795951172, 28.515638338115139 ] } },
{ "type": "Feature", "properties": { "GEOID": "12095012500", "Population": 2342, "median_income": 55924.0, "poverty_rate": "13.065755764304013", "housing_units": 1298, "population_density": "2960.2002016590677", "grocery_stores": 2.0, "grocery_stores_per_1000": "0.8539709649871904", "apartment_count": 0.0, "major_retailers": 0.0, "major_road_segments": 40.0, "population_score": 0.0898876404494382, "income_score": 0.20454545454545456, "apartment_score": 0.30524344569288392, "competition_score": 0.56741573033707859, "road_access_score": 0.66473992705013774, "opportunity_score": 0.38414623765747363, "location_rank": 208, "nearest_grocery_m": 739.30677520021561, "nearest_grocery_miles": 0.45938393233529662, "nearest_retailer_m": 1797.4163919021082, "nearest_retailer_miles": 1.1168627663831401, "nearest_road_m": 763.49144170563625, "nearest_road_miles": 0.47441158739563216, "grocery_stores_per_10000": 8.5397096498719041, "grocery_access_score": 0.65870044894384672, "retail_access_score": 0.45640911171294518, "accessibility_score": 0.62065797274018286, "final_location_score": 0.45509975818228637 }, "geometry": { "type": "Point", "coordinates": [ -81.404421742595844, 28.590856702919009 ] } },
{ "type": "Feature", "properties": { "GEOID": "12095016724", "Population": 6734, "median_income": 61448.0, "poverty_rate": "19.473371020529605", "housing_units": 2459, "population_density": "5442.075090407009", "grocery_stores": 2.0, "grocery_stores_per_1000": "0.29700029700029695", "apartment_count": 0.0, "major_retailers": 1.0, "major_road_segments": 0.0, "population_score": 0.76779026217228463, "income_score": 0.29924242424242425, "apartment_score": 0.30524344569288392, "competition_score": 0.56741573033707859, "road_access_score": 0.30259291810138911, "opportunity_score": 0.47091632618318013, "location_rank": 209, "nearest_grocery_m": 1276.0846969832357, "nearest_grocery_miles": 0.79292226956029022, "nearest_retailer_m": 2132.877573685249, "nearest_retailer_miles": 1.3253086808570753, "nearest_road_m": 3018.0068472860089, "nearest_road_miles": 1.8753025128785448, "grocery_stores_per_10000": 2.97000297000297, "grocery_access_score": 0.51737984772624501, "retail_access_score": 0.40601510081331138, "accessibility_score": 0.40919212649371595, "final_location_score": 0.45239906627634086 }, "geometry": { "type": "Point", "coordinates": [ -81.231766328216935, 28.549610298893899 ] } },
{ "type": "Feature", "properties": { "GEOID": "12095018300", "Population": 2478, "median_income": 27885.0, "poverty_rate": "32.24374495560936", "housing_units": 1402, "population_density": "1229.1725589177288", "grocery_stores": 6.0, "grocery_stores_per_1000": "2.4213075060532687", "apartment_count": 0.0, "major_retailers": 0.0, "major_road_segments": 67.0, "population_score": 0.11610486891385768, "income_score": 0.015151515151515152, "apartment_score": 0.30524344569288392, "competition_score": 0.33333333333333337, "road_access_score": 0.82244160182109216, "opportunity_score": 0.31725400068096699, "location_rank": 210, "nearest_grocery_m": 443.00058430528236, "nearest_grocery_miles": 0.27526780123160888, "nearest_retailer_m": 901.43742677880982, "nearest_retailer_miles": 0.56012724860490348, "nearest_road_m": 348.17575524810138, "nearest_road_miles": 0.21634638414664695, "grocery_stores_per_10000": 24.213075060532688, "grocery_access_score": 0.76837645438100877, "retail_access_score": 0.6570202571390924, "accessibility_score": 0.76773127390865903, "final_location_score": 0.45239718264927459 }, "geometry": { "type": "Point", "coordinates": [ -81.417389508381191, 28.546945754212235 ] } },
{ "type": "Feature", "properties": { "GEOID": "12095016902", "Population": 5612, "median_income": 51761.0, "poverty_rate": "20.616535994297934", "housing_units": 1995, "population_density": "1481.5300989683626", "grocery_stores": 13.0, "grocery_stores_per_1000": "2.316464718460442", "apartment_count": 0.0, "major_retailers": 4.0, "major_road_segments": 76.0, "population_score": 0.57677902621722843, "income_score": 0.125, "apartment_score": 0.30524344569288392, "competition_score": 0.18164794007490637, "road_access_score": 0.61700349186551795, "opportunity_score": 0.4132256554307116, "location_rank": 211, "nearest_grocery_m": 1441.0208063600567, "nearest_grocery_miles": 0.89540881648675275, "nearest_retailer_m": 1484.3609661338614, "nearest_retailer_miles": 0.92233914323715838, "nearest_road_m": 926.33882665671445, "nearest_road_miles": 0.57560026113541574, "grocery_stores_per_10000": 23.164647184604419, "grocery_access_score": 0.48394547022168294, "retail_access_score": 0.51329551709909282, "accessibility_score": 0.54303868825469892, "final_location_score": 0.4521695652779078 }, "geometry": { "type": "Point", "coordinates": [ -81.414462044687113, 28.458911348300269 ] } },
{ "type": "Feature", "properties": { "GEOID": "12095017811", "Population": 4343, "median_income": 118393.0, "poverty_rate": "3.684089339166475", "housing_units": 1244, "population_density": "2362.160131303238", "grocery_stores": 0.0, "grocery_stores_per_1000": "0.0", "apartment_count": 0.0, "major_retailers": 0.0, "major_road_segments": 0.0, "population_score": 0.3595505617977528, "income_score": 0.83712121212121215, "apartment_score": 0.30524344569288392, "competition_score": 0.87453183520599254, "road_access_score": 0.30526917222001421, "opportunity_score": 0.52631724548859382, "location_rank": 212, "nearest_grocery_m": 3450.0951914150946, "nearest_grocery_miles": 2.1437897624218905, "nearest_retailer_m": 3621.7517018760677, "nearest_retailer_miles": 2.2504521729823255, "nearest_road_m": 2985.7425855576967, "nearest_road_miles": 1.8552544301017659, "grocery_stores_per_10000": 0.0, "grocery_access_score": 0.25168169617417274, "retail_access_score": 0.26035400922498281, "accessibility_score": 0.27485114920267134, "final_location_score": 0.45087741660281705 }, "geometry": { "type": "Point", "coordinates": [ -81.542311820905383, 28.720523707869091 ] } },
{ "type": "Feature", "properties": { "GEOID": "12095014815", "Population": 5533, "median_income": 198920.0, "poverty_rate": "1.1024760527742636", "housing_units": 1742, "population_density": "2084.997738667673", "grocery_stores": 5.0, "grocery_stores_per_1000": "0.9036688957166095", "apartment_count": 0.0, "major_retailers": 1.0, "major_road_segments": 0.0, "population_score": 0.55992509363295884, "income_score": 0.98863636363636365, "apartment_score": 0.30524344569288392, "competition_score": 0.39513108614232206, "road_access_score": 0.21342481624250981, "opportunity_score": 0.47928796390875045, "location_rank": 213, "nearest_grocery_m": 1433.068905004149, "nearest_grocery_miles": 0.8904677340606787, "nearest_retailer_m": 1433.068905004149, "nearest_retailer_miles": 0.8904677340606787, "nearest_road_m": 4431.1351535269851, "nearest_road_miles": 2.7533797333118244, "grocery_stores_per_10000": 9.0366889571660938, "grocery_access_score": 0.48547423501283493, "retail_access_score": 0.52373216044865745, "accessibility_score": 0.3843060525918694, "final_location_score": 0.45079339051368611 }, "geometry": { "type": "Point", "coordinates": [ -81.504424975915072, 28.50852994511774 ] } },
{ "type": "Feature", "properties": { "GEOID": "12095015105", "Population": 4435, "median_income": 79554.0, "poverty_rate": "13.055242390078917", "housing_units": 1360, "population_density": "1897.2977495660855", "grocery_stores": 1.0, "grocery_stores_per_1000": "0.2254791431792559", "apartment_count": 0.0, "major_retailers": 0.0, "major_road_segments": 9.0, "population_score": 0.38202247191011235, "income_score": 0.52272727272727271, "apartment_score": 0.30524344569288392, "competition_score": 0.68913857677902624, "road_access_score": 0.35556437318439427, "opportunity_score": 0.49264130064691858, "location_rank": 214, "nearest_grocery_m": 2543.844491877177, "nearest_grocery_miles": 1.5806716847840965, "nearest_retailer_m": 2555.2558788915167, "nearest_retailer_miles": 1.5877623919382784, "nearest_road_m": 2453.3818467269052, "nearest_road_miles": 1.5244608031141291, "grocery_stores_per_10000": 2.254791431792559, "grocery_access_score": 0.32863086913846529, "retail_access_score": 0.3541104153726865, "accessibility_score": 0.34450018000368116, "final_location_score": 0.44819896445394736 }, "geometry": { "type": "Point", "coordinates": [ -81.475962693514631, 28.625456679331425 ] } },
{ "type": "Feature", "properties": { "GEOID": "12095016723", "Population": 5145, "median_income": 82358.0, "poverty_rate": "11.50078369905956", "housing_units": 1700, "population_density": "3904.7666957303495", "grocery_stores": 2.0, "grocery_stores_per_1000": "0.38872691933916426", "apartment_count": 0.0, "major_retailers": 0.0, "major_road_segments": 0.0, "population_score": 0.5056179775280899, "income_score": 0.55303030303030298, "apartment_score": 0.30524344569288392, "competition_score": 0.56741573033707859, "road_access_score": 0.30849648003920072, "opportunity_score": 0.44344143684031323, "location_rank": 215, "nearest_grocery_m": 1080.5996895615106, "nearest_grocery_miles": 0.67145351743412873, "nearest_retailer_m": 1301.5119303278723, "nearest_retailer_miles": 0.80872201985894387, "nearest_road_m": 2947.4283927059241, "nearest_road_miles": 1.8314470944098491, "grocery_stores_per_10000": 3.8872691933916426, "grocery_access_score": 0.56231637883144914, "retail_access_score": 0.55218219201661256, "accessibility_score": 0.45876158195158245, "final_location_score": 0.44803748037369395 }, "geometry": { "type": "Point", "coordinates": [ -81.236759357794043, 28.55946711239967 ] } },
{ "type": "Feature", "properties": { "GEOID": "12095017012", "Population": 2819, "median_income": 92031.0, "poverty_rate": "11.564384533522526", "housing_units": 1044, "population_density": "2959.73322997151", "grocery_stores": 5.0, "grocery_stores_per_1000": "1.77367860943597", "apartment_count": 0.0, "major_retailers": 1.0, "major_road_segments": 7.0, "population_score": 0.16104868913857678, "income_score": 0.62121212121212122, "apartment_score": 0.30524344569288392, "competition_score": 0.39513108614232206, "road_access_score": 0.60172216272894996, "opportunity_score": 0.37164623765747362, "location_rank": 216, "nearest_grocery_m": 855.39393903992209, "nearest_grocery_miles": 0.53151715173382574, "nearest_retailer_m": 855.39393903992209, "nearest_retailer_miles": 0.53151715173382574, "nearest_road_m": 983.29842760326858, "nearest_road_miles": 0.6109933162849388, "grocery_stores_per_10000": 17.736786094359701, "grocery_access_score": 0.62292091910655378, "retail_access_score": 0.67126964790640331, "accessibility_score": 0.62411116231548214, "final_location_score": 0.44738571505487618 }, "geometry": { "type": "Point", "coordinates": [ -81.414634566377941, 28.374747799596527 ] } },
{ "type": "Feature", "properties": { "GEOID": "12095018204", "Population": 2284, "median_income": 72462.0, "poverty_rate": "15.761821366024517", "housing_units": 975, "population_density": "4113.078859872412", "grocery_stores": 4.0, "grocery_stores_per_1000": "1.7513134851138354", "apartment_count": 0.0, "major_retailers": 0.0, "major_road_segments": 13.0, "population_score": 0.082397003745318345, "income_score": 0.4621212121212121, "apartment_score": 0.30524344569288392, "competition_score": 0.449438202247191, "road_access_score": 0.60287711981084235, "opportunity_score": 0.35995488593803199, "location_rank": 217, "nearest_grocery_m": 583.45449158090014, "nearest_grocery_miles": 0.36254181304985145, "nearest_retailer_m": 1118.3894058493199, "nearest_retailer_miles": 0.69493495849819542, "nearest_road_m": 978.90419901217228, "nearest_road_miles": 0.60826286922632589, "grocery_stores_per_10000": 17.513134851138354, "grocery_access_score": 0.71269322095818466, "retail_access_score": 0.59635213857142699, "accessibility_score": 0.64549856402189631, "final_location_score": 0.44561798936319125 }, "geometry": { "type": "Point", "coordinates": [ -81.320893944850752, 28.557957641691431 ] } },
{ "type": "Feature", "properties": { "GEOID": "12095013605", "Population": 3746, "median_income": 64976.0, "poverty_rate": "21.316783594171614", "housing_units": 1660, "population_density": "4952.752502672377", "grocery_stores": 6.0, "grocery_stores_per_1000": "1.601708489054992", "apartment_count": 0.0, "major_retailers": 2.0, "major_road_segments": 18.0, "population_score": 0.27340823970037453, "income_score": 0.35606060606060608, "apartment_score": 0.30524344569288392, "competition_score": 0.33333333333333337, "road_access_score": 0.58368738454454483, "opportunity_score": 0.37288474633980251, "location_rank": 218, "nearest_grocery_m": 870.67233813559585, "nearest_grocery_miles": 0.54101070879538238, "nearest_retailer_m": 933.56726954141243, "nearest_retailer_miles": 0.58009180730869991, "nearest_road_m": 1053.9030506556667, "nearest_road_miles": 0.65486499508847495, "grocery_stores_per_10000": 16.017084890549921, "grocery_access_score": 0.61846135735044516, "retail_access_score": 0.64738249448630503, "accessibility_score": 0.61033599565525698, "final_location_score": 0.44412012113443883 }, "geometry": { "type": "Point", "coordinates": [ -81.321106125383452, 28.500871126125499 ] } },
{ "type": "Feature", "properties": { "GEOID": "12095013801", "Population": 2247, "median_income": 110000.0, "poverty_rate": "6.2298107983387165", "housing_units": 1193, "population_density": "4446.0614696815865", "grocery_stores": 0.0, "grocery_stores_per_1000": "0.0", "apartment_count": 0.0, "major_retailers": 0.0, "major_road_segments": 0.0, "population_score": 0.078651685393258425, "income_score": 0.76893939393939392, "apartment_score": 0.30524344569288392, "competition_score": 0.87453183520599254, "road_access_score": 0.40824821694730512, "opportunity_score": 0.44586525366019747, "location_rank": 219, "nearest_grocery_m": 1579.2285300377191, "nearest_grocery_miles": 0.98128711452474993, "nearest_retailer_m": 1784.1651634017071, "nearest_retailer_miles": 1.1086288347312365, "nearest_road_m": 2013.7015362324942, "nearest_road_miles": 1.2512561243789357, "grocery_stores_per_10000": 0.0, "grocery_access_score": 0.45859279129952918, "retail_access_score": 0.45860430753640335, "accessibility_score": 0.43845726480601444, "final_location_score": 0.44364285700394251 }, "geometry": { "type": "Point", "coordinates": [ -81.355666497475298, 28.505848118427714 ] } },
{ "type": "Feature", "properties": { "GEOID": "12095012405", "Population": 4854, "median_income": 45189.0, "poverty_rate": "15.292662819455893", "housing_units": 2087, "population_density": "12126.785633545769", "grocery_stores": 0.0, "grocery_stores_per_1000": "0.0", "apartment_count": 0.0, "major_retailers": 0.0, "major_road_segments": 0.0, "population_score": 0.45692883895131087, "income_score": 0.064393939393939392, "apartment_score": 0.30524344569288392, "competition_score": 0.87453183520599254, "road_access_score": 0.47393492402172116, "opportunity_score": 0.43475272386789243, "location_rank": 220, "nearest_grocery_m": 1555.8684642010098, "nearest_grocery_miles": 0.96677184256505122, "nearest_retailer_m": 1905.6099928982894, "nearest_retailer_miles": 1.1840911532265876, "nearest_road_m": 1582.9538582894302, "nearest_road_miles": 0.98360192618199105, "grocery_stores_per_10000": 0.0, "grocery_access_score": 0.46272245341002816, "retail_access_score": 0.43910504894477781, "accessibility_score": 0.46248396076165532, "final_location_score": 0.44307209493602129 }, "geometry": { "type": "Point", "coordinates": [ -81.440571926846914, 28.600329658387217 ] } },
{ "type": "Feature", "properties": { "GEOID": "12095016716", "Population": 5411, "median_income": 103226.0, "poverty_rate": "7.207540195897247", "housing_units": 1970, "population_density": "2059.4827177424613", "grocery_stores": 2.0, "grocery_stores_per_1000": "0.36961744594344853", "apartment_count": 0.0, "major_retailers": 2.0, "major_road_segments": 0.0, "population_score": 0.5393258426966292, "income_score": 0.72348484848484851, "apartment_score": 0.30524344569288392, "competition_score": 0.56741573033707859, "road_access_score": 0.20605775782253308, "opportunity_score": 0.47743658495062991, "location_rank": 221, "nearest_grocery_m": 1608.0349662828025, "nearest_grocery_miles": 0.99918660415846616, "nearest_retailer_m": 1608.0349662828025, "nearest_retailer_miles": 0.99918660415846616, "nearest_road_m": 4587.487146392793, "nearest_road_miles": 2.8505323575275345, "grocery_stores_per_10000": 3.6961744594344856, "grocery_access_score": 0.45358287305275813, "retail_access_score": 0.48949945817417395, "accessibility_score": 0.36175614398495132, "final_location_score": 0.44273245266092631 }, "geometry": { "type": "Point", "coordinates": [ -81.261658115218793, 28.525502153516694 ] } },
{ "type": "Feature", "properties": { "GEOID": "12095016505", "Population": 2573, "median_income": 54882.0, "poverty_rate": "11.115429459774582", "housing_units": 1250, "population_density": "2945.560670734322", "grocery_stores": 5.0, "grocery_stores_per_1000": "1.94325689856199", "apartment_count": 27.0, "major_retailers": 2.0, "major_road_segments": 0.0, "population_score": 0.13108614232209737, "income_score": 0.17424242424242425, "apartment_score": 0.88576779026217234, "competition_score": 0.39513108614232206, "road_access_score": 0.34738593617303093, "opportunity_score": 0.36602400408580188, "location_rank": 222, "nearest_grocery_m": 406.73253311987759, "nearest_grocery_miles": 0.25273187902640926, "nearest_retailer_m": 406.73253311987759, "nearest_retailer_miles": 0.25273187902640926, "nearest_road_m": 2531.3887955811883, "nearest_road_miles": 1.5729320739265118, "grocery_stores_per_10000": 19.432568985619898, "grocery_access_score": 0.78401536688761098, "retail_access_score": 0.84419102629923704, "accessibility_score": 0.62139872648410421, "final_location_score": 0.44263642080529259 }, "geometry": { "type": "Point", "coordinates": [ -81.23406990171533, 28.574613412701812 ] } },
{ "type": "Feature", "properties": { "GEOID": "12095017121", "Population": 3380, "median_income": 95700.0, "poverty_rate": "21.09467455621302", "housing_units": 2153, "population_density": "3743.175078024149", "grocery_stores": 28.0, "grocery_stores_per_1000": "8.284023668639053", "apartment_count": 1.0, "major_retailers": 3.0, "major_road_segments": 1.0, "population_score": 0.23220973782771537, "income_score": 0.64393939393939392, "apartment_score": 0.63108614232209737, "competition_score": 0.056179775280898903, "road_access_score": 0.48999989642134806, "opportunity_score": 0.35979315628192032, "location_rank": 223, "nearest_grocery_m": 555.29223511281464, "nearest_grocery_miles": 0.34504259817218358, "nearest_retailer_m": 629.11224264005079, "nearest_retailer_miles": 0.39091222426035127, "nearest_road_m": 1492.7537368625276, "nearest_road_miles": 0.92755416919100431, "grocery_stores_per_10000": 82.84023668639054, "grocery_access_score": 0.72327901464540367, "retail_access_score": 0.74981813182582124, "accessibility_score": 0.63527519079186501, "final_location_score": 0.44243776663490375 }, "geometry": { "type": "Point", "coordinates": [ -81.488032733603788, 28.443197363391551 ] } },
{ "type": "Feature", "properties": { "GEOID": "12095013603", "Population": 4553, "median_income": 54112.0, "poverty_rate": "18.74296012615454", "housing_units": 2257, "population_density": "5646.07975939005", "grocery_stores": 11.0, "grocery_stores_per_1000": "2.415989457500549", "apartment_count": 0.0, "major_retailers": 4.0, "major_road_segments": 32.0, "population_score": 0.41198501872659177, "income_score": 0.15151515151515152, "apartment_score": 0.30524344569288392, "competition_score": 0.21161048689138573, "road_access_score": 0.5978322869260646, "opportunity_score": 0.36074225400068094, "location_rank": 224, "nearest_grocery_m": 811.03727958483, "nearest_grocery_miles": 0.50395520136454974, "nearest_retailer_m": 811.03727958483, "nearest_retailer_miles": 0.50395520136454974, "nearest_road_m": 998.20849734431602, "nearest_road_miles": 0.62025800409627529, "grocery_stores_per_10000": 24.159894575005492, "grocery_access_score": 0.63618703907455687, "retail_access_score": 0.68550971503714364, "accessibility_score": 0.63070967340767736, "final_location_score": 0.44173247982277986 }, "geometry": { "type": "Point", "coordinates": [ -81.320667121676522, 28.519546039106952 ] } },
{ "type": "Feature", "properties": { "GEOID": "12095016745", "Population": 4576, "median_income": 100556.0, "poverty_rate": "5.965909090909091", "housing_units": 1422, "population_density": "2291.0018542450316", "grocery_stores": 1.0, "grocery_stores_per_1000": "0.21853146853146854", "apartment_count": 0.0, "major_retailers": 0.0, "major_road_segments": 0.0, "population_score": 0.4157303370786517, "income_score": 0.69318181818181823, "apartment_score": 0.30524344569288392, "competition_score": 0.68913857677902624, "road_access_score": 0.16125859458096328, "opportunity_score": 0.47242296561116792, "location_rank": 225, "nearest_grocery_m": 1396.629524282429, "nearest_grocery_miles": 0.86782535261723348, "nearest_retailer_m": 1741.6231359774276, "nearest_retailer_miles": 1.0821944444304186, "nearest_road_m": 5745.0820472968362, "nearest_road_miles": 3.5698284812301386, "grocery_stores_per_10000": 2.1853146853146854, "grocery_access_score": 0.49258321523731374, "retail_access_score": 0.46576915136958158, "accessibility_score": 0.35469055420122714, "final_location_score": 0.43710324218818564 }, "geometry": { "type": "Point", "coordinates": [ -81.151021247332622, 28.552673013823522 ] } },
{ "type": "Feature", "properties": { "GEOID": "12095017703", "Population": 4414, "median_income": 39338.0, "poverty_rate": "43.69630833526817", "housing_units": 1708, "population_density": "2945.5069255103267", "grocery_stores": 16.0, "grocery_stores_per_1000": "3.6248300860897147", "apartment_count": 0.0, "major_retailers": 2.0, "major_road_segments": 63.0, "population_score": 0.3707865168539326, "income_score": 0.034090909090909088, "apartment_score": 0.30524344569288392, "competition_score": 0.14232209737827717, "road_access_score": 0.68054003016484543, "opportunity_score": 0.33432711950970379, "location_rank": 226, "nearest_grocery_m": 651.56902473777109, "nearest_grocery_miles": 0.40486622172622577, "nearest_retailer_m": 967.84085154905097, "nearest_retailer_miles": 0.60138842382303037, "nearest_road_m": 714.1026388241628, "nearest_road_miles": 0.44372280806599629, "grocery_stores_per_10000": 36.248300860897146, "grocery_access_score": 0.68818020042293937, "retail_access_score": 0.63736658341495123, "accessibility_score": 0.67496140891810419, "final_location_score": 0.43651740633222391 }, "geometry": { "type": "Point", "coordinates": [ -81.505061780869724, 28.679542755436277 ] } },
{ "type": "Feature", "properties": { "GEOID": "12095018500", "Population": 2982, "median_income": 61974.0, "poverty_rate": "17.254763585038816", "housing_units": 1385, "population_density": "1945.528279187353", "grocery_stores": 7.0, "grocery_stores_per_1000": "2.347417840375587", "apartment_count": 0.0, "major_retailers": 1.0, "major_road_segments": 51.0, "population_score": 0.1797752808988764, "income_score": 0.32196969696969696, "apartment_score": 0.30524344569288392, "competition_score": 0.2865168539325843, "road_access_score": 0.59869361946044231, "opportunity_score": 0.36299582907728978, "location_rank": 227, "nearest_grocery_m": 994.08989498217466, "nearest_grocery_miles": 0.61769882323615999, "nearest_retailer_m": 966.4258958906471, "nearest_retailer_miles": 0.600509211138605, "nearest_road_m": 994.89220704764762, "nearest_road_miles": 0.61819735684082933, "grocery_stores_per_10000": 23.474178403755868, "grocery_access_score": 0.58435656007080683, "retail_access_score": 0.63777480685453669, "accessibility_score": 0.60077503318340708, "final_location_score": 0.43432959030912499 }, "geometry": { "type": "Point", "coordinates": [ -81.38684895112884, 28.522077418812788 ] } },
{ "type": "Feature", "properties": { "GEOID": "12095012201", "Population": 6263, "median_income": 61916.0, "poverty_rate": "20.104694912481598", "housing_units": 1971, "population_density": "7081.740791272147", "grocery_stores": 4.0, "grocery_stores_per_1000": "0.6386715631486508", "apartment_count": 0.0, "major_retailers": 0.0, "major_road_segments": 0.0, "population_score": 0.68164794007490637, "income_score": 0.31818181818181818, "apartment_score": 0.30524344569288392, "competition_score": 0.449438202247191, "road_access_score": 0.40528398464125298, "opportunity_score": 0.42272727272727273, "location_rank": 228, "nearest_grocery_m": 1370.4378290993568, "nearest_grocery_miles": 0.85155058775461101, "nearest_retailer_m": 1600.9526597021468, "nearest_retailer_miles": 0.99478586287465376, "nearest_road_m": 2035.8978384790116, "nearest_road_miles": 1.2650482671691146, "grocery_stores_per_10000": 6.3867156314865081, "grocery_access_score": 0.49780036872032618, "retail_access_score": 0.49081267088579245, "accessibility_score": 0.45939627552179019, "final_location_score": 0.43372797356562798 }, "geometry": { "type": "Point", "coordinates": [ -81.471810275567165, 28.564953819129745 ] } },
{ "type": "Feature", "properties": { "GEOID": "12095012306", "Population": 3993, "median_income": 70997.0, "poverty_rate": "7.5452716297786715", "housing_units": 1154, "population_density": "4068.6811311104047", "grocery_stores": 1.0, "grocery_stores_per_1000": "0.25043826696719257", "apartment_count": 0.0, "major_retailers": 0.0, "major_road_segments": 0.0, "population_score": 0.31835205992509363, "income_score": 0.43560606060606061, "apartment_score": 0.30524344569288392, "competition_score": 0.68913857677902624, "road_access_score": 0.35708555330967129, "opportunity_score": 0.40944203268641471, "location_rank": 229, "nearest_grocery_m": 1059.0570573601708, "nearest_grocery_miles": 0.65806754637925191, "nearest_retailer_m": 1114.5700882222302, "nearest_retailer_miles": 0.69256174455071762, "nearest_road_m": 2439.1956879707927, "nearest_road_miles": 1.5156459327345755, "grocery_stores_per_10000": 2.5043826696719256, "grocery_access_score": 0.5676711892310784, "retail_access_score": 0.59733659883108292, "accessibility_score": 0.48937001678251651, "final_location_score": 0.43342042791524527 }, "geometry": { "type": "Point", "coordinates": [ -81.459692594338634, 28.603645121098225 ] } },
{ "type": "Feature", "properties": { "GEOID": "12095014605", "Population": 3892, "median_income": 53272.0, "poverty_rate": "13.1551901336074", "housing_units": 1622, "population_density": "4333.791233098391", "grocery_stores": 2.0, "grocery_stores_per_1000": "0.513874614594039", "apartment_count": 0.0, "major_retailers": 1.0, "major_road_segments": 0.0, "population_score": 0.30711610486891383, "income_score": 0.14015151515151514, "apartment_score": 0.30524344569288392, "competition_score": 0.56741573033707859, "road_access_score": 0.54918325212116459, "opportunity_score": 0.33188415049370101, "location_rank": 230, "nearest_grocery_m": 530.93779385439927, "nearest_grocery_miles": 0.32990944997116789, "nearest_retailer_m": 560.50301243449712, "nearest_retailer_miles": 0.34828042508904067, "nearest_road_m": 1200.2893638780263, "nearest_road_miles": 0.74582523306268034, "grocery_stores_per_10000": 5.1387461459403907, "grocery_access_score": 0.73265813077675146, "retail_access_score": 0.77687095309893361, "accessibility_score": 0.66811074377895319, "final_location_score": 0.43275212847927663 }, "geometry": { "type": "Point", "coordinates": [ -81.432250951651227, 28.5185033114366 ] } },
{ "type": "Feature", "properties": { "GEOID": "12095018400", "Population": 2401, "median_income": 75208.0, "poverty_rate": "7.038733860891296", "housing_units": 1195, "population_density": "1007.984280254304", "grocery_stores": 32.0, "grocery_stores_per_1000": "13.327780091628489", "apartment_count": 1.0, "major_retailers": 10.0, "major_road_segments": 38.0, "population_score": 0.097378277153558054, "income_score": 0.48295454545454547, "apartment_score": 0.63108614232209737, "competition_score": 0.041198501872659166, "road_access_score": 0.48659414887155372, "opportunity_score": 0.35830460503915562, "location_rank": 231, "nearest_grocery_m": 628.24161817283596, "nearest_grocery_miles": 0.39037124329716699, "nearest_retailer_m": 904.52074098370065, "nearest_retailer_miles": 0.56204313122843885, "nearest_road_m": 1511.4476820303476, "nearest_road_miles": 0.9391700481875519, "grocery_stores_per_10000": 133.27780091628489, "grocery_access_score": 0.69640722064899141, "retail_access_score": 0.65608469053654284, "accessibility_score": 0.60441748591552669, "final_location_score": 0.4321384693020669 }, "geometry": { "type": "Point", "coordinates": [ -81.333253199875728, 28.547127958127387 ] } },
{ "type": "Feature", "properties": { "GEOID": "12095016728", "Population": 5237, "median_income": 115776.0, "poverty_rate": "7.867099484437655", "housing_units": 2101, "population_density": "4815.813540631548", "grocery_stores": 8.0, "grocery_stores_per_1000": "1.5275921329005155", "apartment_count": 0.0, "major_retailers": 2.0, "major_road_segments": 0.0, "population_score": 0.51310861423220977, "income_score": 0.80681818181818177, "apartment_score": 0.30524344569288392, "competition_score": 0.26779026217228463, "road_access_score": 0.25758376507466502, "opportunity_score": 0.40847591079332657, "location_rank": 232, "nearest_grocery_m": 814.81036932399866, "nearest_grocery_miles": 0.50629969063419544, "nearest_retailer_m": 952.69346740531739, "nearest_retailer_miles": 0.59197627567836175, "nearest_road_m": 3637.6021743505444, "nearest_road_miles": 2.2603011999613161, "grocery_stores_per_10000": 15.275921329005156, "grocery_access_score": 0.63503969757750933, "retail_access_score": 0.64176012087217116, "accessibility_score": 0.48540140923530395, "final_location_score": 0.43155356032591974 }, "geometry": { "type": "Point", "coordinates": [ -81.199509454966815, 28.534657474827103 ] } },
{ "type": "Feature", "properties": { "GEOID": "12095013803", "Population": 2992, "median_income": 75762.0, "poverty_rate": "12.800802139037435", "housing_units": 1155, "population_density": "4941.130682452621", "grocery_stores": 1.0, "grocery_stores_per_1000": "0.3342245989304813", "apartment_count": 0.0, "major_retailers": 0.0, "major_road_segments": 0.0, "population_score": 0.18726591760299627, "income_score": 0.49242424242424243, "apartment_score": 0.30524344569288392, "competition_score": 0.68913857677902624, "road_access_score": 0.36005593869589259, "opportunity_score": 0.38519322437861769, "location_rank": 233, "nearest_grocery_m": 451.26548206918284, "nearest_grocery_miles": 0.28040337060888337, "nearest_retailer_m": 1960.5771787175843, "nearest_retailer_miles": 1.2182461790130539, "nearest_road_m": 2411.7782586070925, "nearest_road_miles": 1.4986095319627701, "grocery_stores_per_10000": 3.3422459893048124, "grocery_access_score": 0.76488962147146178, "retail_access_score": 0.43071560897214439, "accessibility_score": 0.53612134586137061, "final_location_score": 0.43047166082344357 }, "geometry": { "type": "Point", "coordinates": [ -81.334985864479506, 28.504180335082953 ] } },
{ "type": "Feature", "properties": { "GEOID": "12095016813", "Population": 2523, "median_income": 68977.0, "poverty_rate": "12.405866032500992", "housing_units": 1034, "population_density": "5607.502140208578", "grocery_stores": 5.0, "grocery_stores_per_1000": "1.9817677368212443", "apartment_count": 0.0, "major_retailers": 1.0, "major_road_segments": 4.0, "population_score": 0.12734082397003746, "income_score": 0.39015151515151514, "apartment_score": 0.30524344569288392, "competition_score": 0.39513108614232206, "road_access_score": 0.68832547852117509, "opportunity_score": 0.32266130405175347, "location_rank": 234, "nearest_grocery_m": 704.89362825602393, "nearest_grocery_miles": 0.43800059418994564, "nearest_retailer_m": 821.11872940953424, "nearest_retailer_miles": 0.51021952386160707, "nearest_road_m": 690.51492861350073, "nearest_road_miles": 0.42906608445024846, "grocery_stores_per_10000": 19.817677368212443, "grocery_access_score": 0.66999678533834006, "retail_access_score": 0.68222756838234655, "accessibility_score": 0.67977441922027537, "final_location_score": 0.42979523860231006 }, "geometry": { "type": "Point", "coordinates": [ -81.375117258788677, 28.365414729188625 ] } },
{ "type": "Feature", "properties": { "GEOID": "12095014703", "Population": 2148, "median_income": 61296.0, "poverty_rate": "11.731843575418994", "housing_units": 1122, "population_density": "3391.2518868090146", "grocery_stores": 11.0, "grocery_stores_per_1000": "5.121042830540037", "apartment_count": 0.0, "major_retailers": 2.0, "major_road_segments": 10.0, "population_score": 0.063670411985018729, "income_score": 0.29545454545454547, "apartment_score": 0.30524344569288392, "competition_score": 0.21161048689138573, "road_access_score": 0.73142380752584013, "opportunity_score": 0.26210844399046646, "location_rank": 235, "nearest_grocery_m": 92.029592892625658, "nearest_grocery_miles": 0.057184537856807278, "nearest_retailer_m": 644.55068588456993, "nearest_retailer_miles": 0.40050522814548656, "nearest_road_m": 568.14202600351427, "nearest_road_miles": 0.35302708805793803, "grocery_stores_per_10000": 51.21042830540037, "grocery_access_score": 0.94770972916319085, "retail_access_score": 0.74395770810974138, "accessibility_score": 0.82044495629756065, "final_location_score": 0.42960939768259465 }, "geometry": { "type": "Point", "coordinates": [ -81.465099752993339, 28.521194145461966 ] } },
{ "type": "Feature", "properties": { "GEOID": "12095016910", "Population": 1166, "median_income": 66707.0, "poverty_rate": "6.089193825042882", "housing_units": 435, "population_density": "6472.888514114243", "grocery_stores": 0.0, "grocery_stores_per_1000": "0.0", "apartment_count": 0.0, "major_retailers": 0.0, "major_road_segments": 0.0, "population_score": 0.014981273408239701, "income_score": 0.37121212121212122, "apartment_score": 0.30524344569288392, "competition_score": 0.87453183520599254, "road_access_score": 0.46168928504199752, "opportunity_score": 0.37028855975485192, "location_rank": 236, "nearest_grocery_m": 817.04900629101837, "nearest_grocery_miles": 0.507690715155379, "nearest_retailer_m": 979.37409040213447, "nearest_retailer_miles": 0.60855484619952882, "nearest_road_m": 1655.3125340484669, "nearest_road_miles": 1.0285635228070984, "grocery_stores_per_10000": 0.0, "grocery_access_score": 0.63436064738350983, "retail_access_score": 0.63405581580134995, "accessibility_score": 0.56523113613047293, "final_location_score": 0.4287713326675382 }, "geometry": { "type": "Point", "coordinates": [ -81.434342046708167, 28.476104799516456 ] } },
{ "type": "Feature", "properties": { "GEOID": "12095017115", "Population": 3781, "median_income": 185417.0, "poverty_rate": "5.2842273819055245", "housing_units": 1587, "population_density": "1040.5066563038304", "grocery_stores": 6.0, "grocery_stores_per_1000": "1.5868817773075905", "apartment_count": 0.0, "major_retailers": 1.0, "major_road_segments": 9.0, "population_score": 0.27715355805243447, "income_score": 0.98106060606060608, "apartment_score": 0.30524344569288392, "competition_score": 0.33333333333333337, "road_access_score": 0.412779600576755, "opportunity_score": 0.44622276132107591, "location_rank": 237, "nearest_grocery_m": 2303.4444114836392, "nearest_grocery_miles": 1.4312940002160131, "nearest_retailer_m": 2303.4444114836392, "nearest_retailer_miles": 1.4312940002160131, "nearest_road_m": 1980.2879720641131, "nearest_road_miles": 1.2304938981747302, "grocery_stores_per_10000": 15.868817773075905, "grocery_access_score": 0.3550249308163147, "retail_access_score": 0.38370577342688927, "accessibility_score": 0.38386296724260577, "final_location_score": 0.42751482309753486 }, "geometry": { "type": "Point", "coordinates": [ -81.558039149147191, 28.489752226637297 ] } },
{ "type": "Feature", "properties": { "GEOID": "12095016752", "Population": 3669, "median_income": 115625.0, "poverty_rate": "6.050695012264922", "housing_units": 1364, "population_density": "2179.016359727117", "grocery_stores": 1.0, "grocery_stores_per_1000": "0.2725538293813028", "apartment_count": 0.0, "major_retailers": 1.0, "major_road_segments": 0.0, "population_score": 0.25468164794007492, "income_score": 0.80303030303030298, "apartment_score": 0.30524344569288392, "competition_score": 0.68913857677902624, "road_access_score": 0.16254024350670468, "opportunity_score": 0.44863806605379641, "location_rank": 238, "nearest_grocery_m": 1335.1892501925777, "nearest_grocery_miles": 0.82964813625463396, "nearest_retailer_m": 1338.3055540670623, "nearest_retailer_miles": 0.83158451770849628, "nearest_road_m": 5705.9871471282167, "nearest_road_miles": 3.5455360365019639, "grocery_stores_per_10000": 2.7255382938130284, "grocery_access_score": 0.50496807675007549, "retail_access_score": 0.54396953391476066, "accessibility_score": 0.37579723488566424, "final_location_score": 0.42678581670335675 }, "geometry": { "type": "Point", "coordinates": [ -81.22514972485726, 28.517570529858688 ] } },
{ "type": "Feature", "properties": { "GEOID": "12095016738", "Population": 4447, "median_income": 54023.0, "poverty_rate": "6.037221970040854", "housing_units": 1849, "population_density": "5151.995335953687", "grocery_stores": 1.0, "grocery_stores_per_1000": "0.22487069934787499", "apartment_count": 0.0, "major_retailers": 0.0, "major_road_segments": 0.0, "population_score": 0.38951310861423222, "income_score": 0.14772727272727273, "apartment_score": 0.30524344569288392, "competition_score": 0.68913857677902624, "road_access_score": 0.32041165104286451, "opportunity_score": 0.38405047667688119, "location_rank": 239, "nearest_grocery_m": 521.15150531348661, "nearest_grocery_miles": 0.32382853219292246, "nearest_retailer_m": 1601.4111336955591, "nearest_retailer_miles": 0.99507074540655016, "nearest_road_m": 2811.3417455415802, "nearest_road_miles": 1.7468867722137591, "grocery_stores_per_10000": 2.2487069934787498, "grocery_access_score": 0.73648731323836625, "retail_access_score": 0.49072748451945519, "accessibility_score": 0.52090508261638335, "final_location_score": 0.42510685845873175 }, "geometry": { "type": "Point", "coordinates": [ -81.281935458454754, 28.555328587596897 ] } },
{ "type": "Feature", "properties": { "GEOID": "12095016753", "Population": 8360, "median_income": 96879.0, "poverty_rate": "8.048898571774389", "housing_units": 2961, "population_density": "630.2194409112569", "grocery_stores": 5.0, "grocery_stores_per_1000": "0.5980861244019139", "apartment_count": 0.0, "major_retailers": 1.0, "major_road_segments": 0.0, "population_score": 0.898876404494382, "income_score": 0.66287878787878785, "apartment_score": 0.30524344569288392, "competition_score": 0.39513108614232206, "road_access_score": 0.14551855297753682, "opportunity_score": 0.51516215526046982, "location_rank": 240, "nearest_grocery_m": 3591.5450477338986, "nearest_grocery_miles": 2.231682628284505, "nearest_retailer_m": 4362.0334999996003, "nearest_retailer_miles": 2.7104419564739421, "nearest_road_m": 6261.6818741134248, "nearest_road_miles": 3.8908287315287624, "grocery_stores_per_10000": 5.9808612440191382, "grocery_access_score": 0.24209073428368327, "retail_access_score": 0.21496636741760325, "accessibility_score": 0.19803698838800871, "final_location_score": 0.42002460519873142 }, "geometry": { "type": "Point", "coordinates": [ -81.209709635434379, 28.478110694735218 ] } },
{ "type": "Feature", "properties": { "GEOID": "12095017809", "Population": 3698, "median_income": 86039.0, "poverty_rate": "23.251313243019077", "housing_units": 1241, "population_density": "2538.445583359196", "grocery_stores": 1.0, "grocery_stores_per_1000": "0.2704164413196323", "apartment_count": 0.0, "major_retailers": 0.0, "major_road_segments": 0.0, "population_score": 0.26217228464419473, "income_score": 0.57954545454545459, "apartment_score": 0.30524344569288392, "competition_score": 0.68913857677902624, "road_access_score": 0.24578674023287347, "opportunity_score": 0.41698799795709907, "location_rank": 241, "nearest_grocery_m": 1229.141792812515, "nearest_grocery_miles": 0.76375330122864649, "nearest_retailer_m": 1405.1481923137171, "nearest_retailer_miles": 0.87311860752810899, "nearest_road_m": 3828.4422090846019, "nearest_road_miles": 2.3788836998706318, "grocery_stores_per_10000": 2.7041644131963225, "grocery_access_score": 0.5276060059196761, "retail_access_score": 0.52956260839302094, "accessibility_score": 0.41526962013962404, "final_location_score": 0.41647248461185654 }, "geometry": { "type": "Point", "coordinates": [ -81.51711750461196, 28.716824537183935 ] } },
{ "type": "Feature", "properties": { "GEOID": "12095013702", "Population": 5533, "median_income": 56148.0, "poverty_rate": "8.09687330562082", "housing_units": 2447, "population_density": "7258.0470441031675", "grocery_stores": 9.0, "grocery_stores_per_1000": "1.626604012289897", "apartment_count": 0.0, "major_retailers": 1.0, "major_road_segments": 0.0, "population_score": 0.55992509363295884, "income_score": 0.20833333333333334, "apartment_score": 0.30524344569288392, "competition_score": 0.24906367041198507, "road_access_score": 0.30806134666695761, "opportunity_score": 0.32572565543071164, "location_rank": 242, "nearest_grocery_m": 321.91328863511131, "nearest_grocery_miles": 0.20002764395624012, "nearest_retailer_m": 349.47370160539816, "nearest_retailer_miles": 0.21715289062214055, "nearest_road_m": 2952.5569337297184, "nearest_road_miles": 1.8346338220602421, "grocery_stores_per_10000": 16.266040122898971, "grocery_access_score": 0.82288289072297305, "retail_access_score": 0.87195931954237693, "accessibility_score": 0.62676955886444774, "final_location_score": 0.41603882646083246 }, "geometry": { "type": "Point", "coordinates": [ -81.346210905639325, 28.520808188811291 ] } },
{ "type": "Feature", "properties": { "GEOID": "12095017026", "Population": 3823, "median_income": 101047.0, "poverty_rate": "3.5835731101229404", "housing_units": 2237, "population_density": "1540.4886275815156", "grocery_stores": 13.0, "grocery_stores_per_1000": "3.4004708344232277", "apartment_count": 0.0, "major_retailers": 2.0, "major_road_segments": 8.0, "population_score": 0.28838951310861421, "income_score": 0.69696969696969702, "apartment_score": 0.30524344569288392, "competition_score": 0.18164794007490637, "road_access_score": 0.51004286767370777, "opportunity_score": 0.36568777664283281, "location_rank": 243, "nearest_grocery_m": 1271.8479059750478, "nearest_grocery_miles": 0.79028964968027204, "nearest_retailer_m": 1281.7636200632228, "nearest_retailer_miles": 0.79645098876512588, "nearest_road_m": 1387.1218193462992, "nearest_road_miles": 0.8619175386656297, "grocery_stores_per_10000": 34.004708344232277, "grocery_access_score": 0.51828912038657915, "retail_access_score": 0.55667639530141055, "accessibility_score": 0.52266807428439699, "final_location_score": 0.41278186593530203 }, "geometry": { "type": "Point", "coordinates": [ -81.447512503581876, 28.395500982603625 ] } },
{ "type": "Feature", "properties": { "GEOID": "12095012305", "Population": 7344, "median_income": 51323.0, "poverty_rate": "18.423202614379086", "housing_units": 2588, "population_density": "6446.422646931532", "grocery_stores": 3.0, "grocery_stores_per_1000": "0.4084967320261438", "apartment_count": 0.0, "major_retailers": 0.0, "major_road_segments": 0.0, "population_score": 0.82397003745318353, "income_score": 0.11742424242424243, "apartment_score": 0.30524344569288392, "competition_score": 0.49250936329588013, "road_access_score": 0.23885401395053912, "opportunity_score": 0.43896195097037793, "location_rank": 244, "nearest_grocery_m": 1685.1361713447623, "nearest_grocery_miles": 1.0470950718707512, "nearest_retailer_m": 2585.4818118002408, "nearest_retailer_miles": 1.606543915906258, "nearest_road_m": 3947.2103628152354, "nearest_road_miles": 2.4526828091540622, "grocery_stores_per_10000": 4.0849673202614376, "grocery_access_score": 0.44060475638762386, "retail_access_score": 0.35079681415869324, "accessibility_score": 0.34194287096700382, "final_location_score": 0.40985622696936569 }, "geometry": { "type": "Point", "coordinates": [ -81.47204437137421, 28.595198053096386 ] } },
{ "type": "Feature", "properties": { "GEOID": "12095013405", "Population": 2476, "median_income": 43288.0, "poverty_rate": "24.79806138933764", "housing_units": 1006, "population_density": "10420.370387204648", "grocery_stores": 0.0, "grocery_stores_per_1000": "0.0", "apartment_count": 0.0, "major_retailers": 0.0, "major_road_segments": 0.0, "population_score": 0.11235955056179775, "income_score": 0.04924242424242424, "apartment_score": 0.30524344569288392, "competition_score": 0.87453183520599254, "road_access_score": 0.53517212067097208, "opportunity_score": 0.34633767449778685, "location_rank": 245, "nearest_grocery_m": 976.09111074980547, "nearest_grocery_miles": 0.6065148972188702, "nearest_retailer_m": 1370.5250050436753, "nearest_retailer_miles": 0.85160475637506661, "nearest_road_m": 1264.4315804919233, "nearest_road_miles": 0.78568135867280287, "grocery_stores_per_10000": 0.0, "grocery_access_score": 0.5891274851629047, "retail_access_score": 0.53694442835705891, "accessibility_score": 0.55710872800496247, "final_location_score": 0.40956899054993956 }, "geometry": { "type": "Point", "coordinates": [ -81.297374239857206, 28.523078515973275 ] } },
{ "type": "Feature", "properties": { "GEOID": "12095016413", "Population": 4314, "median_income": 57047.0, "poverty_rate": "9.318497913769123", "housing_units": 1823, "population_density": "3207.4312685953187", "grocery_stores": 7.0, "grocery_stores_per_1000": "1.6226240148354196", "apartment_count": 3.0, "major_retailers": 1.0, "major_road_segments": 0.0, "population_score": 0.35580524344569286, "income_score": 0.22348484848484848, "apartment_score": 0.702247191011236, "competition_score": 0.2865168539325843, "road_access_score": 0.34759052494908987, "opportunity_score": 0.36573246510044266, "location_rank": 246, "nearest_grocery_m": 1003.6857231383664, "nearest_grocery_miles": 0.62366139441807744, "nearest_retailer_m": 1054.3801372535802, "nearest_retailer_miles": 0.65516144295662093, "nearest_road_m": 2529.4008892230536, "nearest_road_miles": 1.5716968461827014, "grocery_stores_per_10000": 16.226240148354197, "grocery_access_score": 0.5818398616216327, "retail_access_score": 0.6132238615773824, "accessibility_score": 0.49441692694376554, "final_location_score": 0.40433780365343952 }, "geometry": { "type": "Point", "coordinates": [ -81.278583269353732, 28.57820903656058 ] } },
{ "type": "Feature", "properties": { "GEOID": "12095010500", "Population": 939, "median_income": 14820.0, "poverty_rate": "58.25346112886049", "housing_units": 714, "population_density": "3062.1223782956863", "grocery_stores": 3.0, "grocery_stores_per_1000": "3.1948881789137378", "apartment_count": 0.0, "major_retailers": 0.0, "major_road_segments": 12.0, "population_score": 0.0074906367041198503, "income_score": 0.003787878787878788, "apartment_score": 0.30524344569288392, "competition_score": 0.49250936329588013, "road_access_score": 0.68386411936337443, "opportunity_score": 0.28015619679945525, "location_rank": 247, "nearest_grocery_m": 486.76242361905219, "nearest_grocery_miles": 0.30246014750050465, "nearest_retailer_m": 1157.0100944578926, "nearest_retailer_miles": 0.71893274182393108, "nearest_road_m": 703.97265593757299, "nearest_road_miles": 0.4374283285224122, "grocery_stores_per_10000": 31.948881789137378, "grocery_access_score": 0.75022666528825044, "retail_access_score": 0.58655006265382303, "accessibility_score": 0.69094632639141462, "final_location_score": 0.40339323567704305 }, "geometry": { "type": "Point", "coordinates": [ -81.38996509924651, 28.537649689837643 ] } },
{ "type": "Feature", "properties": { "GEOID": "12095016607", "Population": 6666, "median_income": 92841.0, "poverty_rate": "13.441344134413441", "housing_units": 2404, "population_density": "312.2002031778783", "grocery_stores": 1.0, "grocery_stores_per_1000": "0.15001500150015", "apartment_count": 0.0, "major_retailers": 0.0, "major_road_segments": 0.0, "population_score": 0.74531835205992514, "income_score": 0.625, "apartment_score": 0.30524344569288392, "competition_score": 0.68913857677902624, "road_access_score": 0.025002431456847399, "opportunity_score": 0.5445926966292135, "location_rank": 248, "nearest_grocery_m": 6740.1218564038354, "nearest_grocery_miles": 4.1881175537385635, "nearest_retailer_m": 8357.7595495070291, "nearest_retailer_miles": 5.1932710157101454, "nearest_road_m": 15421.229021641269, "nearest_road_miles": 9.5823074629422109, "grocery_stores_per_10000": 1.5001500150015004, "grocery_access_score": 0.11272548359960777, "retail_access_score": 0.086390356441957153, "accessibility_score": 0.0723692373109735, "final_location_score": 0.40292565883374148 }, "geometry": { "type": "Point", "coordinates": [ -81.071488426333502, 28.496459592846758 ] } },
{ "type": "Feature", "properties": { "GEOID": "12095013802", "Population": 2450, "median_income": 71250.0, "poverty_rate": "8.227067050596462", "housing_units": 1104, "population_density": "3524.112341975145", "grocery_stores": 0.0, "grocery_stores_per_1000": "0.0", "apartment_count": 0.0, "major_retailers": 0.0, "major_road_segments": 0.0, "population_score": 0.10486891385767791, "income_score": 0.43939393939393939, "apartment_score": 0.30524344569288392, "competition_score": 0.87453183520599254, "road_access_score": 0.30161567870161182, "opportunity_score": 0.40298774259448417, "location_rank": 249, "nearest_grocery_m": 1451.1052732205565, "nearest_grocery_miles": 0.90167501368293934, "nearest_retailer_m": 1940.7586056206908, "nearest_retailer_miles": 1.2059314886193944, "nearest_road_m": 3029.9014242419385, "nearest_road_miles": 1.8826934603428094, "grocery_stores_per_10000": 0.0, "grocery_access_score": 0.48201814235756896, "retail_access_score": 0.43371049700652553, "accessibility_score": 0.40019562782497742, "final_location_score": 0.40215010816363211 }, "geometry": { "type": "Point", "coordinates": [ -81.345278140206688, 28.506101913126454 ] } },
{ "type": "Feature", "properties": { "GEOID": "12095016756", "Population": 2664, "median_income": 154556.0, "poverty_rate": "3.153153153153153", "housing_units": 1032, "population_density": "778.4801038646176", "grocery_stores": 10.0, "grocery_stores_per_1000": "3.7537537537537538", "apartment_count": 0.0, "major_retailers": 2.0, "major_road_segments": 7.0, "population_score": 0.14606741573033707, "income_score": 0.9507575757575758, "apartment_score": 0.30524344569288392, "competition_score": 0.22846441947565543, "road_access_score": 0.43152789252011375, "opportunity_score": 0.37566607082056519, "location_rank": 250, "nearest_grocery_m": 1510.4322529415833, "nearest_grocery_miles": 0.938539089804034, "nearest_retailer_m": 1654.6513460548324, "nearest_retailer_miles": 1.0281526796352007, "nearest_road_m": 1848.3509834943902, "nearest_road_miles": 1.148512054286958, "grocery_stores_per_10000": 37.537537537537538, "grocery_access_score": 0.47093192906087317, "retail_access_score": 0.48099797823194207, "accessibility_score": 0.45718352427878323, "final_location_score": 0.4001213068580306 }, "geometry": { "type": "Point", "coordinates": [ -81.251673748155341, 28.462764094340137 ] } },
{ "type": "Feature", "properties": { "GEOID": "12095018100", "Population": 3228, "median_income": 81000.0, "poverty_rate": "23.110285006195788", "housing_units": 1136, "population_density": "1743.7468832486886", "grocery_stores": 10.0, "grocery_stores_per_1000": "3.0978934324659235", "apartment_count": 0.0, "major_retailers": 2.0, "major_road_segments": 8.0, "population_score": 0.21348314606741572, "income_score": 0.53030303030303028, "apartment_score": 0.30524344569288392, "competition_score": 0.22846441947565543, "road_access_score": 0.44547150828954279, "opportunity_score": 0.33366530473272049, "location_rank": 251, "nearest_grocery_m": 879.51179062163339, "nearest_grocery_miles": 0.54650328992535679, "nearest_retailer_m": 1014.9468558966116, "nearest_retailer_miles": 0.63065873790601112, "nearest_road_m": 1756.3474223722519, "nearest_road_miles": 1.0913436918224144, "grocery_stores_per_10000": 30.978934324659232, "grocery_access_score": 0.61590624080304601, "retail_access_score": 0.62402748517200857, "accessibility_score": 0.54935659667143721, "final_location_score": 0.39837269231433547 }, "geometry": { "type": "Point", "coordinates": [ -81.537080187610641, 28.567610206919262 ] } },
{ "type": "Feature", "properties": { "GEOID": "12095013402", "Population": 3716, "median_income": 67194.0, "poverty_rate": "8.611410118406889", "housing_units": 1512, "population_density": "4859.991060468648", "grocery_stores": 2.0, "grocery_stores_per_1000": "0.5382131324004306", "apartment_count": 0.0, "major_retailers": 0.0, "major_road_segments": 0.0, "population_score": 0.26591760299625467, "income_score": 0.37878787878787878, "apartment_score": 0.30524344569288392, "competition_score": 0.56741573033707859, "road_access_score": 0.42333221972008461, "opportunity_score": 0.35737997957099077, "location_rank": 252, "nearest_grocery_m": 988.07456263102347, "nearest_grocery_miles": 0.61396106900142133, "nearest_retailer_m": 1867.29700553864, "nearest_retailer_miles": 1.1602845665927484, "nearest_road_m": 1904.8135710833874, "nearest_road_miles": 1.1835962796539381, "grocery_stores_per_10000": 5.3821313240043054, "grocery_access_score": 0.58594368369773497, "retail_access_score": 0.44510951319820341, "accessibility_score": 0.49273226400676851, "final_location_score": 0.39798566490172405 }, "geometry": { "type": "Point", "coordinates": [ -81.290197040603459, 28.528955103303392 ] } },
{ "type": "Feature", "properties": { "GEOID": "12095016714", "Population": 3282, "median_income": 80478.0, "poverty_rate": "12.754452926208652", "housing_units": 1061, "population_density": "2763.7695970292943", "grocery_stores": 2.0, "grocery_stores_per_1000": "0.6093845216331506", "apartment_count": 0.0, "major_retailers": 1.0, "major_road_segments": 0.0, "population_score": 0.22097378277153559, "income_score": 0.52651515151515149, "apartment_score": 0.30524344569288392, "competition_score": 0.56741573033707859, "road_access_score": 0.24550680538613309, "opportunity_score": 0.36830311542390193, "location_rank": 253, "nearest_grocery_m": 973.86275411896054, "nearest_grocery_miles": 0.60513026060243214, "nearest_retailer_m": 973.86275411896054, "nearest_retailer_miles": 0.60513026060243214, "nearest_road_m": 3833.1394676384252, "nearest_road_miles": 2.3818024410184679, "grocery_stores_per_10000": 6.0938452163315056, "grocery_access_score": 0.58972277917179605, "retail_access_score": 0.63563422907807354, "accessibility_score": 0.46121867963878638, "final_location_score": 0.39617778468836728 }, "geometry": { "type": "Point", "coordinates": [ -81.267287079781298, 28.54474022573682 ] } },
{ "type": "Feature", "properties": { "GEOID": "12095016908", "Population": 2146, "median_income": 57473.0, "poverty_rate": "25.629077353215283", "housing_units": 1043, "population_density": "3430.339850964123", "grocery_stores": 19.0, "grocery_stores_per_1000": "8.853681267474371", "apartment_count": 1.0, "major_retailers": 5.0, "major_road_segments": 0.0, "population_score": 0.059925093632958802, "income_score": 0.23106060606060605, "apartment_score": 0.63108614232209737, "competition_score": 0.1179775280898876, "road_access_score": 0.53287287833807084, "opportunity_score": 0.23653175008512087, "location_rank": 254, "nearest_grocery_m": 244.75109606977838, "nearest_grocery_miles": 0.15208128036627244, "nearest_retailer_m": 291.68384925432571, "nearest_retailer_miles": 0.18124394116753514, "nearest_road_m": 1275.238172793943, "nearest_road_miles": 0.79239626381553163, "grocery_stores_per_10000": 88.536812674743715, "grocery_access_score": 0.86133073927527315, "retail_access_score": 0.90168123716494653, "accessibility_score": 0.73801769447832699, "final_location_score": 0.38697753340308272 }, "geometry": { "type": "Point", "coordinates": [ -81.427176342530373, 28.484817476335611 ] } },
{ "type": "Feature", "properties": { "GEOID": "12095014809", "Population": 2934, "median_income": 157361.0, "poverty_rate": "1.0259917920656634", "housing_units": 1413, "population_density": "1339.266536730572", "grocery_stores": 5.0, "grocery_stores_per_1000": "1.7041581458759374", "apartment_count": 0.0, "major_retailers": 2.0, "major_road_segments": 0.0, "population_score": 0.17602996254681649, "income_score": 0.95833333333333337, "apartment_score": 0.30524344569288392, "competition_score": 0.39513108614232206, "road_access_score": 0.2209882648700168, "opportunity_score": 0.37876872659176031, "location_rank": 255, "nearest_grocery_m": 1285.3703007968829, "nearest_grocery_miles": 0.79869207627261973, "nearest_retailer_m": 1285.3703007968829, "nearest_retailer_miles": 0.79869207627261973, "nearest_road_m": 4278.6160099436656, "nearest_road_miles": 2.6586087312244402, "grocery_stores_per_10000": 17.041581458759374, "grocery_access_score": 0.51539634080358754, "retail_access_score": 0.55585103139066117, "accessibility_score": 0.40572404854757399, "final_location_score": 0.38685532317850441 }, "geometry": { "type": "Point", "coordinates": [ -81.524685164940905, 28.489522222068778 ] } },
{ "type": "Feature", "properties": { "GEOID": "12095016740", "Population": 3871, "median_income": 69375.0, "poverty_rate": "14.13071557737019", "housing_units": 1458, "population_density": "2514.4386787705694", "grocery_stores": 19.0, "grocery_stores_per_1000": "4.9082924308964095", "apartment_count": 0.0, "major_retailers": 4.0, "major_road_segments": 1.0, "population_score": 0.29962546816479402, "income_score": 0.39393939393939392, "apartment_score": 0.30524344569288392, "competition_score": 0.1179775280898876, "road_access_score": 0.52094978408225967, "opportunity_score": 0.28942798774259448, "location_rank": 256, "nearest_grocery_m": 734.97117815792978, "nearest_grocery_miles": 0.45668991723207081, "nearest_retailer_m": 800.91229921760942, "nearest_retailer_miles": 0.4976638302423903, "nearest_road_m": 1332.6069475563547, "nearest_road_miles": 0.82804356778684651, "grocery_stores_per_10000": 49.082924308964095, "grocery_access_score": 0.66010537701668792, "retail_access_score": 0.68883366837473037, "accessibility_score": 0.61018879811452509, "final_location_score": 0.38565623085417367 }, "geometry": { "type": "Point", "coordinates": [ -81.215201077762956, 28.556653796489741 ] } },
{ "type": "Feature", "properties": { "GEOID": "12095017023", "Population": 1746, "median_income": 52768.0, "poverty_rate": "22.416302765647742", "housing_units": 955, "population_density": "1265.3726665053046", "grocery_stores": 21.0, "grocery_stores_per_1000": "12.027491408934708", "apartment_count": 0.0, "major_retailers": 0.0, "major_road_segments": 55.0, "population_score": 0.033707865168539325, "income_score": 0.12878787878787878, "apartment_score": 0.30524344569288392, "competition_score": 0.10486891385767794, "road_access_score": 0.65160057197474552, "opportunity_score": 0.25349421178072867, "location_rank": 257, "nearest_grocery_m": 730.23478231804324, "nearest_grocery_miles": 0.45374685730213254, "nearest_retailer_m": 1034.408885221864, "nearest_retailer_miles": 0.64275188227120117, "nearest_road_m": 806.19098766429852, "nearest_road_miles": 0.50094385517595896, "grocery_stores_per_10000": 120.27491408934709, "grocery_access_score": 0.66164613327944921, "retail_access_score": 0.61865515077467781, "accessibility_score": 0.64902971225661343, "final_location_score": 0.37215486192349412 }, "geometry": { "type": "Point", "coordinates": [ -81.494602249613848, 28.369333110561747 ] } },
{ "type": "Feature", "properties": { "GEOID": "12095016606", "Population": 3110, "median_income": 151818.0, "poverty_rate": "5.048231511254019", "housing_units": 940, "population_density": "319.104074507374", "grocery_stores": 0.0, "grocery_stores_per_1000": "0.0", "apartment_count": 0.0, "major_retailers": 0.0, "major_road_segments": 0.0, "population_score": 0.20224719101123595, "income_score": 0.94318181818181823, "apartment_score": 0.30524344569288392, "competition_score": 0.87453183520599254, "road_access_score": 0.0245026870839599, "opportunity_score": 0.5029004937010555, "location_rank": 258, "nearest_grocery_m": 7518.8669423468345, "nearest_grocery_miles": 4.67200731623993, "nearest_retailer_m": 7824.8909022652642, "nearest_retailer_miles": 4.8621617890676347, "nearest_road_m": 15503.809133155019, "nearest_road_miles": 9.6336203652886017, "grocery_stores_per_10000": 0.0, "grocery_access_score": 0.094495319302293698, "retail_access_score": 0.097243417662976644, "accessibility_score": 0.067047886087096775, "final_location_score": 0.37214471141686783 }, "geometry": { "type": "Point", "coordinates": [ -81.08863459136137, 28.474239263779236 ] } },
{ "type": "Feature", "properties": { "GEOID": "12095015005", "Population": 3155, "median_income": 88556.0, "poverty_rate": "1.9224607497596924", "housing_units": 1162, "population_density": "2390.88253580803", "grocery_stores": 2.0, "grocery_stores_per_1000": "0.6339144215530903", "apartment_count": 0.0, "major_retailers": 1.0, "major_road_segments": 0.0, "population_score": 0.20599250936329588, "income_score": 0.60606060606060608, "apartment_score": 0.30524344569288392, "competition_score": 0.56741573033707859, "road_access_score": 0.24006441891302344, "opportunity_score": 0.3764896152536602, "location_rank": 259, "nearest_grocery_m": 1787.5733386640236, "nearest_grocery_miles": 1.1107465766573359, "nearest_retailer_m": 1787.5733386640236, "nearest_retailer_miles": 1.1107465766573359, "nearest_road_m": 3926.1018747707385, "nearest_road_miles": 2.4395666027715257, "grocery_stores_per_10000": 6.3391442155309035, "grocery_access_score": 0.42427328524329189, "retail_access_score": 0.45803807391202395, "accessibility_score": 0.35734269644493094, "final_location_score": 0.3707455396110414 }, "geometry": { "type": "Point", "coordinates": [ -81.504276411623309, 28.587408327466555 ] } },
{ "type": "Feature", "properties": { "GEOID": "12095016509", "Population": 4548, "median_income": 58233.0, "poverty_rate": "18.66754617414248", "housing_units": 2537, "population_density": "2573.661093756145", "grocery_stores": 5.0, "grocery_stores_per_1000": "1.0993843447669307", "apartment_count": 0.0, "major_retailers": 1.0, "major_road_segments": 0.0, "population_score": 0.4044943820224719, "income_score": 0.23863636363636365, "apartment_score": 0.30524344569288392, "competition_score": 0.39513108614232206, "road_access_score": 0.25958873162556467, "opportunity_score": 0.32793028600612872, "location_rank": 260, "nearest_grocery_m": 1092.9586721395394, "nearest_grocery_miles": 0.67913303317347895, "nearest_retailer_m": 1179.7987136836223, "nearest_retailer_miles": 0.73309293332166536, "nearest_road_m": 3606.4917523207891, "nearest_road_miles": 2.2409700799336805, "grocery_stores_per_10000": 10.993843447669306, "grocery_access_score": 0.55928287069033655, "retail_access_score": 0.580893569752161, "accessibility_score": 0.44372735487679271, "final_location_score": 0.36266940666732794 }, "geometry": { "type": "Point", "coordinates": [ -81.170804627500559, 28.575135471389871 ] } },
{ "type": "Feature", "properties": { "GEOID": "12095017813", "Population": 2218, "median_income": 123125.0, "poverty_rate": "5.370960400546199", "housing_units": 729, "population_density": "341.5300778476126", "grocery_stores": 0.0, "grocery_stores_per_1000": "0.0", "apartment_count": 0.0, "major_retailers": 0.0, "major_road_segments": 0.0, "population_score": 0.07116104868913857, "income_score": 0.87121212121212122, "apartment_score": 0.30524344569288392, "competition_score": 0.87453183520599254, "road_access_score": 0.13785111756654872, "opportunity_score": 0.45933350357507663, "location_rank": 261, "nearest_grocery_m": 6802.82118021514, "nearest_grocery_miles": 4.2270771073276689, "nearest_retailer_m": 6959.8054119711651, "nearest_retailer_miles": 4.3246225865763721, "nearest_road_m": 6540.5518639470329, "nearest_road_miles": 4.0641105095908845, "grocery_stores_per_10000": 0.0, "grocery_access_score": 0.11113277620503983, "retail_access_score": 0.11773721171378831, "accessibility_score": 0.1231409998513931, "final_location_score": 0.35847575245797153 }, "geometry": { "type": "Point", "coordinates": [ -81.544855269090775, 28.760867499675221 ] } },
{ "type": "Feature", "properties": { "GEOID": "12095017805", "Population": 2991, "median_income": 109141.0, "poverty_rate": "3.0062197650310987", "housing_units": 1130, "population_density": "103.20873492888072", "grocery_stores": 2.0, "grocery_stores_per_1000": "0.6686726847208291", "apartment_count": 0.0, "major_retailers": 1.0, "major_road_segments": 0.0, "population_score": 0.18352059925093633, "income_score": 0.76136363636363635, "apartment_score": 0.30524344569288392, "competition_score": 0.56741573033707859, "road_access_score": 0.093482479367407875, "opportunity_score": 0.39416709227102487, "location_rank": 262, "nearest_grocery_m": 4827.4152633205094, "nearest_grocery_miles": 2.9996167775941682, "nearest_retailer_m": 5528.0769393692663, "nearest_retailer_miles": 3.434987758595593, "nearest_road_m": 8642.3563661407406, "nearest_road_miles": 5.3701112789687846, "grocery_stores_per_10000": 6.6867268472082912, "grocery_access_score": 0.17622377203768133, "retail_access_score": 0.16256934206640714, "accessibility_score": 0.14039636897531713, "final_location_score": 0.31803587528231253 }, "geometry": { "type": "Point", "coordinates": [ -81.469824459036289, 28.751050430994244 ] } },
{ "type": "Feature", "properties": { "GEOID": "12095016605", "Population": 1613, "median_income": 61576.0, "poverty_rate": "21.698698078115314", "housing_units": 648, "population_density": "526.2147275893207", "grocery_stores": 2.0, "grocery_stores_per_1000": "1.2399256044637321", "apartment_count": 0.0, "major_retailers": 0.0, "major_road_segments": 0.0, "population_score": 0.026217228464419477, "income_score": 0.30303030303030304, "apartment_score": 0.30524344569288392, "competition_score": 0.56741573033707859, "road_access_score": 0.097766983662530269, "opportunity_score": 0.28609124957439563, "location_rank": 263, "nearest_grocery_m": 1198.8688073905514, "nearest_grocery_miles": 0.74494254018441763, "nearest_retailer_m": 1551.4696527916594, "nearest_retailer_miles": 0.96403854787519594, "nearest_road_m": 8393.254165604596, "nearest_road_miles": 5.215326347632697, "grocery_stores_per_10000": 12.399256044637321, "grocery_access_score": 0.53438207984500685, "retail_access_score": 0.50015208780972764, "accessibility_score": 0.3528900429649604, "final_location_score": 0.30613088759156504 }, "geometry": { "type": "Point", "coordinates": [ -81.12387282761874, 28.549981264827903 ] } },
{ "type": "Feature", "properties": { "GEOID": "12095016604", "Population": 4550, "median_income": 95893.0, "poverty_rate": "14.483516483516484", "housing_units": 1857, "population_density": "49.009619568447945", "grocery_stores": 6.0, "grocery_stores_per_1000": "1.3186813186813187", "apartment_count": 0.0, "major_retailers": 1.0, "major_road_segments": 0.0, "population_score": 0.40823970037453183, "income_score": 0.64772727272727271, "apartment_score": 0.30524344569288392, "competition_score": 0.33333333333333337, "road_access_score": 0.0, "opportunity_score": 0.37478081375553285, "location_rank": 264, "nearest_grocery_m": 10326.485166259994, "nearest_grocery_miles": 6.4165803993801163, "nearest_retailer_m": 13377.763530080745, "nearest_retailer_miles": 8.3125568741553977, "nearest_road_m": 20841.359072812545, "nearest_road_miles": 12.950220134919908, "grocery_stores_per_10000": 13.186813186813186, "grocery_access_score": 0.048518447937672335, "retail_access_score": 0.022029026679788868, "accessibility_score": 0.023813184511026708, "final_location_score": 0.26949052498218101 }, "geometry": { "type": "Point", "coordinates": [ -80.997206277333078, 28.536826904618529 ] } },
{ "type": "Feature", "properties": { "GEOID": "12095018901", "Population": 4083, "median_income": null, "poverty_rate": "20.46908315565032", "housing_units": 2180, "population_density": "3699.63869327091", "grocery_stores": 4.0, "grocery_stores_per_1000": "0.9796718099436689", "apartment_count": 3.0, "major_retailers": 0.0, "major_road_segments": 9.0, "population_score": 0.33333333333333331, "income_score": null, "apartment_score": 0.702247191011236, "competition_score": 0.449438202247191, "road_access_score": 0.6767610572594942, "opportunity_score": null, "location_rank": 265, "nearest_grocery_m": 257.6041456888313, "nearest_grocery_miles": 0.16006779513194896, "nearest_retailer_m": 1470.6186486408665, "nearest_retailer_miles": 0.91380006303243211, "nearest_road_m": 725.72715415988887, "nearest_road_miles": 0.4509459470193376, "grocery_stores_per_10000": 9.7967180994366885, "grocery_access_score": 0.85470580540623509, "retail_access_score": 0.51605764238849705, "accessibility_score": 0.71579827354399117, "final_location_score": 0.21473948206319735 }, "geometry": { "type": "Point", "coordinates": [ -81.388438275240176, 28.550980685559569 ] } },
{ "type": "Feature", "properties": { "GEOID": "12095016515", "Population": 12624, "median_income": null, "poverty_rate": "<NA>", "housing_units": 0, "population_density": "5851.2945377924325", "grocery_stores": 23.0, "grocery_stores_per_1000": "1.8219264892268694", "apartment_count": 0.0, "major_retailers": 0.0, "major_road_segments": 1.0, "population_score": 0.9662921348314607, "income_score": null, "apartment_score": 0.30524344569288392, "competition_score": 0.088014981273408233, "road_access_score": 0.55254958737372739, "opportunity_score": null, "location_rank": 266, "nearest_grocery_m": 477.69597124053388, "nearest_grocery_miles": 0.29682651517670172, "nearest_retailer_m": 1818.9916170060824, "nearest_retailer_miles": 1.1302689897287854, "nearest_road_m": 1185.3027955386369, "nearest_road_miles": 0.7365130112260877, "grocery_stores_per_10000": 18.219264892268694, "grocery_access_score": 0.75392437584559091, "retail_access_score": 0.45287127197208016, "accessibility_score": 0.61316383968214339, "final_location_score": 0.183949151904643 }, "geometry": { "type": "Point", "coordinates": [ -81.195506740451108, 28.599960129381667 ] } },
{ "type": "Feature", "properties": { "GEOID": "12095990000", "Population": 0, "median_income": null, "poverty_rate": "<NA>", "housing_units": 0, "population_density": "<NA>", "grocery_stores": 0.0, "grocery_stores_per_1000": "<NA>", "apartment_count": 0.0, "major_retailers": 0.0, "major_road_segments": 0.0, "population_score": 0.0037453183520599251, "income_score": null, "apartment_score": 0.30524344569288392, "competition_score": 0.87453183520599254, "road_access_score": 0.13121061377854387, "opportunity_score": null, "location_rank": 267, "nearest_grocery_m": 6706.1351413488555, "nearest_grocery_miles": 4.1669991880846204, "nearest_retailer_m": 7014.2224118033237, "nearest_retailer_miles": 4.3584357426400588, "nearest_road_m": 6798.5450988115135, "nearest_road_miles": 4.2244200735277939, "grocery_stores_per_10000": 0.0, "grocery_access_score": 0.1135988627960635, "retail_access_score": 0.11632689157641705, "accessibility_score": 0.12118916894512638, "final_location_score": 0.036356750683537914 }, "geometry": { "type": "Point", "coordinates": [ -81.618617796612128, 28.621148347227077 ] } }
]
}
