STATEFP,COUNTYFP,TRACTCE,GEOID,GEOIDFQ,NAME,NAMELSAD,MTFCC,FUNCSTAT,ALAND,AWATER,INTPTLAT,INTPTLON,geo_id,geography,Population,geography_income,median_income,geography_poverty,Poverty,Below poverty level,Below poverty level - Male,Below poverty level - Female,At or above poverty level,At or above poverty level - Male,At or above poverty level - Female,geography_housing,Housing units,geography_owner_renter,Owner:renter occupancy,Owner occupied,Renter occupied,geography_vehicles,Vehicles available,Owner occupied_vehicles,Owner occupied - No vehicles available,Owner occupied - 1 vehicle available,Renter occupied_vehicles,Renter occupied - No vehicles available,Renter occupied - 1 vehicle available,geography_households,Population_households,Family households,Married-couple family households,Other family households,"Male householder, no spouse present","Female householder, no spouse present",Nonfamily households,Householder living alone,Householder not living alone,grocery_stores,grocery_stores_per_1000,area_sq_miles,population_density,poverty_rate,apartment_count,major_retailers,major_road_segments,road_access_score,population_score,income_score,apartment_score,competition_score,opportunity_score
12,095,016748,12095016748,1400000US12095016748,167.48,Census Tract 167.48,G5020,S,3018644,113078,+28.5310895,-081.1583165,1400000US12095016748,Census Tract 167.48; Orange County; Florida,7250,Census Tract 167.48; Orange County; Florida,120342.0,Census Tract 167.48; Orange County; Florida,7250,669,216,453,6581,3150,3431,Census Tract 167.48; Orange County; Florida,2265,Census Tract 167.48; Orange County; Florida,2265,1783,482,Census Tract 167.48; Orange County; Florida,2265,1783,0,564,482,0,241,Census Tract 167.48; Orange County; Florida,2265,2037,1665,372,134,238,228,174,54,0.0,0.0,1.2082045931396928,6000.639329767681,9.227586206896552,101.0,0.0,0.0,0.11797752808988764,0.8164794007490637,0.8522727272727273,0.9850187265917603,0.8745318352059925,0.8747616615594145
12,095,017401,12095017401,1400000US12095017401,174.01,Census Tract 174.01,G5020,S,8354788,2975460,+28.5858838,-081.5734757,1400000US12095017401,Census Tract 174.01; Orange County; Florida,8093,Census Tract 174.01; Orange County; Florida,109653.0,Census Tract 174.01; Orange County; Florida,7958,687,497,190,7271,3781,3490,Census Tract 174.01; Orange County; Florida,2871,Census Tract 174.01; Orange County; Florida,2609,2031,578,Census Tract 174.01; Orange County; Florida,2609,2031,17,612,578,38,229,Census Tract 174.01; Orange County; Florida,2609,2183,1789,394,51,343,426,367,59,0.0,0.0,4.3714735885159275,1851.3208043303068,8.632822317165118,5.0,0.0,32.0,0.6947565543071161,0.8838951310861424,0.7651515151515151,0.7340823970037453,0.8745318352059925,0.8273748723186927
12,095,017120,12095017120,1400000US12095017120,171.20,Census Tract 171.20,G5020,S,8387695,919268,+28.5159386,-081.5681542,1400000US12095017120,Census Tract 171.20; Orange County; Florida,6402,Census Tract 171.20; Orange County; Florida,184514.0,Census Tract 171.20; Orange County; Florida,6402,60,31,29,6342,3137,3205,Census Tract 171.20; Orange County; Florida,2563,Census Tract 171.20; Orange County; Florida,2197,1757,440,Census Tract 171.20; Orange County; Florida,2197,1757,15,184,440,0,350,Census Tract 171.20; Orange County; Florida,2197,1699,1424,275,77,198,498,498,0,0.0,0.0,3.590837390373675,1782.8710420478787,0.937207122774133,9.0,0.0,19.0,0.5243445692883895,0.700374531835206,0.9772727272727273,0.7808988764044944,0.8745318352059925,0.824106230847804
12,095,016749,12095016749,1400000US12095016749,167.49,Census Tract 167.49,G5020,S,3777511,84220,+28.5187289,-081.1686572,1400000US12095016749,Census Tract 167.49; Orange County; Florida,6330,Census Tract 167.49; Orange County; Florida,124511.0,Census Tract 167.49; Orange County; Florida,6318,771,150,621,5547,3191,2356,Census Tract 167.49; Orange County; Florida,2113,Census Tract 167.49; Orange County; Florida,2113,1269,844,Census Tract 167.49; Orange County; Florida,2113,1269,0,130,844,0,225,Census Tract 167.49; Orange County; Florida,2113,1656,1230,426,136,290,457,393,64,0.0,0.0,1.4898396162527827,4248.779486694749,12.203228869895536,3.0,0.0,0.0,0.11797752808988764,0.6853932584269663,0.8863636363636364,0.702247191011236,0.8745318352059925,0.7856996935648621
12,095,016747,12095016747,1400000US12095016747,167.47,Census Tract 167.47,G5020,S,4851886,232432,+28.5288932,-081.1814156,1400000US12095016747,Census Tract 167.47; Orange County; Florida,5719,Census Tract 167.47; Orange County; Florida,145575.0,Census Tract 167.47; Orange County; Florida,5719,166,89,77,5553,2953,2600,Census Tract 167.47; Orange County; Florida,1970,Census Tract 167.47; Orange County; Florida,1893,1638,255,Census Tract 167.47; Orange County; Florida,1893,1638,0,167,255,0,80,Census Tract 167.47; Orange County; Florida,1893,1779,1630,149,55,94,114,66,48,0.0,0.0,1.9615104698371286,2915.6102340227985,2.902605350585767,10.0,0.0,0.0,0.11797752808988764,0.5917602996254682,0.9356060606060606,0.7902621722846442,0.8745318352059925,0.7850612870275793
12,095,016737,12095016737,1400000US12095016737,167.37,Census Tract 167.37,G5020,S,355180765,5514965,+28.4236711,-081.0319036,1400000US12095016737,Census Tract 167.37; Orange County; Florida,12795,Census Tract 167.37; Orange County; Florida,118326.0,Census Tract 167.37; Orange County; Florida,12795,725,560,165,12070,6143,5927,Census Tract 167.37; Orange County; Florida,4184,Census Tract 167.37; Orange County; Florida,4057,3052,1005,Census Tract 167.37; Orange County; Florida,4057,3052,98,473,1005,0,272,Census Tract 167.37; Orange County; Florida,4057,3653,3016,637,160,477,404,256,148,2.0,0.15631105900742479,139.1543838075639,91.94823511772478,5.666275889019149,5.0,1.0,51.0,0.8314606741573034,0.9775280898876404,0.8333333333333334,0.7340823970037453,0.5674157303370786,0.7769662921348315
12,095,017812,12095017812,1400000US12095017812,178.12,Census Tract 178.12,G5020,S,5720347,558834,+28.7014571,-081.5328097,1400000US12095017812,Census Tract 178.12; Orange County; Florida,8876,Census Tract 178.12; Orange County; Florida,113492.0,Census Tract 178.12; Orange County; Florida,8876,787,342,445,8089,3870,4219,Census Tract 178.12; Orange County; Florida,3037,Census Tract 178.12; Orange County; Florida,2896,2348,548,Census Tract 178.12; Orange County; Florida,2896,2348,16,439,548,40,236,Census Tract 178.12; Orange County; Florida,2896,2402,1932,470,91,379,494,373,121,0.0,0.0,2.422629770951352,3663.787222640482,8.866606579540333,0.0,0.0,0.0,0.11797752808988764,0.9138576779026217,0.7840909090909091,0.3052434456928839,0.8745318352059925,0.7543837248893429
12,095,017814,12095017814,1400000US12095017814,178.14,Census Tract 178.14,G5020,S,10508033,14258,+28.7526090,-081.5219603,1400000US12095017814,Census Tract 178.14; Orange County; Florida,7218,Census Tract 178.14; Orange County; Florida,135497.0,Census Tract 178.14; Orange County; Florida,7206,1021,388,633,6185,2897,3288,Census Tract 178.14; Orange County; Florida,2282,Census Tract 178.14; Orange County; Florida,2173,1836,337,Census Tract 178.14; Orange County; Florida,2173,1836,40,364,337,0,58,Census Tract 178.14; Orange County; Florida,2173,1912,1540,372,158,214,261,173,88,0.0,0.0,4.059692807743677,1777.9670388439235,14.168748265334443,0.0,0.0,0.0,0.11797752808988764,0.8089887640449438,0.928030303030303,0.3052434456928839,0.8745318352059925,0.7517109295199182
12,095,018202,12095018202,1400000US12095018202,182.02,Census Tract 182.02,G5020,S,1583430,724491,+28.5718160,-081.3172641,1400000US12095018202,Census Tract 182.02; Orange County; Florida,4423,Census Tract 182.02; Orange County; Florida,129231.0,Census Tract 182.02; Orange County; Florida,4337,416,172,244,3921,1983,1938,Census Tract 182.02; Orange County; Florida,2103,Census Tract 182.02; Orange County; Florida,2030,653,1377,Census Tract 182.02; Orange County; Florida,2030,653,0,251,1377,20,695,Census Tract 182.02; Orange County; Florida,2030,868,692,176,125,51,1162,724,438,0.0,0.0,0.8904025356389309,4967.416222401213,9.59188379063869,71.0,0.0,0.0,0.11797752808988764,0.3782771535580524,0.9090909090909091,0.9662921348314607,0.8745318352059925,0.7509193054136875
12,095,017114,12095017114,1400000US12095017114,171.14,Census Tract 171.14,G5020,S,8004875,1325348,+28.4853869,-081.5921753,1400000US12095017114,Census Tract 171.14; Orange County; Florida,10387,Census Tract 171.14; Orange County; Florida,120799.0,Census Tract 171.14; Orange County; Florida,10387,850,233,617,9537,4856,4681,Census Tract 171.14; Orange County; Florida,3768,Census Tract 171.14; Orange County; Florida,3391,2133,1258,Census Tract 171.14; Orange County; Florida,3391,2133,0,456,1258,30,594,Census Tract 171.14; Orange County; Florida,3391,2528,2012,516,148,368,863,558,305,6.0,0.5776451333397515,3.5998414259882656,2885.4048750629213,8.183306055646481,65.0,1.0,20.0,0.5393258426966292,0.951310861423221,0.8560606060606061,0.9550561797752809,0.33333333333333337,0.7476166155941437
12,095,016713,12095016713,1400000US12095016713,167.13,Census Tract 167.13,G5020,S,5685275,3543,+28.5564402,-081.2549581,1400000US12095016713,Census Tract 167.13; Orange County; Florida,9102,Census Tract 167.13; Orange County; Florida,61759.0,Census Tract 167.13; Orange County; Florida,8851,2028,1470,558,6823,3428,3395,Census Tract 167.13; Orange County; Florida,3198,Census Tract 167.13; Orange County; Florida,3045,2042,1003,Census Tract 167.13; Orange County; Florida,3045,2042,88,635,1003,62,318,Census Tract 167.13; Orange County; Florida,3045,2175,1410,765,203,562,870,504,366,0.0,0.0,2.1947424746340167,4147.183601355234,22.912665235566603,1.0,0.0,63.0,0.8707865168539326,0.9250936329588015,0.3143939393939394,0.6310861423220974,0.8745318352059925,0.7289836567926455
12,095,016731,12095016731,1400000US12095016731,167.31,Census Tract 167.31,G5020,S,41592789,570718,+28.4835047,-081.1615954,1400000US12095016731,Census Tract 167.31; Orange County; Florida,7932,Census Tract 167.31; Orange County; Florida,96019.0,Census Tract 167.31; Orange County; Florida,5488,221,53,168,5267,2765,2502,Census Tract 167.31; Orange County; Florida,2222,Census Tract 167.31; Orange County; Florida,1988,753,1235,Census Tract 167.31; Orange County; Florida,1988,753,0,173,1235,39,578,Census Tract 167.31; Orange County; Florida,1988,1259,960,299,115,184,729,389,340,2.0,0.2521432173474534,16.266499085459966,487.62797442321977,4.026967930029154,15.0,0.0,2.0,0.25280898876404495,0.8726591760299626,0.6515151515151515,0.8314606741573034,0.5674157303370786,0.7286176370446034
12,095,017116,12095017116,1400000US12095017116,171.16,Census Tract 171.16,G5020,S,11785571,7438344,+28.5268686,-081.6272080,1400000US12095017116,Census Tract 171.16; Orange County; Florida,8031,Census Tract 171.16; Orange County; Florida,173529.0,Census Tract 171.16; Orange County; Florida,8031,333,110,223,7698,3633,4065,Census Tract 171.16; Orange County; Florida,2995,Census Tract 171.16; Orange County; Florida,2792,2275,517,Census Tract 171.16; Orange County; Florida,2792,2275,34,315,517,22,290,Census Tract 171.16; Orange County; Florida,2792,2260,1857,403,169,234,532,430,102,1.0,0.12451749470800648,7.4171540438531345,1082.760308403677,4.1464325737766154,0.0,0.0,17.0,0.5037453183520599,0.8764044943820225,0.9734848484848485,0.3052434456928839,0.6891385767790262,0.7254085801838611
12,095,016811,12095016811,1400000US12095016811,168.11,Census Tract 168.11,G5020,S,8335564,633857,+28.3590397,-081.3260364,1400000US12095016811,Census Tract 168.11; Orange County; Florida,13170,Census Tract 168.11; Orange County; Florida,111311.0,Census Tract 168.11; Orange County; Florida,13170,185,45,140,12985,5924,7061,Census Tract 168.11; Orange County; Florida,4265,Census Tract 168.11; Orange County; Florida,3734,3136,598,Census Tract 168.11; Orange County; Florida,3734,3136,136,533,598,29,191,Census Tract 168.11; Orange County; Florida,3734,3322,2655,667,249,418,412,296,116,6.0,0.4555808656036447,3.46043115783198,3805.884122327471,1.404707668944571,22.0,1.0,49.0,0.8202247191011236,0.9812734082397003,0.7803030303030303,0.8576779026217228,0.33333333333333337,0.7219782090568607
12,095,016514,12095016514,1400000US12095016514,165.14,Census Tract 165.14,G5020,S,5440599,425615,+28.6019235,-081.1695091,1400000US12095016514,Census Tract 165.14; Orange County; Florida,6764,Census Tract 165.14; Orange County; Florida,117809.0,Census Tract 165.14; Orange County; Florida,6764,719,412,307,6045,2795,3250,Census Tract 165.14; Orange County; Florida,2535,Census Tract 165.14; Orange County; Florida,2383,1620,763,Census Tract 165.14; Orange County; Florida,2383,1620,37,266,763,0,181,Census Tract 165.14; Orange County; Florida,2383,1765,1355,410,68,342,618,341,277,0.0,0.0,2.2631609679499425,2988.740127542536,10.629804849201657,0.0,0.0,0.0,0.11797752808988764,0.7752808988764045,0.821969696969697,0.3052434456928839,0.8745318352059925,0.7203864487572353
12,095,012303,12095012303,1400000US12095012303,123.03,Census Tract 123.03,G5020,S,4288296,581944,+28.6017893,-081.4861409,1400000US12095012303,Census Tract 123.03; Orange County; Florida,9190,Census Tract 123.03; Orange County; Florida,86333.0,Census Tract 123.03; Orange County; Florida,9151,1893,701,1192,7258,3140,4118,Census Tract 123.03; Orange County; Florida,2568,Census Tract 123.03; Orange County; Florida,2528,1882,646,Census Tract 123.03; Orange County; Florida,2528,1882,109,251,646,65,91,Census Tract 123.03; Orange County; Florida,2528,2223,1615,608,98,510,305,241,64,0.0,0.0,1.8790118936661084,4890.868456436189,20.686263796306413,0.0,0.0,0.0,0.11797752808988764,0.9325842696629213,0.5833333333333334,0.3052434456928839,0.8745318352059925,0.7198501872659177
12,095,016743,12095016743,1400000US12095016743,167.43,Census Tract 167.43,G5020,S,3726848,118566,+28.5535775,-081.1847760,1400000US12095016743,Census Tract 167.43; Orange County; Florida,6981,Census Tract 167.43; Orange County; Florida,107212.0,Census Tract 167.43; Orange County; Florida,6981,434,319,115,6547,3170,3377,Census Tract 167.43; Orange County; Florida,2463,Census Tract 167.43; Orange County; Florida,2373,1484,889,Census Tract 167.43; Orange County; Florida,2373,1484,14,324,889,0,749,Census Tract 167.43; Orange County; Florida,2373,1787,1208,579,135,444,586,548,38,3.0,0.42973785990545765,1.4835476188537466,4705.61235196065,6.216874373298954,26.0,1.0,41.0,0.7696629213483146,0.8014981273408239,0.7386363636363636,0.8782771535580525,0.49250936329588013,0.7115849506298944
12,095,016750,12095016750,1400000US12095016750,167.50,Census Tract 167.50,G5020,S,10228484,91115,+28.5245620,-081.1477853,1400000US12095016750,Census Tract 167.50; Orange County; Florida,12106,Census Tract 167.50; Orange County; Florida,117609.0,Census Tract 167.50; Orange County; Florida,12081,326,170,156,11755,6042,5713,Census Tract 167.50; Orange County; Florida,4233,Census Tract 167.50; Orange County; Florida,4220,3363,857,Census Tract 167.50; Orange County; Florida,4220,3363,60,886,857,82,259,Census Tract 167.50; Orange County; Florida,4220,3327,2762,565,269,296,893,829,64,12.0,0.9912440112340988,3.9812517657354687,3040.7521835694865,2.6984521148911513,56.0,2.0,0.0,0.11797752808988764,0.9625468164794008,0.8181818181818182,0.9382022471910112,0.1966292134831461,0.69902962206333
12,095,015002,12095015002,1400000US12095015002,150.02,Census Tract 150.02,G5020,S,5130815,575746,+28.5973488,-081.5281743,1400000US12095015002,Census Tract 150.02; Orange County; Florida,6758,Census Tract 150.02; Orange County; Florida,101250.0,Census Tract 150.02; Orange County; Florida,6758,1043,519,524,5715,2838,2877,Census Tract 150.02; Orange County; Florida,2284,Census Tract 150.02; Orange County; Florida,2060,1758,302,Census Tract 150.02; Orange County; Florida,2060,1758,64,398,302,37,130,Census Tract 150.02; Orange County; Florida,2060,1588,1081,507,173,334,472,288,184,0.0,0.0,2.201698074535721,3069.4490212628634,15.433560224918615,0.0,0.0,0.0,0.11797752808988764,0.7715355805243446,0.7045454545454546,0.3052434456928839,0.8745318352059925,0.6957780047667689
12,095,017113,12095017113,1400000US12095017113,171.13,Census Tract 171.13,G5020,S,35299705,3724078,+28.4794167,-081.6315732,1400000US12095017113,Census Tract 171.13; Orange County; Florida,17717,Census Tract 171.13; Orange County; Florida,134728.0,Census Tract 171.13; Orange County; Florida,17694,400,164,236,17294,8126,9168,Census Tract 171.13; Orange County; Florida,5986,Census Tract 171.13; Orange County; Florida,5581,4057,1524,Census Tract 171.13; Orange County; Florida,5581,4057,49,599,1524,53,698,Census Tract 171.13; Orange County; Florida,5581,4479,3894,585,203,382,1102,690,412,22.0,1.2417452164587686,15.0565357259039,1176.698300494112,2.2606533288120265,46.0,3.0,30.0,0.6760299625468165,0.9925093632958801,0.9242424242424242,0.9138576779026217,0.0955056179775281,0.6940245148110318
12,095,016411,12095016411,1400000US12095016411,164.11,Census Tract 164.11,G5020,S,3327372,497507,+28.5858134,-081.2648697,1400000US12095016411,Census Tract 164.11; Orange County; Florida,4715,Census Tract 164.11; Orange County; Florida,81488.0,Census Tract 164.11; Orange County; Florida,4715,390,248,142,4325,2546,1779,Census Tract 164.11; Orange County; Florida,1651,Census Tract 164.11; Orange County; Florida,1424,549,875,Census Tract 164.11; Orange County; Florida,1424,549,7,94,875,0,408,Census Tract 164.11; Orange County; Florida,1424,887,455,432,107,325,537,369,168,0.0,0.0,1.4756347973710648,3195.235032678862,8.271474019088016,64.0,0.0,21.0,0.5636704119850188,0.4307116104868914,0.5378787878787878,0.951310861423221,0.8745318352059925,0.689410963568267
12,095,014807,12095014807,1400000US12095014807,148.07,Census Tract 148.07,G5020,S,4853203,890153,+28.5236695,-081.4870445,1400000US12095014807,Census Tract 148.07; Orange County; Florida,8111,Census Tract 148.07; Orange County; Florida,75208.0,Census Tract 148.07; Orange County; Florida,8059,1057,435,622,7002,3251,3751,Census Tract 148.07; Orange County; Florida,2914,Census Tract 148.07; Orange County; Florida,2867,1866,1001,Census Tract 148.07; Orange County; Florida,2867,1866,31,385,1001,0,489,Census Tract 148.07; Orange County; Florida,2867,2139,1456,683,70,613,728,499,229,0.0,0.0,2.2158732637951855,3660.4078999121425,13.115771187492244,0.0,0.0,9.0,0.3539325842696629,0.8876404494382022,0.48295454545454547,0.3052434456928839,0.8745318352059925,0.6862912836227444
12,095,017901,12095017901,1400000US12095017901,179.01,Census Tract 179.01,G5020,S,79215687,14629813,+28.7076543,-081.6148216,1400000US12095017901,Census Tract 179.01; Orange County; Florida,6455,Census Tract 179.01; Orange County; Florida,106690.0,Census Tract 179.01; Orange County; Florida,6404,298,110,188,6106,3261,2845,Census Tract 179.01; Orange County; Florida,2420,Census Tract 179.01; Orange County; Florida,2262,1973,289,Census Tract 179.01; Orange County; Florida,2262,1973,0,456,289,11,214,Census Tract 179.01; Orange County; Florida,2262,1708,1323,385,107,278,554,459,95,0.0,0.0,36.20815447073168,178.2747586656979,4.653341661461587,0.0,0.0,29.0,0.6666666666666666,0.7153558052434457,0.7348484848484849,0.3052434456928839,0.8745318352059925,0.6849846782431053
12,095,016603,12095016603,1400000US12095016603,166.03,Census Tract 166.03,G5020,S,44586789,511394,+28.5588620,-081.0744634,1400000US12095016603,Census Tract 166.03; Orange County; Florida,8043,Census Tract 166.03; Orange County; Florida,108942.0,Census Tract 166.03; Orange County; Florida,8025,1850,1059,791,6175,3343,2832,Census Tract 166.03; Orange County; Florida,2531,Census Tract 166.03; Orange County; Florida,2369,2168,201,Census Tract 166.03; Orange County; Florida,2369,2168,60,348,201,12,0,Census Tract 166.03; Orange County; Florida,2369,1993,1667,326,155,171,376,221,155,1.0,0.12433171702101205,17.398607340938486,462.27837909043575,23.05295950155763,0.0,0.0,39.0,0.7471910112359551,0.8801498127340824,0.7575757575757576,0.3052434456928839,0.6891385767790262,0.6833503575076608
12,095,016736,12095016736,1400000US12095016736,167.36,Census Tract 167.36,G5020,S,25452730,11511869,+28.3955129,-081.2045788,1400000US12095016736,Census Tract 167.36; Orange County; Florida,14231,Census Tract 167.36; Orange County; Florida,121250.0,Census Tract 167.36; Orange County; Florida,14220,1185,614,571,13035,6805,6230,Census Tract 167.36; Orange County; Florida,5133,Census Tract 167.36; Orange County; Florida,4976,3283,1693,Census Tract 167.36; Orange County; Florida,4976,3283,171,720,1693,107,831,Census Tract 167.36; Orange County; Florida,4976,3795,3268,527,247,280,1181,881,300,20.0,1.4053826154170475,14.26085281317191,997.9066600319767,8.333333333333332,41.0,1.0,41.0,0.7696629213483146,0.9850187265917603,0.865530303030303,0.9044943820224719,0.1123595505617978,0.6832184201566224
12,095,017109,12095017109,1400000US12095017109,171.09,Census Tract 171.09,G5020,S,7261201,2741155,+28.4518841,-081.5113781,1400000US12095017109,Census Tract 171.09; Orange County; Florida,5571,Census Tract 171.09; Orange County; Florida,146839.0,Census Tract 171.09; Orange County; Florida,5548,32,32,0,5516,2923,2593,Census Tract 171.09; Orange County; Florida,2357,Census Tract 171.09; Orange County; Florida,2075,1789,286,Census Tract 171.09; Orange County; Florida,2075,1789,33,196,286,0,59,Census Tract 171.09; Orange County; Florida,2075,1903,1728,175,26,149,172,165,7,0.0,0.0,3.8590810989736593,1443.6079100492689,0.5767844268204758,0.0,0.0,0.0,0.11797752808988764,0.5655430711610487,0.9393939393939394,0.3052434456928839,0.8745318352059925,0.6809499489274771
12,095,015204,12095015204,1400000US12095015204,152.04,Census Tract 152.04,G5020,S,2484265,390556,+28.6271579,-081.4083163,1400000US12095015204,Census Tract 152.04; Orange County; Florida,5986,Census Tract 152.04; Orange County; Florida,70784.0,Census Tract 152.04; Orange County; Florida,5914,1059,381,678,4855,2415,2440,Census Tract 152.04; Orange County; Florida,2920,Census Tract 152.04; Orange County; Florida,2630,897,1733,Census Tract 152.04; Orange County; Florida,2630,897,12,385,1733,85,711,Census Tract 152.04; Orange County; Florida,2630,1151,698,453,49,404,1479,927,552,0.0,0.0,1.109130139685727,5397.0222121059105,17.906662157592155,3.0,0.0,8.0,0.3352059925093633,0.6441947565543071,0.42424242424242425,0.702247191011236,0.8745318352059925,0.6809159005788219
12,095,017111,12095017111,1400000US12095017111,171.11,Census Tract 171.11,G5020,S,102927484,8681632,+28.3938692,-081.5982623,1400000US12095017111,Census Tract 171.11; Orange County; Florida,25639,Census Tract 171.11; Orange County; Florida,128444.0,Census Tract 171.11; Orange County; Florida,25639,3042,1708,1334,22597,11143,11454,Census Tract 171.11; Orange County; Florida,8951,Census Tract 171.11; Orange County; Florida,8099,5444,2655,Census Tract 171.11; Orange County; Florida,8099,5444,0,1548,2655,166,1114,Census Tract 171.11; Orange County; Florida,8099,5920,4838,1082,471,611,2179,1242,937,248.0,9.67276414836772,43.06178772330332,595.4002691375769,11.864737314247826,63.0,7.0,187.0,0.9962546816479401,1.0,0.9015151515151515,0.9456928838951311,0.0,0.6694416070820566
12,095,016755,12095016755,1400000US12095016755,167.55,Census Tract 167.55,G5020,S,4221909,14338,+28.4811536,-081.2590622,1400000US12095016755,Census Tract 167.55; Orange County; Florida,6433,Census Tract 167.55; Orange County; Florida,91442.0,Census Tract 167.55; Orange County; Florida,6433,246,91,155,6187,3193,2994,Census Tract 167.55; Orange County; Florida,2549,Census Tract 167.55; Orange County; Florida,2267,1443,824,Census Tract 167.55; Orange County; Florida,2267,1443,10,533,824,0,376,Census Tract 167.55; Orange County; Florida,2267,1634,1316,318,20,298,633,448,185,2.0,0.310896937665164,1.6343411082122101,3936.142808668012,3.824032333281517,11.0,0.0,2.0,0.25280898876404495,0.7116104868913857,0.6174242424242424,0.799625468164794,0.5674157303370786,0.6671178072863466
12,095,016735,12095016735,1400000US12095016735,167.35,Census Tract 167.35,G5020,S,9522630,2030144,+28.4288998,-081.2374706,1400000US12095016735,Census Tract 167.35; Orange County; Florida,12767,Census Tract 167.35; Orange County; Florida,115538.0,Census Tract 167.35; Orange County; Florida,12767,505,201,304,12262,6006,6256,Census Tract 167.35; Orange County; Florida,4846,Census Tract 167.35; Orange County; Florida,4347,2706,1641,Census Tract 167.35; Orange County; Florida,4347,2706,0,458,1641,0,471,Census Tract 167.35; Orange County; Florida,4347,3659,2615,1044,431,613,688,387,301,18.0,1.4098848594031488,4.457043704767273,2864.4547475144486,3.9555102999921674,21.0,1.0,51.0,0.8314606741573034,0.9737827715355806,0.7992424242424242,0.8539325842696629,0.1292134831460674,0.6615338781069118
12,095,017701,12095017701,1400000US12095017701,177.01,Census Tract 177.01,G5020,S,2959867,59009,+28.6989713,-081.5169550,1400000US12095017701,Census Tract 177.01; Orange County; Florida,6202,Census Tract 177.01; Orange County; Florida,98125.0,Census Tract 177.01; Orange County; Florida,6202,457,182,275,5745,2801,2944,Census Tract 177.01; Orange County; Florida,1897,Census Tract 177.01; Orange County; Florida,1735,1345,390,Census Tract 177.01; Orange County; Florida,1735,1345,8,210,390,0,228,Census Tract 177.01; Orange County; Florida,1735,1443,1017,426,132,294,292,239,53,0.0,0.0,1.1647337656645516,5324.822017554699,7.368590777168656,0.0,0.0,0.0,0.11797752808988764,0.6704119850187266,0.678030303030303,0.3052434456928839,0.8745318352059925,0.6601378958120532
12,095,013202,12095013202,1400000US12095013202,132.02,Census Tract 132.02,G5020,S,3763692,56949,+28.5565687,-081.2923594,1400000US12095013202,Census Tract 132.02; Orange County; Florida,7224,Census Tract 132.02; Orange County; Florida,59888.0,Census Tract 132.02; Orange County; Florida,7195,737,318,419,6458,3452,3006,Census Tract 132.02; Orange County; Florida,3033,Census Tract 132.02; Orange County; Florida,2849,1124,1725,Census Tract 132.02; Orange County; Florida,2849,1124,0,197,1725,26,580,Census Tract 132.02; Orange County; Florida,2849,1720,1103,617,195,422,1129,841,288,2.0,0.2768549280177187,1.4740065701470875,4900.927951277134,10.243224461431549,63.0,0.0,24.0,0.6123595505617978,0.8127340823970037,0.2727272727272727,0.9456928838951311,0.5674157303370786,0.6577289751447055
12,095,018201,12095018201,1400000US12095018201,182.01,Census Tract 182.01,G5020,S,1771349,326052,+28.5708919,-081.3297848,1400000US12095018201,Census Tract 182.01; Orange County; Florida,4932,Census Tract 182.01; Orange County; Florida,172628.0,Census Tract 182.01; Orange County; Florida,4909,202,135,67,4707,2271,2436,Census Tract 182.01; Orange County; Florida,2441,Census Tract 182.01; Orange County; Florida,2154,855,1299,Census Tract 182.01; Orange County; Florida,2154,855,0,97,1299,58,688,Census Tract 182.01; Orange County; Florida,2154,1215,1035,180,43,137,939,720,219,4.0,0.8110300081103001,0.8091847718874563,6095.0232522244705,4.114891016500306,55.0,1.0,0.0,0.11797752808988764,0.4606741573033708,0.9696969696969697,0.9307116104868914,0.449438202247191,0.6531154239019409
12,095,014000,12095014000,1400000US12095014000,140,Census Tract 140,G5020,S,5164574,3157016,+28.4854032,-081.3524254,1400000US12095014000,Census Tract 140; Orange County; Florida,6420,Census Tract 140; Orange County; Florida,115417.0,Census Tract 140; Orange County; Florida,6420,446,127,319,5974,3064,2910,Census Tract 140; Orange County; Florida,2792,Census Tract 140; Orange County; Florida,2710,2367,343,Census Tract 140; Orange County; Florida,2710,2367,14,846,343,0,264,Census Tract 140; Orange County; Florida,2710,1994,1467,527,116,411,716,608,108,4.0,0.6230529595015577,3.2105098876504226,1999.6823634448947,6.947040498442368,5.0,0.0,38.0,0.7378277153558053,0.7078651685393258,0.7954545454545454,0.7340823970037453,0.449438202247191,0.6530983997276132
12,095,012000,12095012000,1400000US12095012000,120,Census Tract 120,G5020,S,3110623,321068,+28.5689770,-081.4436536,1400000US12095012000,Census Tract 120; Orange County; Florida,8577,Census Tract 120; Orange County; Florida,60424.0,Census Tract 120; Orange County; Florida,8403,1538,791,747,6865,3575,3290,Census Tract 120; Orange County; Florida,2437,Census Tract 120; Orange County; Florida,2311,1004,1307,Census Tract 120; Orange County; Florida,2311,1004,4,489,1307,146,740,Census Tract 120; Orange County; Florida,2311,1704,627,1077,312,765,607,478,129,0.0,0.0,1.3239842758955336,6478.173612899275,18.30298702844222,0.0,0.0,5.0,0.2902621722846442,0.9101123595505618,0.2803030303030303,0.3052434456928839,0.8745318352059925,0.6525025536261492
12,095,016911,12095016911,1400000US12095016911,169.11,Census Tract 169.11,G5020,S,1476445,183398,+28.4781153,-081.4383105,1400000US12095016911,Census Tract 169.11; Orange County; Florida,9112,Census Tract 169.11; Orange County; Florida,53919.0,Census Tract 169.11; Orange County; Florida,9112,2278,1181,1097,6834,3308,3526,Census Tract 169.11; Orange County; Florida,4085,Census Tract 169.11; Orange County; Florida,3722,0,3722,Census Tract 169.11; Orange County; Florida,3722,0,0,0,3722,565,1944,Census Tract 169.11; Orange County; Florida,3722,1736,512,1224,476,748,1986,1153,833,2.0,0.21949078138718173,0.6403858718239303,14228.921031701466,25.0,24.0,0.0,13.0,0.45131086142322097,0.9288389513108615,0.14393939393939395,0.8651685393258427,0.5674157303370786,0.6506979911474293
12,095,016100,12095016100,1400000US12095016100,161,Census Tract 161,G5020,S,3199705,1049967,+28.5846233,-081.3359203,1400000US12095016100,Census Tract 161; Orange County; Florida,5035,Census Tract 161; Orange County; Florida,133438.0,Census Tract 161; Orange County; Florida,4816,536,91,445,4280,2280,2000,Census Tract 161; Orange County; Florida,2280,Census Tract 161; Orange County; Florida,2086,1551,535,Census Tract 161; Orange County; Florida,2086,1551,41,467,535,53,342,Census Tract 161; Orange County; Florida,2086,1181,1069,112,45,67,905,689,216,0.0,0.0,1.639541450355585,3070.9806079669443,11.129568106312291,0.0,0.0,0.0,0.11797752808988764,0.47191011235955055,0.9166666666666666,0.3052434456928839,0.8745318352059925,0.648314606741573
12,095,012307,12095012307,1400000US12095012307,123.07,Census Tract 123.07,G5020,S,3187149,61771,+28.5869713,-081.4601589,1400000US12095012307,Census Tract 123.07; Orange County; Florida,6889,Census Tract 123.07; Orange County; Florida,48826.0,Census Tract 123.07; Orange County; Florida,6868,1604,671,933,5264,2254,3010,Census Tract 123.07; Orange County; Florida,2352,Census Tract 123.07; Orange County; Florida,2352,1074,1278,Census Tract 123.07; Orange County; Florida,2352,1074,130,228,1278,255,731,Census Tract 123.07; Orange County; Florida,2352,1697,753,944,258,686,655,648,7,1.0,0.14515894904920887,1.2534735642569959,5495.927633769841,23.35468841001747,47.0,0.0,0.0,0.11797752808988764,0.7940074906367042,0.09090909090909091,0.9176029962546817,0.6891385767790262,0.6466462376574736
12,095,017506,12095017506,1400000US12095017506,175.06,Census Tract 175.06,G5020,S,22503776,978939,+28.6326673,-081.5316228,1400000US12095017506,Census Tract 175.06; Orange County; Florida,12688,Census Tract 175.06; Orange County; Florida,96643.0,Census Tract 175.06; Orange County; Florida,12688,823,199,624,11865,5760,6105,Census Tract 175.06; Orange County; Florida,4844,Census Tract 175.06; Orange County; Florida,4508,3027,1481,Census Tract 175.06; Orange County; Florida,4508,3027,70,770,1481,636,595,Census Tract 175.06; Orange County; Florida,4508,2677,2143,534,88,446,1831,1305,526,11.0,0.8669609079445145,9.06007641567766,1400.4296893174696,6.486443883984867,10.0,1.0,40.0,0.7584269662921348,0.9700374531835206,0.6590909090909091,0.7902621722846442,0.21161048689138573,0.6443649982975825
12,095,017108,12095017108,1400000US12095017108,171.08,Census Tract 171.08,G5020,S,18596515,6414355,+28.4057347,-081.5164738,1400000US12095017108,Census Tract 171.08; Orange County; Florida,10693,Census Tract 171.08; Orange County; Florida,108672.0,Census Tract 171.08; Orange County; Florida,10693,519,172,347,10174,4743,5431,Census Tract 171.08; Orange County; Florida,4588,Census Tract 171.08; Orange County; Florida,4063,2443,1620,Census Tract 171.08; Orange County; Florida,4063,2443,312,503,1620,34,752,Census Tract 171.08; Orange County; Florida,4063,2874,2399,475,69,406,1189,1100,89,9.0,0.8416721219489386,9.649666203869192,1108.12123176991,4.853642569905546,1.0,0.0,29.0,0.6666666666666666,0.9588014981273408,0.7537878787878788,0.6310861423220974,0.24906367041198507,0.639334354783793
12,095,016511,12095016511,1400000US12095016511,165.11,Census Tract 165.11,G5020,S,3100717,135357,+28.5777572,-081.2192509,1400000US12095016511,Census Tract 165.11; Orange County; Florida,5715,Census Tract 165.11; Orange County; Florida,74891.0,Census Tract 165.11; Orange County; Florida,2985,698,228,470,2287,1403,884,Census Tract 165.11; Orange County; Florida,1686,Census Tract 165.11; Orange County; Florida,1410,532,878,Census Tract 165.11; Orange County; Florida,1410,532,0,135,878,91,403,Census Tract 165.11; Orange County; Florida,1410,573,242,331,288,43,837,579,258,2.0,0.34995625546806647,1.2484706548448283,4577.600585021611,23.38358458961474,91.0,0.0,28.0,0.6554307116104869,0.5880149812734082,0.4772727272727273,0.9812734082397003,0.5674157303370786,0.6383384405856316
12,095,015003,12095015003,1400000US12095015003,150.03,Census Tract 150.03,G5020,S,3419843,273264,+28.5788786,-081.5300776,1400000US12095015003,Census Tract 150.03; Orange County; Florida,7374,Census Tract 150.03; Orange County; Florida,87956.0,Census Tract 150.03; Orange County; Florida,7211,1193,647,546,6018,3555,2463,Census Tract 150.03; Orange County; Florida,2088,Census Tract 150.03; Orange County; Florida,2063,1370,693,Census Tract 150.03; Orange County; Florida,2063,1370,17,376,693,0,368,Census Tract 150.03; Orange County; Florida,2063,1695,1067,628,421,207,368,200,168,1.0,0.13561160835367508,1.424869345136796,5175.211344933561,16.5441686312578,0.0,0.0,0.0,0.11797752808988764,0.8277153558052435,0.5984848484848485,0.3052434456928839,0.6891385767790262,0.6358018386108274
12,095,014606,12095014606,1400000US12095014606,146.06,Census Tract 146.06,G5020,S,4166408,6247,+28.5024968,-081.4316808,1400000US12095014606,Census Tract 146.06; Orange County; Florida,9778,Census Tract 146.06; Orange County; Florida,59118.0,Census Tract 146.06; Orange County; Florida,9638,2100,902,1198,7538,4063,3475,Census Tract 146.06; Orange County; Florida,3822,Census Tract 146.06; Orange County; Florida,3296,405,2891,Census Tract 146.06; Orange County; Florida,3296,405,56,205,2891,169,1571,Census Tract 146.06; Orange County; Florida,3296,2501,1085,1416,431,985,795,676,119,6.0,0.6136224176723256,1.6098558851526916,6073.835608628145,21.788752853289065,205.0,0.0,38.0,0.7378277153558053,0.947565543071161,0.25757575757575757,1.0,0.33333333333333337,0.6357848144364998
12,095,017025,12095017025,1400000US12095017025,170.25,Census Tract 170.25,G5020,S,13718794,0,+28.3697813,-081.4623586,1400000US12095017025,Census Tract 170.25; Orange County; Florida,3654,Census Tract 170.25; Orange County; Florida,101439.0,Census Tract 170.25; Orange County; Florida,3654,90,30,60,3564,1719,1845,Census Tract 170.25; Orange County; Florida,1505,Census Tract 170.25; Orange County; Florida,1294,938,356,Census Tract 170.25; Orange County; Florida,1294,938,0,160,356,41,225,Census Tract 170.25; Orange County; Florida,1294,1089,912,177,48,129,205,190,15,0.0,0.0,5.29288892354901,690.3602272367175,2.4630541871921183,8.0,0.0,21.0,0.5636704119850188,0.250936329588015,0.7121212121212122,0.7752808988764045,0.8745318352059925,0.6351208716377257
12,095,017806,12095017806,1400000US12095017806,178.06,Census Tract 178.06,G5020,S,4977000,82221,+28.6979702,-081.4833301,1400000US12095017806,Census Tract 178.06; Orange County; Florida,5131,Census Tract 178.06; Orange County; Florida,115891.0,Census Tract 178.06; Orange County; Florida,5131,224,94,130,4907,2551,2356,Census Tract 178.06; Orange County; Florida,1918,Census Tract 178.06; Orange County; Florida,1831,1730,101,Census Tract 178.06; Orange County; Florida,1831,1730,44,318,101,0,26,Census Tract 178.06; Orange County; Florida,1831,1478,1191,287,49,238,353,295,58,0.0,0.0,1.9519182196932852,2628.6961965067676,4.365620736698499,0.0,0.0,0.0,0.11797752808988764,0.49812734082397003,0.8106060606060606,0.3052434456928839,0.8745318352059925,0.6349676540687776
12,095,016802,12095016802,1400000US12095016802,168.02,Census Tract 168.02,G5020,S,86707878,4922512,+28.4025411,-081.2944984,1400000US12095016802,Census Tract 168.02; Orange County; Florida,21905,Census Tract 168.02; Orange County; Florida,119030.0,Census Tract 168.02; Orange County; Florida,21551,402,167,235,21149,10327,10822,Census Tract 168.02; Orange County; Florida,8046,Census Tract 168.02; Orange County; Florida,7298,4740,2558,Census Tract 168.02; Orange County; Florida,7298,4740,59,834,2558,189,1131,Census Tract 168.02; Orange County; Florida,7298,5413,4202,1211,571,640,1885,1452,433,99.0,4.5195160922163895,35.35110611900819,619.6411486038832,1.8653426755138973,11.0,6.0,152.0,0.9887640449438202,0.9962546816479401,0.8409090909090909,0.799625468164794,0.011235955056179803,0.630354102826013
12,095,017902,12095017902,1400000US12095017902,179.02,Census Tract 179.02,G5020,S,46816723,636109,+28.7527935,-081.5848850,1400000US12095017902,Census Tract 179.02; Orange County; Florida,8162,Census Tract 179.02; Orange County; Florida,73983.0,Census Tract 179.02; Orange County; Florida,8162,325,188,137,7837,3628,4209,Census Tract 179.02; Orange County; Florida,3595,Census Tract 179.02; Orange County; Florida,3214,2829,385,Census Tract 179.02; Orange County; Florida,3214,2829,73,1214,385,50,188,Census Tract 179.02; Orange County; Florida,3214,2292,1913,379,62,317,922,743,179,1.0,0.12251899044351874,18.3084734528196,445.8045080073571,3.981867189414359,0.0,0.0,53.0,0.8426966292134831,0.8913857677902621,0.4696969696969697,0.3052434456928839,0.6891385767790262,0.6291453864487572
12,095,016503,12095016503,1400000US12095016503,165.03,Census Tract 165.03,G5020,S,5356297,241910,+28.6045702,-081.2253667,1400000US12095016503,Census Tract 165.03; Orange County; Florida,7850,Census Tract 165.03; Orange County; Florida,111146.0,Census Tract 165.03; Orange County; Florida,6712,1600,702,898,5112,3108,2004,Census Tract 165.03; Orange County; Florida,2693,Census Tract 165.03; Orange County; Florida,2163,1100,1063,Census Tract 165.03; Orange County; Florida,2163,1100,32,153,1063,115,334,Census Tract 165.03; Orange County; Florida,2163,1274,981,293,112,181,889,330,559,26.0,3.3121019108280256,2.159777184173888,3634.634191675941,23.837902264600714,55.0,1.0,65.0,0.8764044943820225,0.8689138576779026,0.7765151515151515,0.9307116104868914,0.07116104868913853,0.6234678243105211
12,095,014609,12095014609,1400000US12095014609,146.09,Census Tract 146.09,G5020,S,2642566,0,+28.5112539,-081.4496945,1400000US12095014609,Census Tract 146.09; Orange County; Florida,5940,Census Tract 146.09; Orange County; Florida,61110.0,Census Tract 146.09; Orange County; Florida,5911,563,246,317,5348,2883,2465,Census Tract 146.09; Orange County; Florida,2547,Census Tract 146.09; Orange County; Florida,1933,337,1596,Census Tract 146.09; Orange County; Florida,1933,337,65,70,1596,64,758,Census Tract 146.09; Orange County; Florida,1933,1153,704,449,37,412,780,526,254,1.0,0.16835016835016836,1.0195322453793239,5826.201208368827,9.524615124344443,17.0,1.0,22.0,0.5805243445692884,0.6254681647940075,0.2916666666666667,0.8408239700374532,0.6891385767790262,0.6208801498127341
12,095,016810,12095016810,1400000US12095016810,168.10,Census Tract 168.10,G5020,S,12837697,0,+28.3794972,-081.3353651,1400000US12095016810,Census Tract 168.10; Orange County; Florida,9083,Census Tract 168.10; Orange County; Florida,97484.0,Census Tract 168.10; Orange County; Florida,8994,655,395,260,8339,4058,4281,Census Tract 168.10; Orange County; Florida,3889,Census Tract 168.10; Orange County; Florida,3080,2414,666,Census Tract 168.10; Orange County; Florida,3080,2414,28,576,666,129,323,Census Tract 168.10; Orange County; Florida,3080,2478,2138,340,49,291,602,462,140,3.0,0.3302873499944952,4.9528278705980835,1833.901810704997,7.282632866355349,0.0,0.0,35.0,0.7172284644194756,0.9213483146067416,0.6742424242424242,0.3052434456928839,0.49250936329588013,0.6200544773578481
12,095,011100,12095011100,1400000US12095011100,111,Census Tract 111,G5020,S,1434337,441121,+28.5325790,-081.3368989,1400000US12095011100,Census Tract 111; Orange County; Florida,3333,Census Tract 111; Orange County; Florida,88276.0,Census Tract 111; Orange County; Florida,3333,266,182,84,3067,1498,1569,Census Tract 111; Orange County; Florida,1857,Census Tract 111; Orange County; Florida,1688,981,707,Census Tract 111; Orange County; Florida,1688,981,0,537,707,9,396,Census Tract 111; Orange County; Florida,1688,690,406,284,220,64,998,628,370,0.0,0.0,0.7235583935720781,4606.4008511401225,7.980798079807981,20.0,0.0,1.0,0.2397003745318352,0.2247191011235955,0.6022727272727273,0.848314606741573,0.8745318352059925,0.6198927477017365
12,095,016607,12095016607,1400000US12095016607,166.07,Census Tract 166.07,G5020,S,55300607,159680,+28.4984290,-081.0724253,1400000US12095016607,Census Tract 166.07; Orange County; Florida,6666,Census Tract 166.07; Orange County; Florida,92841.0,Census Tract 166.07; Orange County; Florida,6666,896,561,335,5770,2874,2896,Census Tract 166.07; Orange County; Florida,2404,Census Tract 166.07; Orange County; Florida,2295,1818,477,Census Tract 166.07; Orange County; Florida,2295,1818,36,446,477,0,215,Census Tract 166.07; Orange County; Florida,2295,1814,1282,532,195,337,481,399,82,1.0,0.15001500150015,21.396242712421433,311.5500272452089,13.441344134413441,0.0,0.0,4.0,0.27340823970037453,0.7453183520599251,0.625,0.3052434456928839,0.6891385767790262,0.6163857677902622
12,095,015103,12095015103,1400000US12095015103,151.03,Census Tract 151.03,G5020,S,5314277,401149,+28.6285158,-081.4394078,1400000US12095015103,Census Tract 151.03; Orange County; Florida,6971,Census Tract 151.03; Orange County; Florida,81914.0,Census Tract 151.03; Orange County; Florida,6971,570,247,323,6401,3068,3333,Census Tract 151.03; Orange County; Florida,3041,Census Tract 151.03; Orange County; Florida,2700,1774,926,Census Tract 151.03; Orange County; Florida,2700,1774,81,310,926,205,367,Census Tract 151.03; Orange County; Florida,2700,1873,1324,549,127,422,827,685,142,1.0,0.14345144168698895,2.2050721401211284,3161.3478185875,8.176732176158371,0.0,0.0,68.0,0.8838951310861424,0.797752808988764,0.5454545454545454,0.3052434456928839,0.6891385767790262,0.6162070139598229
12,095,014806,12095014806,1400000US12095014806,148.06,Census Tract 148.06,G5020,S,3385409,773624,+28.5326372,-081.4986499,1400000US12095014806,Census Tract 148.06; Orange County; Florida,4852,Census Tract 148.06; Orange County; Florida,110385.0,Census Tract 148.06; Orange County; Florida,4852,262,149,113,4590,2140,2450,Census Tract 148.06; Orange County; Florida,1821,Census Tract 148.06; Orange County; Florida,1748,1320,428,Census Tract 148.06; Orange County; Florida,1748,1320,7,268,428,0,91,Census Tract 148.06; Orange County; Florida,1748,1314,961,353,94,259,434,403,31,0.0,0.0,1.6046207853464103,3023.7673874781176,5.399835119538335,0.0,0.0,0.0,0.11797752808988764,0.45318352059925093,0.7727272727272727,0.3052434456928839,0.8745318352059925,0.6139087504256044
12,095,013300,12095013300,1400000US12095013300,133,Census Tract 133,G5020,S,3295039,41586,+28.5323117,-081.3205694,1400000US12095013300,Census Tract 133; Orange County; Florida,6773,Census Tract 133; Orange County; Florida,82054.0,Census Tract 133; Orange County; Florida,6697,1130,508,622,5567,2908,2659,Census Tract 133; Orange County; Florida,2902,Census Tract 133; Orange County; Florida,2660,1449,1211,Census Tract 133; Orange County; Florida,2660,1449,15,374,1211,119,571,Census Tract 133; Orange County; Florida,2660,1725,1270,455,145,310,935,850,85,4.0,0.5905802450908018,1.2872787700008523,5261.486600913581,16.8732268179782,2.0,0.0,42.0,0.7827715355805244,0.7790262172284644,0.5492424242424242,0.6704119850187266,0.449438202247191,0.6124702076949268
12,095,014601,12095014601,1400000US12095014601,146.01,Census Tract 146.01,G5020,S,3930587,0,+28.5354221,-081.4452781,1400000US12095014601,Census Tract 146.01; Orange County; Florida,7662,Census Tract 146.01; Orange County; Florida,40798.0,Census Tract 146.01; Orange County; Florida,7662,1899,787,1112,5763,2607,3156,Census Tract 146.01; Orange County; Florida,2945,Census Tract 146.01; Orange County; Florida,2527,825,1702,Census Tract 146.01; Orange County; Florida,2527,825,93,450,1702,273,996,Census Tract 146.01; Orange County; Florida,2527,1815,720,1095,232,863,712,682,30,2.0,0.26102845210127906,1.5164656785628516,5052.537692288061,24.784651527016443,27.0,0.0,25.0,0.6310861423220974,0.8576779026217228,0.03787878787878788,0.8857677902621723,0.5674157303370786,0.6122574055158325
12,095,012600,12095012600,1400000US12095012600,126,Census Tract 126,G5020,S,3516130,377097,+28.5696855,-081.3966097,1400000US12095012600,Census Tract 126; Orange County; Florida,5573,Census Tract 126; Orange County; Florida,124783.0,Census Tract 126; Orange County; Florida,5523,32,19,13,5491,2766,2725,Census Tract 126; Orange County; Florida,2608,Census Tract 126; Orange County; Florida,2407,1733,674,Census Tract 126; Orange County; Florida,2407,1733,104,447,674,56,298,Census Tract 126; Orange County; Florida,2407,1402,1307,95,16,79,1005,550,455,4.0,0.7177462766911897,1.5020356533908505,3710.2980794223718,0.5793952562013398,1.0,1.0,24.0,0.6123595505617978,0.5692883895131086,0.8901515151515151,0.6310861423220974,0.449438202247191,0.6098655090228124
12,095,016739,12095016739,1400000US12095016739,167.39,Census Tract 167.39,G5020,S,2023591,0,+28.5589035,-081.2732556,1400000US12095016739,Census Tract 167.39; Orange County; Florida,6988,Census Tract 167.39; Orange County; Florida,56477.0,Census Tract 167.39; Orange County; Florida,6988,1790,454,1336,5198,2914,2284,Census Tract 167.39; Orange County; Florida,2484,Census Tract 167.39; Orange County; Florida,2118,641,1477,Census Tract 167.39; Orange County; Florida,2118,641,99,175,1477,23,923,Census Tract 167.39; Orange County; Florida,2118,1530,746,784,174,610,588,285,303,0.0,0.0,0.7807022537374149,8950.915623141493,25.615340583858043,0.0,0.0,13.0,0.45131086142322097,0.8052434456928839,0.2196969696969697,0.3052434456928839,0.8745318352059925,0.6089206673476337
12,095,017200,12095017200,1400000US12095017200,172,Census Tract 172,G5020,S,7213483,2895293,+28.5579400,-081.6298550,1400000US12095017200,Census Tract 172; Orange County; Florida,5945,Census Tract 172; Orange County; Florida,107857.0,Census Tract 172; Orange County; Florida,5742,822,274,548,4920,2419,2501,Census Tract 172; Orange County; Florida,2544,Census Tract 172; Orange County; Florida,2262,1491,771,Census Tract 172; Orange County; Florida,2262,1491,18,327,771,0,481,Census Tract 172; Orange County; Florida,2262,1739,1475,264,64,200,523,392,131,1.0,0.16820857863751051,3.9002610946057996,1524.2569294199682,14.315569487983282,0.0,0.0,62.0,0.8632958801498127,0.6292134831460674,0.7462121212121212,0.3052434456928839,0.6891385767790262,0.6057967313585291
12,095,014705,12095014705,1400000US12095014705,147.05,Census Tract 147.05,G5020,S,1752580,343004,+28.5089330,-081.4672434,1400000US12095014705,Census Tract 147.05; Orange County; Florida,9194,Census Tract 147.05; Orange County; Florida,71857.0,Census Tract 147.05; Orange County; Florida,9159,1105,606,499,8054,3752,4302,Census Tract 147.05; Orange County; Florida,3665,Census Tract 147.05; Orange County; Florida,3316,973,2343,Census Tract 147.05; Orange County; Florida,3316,973,0,683,2343,307,945,Census Tract 147.05; Orange County; Florida,3316,2044,1268,776,340,436,1272,723,549,8.0,0.8701326952360235,0.808505098442954,11371.604233178134,12.064635877279178,7.0,0.0,12.0,0.42696629213483145,0.9363295880149812,0.45454545454545453,0.7659176029962547,0.26779026217228463,0.6053285665645215
12,095,015006,12095015006,1400000US12095015006,150.06,Census Tract 150.06,G5020,S,3057102,332847,+28.6010053,-081.5074395,1400000US12095015006,Census Tract 150.06; Orange County; Florida,4822,Census Tract 150.06; Orange County; Florida,104531.0,Census Tract 150.06; Orange County; Florida,4822,271,98,173,4551,2206,2345,Census Tract 150.06; Orange County; Florida,1575,Census Tract 150.06; Orange County; Florida,1575,1325,250,Census Tract 150.06; Orange County; Florida,1575,1325,13,258,250,0,56,Census Tract 150.06; Orange County; Florida,1575,1253,983,270,77,193,322,262,60,0.0,0.0,1.3078999381473322,3686.8263843107634,5.620074657818332,0.0,0.0,0.0,0.11797752808988764,0.44569288389513106,0.7310606060606061,0.3052434456928839,0.8745318352059925,0.6033282260810351
12,095,014810,12095014810,1400000US12095014810,148.10,Census Tract 148.10,G5020,S,5323145,53743,+28.4814471,-081.4989892,1400000US12095014810,Census Tract 148.10; Orange County; Florida,6599,Census Tract 148.10; Orange County; Florida,107280.0,Census Tract 148.10; Orange County; Florida,6531,175,133,42,6356,3195,3161,Census Tract 148.10; Orange County; Florida,2129,Census Tract 148.10; Orange County; Florida,2027,1536,491,Census Tract 148.10; Orange County; Florida,2027,1536,0,135,491,11,122,Census Tract 148.10; Orange County; Florida,2027,1716,1482,234,113,121,311,255,56,2.0,0.30307622367025305,2.0744900988331567,3181.0226540544854,2.679528403001072,0.0,1.0,0.0,0.11797752808988764,0.7378277153558053,0.7424242424242424,0.3052434456928839,0.5674157303370786,0.6011065713312904
12,095,017811,12095017811,1400000US12095017811,178.11,Census Tract 178.11,G5020,S,4761878,176889,+28.7228087,-081.5354086,1400000US12095017811,Census Tract 178.11; Orange County; Florida,4343,Census Tract 178.11; Orange County; Florida,118393.0,Census Tract 178.11; Orange County; Florida,4343,160,27,133,4183,1950,2233,Census Tract 178.11; Orange County; Florida,1244,Census Tract 178.11; Orange County; Florida,1219,1130,89,Census Tract 178.11; Orange County; Florida,1219,1130,6,102,89,0,6,Census Tract 178.11; Orange County; Florida,1219,1123,998,125,59,66,96,95,1,0.0,0.0,1.9054754676619445,2279.2211569792316,3.684089339166475,0.0,0.0,0.0,0.11797752808988764,0.3595505617977528,0.8371212121212122,0.3052434456928839,0.8745318352059925,0.5986976506639429
12,095,015501,12095015501,1400000US12095015501,155.01,Census Tract 155.01,G5020,S,5052295,1227573,+28.6284112,-081.3755958,1400000US12095015501,Census Tract 155.01; Orange County; Florida,6127,Census Tract 155.01; Orange County; Florida,96404.0,Census Tract 155.01; Orange County; Florida,6045,505,295,210,5540,2764,2776,Census Tract 155.01; Orange County; Florida,3563,Census Tract 155.01; Orange County; Florida,2970,1325,1645,Census Tract 155.01; Orange County; Florida,2970,1325,0,456,1645,69,791,Census Tract 155.01; Orange County; Florida,2970,1594,1262,332,10,322,1376,996,380,6.0,0.9792720744246776,2.422811637123486,2528.8800442094457,8.354011579818032,20.0,0.0,69.0,0.8876404494382022,0.6554307116104869,0.6553030303030303,0.848314606741573,0.33333333333333337,0.5973527408920668
12,095,016709,12095016709,1400000US12095016709,167.09,Census Tract 167.09,G5020,S,3084416,0,+28.5031416,-081.2779164,1400000US12095016709,Census Tract 167.09; Orange County; Florida,6692,Census Tract 167.09; Orange County; Florida,76041.0,Census Tract 167.09; Orange County; Florida,6651,847,271,576,5804,2732,3072,Census Tract 167.09; Orange County; Florida,2463,Census Tract 167.09; Orange County; Florida,2318,1834,484,Census Tract 167.09; Orange County; Florida,2318,1834,50,638,484,66,87,Census Tract 167.09; Orange County; Florida,2318,1817,1398,419,106,313,501,315,186,1.0,0.14943215780035862,1.1899692116079172,5623.674910847144,12.734927078634792,0.0,0.0,0.0,0.11797752808988764,0.7528089887640449,0.4962121212121212,0.3052434456928839,0.6891385767790262,0.5928753830439224
12,095,014908,12095014908,1400000US12095014908,149.08,Census Tract 149.08,G5020,S,3118081,0,+28.5680345,-081.4836331,1400000US12095014908,Census Tract 149.08; Orange County; Florida,7611,Census Tract 149.08; Orange County; Florida,44641.0,Census Tract 149.08; Orange County; Florida,7526,1116,167,949,6410,3333,3077,Census Tract 149.08; Orange County; Florida,2279,Census Tract 149.08; Orange County; Florida,2197,1654,543,Census Tract 149.08; Orange County; Florida,2197,1654,194,391,543,82,145,Census Tract 149.08; Orange County; Florida,2197,1579,865,714,91,623,618,517,101,0.0,0.0,1.2030013773197414,6326.6760483326525,14.828594206749933,0.0,0.0,0.0,0.11797752808988764,0.8539325842696629,0.06060606060606061,0.3052434456928839,0.8745318352059925,0.5917092271024855
12,095,016717,12095016717,1400000US12095016717,167.17,Census Tract 167.17,G5020,S,3303279,0,+28.5238506,-081.2453388,1400000US12095016717,Census Tract 167.17; Orange County; Florida,4115,Census Tract 167.17; Orange County; Florida,117083.0,Census Tract 167.17; Orange County; Florida,4115,412,233,179,3703,1777,1926,Census Tract 167.17; Orange County; Florida,1312,Census Tract 167.17; Orange County; Florida,1293,1110,183,Census Tract 167.17; Orange County; Florida,1293,1110,0,198,183,0,41,Census Tract 167.17; Orange County; Florida,1293,1114,645,469,190,279,179,83,96,0.0,0.0,1.2744014495952714,3228.9668230578795,10.012150668286756,0.0,0.0,13.0,0.45131086142322097,0.3408239700374532,0.8143939393939394,0.3052434456928839,0.8745318352059925,0.5885342185903985
12,095,017505,12095017505,1400000US12095017505,175.05,Census Tract 175.05,G5020,S,6447667,223267,+28.6519003,-081.5238915,1400000US12095017505,Census Tract 175.05; Orange County; Florida,4769,Census Tract 175.05; Orange County; Florida,97286.0,Census Tract 175.05; Orange County; Florida,4769,195,90,105,4574,2045,2529,Census Tract 175.05; Orange County; Florida,1899,Census Tract 175.05; Orange County; Florida,1620,1249,371,Census Tract 175.05; Orange County; Florida,1620,1249,41,279,371,31,141,Census Tract 175.05; Orange County; Florida,1620,1316,873,443,21,422,304,185,119,0.0,0.0,2.5737689116828792,1852.924704448991,4.0889075277836024,0.0,0.0,30.0,0.6760299625468165,0.43820224719101125,0.6666666666666666,0.3052434456928839,0.8745318352059925,0.5882022471910113
12,095,014301,12095014301,1400000US12095014301,143.01,Census Tract 143.01,G5020,S,4151032,1442202,+28.4805496,-081.3938995,1400000US12095014301,Census Tract 143.01; Orange County; Florida,4063,Census Tract 143.01; Orange County; Florida,67827.0,Census Tract 143.01; Orange County; Florida,4063,593,330,263,3470,1627,1843,Census Tract 143.01; Orange County; Florida,1875,Census Tract 143.01; Orange County; Florida,1587,1114,473,Census Tract 143.01; Orange County; Florida,1587,1114,25,303,473,14,315,Census Tract 143.01; Orange County; Florida,1587,887,626,261,67,194,700,422,278,0.0,0.0,2.1579081730211325,1882.841934979877,14.595126753630321,6.0,0.0,13.0,0.45131086142322097,0.3258426966292135,0.38257575757575757,0.7509363295880149,0.8745318352059925,0.5868147769833163
12,095,015104,12095015104,1400000US12095015104,151.04,Census Tract 151.04,G5020,S,3584733,41583,+28.6306515,-081.4192850,1400000US12095015104,Census Tract 151.04; Orange County; Florida,6110,Census Tract 151.04; Orange County; Florida,63327.0,Census Tract 151.04; Orange County; Florida,6092,1576,557,1019,4516,1949,2567,Census Tract 151.04; Orange County; Florida,2110,Census Tract 151.04; Orange County; Florida,1957,1333,624,Census Tract 151.04; Orange County; Florida,1957,1333,100,524,624,91,295,Census Tract 151.04; Orange County; Florida,1957,1314,632,682,166,516,643,564,79,0.0,0.0,1.3990661612874422,4367.198756617403,25.869993434011818,0.0,0.0,31.0,0.6835205992509363,0.651685393258427,0.3371212121212121,0.3052434456928839,0.8745318352059925,0.586338100102145
12,095,016412,12095016412,1400000US12095016412,164.12,Census Tract 164.12,G5020,S,4017827,104620,+28.5841424,-081.2537201,1400000US12095016412,Census Tract 164.12; Orange County; Florida,5132,Census Tract 164.12; Orange County; Florida,84086.0,Census Tract 164.12; Orange County; Florida,5132,303,168,135,4829,2335,2494,Census Tract 164.12; Orange County; Florida,1789,Census Tract 164.12; Orange County; Florida,1765,1237,528,Census Tract 164.12; Orange County; Florida,1765,1237,49,333,528,41,164,Census Tract 164.12; Orange County; Florida,1765,1382,983,399,104,295,383,288,95,0.0,0.0,1.590434313266735,3226.791548189706,5.904130943102104,0.0,0.0,29.0,0.6666666666666666,0.50187265917603,0.5606060606060606,0.3052434456928839,0.8745318352059925,0.5860912495743957
12,095,014607,12095014607,1400000US12095014607,146.07,Census Tract 146.07,G5020,S,2649880,210551,+28.4869950,-081.4449104,1400000US12095014607,Census Tract 146.07; Orange County; Florida,6061,Census Tract 146.07; Orange County; Florida,55642.0,Census Tract 146.07; Orange County; Florida,6061,520,255,265,5541,2706,2835,Census Tract 146.07; Orange County; Florida,3638,Census Tract 146.07; Orange County; Florida,2823,915,1908,Census Tract 146.07; Orange County; Florida,2823,915,0,348,1908,226,1246,Census Tract 146.07; Orange County; Florida,2823,1488,753,735,184,551,1335,1003,332,1.0,0.1649892756970797,1.1035878679523352,5492.086471778593,8.579442336248144,4.0,0.0,37.0,0.7265917602996255,0.6479400749063671,0.20075757575757575,0.7209737827715356,0.6891385767790262,0.5854698672114402
12,095,012304,12095012304,1400000US12095012304,123.04,Census Tract 123.04,G5020,S,3154473,40797,+28.5867920,-081.4841599,1400000US12095012304,Census Tract 123.04; Orange County; Florida,8471,Census Tract 123.04; Orange County; Florida,70032.0,Census Tract 123.04; Orange County; Florida,8471,1185,657,528,7286,2663,4623,Census Tract 123.04; Orange County; Florida,2373,Census Tract 123.04; Orange County; Florida,2284,1445,839,Census Tract 123.04; Orange County; Florida,2284,1445,31,316,839,55,406,Census Tract 123.04; Orange County; Florida,2284,1911,1285,626,172,454,373,286,87,2.0,0.23609963404556722,1.2327831247341556,6871.443833096543,13.988903317199858,0.0,0.0,0.0,0.11797752808988764,0.9063670411985019,0.4090909090909091,0.3052434456928839,0.5674157303370786,0.5850017024174328
12,095,016753,12095016753,1400000US12095016753,167.53,Census Tract 167.53,G5020,S,34356764,918865,+28.4680375,-081.2001276,1400000US12095016753,Census Tract 167.53; Orange County; Florida,8360,Census Tract 167.53; Orange County; Florida,96879.0,Census Tract 167.53; Orange County; Florida,8262,665,201,464,7597,3650,3947,Census Tract 167.53; Orange County; Florida,2961,Census Tract 167.53; Orange County; Florida,2654,1490,1164,Census Tract 167.53; Orange County; Florida,2654,1490,0,476,1164,90,365,Census Tract 167.53; Orange County; Florida,2654,1908,1157,751,323,428,746,538,208,5.0,0.5980861244019139,13.609245564714099,614.2882763226578,8.048898571774389,0.0,1.0,32.0,0.6947565543071161,0.898876404494382,0.6628787878787878,0.3052434456928839,0.39513108614232206,0.5818266939053456
12,095,012701,12095012701,1400000US12095012701,127.01,Census Tract 127.01,G5020,S,2467825,255939,+28.5726179,-081.3822265,1400000US12095012701,Census Tract 127.01; Orange County; Florida,5607,Census Tract 127.01; Orange County; Florida,102303.0,Census Tract 127.01; Orange County; Florida,5299,887,339,548,4412,2302,2110,Census Tract 127.01; Orange County; Florida,2655,Census Tract 127.01; Orange County; Florida,2424,1622,802,Census Tract 127.01; Orange County; Florida,2424,1622,0,552,802,55,487,Census Tract 127.01; Orange County; Florida,2424,1234,938,296,143,153,1190,747,443,4.0,0.7133939718209382,1.0508481132624476,5335.690219391069,16.739007359879224,1.0,1.0,40.0,0.7584269662921348,0.5730337078651685,0.7196969696969697,0.6310861423220974,0.449438202247191,0.5768981954375213
12,095,017110,12095017110,1400000US12095017110,171.10,Census Tract 171.10,G5020,S,22564766,3917402,+28.4042117,-081.5404517,1400000US12095017110,Census Tract 171.10; Orange County; Florida,8228,Census Tract 171.10; Orange County; Florida,85278.0,Census Tract 171.10; Orange County; Florida,8228,1301,625,676,6927,3463,3464,Census Tract 171.10; Orange County; Florida,2725,Census Tract 171.10; Orange County; Florida,2626,913,1713,Census Tract 171.10; Orange County; Florida,2626,913,11,295,1713,58,680,Census Tract 171.10; Orange County; Florida,2626,1783,1382,401,41,360,843,515,328,84.0,10.209042294603792,10.217348122240644,805.2970204753693,15.811861934856589,56.0,2.0,107.0,0.9588014981273408,0.8951310861423221,0.571969696969697,0.9382022471910112,0.014981273408239737,0.5750680966973102
12,095,012404,12095012404,1400000US12095012404,124.04,Census Tract 124.04,G5020,S,1793290,25810,+28.6061868,-081.4450090,1400000US12095012404,Census Tract 124.04; Orange County; Florida,6259,Census Tract 124.04; Orange County; Florida,78209.0,Census Tract 124.04; Orange County; Florida,6124,824,339,485,5300,2674,2626,Census Tract 124.04; Orange County; Florida,1983,Census Tract 124.04; Orange County; Florida,1845,788,1057,Census Tract 124.04; Orange County; Florida,1845,788,12,173,1057,185,363,Census Tract 124.04; Orange County; Florida,1845,1193,370,823,131,692,652,339,313,1.0,0.15976993129892952,0.701829191824504,8918.124342660707,13.455258001306337,0.0,0.0,0.0,0.11797752808988764,0.6779026217228464,0.5151515151515151,0.3052434456928839,0.6891385767790262,0.5741913517194416
12,095,016200,12095016200,1400000US12095016200,162,Census Tract 162,G5020,S,3670311,107775,+28.5878665,-081.3179930,1400000US12095016200,Census Tract 162; Orange County; Florida,6862,Census Tract 162; Orange County; Florida,81066.0,Census Tract 162; Orange County; Florida,6724,1023,454,569,5701,2799,2902,Census Tract 162; Orange County; Florida,3206,Census Tract 162; Orange County; Florida,2997,1815,1182,Census Tract 162; Orange County; Florida,2997,1815,38,648,1182,133,703,Census Tract 162; Orange County; Florida,2997,1479,1296,183,37,146,1518,1126,392,2.0,0.29146021568055963,1.4575962837456178,4707.750751371679,15.214158239143366,0.0,0.0,13.0,0.45131086142322097,0.7827715355805244,0.5340909090909091,0.3052434456928839,0.5674157303370786,0.5729230507320395
12,095,016606,12095016606,1400000US12095016606,166.06,Census Tract 166.06,G5020,S,25242119,91246,+28.4737993,-081.0869639,1400000US12095016606,Census Tract 166.06; Orange County; Florida,3110,Census Tract 166.06; Orange County; Florida,151818.0,Census Tract 166.06; Orange County; Florida,3110,157,87,70,2953,1438,1515,Census Tract 166.06; Orange County; Florida,940,Census Tract 166.06; Orange County; Florida,940,895,45,Census Tract 166.06; Orange County; Florida,940,895,0,119,45,0,31,Census Tract 166.06; Orange County; Florida,940,863,810,53,22,31,77,77,0,0.0,0.0,9.773463668602009,318.20858044329873,5.048231511254019,0.0,0.0,4.0,0.27340823970037453,0.20224719101123595,0.9431818181818182,0.3052434456928839,0.8745318352059925,0.572718760640109
12,095,015802,12095015802,1400000US12095015802,158.02,Census Tract 158.02,G5020,S,1763967,663079,+28.6153758,-081.3385973,1400000US12095015802,Census Tract 158.02; Orange County; Florida,2822,Census Tract 158.02; Orange County; Florida,205455.0,Census Tract 158.02; Orange County; Florida,2822,78,30,48,2744,1474,1270,Census Tract 158.02; Orange County; Florida,1027,Census Tract 158.02; Orange County; Florida,1004,965,39,Census Tract 158.02; Orange County; Florida,1004,965,6,192,39,0,31,Census Tract 158.02; Orange County; Florida,1004,807,693,114,47,67,197,140,57,0.0,0.0,0.9363646796589071,3013.7830498134335,2.7639971651311126,0.0,0.0,0.0,0.11797752808988764,0.1647940074906367,0.9962121212121212,0.3052434456928839,0.8745318352059925,0.5720888661899899
12,095,014608,12095014608,1400000US12095014608,146.08,Census Tract 146.08,G5020,S,2246014,195124,+28.5210395,-081.4477315,1400000US12095014608,Census Tract 146.08; Orange County; Florida,4835,Census Tract 146.08; Orange County; Florida,43313.0,Census Tract 146.08; Orange County; Florida,4835,1211,698,513,3624,1726,1898,Census Tract 146.08; Orange County; Florida,2086,Census Tract 146.08; Orange County; Florida,1719,730,989,Census Tract 146.08; Orange County; Florida,1719,730,192,204,989,128,538,Census Tract 146.08; Orange County; Florida,1719,1149,643,506,161,345,570,384,186,0.0,0.0,0.94182023205273,5133.676083239313,25.046535677352637,14.0,0.0,15.0,0.4850187265917603,0.449438202247191,0.05303030303030303,0.8202247191011236,0.8745318352059925,0.5718420156622404
12,095,016746,12095016746,1400000US12095016746,167.46,Census Tract 167.46,G5020,S,2814329,237900,+28.5377698,-081.1829458,1400000US12095016746,Census Tract 167.46; Orange County; Florida,4207,Census Tract 167.46; Orange County; Florida,101415.0,Census Tract 167.46; Orange County; Florida,4207,694,320,374,3513,1694,1819,Census Tract 167.46; Orange County; Florida,1497,Census Tract 167.46; Orange County; Florida,1475,1356,119,Census Tract 167.46; Orange County; Florida,1475,1356,4,205,119,5,41,Census Tract 167.46; Orange County; Florida,1475,1291,1157,134,0,134,184,132,52,0.0,0.0,1.1775383445758274,3572.7074361348673,16.49631566436891,0.0,0.0,0.0,0.11797752808988764,0.34831460674157305,0.7083333333333334,0.3052434456928839,0.8745318352059925,0.5695692883895132
12,095,016809,12095016809,1400000US12095016809,168.09,Census Tract 168.09,G5020,S,4886237,0,+28.3826029,-081.3673305,1400000US12095016809,Census Tract 168.09; Orange County; Florida,7837,Census Tract 168.09; Orange County; Florida,66810.0,Census Tract 168.09; Orange County; Florida,7837,1876,819,1057,5961,2846,3115,Census Tract 168.09; Orange County; Florida,2850,Census Tract 168.09; Orange County; Florida,2515,1377,1138,Census Tract 168.09; Orange County; Florida,2515,1377,101,396,1138,46,698,Census Tract 168.09; Orange County; Florida,2515,1982,1037,945,11,934,533,265,268,2.0,0.25519969376036744,1.8851386257429934,4157.253950972007,23.93773127472247,0.0,0.0,25.0,0.6310861423220974,0.8651685393258427,0.375,0.3052434456928839,0.5674157303370786,0.5658239700374532
12,095,016407,12095016407,1400000US12095016407,164.07,Census Tract 164.07,G5020,S,3670019,30472,+28.5933024,-081.2956365,1400000US12095016407,Census Tract 164.07; Orange County; Florida,7461,Census Tract 164.07; Orange County; Florida,58423.0,Census Tract 164.07; Orange County; Florida,7389,1841,929,912,5548,2859,2689,Census Tract 164.07; Orange County; Florida,3292,Census Tract 164.07; Orange County; Florida,3030,696,2334,Census Tract 164.07; Orange County; Florida,3030,696,0,200,2334,227,839,Census Tract 164.07; Orange County; Florida,3030,1521,949,572,210,362,1509,819,690,10.0,1.3403029084573113,1.4276531529700582,5226.05927390578,24.915414805792395,144.0,3.0,2.0,0.25280898876404495,0.8314606741573034,0.24242424242424243,0.9962546816479401,0.22846441947565543,0.5657133129043241
12,095,017117,12095017117,1400000US12095017117,171.17,Census Tract 171.17,G5020,S,7128234,939683,+28.5193465,-081.6038822,1400000US12095017117,Census Tract 171.17; Orange County; Florida,6520,Census Tract 171.17; Orange County; Florida,137260.0,Census Tract 171.17; Orange County; Florida,6520,547,345,202,5973,2825,3148,Census Tract 171.17; Orange County; Florida,2429,Census Tract 171.17; Orange County; Florida,2243,1699,544,Census Tract 171.17; Orange County; Florida,2243,1699,30,538,544,0,37,Census Tract 171.17; Orange County; Florida,2243,1974,1518,456,218,238,269,163,106,6.0,0.9202453987730062,3.11281945817596,2094.5641363410678,8.389570552147239,0.0,1.0,31.0,0.6835205992509363,0.7191011235955056,0.9318181818181818,0.3052434456928839,0.33333333333333337,0.5631426625808649
12,095,017112,12095017112,1400000US12095017112,171.12,Census Tract 171.12,G5020,S,12115734,2306991,+28.4528251,-081.5762646,1400000US12095017112,Census Tract 171.12; Orange County; Florida,16409,Census Tract 171.12; Orange County; Florida,118277.0,Census Tract 171.12; Orange County; Florida,16393,1039,486,553,15354,6862,8492,Census Tract 171.12; Orange County; Florida,6342,Census Tract 171.12; Orange County; Florida,5673,3478,2195,Census Tract 171.12; Orange County; Florida,5673,3478,0,452,2195,152,670,Census Tract 171.12; Orange County; Florida,5673,4530,3936,594,0,594,1143,917,226,18.0,1.0969589859223596,5.564629673622141,2948.803597440298,6.338071127920454,0.0,2.0,34.0,0.7097378277153558,0.9887640449438202,0.8295454545454546,0.3052434456928839,0.1292134831460674,0.562351038474634
12,095,017006,12095017006,1400000US12095017006,170.06,Census Tract 170.06,G5020,S,6585861,0,+28.3919752,-081.4309292,1400000US12095017006,Census Tract 170.06; Orange County; Florida,4515,Census Tract 170.06; Orange County; Florida,86859.0,Census Tract 170.06; Orange County; Florida,4397,612,236,376,3785,1898,1887,Census Tract 170.06; Orange County; Florida,1622,Census Tract 170.06; Orange County; Florida,1347,593,754,Census Tract 170.06; Orange County; Florida,1347,593,24,99,754,34,308,Census Tract 170.06; Orange County; Florida,1347,1044,894,150,59,91,303,99,204,2.0,0.44296788482835,2.540893166808998,1776.9342131256155,13.91858085057994,7.0,0.0,73.0,0.898876404494382,0.40074906367041196,0.5871212121212122,0.7659176029962547,0.5674157303370786,0.5610572012257405
12,095,016408,12095016408,1400000US12095016408,164.08,Census Tract 164.08,G5020,S,1240842,393637,+28.5999532,-081.2804520,1400000US12095016408,Census Tract 164.08; Orange County; Florida,2235,Census Tract 164.08; Orange County; Florida,70750.0,Census Tract 164.08; Orange County; Florida,2230,349,160,189,1881,1001,880,Census Tract 164.08; Orange County; Florida,1088,Census Tract 164.08; Orange County; Florida,933,444,489,Census Tract 164.08; Orange County; Florida,933,444,0,117,489,33,282,Census Tract 164.08; Orange County; Florida,933,497,338,159,37,122,436,188,248,0.0,0.0,0.6305826958146682,3544.3408371879573,15.650224215246636,68.0,0.0,0.0,0.11797752808988764,0.0749063670411985,0.42045454545454547,0.9588014981273408,0.8745318352059925,0.5606826693905347
12,095,016002,12095016002,1400000US12095016002,160.02,Census Tract 160.02,G5020,S,2130436,726657,+28.5995463,-081.3333348,1400000US12095016002,Census Tract 160.02; Orange County; Florida,2510,Census Tract 160.02; Orange County; Florida,199853.0,Census Tract 160.02; Orange County; Florida,2510,120,87,33,2390,1126,1264,Census Tract 160.02; Orange County; Florida,1135,Census Tract 160.02; Orange County; Florida,994,968,26,Census Tract 160.02; Orange County; Florida,994,968,11,145,26,0,0,Census Tract 160.02; Orange County; Florida,994,765,638,127,12,115,229,153,76,0.0,0.0,1.1022776678528656,2277.103195685028,4.780876494023905,0.0,0.0,21.0,0.5636704119850188,0.12359550561797752,0.9924242424242424,0.3052434456928839,0.8745318352059925,0.5589717398706163
12,095,016744,12095016744,1400000US12095016744,167.44,Census Tract 167.44,G5020,S,2563133,12731,+28.5560993,-081.1719617,1400000US12095016744,Census Tract 167.44; Orange County; Florida,5373,Census Tract 167.44; Orange County; Florida,85302.0,Census Tract 167.44; Orange County; Florida,5373,1106,425,681,4267,2187,2080,Census Tract 167.44; Orange County; Florida,1851,Census Tract 167.44; Orange County; Florida,1782,782,1000,Census Tract 167.44; Orange County; Florida,1782,782,44,148,1000,21,216,Census Tract 167.44; Orange County; Florida,1782,1191,722,469,177,292,591,282,309,6.0,1.1166945840312674,0.9937568447568109,5406.755212151383,20.584403498976364,41.0,0.0,11.0,0.41198501872659177,0.5318352059925093,0.5757575757575758,0.9044943820224719,0.33333333333333337,0.5556009533537624
12,095,017123,12095017123,1400000US12095017123,171.23,Census Tract 171.23,G5020,S,6786206,1163569,+28.4031277,-081.4932873,1400000US12095017123,Census Tract 171.23; Orange County; Florida,5967,Census Tract 171.23; Orange County; Florida,162188.0,Census Tract 171.23; Orange County; Florida,5949,384,138,246,5565,2920,2645,Census Tract 171.23; Orange County; Florida,2593,Census Tract 171.23; Orange County; Florida,1990,1332,658,Census Tract 171.23; Orange County; Florida,1990,1332,29,149,658,10,295,Census Tract 171.23; Orange County; Florida,1990,1453,1196,257,18,239,537,267,270,44.0,7.373889726830903,3.0671478163146526,1945.4556341434109,6.454866364094807,13.0,3.0,37.0,0.7265917602996255,0.6404494382022472,0.9659090909090909,0.8089887640449438,0.02621722846441943,0.554979570990807
12,095,017504,12095017504,1400000US12095017504,175.04,Census Tract 175.04,G5020,S,12177761,411931,+28.6448062,-081.4841201,1400000US12095017504,Census Tract 175.04; Orange County; Florida,9673,Census Tract 175.04; Orange County; Florida,71976.0,Census Tract 175.04; Orange County; Florida,9655,1007,378,629,8648,4296,4352,Census Tract 175.04; Orange County; Florida,3502,Census Tract 175.04; Orange County; Florida,3422,2938,484,Census Tract 175.04; Orange County; Florida,3422,2938,146,1198,484,0,188,Census Tract 175.04; Orange County; Florida,3422,2520,1952,568,232,336,902,747,155,5.0,0.5169027189083014,4.857287456496526,1991.4407139035086,10.429829104091144,0.0,2.0,54.0,0.848314606741573,0.9438202247191011,0.4583333333333333,0.3052434456928839,0.39513108614232206,0.5544007490636704
12,095,017021,12095017021,1400000US12095017021,170.21,Census Tract 170.21,G5020,S,5303019,27959,+28.3554029,-081.4020076,1400000US12095017021,Census Tract 170.21; Orange County; Florida,6593,Census Tract 170.21; Orange County; Florida,101139.0,Census Tract 170.21; Orange County; Florida,6593,641,146,495,5952,2882,3070,Census Tract 170.21; Orange County; Florida,2055,Census Tract 170.21; Orange County; Florida,1892,1290,602,Census Tract 170.21; Orange County; Florida,1892,1290,0,215,602,0,173,Census Tract 170.21; Orange County; Florida,1892,1749,1156,593,44,549,143,125,18,4.0,0.6067040800849386,2.0567346421212402,3205.5666613366434,9.72243288336114,0.0,0.0,51.0,0.8314606741573034,0.7265917602996255,0.7007575757575758,0.3052434456928839,0.449438202247191,0.5540091930541369
12,095,016751,12095016751,1400000US12095016751,167.51,Census Tract 167.51,G5020,S,6461357,0,+28.5349074,-081.2233549,1400000US12095016751,Census Tract 167.51; Orange County; Florida,6407,Census Tract 167.51; Orange County; Florida,125927.0,Census Tract 167.51; Orange County; Florida,6407,851,466,385,5556,3104,2452,Census Tract 167.51; Orange County; Florida,2173,Census Tract 167.51; Orange County; Florida,2173,1953,220,Census Tract 167.51; Orange County; Florida,2173,1953,0,260,220,0,98,Census Tract 167.51; Orange County; Florida,2173,1731,1540,191,95,96,442,269,173,6.0,0.9364757296706727,2.492777923966677,2570.2249439872876,13.282347432495708,0.0,2.0,0.0,0.11797752808988764,0.704119850187266,0.8977272727272727,0.3052434456928839,0.33333333333333337,0.5518300987402112
12,095,015001,12095015001,1400000US12095015001,150.01,Census Tract 150.01,G5020,S,4990233,0,+28.5860160,-081.5511421,1400000US12095015001,Census Tract 150.01; Orange County; Florida,1950,Census Tract 150.01; Orange County; Florida,92963.0,Census Tract 150.01; Orange County; Florida,1950,368,205,163,1582,903,679,Census Tract 150.01; Orange County; Florida,474,Census Tract 150.01; Orange County; Florida,446,280,166,Census Tract 150.01; Orange County; Florida,446,280,0,50,166,85,32,Census Tract 150.01; Orange County; Florida,446,393,229,164,86,78,53,38,15,0.0,0.0,1.9253353360631769,1012.8105808244584,18.871794871794872,6.0,1.0,28.0,0.6554307116104869,0.0449438202247191,0.6287878787878788,0.7509363295880149,0.8745318352059925,0.5517875383043922
12,095,017020,12095017020,1400000US12095017020,170.20,Census Tract 170.20,G5020,S,2876136,42910,+28.3649688,-081.4100435,1400000US12095017020,Census Tract 170.20; Orange County; Florida,5923,Census Tract 170.20; Orange County; Florida,69512.0,Census Tract 170.20; Orange County; Florida,5750,636,355,281,5114,2630,2484,Census Tract 170.20; Orange County; Florida,3037,Census Tract 170.20; Orange County; Florida,2364,839,1525,Census Tract 170.20; Orange County; Florida,2364,839,43,190,1525,0,766,Census Tract 170.20; Orange County; Florida,2364,1693,1152,541,171,370,671,613,58,7.0,1.1818335303055885,1.1261931564943546,5259.310950207937,11.060869565217391,130.0,2.0,34.0,0.7097378277153558,0.6217228464419475,0.4015151515151515,0.9925093632958801,0.2865168539325843,0.5512768130745659
12,095,016513,12095016513,1400000US12095016513,165.13,Census Tract 165.13,G5020,S,4989196,46922,+28.5796634,-081.1886404,1400000US12095016513,Census Tract 165.13; Orange County; Florida,4582,Census Tract 165.13; Orange County; Florida,63017.0,Census Tract 165.13; Orange County; Florida,4577,766,396,370,3811,1996,1815,Census Tract 165.13; Orange County; Florida,2025,Census Tract 165.13; Orange County; Florida,1880,1277,603,Census Tract 165.13; Orange County; Florida,1880,1277,54,603,603,0,174,Census Tract 165.13; Orange County; Florida,1880,1205,494,711,133,578,675,473,202,1.0,0.21824530772588388,1.9429168734088023,2358.3098498501317,16.73585317893817,6.0,0.0,7.0,0.3146067415730337,0.4232209737827715,0.3333333333333333,0.7509363295880149,0.6891385767790262,0.550561797752809
12,095,016409,12095016409,1400000US12095016409,164.09,Census Tract 164.09,G5020,S,3413121,1067213,+28.6059588,-081.2588222,1400000US12095016409,Census Tract 164.09; Orange County; Florida,3027,Census Tract 164.09; Orange County; Florida,119821.0,Census Tract 164.09; Orange County; Florida,3020,41,2,39,2979,1537,1442,Census Tract 164.09; Orange County; Florida,1178,Census Tract 164.09; Orange County; Florida,1151,1086,65,Census Tract 164.09; Orange County; Florida,1151,1086,46,217,65,0,32,Census Tract 164.09; Orange County; Florida,1151,812,696,116,13,103,339,278,61,0.0,0.0,1.728510125988121,1751.2191305616932,1.3576158940397351,0.0,0.0,26.0,0.6404494382022472,0.19101123595505617,0.8446969696969697,0.3052434456928839,0.8745318352059925,0.5496510044262853
12,095,014702,12095014702,1400000US12095014702,147.02,Census Tract 147.02,G5020,S,1789084,143180,+28.5332632,-081.4686273,1400000US12095014702,Census Tract 147.02; Orange County; Florida,5960,Census Tract 147.02; Orange County; Florida,51444.0,Census Tract 147.02; Orange County; Florida,5901,965,229,736,4936,2131,2805,Census Tract 147.02; Orange County; Florida,2818,Census Tract 147.02; Orange County; Florida,2467,942,1525,Census Tract 147.02; Orange County; Florida,2467,942,0,469,1525,50,746,Census Tract 147.02; Orange County; Florida,2467,1281,860,421,39,382,1186,940,246,3.0,0.5033557046979866,0.7454927476328892,7994.712247603172,16.353160481274358,54.0,1.0,9.0,0.3539325842696629,0.6367041198501873,0.12121212121212122,0.9250936329588015,0.49250936329588013,0.5480251957780048
12,095,014815,12095014815,1400000US12095014815,148.15,Census Tract 148.15,G5020,S,6873103,651186,+28.5122075,-081.5030828,1400000US12095014815,Census Tract 148.15; Orange County; Florida,5533,Census Tract 148.15; Orange County; Florida,198920.0,Census Tract 148.15; Orange County; Florida,5533,61,11,50,5472,2395,3077,Census Tract 148.15; Orange County; Florida,1742,Census Tract 148.15; Orange County; Florida,1705,1650,55,Census Tract 148.15; Orange County; Florida,1705,1650,75,214,55,0,9,Census Tract 148.15; Orange County; Florida,1705,1583,1344,239,99,140,122,104,18,5.0,0.9036688957166095,2.9029936929953055,1905.963493255494,1.1024760527742636,0.0,1.0,9.0,0.3539325842696629,0.5599250936329588,0.9886363636363636,0.3052434456928839,0.39513108614232206,0.5452928157984338
12,095,017702,12095017702,1400000US12095017702,177.02,Census Tract 177.02,G5020,S,4460514,498275,+28.6976130,-081.4978430,1400000US12095017702,Census Tract 177.02; Orange County; Florida,2637,Census Tract 177.02; Orange County; Florida,125000.0,Census Tract 177.02; Orange County; Florida,2580,33,6,27,2547,1288,1259,Census Tract 177.02; Orange County; Florida,884,Census Tract 177.02; Orange County; Florida,864,756,108,Census Tract 177.02; Orange County; Florida,864,756,0,134,108,0,14,Census Tract 177.02; Orange County; Florida,864,717,621,96,51,45,147,92,55,0.0,0.0,1.9131816239260981,1378.3322853522563,1.2790697674418605,0.0,0.0,0.0,0.11797752808988764,0.13857677902621723,0.8939393939393939,0.3052434456928839,0.8745318352059925,0.5437691521961185
12,095,016710,12095016710,1400000US12095016710,167.10,Census Tract 167.10,G5020,S,4845326,10376,+28.5011890,-081.2596497,1400000US12095016710,Census Tract 167.10; Orange County; Florida,4359,Census Tract 167.10; Orange County; Florida,83690.0,Census Tract 167.10; Orange County; Florida,4355,461,244,217,3894,1757,2137,Census Tract 167.10; Orange County; Florida,1559,Census Tract 167.10; Orange County; Florida,1516,1361,155,Census Tract 167.10; Orange County; Florida,1516,1361,21,389,155,12,113,Census Tract 167.10; Orange County; Florida,1516,1172,863,309,56,253,344,319,25,0.0,0.0,1.873327012110916,2326.876179022348,10.585533869115958,0.0,0.0,4.0,0.27340823970037453,0.36329588014981273,0.5568181818181818,0.3052434456928839,0.8745318352059925,0.5437606401089548
12,095,014302,12095014302,1400000US12095014302,143.02,Census Tract 143.02,G5020,S,2190358,0,+28.4690105,-081.3828992,1400000US12095014302,Census Tract 143.02; Orange County; Florida,5839,Census Tract 143.02; Orange County; Florida,50240.0,Census Tract 143.02; Orange County; Florida,5804,1554,631,923,4250,2585,1665,Census Tract 143.02; Orange County; Florida,1909,Census Tract 143.02; Orange County; Florida,1524,586,938,Census Tract 143.02; Orange County; Florida,1524,586,0,228,938,215,340,Census Tract 143.02; Orange County; Florida,1524,1263,544,719,223,496,261,169,92,2.0,0.3425244048638465,0.8450540155449248,6909.617483131866,26.77463818056513,17.0,1.0,8.0,0.3352059925093633,0.6104868913857678,0.10606060606060606,0.8408239700374532,0.5674157303370786,0.5427477017364658
12,095,012202,12095012202,1400000US12095012202,122.02,Census Tract 122.02,G5020,S,2195550,15941,+28.5653680,-081.4630503,1400000US12095012202,Census Tract 122.02; Orange County; Florida,7266,Census Tract 122.02; Orange County; Florida,62180.0,Census Tract 122.02; Orange County; Florida,7234,982,382,600,6252,3328,2924,Census Tract 122.02; Orange County; Florida,2159,Census Tract 122.02; Orange County; Florida,2011,1261,750,Census Tract 122.02; Orange County; Florida,2011,1261,44,197,750,122,201,Census Tract 122.02; Orange County; Florida,2011,1663,798,865,268,597,348,229,119,2.0,0.2752546105147261,0.8532214030652993,8515.960773951558,13.574785734033728,0.0,0.0,4.0,0.27340823970037453,0.8202247191011236,0.32575757575757575,0.3052434456928839,0.5674157303370786,0.5424923391215526
12,095,017122,12095017122,1400000US12095017122,171.22,Census Tract 171.22,G5020,S,3287650,2670412,+28.4303600,-081.4937375,1400000US12095017122,Census Tract 171.22; Orange County; Florida,2657,Census Tract 171.22; Orange County; Florida,117895.0,Census Tract 171.22; Orange County; Florida,2657,267,107,160,2390,1218,1172,Census Tract 171.22; Orange County; Florida,1668,Census Tract 171.22; Orange County; Florida,1016,724,292,Census Tract 171.22; Orange County; Florida,1016,724,8,159,292,0,135,Census Tract 171.22; Orange County; Florida,1016,723,606,117,75,42,293,182,111,1.0,0.3763643206624012,2.298710760208952,1155.8652989289003,10.048927361686113,1.0,0.0,13.0,0.45131086142322097,0.14232209737827714,0.8257575757575758,0.6310861423220974,0.6891385767790262,0.5408069458631256
12,095,014909,12095014909,1400000US12095014909,149.09,Census Tract 149.09,G5020,S,1815924,287477,+28.5682028,-081.4962684,1400000US12095014909,Census Tract 149.09; Orange County; Florida,3742,Census Tract 149.09; Orange County; Florida,98203.0,Census Tract 149.09; Orange County; Florida,3681,345,150,195,3336,1660,1676,Census Tract 149.09; Orange County; Florida,1011,Census Tract 149.09; Orange County; Florida,995,899,96,Census Tract 149.09; Orange County; Florida,995,899,37,205,96,0,24,Census Tract 149.09; Orange County; Florida,995,802,545,257,54,203,193,153,40,0.0,0.0,0.8115259184140937,4611.066529227704,9.372453137734311,0.0,0.0,0.0,0.11797752808988764,0.2696629213483146,0.6818181818181818,0.3052434456928839,0.8745318352059925,0.5406707524685053
12,095,016716,12095016716,1400000US12095016716,167.16,Census Tract 167.16,G5020,S,6804828,11965,+28.5191313,-081.2611956,1400000US12095016716,Census Tract 167.16; Orange County; Florida,5411,Census Tract 167.16; Orange County; Florida,103226.0,Census Tract 167.16; Orange County; Florida,5411,390,171,219,5021,2415,2606,Census Tract 167.16; Orange County; Florida,1970,Census Tract 167.16; Orange County; Florida,1938,1625,313,Census Tract 167.16; Orange County; Florida,1938,1625,173,443,313,0,83,Census Tract 167.16; Orange County; Florida,1938,1435,1138,297,90,207,503,309,194,2.0,0.36961744594344853,2.6299158388728694,2057.4802889202147,7.207540195897247,0.0,2.0,6.0,0.299625468164794,0.5393258426966292,0.7234848484848485,0.3052434456928839,0.5674157303370786,0.5377681307456588
12,095,015602,12095015602,1400000US12095015602,156.02,Census Tract 156.02,G5020,S,1816622,5224,+28.6310618,-081.3412668,1400000US12095015602,Census Tract 156.02; Orange County; Florida,2073,Census Tract 156.02; Orange County; Florida,198409.0,Census Tract 156.02; Orange County; Florida,2073,62,29,33,2011,983,1028,Census Tract 156.02; Orange County; Florida,753,Census Tract 156.02; Orange County; Florida,714,685,29,Census Tract 156.02; Orange County; Florida,714,685,0,91,29,0,16,Census Tract 156.02; Orange County; Florida,714,591,544,47,8,39,123,81,42,0.0,0.0,0.7028765422801867,2949.308840603821,2.9908345393150024,0.0,0.0,0.0,0.11797752808988764,0.052434456928838954,0.9848484848484849,0.3052434456928839,0.8745318352059925,0.5361082737487233
12,095,013505,12095013505,1400000US12095013505,135.05,Census Tract 135.05,G5020,S,2496780,72992,+28.5115850,-081.2963620,1400000US12095013505,Census Tract 135.05; Orange County; Florida,5849,Census Tract 135.05; Orange County; Florida,53190.0,Census Tract 135.05; Orange County; Florida,5849,1162,583,579,4687,1546,3141,Census Tract 135.05; Orange County; Florida,2456,Census Tract 135.05; Orange County; Florida,2010,959,1051,Census Tract 135.05; Orange County; Florida,2010,959,51,399,1051,64,711,Census Tract 135.05; Orange County; Florida,2010,1179,641,538,167,371,831,644,187,0.0,0.0,0.9914224254366573,5899.604295740935,19.866643870747136,0.0,0.0,0.0,0.11797752808988764,0.6142322097378277,0.13636363636363635,0.3052434456928839,0.8745318352059925,0.5349506298944502
12,095,016814,12095016814,1400000US12095016814,168.14,Census Tract 168.14,G5020,S,3695065,114957,+28.3554690,-081.3762620,1400000US12095016814,Census Tract 168.14; Orange County; Florida,5274,Census Tract 168.14; Orange County; Florida,59895.0,Census Tract 168.14; Orange County; Florida,5274,453,277,176,4821,2361,2460,Census Tract 168.14; Orange County; Florida,1909,Census Tract 168.14; Orange County; Florida,1621,1161,460,Census Tract 168.14; Orange County; Florida,1621,1161,33,370,460,0,250,Census Tract 168.14; Orange County; Florida,1621,1300,799,501,33,468,321,303,18,0.0,0.0,1.4699323180008042,3587.9202976997985,8.589306029579067,0.0,0.0,20.0,0.5393258426966292,0.5205992509363296,0.2765151515151515,0.3052434456928839,0.8745318352059925,0.5348910452843038
12,095,015801,12095015801,1400000US12095015801,158.01,Census Tract 158.01,G5020,S,1677783,527335,+28.6156413,-081.3565375,1400000US12095015801,Census Tract 158.01; Orange County; Florida,1876,Census Tract 158.01; Orange County; Florida,237446.0,Census Tract 158.01; Orange County; Florida,1842,11,2,9,1831,813,1018,Census Tract 158.01; Orange County; Florida,710,Census Tract 158.01; Orange County; Florida,665,642,23,Census Tract 158.01; Orange County; Florida,665,642,9,82,23,0,13,Census Tract 158.01; Orange County; Florida,665,526,488,38,26,12,139,116,23,0.0,0.0,0.8507465896644225,2205.121974970231,0.5971769815418024,0.0,0.0,0.0,0.11797752808988764,0.03745318352059925,1.0,0.3052434456928839,0.8745318352059925,0.5346441947565543
12,095,014814,12095014814,1400000US12095014814,148.14,Census Tract 148.14,G5020,S,6029877,1990292,+28.5193143,-081.5303181,1400000US12095014814,Census Tract 148.14; Orange County; Florida,6131,Census Tract 148.14; Orange County; Florida,124385.0,Census Tract 148.14; Orange County; Florida,6131,216,59,157,5915,3248,2667,Census Tract 148.14; Orange County; Florida,2261,Census Tract 148.14; Orange County; Florida,2079,1460,619,Census Tract 148.14; Orange County; Florida,2079,1460,9,205,619,15,233,Census Tract 148.14; Orange County; Florida,2079,1685,1450,235,92,143,394,272,122,6.0,0.9786331756646549,3.0943335922827204,1981.3636174492424,3.523079432392758,0.0,1.0,7.0,0.3146067415730337,0.6591760299625468,0.8787878787878788,0.3052434456928839,0.33333333333333337,0.5345590738849166
12,095,017119,12095017119,1400000US12095017119,171.19,Census Tract 171.19,G5020,S,3155315,2728,+28.5358840,-081.5495845,1400000US12095017119,Census Tract 171.19; Orange County; Florida,2384,Census Tract 171.19; Orange County; Florida,131406.0,Census Tract 171.19; Orange County; Florida,2350,112,89,23,2238,1197,1041,Census Tract 171.19; Orange County; Florida,759,Census Tract 171.19; Orange County; Florida,759,717,42,Census Tract 171.19; Orange County; Florida,759,717,10,141,42,23,15,Census Tract 171.19; Orange County; Florida,759,575,495,80,0,80,184,141,43,0.0,0.0,1.2184387904160874,1956.6021853144405,4.76595744680851,0.0,0.0,25.0,0.6310861423220974,0.09363295880149813,0.9128787878787878,0.3052434456928839,0.8745318352059925,0.5340738849165816
12,095,011200,12095011200,1400000US12095011200,112,Census Tract 112,G5020,S,2131681,7645,+28.5302355,-081.3502600,1400000US12095011200,Census Tract 112; Orange County; Florida,3233,Census Tract 112; Orange County; Florida,103750.0,Census Tract 112; Orange County; Florida,3231,419,334,85,2812,1726,1086,Census Tract 112; Orange County; Florida,1747,Census Tract 112; Orange County; Florida,1487,1087,400,Census Tract 112; Orange County; Florida,1487,1087,24,337,400,9,274,Census Tract 112; Orange County; Florida,1487,757,570,187,57,130,730,555,175,0.0,0.0,0.825361451765241,3917.071718197433,12.968121324667287,0.0,0.0,0.0,0.11797752808988764,0.21722846441947566,0.7272727272727273,0.3052434456928839,0.8745318352059925,0.5340313244807627
12,095,016715,12095016715,1400000US12095016715,167.15,Census Tract 167.15,G5020,S,4306328,125644,+28.5227625,-081.2810860,1400000US12095016715,Census Tract 167.15; Orange County; Florida,6719,Census Tract 167.15; Orange County; Florida,81541.0,Census Tract 167.15; Orange County; Florida,6546,889,342,547,5657,3025,2632,Census Tract 167.15; Orange County; Florida,2256,Census Tract 167.15; Orange County; Florida,2093,1303,790,Census Tract 167.15; Orange County; Florida,2093,1303,10,214,790,0,377,Census Tract 167.15; Orange County; Florida,2093,1405,684,721,383,338,688,336,352,4.0,0.5953266855186784,1.709857720872818,3929.566722411385,13.58081271005194,0.0,0.0,0.0,0.11797752808988764,0.7602996254681648,0.5416666666666666,0.3052434456928839,0.449438202247191,0.5323033707865168
12,095,016745,12095016745,1400000US12095016745,167.45,Census Tract 167.45,G5020,S,5173189,0,+28.5526730,-081.1510212,1400000US12095016745,Census Tract 167.45; Orange County; Florida,4576,Census Tract 167.45; Orange County; Florida,100556.0,Census Tract 167.45; Orange County; Florida,4576,273,162,111,4303,2333,1970,Census Tract 167.45; Orange County; Florida,1422,Census Tract 167.45; Orange County; Florida,1312,1130,182,Census Tract 167.45; Orange County; Florida,1312,1130,0,211,182,0,27,Census Tract 167.45; Orange County; Florida,1312,1043,836,207,42,165,269,184,85,1.0,0.21853146853146854,1.9957947762910293,2292.8209124306886,5.965909090909091,0.0,0.0,19.0,0.5243445692883895,0.4157303370786517,0.6931818181818182,0.3052434456928839,0.6891385767790262,0.5311457269322438
12,095,016907,12095016907,1400000US12095016907,169.07,Census Tract 169.07,G5020,S,1702367,0,+28.4788450,-081.4031795,1400000US12095016907,Census Tract 169.07; Orange County; Florida,7546,Census Tract 169.07; Orange County; Florida,55457.0,Census Tract 169.07; Orange County; Florida,7469,2539,1505,1034,4930,2628,2302,Census Tract 169.07; Orange County; Florida,2994,Census Tract 169.07; Orange County; Florida,2535,208,2327,Census Tract 169.07; Orange County; Florida,2535,208,0,39,2327,556,1153,Census Tract 169.07; Orange County; Florida,2535,1364,585,779,327,452,1171,801,370,6.0,0.795123244102836,0.6567866160710053,11489.271881240955,33.99384121033606,3.0,1.0,13.0,0.45131086142322097,0.8426966292134831,0.1893939393939394,0.702247191011236,0.33333333333333337,0.53113721484508
12,095,014201,12095014201,1400000US12095014201,142.01,Census Tract 142.01,G5020,S,2281990,10333,+28.4578962,-081.3936262,1400000US12095014201,Census Tract 142.01; Orange County; Florida,6711,Census Tract 142.01; Orange County; Florida,69934.0,Census Tract 142.01; Orange County; Florida,6711,820,424,396,5891,3014,2877,Census Tract 142.01; Orange County; Florida,2051,Census Tract 142.01; Orange County; Florida,1960,1223,737,Census Tract 142.01; Orange County; Florida,1960,1223,17,231,737,56,235,Census Tract 142.01; Orange County; Florida,1960,1393,792,601,176,425,567,370,197,12.0,1.788109074653554,0.8843957997667546,7588.231425081304,12.218745343465951,14.0,5.0,24.0,0.6123595505617978,0.7565543071161048,0.4053030303030303,0.8202247191011236,0.1966292134831461,0.531060606060606
12,095,016804,12095016804,1400000US12095016804,168.04,Census Tract 168.04,G5020,S,16054473,165779,+28.4092466,-081.3529448,1400000US12095016804,Census Tract 168.04; Orange County; Florida,8439,Census Tract 168.04; Orange County; Florida,87475.0,Census Tract 168.04; Orange County; Florida,8365,560,223,337,7805,4037,3768,Census Tract 168.04; Orange County; Florida,2579,Census Tract 168.04; Orange County; Florida,2460,1927,533,Census Tract 168.04; Orange County; Florida,2460,1927,35,380,533,24,174,Census Tract 168.04; Orange County; Florida,2460,1963,1294,669,204,465,497,325,172,9.0,1.0664770707429791,6.257855978888023,1348.5449375106186,6.694560669456067,0.0,1.0,55.0,0.8539325842696629,0.9026217228464419,0.5946969696969697,0.3052434456928839,0.24906367041198507,0.5254937010554989
12,095,016724,12095016724,1400000US12095016724,167.24,Census Tract 167.24,G5020,S,3204840,0,+28.5469518,-081.2389058,1400000US12095016724,Census Tract 167.24; Orange County; Florida,6734,Census Tract 167.24; Orange County; Florida,61448.0,Census Tract 167.24; Orange County; Florida,6722,1309,706,603,5413,2649,2764,Census Tract 167.24; Orange County; Florida,2459,Census Tract 167.24; Orange County; Florida,2296,727,1569,Census Tract 167.24; Orange County; Florida,2296,727,5,173,1569,209,705,Census Tract 167.24; Orange County; Florida,2296,1520,888,632,233,399,776,475,301,2.0,0.29700029700029695,1.2364218514880037,5446.36120098961,19.473371020529605,0.0,1.0,21.0,0.5636704119850188,0.7677902621722846,0.29924242424242425,0.3052434456928839,0.5674157303370786,0.5214589717398705
12,095,014503,12095014503,1400000US12095014503,145.03,Census Tract 145.03,G5020,S,1815334,364870,+28.5032893,-081.4091785,1400000US12095014503,Census Tract 145.03; Orange County; Florida,5395,Census Tract 145.03; Orange County; Florida,28851.0,Census Tract 145.03; Orange County; Florida,2745,589,199,390,2156,1155,1001,Census Tract 145.03; Orange County; Florida,2234,Census Tract 145.03; Orange County; Florida,1744,705,1039,Census Tract 145.03; Orange County; Florida,1744,705,11,339,1039,470,334,Census Tract 145.03; Orange County; Florida,1744,498,204,294,86,208,1246,1218,28,1.0,0.18535681186283595,0.8411417522461188,6413.901088126486,21.45719489981785,6.0,0.0,17.0,0.5037453183520599,0.5355805243445693,0.01893939393939394,0.7509363295880149,0.6891385767790262,0.5213908750425604
12,095,013507,12095013507,1400000US12095013507,135.07,Census Tract 135.07,G5020,S,11184876,246368,+28.4622558,-081.2919589,1400000US12095013507,Census Tract 135.07; Orange County; Florida,9445,Census Tract 135.07; Orange County; Florida,62196.0,Census Tract 135.07; Orange County; Florida,9445,1976,1001,975,7469,3540,3929,Census Tract 135.07; Orange County; Florida,4189,Census Tract 135.07; Orange County; Florida,3872,347,3525,Census Tract 135.07; Orange County; Florida,3872,347,48,87,3525,122,2017,Census Tract 135.07; Orange County; Florida,3872,2370,981,1389,219,1170,1502,1028,474,30.0,3.1762837480148227,4.410187919972781,2141.632096270921,20.921122286924298,10.0,4.0,103.0,0.9550561797752809,0.9400749063670412,0.32954545454545453,0.7902621722846442,0.0449438202247191,0.5194671433435478
12,095,017813,12095017813,1400000US12095017813,178.13,Census Tract 178.13,G5020,S,16820169,55479,+28.7591715,-081.5454961,1400000US12095017813,Census Tract 178.13; Orange County; Florida,2218,Census Tract 178.13; Orange County; Florida,123125.0,Census Tract 178.13; Orange County; Florida,2197,118,38,80,2079,997,1082,Census Tract 178.13; Orange County; Florida,729,Census Tract 178.13; Orange County; Florida,702,618,84,Census Tract 178.13; Orange County; Florida,702,618,7,115,84,0,41,Census Tract 178.13; Orange County; Florida,702,527,480,47,0,47,175,158,17,0.0,0.0,6.510964644243121,340.6561271932441,5.370960400546199,0.0,0.0,0.0,0.11797752808988764,0.07116104868913857,0.8712121212121212,0.3052434456928839,0.8745318352059925,0.5189989785495404
12,095,015601,12095015601,1400000US12095015601,156.01,Census Tract 156.01,G5020,S,1853570,396567,+28.6352018,-081.3557230,1400000US12095015601,Census Tract 156.01; Orange County; Florida,2481,Census Tract 156.01; Orange County; Florida,123625.0,Census Tract 156.01; Orange County; Florida,2481,70,39,31,2411,1214,1197,Census Tract 156.01; Orange County; Florida,1059,Census Tract 156.01; Orange County; Florida,1059,741,318,Census Tract 156.01; Orange County; Florida,1059,741,0,87,318,38,212,Census Tract 156.01; Orange County; Florida,1059,726,646,80,11,69,333,265,68,2.0,0.8061265618702137,0.8681138515050985,2857.9200708507865,2.8214429665457477,2.0,1.0,16.0,0.49625468164794007,0.1198501872659176,0.875,0.6704119850187266,0.5674157303370786,0.5152621722846442
12,095,017013,12095017013,1400000US12095017013,170.13,Census Tract 170.13,G5020,S,3517413,191828,+28.3880700,-081.4143200,1400000US12095017013,Census Tract 170.13; Orange County; Florida,7473,Census Tract 170.13; Orange County; Florida,93443.0,Census Tract 170.13; Orange County; Florida,7473,572,186,386,6901,3780,3121,Census Tract 170.13; Orange County; Florida,3215,Census Tract 170.13; Orange County; Florida,2859,1789,1070,Census Tract 170.13; Orange County; Florida,2859,1789,56,387,1070,34,503,Census Tract 170.13; Orange County; Florida,2859,2189,1509,680,272,408,670,554,116,9.0,1.2043356081894823,1.431059057854754,5222.0067082364085,7.654221865382042,0.0,2.0,18.0,0.5131086142322098,0.8352059925093633,0.6363636363636364,0.3052434456928839,0.24906367041198507,0.5136023152877086
12,095,014811,12095014811,1400000US12095014811,148.11,Census Tract 148.11,G5020,S,5286898,474236,+28.4744496,-081.4835346,1400000US12095014811,Census Tract 148.11; Orange County; Florida,4514,Census Tract 148.11; Orange County; Florida,114858.0,Census Tract 148.11; Orange County; Florida,4514,299,124,175,4215,2158,2057,Census Tract 148.11; Orange County; Florida,2143,Census Tract 148.11; Orange County; Florida,1933,1843,90,Census Tract 148.11; Orange County; Florida,1933,1843,32,631,90,0,19,Census Tract 148.11; Orange County; Florida,1933,1271,1091,180,60,120,662,521,141,2.0,0.44306601683650865,2.22273166892117,2030.8344291467827,6.623836951705804,0.0,0.0,0.0,0.11797752808988764,0.3970037453183521,0.7878787878787878,0.3052434456928839,0.5674157303370786,0.5079502894109635
12,095,016752,12095016752,1400000US12095016752,167.52,Census Tract 167.52,G5020,S,4360989,0,+28.5175705,-081.2251497,1400000US12095016752,Census Tract 167.52; Orange County; Florida,3669,Census Tract 167.52; Orange County; Florida,115625.0,Census Tract 167.52; Orange County; Florida,3669,222,77,145,3447,1714,1733,Census Tract 167.52; Orange County; Florida,1364,Census Tract 167.52; Orange County; Florida,1339,1239,100,Census Tract 167.52; Orange County; Florida,1339,1239,0,419,100,48,11,Census Tract 167.52; Orange County; Florida,1339,1094,837,257,69,188,245,184,61,1.0,0.2725538293813028,1.6824615992464242,2180.7332789309116,6.050695012264922,0.0,1.0,0.0,0.11797752808988764,0.2546816479400749,0.803030303030303,0.3052434456928839,0.6891385767790262,0.5048008171603677
12,095,017301,12095017301,1400000US12095017301,173.01,Census Tract 173.01,G5020,S,2439624,1028747,+28.5684770,-081.6017778,1400000US12095017301,Census Tract 173.01; Orange County; Florida,2684,Census Tract 173.01; Orange County; Florida,97361.0,Census Tract 173.01; Orange County; Florida,2637,87,0,87,2550,1426,1124,Census Tract 173.01; Orange County; Florida,1338,Census Tract 173.01; Orange County; Florida,1175,727,448,Census Tract 173.01; Orange County; Florida,1175,727,0,117,448,48,310,Census Tract 173.01; Orange County; Florida,1175,688,619,69,18,51,487,449,38,0.0,0.0,1.338188903824761,2005.695901623973,3.299203640500569,0.0,0.0,10.0,0.3838951310861423,0.149812734082397,0.6704545454545454,0.3052434456928839,0.8745318352059925,0.5024429690160027
12,095,017015,12095017015,1400000US12095017015,170.15,Census Tract 170.15,G5020,S,8910765,0,+28.3540192,-081.4505478,1400000US12095017015,Census Tract 170.15; Orange County; Florida,7525,Census Tract 170.15; Orange County; Florida,120260.0,Census Tract 170.15; Orange County; Florida,7490,433,254,179,7057,3529,3528,Census Tract 170.15; Orange County; Florida,3111,Census Tract 170.15; Orange County; Florida,2565,1671,894,Census Tract 170.15; Orange County; Florida,2565,1671,0,372,894,0,534,Census Tract 170.15; Orange County; Florida,2565,2181,1839,342,75,267,384,375,9,27.0,3.5880398671096345,3.4378791539394946,2188.8494804644424,5.781041388518024,0.0,5.0,67.0,0.8801498127340824,0.8389513108614233,0.8484848484848485,0.3052434456928839,0.06367041198501877,0.501532175689479
12,095,016808,12095016808,1400000US12095016808,168.08,Census Tract 168.08,G5020,S,3655945,0,+28.3814298,-081.3835770,1400000US12095016808,Census Tract 168.08; Orange County; Florida,1517,Census Tract 168.08; Orange County; Florida,120938.0,Census Tract 168.08; Orange County; Florida,1517,53,36,17,1464,725,739,Census Tract 168.08; Orange County; Florida,561,Census Tract 168.08; Orange County; Florida,528,521,7,Census Tract 168.08; Orange County; Florida,528,521,18,50,7,0,0,Census Tract 168.08; Orange County; Florida,528,470,437,33,21,12,58,47,11,0.0,0.0,1.410488678060188,1075.5137730607626,3.493737640079104,0.0,0.0,12.0,0.42696629213483145,0.018726591760299626,0.8598484848484849,0.3052434456928839,0.8745318352059925,0.5009959141981615
12,095,016512,12095016512,1400000US12095016512,165.12,Census Tract 165.12,G5020,S,2247955,0,+28.5733268,-081.2009595,1400000US12095016512,Census Tract 165.12; Orange County; Florida,6359,Census Tract 165.12; Orange County; Florida,58553.0,Census Tract 165.12; Orange County; Florida,4104,992,337,655,3112,1589,1523,Census Tract 165.12; Orange County; Florida,2170,Census Tract 165.12; Orange County; Florida,1921,134,1787,Census Tract 165.12; Orange County; Florida,1921,134,4,110,1787,138,570,Census Tract 165.12; Orange County; Florida,1921,755,171,584,429,155,1166,660,506,14.0,2.2016040257902185,0.8672542932264232,7332.336143696424,24.171539961013643,70.0,1.0,19.0,0.5243445692883895,0.6928838951310862,0.25,0.9625468164794008,0.1685393258426966,0.500936329588015
12,095,013801,12095013801,1400000US12095013801,138.01,Census Tract 138.01,G5020,S,1308957,0,+28.5058481,-081.3556665,1400000US12095013801,Census Tract 138.01; Orange County; Florida,2247,Census Tract 138.01; Orange County; Florida,110000.0,Census Tract 138.01; Orange County; Florida,2167,135,52,83,2032,970,1062,Census Tract 138.01; Orange County; Florida,1193,Census Tract 138.01; Orange County; Florida,1016,725,291,Census Tract 138.01; Orange County; Florida,1016,725,15,135,291,30,140,Census Tract 138.01; Orange County; Florida,1016,679,583,96,31,65,337,239,98,0.0,0.0,0.5050030683994159,4449.4779152961655,6.2298107983387165,0.0,0.0,0.0,0.11797752808988764,0.07865168539325842,0.7689393939393939,0.3052434456928839,0.8745318352059925,0.5007916241062309
12,095,014100,12095014100,1400000US12095014100,141,Census Tract 141,G5020,S,6651489,4436224,+28.4645673,-081.3476893,1400000US12095014100,Census Tract 141; Orange County; Florida,6153,Census Tract 141; Orange County; Florida,88675.0,Census Tract 141; Orange County; Florida,6136,620,378,242,5516,2734,2782,Census Tract 141; Orange County; Florida,2591,Census Tract 141; Orange County; Florida,2553,2192,361,Census Tract 141; Orange County; Florida,2553,2192,196,502,361,61,156,Census Tract 141; Orange County; Florida,2553,1533,1268,265,38,227,1020,859,161,18.0,2.9254022428083863,4.277691366382731,1438.3926919914873,10.104302477183833,3.0,1.0,120.0,0.9737827715355806,0.6629213483146067,0.6098484848484849,0.702247191011236,0.1292134831460674,0.5000595846101464
12,095,014904,12095014904,1400000US12095014904,149.04,Census Tract 149.04,G5020,S,2105772,102219,+28.5543946,-081.4914193,1400000US12095014904,Census Tract 149.04; Orange County; Florida,7574,Census Tract 149.04; Orange County; Florida,54259.0,Census Tract 149.04; Orange County; Florida,7574,1539,605,934,6035,2421,3614,Census Tract 149.04; Orange County; Florida,2617,Census Tract 149.04; Orange County; Florida,2466,303,2163,Census Tract 149.04; Orange County; Florida,2466,303,0,128,2163,301,1107,Census Tract 149.04; Orange County; Florida,2466,1800,785,1015,313,702,666,591,75,7.0,0.9242144177449169,0.8518772849308784,8890.951941058689,20.31951412727753,1.0,3.0,23.0,0.5917602996254682,0.850187265917603,0.1590909090909091,0.6310861423220974,0.2865168539325843,0.4990466462376575
12,095,010300,12095010300,1400000US12095010300,103,Census Tract 103,G5020,S,1545540,207575,+28.5337973,-081.3687778,1400000US12095010300,Census Tract 103; Orange County; Florida,3355,Census Tract 103; Orange County; Florida,54427.0,Census Tract 103; Orange County; Florida,3202,585,163,422,2617,1279,1338,Census Tract 103; Orange County; Florida,2257,Census Tract 103; Orange County; Florida,2137,425,1712,Census Tract 103; Orange County; Florida,2137,425,5,231,1712,474,909,Census Tract 103; Orange County; Florida,2137,396,363,33,27,6,1741,1491,250,0.0,0.0,0.6763621879709248,4960.360084683242,18.269831355402875,2.0,0.0,28.0,0.6554307116104869,0.22846441947565543,0.16666666666666666,0.6704119850187266,0.8745318352059925,0.4983146067415731
12,095,017302,12095017302,1400000US12095017302,173.02,Census Tract 173.02,G5020,S,4543186,48371,+28.5564089,-081.5934086,1400000US12095017302,Census Tract 173.02; Orange County; Florida,9003,Census Tract 173.02; Orange County; Florida,71455.0,Census Tract 173.02; Orange County; Florida,8920,1072,531,541,7848,3805,4043,Census Tract 173.02; Orange County; Florida,3299,Census Tract 173.02; Orange County; Florida,2977,1277,1700,Census Tract 173.02; Orange County; Florida,2977,1277,80,405,1700,19,683,Census Tract 173.02; Orange County; Florida,2977,2084,1301,783,216,567,893,600,293,48.0,5.331556147950684,1.7715406882799425,5082.01705981778,12.01793721973094,1.0,3.0,81.0,0.9250936329588015,0.9176029962546817,0.44696969696969696,0.6310861423220974,0.022471910112359605,0.49763363976847125
12,095,017022,12095017022,1400000US12095017022,170.22,Census Tract 170.22,G5020,S,7189311,699178,+28.3908895,-081.4744611,1400000US12095017022,Census Tract 170.22; Orange County; Florida,10585,Census Tract 170.22; Orange County; Florida,60807.0,Census Tract 170.22; Orange County; Florida,10585,2070,983,1087,8515,4457,4058,Census Tract 170.22; Orange County; Florida,6832,Census Tract 170.22; Orange County; Florida,4501,387,4114,Census Tract 170.22; Orange County; Florida,4501,387,0,353,4114,112,2337,Census Tract 170.22; Orange County; Florida,4501,2113,1386,727,26,701,2388,1550,838,55.0,5.196032120925839,3.043489492616988,3477.9157364194925,19.555975436939065,5.0,8.0,15.0,0.4850187265917603,0.9550561797752809,0.2878787878787879,0.7340823970037453,0.01872659176029967,0.49652706843718075
12,095,016504,12095016504,1400000US12095016504,165.04,Census Tract 165.04,G5020,S,3981159,23364,+28.5805179,-081.2401751,1400000US12095016504,Census Tract 165.04; Orange County; Florida,5087,Census Tract 165.04; Orange County; Florida,50737.0,Census Tract 165.04; Orange County; Florida,4915,1311,556,755,3604,1892,1712,Census Tract 165.04; Orange County; Florida,2027,Census Tract 165.04; Orange County; Florida,1918,966,952,Census Tract 165.04; Orange County; Florida,1918,966,13,223,952,25,538,Census Tract 165.04; Orange County; Florida,1918,1262,919,343,92,251,656,551,105,4.0,0.7863180656575586,1.5449385639208415,3292.6875662226294,26.6734486266531,75.0,0.0,7.0,0.3146067415730337,0.48314606741573035,0.10984848484848485,0.9737827715355806,0.449438202247191,0.4965015321756895
12,095,014805,12095014805,1400000US12095014805,148.05,Census Tract 148.05,G5020,S,3145369,464684,+28.5430668,-081.4847660,1400000US12095014805,Census Tract 148.05; Orange County; Florida,6198,Census Tract 148.05; Orange County; Florida,70844.0,Census Tract 148.05; Orange County; Florida,6197,1350,267,1083,4847,2563,2284,Census Tract 148.05; Orange County; Florida,2307,Census Tract 148.05; Orange County; Florida,2135,881,1254,Census Tract 148.05; Orange County; Florida,2135,881,2,279,1254,226,621,Census Tract 148.05; Orange County; Florida,2135,1342,768,574,115,459,793,638,155,3.0,0.484027105517909,1.3928134352898216,4449.985793474413,21.784734548975308,0.0,2.0,27.0,0.6460674157303371,0.6666666666666666,0.42803030303030304,0.3052434456928839,0.49250936329588013,0.4944075587334014
12,095,011702,12095011702,1400000US12095011702,117.02,Census Tract 117.02,G5020,S,2368459,444557,+28.5277905,-081.4163629,1400000US12095011702,Census Tract 117.02; Orange County; Florida,3854,Census Tract 117.02; Orange County; Florida,36147.0,Census Tract 117.02; Orange County; Florida,3854,618,189,429,3236,1622,1614,Census Tract 117.02; Orange County; Florida,1849,Census Tract 117.02; Orange County; Florida,1515,564,951,Census Tract 117.02; Orange County; Florida,1515,564,11,207,951,224,478,Census Tract 117.02; Orange County; Florida,1515,825,453,372,27,345,690,631,59,1.0,0.2594706798131811,1.0852866969254398,3551.1353920749048,16.035288012454593,72.0,1.0,24.0,0.6123595505617978,0.29213483146067415,0.026515151515151516,0.9700374531835206,0.6891385767790262,0.4936925434116446
12,095,016723,12095016723,1400000US12095016723,167.23,Census Tract 167.23,G5020,S,3412621,85617,+28.5605518,-081.2393530,1400000US12095016723,Census Tract 167.23; Orange County; Florida,5145,Census Tract 167.23; Orange County; Florida,82358.0,Census Tract 167.23; Orange County; Florida,5104,587,220,367,4517,2233,2284,Census Tract 167.23; Orange County; Florida,1700,Census Tract 167.23; Orange County; Florida,1621,1321,300,Census Tract 167.23; Orange County; Florida,1621,1321,9,461,300,0,104,Census Tract 167.23; Orange County; Florida,1621,1298,927,371,162,209,323,263,60,2.0,0.38872691933916426,1.3496158997700174,3812.1957520482224,11.50078369905956,0.0,0.0,20.0,0.5393258426966292,0.5056179775280899,0.553030303030303,0.3052434456928839,0.5674157303370786,0.493564862104188
12,095,013604,12095013604,1400000US12095013604,136.04,Census Tract 136.04,G5020,S,1820061,158290,+28.5081505,-081.3225880,1400000US12095013604,Census Tract 136.04; Orange County; Florida,6722,Census Tract 136.04; Orange County; Florida,54356.0,Census Tract 136.04; Orange County; Florida,6722,1443,522,921,5279,2909,2370,Census Tract 136.04; Orange County; Florida,3213,Census Tract 136.04; Orange County; Florida,2957,1434,1523,Census Tract 136.04; Orange County; Florida,2957,1434,15,510,1523,21,1075,Census Tract 136.04; Orange County; Florida,2957,1704,1063,641,207,434,1253,1090,163,2.0,0.2975304968759298,0.7632532215494552,8807.03783516811,21.466825349598334,0.0,0.0,21.0,0.5636704119850188,0.7640449438202247,0.16287878787878787,0.3052434456928839,0.5674157303370786,0.49306264896152535
12,095,015105,12095015105,1400000US12095015105,151.05,Census Tract 151.05,G5020,S,6054188,219609,+28.6275575,-081.4714715,1400000US12095015105,Census Tract 151.05; Orange County; Florida,4435,Census Tract 151.05; Orange County; Florida,79554.0,Census Tract 151.05; Orange County; Florida,4435,579,308,271,3856,1733,2123,Census Tract 151.05; Orange County; Florida,1360,Census Tract 151.05; Orange County; Florida,1331,1000,331,Census Tract 151.05; Orange County; Florida,1331,1000,10,183,331,76,76,Census Tract 151.05; Orange County; Florida,1331,1073,847,226,75,151,258,124,134,1.0,0.2254791431792559,2.420520958400753,1832.2501958133096,13.055242390078917,0.0,0.0,20.0,0.5393258426966292,0.38202247191011235,0.5227272727272727,0.3052434456928839,0.6891385767790262,0.4869424582907729
12,095,016742,12095016742,1400000US12095016742,167.42,Census Tract 167.42,G5020,S,944519,20358,+28.5630513,-081.1982246,1400000US12095016742,Census Tract 167.42; Orange County; Florida,3653,Census Tract 167.42; Orange County; Florida,61583.0,Census Tract 167.42; Orange County; Florida,3653,425,183,242,3228,1555,1673,Census Tract 167.42; Orange County; Florida,2130,Census Tract 167.42; Orange County; Florida,2084,373,1711,Census Tract 167.42; Orange County; Florida,2084,373,0,192,1711,57,1315,Census Tract 167.42; Orange County; Florida,2084,758,401,357,46,311,1326,1131,195,2.0,0.5474952094169175,0.37224603275080953,9813.40210130703,11.634273200109499,32.0,0.0,13.0,0.45131086142322097,0.24719101123595505,0.3068181818181818,0.8913857677902621,0.5674157303370786,0.4840228123935989
12,095,014706,12095014706,1400000US12095014706,147.06,Census Tract 147.06,G5020,S,2503276,1061135,+28.5123034,-081.4792020,1400000US12095014706,Census Tract 147.06; Orange County; Florida,5879,Census Tract 147.06; Orange County; Florida,78204.0,Census Tract 147.06; Orange County; Florida,5879,1351,723,628,4528,1960,2568,Census Tract 147.06; Orange County; Florida,2766,Census Tract 147.06; Orange County; Florida,2600,70,2530,Census Tract 147.06; Orange County; Florida,2600,70,0,14,2530,173,1390,Census Tract 147.06; Orange County; Florida,2600,1289,973,316,150,166,1311,902,409,26.0,4.42252083687702,1.3752004767935266,4275.0130611557925,22.980098656234055,25.0,2.0,10.0,0.3838951310861423,0.6179775280898876,0.5113636363636364,0.8726591760299626,0.07116104868913853,0.48354613551242764
12,095,014504,12095014504,1400000US12095014504,145.04,Census Tract 145.04,G5020,S,2869255,140540,+28.4958981,-081.4206751,1400000US12095014504,Census Tract 145.04; Orange County; Florida,6641,Census Tract 145.04; Orange County; Florida,58843.0,Census Tract 145.04; Orange County; Florida,6615,1472,625,847,5143,2578,2565,Census Tract 145.04; Orange County; Florida,3730,Census Tract 145.04; Orange County; Florida,2862,344,2518,Census Tract 145.04; Orange County; Florida,2862,344,20,184,2518,9,1119,Census Tract 145.04; Orange County; Florida,2862,1538,911,627,166,461,1324,912,412,24.0,3.6139135672338503,1.1612076845429615,5719.045859237337,22.252456538170822,53.0,7.0,42.0,0.7827715355805244,0.7415730337078652,0.2537878787878788,0.9213483146067416,0.08239700374531833,0.48221824991487916
12,095,013701,12095013701,1400000US12095013701,137.01,Census Tract 137.01,G5020,S,1330367,24207,+28.5154966,-081.3443779,1400000US12095013701,Census Tract 137.01; Orange County; Florida,4050,Census Tract 137.01; Orange County; Florida,61677.0,Census Tract 137.01; Orange County; Florida,4040,872,375,497,3168,1624,1544,Census Tract 137.01; Orange County; Florida,2332,Census Tract 137.01; Orange County; Florida,2141,556,1585,Census Tract 137.01; Orange County; Florida,2141,556,0,220,1585,151,1207,Census Tract 137.01; Orange County; Florida,2141,1023,440,583,177,406,1118,819,299,0.0,0.0,0.5225999807732724,7749.713258709578,21.584158415841586,0.0,0.0,0.0,0.11797752808988764,0.32209737827715357,0.3106060606060606,0.3052434456928839,0.8745318352059925,0.4821586653047327
12,095,017808,12095017808,1400000US12095017808,178.08,Census Tract 178.08,G5020,S,3243151,54931,+28.6961990,-081.4635321,1400000US12095017808,Census Tract 178.08; Orange County; Florida,3877,Census Tract 178.08; Orange County; Florida,115052.0,Census Tract 178.08; Orange County; Florida,3836,261,141,120,3575,1808,1767,Census Tract 178.08; Orange County; Florida,1695,Census Tract 178.08; Orange County; Florida,1603,1423,180,Census Tract 178.08; Orange County; Florida,1603,1423,26,287,180,28,123,Census Tract 178.08; Orange County; Florida,1603,1108,875,233,83,150,495,294,201,2.0,0.5158627805003869,1.272442734158099,3046.895468003269,6.803962460896767,0.0,0.0,5.0,0.2902621722846442,0.30337078651685395,0.7916666666666666,0.3052434456928839,0.5674157303370786,0.4806179775280899
12,095,012305,12095012305,1400000US12095012305,123.05,Census Tract 123.05,G5020,S,2950609,180784,+28.5941695,-081.4720035,1400000US12095012305,Census Tract 123.05; Orange County; Florida,7344,Census Tract 123.05; Orange County; Florida,51323.0,Census Tract 123.05; Orange County; Florida,7344,1353,698,655,5991,2803,3188,Census Tract 123.05; Orange County; Florida,2588,Census Tract 123.05; Orange County; Florida,2297,1446,851,Census Tract 123.05; Orange County; Florida,2297,1446,142,543,851,233,388,Census Tract 123.05; Orange County; Florida,2297,1677,786,891,164,727,620,461,159,3.0,0.4084967320261438,1.2081346463167404,6078.792643179112,18.423202614379086,0.0,0.0,0.0,0.11797752808988764,0.8239700374531835,0.11742424242424243,0.3052434456928839,0.49250936329588013,0.4794773578481444
12,095,016754,12095016754,1400000US12095016754,167.54,Census Tract 167.54,G5020,S,1910652,0,+28.4898503,-081.2799928,1400000US12095016754,Census Tract 167.54; Orange County; Florida,5223,Census Tract 167.54; Orange County; Florida,59735.0,Census Tract 167.54; Orange County; Florida,5223,391,214,177,4832,2760,2072,Census Tract 167.54; Orange County; Florida,1566,Census Tract 167.54; Orange County; Florida,1534,904,630,Census Tract 167.54; Orange County; Florida,1534,904,0,188,630,37,146,Census Tract 167.54; Orange County; Florida,1534,1294,529,765,573,192,240,220,20,1.0,0.19146084625694046,0.737130257494665,7085.586226987571,7.4861190886463715,0.0,0.0,0.0,0.11797752808988764,0.5093632958801498,0.2689393939393939,0.3052434456928839,0.6891385767790262,0.4743871297242084
12,095,012405,12095012405,1400000US12095012405,124.05,Census Tract 124.05,G5020,S,1036697,63681,+28.6012475,-081.4416858,1400000US12095012405,Census Tract 124.05; Orange County; Florida,4854,Census Tract 124.05; Orange County; Florida,45189.0,Census Tract 124.05; Orange County; Florida,4852,742,345,397,4110,1922,2188,Census Tract 124.05; Orange County; Florida,2087,Census Tract 124.05; Orange County; Florida,1915,698,1217,Census Tract 124.05; Orange County; Florida,1915,698,0,209,1217,35,889,Census Tract 124.05; Orange County; Florida,1915,1247,500,747,0,747,668,464,204,0.0,0.0,0.42453898729893647,11433.578882549335,15.292662819455893,0.0,0.0,0.0,0.11797752808988764,0.45692883895131087,0.06439393939393939,0.3052434456928839,0.8745318352059925,0.4733656792645557
12,095,017001,12095017001,1400000US12095017001,170.01,Census Tract 170.01,G5020,S,26843672,449404,+28.4402252,-081.4540911,1400000US12095017001,Census Tract 170.01; Orange County; Florida,5947,Census Tract 170.01; Orange County; Florida,77050.0,Census Tract 170.01; Orange County; Florida,5297,345,194,151,4952,2914,2038,Census Tract 170.01; Orange County; Florida,3350,Census Tract 170.01; Orange County; Florida,2310,621,1689,Census Tract 170.01; Orange County; Florida,2310,621,0,160,1689,96,768,Census Tract 170.01; Orange County; Florida,2310,875,650,225,73,152,1435,832,603,219.0,36.82529006221624,10.529986059596256,564.7680791163385,6.5131206343213135,43.0,12.0,267.0,1.0,0.6329588014981273,0.5,0.9101123595505618,0.0037453183520599342,0.4730337078651686
12,095,018800,12095018800,1400000US12095018800,188,Census Tract 188,G5020,S,2834011,438013,+28.5629679,-081.3722749,1400000US12095018800,Census Tract 188; Orange County; Florida,5625,Census Tract 188; Orange County; Florida,93667.0,Census Tract 188; Orange County; Florida,5603,515,235,280,5088,2981,2107,Census Tract 188; Orange County; Florida,3773,Census Tract 188; Orange County; Florida,3348,566,2782,Census Tract 188; Orange County; Florida,3348,566,16,217,2782,122,1533,Census Tract 188; Orange County; Florida,3348,799,549,250,134,116,2549,1760,789,28.0,4.977777777777778,1.2623647663117086,4455.922844262156,9.19150455113332,7.0,2.0,92.0,0.9363295880149812,0.5805243445692884,0.6401515151515151,0.7659176029962547,0.0561797752808989,0.47222505958461014
12,095,011000,12095011000,1400000US12095011000,110,Census Tract 110,G5020,S,1730626,0,+28.5419674,-081.3538326,1400000US12095011000,Census Tract 110; Orange County; Florida,3207,Census Tract 110; Orange County; Florida,121250.0,Census Tract 110; Orange County; Florida,3207,254,118,136,2953,1434,1519,Census Tract 110; Orange County; Florida,1843,Census Tract 110; Orange County; Florida,1566,772,794,Census Tract 110; Orange County; Florida,1566,772,17,179,794,122,421,Census Tract 110; Orange County; Florida,1566,866,655,211,24,187,700,450,250,6.0,1.8709073900841908,0.66768390285893,4803.171060838924,7.920174618023075,2.0,0.0,21.0,0.5636704119850188,0.20973782771535582,0.865530303030303,0.6704119850187266,0.33333333333333337,0.47010980592441265
12,095,015701,12095015701,1400000US12095015701,157.01,Census Tract 157.01,G5020,S,1489712,707724,+28.6235706,-081.3569731,1400000US12095015701,Census Tract 157.01; Orange County; Florida,2211,Census Tract 157.01; Orange County; Florida,129167.0,Census Tract 157.01; Orange County; Florida,2194,174,143,31,2020,972,1048,Census Tract 157.01; Orange County; Florida,1065,Census Tract 157.01; Orange County; Florida,1006,690,316,Census Tract 157.01; Orange County; Florida,1006,690,8,283,316,9,151,Census Tract 157.01; Orange County; Florida,1006,510,402,108,78,30,496,386,110,1.0,0.4522840343735866,0.8477821804340007,2607.9812138397797,7.930720145852324,0.0,0.0,23.0,0.5917602996254682,0.06741573033707865,0.9053030303030303,0.3052434456928839,0.6891385767790262,0.46907558733401433
12,095,016812,12095016812,1400000US12095016812,168.12,Census Tract 168.12,G5020,S,3008685,0,+28.3600600,-081.3576678,1400000US12095016812,Census Tract 168.12; Orange County; Florida,6597,Census Tract 168.12; Orange County; Florida,75566.0,Census Tract 168.12; Orange County; Florida,6597,557,240,317,6040,2697,3343,Census Tract 168.12; Orange County; Florida,2415,Census Tract 168.12; Orange County; Florida,2223,1825,398,Census Tract 168.12; Orange County; Florida,2223,1825,22,435,398,0,136,Census Tract 168.12; Orange County; Florida,2223,1610,1182,428,192,236,613,267,346,7.0,1.0610883735031076,1.1607660415647394,5683.3158136734355,8.443231772017585,0.0,1.0,0.0,0.11797752808988764,0.7340823970037453,0.48863636363636365,0.3052434456928839,0.2865168539325843,0.4649557371467484
12,095,012900,12095012900,1400000US12095012900,129,Census Tract 129,G5020,S,2713115,160140,+28.5608994,-081.3383439,1400000US12095012900,Census Tract 129; Orange County; Florida,4113,Census Tract 129; Orange County; Florida,108304.0,Census Tract 129; Orange County; Florida,4083,221,149,72,3862,1456,2406,Census Tract 129; Orange County; Florida,2243,Census Tract 129; Orange County; Florida,2021,868,1153,Census Tract 129; Orange County; Florida,2021,868,31,361,1153,87,564,Census Tract 129; Orange County; Florida,2021,923,634,289,24,265,1098,682,416,15.0,3.6469730123997084,1.1085130587622642,3710.375775448658,5.4126867499387705,15.0,4.0,10.0,0.3838951310861423,0.33707865168539325,0.75,0.8314606741573034,0.15543071161048694,0.46404494382022476
12,095,012201,12095012201,1400000US12095012201,122.01,Census Tract 122.01,G5020,S,2290552,0,+28.5649538,-081.4718103,1400000US12095012201,Census Tract 122.01; Orange County; Florida,6263,Census Tract 122.01; Orange County; Florida,61916.0,Census Tract 122.01; Orange County; Florida,6113,1229,883,346,4884,2585,2299,Census Tract 122.01; Orange County; Florida,1971,Census Tract 122.01; Orange County; Florida,1687,913,774,Census Tract 122.01; Orange County; Florida,1687,913,14,296,774,27,199,Census Tract 122.01; Orange County; Florida,1687,1253,646,607,162,445,434,278,156,4.0,0.6386715631486508,0.8837253543292446,7087.043468107433,20.104694912481598,0.0,0.0,12.0,0.42696629213483145,0.6816479400749064,0.3181818181818182,0.3052434456928839,0.449438202247191,0.46401089547156965
12,095,015702,12095015702,1400000US12095015702,157.02,Census Tract 157.02,G5020,S,1619322,50774,+28.6211844,-081.3309882,1400000US12095015702,Census Tract 157.02; Orange County; Florida,1520,Census Tract 157.02; Orange County; Florida,151875.0,Census Tract 157.02; Orange County; Florida,1520,57,22,35,1463,715,748,Census Tract 157.02; Orange County; Florida,676,Census Tract 157.02; Orange County; Florida,605,506,99,Census Tract 157.02; Orange County; Florida,605,506,12,206,99,5,34,Census Tract 157.02; Orange County; Florida,605,417,341,76,36,40,188,149,39,1.0,0.6578947368421052,0.6443302565038627,2359.0386834346773,3.75,0.0,0.0,0.0,0.11797752808988764,0.02247191011235955,0.946969696969697,0.3052434456928839,0.6891385767790262,0.4639257745999319
12,095,012403,12095012403,1400000US12095012403,124.03,Census Tract 124.03,G5020,S,6813998,155278,+28.5853691,-081.4339188,1400000US12095012403,Census Tract 124.03; Orange County; Florida,6568,Census Tract 124.03; Orange County; Florida,46033.0,Census Tract 124.03; Orange County; Florida,6560,1611,787,824,4949,2032,2917,Census Tract 124.03; Orange County; Florida,2277,Census Tract 124.03; Orange County; Florida,2142,1107,1035,Census Tract 124.03; Orange County; Florida,2142,1107,189,190,1035,154,384,Census Tract 124.03; Orange County; Florida,2142,1383,570,813,141,672,759,486,273,2.0,0.3045066991473812,2.688817794721793,2442.7092132806933,24.557926829268293,0.0,0.0,49.0,0.8202247191011236,0.7228464419475655,0.07575757575757576,0.3052434456928839,0.5674157303370786,0.4632788559754852
12,095,017809,12095017809,1400000US12095017809,178.09,Census Tract 178.09,G5020,S,3773087,56467,+28.7154224,-081.5179273,1400000US12095017809,Census Tract 178.09; Orange County; Florida,3698,Census Tract 178.09; Orange County; Florida,86039.0,Census Tract 178.09; Orange County; Florida,3617,841,303,538,2776,1310,1466,Census Tract 178.09; Orange County; Florida,1241,Census Tract 178.09; Orange County; Florida,1199,1089,110,Census Tract 178.09; Orange County; Florida,1199,1089,26,439,110,0,41,Census Tract 178.09; Orange County; Florida,1199,1026,633,393,198,195,173,114,59,1.0,0.2704164413196323,1.4775101212105473,2502.8593353865967,23.251313243019077,0.0,0.0,0.0,0.11797752808988764,0.26217228464419473,0.5795454545454546,0.3052434456928839,0.6891385767790262,0.462351038474634
12,095,015106,12095015106,1400000US12095015106,151.06,Census Tract 151.06,G5020,S,4772757,530086,+28.6185513,-081.4590264,1400000US12095015106,Census Tract 151.06; Orange County; Florida,7559,Census Tract 151.06; Orange County; Florida,52993.0,Census Tract 151.06; Orange County; Florida,7557,1095,645,450,6462,3480,2982,Census Tract 151.06; Orange County; Florida,2641,Census Tract 151.06; Orange County; Florida,2348,1715,633,Census Tract 151.06; Orange County; Florida,2348,1715,0,592,633,69,394,Census Tract 151.06; Orange County; Florida,2348,1893,1137,756,86,670,455,408,47,5.0,0.6614631565021828,2.045903433813507,3694.7002850033027,14.489876935291782,0.0,1.0,8.0,0.3352059925093633,0.846441947565543,0.13257575757575757,0.3052434456928839,0.39513108614232206,0.4600357507660878
12,095,018902,12095018902,1400000US12095018902,189.02,Census Tract 189.02,G5020,S,1395898,0,+28.5434220,-081.3787957,1400000US12095018902,Census Tract 189.02; Orange County; Florida,5720,Census Tract 189.02; Orange County; Florida,84467.0,Census Tract 189.02; Orange County; Florida,5571,650,247,403,4921,2523,2398,Census Tract 189.02; Orange County; Florida,4580,Census Tract 189.02; Orange County; Florida,3750,1107,2643,Census Tract 189.02; Orange County; Florida,3750,1107,31,747,2643,322,1837,Census Tract 189.02; Orange County; Florida,3750,978,779,199,97,102,2772,2420,352,36.0,6.293706293706294,0.5385466989294774,10621.177348909965,11.667564171602944,9.0,1.0,95.0,0.9400749063670412,0.5955056179775281,0.5643939393939394,0.7808988764044944,0.0337078651685393,0.457822608103507
12,095,016728,12095016728,1400000US12095016728,167.28,Census Tract 167.28,G5020,S,2816506,80309,+28.5347138,-081.2000388,1400000US12095016728,Census Tract 167.28; Orange County; Florida,5237,Census Tract 167.28; Orange County; Florida,115776.0,Census Tract 167.28; Orange County; Florida,5237,412,184,228,4825,2416,2409,Census Tract 167.28; Orange County; Florida,2101,Census Tract 167.28; Orange County; Florida,1920,1644,276,Census Tract 167.28; Orange County; Florida,1920,1644,10,512,276,0,90,Census Tract 167.28; Orange County; Florida,1920,1440,1221,219,66,153,480,421,59,8.0,1.5275921329005155,1.1175817575003502,4686.010633990112,7.867099484437655,0.0,2.0,0.0,0.11797752808988764,0.5131086142322098,0.8068181818181818,0.3052434456928839,0.26779026217228463,0.4566819884235615
12,095,013513,12095013513,1400000US12095013513,135.13,Census Tract 135.13,G5020,S,1359742,276224,+28.5028331,-081.3030827,1400000US12095013513,Census Tract 135.13; Orange County; Florida,4490,Census Tract 135.13; Orange County; Florida,45598.0,Census Tract 135.13; Orange County; Florida,4490,830,347,483,3660,1793,1867,Census Tract 135.13; Orange County; Florida,2270,Census Tract 135.13; Orange County; Florida,2034,722,1312,Census Tract 135.13; Orange County; Florida,2034,722,46,476,1312,33,638,Census Tract 135.13; Orange County; Florida,2034,1060,638,422,186,236,974,785,189,0.0,0.0,0.6311597099685997,7113.888813060292,18.485523385300667,0.0,0.0,7.0,0.3146067415730337,0.39325842696629215,0.07196969696969698,0.3052434456928839,0.8745318352059925,0.4557797071842016
12,095,013607,12095013607,1400000US12095013607,136.07,Census Tract 136.07,G5020,S,3422926,11037,+28.4912687,-081.3220338,1400000US12095013607,Census Tract 136.07; Orange County; Florida,5348,Census Tract 136.07; Orange County; Florida,70275.0,Census Tract 136.07; Orange County; Florida,5348,555,244,311,4793,2491,2302,Census Tract 136.07; Orange County; Florida,2133,Census Tract 136.07; Orange County; Florida,2029,1642,387,Census Tract 136.07; Orange County; Florida,2029,1642,42,435,387,0,111,Census Tract 136.07; Orange County; Florida,2029,1496,1186,310,147,163,533,390,143,8.0,1.4958863126402393,1.3248334242004416,4036.733903530253,10.37771129394166,2.0,2.0,35.0,0.7172284644194756,0.5280898876404494,0.4128787878787879,0.6704119850187266,0.26779026217228463,0.4554221995233231
12,095,018000,12095018000,1400000US12095018000,180,Census Tract 180,G5020,S,2208482,239416,+28.6066505,-081.3792679,1400000US12095018000,Census Tract 180; Orange County; Florida,3932,Census Tract 180; Orange County; Florida,50135.0,Census Tract 180; Orange County; Florida,3654,798,372,426,2856,1521,1335,Census Tract 180; Orange County; Florida,1979,Census Tract 180; Orange County; Florida,1804,340,1464,Census Tract 180; Orange County; Florida,1804,340,10,160,1464,109,818,Census Tract 180; Orange County; Florida,1804,650,400,250,44,206,1154,849,305,1.0,0.25432349949135297,0.9444145807669417,4163.425766687014,21.839080459770116,2.0,0.0,49.0,0.8202247191011236,0.31086142322097376,0.10227272727272728,0.6704119850187266,0.6891385767790262,0.4545369424582908
12,095,012306,12095012306,1400000US12095012306,123.06,Census Tract 123.06,G5020,S,2541812,64180,+28.6044337,-081.4558554,1400000US12095012306,Census Tract 123.06; Orange County; Florida,3993,Census Tract 123.06; Orange County; Florida,70997.0,Census Tract 123.06; Orange County; Florida,3976,300,125,175,3676,1835,1841,Census Tract 123.06; Orange County; Florida,1154,Census Tract 123.06; Orange County; Florida,1090,942,148,Census Tract 123.06; Orange County; Florida,1090,942,38,257,148,31,27,Census Tract 123.06; Orange County; Florida,1090,911,683,228,60,168,179,132,47,1.0,0.25043826696719257,1.0054244282402391,3971.4571158657986,7.5452716297786715,0.0,0.0,0.0,0.11797752808988764,0.31835205992509363,0.4356060606060606,0.3052434456928839,0.6891385767790262,0.45041709227102483
12,095,017810,12095017810,1400000US12095017810,178.10,Census Tract 178.10,G5020,S,9709064,704586,+28.6778048,-081.5360106,1400000US12095017810,Census Tract 178.10; Orange County; Florida,6336,Census Tract 178.10; Orange County; Florida,87373.0,Census Tract 178.10; Orange County; Florida,6336,372,82,290,5964,2886,3078,Census Tract 178.10; Orange County; Florida,2315,Census Tract 178.10; Orange County; Florida,2315,2039,276,Census Tract 178.10; Orange County; Florida,2315,2039,0,333,276,80,99,Census Tract 178.10; Orange County; Florida,2315,1599,1410,189,106,83,716,556,160,11.0,1.736111111111111,4.017794548586158,1576.9845678718457,5.871212121212121,0.0,1.0,79.0,0.9176029962546817,0.6891385767790262,0.5909090909090909,0.3052434456928839,0.21161048689138573,0.4494552264215186
12,095,017024,12095017024,1400000US12095017024,170.24,Census Tract 170.24,G5020,S,5905384,0,+28.3569948,-081.5102168,1400000US12095017024,Census Tract 170.24; Orange County; Florida,2802,Census Tract 170.24; Orange County; Florida,78712.0,Census Tract 170.24; Orange County; Florida,2686,163,21,142,2523,1185,1338,Census Tract 170.24; Orange County; Florida,1543,Census Tract 170.24; Orange County; Florida,1141,9,1132,Census Tract 170.24; Orange County; Florida,1141,9,0,0,1132,57,451,Census Tract 170.24; Orange County; Florida,1141,456,335,121,55,66,685,301,384,5.0,1.7844396859386151,2.278399858890459,1229.810469425031,6.068503350707371,39.0,1.0,45.0,0.8071161048689138,0.15730337078651685,0.5189393939393939,0.897003745318352,0.39513108614232206,0.4489189649302009
12,095,016909,12095016909,1400000US12095016909,169.09,Census Tract 169.09,G5020,S,1119203,0,+28.4761182,-081.4243017,1400000US12095016909,Census Tract 169.09; Orange County; Florida,4961,Census Tract 169.09; Orange County; Florida,55617.0,Census Tract 169.09; Orange County; Florida,4961,997,578,419,3964,2179,1785,Census Tract 169.09; Orange County; Florida,1850,Census Tract 169.09; Orange County; Florida,1692,372,1320,Census Tract 169.09; Orange County; Florida,1692,372,0,95,1320,174,705,Census Tract 169.09; Orange County; Florida,1692,917,353,564,105,459,775,375,400,1.0,0.20157226365652087,0.4318000018844674,11489.115281030887,20.09675468655513,0.0,0.0,10.0,0.3838951310861423,0.4681647940074906,0.19696969696969696,0.3052434456928839,0.6891385767790262,0.4476336397684712
12,095,011701,12095011701,1400000US12095011701,117.01,Census Tract 117.01,G5020,S,2753840,1069478,+28.5308646,-081.4222508,1400000US12095011701,Census Tract 117.01; Orange County; Florida,4372,Census Tract 117.01; Orange County; Florida,64009.0,Census Tract 117.01; Orange County; Florida,4249,601,184,417,3648,1472,2176,Census Tract 117.01; Orange County; Florida,1779,Census Tract 117.01; Orange County; Florida,1349,826,523,Census Tract 117.01; Orange County; Florida,1349,826,40,209,523,81,237,Census Tract 117.01; Orange County; Florida,1349,967,363,604,215,389,382,343,39,1.0,0.22872827081427266,1.4750714363218926,2963.924249595417,14.144504589315133,0.0,0.0,24.0,0.6123595505617978,0.36704119850187267,0.3446969696969697,0.3052434456928839,0.6891385767790262,0.44684201566224035
12,095,016904,12095016904,1400000US12095016904,169.04,Census Tract 169.04,G5020,S,1289834,14913,+28.4788230,-081.4107737,1400000US12095016904,Census Tract 169.04; Orange County; Florida,3798,Census Tract 169.04; Orange County; Florida,55539.0,Census Tract 169.04; Orange County; Florida,3765,1082,676,406,2683,1507,1176,Census Tract 169.04; Orange County; Florida,1351,Census Tract 169.04; Orange County; Florida,1197,621,576,Census Tract 169.04; Orange County; Florida,1197,621,14,142,576,201,257,Census Tract 169.04; Orange County; Florida,1197,751,409,342,123,219,446,292,154,0.0,0.0,0.5033838339464958,7544.93836288689,28.738379814077025,0.0,0.0,3.0,0.26217228464419473,0.2808988764044944,0.19318181818181818,0.3052434456928839,0.8745318352059925,0.4463142662580865
12,095,016301,12095016301,1400000US12095016301,163.01,Census Tract 163.01,G5020,S,3514974,0,+28.6026207,-081.3183381,1400000US12095016301,Census Tract 163.01; Orange County; Florida,5487,Census Tract 163.01; Orange County; Florida,54205.0,Census Tract 163.01; Orange County; Florida,5287,986,433,553,4301,2063,2238,Census Tract 163.01; Orange County; Florida,2946,Census Tract 163.01; Orange County; Florida,2540,993,1547,Census Tract 163.01; Orange County; Florida,2540,993,47,465,1547,472,587,Census Tract 163.01; Orange County; Florida,2540,1064,760,304,104,200,1476,1187,289,13.0,2.369236376890833,1.356086445323697,4046.20223063306,18.64951768488746,77.0,2.0,74.0,0.9026217228464419,0.5468164794007491,0.1553030303030303,0.9775280898876404,0.18164794007490637,0.4451055498808308
12,095,013802,12095013802,1400000US12095013802,138.02,Census Tract 138.02,G5020,S,1800587,202288,+28.5063930,-081.3446478,1400000US12095013802,Census Tract 138.02; Orange County; Florida,2450,Census Tract 138.02; Orange County; Florida,71250.0,Census Tract 138.02; Orange County; Florida,2431,200,144,56,2231,1091,1140,Census Tract 138.02; Orange County; Florida,1104,Census Tract 138.02; Orange County; Florida,1054,958,96,Census Tract 138.02; Orange County; Florida,1054,958,0,359,96,8,53,Census Tract 138.02; Orange County; Florida,1054,686,565,121,37,84,368,306,62,0.0,0.0,0.7727172951596141,3170.629174922147,8.227067050596462,0.0,0.0,0.0,0.11797752808988764,0.10486891385767791,0.4393939393939394,0.3052434456928839,0.8745318352059925,0.4427477017364658
12,095,016414,12095016414,1400000US12095016414,164.14,Census Tract 164.14,G5020,S,1656607,137873,+28.5936600,-081.2799336,1400000US12095016414,Census Tract 164.14; Orange County; Florida,3583,Census Tract 164.14; Orange County; Florida,64648.0,Census Tract 164.14; Orange County; Florida,3583,280,154,126,3303,1471,1832,Census Tract 164.14; Orange County; Florida,1730,Census Tract 164.14; Orange County; Florida,1542,673,869,Census Tract 164.14; Orange County; Florida,1542,673,0,124,869,24,613,Census Tract 164.14; Orange County; Florida,1542,816,536,280,7,273,726,509,217,4.0,1.1163829193413342,0.6923126621569118,5175.4072918977145,7.814680435389339,14.0,1.0,0.0,0.11797752808988764,0.24344569288389514,0.3522727272727273,0.8202247191011236,0.449438202247191,0.442364657814096
12,095,018203,12095018203,1400000US12095018203,182.03,Census Tract 182.03,G5020,S,650645,0,+28.5684582,-081.3129410,1400000US12095018203,Census Tract 182.03; Orange County; Florida,1939,Census Tract 182.03; Orange County; Florida,56304.0,Census Tract 182.03; Orange County; Florida,1824,112,52,60,1712,721,991,Census Tract 182.03; Orange County; Florida,910,Census Tract 182.03; Orange County; Florida,758,260,498,Census Tract 182.03; Orange County; Florida,758,260,14,84,498,27,386,Census Tract 182.03; Orange County; Florida,758,356,174,182,7,175,402,224,178,1.0,0.5157297576070139,0.25102035735084394,7724.473108330077,6.140350877192982,39.0,0.0,33.0,0.704119850187266,0.04119850187265917,0.2159090909090909,0.897003745318352,0.6891385767790262,0.44168369084099424
12,095,016803,12095016803,1400000US12095016803,168.03,Census Tract 168.03,G5020,S,12702029,127090,+28.4251650,-081.3820500,1400000US12095016803,Census Tract 168.03; Orange County; Florida,2137,Census Tract 168.03; Orange County; Florida,77083.0,Census Tract 168.03; Orange County; Florida,2137,215,66,149,1922,947,975,Census Tract 168.03; Orange County; Florida,982,Census Tract 168.03; Orange County; Florida,835,734,101,Census Tract 168.03; Orange County; Florida,835,734,12,215,101,4,25,Census Tract 168.03; Orange County; Florida,835,557,388,169,105,64,278,221,57,0.0,0.0,4.949561868487353,431.7553869981412,10.060832943378568,0.0,0.0,37.0,0.7265917602996255,0.056179775280898875,0.5037878787878788,0.3052434456928839,0.8745318352059925,0.44101974804222
12,095,012800,12095012800,1400000US12095012800,128,Census Tract 128,G5020,S,3245182,1066366,+28.5710434,-081.3547477,1400000US12095012800,Census Tract 128; Orange County; Florida,3860,Census Tract 128; Orange County; Florida,154886.0,Census Tract 128; Orange County; Florida,3844,140,68,72,3704,1776,1928,Census Tract 128; Orange County; Florida,1717,Census Tract 128; Orange County; Florida,1557,1408,149,Census Tract 128; Orange County; Florida,1557,1408,9,255,149,0,139,Census Tract 128; Orange County; Florida,1557,1215,1100,115,58,57,342,324,18,6.0,1.5544041450777202,1.663414790773332,2320.5276407368374,3.6420395421436007,0.0,0.0,21.0,0.5636704119850188,0.2958801498127341,0.9545454545454546,0.3052434456928839,0.33333333333333337,0.44072182499148793
12,095,017115,12095017115,1400000US12095017115,171.15,Census Tract 171.15,G5020,S,9411516,8206234,+28.4982830,-081.5482434,1400000US12095017115,Census Tract 171.15; Orange County; Florida,3781,Census Tract 171.15; Orange County; Florida,185417.0,Census Tract 171.15; Orange County; Florida,3747,198,86,112,3549,1873,1676,Census Tract 171.15; Orange County; Florida,1587,Census Tract 171.15; Orange County; Florida,1334,1325,9,Census Tract 171.15; Orange County; Florida,1334,1325,107,138,9,0,0,Census Tract 171.15; Orange County; Florida,1334,1095,1028,67,44,23,239,193,46,6.0,1.5868817773075905,6.79731161387303,556.2493254367118,5.2842273819055245,0.0,1.0,9.0,0.3539325842696629,0.27715355805243447,0.9810606060606061,0.3052434456928839,0.33333333333333337,0.4404068777664284
12,095,017805,12095017805,1400000US12095017805,178.05,Census Tract 178.05,G5020,S,75058128,771359,+28.7522053,-081.4613040,1400000US12095017805,Census Tract 178.05; Orange County; Florida,2991,Census Tract 178.05; Orange County; Florida,109141.0,Census Tract 178.05; Orange County; Florida,2894,87,52,35,2807,1380,1427,Census Tract 178.05; Orange County; Florida,1130,Census Tract 178.05; Orange County; Florida,1099,977,122,Census Tract 178.05; Orange County; Florida,1099,977,0,226,122,0,30,Census Tract 178.05; Orange County; Florida,1099,889,665,224,46,178,210,200,10,2.0,0.6686726847208291,29.256043057389363,102.23528841999521,3.0062197650310987,0.0,1.0,0.0,0.11797752808988764,0.18352059925093633,0.7613636363636364,0.3052434456928839,0.5674157303370786,0.43860231528770854
12,095,012100,12095012100,1400000US12095012100,121,Census Tract 121,G5020,S,2567947,16936,+28.5659034,-081.4544805,1400000US12095012100,Census Tract 121; Orange County; Florida,7756,Census Tract 121; Orange County; Florida,46196.0,Census Tract 121; Orange County; Florida,7745,1591,668,923,6154,2711,3443,Census Tract 121; Orange County; Florida,2515,Census Tract 121; Orange County; Florida,2360,895,1465,Census Tract 121; Orange County; Florida,2360,895,120,239,1465,181,734,Census Tract 121; Orange County; Florida,2360,1883,702,1181,175,1006,477,317,160,6.0,0.773594636410521,0.9972784899197149,7777.165634670803,20.54228534538412,0.0,1.0,10.0,0.3838951310861423,0.8614232209737828,0.07954545454545454,0.3052434456928839,0.33333333333333337,0.4353847463398025
12,095,013511,12095013511,1400000US12095013511,135.11,Census Tract 135.11,G5020,S,3310697,0,+28.4903814,-081.2935301,1400000US12095013511,Census Tract 135.11; Orange County; Florida,6241,Census Tract 135.11; Orange County; Florida,55280.0,Census Tract 135.11; Orange County; Florida,6241,1086,214,872,5155,2512,2643,Census Tract 135.11; Orange County; Florida,2535,Census Tract 135.11; Orange County; Florida,2331,1623,708,Census Tract 135.11; Orange County; Florida,2331,1623,97,530,708,161,335,Census Tract 135.11; Orange County; Florida,2331,1467,833,634,108,526,864,634,230,4.0,0.6409229290177856,1.2772711579865594,4886.19817411212,17.40105752283288,0.0,0.0,14.0,0.4737827715355805,0.6741573033707865,0.1856060606060606,0.3052434456928839,0.449438202247191,0.43524855294518217
12,095,012402,12095012402,1400000US12095012402,124.02,Census Tract 124.02,G5020,S,2587640,703878,+28.5943289,-081.4298399,1400000US12095012402,Census Tract 124.02; Orange County; Florida,5130,Census Tract 124.02; Orange County; Florida,48281.0,Census Tract 124.02; Orange County; Florida,4982,1389,362,1027,3593,1882,1711,Census Tract 124.02; Orange County; Florida,2633,Census Tract 124.02; Orange County; Florida,2416,230,2186,Census Tract 124.02; Orange County; Florida,2416,230,0,104,2186,288,1311,Census Tract 124.02; Orange County; Florida,2416,956,445,511,132,379,1460,1129,331,1.0,0.1949317738791423,1.2699003790828307,4039.686958519594,27.880369329586514,0.0,0.0,42.0,0.7827715355805244,0.4943820224719101,0.08712121212121213,0.3052434456928839,0.6891385767790262,0.43352911133810007
12,095,013201,12095013201,1400000US12095013201,132.01,Census Tract 132.01,G5020,S,2829032,26907,+28.5506755,-081.3039779,1400000US12095013201,Census Tract 132.01; Orange County; Florida,4648,Census Tract 132.01; Orange County; Florida,66189.0,Census Tract 132.01; Orange County; Florida,4616,930,360,570,3686,2046,1640,Census Tract 132.01; Orange County; Florida,1648,Census Tract 132.01; Orange County; Florida,1511,1085,426,Census Tract 132.01; Orange County; Florida,1511,1085,40,428,426,95,148,Census Tract 132.01; Orange County; Florida,1511,1099,799,300,96,204,412,241,171,2.0,0.43029259896729777,1.1018253123776127,4218.45454790846,20.147313691507797,0.0,1.0,38.0,0.7378277153558053,0.42696629213483145,0.36742424242424243,0.3052434456928839,0.5674157303370786,0.4328481443649983
12,095,017118,12095017118,1400000US12095017118,171.18,Census Tract 171.18,G5020,S,6753641,109979,+28.5333194,-081.5780490,1400000US12095017118,Census Tract 171.18; Orange County; Florida,5040,Census Tract 171.18; Orange County; Florida,157975.0,Census Tract 171.18; Orange County; Florida,5007,125,60,65,4882,2061,2821,Census Tract 171.18; Orange County; Florida,1796,Census Tract 171.18; Orange County; Florida,1709,1086,623,Census Tract 171.18; Orange County; Florida,1709,1086,0,190,623,118,114,Census Tract 171.18; Orange County; Florida,1709,1399,1179,220,0,220,310,227,83,21.0,4.166666666666667,2.6481462933388356,1903.2181162640632,2.4965048931495906,0.0,1.0,42.0,0.7827715355805244,0.4794007490636704,0.9621212121212122,0.3052434456928839,0.10486891385767794,0.4287538304392237
12,095,010202,12095010202,1400000US12095010202,102.02,Census Tract 102.02,G5020,S,976796,46158,+28.5429026,-081.3671334,1400000US12095010202,Census Tract 102.02; Orange County; Florida,3988,Census Tract 102.02; Orange County; Florida,101599.0,Census Tract 102.02; Orange County; Florida,3925,489,287,202,3436,1996,1440,Census Tract 102.02; Orange County; Florida,2872,Census Tract 102.02; Orange County; Florida,2539,922,1617,Census Tract 102.02; Orange County; Florida,2539,922,22,327,1617,318,1003,Census Tract 102.02; Orange County; Florida,2539,690,621,69,44,25,1849,1535,314,13.0,3.259779338014042,0.3946604370435259,10104.889230536619,12.45859872611465,2.0,1.0,15.0,0.4850187265917603,0.3146067415730337,0.7159090909090909,0.6704119850187266,0.18164794007490637,0.42614061967994554
12,095,017402,12095017402,1400000US12095017402,174.02,Census Tract 174.02,G5020,S,6623441,0,+28.5570069,-081.5699300,1400000US12095017402,Census Tract 174.02; Orange County; Florida,5836,Census Tract 174.02; Orange County; Florida,50868.0,Census Tract 174.02; Orange County; Florida,5732,1359,693,666,4373,2355,2018,Census Tract 174.02; Orange County; Florida,1875,Census Tract 174.02; Orange County; Florida,1739,882,857,Census Tract 174.02; Orange County; Florida,1739,882,91,183,857,116,312,Census Tract 174.02; Orange County; Florida,1739,1317,699,618,254,364,422,273,149,15.0,2.5702535983550376,2.555472336892548,2283.7265407836776,23.70900209351012,24.0,3.0,121.0,0.9775280898876404,0.6067415730337079,0.11363636363636363,0.8651685393258427,0.15543071161048694,0.4244126659856997
12,095,014809,12095014809,1400000US12095014809,148.09,Census Tract 148.09,G5020,S,5674020,3597518,+28.4895289,-081.5216467,1400000US12095014809,Census Tract 148.09; Orange County; Florida,2934,Census Tract 148.09; Orange County; Florida,157361.0,Census Tract 148.09; Orange County; Florida,2924,30,12,18,2894,1520,1374,Census Tract 148.09; Orange County; Florida,1413,Census Tract 148.09; Orange County; Florida,1261,1202,59,Census Tract 148.09; Orange County; Florida,1261,1202,34,222,59,0,23,Census Tract 148.09; Orange County; Florida,1261,926,861,65,24,41,335,299,36,5.0,1.7041581458759374,3.5771285159628237,820.2109560523523,1.0259917920656634,0.0,2.0,0.0,0.11797752808988764,0.1760299625468165,0.9583333333333334,0.3052434456928839,0.39513108614232206,0.424063670411985
12,095,011300,12095011300,1400000US12095011300,113,Census Tract 113,G5020,S,2988643,307117,+28.5242160,-081.3652989,1400000US12095011300,Census Tract 113; Orange County; Florida,4940,Census Tract 113; Orange County; Florida,124402.0,Census Tract 113; Orange County; Florida,4839,312,74,238,4527,2205,2322,Census Tract 113; Orange County; Florida,2424,Census Tract 113; Orange County; Florida,2259,1718,541,Census Tract 113; Orange County; Florida,2259,1718,85,422,541,16,410,Census Tract 113; Orange County; Florida,2259,1240,1025,215,51,164,1019,775,244,15.0,3.0364372469635628,1.2715237599162388,3885.1023911070456,6.447613143211408,0.0,0.0,10.0,0.3838951310861423,0.46441947565543074,0.8825757575757576,0.3052434456928839,0.15543071161048694,0.4235188968335036
12,095,013803,12095013803,1400000US12095013803,138.03,Census Tract 138.03,G5020,S,1568314,78177,+28.5051057,-081.3339996,1400000US12095013803,Census Tract 138.03; Orange County; Florida,2992,Census Tract 138.03; Orange County; Florida,75762.0,Census Tract 138.03; Orange County; Florida,2992,383,117,266,2609,1181,1428,Census Tract 138.03; Orange County; Florida,1155,Census Tract 138.03; Orange County; Florida,1155,713,442,Census Tract 138.03; Orange County; Florida,1155,713,0,135,442,27,275,Census Tract 138.03; Orange County; Florida,1155,828,399,429,103,326,327,296,31,1.0,0.3342245989304813,0.635222397860763,4710.161370373828,12.800802139037435,0.0,0.0,0.0,0.11797752808988764,0.18726591760299627,0.49242424242424243,0.3052434456928839,0.6891385767790262,0.42245488593803204
12,095,017503,12095017503,1400000US12095017503,175.03,Census Tract 175.03,G5020,S,4795092,462897,+28.6626851,-081.4748743,1400000US12095017503,Census Tract 175.03; Orange County; Florida,6668,Census Tract 175.03; Orange County; Florida,65927.0,Census Tract 175.03; Orange County; Florida,6668,1573,878,695,5095,2236,2859,Census Tract 175.03; Orange County; Florida,2273,Census Tract 175.03; Orange County; Florida,2225,1470,755,Census Tract 175.03; Orange County; Florida,2225,1470,0,660,755,26,416,Census Tract 175.03; Orange County; Florida,2225,1573,700,873,113,760,652,392,260,12.0,1.799640071985603,2.0286043558030857,3286.988899991919,23.590281943611277,0.0,4.0,97.0,0.9438202247191011,0.7490636704119851,0.36363636363636365,0.3052434456928839,0.1966292134831461,0.4174838270343889
12,095,017019,12095017019,1400000US12095017019,170.19,Census Tract 170.19,G5020,S,1745693,49336,+28.4033628,-081.4119927,1400000US12095017019,Census Tract 170.19; Orange County; Florida,5097,Census Tract 170.19; Orange County; Florida,65604.0,Census Tract 170.19; Orange County; Florida,5097,1545,1006,539,3552,1828,1724,Census Tract 170.19; Orange County; Florida,1687,Census Tract 170.19; Orange County; Florida,1523,858,665,Census Tract 170.19; Orange County; Florida,1523,858,33,155,665,51,154,Census Tract 170.19; Orange County; Florida,1523,1160,950,210,76,134,363,212,151,4.0,0.7847753580537571,0.6925377992951561,7359.887077914839,30.311948204826365,0.0,2.0,11.0,0.41198501872659177,0.49063670411985016,0.35984848484848486,0.3052434456928839,0.449438202247191,0.41504085801838614
12,095,014804,12095014804,1400000US12095014804,148.04,Census Tract 148.04,G5020,S,7312622,447236,+28.5401108,-081.5287478,1400000US12095014804,Census Tract 148.04; Orange County; Florida,5666,Census Tract 148.04; Orange County; Florida,55103.0,Census Tract 148.04; Orange County; Florida,5583,467,288,179,5116,2517,2599,Census Tract 148.04; Orange County; Florida,2256,Census Tract 148.04; Orange County; Florida,2109,880,1229,Census Tract 148.04; Orange County; Florida,2109,880,0,203,1229,311,542,Census Tract 148.04; Orange County; Florida,2109,1471,1198,273,81,192,638,593,45,14.0,2.4708789269325804,2.993896161086649,1892.5172067235285,8.364678488267955,7.0,2.0,62.0,0.8632958801498127,0.5842696629213483,0.17803030303030304,0.7659176029962547,0.1685393258426966,0.41463227783452505
12,095,015005,12095015005,1400000US12095015005,150.05,Census Tract 150.05,G5020,S,3417739,331341,+28.5867550,-081.5007572,1400000US12095015005,Census Tract 150.05; Orange County; Florida,3155,Census Tract 150.05; Orange County; Florida,88556.0,Census Tract 150.05; Orange County; Florida,3121,60,35,25,3061,1434,1627,Census Tract 150.05; Orange County; Florida,1162,Census Tract 150.05; Orange County; Florida,1153,1014,139,Census Tract 150.05; Orange County; Florida,1153,1014,46,242,139,12,28,Census Tract 150.05; Orange County; Florida,1153,885,739,146,34,112,268,141,127,2.0,0.6339144215530903,1.4464566184882228,2181.1922733621122,1.9224607497596924,0.0,1.0,0.0,0.11797752808988764,0.20599250936329588,0.6060606060606061,0.3052434456928839,0.5674157303370786,0.41428328226081035
12,095,016738,12095016738,1400000US12095016738,167.38,Census Tract 167.38,G5020,S,2235576,97738,+28.5545480,-081.2814823,1400000US12095016738,Census Tract 167.38; Orange County; Florida,4447,Census Tract 167.38; Orange County; Florida,54023.0,Census Tract 167.38; Orange County; Florida,4406,266,170,96,4140,1839,2301,Census Tract 167.38; Orange County; Florida,1849,Census Tract 167.38; Orange County; Florida,1756,659,1097,Census Tract 167.38; Orange County; Florida,1756,659,0,296,1097,25,600,Census Tract 167.38; Orange County; Florida,1756,1100,839,261,52,209,656,477,179,1.0,0.22487069934787499,0.9001941877028882,4940.045226628086,6.037221970040854,0.0,0.0,14.0,0.4737827715355805,0.3895131086142322,0.14772727272727273,0.3052434456928839,0.6891385767790262,0.41418964930200886
12,095,016604,12095016604,1400000US12095016604,166.04,Census Tract 166.04,G5020,S,240451691,8777866,+28.5368599,-080.9975731,1400000US12095016604,Census Tract 166.04; Orange County; Florida,4550,Census Tract 166.04; Orange County; Florida,95893.0,Census Tract 166.04; Orange County; Florida,4550,659,371,288,3891,2443,1448,Census Tract 166.04; Orange County; Florida,1857,Census Tract 166.04; Orange County; Florida,1804,1522,282,Census Tract 166.04; Orange County; Florida,1804,1522,14,291,282,0,10,Census Tract 166.04; Orange County; Florida,1804,1456,1248,208,130,78,348,265,83,6.0,1.3186813186813187,96.15121222834695,47.32129626399641,14.483516483516484,0.0,1.0,23.0,0.5917602996254682,0.40823970037453183,0.6477272727272727,0.3052434456928839,0.33333333333333337,0.41306605379639094
12,095,016733,12095016733,1400000US12095016733,167.33,Census Tract 167.33,G5020,S,3022287,10382,+28.4756444,-081.2764039,1400000US12095016733,Census Tract 167.33; Orange County; Florida,5823,Census Tract 167.33; Orange County; Florida,59379.0,Census Tract 167.33; Orange County; Florida,5801,544,153,391,5257,2567,2690,Census Tract 167.33; Orange County; Florida,2420,Census Tract 167.33; Orange County; Florida,2170,1716,454,Census Tract 167.33; Orange County; Florida,2170,1716,51,786,454,68,42,Census Tract 167.33; Orange County; Florida,2170,1578,1133,445,121,324,592,407,185,5.0,0.858663918942126,1.1700045285062872,4976.903813726315,9.377693501120495,0.0,1.0,11.0,0.41198501872659177,0.602996254681648,0.26136363636363635,0.3052434456928839,0.39513108614232206,0.4127596186584951
12,095,014400,12095014400,1400000US12095014400,144,Census Tract 144,G5020,S,2667542,1081536,+28.4985548,-081.3845940,1400000US12095014400,Census Tract 144; Orange County; Florida,3037,Census Tract 144; Orange County; Florida,89521.0,Census Tract 144; Orange County; Florida,2666,194,100,94,2472,1414,1058,Census Tract 144; Orange County; Florida,1458,Census Tract 144; Orange County; Florida,1222,993,229,Census Tract 144; Orange County; Florida,1222,993,10,175,229,95,95,Census Tract 144; Orange County; Florida,1222,742,563,179,100,79,480,356,124,2.0,0.6585446163977609,1.4464222048913993,2099.66356277559,7.276819204801201,0.0,1.0,32.0,0.6947565543071161,0.1947565543071161,0.6136363636363636,0.3052434456928839,0.5674157303370786,0.41242764725910797
12,095,014906,12095014906,1400000US12095014906,149.06,Census Tract 149.06,G5020,S,7156683,334952,+28.5600005,-081.5246278,1400000US12095014906,Census Tract 149.06; Orange County; Florida,6888,Census Tract 149.06; Orange County; Florida,69464.0,Census Tract 149.06; Orange County; Florida,6587,1022,509,513,5565,2679,2886,Census Tract 149.06; Orange County; Florida,2375,Census Tract 149.06; Orange County; Florida,2368,1786,582,Census Tract 149.06; Orange County; Florida,2368,1786,28,520,582,50,203,Census Tract 149.06; Orange County; Florida,2368,1687,1428,259,22,237,681,396,285,22.0,3.193960511033682,2.8904088245831776,2383.053892382615,15.5154091392136,0.0,3.0,43.0,0.7940074906367042,0.7902621722846442,0.3977272727272727,0.3052434456928839,0.0955056179775281,0.406324480762683
12,095,016714,12095016714,1400000US12095016714,167.14,Census Tract 167.14,G5020,S,3075633,0,+28.5447402,-081.2672871,1400000US12095016714,Census Tract 167.14; Orange County; Florida,3282,Census Tract 167.14; Orange County; Florida,80478.0,Census Tract 167.14; Orange County; Florida,3144,401,303,98,2743,1189,1554,Census Tract 167.14; Orange County; Florida,1061,Census Tract 167.14; Orange County; Florida,991,795,196,Census Tract 167.14; Orange County; Florida,991,795,8,220,196,20,88,Census Tract 167.14; Orange County; Florida,991,691,480,211,47,164,300,198,102,2.0,0.6093845216331506,1.186577800318444,2765.9374708672317,12.754452926208652,0.0,1.0,13.0,0.45131086142322097,0.2209737827715356,0.5265151515151515,0.3052434456928839,0.5674157303370786,0.40286857337419135
12,095,016910,12095016910,1400000US12095016910,169.10,Census Tract 169.10,G5020,S,466550,0,+28.4761048,-081.4343420,1400000US12095016910,Census Tract 169.10; Orange County; Florida,1166,Census Tract 169.10; Orange County; Florida,66707.0,Census Tract 169.10; Orange County; Florida,1166,71,8,63,1095,593,502,Census Tract 169.10; Orange County; Florida,435,Census Tract 169.10; Orange County; Florida,392,346,46,Census Tract 169.10; Orange County; Florida,392,346,7,31,46,0,34,Census Tract 169.10; Orange County; Florida,392,317,99,218,104,114,75,65,10,0.0,0.0,0.1799992612896854,6477.804362338325,6.089193825042882,0.0,0.0,0.0,0.11797752808988764,0.0149812734082397,0.3712121212121212,0.3052434456928839,0.8745318352059925,0.4021450459652707
12,095,013510,12095013510,1400000US12095013510,135.10,Census Tract 135.10,G5020,S,432994,23024,+28.5140375,-081.3071075,1400000US12095013510,Census Tract 135.10; Orange County; Florida,2403,Census Tract 135.10; Orange County; Florida,58125.0,Census Tract 135.10; Orange County; Florida,2403,420,172,248,1983,934,1049,Census Tract 135.10; Orange County; Florida,1167,Census Tract 135.10; Orange County; Florida,1063,138,925,Census Tract 135.10; Orange County; Florida,1063,138,11,63,925,70,546,Census Tract 135.10; Orange County; Florida,1063,486,268,218,26,192,577,432,145,0.0,0.0,0.17593210892331537,13658.677854236435,17.478152309612984,0.0,0.0,7.0,0.3146067415730337,0.10112359550561797,0.23484848484848486,0.3052434456928839,0.8745318352059925,0.4007150153217569
12,095,016510,12095016510,1400000US12095016510,165.10,Census Tract 165.10,G5020,S,2066779,0,+28.5913457,-081.2150492,1400000US12095016510,Census Tract 165.10; Orange County; Florida,5319,Census Tract 165.10; Orange County; Florida,24533.0,Census Tract 165.10; Orange County; Florida,2894,1682,647,1035,1212,558,654,Census Tract 165.10; Orange County; Florida,1767,Census Tract 165.10; Orange County; Florida,1344,49,1295,Census Tract 165.10; Orange County; Florida,1344,49,0,39,1295,222,743,Census Tract 165.10; Orange County; Florida,1344,362,85,277,89,188,982,580,402,16.0,3.008084226358338,0.7973584911487651,6670.776142782207,58.120248790601245,111.0,0.0,40.0,0.7584269662921348,0.5243445692883895,0.011363636363636364,0.9887640449438202,0.14232209737827717,0.4000255362614913
12,095,013406,12095013406,1400000US12095013406,134.06,Census Tract 134.06,G5020,S,1360755,16372,+28.5277025,-081.3042430,1400000US12095013406,Census Tract 134.06; Orange County; Florida,4810,Census Tract 134.06; Orange County; Florida,70948.0,Census Tract 134.06; Orange County; Florida,4810,518,223,295,4292,2644,1648,Census Tract 134.06; Orange County; Florida,1483,Census Tract 134.06; Orange County; Florida,1460,586,874,Census Tract 134.06; Orange County; Florida,1460,586,19,209,874,204,365,Census Tract 134.06; Orange County; Florida,1460,1062,533,529,163,366,398,211,187,5.0,1.0395010395010396,0.5312984209693645,9053.292481509845,10.76923076923077,0.0,0.0,2.0,0.25280898876404495,0.4419475655430712,0.4318181818181818,0.3052434456928839,0.39513108614232206,0.39853592100783114
12,095,014813,12095014813,1400000US12095014813,148.13,Census Tract 148.13,G5020,S,2382395,411562,+28.4534234,-081.4876147,1400000US12095014813,Census Tract 148.13; Orange County; Florida,4422,Census Tract 148.13; Orange County; Florida,99699.0,Census Tract 148.13; Orange County; Florida,4276,814,385,429,3462,1546,1916,Census Tract 148.13; Orange County; Florida,2620,Census Tract 148.13; Orange County; Florida,2025,1087,938,Census Tract 148.13; Orange County; Florida,2025,1087,54,430,938,43,516,Census Tract 148.13; Orange County; Florida,2025,1010,721,289,78,211,1015,828,187,28.0,6.331976481230212,1.0779512017466082,4102.226513440513,19.036482694106642,1.0,3.0,0.0,0.11797752808988764,0.37453183520599254,0.6893939393939394,0.6310861423220974,0.0561797752808989,0.3933094994892748
12,095,019000,12095019000,1400000US12095019000,190,Census Tract 190,G5020,S,3380465,944512,+28.5962051,-081.3744529,1400000US12095019000,Census Tract 190; Orange County; Florida,4445,Census Tract 190; Orange County; Florida,71391.0,Census Tract 190; Orange County; Florida,4445,318,71,247,4127,1972,2155,Census Tract 190; Orange County; Florida,2862,Census Tract 190; Orange County; Florida,2633,1147,1486,Census Tract 190; Orange County; Florida,2633,1147,46,370,1486,236,836,Census Tract 190; Orange County; Florida,2633,1056,805,251,21,230,1577,1366,211,14.0,3.149606299212598,1.6686033151404072,2663.904571965907,7.154105736782903,2.0,5.0,146.0,0.9850187265917603,0.3857677902621723,0.4431818181818182,0.6704119850187266,0.1685393258426966,0.38901089547156964
12,095,015202,12095015202,1400000US12095015202,152.02,Census Tract 152.02,G5020,S,5255844,240437,+28.6099918,-081.4054522,1400000US12095015202,Census Tract 152.02; Orange County; Florida,6887,Census Tract 152.02; Orange County; Florida,43610.0,Census Tract 152.02; Orange County; Florida,6801,1188,585,603,5613,2375,3238,Census Tract 152.02; Orange County; Florida,2589,Census Tract 152.02; Orange County; Florida,2357,865,1492,Census Tract 152.02; Orange County; Florida,2357,865,22,233,1492,260,841,Census Tract 152.02; Orange County; Florida,2357,1477,741,736,87,649,880,731,149,8.0,1.1616088282270944,2.120511767812431,3247.8008868136526,17.468019408910454,0.0,0.0,86.0,0.9325842696629213,0.7865168539325843,0.056818181818181816,0.3052434456928839,0.26779026217228463,0.3887044603336738
12,095,013402,12095013402,1400000US12095013402,134.02,Census Tract 134.02,G5020,S,1980332,10430,+28.5324820,-081.2919291,1400000US12095013402,Census Tract 134.02; Orange County; Florida,3716,Census Tract 134.02; Orange County; Florida,67194.0,Census Tract 134.02; Orange County; Florida,3716,320,111,209,3396,1815,1581,Census Tract 134.02; Orange County; Florida,1512,Census Tract 134.02; Orange County; Florida,1336,993,343,Census Tract 134.02; Orange County; Florida,1336,993,16,315,343,37,138,Census Tract 134.02; Orange County; Florida,1336,1114,697,417,106,311,222,151,71,2.0,0.5382131324004306,0.7680373009845577,4838.306674996655,8.611410118406889,0.0,0.0,7.0,0.3146067415730337,0.26591760299625467,0.3787878787878788,0.3052434456928839,0.5674157303370786,0.38680626489615255
12,095,015203,12095015203,1400000US12095015203,152.03,Census Tract 152.03,G5020,S,3227840,387092,+28.6329319,-081.3951196,1400000US12095015203,Census Tract 152.03; Orange County; Florida,2897,Census Tract 152.03; Orange County; Florida,71638.0,Census Tract 152.03; Orange County; Florida,2897,311,156,155,2586,1112,1474,Census Tract 152.03; Orange County; Florida,1725,Census Tract 152.03; Orange County; Florida,1526,165,1361,Census Tract 152.03; Orange County; Florida,1526,165,12,87,1361,14,738,Census Tract 152.03; Orange County; Florida,1526,649,411,238,58,180,877,600,277,5.0,1.7259233690024163,1.3946679468873675,2077.1969460297346,10.73524335519503,1.0,0.0,42.0,0.7827715355805244,0.17228464419475656,0.45075757575757575,0.6310861423220974,0.39513108614232206,0.38659346271705824
12,095,013403,12095013403,1400000US12095013403,134.03,Census Tract 134.03,G5020,S,1263769,0,+28.5358147,-081.3020882,1400000US12095013403,Census Tract 134.03; Orange County; Florida,3432,Census Tract 134.03; Orange County; Florida,54583.0,Census Tract 134.03; Orange County; Florida,3432,816,348,468,2616,1621,995,Census Tract 134.03; Orange County; Florida,1393,Census Tract 134.03; Orange County; Florida,1292,515,777,Census Tract 134.03; Orange County; Florida,1292,515,7,210,777,177,397,Census Tract 134.03; Orange County; Florida,1292,804,470,334,111,223,488,346,142,4.0,1.1655011655011656,0.4875630181099855,7039.090071482416,23.776223776223777,5.0,1.0,9.0,0.3539325842696629,0.23595505617977527,0.17045454545454544,0.7340823970037453,0.449438202247191,0.3865253660197481
12,095,016302,12095016302,1400000US12095016302,163.02,Census Tract 163.02,G5020,S,1978005,0,+28.6057428,-081.2994713,1400000US12095016302,Census Tract 163.02; Orange County; Florida,4067,Census Tract 163.02; Orange County; Florida,55234.0,Census Tract 163.02; Orange County; Florida,4067,781,376,405,3286,1600,1686,Census Tract 163.02; Orange County; Florida,1838,Census Tract 163.02; Orange County; Florida,1761,372,1389,Census Tract 163.02; Orange County; Florida,1761,372,18,140,1389,139,835,Census Tract 163.02; Orange County; Florida,1761,840,340,500,84,416,921,626,295,9.0,2.2129333661175314,0.7631164356999932,5329.461940194504,19.203343988197688,26.0,2.0,61.0,0.8576779026217228,0.3295880149812734,0.18181818181818182,0.8782771535580525,0.24906367041198507,0.3856145726932244
12,095,013512,12095013512,1400000US12095013512,135.12,Census Tract 135.12,G5020,S,1712754,12358,+28.4902632,-081.3048157,1400000US12095013512,Census Tract 135.12; Orange County; Florida,5037,Census Tract 135.12; Orange County; Florida,49500.0,Census Tract 135.12; Orange County; Florida,5037,975,404,571,4062,2069,1993,Census Tract 135.12; Orange County; Florida,1950,Census Tract 135.12; Orange County; Florida,1940,554,1386,Census Tract 135.12; Orange County; Florida,1940,554,0,128,1386,265,744,Census Tract 135.12; Orange County; Florida,1940,1415,573,842,37,805,525,421,104,12.0,2.3823704586063137,0.6655515396178584,7568.159188531227,19.356759976176296,13.0,0.0,45.0,0.8071161048689138,0.4756554307116105,0.0946969696969697,0.8089887640449438,0.1966292134831461,0.38242254000680964
12,095,014502,12095014502,1400000US12095014502,145.02,Census Tract 145.02,G5020,S,1276351,193383,+28.4986648,-081.4020980,1400000US12095014502,Census Tract 145.02; Orange County; Florida,5413,Census Tract 145.02; Orange County; Florida,41172.0,Census Tract 145.02; Orange County; Florida,5393,1667,715,952,3726,1608,2118,Census Tract 145.02; Orange County; Florida,2678,Census Tract 145.02; Orange County; Florida,2063,385,1678,Census Tract 145.02; Orange County; Florida,2063,385,52,269,1678,621,858,Census Tract 145.02; Orange County; Florida,2063,987,458,529,152,377,1076,921,155,3.0,0.5542213190467393,0.5670354780954792,9546.139896185725,30.910439458557388,0.0,0.0,16.0,0.49625468164794007,0.5430711610486891,0.041666666666666664,0.3052434456928839,0.49250936329588013,0.38005617977528083
12,095,013606,12095013606,1400000US12095013606,136.06,Census Tract 136.06,G5020,S,7424263,497216,+28.4552715,-081.3183168,1400000US12095013606,Census Tract 136.06; Orange County; Florida,4119,Census Tract 136.06; Orange County; Florida,68750.0,Census Tract 136.06; Orange County; Florida,4119,997,447,550,3122,1559,1563,Census Tract 136.06; Orange County; Florida,1587,Census Tract 136.06; Orange County; Florida,1460,712,748,Census Tract 136.06; Orange County; Florida,1460,712,5,185,748,70,332,Census Tract 136.06; Orange County; Florida,1460,1123,688,435,126,309,337,267,70,21.0,5.098324836125273,3.05613055528606,1347.7827355495465,24.204904102937604,15.0,0.0,71.0,0.8932584269662921,0.3445692883895131,0.38636363636363635,0.8314606741573034,0.10486891385767794,0.37839632277834523
12,095,016413,12095016413,1400000US12095016413,164.13,Census Tract 164.13,G5020,S,3483538,8070,+28.5759416,-081.2763142,1400000US12095016413,Census Tract 164.13; Orange County; Florida,4314,Census Tract 164.13; Orange County; Florida,57047.0,Census Tract 164.13; Orange County; Florida,4314,402,161,241,3912,2043,1869,Census Tract 164.13; Orange County; Florida,1823,Census Tract 164.13; Orange County; Florida,1663,1029,634,Census Tract 164.13; Orange County; Florida,1663,1029,20,313,634,191,187,Census Tract 164.13; Orange County; Florida,1663,803,503,300,27,273,860,427,433,7.0,1.6226240148354196,1.3470645428152221,3202.519153970304,9.318497913769123,3.0,1.0,4.0,0.27340823970037453,0.35580524344569286,0.22348484848484848,0.702247191011236,0.2865168539325843,0.37784303711270006
12,095,015300,12095015300,1400000US12095015300,153,Census Tract 153,G5020,S,3873094,360497,+28.5957349,-081.3917988,1400000US12095015300,Census Tract 153; Orange County; Florida,3678,Census Tract 153; Orange County; Florida,98359.0,Census Tract 153; Orange County; Florida,3457,266,102,164,3191,1572,1619,Census Tract 153; Orange County; Florida,1812,Census Tract 153; Orange County; Florida,1584,1180,404,Census Tract 153; Orange County; Florida,1584,1180,5,415,404,35,272,Census Tract 153; Orange County; Florida,1584,808,604,204,46,158,776,627,149,6.0,1.6313213703099512,1.6333497509545094,2251.814100348454,7.694532831935204,0.0,1.0,71.0,0.8932584269662921,0.25842696629213485,0.6856060606060606,0.3052434456928839,0.33333333333333337,0.3756979911474294
12,095,016402,12095016402,1400000US12095016402,164.02,Census Tract 164.02,G5020,S,2628794,9721,+28.5690355,-081.3026020,1400000US12095016402,Census Tract 164.02; Orange County; Florida,2796,Census Tract 164.02; Orange County; Florida,58464.0,Census Tract 164.02; Orange County; Florida,2763,252,70,182,2511,1268,1243,Census Tract 164.02; Orange County; Florida,1112,Census Tract 164.02; Orange County; Florida,1021,309,712,Census Tract 164.02; Orange County; Florida,1021,309,0,54,712,31,540,Census Tract 164.02; Orange County; Florida,1021,527,263,264,61,203,494,335,159,5.0,1.78826895565093,1.0179436598334817,2746.713900116415,9.120521172638437,13.0,2.0,13.0,0.45131086142322097,0.15355805243445692,0.24621212121212122,0.8089887640449438,0.39513108614232206,0.3756469186244467
12,095,016505,12095016505,1400000US12095016505,165.05,Census Tract 165.05,G5020,S,2262401,0,+28.5746134,-081.2340699,1400000US12095016505,Census Tract 165.05; Orange County; Florida,2573,Census Tract 165.05; Orange County; Florida,54882.0,Census Tract 165.05; Orange County; Florida,2573,286,140,146,2287,1217,1070,Census Tract 165.05; Orange County; Florida,1250,Census Tract 165.05; Orange County; Florida,1089,513,576,Census Tract 165.05; Orange County; Florida,1089,513,22,233,576,14,216,Census Tract 165.05; Orange County; Florida,1089,661,397,264,131,133,428,273,155,5.0,1.94325689856199,0.8728301515954969,2947.881664372689,11.115429459774582,27.0,2.0,0.0,0.11797752808988764,0.13108614232209737,0.17424242424242425,0.8857677902621723,0.39513108614232206,0.36986721144024515
12,095,017018,12095017018,1400000US12095017018,170.18,Census Tract 170.18,G5020,S,4725940,69690,+28.4154317,-081.4107737,1400000US12095017018,Census Tract 170.18; Orange County; Florida,5794,Census Tract 170.18; Orange County; Florida,59706.0,Census Tract 170.18; Orange County; Florida,5794,992,425,567,4802,2382,2420,Census Tract 170.18; Orange County; Florida,2752,Census Tract 170.18; Orange County; Florida,2284,653,1631,Census Tract 170.18; Orange County; Florida,2284,653,0,288,1631,84,747,Census Tract 170.18; Orange County; Florida,2284,1270,731,539,163,376,1014,652,362,9.0,1.5533310321021747,1.8501972106264086,3131.558066741634,17.12115982050397,0.0,2.0,78.0,0.9119850187265918,0.599250936329588,0.26515151515151514,0.3052434456928839,0.24906367041198507,0.3685733741913518
12,095,013405,12095013405,1400000US12095013405,134.05,Census Tract 134.05,G5020,S,615411,20992,+28.5233754,-081.2962730,1400000US12095013405,Census Tract 134.05; Orange County; Florida,2476,Census Tract 134.05; Orange County; Florida,43288.0,Census Tract 134.05; Orange County; Florida,2476,614,302,312,1862,959,903,Census Tract 134.05; Orange County; Florida,1006,Census Tract 134.05; Orange County; Florida,963,270,693,Census Tract 134.05; Orange County; Florida,963,270,10,192,693,54,349,Census Tract 134.05; Orange County; Florida,963,532,216,316,76,240,431,262,169,0.0,0.0,0.24552509817867121,10084.508746222713,24.79806138933764,0.0,0.0,0.0,0.11797752808988764,0.11235955056179775,0.04924242424242424,0.3052434456928839,0.8745318352059925,0.36696458971739876
12,095,017004,12095017004,1400000US12095017004,170.04,Census Tract 170.04,G5020,S,5870470,120628,+28.4126187,-081.4554167,1400000US12095017004,Census Tract 170.04; Orange County; Florida,6395,Census Tract 170.04; Orange County; Florida,70737.0,Census Tract 170.04; Orange County; Florida,6393,582,317,265,5811,2942,2869,Census Tract 170.04; Orange County; Florida,2911,Census Tract 170.04; Orange County; Florida,2735,1418,1317,Census Tract 170.04; Orange County; Florida,2735,1418,78,510,1317,64,518,Census Tract 170.04; Orange County; Florida,2735,1442,1106,336,108,228,1293,980,313,35.0,5.473025801407349,2.311439756040956,2766.6738807648544,9.103707179727827,0.0,0.0,54.0,0.848314606741573,0.6966292134831461,0.4166666666666667,0.3052434456928839,0.03745318352059923,0.36460674157303374
12,095,016756,12095016756,1400000US12095016756,167.56,Census Tract 167.56,G5020,S,8863076,996667,+28.4629816,-081.2472783,1400000US12095016756,Census Tract 167.56; Orange County; Florida,2664,Census Tract 167.56; Orange County; Florida,154556.0,Census Tract 167.56; Orange County; Florida,2664,84,36,48,2580,1218,1362,Census Tract 167.56; Orange County; Florida,1032,Census Tract 167.56; Orange County; Florida,972,842,130,Census Tract 167.56; Orange County; Florida,972,842,11,133,130,0,77,Census Tract 167.56; Orange County; Florida,972,682,612,70,33,37,290,158,132,10.0,3.7537537537537538,3.803880079183291,700.3375355019004,3.153153153153153,0.0,2.0,18.0,0.5131086142322098,0.14606741573033707,0.9507575757575758,0.3052434456928839,0.22846441947565543,0.36355975485188974
12,095,017807,12095017807,1400000US12095017807,178.07,Census Tract 178.07,G5020,S,2401333,8023,+28.6779858,-081.4784850,1400000US12095017807,Census Tract 178.07; Orange County; Florida,4251,Census Tract 178.07; Orange County; Florida,73441.0,Census Tract 178.07; Orange County; Florida,4251,778,453,325,3473,2016,1457,Census Tract 178.07; Orange County; Florida,1521,Census Tract 178.07; Orange County; Florida,1430,974,456,Census Tract 178.07; Orange County; Florida,1430,974,13,307,456,65,172,Census Tract 178.07; Orange County; Florida,1430,993,696,297,144,153,437,333,104,6.0,1.4114326040931546,0.9295622972513544,4573.120072285511,18.301576099741236,0.0,4.0,11.0,0.41198501872659177,0.352059925093633,0.4659090909090909,0.3052434456928839,0.33333333333333337,0.35984848484848486
12,095,010802,12095010802,1400000US12095010802,108.02,Census Tract 108.02,G5020,S,1775670,0,+28.5597481,-081.3579676,1400000US12095010802,Census Tract 108.02; Orange County; Florida,3507,Census Tract 108.02; Orange County; Florida,133625.0,Census Tract 108.02; Orange County; Florida,3454,223,130,93,3231,1801,1430,Census Tract 108.02; Orange County; Florida,1737,Census Tract 108.02; Orange County; Florida,1607,1006,601,Census Tract 108.02; Orange County; Florida,1607,1006,10,177,601,36,240,Census Tract 108.02; Orange County; Florida,1607,739,579,160,91,69,868,381,487,16.0,4.562303963501568,0.6850635650181486,5119.232986660287,6.456282570932252,0.0,0.0,10.0,0.3838951310861423,0.2397003745318352,0.9204545454545454,0.3052434456928839,0.14232209737827717,0.35974633980251963
12,095,017012,12095017012,1400000US12095017012,170.12,Census Tract 170.12,G5020,S,2466836,0,+28.3747478,-081.4146346,1400000US12095017012,Census Tract 170.12; Orange County; Florida,2819,Census Tract 170.12; Orange County; Florida,92031.0,Census Tract 170.12; Orange County; Florida,2819,326,142,184,2493,1079,1414,Census Tract 170.12; Orange County; Florida,1044,Census Tract 170.12; Orange County; Florida,944,766,178,Census Tract 170.12; Orange County; Florida,944,766,7,155,178,0,30,Census Tract 170.12; Orange County; Florida,944,765,612,153,46,107,179,135,44,5.0,1.77367860943597,0.9517277902630852,2961.981386737427,11.564384533522526,0.0,1.0,25.0,0.6310861423220974,0.16104868913857678,0.6212121212121212,0.3052434456928839,0.39513108614232206,0.35214504596527063
12,095,014605,12095014605,1400000US12095014605,146.05,Census Tract 146.05,G5020,S,2325962,151142,+28.5174740,-081.4326168,1400000US12095014605,Census Tract 146.05; Orange County; Florida,3892,Census Tract 146.05; Orange County; Florida,53272.0,Census Tract 146.05; Orange County; Florida,3892,512,174,338,3380,1681,1699,Census Tract 146.05; Orange County; Florida,1622,Census Tract 146.05; Orange County; Florida,1201,845,356,Census Tract 146.05; Orange County; Florida,1201,845,44,327,356,59,72,Census Tract 146.05; Orange County; Florida,1201,916,362,554,99,455,285,222,63,2.0,0.513874614594039,0.9556936704342506,4072.434630891238,13.1551901336074,0.0,1.0,0.0,0.11797752808988764,0.30711610486891383,0.14015151515151514,0.3052434456928839,0.5674157303370786,0.35143854273067754
12,095,016509,12095016509,1400000US12095016509,165.09,Census Tract 165.09,G5020,S,4576852,74392,+28.5757526,-081.1707681,1400000US12095016509,Census Tract 165.09; Orange County; Florida,4548,Census Tract 165.09; Orange County; Florida,58233.0,Census Tract 165.09; Orange County; Florida,4548,849,436,413,3699,1930,1769,Census Tract 165.09; Orange County; Florida,2537,Census Tract 165.09; Orange County; Florida,2302,1684,618,Census Tract 165.09; Orange County; Florida,2302,1684,35,870,618,32,361,Census Tract 165.09; Orange County; Florida,2302,1033,920,113,23,90,1269,978,291,5.0,1.0993843447669307,1.7944321625227633,2534.5065112999537,18.66754617414248,0.0,1.0,5.0,0.2902621722846442,0.4044943820224719,0.23863636363636365,0.3052434456928839,0.39513108614232206,0.3486636023152877
12,095,017011,12095017011,1400000US12095017011,170.11,Census Tract 170.11,G5020,S,8167619,0,+28.3971970,-081.3980121,1400000US12095017011,Census Tract 170.11; Orange County; Florida,5088,Census Tract 170.11; Orange County; Florida,74773.0,Census Tract 170.11; Orange County; Florida,4947,580,230,350,4367,2342,2025,Census Tract 170.11; Orange County; Florida,1827,Census Tract 170.11; Orange County; Florida,1588,1132,456,Census Tract 170.11; Orange County; Florida,1588,1132,15,319,456,15,240,Census Tract 170.11; Orange County; Florida,1588,1254,942,312,95,217,334,289,45,15.0,2.94811320754717,3.151133387023718,1614.6571328755062,11.7242773398019,0.0,7.0,110.0,0.9644194756554307,0.4868913857677903,0.4734848484848485,0.3052434456928839,0.15543071161048694,0.34844228804902966
12,095,013702,12095013702,1400000US12095013702,137.02,Census Tract 137.02,G5020,S,1974416,62022,+28.5204988,-081.3425952,1400000US12095013702,Census Tract 137.02; Orange County; Florida,5533,Census Tract 137.02; Orange County; Florida,56148.0,Census Tract 137.02; Orange County; Florida,5533,448,86,362,5085,2714,2371,Census Tract 137.02; Orange County; Florida,2447,Census Tract 137.02; Orange County; Florida,2233,944,1289,Census Tract 137.02; Orange County; Florida,2233,944,46,329,1289,323,786,Census Tract 137.02; Orange County; Florida,2233,1319,866,453,124,329,914,737,177,9.0,1.626604012289897,0.7856660858017132,7042.432020409777,8.09687330562082,0.0,1.0,0.0,0.11797752808988764,0.5599250936329588,0.20833333333333334,0.3052434456928839,0.24906367041198507,0.34541198501872666
12,095,017121,12095017121,1400000US12095017121,171.21,Census Tract 171.21,G5020,S,2338699,1569089,+28.4489460,-081.4878041,1400000US12095017121,Census Tract 171.21; Orange County; Florida,3380,Census Tract 171.21; Orange County; Florida,95700.0,Census Tract 171.21; Orange County; Florida,3380,713,180,533,2667,1297,1370,Census Tract 171.21; Orange County; Florida,2153,Census Tract 171.21; Orange County; Florida,1760,1075,685,Census Tract 171.21; Orange County; Florida,1760,1075,13,614,685,87,407,Census Tract 171.21; Orange County; Florida,1760,987,816,171,53,118,773,699,74,28.0,8.284023668639053,1.5076827420855607,2241.8509581959424,21.09467455621302,1.0,3.0,9.0,0.3539325842696629,0.23220973782771537,0.6439393939393939,0.6310861423220974,0.0561797752808989,0.3415219611848825
12,095,013900,12095013900,1400000US12095013900,139,Census Tract 139,G5020,S,2838073,575005,+28.5059662,-081.3695014,1400000US12095013900,Census Tract 139; Orange County; Florida,4746,Census Tract 139; Orange County; Florida,93256.0,Census Tract 139; Orange County; Florida,4746,401,163,238,4345,1949,2396,Census Tract 139; Orange County; Florida,2222,Census Tract 139; Orange County; Florida,2086,1370,716,Census Tract 139; Orange County; Florida,2086,1370,46,448,716,21,264,Census Tract 139; Orange County; Florida,2086,1200,785,415,134,281,886,694,192,25.0,5.267593763168985,1.3167874183383326,3604.22641795061,8.449220396123051,0.0,4.0,23.0,0.5917602996254682,0.4344569288389513,0.6325757575757576,0.3052434456928839,0.0786516853932584,0.3414964249233912
12,095,017026,12095017026,1400000US12095017026,170.26,Census Tract 170.26,G5020,S,6427522,191782,+28.3917193,-081.4383633,1400000US12095017026,Census Tract 170.26; Orange County; Florida,3823,Census Tract 170.26; Orange County; Florida,101047.0,Census Tract 170.26; Orange County; Florida,3823,137,78,59,3686,1956,1730,Census Tract 170.26; Orange County; Florida,2237,Census Tract 170.26; Orange County; Florida,1552,1470,82,Census Tract 170.26; Orange County; Florida,1552,1470,10,641,82,0,61,Census Tract 170.26; Orange County; Florida,1552,1152,942,210,63,147,400,359,41,13.0,3.4004708344232277,2.553805215338512,1496.9818281513901,3.5835731101229404,0.0,2.0,8.0,0.3352059925093633,0.2883895131086142,0.696969696969697,0.3052434456928839,0.18164794007490637,0.34145386448757237
12,095,014812,12095014812,1400000US12095014812,148.12,Census Tract 148.12,G5020,S,7163830,385292,+28.4805056,-081.4670317,1400000US12095014812,Census Tract 148.12; Orange County; Florida,6596,Census Tract 148.12; Orange County; Florida,60578.0,Census Tract 148.12; Orange County; Florida,6596,1754,713,1041,4842,2728,2114,Census Tract 148.12; Orange County; Florida,2855,Census Tract 148.12; Orange County; Florida,2477,839,1638,Census Tract 148.12; Orange County; Florida,2477,839,64,195,1638,55,936,Census Tract 148.12; Orange County; Florida,2477,1607,1218,389,124,265,870,616,254,114.0,17.283201940570045,2.91254954542883,2264.682504835754,26.591873862947242,0.0,3.0,76.0,0.9063670411985019,0.7303370786516854,0.2840909090909091,0.3052434456928839,0.0074906367041198685,0.3392151855635002
12,095,010201,12095010201,1400000US12095010201,102.01,Census Tract 102.01,G5020,S,819012,113616,+28.5480339,-081.3716217,1400000US12095010201,Census Tract 102.01; Orange County; Florida,1958,Census Tract 102.01; Orange County; Florida,85051.0,Census Tract 102.01; Orange County; Florida,1958,209,95,114,1749,969,780,Census Tract 102.01; Orange County; Florida,1557,Census Tract 102.01; Orange County; Florida,1302,511,791,Census Tract 102.01; Orange County; Florida,1302,511,14,314,791,75,510,Census Tract 102.01; Orange County; Florida,1302,412,247,165,15,150,890,769,121,10.0,5.107252298263534,0.35981239441581797,5441.72471651222,10.674157303370785,3.0,0.0,10.0,0.3838951310861423,0.04868913857677903,0.5681818181818182,0.702247191011236,0.22846441947565543,0.3372318692543412
12,095,011600,12095011600,1400000US12095011600,116,Census Tract 116,G5020,S,3874002,1099143,+28.5223329,-081.3991651,1400000US12095011600,Census Tract 116; Orange County; Florida,3806,Census Tract 116; Orange County; Florida,56212.0,Census Tract 116; Orange County; Florida,3806,337,251,86,3469,1858,1611,Census Tract 116; Orange County; Florida,1914,Census Tract 116; Orange County; Florida,1367,765,602,Census Tract 116; Orange County; Florida,1367,765,63,79,602,139,336,Census Tract 116; Orange County; Florida,1367,969,528,441,193,248,398,286,112,3.0,0.788229111928534,1.918681738172804,1983.6536327408442,8.854440357330532,0.0,1.0,81.0,0.9250936329588015,0.2846441947565543,0.21212121212121213,0.3052434456928839,0.49250936329588013,0.3366189989785495
12,095,018700,12095018700,1400000US12095018700,187,Census Tract 187,G5020,S,9639943,437913,+28.5639295,-081.4217562,1400000US12095018700,Census Tract 187; Orange County; Florida,5512,Census Tract 187; Orange County; Florida,39122.0,Census Tract 187; Orange County; Florida,5244,1658,729,929,3586,1789,1797,Census Tract 187; Orange County; Florida,2389,Census Tract 187; Orange County; Florida,2176,920,1256,Census Tract 187; Orange County; Florida,2176,920,31,316,1256,159,806,Census Tract 187; Orange County; Florida,2176,1347,677,670,91,579,829,753,76,6.0,1.0885341074020318,3.888130226672607,1417.6479898197936,31.61708619374523,0.0,3.0,101.0,0.951310861423221,0.550561797752809,0.030303030303030304,0.3052434456928839,0.33333333333333337,0.3322778345250256
12,095,016906,12095016906,1400000US12095016906,169.06,Census Tract 169.06,G5020,S,829830,94210,+28.4886728,-081.4012590,1400000US12095016906,Census Tract 169.06; Orange County; Florida,3039,Census Tract 169.06; Orange County; Florida,31042.0,Census Tract 169.06; Orange County; Florida,3039,1316,515,801,1723,843,880,Census Tract 169.06; Orange County; Florida,2211,Census Tract 169.06; Orange County; Florida,1662,107,1555,Census Tract 169.06; Orange County; Florida,1662,107,10,62,1555,173,1013,Census Tract 169.06; Orange County; Florida,1662,558,363,195,9,186,1104,870,234,1.0,0.3290556103981573,0.3565014054815709,8524.510572110772,43.3037183283975,0.0,0.0,7.0,0.3146067415730337,0.19850187265917604,0.022727272727272728,0.3052434456928839,0.6891385767790262,0.331886278515492
12,095,010400,12095010400,1400000US12095010400,104,Census Tract 104,G5020,S,541193,0,+28.5331753,-081.3908563,1400000US12095010400,Census Tract 104; Orange County; Florida,1141,Census Tract 104; Orange County; Florida,21410.0,Census Tract 104; Orange County; Florida,1141,524,185,339,617,288,329,Census Tract 104; Orange County; Florida,558,Census Tract 104; Orange County; Florida,404,25,379,Census Tract 104; Orange County; Florida,404,25,0,0,379,93,184,Census Tract 104; Orange County; Florida,404,240,24,216,34,182,164,139,25,0.0,0.0,0.20879619409532904,5464.658994114899,45.92462751971954,0.0,0.0,20.0,0.5393258426966292,0.011235955056179775,0.007575757575757576,0.3052434456928839,0.8745318352059925,0.32829417773238
12,095,013605,12095013605,1400000US12095013605,136.05,Census Tract 136.05,G5020,S,1958930,323154,+28.4978455,-081.3184298,1400000US12095013605,Census Tract 136.05; Orange County; Florida,3746,Census Tract 136.05; Orange County; Florida,64976.0,Census Tract 136.05; Orange County; Florida,3706,790,297,493,2916,1503,1413,Census Tract 136.05; Orange County; Florida,1660,Census Tract 136.05; Orange County; Florida,1521,691,830,Census Tract 136.05; Orange County; Florida,1521,691,0,163,830,216,431,Census Tract 136.05; Orange County; Florida,1521,970,479,491,103,388,551,387,164,6.0,1.601708489054992,0.8804347450170177,4254.716231045147,21.316783594171614,0.0,2.0,18.0,0.5131086142322098,0.27340823970037453,0.3560606060606061,0.3052434456928839,0.33333333333333337,0.31428328226081037
12,095,016902,12095016902,1400000US12095016902,169.02,Census Tract 169.02,G5020,S,9810812,501139,+28.4584362,-081.4148412,1400000US12095016902,Census Tract 169.02; Orange County; Florida,5612,Census Tract 169.02; Orange County; Florida,51761.0,Census Tract 169.02; Orange County; Florida,5612,1157,394,763,4455,2304,2151,Census Tract 169.02; Orange County; Florida,1995,Census Tract 169.02; Orange County; Florida,1847,843,1004,Census Tract 169.02; Orange County; Florida,1847,843,5,207,1004,268,388,Census Tract 169.02; Orange County; Florida,1847,1331,763,568,311,257,516,429,87,13.0,2.316464718460442,3.978443529139061,1410.6018996867456,20.616535994297934,0.0,4.0,110.0,0.9644194756554307,0.5767790262172284,0.125,0.3052434456928839,0.18164794007490637,0.3135767790262172
12,095,016741,12095016741,1400000US12095016741,167.41,Census Tract 167.41,G5020,S,1518402,13488,+28.5534471,-081.2020088,1400000US12095016741,Census Tract 167.41; Orange County; Florida,2883,Census Tract 167.41; Orange County; Florida,63878.0,Census Tract 167.41; Orange County; Florida,2883,520,233,287,2363,1054,1309,Census Tract 167.41; Orange County; Florida,1941,Census Tract 167.41; Orange County; Florida,1699,268,1431,Census Tract 167.41; Orange County; Florida,1699,268,39,64,1431,86,962,Census Tract 167.41; Orange County; Florida,1699,443,172,271,78,193,1256,1036,220,26.0,9.018383628165106,0.5909984949801821,4878.1850114469,18.03676725633021,24.0,5.0,15.0,0.4850187265917603,0.16853932584269662,0.3409090909090909,0.8651685393258427,0.07116104868913853,0.3131256384065373
12,095,018204,12095018204,1400000US12095018204,182.04,Census Tract 182.04,G5020,S,1438225,178422,+28.5579465,-081.3211832,1400000US12095018204,Census Tract 182.04; Orange County; Florida,2284,Census Tract 182.04; Orange County; Florida,72462.0,Census Tract 182.04; Orange County; Florida,2284,360,117,243,1924,1059,865,Census Tract 182.04; Orange County; Florida,975,Census Tract 182.04; Orange County; Florida,846,413,433,Census Tract 182.04; Orange County; Florida,846,413,37,45,433,101,110,Census Tract 182.04; Orange County; Florida,846,504,321,183,0,183,342,188,154,4.0,1.7513134851138354,0.6237081935964842,3661.968887773923,15.761821366024517,0.0,0.0,27.0,0.6460674157303371,0.08239700374531835,0.4621212121212121,0.3052434456928839,0.449438202247191,0.313023493360572
12,095,013503,12095013503,1400000US12095013503,135.03,Census Tract 135.03,G5020,S,426315,5239,+28.5193506,-081.3078990,1400000US12095013503,Census Tract 135.03; Orange County; Florida,2300,Census Tract 135.03; Orange County; Florida,45386.0,Census Tract 135.03; Orange County; Florida,2300,527,242,285,1773,862,911,Census Tract 135.03; Orange County; Florida,1078,Census Tract 135.03; Orange County; Florida,981,0,981,Census Tract 135.03; Orange County; Florida,981,0,0,0,981,118,617,Census Tract 135.03; Orange County; Florida,981,411,272,139,87,52,570,382,188,1.0,0.4347826086956522,0.16649325238024998,13814.373658501696,22.91304347826087,0.0,0.0,1.0,0.2397003745318352,0.08614232209737828,0.06818181818181818,0.3052434456928839,0.6891385767790262,0.30726932243786176
12,095,017600,12095017600,1400000US12095017600,176,Census Tract 176,G5020,S,5359065,19863,+28.6650732,-081.5059645,1400000US12095017600,Census Tract 176; Orange County; Florida,5521,Census Tract 176; Orange County; Florida,41930.0,Census Tract 176; Orange County; Florida,5521,1965,966,999,3556,2016,1540,Census Tract 176; Orange County; Florida,2042,Census Tract 176; Orange County; Florida,1835,826,1009,Census Tract 176; Orange County; Florida,1835,826,26,163,1009,176,521,Census Tract 176; Orange County; Florida,1835,1162,428,734,221,513,673,573,100,10.0,1.8112660749864156,2.0752815968869798,2660.3618556063716,35.59137837348306,0.0,2.0,24.0,0.6123595505617978,0.5543071161048689,0.045454545454545456,0.3052434456928839,0.22846441947565543,0.3049710589036432
12,095,016001,12095016001,1400000US12095016001,160.01,Census Tract 160.01,G5020,S,1158215,378622,+28.5966304,-081.3457476,1400000US12095016001,Census Tract 160.01; Orange County; Florida,2583,Census Tract 160.01; Orange County; Florida,77596.0,Census Tract 160.01; Orange County; Florida,1034,101,48,53,933,421,512,Census Tract 160.01; Orange County; Florida,707,Census Tract 160.01; Orange County; Florida,641,471,170,Census Tract 160.01; Orange County; Florida,641,471,25,215,170,20,101,Census Tract 160.01; Orange County; Florida,641,296,272,24,0,24,345,292,53,23.0,8.904374758033295,0.5929178883276223,4356.421101217879,9.767891682785299,2.0,0.0,23.0,0.5917602996254682,0.1348314606741573,0.5075757575757576,0.6704119850187266,0.08801498127340823,0.3024514811031665
12,095,016605,12095016605,1400000US12095016605,166.05,Census Tract 166.05,G5020,S,7939061,0,+28.5499813,-081.1238728,1400000US12095016605,Census Tract 166.05; Orange County; Florida,1613,Census Tract 166.05; Orange County; Florida,61576.0,Census Tract 166.05; Orange County; Florida,1613,350,206,144,1263,702,561,Census Tract 166.05; Orange County; Florida,648,Census Tract 166.05; Orange County; Florida,539,334,205,Census Tract 166.05; Orange County; Florida,539,334,28,95,205,0,78,Census Tract 166.05; Orange County; Florida,539,428,236,192,12,180,111,95,16,2.0,1.2399256044637321,3.0628481343535388,526.6340116273667,21.698698078115314,0.0,0.0,11.0,0.41198501872659177,0.026217228464419477,0.30303030303030304,0.3052434456928839,0.5674157303370786,0.29974463738508683
12,095,018100,12095018100,1400000US12095018100,181,Census Tract 181,G5020,S,4794550,1288917,+28.5663724,-081.5326260,1400000US12095018100,Census Tract 181; Orange County; Florida,3228,Census Tract 181; Orange County; Florida,81000.0,Census Tract 181; Orange County; Florida,3228,746,256,490,2482,1280,1202,Census Tract 181; Orange County; Florida,1136,Census Tract 181; Orange County; Florida,1136,865,271,Census Tract 181; Orange County; Florida,1136,865,11,294,271,57,41,Census Tract 181; Orange County; Florida,1136,825,537,288,119,169,311,246,65,10.0,3.0978934324659235,2.3471194075285116,1375.3028455416527,23.110285006195788,0.0,2.0,21.0,0.5636704119850188,0.21348314606741572,0.5303030303030303,0.3052434456928839,0.22846441947565543,0.2996935648621042
12,095,012500,12095012500,1400000US12095012500,125,Census Tract 125,G5020,S,2049102,1721682,+28.5878264,-081.4039662,1400000US12095012500,Census Tract 125; Orange County; Florida,2342,Census Tract 125; Orange County; Florida,55924.0,Census Tract 125; Orange County; Florida,2342,306,240,66,2036,1046,990,Census Tract 125; Orange County; Florida,1298,Census Tract 125; Orange County; Florida,1089,663,426,Census Tract 125; Orange County; Florida,1089,663,30,234,426,8,285,Census Tract 125; Orange County; Florida,1089,453,364,89,25,64,636,455,181,2.0,0.8539709649871904,1.454799457360382,1609.8438778973516,13.065755764304013,0.0,0.0,40.0,0.7584269662921348,0.0898876404494382,0.20454545454545456,0.3052434456928839,0.5674157303370786,0.2991487912836227
12,095,016813,12095016813,1400000US12095016813,168.13,Census Tract 168.13,G5020,S,1165321,0,+28.3654147,-081.3751173,1400000US12095016813,Census Tract 168.13; Orange County; Florida,2523,Census Tract 168.13; Orange County; Florida,68977.0,Census Tract 168.13; Orange County; Florida,2523,313,66,247,2210,1091,1119,Census Tract 168.13; Orange County; Florida,1034,Census Tract 168.13; Orange County; Florida,927,406,521,Census Tract 168.13; Orange County; Florida,927,406,0,42,521,25,416,Census Tract 168.13; Orange County; Florida,927,778,556,222,30,192,149,83,66,5.0,1.9817677368212443,0.44958924262120525,5611.789075046256,12.405866032500992,0.0,1.0,5.0,0.2902621722846442,0.12734082397003746,0.39015151515151514,0.3052434456928839,0.39513108614232206,0.29582056520258765
12,095,016406,12095016406,1400000US12095016406,164.06,Census Tract 164.06,G5020,S,2807127,39673,+28.5836790,-081.3015298,1400000US12095016406,Census Tract 164.06; Orange County; Florida,1690,Census Tract 164.06; Orange County; Florida,57143.0,Census Tract 164.06; Orange County; Florida,1690,482,213,269,1208,581,627,Census Tract 164.06; Orange County; Florida,1104,Census Tract 164.06; Orange County; Florida,882,182,700,Census Tract 164.06; Orange County; Florida,882,182,31,39,700,165,251,Census Tract 164.06; Orange County; Florida,882,249,102,147,47,100,633,308,325,7.0,4.1420118343195265,1.0983011800389517,1538.7400384474352,28.5207100591716,4.0,1.0,39.0,0.7471910112359551,0.0299625468164794,0.22727272727272727,0.7209737827715356,0.2865168539325843,0.2845931222335717
12,095,013603,12095013603,1400000US12095013603,136.03,Census Tract 136.03,G5020,S,2088567,22085,+28.5229103,-081.3194000,1400000US12095013603,Census Tract 136.03; Orange County; Florida,4553,Census Tract 136.03; Orange County; Florida,54112.0,Census Tract 136.03; Orange County; Florida,4439,832,307,525,3607,1463,2144,Census Tract 136.03; Orange County; Florida,2257,Census Tract 136.03; Orange County; Florida,1999,1264,735,Census Tract 136.03; Orange County; Florida,1999,1264,84,667,735,110,314,Census Tract 136.03; Orange County; Florida,1999,1187,788,399,149,250,812,694,118,11.0,2.415989457500549,0.8142958585695413,5591.333852536315,18.74296012615454,0.0,4.0,32.0,0.6947565543071161,0.41198501872659177,0.15151515151515152,0.3052434456928839,0.21161048689138573,0.2784303711270003
12,095,014701,12095014701,1400000US12095014701,147.01,Census Tract 147.01,G5020,S,4024911,106229,+28.5458821,-081.4619006,1400000US12095014701,Census Tract 147.01; Orange County; Florida,5271,Census Tract 147.01; Orange County; Florida,46727.0,Census Tract 147.01; Orange County; Florida,5231,744,320,424,4487,2369,2118,Census Tract 147.01; Orange County; Florida,2189,Census Tract 147.01; Orange County; Florida,1922,1036,886,Census Tract 147.01; Orange County; Florida,1922,1036,8,327,886,84,526,Census Tract 147.01; Orange County; Florida,1922,1191,688,503,67,436,731,636,95,18.0,3.414911781445646,1.5938494264678946,3307.0878041980304,14.222901930797171,0.0,3.0,78.0,0.9119850187265918,0.5168539325842697,0.08333333333333333,0.3052434456928839,0.1292134831460674,0.27153558052434457
12,095,018500,12095018500,1400000US12095018500,185,Census Tract 185,G5020,S,3969793,54968,+28.5224061,-081.3877536,1400000US12095018500,Census Tract 185; Orange County; Florida,2982,Census Tract 185; Orange County; Florida,61974.0,Census Tract 185; Orange County; Florida,2834,489,229,260,2345,1152,1193,Census Tract 185; Orange County; Florida,1385,Census Tract 185; Orange County; Florida,1140,457,683,Census Tract 185; Orange County; Florida,1140,457,29,185,683,152,257,Census Tract 185; Orange County; Florida,1140,499,278,221,105,116,641,483,158,7.0,2.347417840375587,1.5527831587983434,1920.4226830407465,17.254763585038816,0.0,1.0,99.0,0.947565543071161,0.1797752808988764,0.32196969696969696,0.3052434456928839,0.2865168539325843,0.2653302689819544
12,095,016740,12095016740,1400000US12095016740,167.40,Census Tract 167.40,G5020,S,3987309,139843,+28.5583340,-081.2137063,1400000US12095016740,Census Tract 167.40; Orange County; Florida,3871,Census Tract 167.40; Orange County; Florida,69375.0,Census Tract 167.40; Orange County; Florida,3871,547,132,415,3324,1254,2070,Census Tract 167.40; Orange County; Florida,1458,Census Tract 167.40; Orange County; Florida,1325,781,544,Census Tract 167.40; Orange County; Florida,1325,781,0,195,544,0,322,Census Tract 167.40; Orange County; Florida,1325,832,631,201,42,159,493,299,194,19.0,4.9082924308964095,1.5922451174040584,2431.1583421974283,14.13071557737019,0.0,4.0,44.0,0.799625468164794,0.299625468164794,0.3939393939393939,0.3052434456928839,0.1179775280898876,0.2651174668028601
12,095,018400,12095018400,1400000US12095018400,184,Census Tract 184,G5020,S,6169304,923974,+28.5463714,-081.3324148,1400000US12095018400,Census Tract 184; Orange County; Florida,2401,Census Tract 184; Orange County; Florida,75208.0,Census Tract 184; Orange County; Florida,2401,169,88,81,2232,1039,1193,Census Tract 184; Orange County; Florida,1195,Census Tract 184; Orange County; Florida,1127,676,451,Census Tract 184; Orange County; Florida,1127,676,0,231,451,74,229,Census Tract 184; Orange County; Florida,1127,498,357,141,48,93,629,506,123,32.0,13.327780091628489,2.7366114261130847,877.3624114440804,7.038733860891296,1.0,10.0,137.0,0.9812734082397003,0.09737827715355805,0.48295454545454547,0.6310861423220974,0.041198501872659166,0.26438117126319377
12,095,015901,12095015901,1400000US12095015901,159.01,Census Tract 159.01,G5020,S,2204161,12692,+28.5983713,-081.3599871,1400000US12095015901,Census Tract 159.01; Orange County; Florida,2460,Census Tract 159.01; Orange County; Florida,64291.0,Census Tract 159.01; Orange County; Florida,2419,552,89,463,1867,746,1121,Census Tract 159.01; Orange County; Florida,1488,Census Tract 159.01; Orange County; Florida,1345,465,880,Census Tract 159.01; Orange County; Florida,1345,465,25,137,880,299,411,Census Tract 159.01; Orange County; Florida,1345,344,223,121,23,98,1001,773,228,29.0,11.788617886178862,0.8552736939622023,2876.272259238592,22.819346837536173,3.0,8.0,44.0,0.799625468164794,0.10861423220973783,0.3484848484848485,0.702247191011236,0.048689138576779034,0.25733741913517194
12,095,016908,12095016908,1400000US12095016908,169.08,Census Tract 169.08,G5020,S,1620281,0,+28.4848175,-081.4271763,1400000US12095016908,Census Tract 169.08; Orange County; Florida,2146,Census Tract 169.08; Orange County; Florida,57473.0,Census Tract 169.08; Orange County; Florida,2146,550,285,265,1596,1023,573,Census Tract 169.08; Orange County; Florida,1043,Census Tract 169.08; Orange County; Florida,941,394,547,Census Tract 169.08; Orange County; Florida,941,394,0,112,547,154,258,Census Tract 169.08; Orange County; Florida,941,517,256,261,203,58,424,372,52,19.0,8.853681267474371,0.6251211573702454,3432.9345194902303,25.629077353215283,1.0,5.0,10.0,0.3838951310861423,0.0599250936329588,0.23106060606060605,0.6310861423220974,0.1179775280898876,0.22580013619339462
12,095,017703,12095017703,1400000US12095017703,177.03,Census Tract 177.03,G5020,S,3881236,68029,+28.6808037,-081.5032071,1400000US12095017703,Census Tract 177.03; Orange County; Florida,4414,Census Tract 177.03; Orange County; Florida,39338.0,Census Tract 177.03; Orange County; Florida,4307,1882,744,1138,2425,1343,1082,Census Tract 177.03; Orange County; Florida,1708,Census Tract 177.03; Orange County; Florida,1567,767,800,Census Tract 177.03; Orange County; Florida,1567,767,36,162,800,45,330,Census Tract 177.03; Orange County; Florida,1567,1073,780,293,63,230,494,419,75,16.0,3.6248300860897147,1.5236889956684259,2896.9166362349597,43.69630833526817,0.0,2.0,63.0,0.8707865168539326,0.3707865168539326,0.03409090909090909,0.3052434456928839,0.14232209737827717,0.22179945522642153
12,095,014202,12095014202,1400000US12095014202,142.02,Census Tract 142.02,G5020,S,5552451,218357,+28.4523129,-081.3815551,1400000US12095014202,Census Tract 142.02; Orange County; Florida,4580,Census Tract 142.02; Orange County; Florida,50000.0,Census Tract 142.02; Orange County; Florida,4580,644,163,481,3936,1942,1994,Census Tract 142.02; Orange County; Florida,1747,Census Tract 142.02; Orange County; Florida,1608,670,938,Census Tract 142.02; Orange County; Florida,1608,670,0,240,938,47,446,Census Tract 142.02; Orange County; Florida,1608,1146,545,601,157,444,462,360,102,39.0,8.51528384279476,2.2264153952598496,2057.1183660295605,14.06113537117904,0.0,17.0,111.0,0.9700374531835206,0.41947565543071164,0.09848484848484848,0.3052434456928839,0.029962546816479363,0.2155771195097038
12,095,010500,12095010500,1400000US12095010500,105,Census Tract 105,G5020,S,794220,0,+28.5376497,-081.3899651,1400000US12095010500,Census Tract 105; Orange County; Florida,939,Census Tract 105; Orange County; Florida,14820.0,Census Tract 105; Orange County; Florida,939,547,363,184,392,163,229,Census Tract 105; Orange County; Florida,714,Census Tract 105; Orange County; Florida,479,160,319,Census Tract 105; Orange County; Florida,479,160,11,0,319,125,143,Census Tract 105; Orange County; Florida,479,248,65,183,32,151,231,206,25,3.0,3.1948881789137378,0.3064167711360956,3064.4536737283915,58.25346112886049,0.0,0.0,47.0,0.8127340823970037,0.00749063670411985,0.003787878787878788,0.3052434456928839,0.49250936329588013,0.2118062648961525
12,095,014703,12095014703,1400000US12095014703,147.03,Census Tract 147.03,G5020,S,1640484,73396,+28.5219150,-081.4635214,1400000US12095014703,Census Tract 147.03; Orange County; Florida,2148,Census Tract 147.03; Orange County; Florida,61296.0,Census Tract 147.03; Orange County; Florida,2148,252,155,97,1896,939,957,Census Tract 147.03; Orange County; Florida,1122,Census Tract 147.03; Orange County; Florida,916,209,707,Census Tract 147.03; Orange County; Florida,916,209,0,113,707,3,458,Census Tract 147.03; Orange County; Florida,916,619,324,295,65,230,297,255,42,11.0,5.121042830540037,0.6612379051758847,3248.4526116642496,11.731843575418994,0.0,2.0,10.0,0.3838951310861423,0.06367041198501873,0.29545454545454547,0.3052434456928839,0.21161048689138573,0.2027238678924072
12,095,018300,12095018300,1400000US12095018300,183,Census Tract 183,G5020,S,5221391,279545,+28.5461435,-081.4178715,1400000US12095018300,Census Tract 183; Orange County; Florida,2478,Census Tract 183; Orange County; Florida,27885.0,Census Tract 183; Orange County; Florida,2478,799,501,298,1679,855,824,Census Tract 183; Orange County; Florida,1402,Census Tract 183; Orange County; Florida,1190,463,727,Census Tract 183; Orange County; Florida,1190,463,28,98,727,205,359,Census Tract 183; Orange County; Florida,1190,476,152,324,72,252,714,572,142,6.0,2.4213075060532687,2.1223120306884287,1167.5945686441755,32.24374495560936,0.0,0.0,156.0,0.9925093632958801,0.11610486891385768,0.015151515151515152,0.3052434456928839,0.33333333333333337,0.19891045284303713
12,095,017023,12095017023,1400000US12095017023,170.23,Census Tract 170.23,G5020,S,3573745,995872,+28.3648383,-081.5009406,1400000US12095017023,Census Tract 170.23; Orange County; Florida,1746,Census Tract 170.23; Orange County; Florida,52768.0,Census Tract 170.23; Orange County; Florida,1374,308,89,219,1066,605,461,Census Tract 170.23; Orange County; Florida,955,Census Tract 170.23; Orange County; Florida,708,191,517,Census Tract 170.23; Orange County; Florida,708,191,0,134,517,34,290,Census Tract 170.23; Orange County; Florida,708,238,147,91,67,24,470,340,130,21.0,12.027491408934708,1.763029184771264,990.3409512909037,22.416302765647742,0.0,0.0,81.0,0.9250936329588015,0.033707865168539325,0.12878787878787878,0.3052434456928839,0.10486891385767794,0.12837929860401773
12,095,016515,12095016515,1400000US12095016515,165.15,Census Tract 165.15,G5020,S,5587825,118840,+28.6000838,-081.1959826,1400000US12095016515,Census Tract 165.15; Orange County; Florida,12624,,,Census Tract 165.15; Orange County; Florida,0,0,0,0,0,0,0,Census Tract 165.15; Orange County; Florida,0,Census Tract 165.15; Orange County; Florida,0,0,0,Census Tract 165.15; Orange County; Florida,0,0,0,0,0,0,0,Census Tract 165.15; Orange County; Florida,0,0,0,0,0,0,0,0,0,23.0,1.8219264892268694,2.2016119801777863,5733.98042600612,,0.0,0.0,1.0,0.2397003745318352,0.9662921348314607,,0.3052434456928839,0.08801498127340823,
12,095,990000,12095990000,1400000US12095990000,9900,Census Tract 9900,G5020,S,0,82511106,+28.6211483,-081.6186177,1400000US12095990000,Census Tract 9900; Orange County; Florida,0,,,Census Tract 9900; Orange County; Florida,0,0,0,0,0,0,0,Census Tract 9900; Orange County; Florida,0,Census Tract 9900; Orange County; Florida,0,0,0,Census Tract 9900; Orange County; Florida,0,0,0,0,0,0,0,Census Tract 9900; Orange County; Florida,0,0,0,0,0,0,0,0,0,0.0,,31.835116385674617,0.0,,0.0,0.0,0.0,0.11797752808988764,0.003745318352059925,,0.3052434456928839,0.8745318352059925,
12,095,018901,12095018901,1400000US12095018901,189.01,Census Tract 189.01,G5020,S,2858366,158264,+28.5519201,-081.3887604,1400000US12095018901,Census Tract 189.01; Orange County; Florida,4083,,,Census Tract 189.01; Orange County; Florida,3752,768,373,395,2984,1723,1261,Census Tract 189.01; Orange County; Florida,2180,Census Tract 189.01; Orange County; Florida,1938,769,1169,Census Tract 189.01; Orange County; Florida,1938,769,116,133,1169,143,860,Census Tract 189.01; Orange County; Florida,1938,804,600,204,121,83,1134,1037,97,4.0,0.9796718099436689,1.1638372554187442,3508.222460648892,20.46908315565032,3.0,0.0,52.0,0.8389513108614233,0.3333333333333333,,0.702247191011236,0.449438202247191,
