{
  "type": "FeatureCollection",
  "generator": "overpass-turbo",
  "copyright": "The data included in this document is from www.openstreetmap.org. The data is made available under ODbL.",
  "timestamp": "2026-08-29T22:12:33Z",
  "features": [
    {
      "type": "Feature",
      "properties": {
        "@id": "relation/2857438",
        "addr:city": "Orlando",
        "addr:country": "US",
        "addr:full": "3101 W Princeton St",
        "addr:housenumber": "3101",
        "addr:postcode": "32808",
        "addr:state": "FL",
        "addr:street": "West Princeton Street",
        "brand": "Walmart",
        "brand:wikidata": "Q483551",
        "landuse": "retail",
        "name": "Walmart Supercenter",
        "opening_hours": "24/7",
        "operator": "Walmart",
        "phone": "+1-321-354-2096",
        "ref": "4588",
        "ref:walmart": "4588",
        "shop": "supermarket",
        "type": "multipolygon",
        "website": "https://www.walmart.com/store/4588-orlando-fl",
        "@geometry": "center"
      },
      "geometry": {
        "type": "Point",
        "coordinates": [
          -81.4178366,
          28.5713579
        ]
      },
      "id": "relation/2857438"
    },
    {
      "type": "Feature",
      "properties": {
        "@id": "relation/7927011",
        "name": "Vine Street Square",
        "shop": "mall",
        "type": "multipolygon",
        "@geometry": "center"
      },
      "geometry": {
        "type": "Point",
        "coordinates": [
          -81.4349338,
          28.3061072
        ]
      },
      "id": "relation/7927011"
    },
    {
      "type": "Feature",
      "properties": {
        "@id": "way/44959635",
        "addr:city": "Orlando",
        "addr:housenumber": "5250",
        "addr:postcode": "32819",
        "addr:state": "FL",
        "addr:street": "International Drive",
        "building": "retail",
        "name": "Dezerland Park Orlando",
        "old_name": "Artegon Marketplace",
        "opening_hours": "Mo-Sa 11:00-21:00; Su 11:00-19:00",
        "shop": "mall",
        "wheelchair": "yes",
        "wikipedia": "en:Dezerland Park Orlando",
        "@geometry": "center"
      },
      "geometry": {
        "type": "Point",
        "coordinates": [
          -81.4476232,
          28.4687176
        ]
      },
      "id": "way/44959635"
    },
    {
      "type": "Feature",
      "properties": {
        "@id": "way/44959968",
        "addr:city": "Orlando",
        "addr:housenumber": "4200",
        "addr:postcode": "32839",
        "addr:state": "FL",
        "addr:street": "Conroy Road",
        "building": "retail",
        "building:levels": "2",
        "description": "High end shopping mall in Orlando, Florida.  Mall is owned and operated by Forbes Inc.  ",
        "name": "The Mall at Millenia",
        "opening_hours": "Mo-Sa 10:00-21:00; Su 11:00-19:00",
        "operator": "Forbes",
        "shop": "mall",
        "website": "https://www.mallatmillenia.com",
        "wheelchair": "yes",
        "@geometry": "center"
      },
      "geometry": {
        "type": "Point",
        "coordinates": [
          -81.4316251,
          28.4855696
        ]
      },
      "id": "way/44959968"
    },
    {
      "type": "Feature",
      "properties": {
        "@id": "way/47515348",
        "addr:city": "Orlando",
        "addr:housenumber": "2435",
        "addr:postcode": "32835",
        "addr:state": "FL",
        "addr:street": "Hiawassee Road",
        "addr:unit": "S",
        "branch": "Metro West Village",
        "brand": "Publix",
        "brand:wikidata": "Q672170",
        "building": "yes",
        "elevator": "yes",
        "name": "Publix",
        "opening_hours": "Mo-Su 07:00-22:00",
        "payment:cash": "yes",
        "payment:credit_cards": "yes",
        "payment:debit_cards": "yes",
        "phone": "+1 407-294-7104",
        "ref": "276",
        "shop": "supermarket",
        "source:addr": "Bing maps",
        "website": "https://www.publix.com/locations/276",
        "wheelchair": "yes",
        "@geometry": "center"
      },
      "geometry": {
        "type": "Point",
        "coordinates": [
          -81.4835097,
          28.5149589
        ]
      },
      "id": "way/47515348"
    },
    {
      "type": "Feature",
      "properties": {
        "@id": "way/47569297",
        "addr:city": "Orlando",
        "addr:country": "US",
        "addr:housenumber": "2500",
        "addr:postcode": "32811",
        "addr:state": "FL",
        "addr:street": "South Kirkman Road",
        "brand": "Walmart",
        "brand:wikidata": "Q483551",
        "building": "retail",
        "contact:facebook": "https://www.facebook.com/Walmart1220",
        "name": "Walmart Supercenter",
        "opening_hours": "Mo-Su 06:00-23:00",
        "organic": "yes",
        "payment:app:walmart": "yes",
        "payment:apple_pay": "no",
        "payment:google_pay": "no",
        "payment:samsung_pay": "no",
        "phone": "+1-407-290-6977",
        "ref": "1220",
        "ref:walmart": "1220",
        "sensory_friendly:accommodation": "dimmed_light;static_screens;no_pa",
        "sensory_friendly:conditional": "yes @ 08:00-10:00",
        "shop": "supermarket",
        "toilets": "yes",
        "website": "https://www.walmart.com/store/1220-orlando-fl",
        "wheelchair": "yes",
        "@geometry": "center"
      },
      "geometry": {
        "type": "Point",
        "coordinates": [
          -81.4628297,
          28.5152171
        ]
      },
      "id": "way/47569297"
    },
    {
      "type": "Feature",
      "properties": {
        "@id": "way/47888867",
        "addr:city": "Orlando",
        "addr:country": "US",
        "addr:housenumber": "8990",
        "addr:postcode": "32819",
        "addr:state": "FL",
        "addr:street": "Turkey Lake Road",
        "brand": "Walmart",
        "brand:wikidata": "Q483551",
        "building": "yes",
        "check_date": "2026-03-31",
        "name": "Walmart Supercenter",
        "opening_hours": "24/7",
        "operator": "Walmart",
        "payment:app:walmart": "yes",
        "payment:apple_pay": "no",
        "payment:google_pay": "no",
        "payment:samsung_pay": "no",
        "phone": "+1 407-351-2229",
        "ref": "4332",
        "ref:walmart": "4332",
        "sensory_friendly:accommodation": "dimmed_light;static_screens;no_pa",
        "sensory_friendly:conditional": "yes @ 08:00-10:00",
        "shop": "supermarket",
        "website": "https://www.walmart.com/store/4332-orlando-fl",
        "@geometry": "center"
      },
      "geometry": {
        "type": "Point",
        "coordinates": [
          -81.4764531,
          28.4398307
        ]
      },
      "id": "way/47888867"
    },
    {
      "type": "Feature",
      "properties": {
        "@id": "way/52878464",
        "addr:city": "Kissimmee",
        "addr:country": "US",
        "addr:housenumber": "4444",
        "addr:postcode": "34746",
        "addr:state": "FL",
        "addr:street": "West Irlo Bronson Memorial Highway",
        "brand": "Walmart",
        "brand:wikidata": "Q483551",
        "building": "supermarket",
        "internet_access": "wlan",
        "name": "Walmart Supercenter",
        "opening_hours": "24/7",
        "operator": "Walmart",
        "payment:app:walmart": "yes",
        "payment:apple_pay": "no",
        "payment:google_pay": "no",
        "payment:samsung_pay": "no",
        "phone": "+1-407-397-7000",
        "ref": "817",
        "ref:walmart": "817",
        "sensory_friendly:accommodation": "dimmed_light;static_screens;no_pa",
        "sensory_friendly:conditional": "yes @ 08:00-10:00",
        "shop": "supermarket",
        "website": "https://www.walmart.com/store/817-kissimmee-fl",
        "@geometry": "center"
      },
      "geometry": {
        "type": "Point",
        "coordinates": [
          -81.4588372,
          28.3017361
        ]
      },
      "id": "way/52878464"
    },
    {
      "type": "Feature",
      "properties": {
        "@id": "way/59860955",
        "addr:city": "Kissimmee",
        "addr:country": "US",
        "addr:full": "3250 Vineland Rd",
        "addr:housenumber": "3250",
        "addr:postcode": "34746",
        "addr:state": "FL",
        "addr:street": "Vineland Road",
        "brand": "Walmart",
        "brand:wikidata": "Q483551",
        "building": "yes",
        "name": "Walmart Supercenter",
        "name:es": "Super Mercado",
        "opening_hours": "24/7",
        "operator": "Walmart",
        "payment:app:walmart": "yes",
        "payment:apple_pay": "no",
        "payment:google_pay": "no",
        "payment:samsung_pay": "no",
        "pharmacy": "yes",
        "phone": "+1-407-397-1125",
        "ref": "5420",
        "ref:walmart": "5420",
        "sensory_friendly:accommodation": "dimmed_light;static_screens;no_pa",
        "sensory_friendly:conditional": "yes @ 08:00-10:00",
        "shop": "supermarket",
        "website": "https://www.walmart.com/store/5420-kissimmee-fl",
        "@geometry": "center"
      },
      "geometry": {
        "type": "Point",
        "coordinates": [
          -81.4862146,
          28.3415888
        ]
      },
      "id": "way/59860955"
    },
    {
      "type": "Feature",
      "properties": {
        "@id": "way/61375260",
        "brand": "BJ's Wholesale Club",
        "brand:wikidata": "Q4835754",
        "building": "yes",
        "name": "BJ's Wholesale Club",
        "ref": "130",
        "shop": "wholesale",
        "@geometry": "center"
      },
      "geometry": {
        "type": "Point",
        "coordinates": [
          -81.4273603,
          28.494795
        ]
      },
      "id": "way/61375260"
    },
    {
      "type": "Feature",
      "properties": {
        "@id": "way/61375262",
        "addr:city": "Orlando",
        "addr:housenumber": "4750",
        "addr:postcode": "32839-2434",
        "addr:state": "FL",
        "addr:street": "Millenia Plaza Way",
        "brand": "Target",
        "brand:wikidata": "Q1046951",
        "building": "yes",
        "name": "Target",
        "opening_hours": "08:00-22:00",
        "phone": "+1 407-541-0019",
        "shop": "department_store",
        "website": "https://www.target.com/sl/orlando-millenia/1518",
        "@geometry": "center"
      },
      "geometry": {
        "type": "Point",
        "coordinates": [
          -81.4306846,
          28.4932649
        ]
      },
      "id": "way/61375262"
    },
    {
      "type": "Feature",
      "properties": {
        "@id": "way/61376601",
        "addr:city": "Orlando",
        "addr:housenumber": "1921",
        "addr:postcode": "32828-8732",
        "addr:state": "FL",
        "addr:street": "South Alafaya Trail",
        "branch": "The Shoppes at Eastwood",
        "brand": "Publix",
        "brand:wikidata": "Q672170",
        "building": "yes",
        "name": "Publix",
        "opening_hours": "Mo-Su 07:00-22:00",
        "phone": "+1 407-277-3117",
        "ref": "607",
        "shop": "supermarket",
        "website": "https://www.publix.com/locations/607",
        "@geometry": "center"
      },
      "geometry": {
        "type": "Point",
        "coordinates": [
          -81.1938751,
          28.5259072
        ]
      },
      "id": "way/61376601"
    },
    {
      "type": "Feature",
      "properties": {
        "@id": "way/61377345",
        "brand": "BJ's Wholesale Club",
        "brand:wikidata": "Q4835754",
        "building": "yes",
        "name": "BJ's Wholesale Club",
        "ref": "135",
        "shop": "wholesale",
        "@geometry": "center"
      },
      "geometry": {
        "type": "Point",
        "coordinates": [
          -81.2077526,
          28.5449356
        ]
      },
      "id": "way/61377345"
    },
    {
      "type": "Feature",
      "properties": {
        "@id": "way/80905854",
        "addr:city": "Orlando",
        "addr:housenumber": "1500",
        "addr:postcode": "32803",
        "addr:state": "FL",
        "addr:street": "East Colonial Drive",
        "branch": "Colonialtown",
        "brand": "Publix",
        "brand:wikidata": "Q672170",
        "building": "yes",
        "name": "Publix",
        "opening_hours": "Mo-Su 07:00-22:00",
        "phone": "+1-407-896-8154",
        "shop": "supermarket",
        "website": "https://www.publix.com/locations/662",
        "@geometry": "center"
      },
      "geometry": {
        "type": "Point",
        "coordinates": [
          -81.3615649,
          28.5526614
        ]
      },
      "id": "way/80905854"
    },
    {
      "type": "Feature",
      "properties": {
        "@id": "way/109582480",
        "addr:city": "Kissimmee",
        "addr:housenumber": "4795",
        "addr:postcode": "34746-5332",
        "addr:state": "FL",
        "addr:street": "West Irlo Bronson Memorial Highway",
        "brand": "Target",
        "brand:wikidata": "Q1046951",
        "building": "retail",
        "name": "Target",
        "opening_hours": "08:00-22:00",
        "phone": "+1 407-594-0029",
        "shop": "department_store",
        "website": "https://www.target.com/sl/kissimmee-west/1918",
        "@geometry": "center"
      },
      "geometry": {
        "type": "Point",
        "coordinates": [
          -81.4712037,
          28.3320602
        ]
      },
      "id": "way/109582480"
    },
    {
      "type": "Feature",
      "properties": {
        "@id": "way/117088116",
        "addr:city": "Winter Garden",
        "addr:housenumber": "3343",
        "addr:postcode": "34787-7009",
        "addr:state": "FL",
        "addr:street": "Daniels Road",
        "brand": "Target",
        "brand:wikidata": "Q1046951",
        "building": "yes",
        "name": "Target",
        "opening_hours": "08:00-22:00",
        "phone": "+1 407-395-0111",
        "shop": "department_store",
        "toilets": "yes",
        "website": "https://www.target.com/sl/winter-garden/2264",
        "wheelchair": "yes",
        "@geometry": "center"
      },
      "geometry": {
        "type": "Point",
        "coordinates": [
          -81.5850066,
          28.5205427
        ]
      },
      "id": "way/117088116"
    },
    {
      "type": "Feature",
      "properties": {
        "@id": "way/129337723",
        "addr:city": "Orlando",
        "addr:housenumber": "7701",
        "addr:postcode": "32807",
        "addr:state": "FL",
        "addr:street": "East Colonial Drive",
        "brand": "Sam's Club",
        "brand:wikidata": "Q1972120",
        "building": "commercial",
        "name": "Sam's Club",
        "opening_hours": "Mo-Fr 10:00-20:00; Sa 09:00-20:00; Su 10:00-18:00",
        "phone": "+1 407-384-7570",
        "ref": "6212",
        "shop": "wholesale",
        "source": "bing",
        "website": "https://www.samsclub.com/club/orlando-fl-sams-club/6212",
        "@geometry": "center"
      },
      "geometry": {
        "type": "Point",
        "coordinates": [
          -81.2834597,
          28.5697209
        ]
      },
      "id": "way/129337723"
    },
    {
      "type": "Feature",
      "properties": {
        "@id": "way/135471268",
        "addr:city": "Orlando",
        "addr:housenumber": "8001",
        "addr:postcode": "32809",
        "addr:state": "FL",
        "addr:street": "South Orange Blossom Trail",
        "building": "yes",
        "landuse": "retail",
        "name": "The Florida Mall",
        "phone": "+1 407-851-6255",
        "plat": "16/137",
        "shop": "mall",
        "website": "https://www.simon.com/mall/the-florida-mall",
        "@geometry": "center"
      },
      "geometry": {
        "type": "Point",
        "coordinates": [
          -81.3950816,
          28.4454182
        ]
      },
      "id": "way/135471268"
    },
    {
      "type": "Feature",
      "properties": {
        "@id": "way/136794733",
        "addr:city": "Orlando",
        "addr:country": "US",
        "addr:full": "201 S Chickasaw Trl",
        "addr:housenumber": "201",
        "addr:postcode": "32825",
        "addr:state": "FL",
        "addr:street": "South Chickasaw Trl",
        "brand": "Walmart Neighborhood Market",
        "brand:wikidata": "Q7963529",
        "building": "yes",
        "name": "Walmart Neighborhood Market",
        "opening_hours": "24/7",
        "operator": "Walmart",
        "payment:app:walmart": "yes",
        "payment:apple_pay": "no",
        "payment:google_pay": "no",
        "payment:samsung_pay": "no",
        "phone": "+1-407-380-9971",
        "ref": "5179",
        "ref:walmart": "5179",
        "sensory_friendly:accommodation": "dimmed_light;static_screens;no_pa",
        "sensory_friendly:conditional": "yes @ 08:00-10:00",
        "shop": "supermarket",
        "website": "https://www.walmart.com/store/5179-orlando-fl",
        "@geometry": "center"
      },
      "geometry": {
        "type": "Point",
        "coordinates": [
          -81.2759967,
          28.5404829
        ]
      },
      "id": "way/136794733"
    },
    {
      "type": "Feature",
      "properties": {
        "@id": "way/138202967",
        "addr:city": "Ocoee",
        "addr:country": "US",
        "addr:full": "10500 W Colonial Dr",
        "addr:housenumber": "10500",
        "addr:postcode": "34761",
        "addr:state": "FL",
        "addr:street": "West Colonial Drive",
        "brand": "Walmart",
        "brand:wikidata": "Q483551",
        "building": "yes",
        "name": "Walmart Supercenter",
        "opening_hours": "24/7",
        "operator": "Walmart",
        "payment:app:walmart": "yes",
        "payment:apple_pay": "no",
        "payment:google_pay": "no",
        "payment:samsung_pay": "no",
        "phone": "+1-407-877-6900",
        "ref": "942",
        "ref:walmart": "942",
        "sensory_friendly:accommodation": "dimmed_light;static_screens;no_pa",
        "sensory_friendly:conditional": "yes @ 08:00-10:00",
        "shop": "supermarket",
        "website": "https://www.walmart.com/store/942-ocoee-fl",
        "@geometry": "center"
      },
      "geometry": {
        "type": "Point",
        "coordinates": [
          -81.5324692,
          28.5496076
        ]
      },
      "id": "way/138202967"
    },
    {
      "type": "Feature",
      "properties": {
        "@id": "way/141017018",
        "addr:city": "Orlando",
        "addr:housenumber": "5135",
        "addr:state": "FL",
        "addr:street": "International Drive",
        "building": "yes",
        "fixme": "check name; map individual tenants",
        "name": "Sweets Plaza",
        "shop": "mall",
        "source:addr:housenumber": "Orange County GIS data",
        "wheelchair": "yes",
        "@geometry": "center"
      },
      "geometry": {
        "type": "Point",
        "coordinates": [
          -81.4510743,
          28.470835
        ]
      },
      "id": "way/141017018"
    },
    {
      "type": "Feature",
      "properties": {
        "@id": "way/141574898",
        "addr:city": "Orlando",
        "addr:housenumber": "8003",
        "addr:postcode": "32819",
        "addr:state": "FL",
        "addr:street": "Turkey Lake Road",
        "branch": "Orlando",
        "brand": "Whole Foods Market",
        "brand:wikidata": "Q1809448",
        "building": "yes",
        "check_date": "2024-10-03",
        "check_date:opening_hours": "2024-10-03",
        "name": "Whole Foods Market",
        "opening_hours": "Mo-Su 08:00-22:00",
        "organic": "yes",
        "phone": "+1 407-355-7100",
        "ref": "orlando",
        "shop": "supermarket",
        "source:addr:housenumber": "Orange County GIS data",
        "stroller": "yes",
        "toilets": "yes",
        "website": "https://www.wholefoodsmarket.com/stores/orlando",
        "wheelchair": "yes",
        "@geometry": "center"
      },
      "geometry": {
        "type": "Point",
        "coordinates": [
          -81.4764938,
          28.4491708
        ]
      },
      "id": "way/141574898"
    },
    {
      "type": "Feature",
      "properties": {
        "@id": "way/141700352",
        "addr:city": "Orlando",
        "addr:housenumber": "7524",
        "addr:postcode": "32819-5148",
        "addr:state": "FL",
        "addr:street": "Dr. Phillips Boulevard",
        "air_conditioning": "yes",
        "branch": "The Marketplace at Drive Phillips",
        "brand": "Publix",
        "brand:wikidata": "Q672170",
        "building": "yes",
        "name": "Publix",
        "opening_hours": "Mo-Su 07:00-22:00",
        "phone": "+1 407-226-9882",
        "ref": "1439",
        "shop": "supermarket",
        "source:addr:housenumber": "Orange County GIS data",
        "website": "https://www.publix.com/locations/1439",
        "@geometry": "center"
      },
      "geometry": {
        "type": "Point",
        "coordinates": [
          -81.4901826,
          28.4536112
        ]
      },
      "id": "way/141700352"
    },
    {
      "type": "Feature",
      "properties": {
        "@id": "way/142217182",
        "addr:city": "Orlando",
        "addr:housenumber": "8145",
        "addr:postcode": "32821",
        "addr:state": "FL",
        "addr:street": "Vineland Avenue",
        "branch": "Regency Village Shopping Center",
        "brand": "Publix",
        "brand:wikidata": "Q672170",
        "building": "retail",
        "dispensing": "no",
        "name": "Publix",
        "note": "Does not have a pharmacy.",
        "opening_hours": "07:00-23:00",
        "phone": "+1 407-238-9924",
        "ref": "812",
        "shop": "supermarket",
        "source:addr:housenumber": "Orange County GIS data",
        "website": "https://www.publix.com/",
        "wheelchair": "yes",
        "@geometry": "center"
      },
      "geometry": {
        "type": "Point",
        "coordinates": [
          -81.4855193,
          28.3870303
        ]
      },
      "id": "way/142217182"
    },
    {
      "type": "Feature",
      "properties": {
        "@id": "way/146823607",
        "building": "yes",
        "name": "Kash n' Karry Supermarket",
        "shop": "supermarket",
        "@geometry": "center"
      },
      "geometry": {
        "type": "Point",
        "coordinates": [
          -81.5043337,
          28.3729521
        ]
      },
      "id": "way/146823607"
    },
    {
      "type": "Feature",
      "properties": {
        "@id": "way/191615685",
        "building": "yes",
        "name": "Mill Creek Mall",
        "shop": "mall",
        "@geometry": "center"
      },
      "geometry": {
        "type": "Point",
        "coordinates": [
          -81.3898045,
          28.3026928
        ]
      },
      "id": "way/191615685"
    },
    {
      "type": "Feature",
      "properties": {
        "@id": "way/194671126",
        "addr:city": "Kissimmee",
        "addr:housenumber": "14928",
        "addr:postcode": "34747",
        "addr:state": "FL",
        "addr:street": "East Orange Lake Boulevard",
        "branch": "Orange Lake Town Center",
        "brand": "Publix",
        "brand:wikidata": "Q672170",
        "building": "yes",
        "name": "Publix",
        "opening_hours": "Mo-Su 07:00-23:00",
        "phone": "+1 407-239-4989",
        "ref": "551",
        "shop": "supermarket",
        "website": "https://www.publix.com/",
        "@geometry": "center"
      },
      "geometry": {
        "type": "Point",
        "coordinates": [
          -81.6142506,
          28.3492191
        ]
      },
      "id": "way/194671126"
    },
    {
      "type": "Feature",
      "properties": {
        "@id": "way/212810818",
        "addr:city": "Saint Cloud",
        "addr:country": "US",
        "addr:housenumber": "4400",
        "addr:postcode": "34769",
        "addr:state": "FL",
        "addr:street": "13th Street",
        "brand": "Walmart",
        "brand:wikidata": "Q483551",
        "building": "retail",
        "name": "Walmart Supercenter",
        "opening_hours": "24/7",
        "operator": "Walmart",
        "payment:app:walmart": "yes",
        "payment:apple_pay": "no",
        "payment:google_pay": "no",
        "payment:samsung_pay": "no",
        "phone": "+1 407-957-1300",
        "ref": "1086",
        "ref:walmart": "1086",
        "sensory_friendly:accommodation": "dimmed_light;static_screens;no_pa",
        "sensory_friendly:conditional": "yes @ 08:00-10:00",
        "shop": "supermarket",
        "website": "https://www.walmart.com/store/1086-saint-cloud-fl",
        "@geometry": "center"
      },
      "geometry": {
        "type": "Point",
        "coordinates": [
          -81.3157349,
          28.2554293
        ]
      },
      "id": "way/212810818"
    },
    {
      "type": "Feature",
      "properties": {
        "@id": "way/219857065",
        "addr:city": "Orlando",
        "addr:housenumber": "600",
        "addr:postcode": "32828",
        "addr:state": "FL",
        "addr:street": "Alafaya Trail",
        "air_conditioning": "yes",
        "brand": "Walmart Neighborhood Market",
        "brand:wikidata": "Q7963529",
        "building": "retail",
        "name": "Walmart Neighborhood Market",
        "opening_hours": "Mo-Su 06:00-23:00",
        "operator": "Walmart",
        "phone": "+1-407-380-0384",
        "shop": "supermarket",
        "website": "https://www.walmart.com/store/3617-orlando-fl/?veh=seo_loc",
        "@geometry": "center"
      },
      "geometry": {
        "type": "Point",
        "coordinates": [
          -81.2090926,
          28.5361849
        ]
      },
      "id": "way/219857065"
    },
    {
      "type": "Feature",
      "properties": {
        "@id": "way/228437941",
        "addr:city": "Apopka",
        "addr:country": "US",
        "addr:housenumber": "1700",
        "addr:postcode": "32703",
        "addr:state": "FL",
        "addr:street": "South Orange Blossom Trail",
        "brand": "Walmart",
        "brand:wikidata": "Q483551",
        "building": "retail",
        "layer": "1",
        "name": "Walmart Supercenter",
        "opening_hours": "Mo-Su 06:00-23:00",
        "operator": "Walmart",
        "payment:app:walmart": "yes",
        "payment:apple_pay": "no",
        "payment:google_pay": "no",
        "payment:samsung_pay": "no",
        "phone": "+1 407-889-8668",
        "ref": "955",
        "ref:walmart": "955",
        "roof:shape": "flat",
        "sensory_friendly:accommodation": "dimmed_light;static_screens;no_pa",
        "sensory_friendly:conditional": "yes @ 08:00-10:00",
        "shop": "supermarket",
        "source": "Walmart",
        "toilets:wheelchair": "yes",
        "website": "https://www.walmart.com/store/955-apopka-fl",
        "wheelchair": "yes",
        "@geometry": "center"
      },
      "geometry": {
        "type": "Point",
        "coordinates": [
          -81.4693242,
          28.6494762
        ]
      },
      "id": "way/228437941"
    },
    {
      "type": "Feature",
      "properties": {
        "@id": "way/230591329",
        "name": "Superior Plaza",
        "shop": "mall",
        "@geometry": "center"
      },
      "geometry": {
        "type": "Point",
        "coordinates": [
          -81.3103283,
          28.5540991
        ]
      },
      "id": "way/230591329"
    },
    {
      "type": "Feature",
      "properties": {
        "@id": "way/238143066",
        "addr:city": "Orlando",
        "addr:housenumber": "4606",
        "addr:postcode": "32811-2891",
        "addr:state": "FL",
        "addr:street": "South Kirkman Road",
        "air_conditioning": "yes",
        "branch": "Kirkman Oaks Shopping Center",
        "brand": "Publix",
        "brand:wikidata": "Q672170",
        "building": "yes",
        "internet_access": "yes",
        "internet_access:fee": "no",
        "internet_access:ssid": "Publix-Customer",
        "name": "Publix",
        "opening_hours": "Mo-Su 07:00-23:00",
        "phone": "+1 407-293-7673",
        "ref": "331",
        "shop": "supermarket",
        "toilets": "yes",
        "website": "https://www.publix.com/locations/331",
        "wheelchair": "yes",
        "@geometry": "center"
      },
      "geometry": {
        "type": "Point",
        "coordinates": [
          -81.4612231,
          28.495311
        ]
      },
      "id": "way/238143066"
    },
    {
      "type": "Feature",
      "properties": {
        "@id": "way/244597752",
        "addr:city": "Altamonte Springs",
        "addr:housenumber": "886",
        "addr:postcode": "32714-3006",
        "addr:state": "FL",
        "addr:street": "West State Road 436",
        "brand": "Target",
        "brand:wikidata": "Q1046951",
        "building": "retail",
        "building:levels": "1",
        "name": "Target",
        "opening_hours": "Mo-Sa 08:00-23:00; Su 08:00-22:00",
        "phone": "+1 407-788-7377",
        "shop": "department_store",
        "toilets": "yes",
        "website": "https://www.target.com/sl/altamonte-springs/647",
        "wheelchair": "yes",
        "@geometry": "center"
      },
      "geometry": {
        "type": "Point",
        "coordinates": [
          -81.4179752,
          28.6625186
        ]
      },
      "id": "way/244597752"
    },
    {
      "type": "Feature",
      "properties": {
        "@id": "way/261374545",
        "addr:city": "Kissimmee",
        "addr:housename": "The Loop",
        "addr:housenumber": "3208",
        "addr:postcode": "34741",
        "addr:street": "N John Young Pkwy, Kissimmee, FL, United States",
        "name": "The Loop",
        "opening_hours": "10:00-21:30",
        "shop": "mall",
        "website": "https://www.experiencetheloop.com/",
        "wheelchair": "yes",
        "@geometry": "center"
      },
      "geometry": {
        "type": "Point",
        "coordinates": [
          -81.4222402,
          28.3448364
        ]
      },
      "id": "way/261374545"
    },
    {
      "type": "Feature",
      "properties": {
        "@id": "way/262391382",
        "addr:city": "Orlando",
        "addr:housenumber": "765",
        "addr:postcode": "32809",
        "addr:state": "FL",
        "addr:street": "West Sand Lake Road",
        "brand": "ALDI",
        "brand:wikidata": "Q41171672",
        "building": "commercial",
        "internet_access": "wlan",
        "name": "ALDI",
        "opening_hours": "Mo-Su 09:00-20:00",
        "phone": "+1 833-547-4023",
        "ref": "23",
        "shop": "supermarket",
        "website": "https://stores.aldi.us/fl/orlando/765-w-sandlake-rd",
        "@geometry": "center"
      },
      "geometry": {
        "type": "Point",
        "coordinates": [
          -81.3855755,
          28.4517636
        ]
      },
      "id": "way/262391382"
    },
    {
      "type": "Feature",
      "properties": {
        "@id": "node/266689990",
        "addr:city": "Kissimmee",
        "addr:housenumber": "3343",
        "addr:postcode": "34746-6565",
        "addr:state": "FL",
        "addr:street": "South Orange Blossom Trail",
        "branch": "Pleasant Hill Commons",
        "brand": "Publix",
        "brand:wikidata": "Q672170",
        "name": "Publix",
        "opening_hours": "Mo-Su 07:00-22:00",
        "phone": "+1 407-846-1264",
        "ref": "1179",
        "shop": "supermarket",
        "website": "https://www.publix.com/locations/1179"
      },
      "geometry": {
        "type": "Point",
        "coordinates": [
          -81.4381135,
          28.2621071
        ]
      },
      "id": "node/266689990"
    },
    {
      "type": "Feature",
      "properties": {
        "@id": "way/287794896",
        "building": "yes",
        "shop": "mall",
        "wheelchair": "yes",
        "@geometry": "center"
      },
      "geometry": {
        "type": "Point",
        "coordinates": [
          -81.4259591,
          28.366529
        ]
      },
      "id": "way/287794896"
    },
    {
      "type": "Feature",
      "properties": {
        "@id": "way/287892763",
        "access": "private",
        "building": "yes",
        "covered": "yes",
        "shop": "mall",
        "@geometry": "center"
      },
      "geometry": {
        "type": "Point",
        "coordinates": [
          -81.422251,
          28.3662973
        ]
      },
      "id": "way/287892763"
    },
    {
      "type": "Feature",
      "properties": {
        "@id": "way/298219820",
        "addr:city": "Orlando",
        "addr:housenumber": "2155",
        "addr:postcode": "32837",
        "addr:state": "FL",
        "addr:street": "Town Center Boulevard",
        "brand": "Target",
        "brand:wikidata": "Q1046951",
        "building": "yes",
        "internet_access": "wlan",
        "name": "Target",
        "opening_hours": "Mo-Su 08:00-23:00",
        "phone": "+1 407-251-5133",
        "shop": "supermarket",
        "website": "https://www.target.com/sl/hunters-creek/1790",
        "@geometry": "center"
      },
      "geometry": {
        "type": "Point",
        "coordinates": [
          -81.4078195,
          28.3699223
        ]
      },
      "id": "way/298219820"
    },
    {
      "type": "Feature",
      "properties": {
        "@id": "way/300637648",
        "brand": "BJ's Wholesale Club",
        "brand:wikidata": "Q4835754",
        "building": "yes",
        "name": "BJ's Wholesale Club",
        "operator": "BJ's Wholesale Club",
        "ref": "154",
        "shop": "wholesale",
        "@geometry": "center"
      },
      "geometry": {
        "type": "Point",
        "coordinates": [
          -81.4144571,
          28.339312
        ]
      },
      "id": "way/300637648"
    },
    {
      "type": "Feature",
      "properties": {
        "@id": "way/300639644",
        "addr:city": "Kissimmee",
        "addr:housenumber": "3200",
        "addr:postcode": "34741",
        "addr:state": "FL",
        "addr:street": "North John Young Parkway",
        "branch": "Hunters Creek",
        "brand": "Kohl's",
        "brand:wikidata": "Q967265",
        "building": "retail",
        "check_date": "2025-12-23",
        "name": "Kohl's",
        "opening_hours": "Mo-Sa 09:00-22:00; Su 09:00-21:00",
        "phone": "+1 407-847-6685",
        "ref": "951",
        "shop": "department_store",
        "website": "https://www.kohls.com/stores/fl/kissimmee-951.shtml",
        "wheelchair": "yes",
        "@geometry": "center"
      },
      "geometry": {
        "type": "Point",
        "coordinates": [
          -81.4237881,
          28.3433166
        ]
      },
      "id": "way/300639644"
    },
    {
      "type": "Feature",
      "properties": {
        "@id": "way/300639673",
        "brand": "JCPenney",
        "brand:wikidata": "Q920037",
        "building": "retail",
        "check_date": "2025-12-23",
        "name": "JCPenney",
        "official_name": "J.C. Penney Company",
        "shop": "department_store",
        "wheelchair": "yes",
        "@geometry": "center"
      },
      "geometry": {
        "type": "Point",
        "coordinates": [
          -81.4252641,
          28.343202
        ]
      },
      "id": "way/300639673"
    },
    {
      "type": "Feature",
      "properties": {
        "@id": "way/308291905",
        "brand": "The Fresh Market",
        "brand:wikidata": "Q7735265",
        "building": "yes",
        "name": "The Fresh Market",
        "shop": "supermarket",
        "wheelchair": "yes",
        "@geometry": "center"
      },
      "geometry": {
        "type": "Point",
        "coordinates": [
          -81.3658659,
          28.5651547
        ]
      },
      "id": "way/308291905"
    },
    {
      "type": "Feature",
      "properties": {
        "@id": "way/309172628",
        "building": "yes",
        "name": "American Plaza",
        "ref": "US 17 Truck;US 92 Truck",
        "shop": "mall",
        "@geometry": "center"
      },
      "geometry": {
        "type": "Point",
        "coordinates": [
          -81.4190446,
          28.303263
        ]
      },
      "id": "way/309172628"
    },
    {
      "type": "Feature",
      "properties": {
        "@id": "way/309356605",
        "building": "yes",
        "shop": "mall",
        "@geometry": "center"
      },
      "geometry": {
        "type": "Point",
        "coordinates": [
          -81.4393903,
          28.3060835
        ]
      },
      "id": "way/309356605"
    },
    {
      "type": "Feature",
      "properties": {
        "@id": "way/309356627",
        "addr:city": "Kissimmee",
        "addr:housenumber": "4425",
        "addr:postcode": "34746",
        "addr:state": "FL",
        "addr:street": "West Vine Street",
        "brand": "ALDI",
        "brand:wikidata": "Q41171672",
        "building": "yes",
        "internet_access": "yes",
        "internet_access:fee": "no",
        "internet_access:ssid": "ALDI-Guest",
        "name": "ALDI",
        "opening_hours": "Mo-Su 09:00-20:00",
        "phone": "+1 844-474-7028",
        "shop": "supermarket",
        "website": "https://stores.aldi.us/fl/kissimmee/4425-w-vine-st",
        "@geometry": "center"
      },
      "geometry": {
        "type": "Point",
        "coordinates": [
          -81.4587961,
          28.3047742
        ]
      },
      "id": "way/309356627"
    },
    {
      "type": "Feature",
      "properties": {
        "@id": "way/309356650",
        "building": "yes",
        "shop": "mall",
        "@geometry": "center"
      },
      "geometry": {
        "type": "Point",
        "coordinates": [
          -81.3891619,
          28.3055782
        ]
      },
      "id": "way/309356650"
    },
    {
      "type": "Feature",
      "properties": {
        "@id": "node/309760521",
        "addr:city": "Orlando",
        "addr:housenumber": "325",
        "addr:postcode": "32828-7012",
        "addr:state": "FL",
        "addr:street": "North Alafaya Trail",
        "brand": "Target",
        "brand:wikidata": "Q1046951",
        "internet_access": "wlan",
        "name": "Target",
        "opening_hours": "08:00-23:00",
        "phone": "+1 407-482-8155",
        "shop": "department_store",
        "toilets": "yes",
        "toilets:wheelchair": "yes",
        "website": "https://www.target.com/sl/waterford-lakes/1760",
        "wheelchair": "yes"
      },
      "geometry": {
        "type": "Point",
        "coordinates": [
          -81.2018027,
          28.5520001
        ]
      },
      "id": "node/309760521"
    },
    {
      "type": "Feature",
      "properties": {
        "@id": "node/309765734",
        "addr:city": "Orlando",
        "addr:housenumber": "3400",
        "addr:postcode": "32828-7362",
        "addr:state": "FL",
        "addr:street": "Avalon Park East Boulevard",
        "branch": "Avalon",
        "brand": "Publix",
        "brand:wikidata": "Q672170",
        "building": "yes",
        "name": "Publix",
        "opening_hours": "Mo-Su 07:00-22:00",
        "phone": "+1 407-277-1043",
        "ref": "1092",
        "shop": "supermarket",
        "website": "https://www.publix.com/locations/1092"
      },
      "geometry": {
        "type": "Point",
        "coordinates": [
          -81.154465,
          28.5143226
        ]
      },
      "id": "node/309765734"
    },
    {
      "type": "Feature",
      "properties": {
        "@id": "way/309860114",
        "building": "yes",
        "name": "Tropical Meat & Produce",
        "shop": "supermarket",
        "@geometry": "center"
      },
      "geometry": {
        "type": "Point",
        "coordinates": [
          -81.398958,
          28.3050426
        ]
      },
      "id": "way/309860114"
    },
    {
      "type": "Feature",
      "properties": {
        "@id": "way/309867286",
        "addr:city": "Kissimmee",
        "addr:housenumber": "4763",
        "addr:postcode": "34746",
        "addr:state": "FL",
        "addr:street": "West Irlo Bronson Mem Highway",
        "brand": "Sam's Club",
        "brand:wikidata": "Q1972120",
        "building": "retail",
        "name": "Sam's Club",
        "opening_hours": "Mo-Fr 10:00-20:00; Sa 09:00-20:00; Su 10:00-18:00",
        "phone": "+1 407-397-9910",
        "ref": "4782",
        "shop": "wholesale",
        "website": "https://www.samsclub.com/club/kissimmee-fl-sams-club/4782",
        "@geometry": "center"
      },
      "geometry": {
        "type": "Point",
        "coordinates": [
          -81.4678614,
          28.3269438
        ]
      },
      "id": "way/309867286"
    },
    {
      "type": "Feature",
      "properties": {
        "@id": "way/310185187",
        "building": "yes",
        "shop": "mall",
        "@geometry": "center"
      },
      "geometry": {
        "type": "Point",
        "coordinates": [
          -81.3118939,
          28.2520923
        ]
      },
      "id": "way/310185187"
    },
    {
      "type": "Feature",
      "properties": {
        "@id": "way/310185220",
        "building": "yes",
        "shop": "mall",
        "@geometry": "center"
      },
      "geometry": {
        "type": "Point",
        "coordinates": [
          -81.3132984,
          28.2494469
        ]
      },
      "id": "way/310185220"
    },
    {
      "type": "Feature",
      "properties": {
        "@id": "way/310185291",
        "building": "yes",
        "name": "Westgate Plaza",
        "shop": "mall",
        "@geometry": "center"
      },
      "geometry": {
        "type": "Point",
        "coordinates": [
          -81.3081572,
          28.2466677
        ]
      },
      "id": "way/310185291"
    },
    {
      "type": "Feature",
      "properties": {
        "@id": "way/311065852",
        "addr:city": "Celebration",
        "addr:housenumber": "29",
        "addr:postcode": "34747-5414",
        "addr:state": "FL",
        "addr:street": "Blake Boulevard",
        "air_conditioning": "yes",
        "branch": "Water Tower Shoppes",
        "brand": "Publix",
        "brand:wikidata": "Q672170",
        "building": "yes",
        "cash_withdrawal": "yes",
        "cash_withdrawal:purchase_required": "yes",
        "catering": "yes",
        "diet:gluten_free": "yes",
        "diet:halal": "no",
        "diet:kosher": "yes",
        "internet_access": "wlan",
        "internet_access:fee": "no",
        "name": "Publix",
        "opening_hours": "Mo-Su 07:00-22:00",
        "organic": "yes",
        "phone": "+1 321-939-3100",
        "ref": "1431",
        "self_checkout": "yes",
        "shop": "supermarket",
        "stroller": "yes",
        "toilets": "yes",
        "toilets:wheelchair": "yes",
        "website": "https://www.publix.com/locations/1431",
        "wheelchair": "yes",
        "@geometry": "center"
      },
      "geometry": {
        "type": "Point",
        "coordinates": [
          -81.5266333,
          28.3311492
        ]
      },
      "id": "way/311065852"
    },
    {
      "type": "Feature",
      "properties": {
        "@id": "way/311065896",
        "addr:city": "Kissimmee",
        "addr:housenumber": "3200",
        "addr:postcode": "34747",
        "addr:state": "FL",
        "addr:street": "Rolling Oaks Boulevard",
        "brand": "Target",
        "brand:wikidata": "Q1046951",
        "building": "yes",
        "building:levels": "1",
        "changing_table": "yes",
        "internet_access": "wlan",
        "name": "Target",
        "opening_hours": "Mo-Su 08:00-00:00",
        "phone": "+1 321-677-3971",
        "shop": "department_store",
        "toilets": "yes",
        "website": "https://www.target.com/sl/orlando-sw/2370",
        "wheelchair": "yes",
        "@geometry": "center"
      },
      "geometry": {
        "type": "Point",
        "coordinates": [
          -81.6138112,
          28.3436999
        ]
      },
      "id": "way/311065896"
    },
    {
      "type": "Feature",
      "properties": {
        "@id": "way/312366265",
        "addr:city": "Kissimmee",
        "addr:country": "US",
        "addr:full": "1471 E Osceola Pkwy",
        "addr:housenumber": "1471",
        "addr:postcode": "34744",
        "addr:state": "FL",
        "addr:street": "East Osceola Parkway",
        "brand": "Walmart",
        "brand:wikidata": "Q483551",
        "building": "yes",
        "name": "Walmart Supercenter",
        "opening_hours": "24/7",
        "operator": "Walmart",
        "payment:app:walmart": "yes",
        "payment:apple_pay": "no",
        "payment:google_pay": "no",
        "payment:samsung_pay": "no",
        "phone": "+1-407-870-2277",
        "ref": "2881",
        "ref:walmart": "2881",
        "sensory_friendly:accommodation": "dimmed_light;static_screens;no_pa",
        "sensory_friendly:conditional": "yes @ 08:00-10:00",
        "shop": "supermarket",
        "toilets:wheelchair": "yes",
        "website": "https://www.walmart.com/store/2881-kissimmee-fl",
        "wheelchair": "yes",
        "@geometry": "center"
      },
      "geometry": {
        "type": "Point",
        "coordinates": [
          -81.3859152,
          28.343856
        ]
      },
      "id": "way/312366265"
    },
    {
      "type": "Feature",
      "properties": {
        "@id": "way/312366270",
        "brand": "TJ Maxx",
        "brand:wikidata": "Q10860683",
        "building": "retail",
        "check_date": "2025-12-23",
        "name": "TJ Maxx",
        "opening_hours": "Mo-Th 09:00-21:30; Fr-Sa 09:00-22:00; Su 11:00-20:00",
        "shop": "department_store",
        "wheelchair": "yes",
        "@geometry": "center"
      },
      "geometry": {
        "type": "Point",
        "coordinates": [
          -81.4302484,
          28.3427249
        ]
      },
      "id": "way/312366270"
    },
    {
      "type": "Feature",
      "properties": {
        "@id": "way/313653150",
        "addr:city": "Orlando",
        "addr:housenumber": "9498",
        "addr:postcode": "32837",
        "addr:state": "FL",
        "addr:street": "South Orange Blossom Trail",
        "brand": "Sam's Club",
        "brand:wikidata": "Q1972120",
        "building": "yes",
        "name": "Sam's Club",
        "opening_hours": "Mo-Fr 10:00-20:00; Sa 09:00-20:00; Su 10:00-18:00",
        "operator": "Walmart",
        "operator:wikidata": "Q483551",
        "phone": "+1 407-859-9056",
        "ref": "8290",
        "shop": "wholesale",
        "website": "https://www.samsclub.com/club/orlando-fl-sams-club/8290",
        "@geometry": "center"
      },
      "geometry": {
        "type": "Point",
        "coordinates": [
          -81.40738,
          28.4222799
        ]
      },
      "id": "way/313653150"
    },
    {
      "type": "Feature",
      "properties": {
        "@id": "way/313653174",
        "addr:city": "Orlando",
        "addr:housenumber": "2101",
        "addr:postcode": "32837-9283",
        "addr:state": "FL",
        "addr:street": "Water Bridge Boulevard",
        "branch": "Orlando",
        "brand": "Costco",
        "brand:wikidata": "Q715583",
        "building": "commercial",
        "name": "Costco Business Center",
        "opening_hours": "Mo-Sa 07:00-18:00; Su 08:00-16:00",
        "operator": "Costco",
        "phone": "+1-407-586-7271",
        "ref": "184",
        "shop": "wholesale",
        "website": "https://www.costco.com/warehouse-locations/orlando-bus-ctr-orlando-fl-651.html",
        "@geometry": "center"
      },
      "geometry": {
        "type": "Point",
        "coordinates": [
          -81.4068708,
          28.4045247
        ]
      },
      "id": "way/313653174"
    },
    {
      "type": "Feature",
      "properties": {
        "@id": "way/313653194",
        "addr:city": "Orlando",
        "addr:housenumber": "12381",
        "addr:postcode": "32837",
        "addr:state": "FL",
        "addr:street": "South Orange Blossom Trail",
        "building": "yes",
        "name": "Southchase Village",
        "shop": "mall",
        "@geometry": "center"
      },
      "geometry": {
        "type": "Point",
        "coordinates": [
          -81.4022138,
          28.385488
        ]
      },
      "id": "way/313653194"
    },
    {
      "type": "Feature",
      "properties": {
        "@id": "way/313780347",
        "addr:city": "Orlando",
        "addr:country": "US",
        "addr:housenumber": "5734",
        "addr:postcode": "32839",
        "addr:state": "FL",
        "addr:street": "South Orange Blossom Trail",
        "brand": "Walmart",
        "brand:wikidata": "Q483551",
        "building": "yes",
        "internet_access": "wlan",
        "internet_access:fee": "no",
        "name": "Walmart Supercenter",
        "opening_hours": "Mo-Su 06:00-23:00",
        "operator": "Walmart",
        "payment:app:walmart": "yes",
        "payment:apple_pay": "no",
        "payment:google_pay": "no",
        "payment:samsung_pay": "no",
        "phone": "+1 321-247-4817",
        "ref:walmart": "5871",
        "sensory_friendly:accommodation": "dimmed_light;static_screens;no_pa",
        "sensory_friendly:conditional": "yes @ 08:00-10:00",
        "shop": "supermarket",
        "toilets": "yes",
        "website": "https://www.walmart.com/store/5871-orlando-fl",
        "wheelchair": "yes",
        "@geometry": "center"
      },
      "geometry": {
        "type": "Point",
        "coordinates": [
          -81.3991716,
          28.4748842
        ]
      },
      "id": "way/313780347"
    },
    {
      "type": "Feature",
      "properties": {
        "@id": "way/313780395",
        "building": "yes",
        "name": "Family Food Supermarket",
        "shop": "supermarket",
        "@geometry": "center"
      },
      "geometry": {
        "type": "Point",
        "coordinates": [
          -81.3985307,
          28.5304489
        ]
      },
      "id": "way/313780395"
    },
    {
      "type": "Feature",
      "properties": {
        "@id": "way/314672912",
        "addr:city": "Orlando",
        "addr:housenumber": "10615",
        "addr:postcode": "32832-6904",
        "addr:state": "FL",
        "addr:street": "Narcoossee Road",
        "branch": "Cornerstone at Lake Hart",
        "brand": "Publix",
        "brand:wikidata": "Q672170",
        "building": "yes",
        "name": "Publix",
        "opening_hours": "Mo-Su 07:00-22:00",
        "phone": "+1 407-277-1089",
        "ref": "886",
        "shop": "supermarket",
        "toilets:wheelchair": "yes",
        "website": "https://www.publix.com/locations/886",
        "wheelchair": "yes",
        "@geometry": "center"
      },
      "geometry": {
        "type": "Point",
        "coordinates": [
          -81.240851,
          28.4129351
        ]
      },
      "id": "way/314672912"
    },
    {
      "type": "Feature",
      "properties": {
        "@id": "way/323742748",
        "addr:city": "Oviedo",
        "addr:housenumber": "5521",
        "addr:postcode": "32765",
        "addr:state": "FL",
        "addr:street": "Deep Lake Road",
        "branch": "Oviedo",
        "brand": "Kohl's",
        "brand:wikidata": "Q967265",
        "building": "yes",
        "ele": "1",
        "name": "Kohl's",
        "opening_hours": "Mo-Sa 09:00-21:00; Su 09:00-20:00",
        "phone": "+1 407-657-0190",
        "ref": "1162",
        "shop": "department_store",
        "website": "https://www.kohls.com/stores/fl/oviedo-1162.shtml",
        "wheelchair": "yes",
        "@geometry": "center"
      },
      "geometry": {
        "type": "Point",
        "coordinates": [
          -81.2601525,
          28.6160816
        ]
      },
      "id": "way/323742748"
    },
    {
      "type": "Feature",
      "properties": {
        "@id": "way/341880271",
        "access": "private",
        "building": "yes",
        "covered": "yes",
        "shop": "mall",
        "@geometry": "center"
      },
      "geometry": {
        "type": "Point",
        "coordinates": [
          -81.4208112,
          28.3671682
        ]
      },
      "id": "way/341880271"
    },
    {
      "type": "Feature",
      "properties": {
        "@id": "way/350953825",
        "addr:city": "Casselberry",
        "addr:housenumber": "3385",
        "addr:postcode": "32707-2915",
        "addr:state": "FL",
        "addr:street": "South US Highway 17/92",
        "addr:unit": "181",
        "branch": "Casselberry Collection",
        "brand": "Publix",
        "brand:wikidata": "Q672170",
        "building": "yes",
        "name": "Publix",
        "opening_hours": "Mo-Su 07:00-22:00",
        "phone": "+1 407-831-2020",
        "ref": "379",
        "shop": "supermarket",
        "website": "https://www.publix.com/locations/379-casselberry-collection",
        "@geometry": "center"
      },
      "geometry": {
        "type": "Point",
        "coordinates": [
          -81.3340367,
          28.6786935
        ]
      },
      "id": "way/350953825"
    },
    {
      "type": "Feature",
      "properties": {
        "@id": "way/356390445",
        "addr:city": "Orlando",
        "addr:country": "US",
        "addr:full": "11250 E Colonial Dr",
        "addr:housenumber": "11250",
        "addr:postcode": "32817",
        "addr:state": "FL",
        "addr:street": "East Colonial Drive",
        "brand": "Walmart",
        "brand:wikidata": "Q483551",
        "building": "yes",
        "name": "Walmart Supercenter",
        "opening_hours": "24/7",
        "operator": "Walmart",
        "payment:app:walmart": "yes",
        "payment:apple_pay": "no",
        "payment:google_pay": "no",
        "payment:samsung_pay": "no",
        "phone": "+1-407-281-8941",
        "ref": "890",
        "ref:walmart": "890",
        "sensory_friendly:accommodation": "dimmed_light;static_screens;no_pa",
        "sensory_friendly:conditional": "yes @ 08:00-10:00",
        "shop": "supermarket",
        "website": "https://www.walmart.com/store/890-orlando-fl",
        "@geometry": "center"
      },
      "geometry": {
        "type": "Point",
        "coordinates": [
          -81.2177917,
          28.565933
        ]
      },
      "id": "way/356390445"
    },
    {
      "type": "Feature",
      "properties": {
        "@id": "way/363652466",
        "building": "yes",
        "internet_access": "wlan",
        "name": "Oviedo Mall",
        "shop": "mall",
        "website": "https://www.myoviedomall.com/",
        "@geometry": "center"
      },
      "geometry": {
        "type": "Point",
        "coordinates": [
          -81.2344891,
          28.6628124
        ]
      },
      "id": "way/363652466"
    },
    {
      "type": "Feature",
      "properties": {
        "@id": "way/374404078",
        "addr:city": "Oviedo",
        "addr:country": "US",
        "addr:housenumber": "4255",
        "addr:postcode": "32765",
        "addr:state": "FL",
        "addr:street": "Alafaya Trail",
        "brand": "Walmart Neighborhood Market",
        "brand:wikidata": "Q7963529",
        "building": "retail",
        "name": "Walmart Neighborhood Market",
        "opening_hours": "24/7",
        "operator": "Walmart",
        "payment:app:walmart": "yes",
        "payment:apple_pay": "no",
        "payment:google_pay": "no",
        "payment:samsung_pay": "no",
        "phone": "+1 407-359-6707",
        "ref": "5106",
        "ref:walmart": "5106",
        "sensory_friendly:accommodation": "dimmed_light;static_screens;no_pa",
        "sensory_friendly:conditional": "yes @ 08:00-10:00",
        "shop": "supermarket",
        "website": "https://www.walmart.com/store/5106-oviedo-fl",
        "@geometry": "center"
      },
      "geometry": {
        "type": "Point",
        "coordinates": [
          -81.2091041,
          28.6133724
        ]
      },
      "id": "way/374404078"
    },
    {
      "type": "Feature",
      "properties": {
        "@id": "way/388362392",
        "addr:city": "Orlando",
        "addr:housenumber": "16825",
        "addr:postcode": "32820-1910",
        "addr:state": "FL",
        "addr:street": "East Colonial Drive",
        "branch": "Corner Lakes Plaza",
        "brand": "Publix",
        "brand:wikidata": "Q672170",
        "building": "yes",
        "name": "Publix",
        "opening_hours": "Mo-Su 07:00-22:00",
        "phone": "+1 407-568-0858",
        "ref": "897",
        "shop": "supermarket",
        "website": "https://www.publix.com/locations/897",
        "@geometry": "center"
      },
      "geometry": {
        "type": "Point",
        "coordinates": [
          -81.1308227,
          28.5625698
        ]
      },
      "id": "way/388362392"
    },
    {
      "type": "Feature",
      "properties": {
        "@id": "way/406324421",
        "addr:city": "Orlando",
        "addr:housenumber": "2873",
        "addr:postcode": "32806-5403",
        "addr:state": "FL",
        "addr:street": "South Orange Avenue",
        "branch": "The Market at Southside",
        "brand": "Publix",
        "brand:wikidata": "Q672170",
        "building": "yes",
        "name": "Publix",
        "opening_hours": "Mo-Su 07:00-22:00",
        "phone": "+1 407-872-0395",
        "ref": "436",
        "shop": "supermarket",
        "website": "https://www.publix.com/locations/436",
        "@geometry": "center"
      },
      "geometry": {
        "type": "Point",
        "coordinates": [
          -81.3732449,
          28.5101215
        ]
      },
      "id": "way/406324421"
    },
    {
      "type": "Feature",
      "properties": {
        "@id": "way/406324427",
        "addr:city": "Orlando",
        "addr:country": "US",
        "addr:housenumber": "2715",
        "addr:postcode": "32806",
        "addr:state": "FL",
        "addr:street": "South Orange Avenue",
        "brand": "Walmart Neighborhood Market",
        "brand:wikidata": "Q7963529",
        "building": "yes",
        "building:levels": "1",
        "internet_access": "wlan",
        "name": "Walmart Neighborhood Market",
        "note": "Plastic bags recycler near Customer Service counter.",
        "opening_hours": "24/7",
        "operator": "Walmart",
        "organic": "yes",
        "payment:app": "yes",
        "payment:app:walmart": "yes",
        "payment:apple_pay": "no",
        "payment:cash": "yes",
        "payment:credit_cards": "yes",
        "payment:debit_cards": "yes",
        "payment:google_pay": "no",
        "payment:samsung_pay": "no",
        "phone": "+1 407-241-4080",
        "ref": "3162",
        "ref:walmart": "3162",
        "sensory_friendly:accommodation": "dimmed_light;static_screens;no_pa",
        "sensory_friendly:conditional": "yes @ 08:00-10:00",
        "shop": "supermarket",
        "website": "https://www.walmart.com/store/3162-orlando-fl",
        "wheelchair": "yes",
        "@geometry": "center"
      },
      "geometry": {
        "type": "Point",
        "coordinates": [
          -81.3749055,
          28.5118927
        ]
      },
      "id": "way/406324427"
    },
    {
      "type": "Feature",
      "properties": {
        "@id": "way/409758700",
        "addr:housenumber": "8550",
        "addr:street": "South Orange Blossom Trail",
        "brand": "Patel Brothers",
        "brand:wikidata": "Q55641396",
        "building": "yes",
        "cuisine": "indian",
        "name": "Patel Brothers",
        "opening_hours": "Mo-Sa 07:00-19:00; Su 08:00-19:00",
        "shop": "supermarket",
        "@geometry": "center"
      },
      "geometry": {
        "type": "Point",
        "coordinates": [
          -81.4043289,
          28.4412799
        ]
      },
      "id": "way/409758700"
    },
    {
      "type": "Feature",
      "properties": {
        "@id": "way/450042782",
        "building": "yes",
        "shop": "mall",
        "@geometry": "center"
      },
      "geometry": {
        "type": "Point",
        "coordinates": [
          -81.3632504,
          28.601152
        ]
      },
      "id": "way/450042782"
    },
    {
      "type": "Feature",
      "properties": {
        "@id": "way/450043229",
        "addr:city": "Orlando",
        "addr:country": "US",
        "addr:housenumber": "430",
        "addr:postcode": "32789",
        "addr:state": "FL",
        "addr:street": "North Orlando Avenue",
        "building": "yes",
        "shop": "mall",
        "@geometry": "center"
      },
      "geometry": {
        "type": "Point",
        "coordinates": [
          -81.3645246,
          28.6008521
        ]
      },
      "id": "way/450043229"
    },
    {
      "type": "Feature",
      "properties": {
        "@id": "way/464451594",
        "addr:city": "Orlando",
        "addr:housenumber": "13200",
        "addr:postcode": "32826",
        "addr:state": "FL",
        "addr:street": "East Colonial Drive",
        "addr:unit": "100",
        "branch": "Bridewater Marketplace",
        "brand": "Winn-Dixie",
        "brand:wikidata": "Q1264366",
        "building": "yes",
        "name": "Winn-Dixie",
        "phone": "+1 407-380-5445",
        "ref": "2269",
        "shop": "supermarket",
        "website": "https://www.winndixie.com/storedetails/orlando/fl?search=2269",
        "@geometry": "center"
      },
      "geometry": {
        "type": "Point",
        "coordinates": [
          -81.1836596,
          28.5634527
        ]
      },
      "id": "way/464451594"
    },
    {
      "type": "Feature",
      "properties": {
        "@id": "way/464451608",
        "addr:city": "Orlando",
        "addr:housenumber": "12231",
        "addr:postcode": "32826-4759",
        "addr:state": "FL",
        "addr:street": "East Colonial Drive",
        "branch": "Town Park",
        "brand": "Publix",
        "brand:wikidata": "Q672170",
        "building": "yes",
        "name": "Publix",
        "opening_hours": "Mo-Su 07:00-22:00",
        "phone": "+1 407-482-1244",
        "ref": "1440",
        "shop": "supermarket",
        "website": "https://www.publix.com/locations/1440",
        "@geometry": "center"
      },
      "geometry": {
        "type": "Point",
        "coordinates": [
          -81.1962609,
          28.5678165
        ]
      },
      "id": "way/464451608"
    },
    {
      "type": "Feature",
      "properties": {
        "@id": "way/465253079",
        "addr:city": "Orlando",
        "addr:housenumber": "5132",
        "addr:postcode": "32808",
        "addr:state": "FL",
        "addr:street": "West Colonial Drive",
        "building": "retail",
        "description": "Asian grocery store.",
        "name": "1st Oriental Market",
        "name:en": "Enson",
        "name:zh": "東方超市",
        "opening_hours": "Mo-Su 07:00-23:00",
        "phone": "+1-407-292-3668",
        "shop": "supermarket",
        "@geometry": "center"
      },
      "geometry": {
        "type": "Point",
        "coordinates": [
          -81.4504534,
          28.5503493
        ]
      },
      "id": "way/465253079"
    },
    {
      "type": "Feature",
      "properties": {
        "@id": "way/469237491",
        "addr:city": "Windermere",
        "addr:housenumber": "13450",
        "addr:postcode": "34786-7366",
        "addr:state": "FL",
        "addr:street": "Summerport Village Parkway",
        "branch": "Cornerstone at Summerport",
        "brand": "Publix",
        "brand:wikidata": "Q672170",
        "building": "yes",
        "name": "Publix",
        "opening_hours": "Mo-Su 07:00-22:00",
        "phone": "+1 407-905-0199",
        "ref": "1106",
        "shop": "supermarket",
        "website": "https://www.publix.com/locations/1106",
        "@geometry": "center"
      },
      "geometry": {
        "type": "Point",
        "coordinates": [
          -81.583813,
          28.4765526
        ]
      },
      "id": "way/469237491"
    },
    {
      "type": "Feature",
      "properties": {
        "@id": "node/475270714",
        "addr:city": "Oviedo",
        "addr:housenumber": "1801",
        "addr:postcode": "32765-8597",
        "addr:state": "FL",
        "addr:street": "East Broadway Street",
        "branch": "Riverside Landings",
        "brand": "Publix",
        "brand:wikidata": "Q672170",
        "name": "Publix",
        "opening_hours": "Mo-Su 07:00-22:00",
        "phone": "+1 407-971-1774",
        "ref": "675",
        "shop": "supermarket",
        "website": "https://www.publix.com/locations/675",
        "wheelchair": "yes"
      },
      "geometry": {
        "type": "Point",
        "coordinates": [
          -81.1784097,
          28.6611393
        ]
      },
      "id": "node/475270714"
    },
    {
      "type": "Feature",
      "properties": {
        "@id": "node/475273103",
        "addr:city": "Oviedo",
        "addr:housenumber": "1021",
        "addr:postcode": "32765",
        "addr:state": "FL",
        "addr:street": "Lockwood Boulevard",
        "branch": "Lockwood Shopping Center",
        "brand": "Aldi",
        "brand:wikidata": "Q41171672",
        "name": "Aldi",
        "phone": "+1 407-977-0066",
        "ref": "2271",
        "shop": "supermarket",
        "website": "https://www.winndixie.com/storedetails/oviedo/fl?search=2271"
      },
      "geometry": {
        "type": "Point",
        "coordinates": [
          -81.1779377,
          28.6564516
        ]
      },
      "id": "node/475273103"
    },
    {
      "type": "Feature",
      "properties": {
        "@id": "node/475289749",
        "addr:city": "Oviedo",
        "addr:housenumber": "81",
        "addr:postcode": "32765-6235",
        "addr:state": "FL",
        "addr:street": "Alafaya Woods Boulevard",
        "branch": "Alafaya Square",
        "brand": "Publix",
        "brand:wikidata": "Q672170",
        "name": "Publix",
        "opening_hours": "Mo-Su 07:00-22:00",
        "ref": "1889",
        "shop": "supermarket",
        "website": "https://www.publix.com/locations/1889"
      },
      "geometry": {
        "type": "Point",
        "coordinates": [
          -81.2051351,
          28.6504963
        ]
      },
      "id": "node/475289749"
    },
    {
      "type": "Feature",
      "properties": {
        "@id": "node/475295243",
        "addr:city": "Winter Springs",
        "addr:housenumber": "5655",
        "addr:postcode": "32708",
        "addr:state": "FL",
        "addr:street": "Red Bug Lake Road",
        "branch": "Willa Springs Village",
        "brand": "Publix",
        "brand:wikidata": "Q672170",
        "name": "Publix",
        "opening_hours": "Mo-Su 07:00-22:00",
        "phone": "+1 407-695-0922",
        "ref": "796",
        "shop": "supermarket",
        "website": "https://www.publix.com/locations/796-willa-springs-village"
      },
      "geometry": {
        "type": "Point",
        "coordinates": [
          -81.2697741,
          28.6464495
        ]
      },
      "id": "node/475295243"
    },
    {
      "type": "Feature",
      "properties": {
        "@id": "way/476822007",
        "addr:city": "Orlando",
        "addr:housenumber": "5265",
        "addr:postcode": "32839-5025",
        "addr:state": "FL",
        "addr:street": "South John Young Parkway",
        "branch": "Plaza at Millenia",
        "brand": "Publix",
        "brand:wikidata": "Q672170",
        "building": "retail",
        "name": "Publix",
        "opening_hours": "Mo-Su 07:00-22:00",
        "phone": "+1 407-816-8335",
        "ref": "605",
        "shop": "supermarket",
        "website": "https://www.publix.com/locations/605",
        "@geometry": "center"
      },
      "geometry": {
        "type": "Point",
        "coordinates": [
          -81.4151104,
          28.4877071
        ]
      },
      "id": "way/476822007"
    },
    {
      "type": "Feature",
      "properties": {
        "@id": "way/478581082",
        "building": "yes",
        "building:levels": "2",
        "name": "Altamonte Mall",
        "opening_hours": "Mo-Sa 10:00-21:00; Su 12:00-18:00",
        "shop": "mall",
        "wheelchair": "yes",
        "@geometry": "center"
      },
      "geometry": {
        "type": "Point",
        "coordinates": [
          -81.3773841,
          28.666587
        ]
      },
      "id": "way/478581082"
    },
    {
      "type": "Feature",
      "properties": {
        "@id": "way/478581084",
        "addr:city": "Altamonte Springs",
        "addr:housenumber": "340",
        "addr:postcode": "32714",
        "addr:state": "FL",
        "addr:street": "South State Route 434",
        "addr:unit": "1034",
        "branch": "West Town Shopping Center",
        "brand": "Winn-Dixie",
        "brand:wikidata": "Q1264366",
        "building": "yes",
        "building:levels": "1",
        "name": "Winn-Dixie",
        "phone": "+1 407-682-1703",
        "ref": "2388",
        "shop": "supermarket",
        "website": "https://www.winndixie.com/storedetails/altamonte%20springs/fl?search=2388",
        "@geometry": "center"
      },
      "geometry": {
        "type": "Point",
        "coordinates": [
          -81.4225934,
          28.6575237
        ]
      },
      "id": "way/478581084"
    },
    {
      "type": "Feature",
      "properties": {
        "@id": "way/544457632",
        "addr:city": "Maitland",
        "addr:housenumber": "242",
        "addr:postcode": "32751",
        "addr:state": "FL",
        "addr:street": "Orlando Avenue",
        "branch": "Maitland Place",
        "brand": "Publix",
        "brand:wikidata": "Q672170",
        "building": "yes",
        "name": "Publix",
        "opening_hours": "Mo-Su 07:00-22:00",
        "phone": "+1 407-599-0202",
        "ref": "1070",
        "shop": "supermarket",
        "website": "https://www.publix.com/locations/1070",
        "@geometry": "center"
      },
      "geometry": {
        "type": "Point",
        "coordinates": [
          -81.3621752,
          28.6288121
        ]
      },
      "id": "way/544457632"
    },
    {
      "type": "Feature",
      "properties": {
        "@id": "way/547263637",
        "building": "yes",
        "shop": "mall",
        "@geometry": "center"
      },
      "geometry": {
        "type": "Point",
        "coordinates": [
          -81.3693509,
          28.4715845
        ]
      },
      "id": "way/547263637"
    },
    {
      "type": "Feature",
      "properties": {
        "@id": "way/547496773",
        "building": "yes",
        "shop": "mall",
        "@geometry": "center"
      },
      "geometry": {
        "type": "Point",
        "coordinates": [
          -81.2938236,
          28.5676905
        ]
      },
      "id": "way/547496773"
    },
    {
      "type": "Feature",
      "properties": {
        "@id": "way/547496774",
        "building": "yes",
        "shop": "mall",
        "@geometry": "center"
      },
      "geometry": {
        "type": "Point",
        "coordinates": [
          -81.2896774,
          28.5687682
        ]
      },
      "id": "way/547496774"
    },
    {
      "type": "Feature",
      "properties": {
        "@id": "way/547505313",
        "building": "yes",
        "shop": "mall",
        "@geometry": "center"
      },
      "geometry": {
        "type": "Point",
        "coordinates": [
          -81.386028,
          28.4665847
        ]
      },
      "id": "way/547505313"
    },
    {
      "type": "Feature",
      "properties": {
        "@id": "way/548607206",
        "addr:city": "Orlando",
        "addr:country": "US",
        "addr:housenumber": "2271",
        "addr:postcode": "32807",
        "addr:state": "FL",
        "addr:street": "North Semoran Boulevard",
        "brand": "Walmart",
        "brand:wikidata": "Q483551",
        "building": "yes",
        "name": "Walmart Neighborhood Market",
        "opening_hours": "Mo-Su 06:00-24:00",
        "operator": "Walmart",
        "payment:app:walmart": "yes",
        "payment:apple_pay": "no",
        "payment:google_pay": "no",
        "payment:samsung_pay": "no",
        "phone": "+1 407-551-5160",
        "ref": "5988",
        "ref:walmart": "5988",
        "sensory_friendly:accommodation": "dimmed_light;static_screens;no_pa",
        "sensory_friendly:conditional": "yes @ 08:00-10:00",
        "shop": "supermarket",
        "website": "https://www.walmart.com/store/5988-orlando-fl",
        "@geometry": "center"
      },
      "geometry": {
        "type": "Point",
        "coordinates": [
          -81.3085787,
          28.5763455
        ]
      },
      "id": "way/548607206"
    },
    {
      "type": "Feature",
      "properties": {
        "@id": "way/551194369",
        "addr:city": "Orlando",
        "addr:housenumber": "4696",
        "addr:postcode": "32839-2171",
        "addr:state": "FL",
        "addr:street": "Gardens Park Boulevard",
        "branch": "South Orlando",
        "brand": "Costco",
        "brand:wikidata": "Q715583",
        "building": "yes",
        "name": "Costco",
        "name:ja": "コストコ ホールセール",
        "opening_hours": "Mo-Fr 10:00-20:30; Sa 09:30-18:00; Su 10:00-18:00",
        "phone": "+1 407-586-7221",
        "ref": "1235",
        "shop": "wholesale",
        "website": "https://www.costco.com/warehouse-locations/s-orlando-orlando-fl-1235.html",
        "@geometry": "center"
      },
      "geometry": {
        "type": "Point",
        "coordinates": [
          -81.4256883,
          28.4960774
        ]
      },
      "id": "way/551194369"
    },
    {
      "type": "Feature",
      "properties": {
        "@id": "way/551271893",
        "building": "yes",
        "name": "MJ Center",
        "shop": "mall",
        "wheelchair": "yes",
        "@geometry": "center"
      },
      "geometry": {
        "type": "Point",
        "coordinates": [
          -81.4039969,
          28.3970585
        ]
      },
      "id": "way/551271893"
    },
    {
      "type": "Feature",
      "properties": {
        "@id": "way/551561081",
        "addr:city": "Kissimmee",
        "addr:housenumber": "740",
        "addr:postcode": "34741",
        "addr:state": "FL",
        "addr:street": "West Osceola Parkway",
        "addr:unit": "300",
        "alt_name": "Burlington Coat Factory",
        "brand": "Burlington",
        "brand:wikidata": "Q4999220",
        "building": "yes",
        "name": "Burlington",
        "opening_hours": "Mo-Th 09:00-23:00; Fr-Sa 09:00-24:00; Su 09:00-23:00",
        "phone": "+1 321-697-5021",
        "ref": "983",
        "shop": "department_store",
        "website": "https://stores.burlington.com/fl/kissimmee/983",
        "@geometry": "center"
      },
      "geometry": {
        "type": "Point",
        "coordinates": [
          -81.4096834,
          28.3381134
        ]
      },
      "id": "way/551561081"
    },
    {
      "type": "Feature",
      "properties": {
        "@id": "way/551602149",
        "brand": "Marshalls",
        "brand:wikidata": "Q15903261",
        "building": "yes",
        "check_date": "2025-12-23",
        "name": "Marshalls",
        "shop": "department_store",
        "@geometry": "center"
      },
      "geometry": {
        "type": "Point",
        "coordinates": [
          -81.4103127,
          28.3422574
        ]
      },
      "id": "way/551602149"
    },
    {
      "type": "Feature",
      "properties": {
        "@id": "way/552251004",
        "addr:city": "Orlando",
        "addr:housenumber": "7143",
        "addr:postcode": "32822",
        "addr:state": "FL",
        "addr:street": "Narcoossee Road",
        "brand": "Kohl's",
        "brand:wikidata": "Q967265",
        "building": "yes",
        "name": "Kohl's",
        "opening_hours": "Mo-Sa 09:00-21:00; Su 09:00-20:00",
        "phone": "+1-407-382-8558",
        "shop": "department_store",
        "@geometry": "center"
      },
      "geometry": {
        "type": "Point",
        "coordinates": [
          -81.2696965,
          28.4615202
        ]
      },
      "id": "way/552251004"
    },
    {
      "type": "Feature",
      "properties": {
        "@id": "way/552980417",
        "addr:city": "Apopka",
        "addr:housenumber": "1500",
        "addr:postcode": "32703",
        "addr:state": "FL",
        "addr:street": "South Orange Blossom Trail",
        "brand": "Sam's Club",
        "brand:wikidata": "Q1972120",
        "building": "yes",
        "name": "Sam's Club",
        "opening_hours": "Mo-Su 09:00-20:00",
        "phone": "+1 407-553-4127",
        "ref": "6189",
        "shop": "wholesale",
        "toilets:wheelchair": "yes",
        "website": "https://www.samsclub.com/club/apopka-fl-sams-club/6189",
        "wheelchair": "yes",
        "@geometry": "center"
      },
      "geometry": {
        "type": "Point",
        "coordinates": [
          -81.4719826,
          28.6539199
        ]
      },
      "id": "way/552980417"
    },
    {
      "type": "Feature",
      "properties": {
        "@id": "way/554588728",
        "addr:city": "Winter Garden",
        "addr:country": "US",
        "addr:housenumber": "16313",
        "addr:postcode": "34787",
        "addr:state": "FL",
        "addr:street": "New Independence Parkway;New Independence Parkway",
        "brand": "Walmart",
        "brand:wikidata": "Q483551",
        "building": "yes",
        "name": "Walmart Supercenter",
        "opening_hours": "24/7",
        "operator": "Walmart",
        "payment:app:walmart": "yes",
        "payment:apple_pay": "no",
        "payment:credit_cards": "yes",
        "payment:google_pay": "no",
        "payment:samsung_pay": "no",
        "phone": "+1 407-554-0182",
        "ref": "110",
        "ref:walmart": "110",
        "sensory_friendly:accommodation": "dimmed_light;static_screens;no_pa",
        "sensory_friendly:conditional": "yes @ 08:00-10:00",
        "shop": "supermarket",
        "website": "https://www.walmart.com/store/110-winter-garden-fl",
        "wheelchair": "yes",
        "@geometry": "center"
      },
      "geometry": {
        "type": "Point",
        "coordinates": [
          -81.6296038,
          28.4764586
        ]
      },
      "id": "way/554588728"
    },
    {
      "type": "Feature",
      "properties": {
        "@id": "way/555005599",
        "addr:city": "Kissimmee",
        "addr:housenumber": "3831",
        "addr:postcode": "34741",
        "addr:state": "FL",
        "addr:street": "West Vine Street",
        "building": "yes",
        "name": "Plaza del Sol",
        "shop": "mall",
        "wheelchair": "yes",
        "@geometry": "center"
      },
      "geometry": {
        "type": "Point",
        "coordinates": [
          -81.4428625,
          28.3070072
        ]
      },
      "id": "way/555005599"
    },
    {
      "type": "Feature",
      "properties": {
        "@id": "way/555055356",
        "building": "yes",
        "name": "Sevilla Plaza",
        "shop": "mall",
        "@geometry": "center"
      },
      "geometry": {
        "type": "Point",
        "coordinates": [
          -81.4684437,
          28.3138326
        ]
      },
      "id": "way/555055356"
    },
    {
      "type": "Feature",
      "properties": {
        "@id": "way/556383810",
        "addr:city": "Winter Garden",
        "addr:housenumber": "5400",
        "addr:postcode": "34787",
        "addr:state": "FL",
        "addr:street": "Hamlin Groves Trail",
        "branch": "Hamlin Cove",
        "brand": "Publix",
        "brand:wikidata": "Q672170",
        "building": "yes",
        "name": "Publix",
        "opening_hours": "Mo-Su 07:00-22:00",
        "phone": "+1 407-654-6157",
        "ref": "1567",
        "shop": "supermarket",
        "website": "https://www.publix.com/locations/1567",
        "wheelchair": "yes",
        "@geometry": "center"
      },
      "geometry": {
        "type": "Point",
        "coordinates": [
          -81.6298419,
          28.4725566
        ]
      },
      "id": "way/556383810"
    },
    {
      "type": "Feature",
      "properties": {
        "@id": "way/556842638",
        "addr:city": "Oviedo",
        "addr:housenumber": "820",
        "addr:postcode": "32765-9348",
        "addr:state": "FL",
        "addr:street": "Oviedo Mall Boulevard",
        "brand": "Target",
        "brand:wikidata": "Q1046951",
        "building": "retail",
        "name": "Target",
        "opening_hours": "Su 08:00-10:00; Mo-Sa 08:00-23:00",
        "phone": "+1 407-366-5900",
        "shop": "department_store",
        "website": "https://www.target.com/sl/oviedo/897",
        "@geometry": "center"
      },
      "geometry": {
        "type": "Point",
        "coordinates": [
          -81.2350833,
          28.6575837
        ]
      },
      "id": "way/556842638"
    },
    {
      "type": "Feature",
      "properties": {
        "@id": "way/557709731",
        "addr:city": "Orlando",
        "addr:housenumber": "11920",
        "addr:postcode": "32832",
        "addr:state": "FL",
        "addr:street": "Narcoossee Road",
        "brand": "Sam's Club",
        "brand:wikidata": "Q1972120",
        "building": "commercial",
        "name": "Sam's Club",
        "opening_hours": "Mo-Sa 09:00-20:00, Su 10:00-18:00",
        "phone": "+1 407-204-8629",
        "ref": "4828",
        "shop": "wholesale",
        "website": "https://www.samsclub.com/",
        "@geometry": "center"
      },
      "geometry": {
        "type": "Point",
        "coordinates": [
          -81.2483309,
          28.3930924
        ]
      },
      "id": "way/557709731"
    },
    {
      "type": "Feature",
      "properties": {
        "@id": "way/567915708",
        "building": "commercial",
        "name": "Sedanos",
        "shop": "supermarket",
        "wheelchair": "yes",
        "@geometry": "center"
      },
      "geometry": {
        "type": "Point",
        "coordinates": [
          -81.3113398,
          28.5221267
        ]
      },
      "id": "way/567915708"
    },
    {
      "type": "Feature",
      "properties": {
        "@id": "way/569773222",
        "addr:city": "Orlando",
        "addr:housenumber": "1890",
        "addr:postcode": "32822",
        "addr:state": "FL",
        "addr:street": "South Semoran Boulevard",
        "brand": "Ross",
        "brand:wikidata": "Q3442791",
        "building": "yes",
        "building:levels": "3",
        "name": "Ross",
        "official_name": "Ross Dress for Less",
        "opening_hours": "Mo-Th 09:00-22:30; Fr-Sa 09:00-23:00; Su 09:00-22:00",
        "phone": "+1 407-273-7571",
        "ref": "272",
        "roof:colour": "grey",
        "roof:material": "concrete",
        "shop": "department_store",
        "toilets": "yes",
        "@geometry": "center"
      },
      "geometry": {
        "type": "Point",
        "coordinates": [
          -81.3124198,
          28.5207684
        ]
      },
      "id": "way/569773222"
    },
    {
      "type": "Feature",
      "properties": {
        "@id": "way/569773224",
        "addr:city": "Orlando",
        "addr:housenumber": "1900",
        "addr:postcode": "32822",
        "addr:state": "FL",
        "addr:street": "South Semoran Boulevard",
        "brand": "Aldi",
        "brand:wikidata": "Q41171672",
        "building": "yes",
        "building:levels": "3",
        "name": "Aldi",
        "opening_hours": "Mo-Su 09:00-20:00",
        "phone": "+1 888-474-7020",
        "shop": "supermarket",
        "website": "https://stores.aldi.us/fl/orlando/1900-s-semoran-blvd",
        "@geometry": "center"
      },
      "geometry": {
        "type": "Point",
        "coordinates": [
          -81.312391,
          28.5199501
        ]
      },
      "id": "way/569773224"
    },
    {
      "type": "Feature",
      "properties": {
        "@id": "way/586681201",
        "addr:city": "Casselberry",
        "addr:country": "US",
        "addr:housenumber": "1239",
        "addr:postcode": "32707",
        "addr:state": "FL",
        "addr:street": "State Road 436",
        "addr:unit": "101",
        "brand": "Walmart",
        "brand:wikidata": "Q483551",
        "building": "yes",
        "name": "Walmart Supercenter",
        "opening_hours": "24/7",
        "operator": "Walmart",
        "payment:app:walmart": "yes",
        "payment:apple_pay": "no",
        "payment:google_pay": "no",
        "payment:samsung_pay": "no",
        "phone": "+1 407-679-0377",
        "ref": "943",
        "ref:walmart": "943",
        "sensory_friendly:accommodation": "dimmed_light;static_screens;no_pa",
        "sensory_friendly:conditional": "yes @ 08:00-10:00",
        "shop": "supermarket",
        "website": "https://www.walmart.com/store/943-casselberry-fl",
        "@geometry": "center"
      },
      "geometry": {
        "type": "Point",
        "coordinates": [
          -81.3233302,
          28.6349605
        ]
      },
      "id": "way/586681201"
    },
    {
      "type": "Feature",
      "properties": {
        "@id": "way/586681353",
        "building": "yes",
        "name": "Key Food",
        "shop": "supermarket",
        "@geometry": "center"
      },
      "geometry": {
        "type": "Point",
        "coordinates": [
          -81.3325798,
          28.6556314
        ]
      },
      "id": "way/586681353"
    },
    {
      "type": "Feature",
      "properties": {
        "@id": "way/587054581",
        "addr:city": "Orlando",
        "addr:housenumber": "880",
        "addr:postcode": "32809-7710",
        "addr:state": "FL",
        "addr:street": "Sand Lake Road",
        "brand": "Target",
        "brand:wikidata": "Q1046951",
        "building": "retail",
        "changing_table": "yes",
        "name": "Target",
        "opening_hours": "08:00-22:00",
        "phone": "+1 407-856-5459",
        "shop": "department_store",
        "toilets": "yes",
        "website": "https://www.target.com/sl/orlando-sand-lake-rd/650",
        "@geometry": "center"
      },
      "geometry": {
        "type": "Point",
        "coordinates": [
          -81.391239,
          28.4496699
        ]
      },
      "id": "way/587054581"
    },
    {
      "type": "Feature",
      "properties": {
        "@id": "way/587054584",
        "building": "yes",
        "name": "Casa",
        "shop": "mall",
        "@geometry": "center"
      },
      "geometry": {
        "type": "Point",
        "coordinates": [
          -81.3891671,
          28.4470552
        ]
      },
      "id": "way/587054584"
    },
    {
      "type": "Feature",
      "properties": {
        "@id": "way/588224721",
        "addr:city": "Orlando",
        "addr:country": "US",
        "addr:state": "FL",
        "brand": "Dollar General",
        "brand:wikidata": "Q145168",
        "building": "yes",
        "check_date": "2025-04-01",
        "check_date:opening_hours": "2025-04-01",
        "name": "Dollar General Market",
        "opening_hours": "Mo-Su 07:00-22:00",
        "shop": "supermarket",
        "source": "Local Knowledge",
        "@geometry": "center"
      },
      "geometry": {
        "type": "Point",
        "coordinates": [
          -81.4722762,
          28.5382186
        ]
      },
      "id": "way/588224721"
    },
    {
      "type": "Feature",
      "properties": {
        "@id": "node/593876330",
        "check_date": "2026-04-04",
        "level": "0",
        "name": "Mitsukoshi Department Store",
        "shop": "department_store",
        "wheelchair": "yes"
      },
      "geometry": {
        "type": "Point",
        "coordinates": [
          -81.5506032,
          28.3672178
        ]
      },
      "id": "node/593876330"
    },
    {
      "type": "Feature",
      "properties": {
        "@id": "way/604509147",
        "addr:city": "Orlando",
        "addr:country": "US",
        "addr:housenumber": "9047",
        "addr:postcode": "32825",
        "addr:state": "FL",
        "addr:street": "Curry Ford Road",
        "brand": "Walmart Neighborhood Market",
        "brand:wikidata": "Q7963529",
        "building": "yes",
        "name": "Walmart Neighborhood Market",
        "opening_hours": "Mo-Su 06:00-24:00",
        "operator": "Walmart",
        "payment:app:walmart": "yes",
        "payment:apple_pay": "no",
        "payment:google_pay": "no",
        "payment:samsung_pay": "no",
        "phone": "+1 407-845-6531",
        "ref": "5741",
        "ref:walmart": "5741",
        "sensory_friendly:accommodation": "dimmed_light;static_screens;no_pa",
        "sensory_friendly:conditional": "yes @ 08:00-10:00",
        "shop": "supermarket",
        "toilets:wheelchair": "no",
        "website": "https://www.walmart.com/store/5741/orlando-fl",
        "wheelchair": "yes",
        "@geometry": "center"
      },
      "geometry": {
        "type": "Point",
        "coordinates": [
          -81.2586873,
          28.5112263
        ]
      },
      "id": "way/604509147"
    },
    {
      "type": "Feature",
      "properties": {
        "@id": "way/605921891",
        "addr:city": "Orlando",
        "addr:housenumber": "409",
        "addr:postcode": "32825-7803",
        "addr:state": "FL",
        "addr:street": "South Chickasaw Trail",
        "branch": "Rio Pinar Plaza",
        "brand": "Publix",
        "brand:wikidata": "Q672170",
        "building": "retail",
        "fixme": "check location",
        "name": "Publix",
        "opening_hours": "Mo-Su 07:00-22:00",
        "phone": "+1 407-277-0635",
        "ref": "1122",
        "shop": "supermarket",
        "website": "https://www.publix.com/locations/1122",
        "@geometry": "center"
      },
      "geometry": {
        "type": "Point",
        "coordinates": [
          -81.2738885,
          28.5377114
        ]
      },
      "id": "way/605921891"
    },
    {
      "type": "Feature",
      "properties": {
        "@id": "node/648467012",
        "addr:city": "Orlando",
        "addr:housenumber": "5350",
        "addr:postcode": "32821",
        "addr:state": "FL",
        "addr:street": "Central Florida Parkway",
        "branch": "Williamsburg Downs Shopping Center",
        "brand": "Publix",
        "brand:wikidata": "Q672170",
        "name": "Publix",
        "opening_hours": "Mo-Su 07:00-22:00",
        "phone": "+1 407-465-1139",
        "ref": "274",
        "shop": "supermarket",
        "website": "https://www.publix.com/locations/1610"
      },
      "geometry": {
        "type": "Point",
        "coordinates": [
          -81.448289,
          28.4070505
        ]
      },
      "id": "node/648467012"
    },
    {
      "type": "Feature",
      "properties": {
        "@id": "way/670627544",
        "building": "yes",
        "shop": "mall",
        "@geometry": "center"
      },
      "geometry": {
        "type": "Point",
        "coordinates": [
          -81.4701452,
          28.6747461
        ]
      },
      "id": "way/670627544"
    },
    {
      "type": "Feature",
      "properties": {
        "@id": "node/700913513",
        "addr:city": "Orlando",
        "addr:country": "US",
        "addr:housenumber": "433",
        "addr:postcode": "32828",
        "addr:state": "FL",
        "addr:street": "Avalon Park South Boulevard",
        "brand": "Walmart",
        "brand:wikidata": "Q483551",
        "description": "Grocery store with liquor store",
        "name": "Walmart Neighborhood Market",
        "opening_hours": "Mo-Su 06:00-24:00",
        "operator": "Walmart",
        "payment:app:walmart": "yes",
        "payment:apple_pay": "no",
        "payment:google_pay": "no",
        "payment:samsung_pay": "no",
        "phone": "+1 407-207-0071",
        "ref": "3817",
        "ref:walmart": "3817",
        "sensory_friendly:accommodation": "dimmed_light;static_screens;no_pa",
        "sensory_friendly:conditional": "yes @ 08:00-10:00",
        "shop": "supermarket",
        "website": "https://www.walmart.com/store/3817-orlando-fl"
      },
      "geometry": {
        "type": "Point",
        "coordinates": [
          -81.1489443,
          28.5370595
        ]
      },
      "id": "node/700913513"
    },
    {
      "type": "Feature",
      "properties": {
        "@id": "way/707081099",
        "brand": "Save-A-Lot",
        "brand:wikidata": "Q7427972",
        "building": "yes",
        "name": "Save-A-Lot",
        "shop": "supermarket",
        "website": "https://savealot.com/grocery-stores/orlando-32805-61339/",
        "@geometry": "center"
      },
      "geometry": {
        "type": "Point",
        "coordinates": [
          -81.4267187,
          28.5171915
        ]
      },
      "id": "way/707081099"
    },
    {
      "type": "Feature",
      "properties": {
        "@id": "way/710577606",
        "building": "yes",
        "phone": "+1-407-628-4357",
        "shop": "mall",
        "website": "https://www.seniorhelpers.com/fl/orlando",
        "@geometry": "center"
      },
      "geometry": {
        "type": "Point",
        "coordinates": [
          -81.3633564,
          28.6022661
        ]
      },
      "id": "way/710577606"
    },
    {
      "type": "Feature",
      "properties": {
        "@id": "way/710577608",
        "building": "yes",
        "shop": "mall",
        "@geometry": "center"
      },
      "geometry": {
        "type": "Point",
        "coordinates": [
          -81.3644963,
          28.6020929
        ]
      },
      "id": "way/710577608"
    },
    {
      "type": "Feature",
      "properties": {
        "@id": "way/710577609",
        "building": "yes",
        "shop": "mall",
        "@geometry": "center"
      },
      "geometry": {
        "type": "Point",
        "coordinates": [
          -81.36293,
          28.6030521
        ]
      },
      "id": "way/710577609"
    },
    {
      "type": "Feature",
      "properties": {
        "@id": "way/710577610",
        "building": "yes",
        "shop": "mall",
        "@geometry": "center"
      },
      "geometry": {
        "type": "Point",
        "coordinates": [
          -81.3644829,
          28.6032004
        ]
      },
      "id": "way/710577610"
    },
    {
      "type": "Feature",
      "properties": {
        "@id": "way/721213833",
        "building": "yes",
        "shop": "mall",
        "@geometry": "center"
      },
      "geometry": {
        "type": "Point",
        "coordinates": [
          -81.365904,
          28.5982703
        ]
      },
      "id": "way/721213833"
    },
    {
      "type": "Feature",
      "properties": {
        "@id": "way/721213834",
        "building": "yes",
        "shop": "mall",
        "@geometry": "center"
      },
      "geometry": {
        "type": "Point",
        "coordinates": [
          -81.3661695,
          28.5979024
        ]
      },
      "id": "way/721213834"
    },
    {
      "type": "Feature",
      "properties": {
        "@id": "way/721213835",
        "building": "yes",
        "shop": "mall",
        "@geometry": "center"
      },
      "geometry": {
        "type": "Point",
        "coordinates": [
          -81.3661742,
          28.5974767
        ]
      },
      "id": "way/721213835"
    },
    {
      "type": "Feature",
      "properties": {
        "@id": "way/722093966",
        "addr:city": "Windermere",
        "addr:housenumber": "5865",
        "addr:postcode": "34786",
        "addr:state": "FL",
        "addr:street": "Winter Garden Vineland Road",
        "brand": "ALDI",
        "brand:wikidata": "Q41171672",
        "building": "yes",
        "name": "ALDI",
        "opening_hours": "Mo-Sa 09:00-20:00; Su 09:00-20:00",
        "phone": "+1 833-474-7161",
        "shop": "supermarket",
        "shopping": "market",
        "website": "https://stores.aldi.us/fl/windermere/5865-winter-garden-vineland",
        "@geometry": "center"
      },
      "geometry": {
        "type": "Point",
        "coordinates": [
          -81.5797018,
          28.4791659
        ]
      },
      "id": "way/722093966"
    },
    {
      "type": "Feature",
      "properties": {
        "@id": "way/722997497",
        "addr:city": "Orlando",
        "addr:housenumber": "14185",
        "addr:postcode": "32824",
        "addr:state": "FL",
        "addr:street": "Lake Nona Boulevard",
        "branch": "Lake Nona Creekside",
        "brand": "Publix",
        "brand:wikidata": "Q672170",
        "building": "commercial",
        "name": "Publix",
        "opening_hours": "Mo-Su 07:00-22:00",
        "phone": "+1 407-816-8064",
        "ref": "1625",
        "shop": "supermarket",
        "website": "https://www.publix.com/locations/1625",
        "wheelchair": "yes",
        "@geometry": "center"
      },
      "geometry": {
        "type": "Point",
        "coordinates": [
          -81.3122596,
          28.3649288
        ]
      },
      "id": "way/722997497"
    },
    {
      "type": "Feature",
      "properties": {
        "@id": "way/736911088",
        "addr:city": "Winter Garden",
        "addr:housenumber": "15502",
        "addr:postcode": "34787-4767",
        "addr:state": "FL",
        "addr:street": "Stoneybrook West Parkway",
        "addr:unit": "100",
        "branch": "Stoneybrook West Village",
        "brand": "Publix",
        "brand:wikidata": "Q672170",
        "building": "yes",
        "name": "Publix",
        "opening_hours": "Mo-Su 07:00-22:00",
        "phone": "+1 407-654-6404",
        "ref": "1158",
        "shop": "supermarket",
        "website": "https://www.publix.com/locations/1158",
        "@geometry": "center"
      },
      "geometry": {
        "type": "Point",
        "coordinates": [
          -81.6187218,
          28.5163275
        ]
      },
      "id": "way/736911088"
    },
    {
      "type": "Feature",
      "properties": {
        "@id": "way/776904202",
        "brand": "Bravo",
        "brand:wikidata": "Q16985159",
        "building": "commercial",
        "name": "Bravo",
        "shop": "supermarket",
        "@geometry": "center"
      },
      "geometry": {
        "type": "Point",
        "coordinates": [
          -81.3875808,
          28.3394596
        ]
      },
      "id": "way/776904202"
    },
    {
      "type": "Feature",
      "properties": {
        "@id": "way/794597762",
        "addr:city": "Kissimmee",
        "addr:housenumber": "2625",
        "addr:postcode": "34744-4675",
        "addr:state": "FL",
        "addr:street": "Simpson Road",
        "branch": "Boggy Creek Marketplace",
        "brand": "Publix",
        "brand:wikidata": "Q672170",
        "building": "yes",
        "name": "Publix",
        "opening_hours": "Mo-Su 07:00-22:00",
        "phone": "+1 407-962-0219",
        "ref": "1502",
        "shop": "supermarket",
        "website": "https://www.publix.com/locations/1502",
        "@geometry": "center"
      },
      "geometry": {
        "type": "Point",
        "coordinates": [
          -81.3369259,
          28.3203789
        ]
      },
      "id": "way/794597762"
    },
    {
      "type": "Feature",
      "properties": {
        "@id": "way/794604190",
        "addr:city": "Longwood",
        "addr:housenumber": "2381",
        "addr:postcode": "32779-4984",
        "addr:state": "FL",
        "addr:street": "West State Road 434",
        "branch": "Springs Plaza",
        "brand": "Publix",
        "brand:wikidata": "Q672170",
        "building": "yes",
        "name": "Publix",
        "opening_hours": "Mo-Su 07:00-22:00",
        "phone": "+1 407-865-9847",
        "ref": "1428",
        "shop": "supermarket",
        "website": "https://www.publix.com/locations/1428-springs-plaza",
        "@geometry": "center"
      },
      "geometry": {
        "type": "Point",
        "coordinates": [
          -81.4040162,
          28.6884211
        ]
      },
      "id": "way/794604190"
    },
    {
      "type": "Feature",
      "properties": {
        "@id": "way/822787267",
        "addr:city": "Longwood",
        "addr:housenumber": "675",
        "addr:postcode": "32750",
        "addr:state": "FL",
        "addr:street": "Longwood Hills Road",
        "addr:unit": "1001",
        "branch": "Longwood Hills Market",
        "brand": "Publix",
        "brand:wikidata": "Q672170",
        "building": "yes",
        "layer": "1",
        "name": "Publix",
        "opening_hours": "Mo-Su 07:00-22:00",
        "phone": "+1 321-207-3311",
        "ref": "1668",
        "shop": "supermarket",
        "website": "https://www.publix.com/locations/1668-longwood-hills-market",
        "@geometry": "center"
      },
      "geometry": {
        "type": "Point",
        "coordinates": [
          -81.3576787,
          28.7144014
        ]
      },
      "id": "way/822787267"
    },
    {
      "type": "Feature",
      "properties": {
        "@id": "way/827225674",
        "addr:city": "Orlando",
        "addr:housenumber": "4042",
        "addr:postcode": "32822",
        "addr:state": "FL",
        "addr:street": "Semoran Boulevard",
        "branch": "Lake Fredrica Shopping Center",
        "brand": "Publix",
        "brand:wikidata": "Q672170",
        "building": "retail",
        "name": "Publix",
        "opening_hours": "Mo-Su 07:00-22:00",
        "phone": "+1 407-277-3871",
        "ref": "350",
        "shop": "supermarket",
        "website": "https://www.publix.com/locations/1501",
        "@geometry": "center"
      },
      "geometry": {
        "type": "Point",
        "coordinates": [
          -81.3116706,
          28.5031688
        ]
      },
      "id": "way/827225674"
    },
    {
      "type": "Feature",
      "properties": {
        "@id": "way/832044766",
        "addr:city": "Orlando",
        "addr:housenumber": "7031",
        "addr:postcode": "32822",
        "addr:state": "FL",
        "addr:street": "Narcoossee Road",
        "brand": "Aldi",
        "brand:wikidata": "Q41171672",
        "building": "yes",
        "name": "Aldi",
        "opening_hours": "Mo-Su 09:00-20:00",
        "phone": "+1 833 547 4022;+1 855-474-1022",
        "ref": "22",
        "shop": "supermarket",
        "source": "microsoft/BuildingFootprints",
        "website": "https://stores.aldi.us/fl/orlando/7031-narcoossee-rd",
        "wheelchair": "limited",
        "@geometry": "center"
      },
      "geometry": {
        "type": "Point",
        "coordinates": [
          -81.2735757,
          28.4643217
        ]
      },
      "id": "way/832044766"
    },
    {
      "type": "Feature",
      "properties": {
        "@id": "way/832969474",
        "addr:city": "Apopka",
        "addr:country": "US",
        "addr:housenumber": "820",
        "addr:postcode": "32703",
        "addr:state": "FL",
        "addr:street": "Balmy Beach Drive",
        "brand": "Walmart Neighborhood Market",
        "brand:wikidata": "Q7963529",
        "building": "retail",
        "check_date": "2024-02-02",
        "name": "Walmart Neighborhood Market",
        "opening_hours": "Mo-Su 06:00-23:00",
        "payment:app:walmart": "yes",
        "payment:apple_pay": "no",
        "payment:google_pay": "no",
        "payment:samsung_pay": "no",
        "phone": "+1 407-457-6291",
        "ref": "6894",
        "ref:walmart": "6894",
        "sensory_friendly:accommodation": "dimmed_light;static_screens;no_pa",
        "sensory_friendly:conditional": "yes @ 08:00-10:00",
        "shop": "supermarket",
        "website": "https://www.walmart.com/store/6894-apopka-fl",
        "wheelchair": "yes",
        "@geometry": "center"
      },
      "geometry": {
        "type": "Point",
        "coordinates": [
          -81.4571906,
          28.6705112
        ]
      },
      "id": "way/832969474"
    },
    {
      "type": "Feature",
      "properties": {
        "@id": "way/837479390",
        "brand": "Bealls",
        "brand:wikidata": "Q4876153",
        "building": "retail",
        "name": "Bealls",
        "shop": "department_store",
        "@geometry": "center"
      },
      "geometry": {
        "type": "Point",
        "coordinates": [
          -81.3072149,
          28.4673077
        ]
      },
      "id": "way/837479390"
    },
    {
      "type": "Feature",
      "properties": {
        "@id": "way/858721554",
        "addr:city": "Orlando",
        "addr:housenumber": "6677",
        "addr:postcode": "32822",
        "addr:state": "FL",
        "addr:street": "Eagle Watch Drive",
        "brand": "Ross",
        "brand:wikidata": "Q3442791",
        "building": "retail",
        "name": "Ross",
        "official_name": "Ross Dress for Less",
        "opening_hours": "Mo-Sa 09:00-23:00; Su 09:00-22:30",
        "phone": "+1 407-438-3358",
        "ref": "1842",
        "shop": "department_store",
        "@geometry": "center"
      },
      "geometry": {
        "type": "Point",
        "coordinates": [
          -81.3040592,
          28.4657842
        ]
      },
      "id": "way/858721554"
    },
    {
      "type": "Feature",
      "properties": {
        "@id": "way/863839617",
        "addr:city": "Orlando",
        "addr:housenumber": "3171",
        "addr:postcode": "32806",
        "addr:state": "FL",
        "addr:street": "South Orange Avenue",
        "branch": "Plaza Ecco",
        "brand": "Publix",
        "brand:wikidata": "Q672170",
        "building": "yes",
        "name": "Publix",
        "opening_hours": "Mo-Su 07:00-22:00",
        "phone": "+1 407-888-2366",
        "ref": "1754",
        "shop": "supermarket",
        "website": "https://www.publix.com/locations/1754",
        "@geometry": "center"
      },
      "geometry": {
        "type": "Point",
        "coordinates": [
          -81.3745881,
          28.5081105
        ]
      },
      "id": "way/863839617"
    },
    {
      "type": "Feature",
      "properties": {
        "@id": "node/892018395",
        "addr:direction": "South",
        "addr:housenumber": "12388",
        "addr:state": "FL",
        "addr:street": "Apopka Vineland Road",
        "shop": "supermarket",
        "source:addr:housenumber": "Orange County GIS data"
      },
      "geometry": {
        "type": "Point",
        "coordinates": [
          -81.5074029,
          28.3849022
        ]
      },
      "id": "node/892018395"
    },
    {
      "type": "Feature",
      "properties": {
        "@id": "node/892054121",
        "addr:city": "Orlando",
        "addr:direction": "South",
        "addr:housenumber": "11957",
        "addr:state": "FL",
        "addr:street": "Apopka Vineland Road",
        "air_conditioning": "yes",
        "brand": "Winn-Dixie",
        "brand:wikidata": "Q1264366",
        "check_date": "2025-12-26",
        "internet_access": "wlan",
        "internet_access:fee": "no",
        "name": "Winn-Dixie",
        "opening_hours": "07:00-22:00",
        "payment:american_express": "yes",
        "payment:cash": "yes",
        "payment:contactless": "yes",
        "payment:credit_cards": "yes",
        "payment:debit_cards": "yes",
        "payment:discover_card": "yes",
        "payment:maestro": "yes",
        "payment:mastercard": "yes",
        "payment:visa": "yes",
        "phone": "+1 407-465-8600",
        "ref": "2215",
        "self_checkout": "yes",
        "shop": "supermarket",
        "smoking": "no",
        "source:addr:housenumber": "Orange County GIS data",
        "website": "https://www.winndixie.com/storedetails/orlando/fl?search=2215",
        "wheelchair": "yes"
      },
      "geometry": {
        "type": "Point",
        "coordinates": [
          -81.5044775,
          28.3924699
        ]
      },
      "id": "node/892054121"
    },
    {
      "type": "Feature",
      "properties": {
        "@id": "way/895048839",
        "branch": "Supermarkets",
        "brand": "Bravo",
        "brand:wikidata": "Q16985159",
        "building": "retail",
        "name": "Bravo",
        "shop": "supermarket",
        "@geometry": "center"
      },
      "geometry": {
        "type": "Point",
        "coordinates": [
          -81.3097023,
          28.5606768
        ]
      },
      "id": "way/895048839"
    },
    {
      "type": "Feature",
      "properties": {
        "@id": "way/910379758",
        "addr:city": "Davenport",
        "addr:housenumber": "7820",
        "addr:postcode": "33896",
        "addr:state": "FL",
        "addr:street": "Osceola Polk Line Road",
        "brand": "Aldi",
        "brand:wikidata": "Q41171672",
        "building": "yes",
        "internet_access": "wlan",
        "internet_access:fee": "no",
        "internet_access:ssid": "ALDI-Guest",
        "name": "Aldi",
        "opening_hours": "Mo-Su 08:30-20:30",
        "phone": "+1 877-474-1018",
        "shop": "supermarket",
        "source": "survey",
        "website": "https://stores.aldi.us/fl/davenport/7820-osceola-polk-line-road",
        "@geometry": "center"
      },
      "geometry": {
        "type": "Point",
        "coordinates": [
          -81.5888436,
          28.2587525
        ]
      },
      "id": "way/910379758"
    },
    {
      "type": "Feature",
      "properties": {
        "@id": "way/915643369",
        "building": "commercial",
        "name": "Thrify Fancy Produce",
        "shop": "supermarket",
        "@geometry": "center"
      },
      "geometry": {
        "type": "Point",
        "coordinates": [
          -81.3884448,
          28.3388153
        ]
      },
      "id": "way/915643369"
    },
    {
      "type": "Feature",
      "properties": {
        "@id": "node/923907406",
        "addr:city": "Orlando",
        "addr:country": "US",
        "addr:housenumber": "3838",
        "addr:postcode": "32822",
        "addr:state": "FL",
        "addr:street": "South Semoran Boulevard",
        "brand": "Walmart",
        "brand:wikidata": "Q483551",
        "level": "1",
        "name": "Walmart",
        "opening_hours": "Mo-Su 06:00-23:00",
        "operator": "Walmart",
        "payment:app:walmart": "yes",
        "payment:apple_pay": "no",
        "payment:google_pay": "no",
        "payment:samsung_pay": "no",
        "phone": "+1 407-277-4314",
        "ref": "1084",
        "ref:walmart": "1084",
        "sensory_friendly:accommodation": "dimmed_light;static_screens;no_pa",
        "sensory_friendly:conditional": "yes @ 08:00-10:00",
        "shop": "department_store",
        "stroller": "yes",
        "toilets": "yes",
        "website": "https://www.walmart.com/store/1084-orlando-fl",
        "wheelchair": "yes"
      },
      "geometry": {
        "type": "Point",
        "coordinates": [
          -81.3127831,
          28.5049889
        ]
      },
      "id": "node/923907406"
    },
    {
      "type": "Feature",
      "properties": {
        "@id": "node/923988599",
        "addr:city": "Orlando",
        "addr:country": "US",
        "addr:housenumber": "8101",
        "addr:postcode": "32819",
        "addr:state": "FL",
        "addr:street": "South John Young Parkway",
        "brand": "Walmart",
        "brand:wikidata": "Q483551",
        "internet_access": "wlan",
        "name": "Walmart Supercenter",
        "opening_hours": "Mo-Su 06:00-23:00",
        "operator": "Walmart",
        "organic": "yes",
        "payment:app:walmart": "yes",
        "payment:apple_pay": "no",
        "payment:google_pay": "no",
        "payment:samsung_pay": "no",
        "phone": "+1-407-354-5665",
        "ref": "908",
        "ref:walmart": "908",
        "sensory_friendly:accommodation": "dimmed_light;static_screens;no_pa",
        "sensory_friendly:conditional": "yes @ 08:00-10:00",
        "shop": "supermarket",
        "toilets": "yes",
        "website": "https://www.walmart.com/store/908-orlando-fl"
      },
      "geometry": {
        "type": "Point",
        "coordinates": [
          -81.4245731,
          28.4476066
        ]
      },
      "id": "node/923988599"
    },
    {
      "type": "Feature",
      "properties": {
        "@id": "way/930465350",
        "addr:city": "Orlando",
        "addr:housenumber": "11619",
        "addr:postcode": "32821-4000",
        "addr:state": "FL",
        "addr:street": "Daryl Carter Parkway",
        "brand": "Target",
        "brand:wikidata": "Q1046951",
        "building": "yes",
        "name": "Target",
        "opening_hours": "08:00-22:00",
        "phone": "+1 321-329-3529",
        "shop": "department_store",
        "website": "https://www.target.com/sl/orlando-vineland/3354",
        "@geometry": "center"
      },
      "geometry": {
        "type": "Point",
        "coordinates": [
          -81.4851808,
          28.3965594
        ]
      },
      "id": "way/930465350"
    },
    {
      "type": "Feature",
      "properties": {
        "@id": "way/931042841",
        "addr:city": "Orlando",
        "addr:housenumber": "12817",
        "addr:postcode": "32832",
        "addr:state": "FL",
        "addr:street": "Narcoossee Road",
        "brand": "ALDI",
        "brand:wikidata": "Q41171672",
        "building": "yes",
        "name": "ALDI",
        "opening_hours": "Mo-Su 09:00-20:00",
        "phone": "+1 855-474-4013",
        "shop": "supermarket",
        "website": "https://stores.aldi.us/fl/orlando/12817-narcoossee-road",
        "@geometry": "center"
      },
      "geometry": {
        "type": "Point",
        "coordinates": [
          -81.2427455,
          28.3796662
        ]
      },
      "id": "way/931042841"
    },
    {
      "type": "Feature",
      "properties": {
        "@id": "way/931142459",
        "addr:city": "Orlando",
        "addr:housenumber": "4607",
        "addr:postcode": "32839",
        "addr:state": "FL",
        "addr:street": "South Orange Blossom Trail",
        "brand": "Aldi",
        "brand:wikidata": "Q41171672",
        "building": "yes",
        "internet_access": "wlan",
        "internet_access:fee": "no",
        "internet_access:ssid": "ALDI-Guest",
        "name": "Aldi",
        "opening_hours": "Mo-Su 09:00-20:00",
        "payment:cash": "yes",
        "payment:credit_cards": "yes",
        "payment:debit_cards": "yes",
        "phone": "+1 888-474-7021",
        "shop": "supermarket",
        "source": "microsoft/BuildingFootprints",
        "website": "https://stores.aldi.us/fl/orlando/4607-s-orange-blossom-trail",
        "@geometry": "center"
      },
      "geometry": {
        "type": "Point",
        "coordinates": [
          -81.39592,
          28.4979245
        ]
      },
      "id": "way/931142459"
    },
    {
      "type": "Feature",
      "properties": {
        "@id": "way/931898253",
        "addr:city": "Winter Park",
        "addr:housenumber": "2295",
        "addr:postcode": "32792",
        "addr:state": "FL",
        "addr:street": "Aloma Avenue",
        "branch": "Aloma Shopping Center",
        "brand": "Publix",
        "brand:wikidata": "Q672170",
        "building": "yes",
        "name": "Publix",
        "opening_hours": "Mo-Su 07:00-22:00",
        "phone": "+1 407-671-3403",
        "ref": "1381",
        "shop": "supermarket",
        "website": "https://www.publix.com/locations/1381-aloma-shopping-center",
        "@geometry": "center"
      },
      "geometry": {
        "type": "Point",
        "coordinates": [
          -81.3220282,
          28.6026107
        ]
      },
      "id": "way/931898253"
    },
    {
      "type": "Feature",
      "properties": {
        "@id": "way/932274736",
        "addr:city": "Orlando",
        "addr:housenumber": "4501",
        "addr:postcode": "32812",
        "addr:state": "FL",
        "addr:street": "Hoffner Avenue",
        "branch": "Conway Crossing",
        "brand": "Publix",
        "brand:wikidata": "Q672170",
        "building": "retail",
        "name": "Publix",
        "opening_hours": "Mo-Su 07:00-22:00",
        "phone": "+1 407-850-1018",
        "ref": "830",
        "shop": "supermarket",
        "website": "https://www.publix.com/locations/830-conway-crossing",
        "wheelchair": "yes",
        "@geometry": "center"
      },
      "geometry": {
        "type": "Point",
        "coordinates": [
          -81.3293658,
          28.4819287
        ]
      },
      "id": "way/932274736"
    },
    {
      "type": "Feature",
      "properties": {
        "@id": "way/933600640",
        "addr:city": "Orlando",
        "addr:housenumber": "2015",
        "addr:postcode": "32804-5311",
        "addr:state": "FL",
        "addr:street": "Edgewater Drive",
        "branch": "College Park",
        "brand": "Publix",
        "brand:wikidata": "Q672170",
        "building": "yes",
        "name": "Publix",
        "opening_hours": "Mo-Su 07:00-07:00",
        "phone": "+1 407-872-0173",
        "ref": "659",
        "shop": "supermarket",
        "source": "microsoft/BuildingFootprints",
        "website": "https://www.publix.com/locations/659",
        "@geometry": "center"
      },
      "geometry": {
        "type": "Point",
        "coordinates": [
          -81.388378,
          28.5699875
        ]
      },
      "id": "way/933600640"
    },
    {
      "type": "Feature",
      "properties": {
        "@id": "way/933614232",
        "addr:city": "Orlando",
        "addr:housenumber": "8001",
        "addr:postcode": "32809",
        "addr:state": "FL",
        "addr:street": "S Orange Blossom Trl",
        "addr:unit": "1546",
        "building:part": "retail",
        "name": "Unit 1546",
        "shop": "department_store",
        "website": "https://www.simon.com/mall/the-florida-mall/stores/selfie-wrld-orlando",
        "@geometry": "center"
      },
      "geometry": {
        "type": "Point",
        "coordinates": [
          -81.394602,
          28.4468984
        ]
      },
      "id": "way/933614232"
    },
    {
      "type": "Feature",
      "properties": {
        "@id": "way/936755816",
        "building": "yes",
        "name": "M&C of Orlando",
        "shop": "wholesale",
        "source": "microsoft/BuildingFootprints",
        "@geometry": "center"
      },
      "geometry": {
        "type": "Point",
        "coordinates": [
          -81.368705,
          28.428373
        ]
      },
      "id": "way/936755816"
    },
    {
      "type": "Feature",
      "properties": {
        "@id": "way/937474396",
        "building": "yes",
        "name": "Ocooee Plaza",
        "shop": "mall",
        "source": "microsoft/BuildingFootprints",
        "@geometry": "center"
      },
      "geometry": {
        "type": "Point",
        "coordinates": [
          -81.545443,
          28.5730345
        ]
      },
      "id": "way/937474396"
    },
    {
      "type": "Feature",
      "properties": {
        "@id": "way/941543571",
        "addr:city": "Orlando",
        "addr:housenumber": "8001",
        "addr:postcode": "32809",
        "addr:state": "FL",
        "addr:street": "South Orange Blossom Trail",
        "addr:unit": "FC08",
        "building:part": "retail",
        "name": "FC08",
        "shop": "department_store",
        "@geometry": "center"
      },
      "geometry": {
        "type": "Point",
        "coordinates": [
          -81.393707,
          28.4468637
        ]
      },
      "id": "way/941543571"
    },
    {
      "type": "Feature",
      "properties": {
        "@id": "node/942330578",
        "addr:city": "Orlando",
        "addr:country": "US",
        "addr:full": "7818 Colonial West Drive",
        "addr:housenumber": "7818",
        "addr:postcode": "32818",
        "addr:state": "FL",
        "addr:street": "Colonial West Drive",
        "brand": "Walmart",
        "brand:wikidata": "Q483551",
        "name": "Walmart Neighborhood Market",
        "opening_hours": "Mo-Su 06:00-24:00",
        "operator": "Walmart",
        "payment:app:walmart": "yes",
        "payment:apple_pay": "no",
        "payment:google_pay": "no",
        "payment:samsung_pay": "no",
        "phone": "+1-407-522-4552",
        "ref": "4425",
        "ref:walmart": "4425",
        "sensory_friendly:accommodation": "dimmed_light;static_screens;no_pa",
        "sensory_friendly:conditional": "yes @ 08:00-10:00",
        "shop": "supermarket",
        "website": "https://www.walmart.com/store/4425-orlando-fl"
      },
      "geometry": {
        "type": "Point",
        "coordinates": [
          -81.4907984,
          28.5499152
        ]
      },
      "id": "node/942330578"
    },
    {
      "type": "Feature",
      "properties": {
        "@id": "node/942330597",
        "addr:city": "Orlando",
        "addr:country": "US",
        "addr:full": "5991 S Goldenrod Rd",
        "addr:housenumber": "5991",
        "addr:postcode": "32822",
        "addr:state": "FL",
        "addr:street": "South Goldenrod Road",
        "brand": "Walmart",
        "brand:wikidata": "Q483551",
        "name": "Walmart Supercenter",
        "opening_hours": "24/7",
        "operator": "Walmart",
        "payment:app:walmart": "yes",
        "payment:apple_pay": "no",
        "payment:google_pay": "no",
        "payment:samsung_pay": "no",
        "phone": "+1-407-382-8880",
        "ref": "3782",
        "ref:walmart": "3782",
        "sensory_friendly:accommodation": "dimmed_light;static_screens;no_pa",
        "sensory_friendly:conditional": "yes @ 08:00-10:00",
        "shop": "supermarket",
        "toilets:wheelchair": "yes",
        "website": "https://www.walmart.com/store/3782-orlando-fl",
        "wheelchair": "yes"
      },
      "geometry": {
        "type": "Point",
        "coordinates": [
          -81.2869368,
          28.4738291
        ]
      },
      "id": "node/942330597"
    },
    {
      "type": "Feature",
      "properties": {
        "@id": "node/942330606",
        "addr:city": "Orlando",
        "addr:country": "US",
        "addr:full": "5559 Clarcona Ocoee Rd",
        "addr:housenumber": "5559",
        "addr:postcode": "32810",
        "addr:state": "FL",
        "addr:street": "Clarcona Ocoee Road",
        "brand": "Walmart",
        "brand:wikidata": "Q483551",
        "name": "Walmart Neighborhood Market",
        "opening_hours": "Mo-Su 06:00-23:00",
        "operator": "Walmart",
        "payment:app:walmart": "yes",
        "payment:apple_pay": "no",
        "payment:google_pay": "no",
        "payment:samsung_pay": "no",
        "phone": "+1-407-294-7276",
        "ref": "4211",
        "ref:walmart": "4211",
        "sensory_friendly:accommodation": "dimmed_light;static_screens;no_pa",
        "sensory_friendly:conditional": "yes @ 08:00-10:00",
        "shop": "supermarket",
        "website": "https://www.walmart.com/store/4211-orlando-fl"
      },
      "geometry": {
        "type": "Point",
        "coordinates": [
          -81.454323,
          28.6125197
        ]
      },
      "id": "node/942330606"
    },
    {
      "type": "Feature",
      "properties": {
        "@id": "node/942330624",
        "addr:city": "Winter Springs",
        "addr:country": "US",
        "addr:full": "5216 Red Bug Lake Rd",
        "addr:housenumber": "5216",
        "addr:postcode": "32708",
        "addr:state": "FL",
        "addr:street": "Red Bug Lake Road",
        "brand": "Walmart Neighborhood Market",
        "brand:wikidata": "Q7963529",
        "name": "Walmart Neighborhood Market",
        "opening_hours": "Mo-Su 06:00-24:00",
        "operator": "Walmart",
        "payment:app:walmart": "yes",
        "payment:apple_pay": "no",
        "payment:google_pay": "no",
        "payment:samsung_pay": "no",
        "phone": "+1-407-699-7050",
        "ref": "5132",
        "ref:walmart": "5132",
        "sensory_friendly:accommodation": "dimmed_light;static_screens;no_pa",
        "sensory_friendly:conditional": "yes @ 08:00-10:00",
        "shop": "supermarket",
        "website": "https://www.walmart.com/store/5132-winter-springs-fl"
      },
      "geometry": {
        "type": "Point",
        "coordinates": [
          -81.2781806,
          28.6486137
        ]
      },
      "id": "node/942330624"
    },
    {
      "type": "Feature",
      "properties": {
        "@id": "node/942386006",
        "addr:city": "Altamonte Springs",
        "addr:housenumber": "741",
        "addr:postcode": "32714-3031",
        "addr:state": "FL",
        "addr:street": "Orange Avenue",
        "branch": "Altamonte Springs",
        "brand": "Costco",
        "brand:wikidata": "Q715583",
        "name": "Costco",
        "opening_hours": "Mo-Fr 10:00-20:30; Sa 09:30-18:00; Su 10:00-18:00",
        "operator": "Costco",
        "phone": "+1 407-786-7802",
        "ref": "183",
        "shop": "wholesale",
        "website": "https://www.costco.com/warehouse-locations/altamonte-springs-fl-183.html"
      },
      "geometry": {
        "type": "Point",
        "coordinates": [
          -81.4170855,
          28.6607
        ]
      },
      "id": "node/942386006"
    },
    {
      "type": "Feature",
      "properties": {
        "@id": "node/942386012",
        "addr:city": "Orlando",
        "addr:housenumber": "7810",
        "addr:postcode": "32818",
        "addr:state": "FL",
        "addr:street": "West Colonial Drive",
        "brand": "Sam's Club",
        "brand:wikidata": "Q1972120",
        "name": "Sam's Club",
        "opening_hours": "Mo-Fr 10:00-20:00; Sa 09:00-20:00; Su 10:00-18:00",
        "phone": "+1 407-532-5212",
        "ref": "6218",
        "shop": "wholesale",
        "website": "https://www.samsclub.com/club/orlando-fl-sams-club/6218"
      },
      "geometry": {
        "type": "Point",
        "coordinates": [
          -81.4889728,
          28.5498109
        ]
      },
      "id": "node/942386012"
    },
    {
      "type": "Feature",
      "properties": {
        "@id": "node/942386019",
        "brand": "Sam's Club",
        "brand:wikidata": "Q1972120",
        "fixme:atp": "check if location still exists; no corresponding ATP location found",
        "name": "Sam's Club",
        "ref": "8214",
        "shop": "wholesale"
      },
      "geometry": {
        "type": "Point",
        "coordinates": [
          -81.3374988,
          28.6553793
        ]
      },
      "id": "node/942386019"
    },
    {
      "type": "Feature",
      "properties": {
        "@id": "node/942386022",
        "addr:city": "Winter Park",
        "addr:housenumber": "3333",
        "addr:postcode": "32792-7428",
        "addr:state": "FL",
        "addr:street": "University Boulevard",
        "branch": "East Orlando",
        "brand": "Costco",
        "brand:wikidata": "Q715583",
        "name": "Costco",
        "opening_hours": "Mo-Fr 10:00-20:30; Sa 09:30-18:00; Su 10:00-18:00",
        "phone": "+1 407-681-2119",
        "ref": "185",
        "shop": "wholesale",
        "website": "https://www.costco.com/warehouse-locations/e-orlando-winter-park-fl-185.html"
      },
      "geometry": {
        "type": "Point",
        "coordinates": [
          -81.3006302,
          28.5995606
        ]
      },
      "id": "node/942386022"
    },
    {
      "type": "Feature",
      "properties": {
        "@id": "node/943127924",
        "addr:city": "Ocoee",
        "addr:housenumber": "8863",
        "addr:postcode": "34761",
        "addr:state": "FL",
        "addr:street": "West Colonial Drive",
        "branch": "Good Homes Plaza",
        "brand": "Publix",
        "brand:wikidata": "Q672170",
        "name": "Publix",
        "opening_hours": "Mo-Su 07:00-22:00",
        "phone": "+1 407-299-4550",
        "ref": "405",
        "shop": "supermarket",
        "website": "https://www.publix.com/locations/405"
      },
      "geometry": {
        "type": "Point",
        "coordinates": [
          -81.5061689,
          28.5533552
        ]
      },
      "id": "node/943127924"
    },
    {
      "type": "Feature",
      "properties": {
        "@id": "node/943127931",
        "addr:city": "Orlando",
        "addr:housenumber": "4402",
        "addr:postcode": "32812-2709",
        "addr:state": "FL",
        "addr:street": "Curry Ford Road",
        "branch": "Conway Plaza Shopping Center",
        "brand": "Publix",
        "brand:wikidata": "Q672170",
        "name": "Publix",
        "opening_hours": "Mo-Su 07:00-22:00",
        "phone": "+1 407-282-7997",
        "ref": "692",
        "shop": "supermarket",
        "website": "https://www.publix.com/locations/692",
        "wheelchair": "yes"
      },
      "geometry": {
        "type": "Point",
        "coordinates": [
          -81.3304402,
          28.521416
        ]
      },
      "id": "node/943127931"
    },
    {
      "type": "Feature",
      "properties": {
        "@id": "node/943127934",
        "addr:city": "Ocoee",
        "addr:housenumber": "2600",
        "addr:postcode": "34761-4752",
        "addr:state": "FL",
        "addr:street": "Maguire Road",
        "branch": "Plantation Grove Shopping Center",
        "brand": "Publix",
        "brand:wikidata": "Q672170",
        "name": "Publix",
        "opening_hours": "Mo-Su 07:00-22:00",
        "phone": "+1 407-656-9343",
        "ref": "542",
        "shop": "supermarket",
        "website": "https://www.publix.com/locations/542",
        "wheelchair": "yes"
      },
      "geometry": {
        "type": "Point",
        "coordinates": [
          -81.5397216,
          28.5321531
        ]
      },
      "id": "node/943127934"
    },
    {
      "type": "Feature",
      "properties": {
        "@id": "node/943127943",
        "addr:city": "Ocoee",
        "addr:housenumber": "1720",
        "addr:postcode": "34761-7014",
        "addr:state": "FL",
        "addr:street": "East Silver Star Road",
        "branch": "Silver Crossing",
        "brand": "Publix",
        "brand:wikidata": "Q672170",
        "diet:halal": "yes",
        "diet:kosher": "yes",
        "name": "Publix",
        "opening_hours": "Mo-Su 07:00-22:00",
        "phone": "+1 407-522-1808",
        "ref": "761",
        "shop": "supermarket",
        "website": "https://www.publix.com/locations/761",
        "wheelchair": "yes"
      },
      "geometry": {
        "type": "Point",
        "coordinates": [
          -81.5161976,
          28.5751768
        ]
      },
      "id": "node/943127943"
    },
    {
      "type": "Feature",
      "properties": {
        "@id": "node/943127955",
        "addr:city": "Orlando",
        "addr:housenumber": "12195",
        "addr:postcode": "32837-6502",
        "addr:state": "FL",
        "addr:street": "South Orange Blossom Trail",
        "branch": "Southchase",
        "brand": "Publix",
        "brand:wikidata": "Q672170",
        "name": "Publix",
        "opening_hours": "Mo-Su 07:00-22:00",
        "phone": "+1 407-816-0884",
        "ref": "654",
        "shop": "supermarket",
        "website": "https://www.publix.com/locations/654"
      },
      "geometry": {
        "type": "Point",
        "coordinates": [
          -81.4023427,
          28.3886626
        ]
      },
      "id": "node/943127955"
    },
    {
      "type": "Feature",
      "properties": {
        "@id": "node/943127957",
        "addr:city": "Orlando",
        "addr:housenumber": "1501",
        "addr:postcode": "32814-6602",
        "addr:state": "FL",
        "addr:street": "Meeting Place",
        "branch": "Baldwin Park",
        "brand": "Publix",
        "brand:wikidata": "Q672170",
        "name": "Publix",
        "opening_hours": "Mo-Su 07:00-22:00",
        "phone": "+1 407-897-7363",
        "ref": "1048",
        "shop": "supermarket",
        "website": "https://www.publix.com/locations/1048",
        "wheelchair": "yes"
      },
      "geometry": {
        "type": "Point",
        "coordinates": [
          -81.3270643,
          28.5667094
        ]
      },
      "id": "node/943127957"
    },
    {
      "type": "Feature",
      "properties": {
        "@id": "node/943127958",
        "addr:city": "Orlando",
        "addr:housenumber": "6485",
        "addr:postcode": "32829-8366",
        "addr:state": "FL",
        "addr:street": "South Chickasaw Trail",
        "branch": "Vista Lakes Center",
        "brand": "Publix",
        "brand:wikidata": "Q672170",
        "name": "Publix",
        "opening_hours": "Mo-Su 07:00-22:00",
        "phone": "+1 407-277-8095",
        "ref": "1015",
        "shop": "supermarket",
        "website": "https://www.publix.com/locations/1015"
      },
      "geometry": {
        "type": "Point",
        "coordinates": [
          -81.2661692,
          28.4704455
        ]
      },
      "id": "node/943127958"
    },
    {
      "type": "Feature",
      "properties": {
        "@id": "node/943127969",
        "addr:city": "Ocoee",
        "addr:housenumber": "301",
        "addr:postcode": "34761-5300",
        "addr:state": "FL",
        "addr:street": "West Road",
        "branch": "Fountains West",
        "brand": "Publix",
        "brand:wikidata": "Q672170",
        "diet:halal": "yes",
        "diet:kosher": "yes",
        "name": "Publix",
        "opening_hours": "Mo-Su 07:00-22:00",
        "phone": "+1 407-654-1356",
        "ref": "1174",
        "shop": "supermarket",
        "website": "https://www.publix.com/locations/1174",
        "wheelchair": "yes"
      },
      "geometry": {
        "type": "Point",
        "coordinates": [
          -81.5494052,
          28.6044727
        ]
      },
      "id": "node/943127969"
    },
    {
      "type": "Feature",
      "properties": {
        "@id": "node/943127975",
        "addr:city": "Orlando",
        "addr:housenumber": "10250",
        "addr:postcode": "32825-8735",
        "addr:state": "FL",
        "addr:street": "Curry Ford Road",
        "branch": "Curry Ford Square",
        "brand": "Publix",
        "brand:wikidata": "Q672170",
        "name": "Publix",
        "opening_hours": "Mo-Su 07:00-22:00",
        "phone": "+1-407-207-6107",
        "ref": "1338",
        "shop": "supermarket",
        "website": "https://www.publix.com/locations/1338",
        "wheelchair": "yes"
      },
      "geometry": {
        "type": "Point",
        "coordinates": [
          -81.2379759,
          28.5085532
        ]
      },
      "id": "node/943127975"
    },
    {
      "type": "Feature",
      "properties": {
        "@id": "node/943127979",
        "addr:city": "Orlando",
        "addr:housenumber": "3972",
        "addr:postcode": "32837-6103",
        "addr:state": "FL",
        "addr:street": "Town Center Boulevard",
        "branch": "Hunter's Creek Promenade",
        "brand": "Publix",
        "brand:wikidata": "Q672170",
        "name": "Publix",
        "opening_hours": "Mo-Su 07:00-22:00",
        "phone": "+1 407-850-4351",
        "ref": "427",
        "shop": "supermarket",
        "website": "https://www.publix.com/locations/427",
        "wheelchair": "yes"
      },
      "geometry": {
        "type": "Point",
        "coordinates": [
          -81.4243208,
          28.3616202
        ]
      },
      "id": "node/943127979"
    },
    {
      "type": "Feature",
      "properties": {
        "@id": "node/943127981",
        "addr:city": "Winter Park",
        "addr:housenumber": "741",
        "addr:postcode": "32789-4844",
        "addr:state": "FL",
        "addr:street": "South Orlando Avenue",
        "branch": "Hollieanna Shopping Center",
        "brand": "Publix",
        "brand:wikidata": "Q672170",
        "name": "Publix",
        "opening_hours": "Mo-Su 07:00-22:00",
        "phone": "+1 407-622-0302",
        "ref": "20",
        "shop": "supermarket",
        "website": "https://www.publix.com/locations/1388",
        "wheelchair": "yes"
      },
      "geometry": {
        "type": "Point",
        "coordinates": [
          -81.3664545,
          28.5916016
        ]
      },
      "id": "node/943127981"
    },
    {
      "type": "Feature",
      "properties": {
        "@id": "node/943127990",
        "addr:city": "Orlando",
        "addr:housenumber": "13850",
        "addr:postcode": "32824-5526",
        "addr:state": "FL",
        "addr:street": "Landstar Boulevard",
        "branch": "Landstar",
        "brand": "Publix",
        "brand:wikidata": "Q672170",
        "name": "Publix",
        "opening_hours": "Mo-Su 07:00-22:00",
        "phone": "+1 407-856-6040",
        "ref": "1101",
        "shop": "supermarket",
        "website": "https://www.publix.com/locations/1101",
        "wheelchair": "yes"
      },
      "geometry": {
        "type": "Point",
        "coordinates": [
          -81.3672609,
          28.3628369
        ]
      },
      "id": "node/943127990"
    },
    {
      "type": "Feature",
      "properties": {
        "@id": "node/943127997",
        "addr:city": "Apopka",
        "addr:housenumber": "1545",
        "addr:postcode": "32712-2231",
        "addr:state": "FL",
        "addr:street": "Rock Springs Road",
        "branch": "Wekiva Plaza",
        "brand": "Publix",
        "brand:wikidata": "Q672170",
        "check_date": "2023-06-17",
        "name": "Publix",
        "opening_hours": "Mo-Su 07:00-22:00",
        "phone": "+1 407-880-4040",
        "ref": "501",
        "shop": "supermarket",
        "website": "https://www.publix.com/locations/501"
      },
      "geometry": {
        "type": "Point",
        "coordinates": [
          -81.5076001,
          28.7073136
        ]
      },
      "id": "node/943127997"
    },
    {
      "type": "Feature",
      "properties": {
        "@id": "node/943128012",
        "addr:city": "Orlando",
        "addr:housenumber": "7653",
        "addr:postcode": "32809",
        "addr:state": "FL",
        "addr:street": "South Orange Blossom Trail",
        "brand": "Presidente Supermarkets",
        "name": "Presidente Supermarket",
        "opening_hours": "Mo-Su 07:00-22:00",
        "ref": "55",
        "shop": "supermarket",
        "website": "https://presidentesupermarkets.com/supermarket-55/"
      },
      "geometry": {
        "type": "Point",
        "coordinates": [
          -81.3978118,
          28.4546255
        ]
      },
      "id": "node/943128012"
    },
    {
      "type": "Feature",
      "properties": {
        "@id": "node/943128028",
        "addr:city": "Orlando",
        "addr:housenumber": "10115",
        "addr:postcode": "32817",
        "addr:state": "FL",
        "addr:street": "University Boulevard",
        "branch": "Suncrest Village",
        "brand": "Publix",
        "brand:wikidata": "Q672170",
        "check_date": "2026-03-10",
        "name": "Publix",
        "opening_hours": "closed \"temporarily closed\"",
        "phone": "+1 407-681-0649",
        "ref": "332",
        "shop": "supermarket",
        "website": "https://www.publix.com/locations/1789",
        "wheelchair": "yes"
      },
      "geometry": {
        "type": "Point",
        "coordinates": [
          -81.2428214,
          28.5990149
        ]
      },
      "id": "node/943128028"
    },
    {
      "type": "Feature",
      "properties": {
        "@id": "way/1050379976",
        "addr:city": "Winter Springs",
        "addr:housenumber": "1193",
        "addr:postcode": "32708",
        "addr:state": "FL",
        "addr:street": "East State Road 434",
        "brand": "ALDI",
        "brand:wikidata": "Q41171672",
        "building": "commercial",
        "name": "ALDI",
        "opening_hours": "Mo-Su 08:30-20:00",
        "phone": "+1 866-474-1165",
        "shop": "supermarket",
        "website": "https://stores.aldi.us/fl/winter-springs/1193-e-state-road-434",
        "@geometry": "center"
      },
      "geometry": {
        "type": "Point",
        "coordinates": [
          -81.2643468,
          28.69607
        ]
      },
      "id": "way/1050379976"
    },
    {
      "type": "Feature",
      "properties": {
        "@id": "way/1065535238",
        "addr:housenumber": "11701",
        "addr:postcode": "32821",
        "addr:street": "International Drive",
        "addr:unit": "600",
        "building": "retail",
        "name": "National Super Market",
        "opening_hours": "Mo-We 08:00-23:30; Th-Su 08:00-24:00",
        "phone": "+1-407-778-1949",
        "shop": "supermarket",
        "@geometry": "center"
      },
      "geometry": {
        "type": "Point",
        "coordinates": [
          -81.4651858,
          28.3935057
        ]
      },
      "id": "way/1065535238"
    },
    {
      "type": "Feature",
      "properties": {
        "@id": "way/1088278387",
        "addr:city": "Apopka",
        "addr:housenumber": "540",
        "addr:postcode": "32703",
        "addr:state": "FL",
        "addr:street": "South Hunt Club Boulevard",
        "branch": "Hunt Club Corners",
        "brand": "Publix",
        "brand:wikidata": "Q672170",
        "building": "retail",
        "name": "Publix",
        "opening_hours": "07:00-22:00",
        "opening_hours:pharmacy": "Mo-Fr 09:00-21:00; Sa 09:00-19:00; Su 11:00-18:00",
        "phone": "+1 407-862-5255",
        "ref": "227",
        "shop": "supermarket",
        "website": "https://www.publix.com/?setstorenumber=227",
        "wheelchair": "yes",
        "@geometry": "center"
      },
      "geometry": {
        "type": "Point",
        "coordinates": [
          -81.45136,
          28.6714486
        ]
      },
      "id": "way/1088278387"
    },
    {
      "type": "Feature",
      "properties": {
        "@id": "way/1093338143",
        "addr:unit": "1101",
        "brand": "Dillard's",
        "brand:wikidata": "Q844805",
        "check_date": "2024-10-07",
        "check_date:opening_hours": "2024-10-07",
        "contact:facebook": "https://www.facebook.com/profile.php?id=100089602607269",
        "contact:instagram": "https://www.instagram.com/dillardsaltamontemall/",
        "indoor": "room",
        "level": "0",
        "name": "Dillard's",
        "opening_hours": "Mo-Sa 11:00-20:00; Su 12:00-18:00",
        "phone": "+1 407 830 1211",
        "room": "shop",
        "shop": "department_store",
        "website": "https://www.dillards.com/stores/florida/altamonte-mall-altamonte-springs/0226",
        "@geometry": "center"
      },
      "geometry": {
        "type": "Point",
        "coordinates": [
          -81.3789807,
          28.6668062
        ]
      },
      "id": "way/1093338143"
    },
    {
      "type": "Feature",
      "properties": {
        "@id": "way/1093360049",
        "brand": "Macy's",
        "brand:wikidata": "Q629269",
        "indoor": "room",
        "level": "0",
        "name": "Macy's",
        "room": "shop",
        "shop": "department_store",
        "website": "https://www.macys.com/stores/fl/altamontesprings/altamonte-mall_812.html",
        "@geometry": "center"
      },
      "geometry": {
        "type": "Point",
        "coordinates": [
          -81.3773357,
          28.6675998
        ]
      },
      "id": "way/1093360049"
    },
    {
      "type": "Feature",
      "properties": {
        "@id": "way/1093360104",
        "brand": "JCPenney",
        "brand:wikidata": "Q920037",
        "indoor": "room",
        "level": "0",
        "name": "JCPenney",
        "official_name": "J.C. Penney Company",
        "room": "shop",
        "shop": "department_store",
        "@geometry": "center"
      },
      "geometry": {
        "type": "Point",
        "coordinates": [
          -81.3757311,
          28.6668277
        ]
      },
      "id": "way/1093360104"
    },
    {
      "type": "Feature",
      "properties": {
        "@id": "way/1209086675",
        "addr:city": "Altamonte Springs",
        "addr:housenumber": "1005",
        "addr:postcode": "32714",
        "addr:state": "FL",
        "addr:street": "North State Road 434",
        "branch": "Oak Grove Shoppes",
        "brand": "Publix",
        "brand:wikidata": "Q672170",
        "building": "yes",
        "name": "Publix",
        "opening_hours": "Mo-Sa 07:00-20:00",
        "phone": "+1-407-551-1423",
        "shop": "supermarket",
        "website": "https://www.publix.com/?utm_medium=maps&utm_source=google&utm_content=psm_google_override",
        "@geometry": "center"
      },
      "geometry": {
        "type": "Point",
        "coordinates": [
          -81.4162614,
          28.6841089
        ]
      },
      "id": "way/1209086675"
    },
    {
      "type": "Feature",
      "properties": {
        "@id": "node/1237659277",
        "addr:city": "Oviedo",
        "addr:housenumber": "2871",
        "addr:postcode": "32765-3426",
        "addr:state": "FL",
        "addr:street": "Clayton Crossing Way",
        "addr:unit": "1001",
        "branch": "Shoppes at Aloma Walk",
        "brand": "Publix",
        "brand:wikidata": "Q672170",
        "name": "Publix",
        "opening_hours": "Mo-Su 07:00-22:00",
        "phone": "+1 407-673-0829",
        "ref": "1295",
        "shop": "supermarket",
        "website": "https://www.publix.com/locations/1295"
      },
      "geometry": {
        "type": "Point",
        "coordinates": [
          -81.2609513,
          28.620418
        ]
      },
      "id": "node/1237659277"
    },
    {
      "type": "Feature",
      "properties": {
        "@id": "way/1269085645",
        "addr:city": "Orlando",
        "addr:housenumber": "1768",
        "addr:postcode": "32808",
        "addr:state": "FL",
        "addr:street": "John Young Parkway",
        "brand": "Aldi",
        "brand:wikidata": "Q41171672",
        "building": "yes",
        "internet_access": "wlan",
        "internet_access:fee": "no",
        "internet_access:ssid": "ALDI-Guest",
        "name": "Aldi",
        "opening_hours": "09:00-20:00",
        "phone": "+1-866-474-1164",
        "shop": "supermarket",
        "website": "https://stores.aldi.us/fl/orlando/1768-n-john-young-pkwy",
        "@geometry": "center"
      },
      "geometry": {
        "type": "Point",
        "coordinates": [
          -81.4161174,
          28.5674955
        ]
      },
      "id": "way/1269085645"
    },
    {
      "type": "Feature",
      "properties": {
        "@id": "way/1314914793",
        "brand": "Publix",
        "brand:wikidata": "Q672170",
        "building": "yes",
        "name": "Publix",
        "shop": "supermarket",
        "@geometry": "center"
      },
      "geometry": {
        "type": "Point",
        "coordinates": [
          -81.6372595,
          28.4112163
        ]
      },
      "id": "way/1314914793"
    },
    {
      "type": "Feature",
      "properties": {
        "@id": "way/1352402821",
        "addr:city": "Celebration",
        "addr:housenumber": "1725",
        "addr:postcode": "34747",
        "addr:state": "FL",
        "addr:street": "Future Way",
        "air_conditioning": "yes",
        "brand": "Publix",
        "brand:wikidata": "Q672170",
        "building": "yes",
        "building:levels": "2",
        "name": "Publix",
        "opening_hours": "Mo-Su 07:00-22:00",
        "payment:american_express": "yes",
        "payment:app": "yes",
        "payment:apple_pay": "yes",
        "payment:cash": "yes",
        "payment:coins": "yes",
        "payment:contactless": "yes",
        "payment:discover_card": "yes",
        "payment:gift_card": "yes",
        "payment:google_pay": "yes",
        "payment:mastercard": "yes",
        "payment:samsung_pay": "yes",
        "payment:visa": "yes",
        "phone": "+1 321-939-1258",
        "self_checkout": "yes",
        "shop": "supermarket",
        "stroller": "yes",
        "toilets": "yes",
        "toilets:wheelchair": "yes",
        "wheelchair": "yes",
        "@geometry": "center"
      },
      "geometry": {
        "type": "Point",
        "coordinates": [
          -81.5712447,
          28.3032245
        ]
      },
      "id": "way/1352402821"
    },
    {
      "type": "Feature",
      "properties": {
        "@id": "way/1359721320",
        "addr:city": "Orlando",
        "addr:housenumber": "9930",
        "addr:postcode": "32819",
        "addr:state": "FL",
        "addr:street": "Universal Boulevard",
        "atm": "yes",
        "branch": "Lake Cay Commons",
        "brand": "Publix",
        "brand:wikidata": "Q672170",
        "building": "yes",
        "dispensing": "no",
        "name": "Publix",
        "note": "Does not have a pharmacy.",
        "opening_hours": "Mo-Su 07:00-22:00",
        "phone": "+1 407-996-8400",
        "ref": "1191",
        "shop": "supermarket",
        "website": "https://www.publix.com/locations/1191",
        "@geometry": "center"
      },
      "geometry": {
        "type": "Point",
        "coordinates": [
          -81.4447579,
          28.4273307
        ]
      },
      "id": "way/1359721320"
    },
    {
      "type": "Feature",
      "properties": {
        "@id": "node/1540263451",
        "addr:city": "Orlando",
        "addr:housenumber": "5450",
        "addr:state": "FL",
        "addr:street": "International Drive",
        "name": "Supermercado Brasileiro",
        "shop": "supermarket",
        "source:addr:housenumber": "Orange County GIS data",
        "wheelchair": "yes"
      },
      "geometry": {
        "type": "Point",
        "coordinates": [
          -81.4532152,
          28.4617992
        ]
      },
      "id": "node/1540263451"
    },
    {
      "type": "Feature",
      "properties": {
        "@id": "node/1540263683",
        "addr:city": "Orlando",
        "addr:housenumber": "6321",
        "addr:state": "FL",
        "addr:street": "International Drive",
        "name": "E-Z Food Mart",
        "shop": "supermarket",
        "source:addr:housenumber": "Orange County GIS data"
      },
      "geometry": {
        "type": "Point",
        "coordinates": [
          -81.4679614,
          28.4610748
        ]
      },
      "id": "node/1540263683"
    },
    {
      "type": "Feature",
      "properties": {
        "@id": "node/1543099730",
        "addr:city": "Orlando",
        "addr:housenumber": "5295",
        "addr:state": "FL",
        "addr:street": "International Drive",
        "brand": "Ross",
        "brand:wikidata": "Q3442791",
        "fixme:atp": "check if location still exists; no corresponding ATP location found",
        "name": "Ross",
        "name:en": "Ross Dress for Less",
        "official_name": "Ross Dress for Less",
        "opening_hours": "Mo-Su 08:30-00:00",
        "shop": "department_store",
        "source:addr:housenumber": "Orange County GIS data"
      },
      "geometry": {
        "type": "Point",
        "coordinates": [
          -81.4519149,
          28.4654202
        ]
      },
      "id": "node/1543099730"
    },
    {
      "type": "Feature",
      "properties": {
        "@id": "node/1545234552",
        "shop": "supermarket"
      },
      "geometry": {
        "type": "Point",
        "coordinates": [
          -81.455507,
          28.4059285
        ]
      },
      "id": "node/1545234552"
    },
    {
      "type": "Feature",
      "properties": {
        "@id": "node/1553186368",
        "addr:housenumber": "8629",
        "addr:state": "FL",
        "addr:street": "Palm Parkway",
        "check_date": "2025-12-26",
        "fixme": "check address",
        "name": "Food Mart",
        "shop": "supermarket",
        "source:addr:housenumber": "Orange County GIS data"
      },
      "geometry": {
        "type": "Point",
        "coordinates": [
          -81.5041512,
          28.3860935
        ]
      },
      "id": "node/1553186368"
    },
    {
      "type": "Feature",
      "properties": {
        "@id": "node/1595165494",
        "addr:city": "Orlando",
        "addr:housenumber": "422",
        "addr:postcode": "32828",
        "addr:state": "FL",
        "addr:street": "North Alafaya Trail",
        "branch": "Waterford Lakes",
        "brand": "Kohl's",
        "brand:wikidata": "Q967265",
        "name": "Kohl's",
        "opening_hours": "Mo-Th 09:00-21:00; Fr-Sa 09:00-22:00; Su 09:00-21:00",
        "phone": "+1 407-282-0169",
        "ref": "954",
        "shop": "department_store",
        "website": "https://www.kohls.com/stores/fl/orlando-954.shtml",
        "wheelchair": "yes"
      },
      "geometry": {
        "type": "Point",
        "coordinates": [
          -81.2083859,
          28.5526467
        ]
      },
      "id": "node/1595165494"
    },
    {
      "type": "Feature",
      "properties": {
        "@id": "node/1701521484",
        "shop": "supermarket",
        "wheelchair": "yes"
      },
      "geometry": {
        "type": "Point",
        "coordinates": [
          -81.5892811,
          28.3330133
        ]
      },
      "id": "node/1701521484"
    },
    {
      "type": "Feature",
      "properties": {
        "@id": "node/1806973236",
        "addr:city": "Orlando",
        "addr:housenumber": "1403",
        "addr:postcode": "32835",
        "addr:state": "FL",
        "addr:street": "South Hiawassee Road",
        "branch": "Metro West Marketplace",
        "brand": "Aldi",
        "brand:wikidata": "Q41171672",
        "internet_access": "wlan",
        "internet_access:fee": "no",
        "internet_access:ssid": "ALDI-Guest",
        "name": "Aldi",
        "opening_hours": "Mo-Su 09:00-20:00",
        "ref": "2278",
        "shop": "supermarket",
        "source": "Local Knowledge",
        "website": "https://stores.aldi.us/fl/orlando/1403-s-hiawassee-rd"
      },
      "geometry": {
        "type": "Point",
        "coordinates": [
          -81.4700814,
          28.5250008
        ]
      },
      "id": "node/1806973236"
    },
    {
      "type": "Feature",
      "properties": {
        "@id": "node/1952919867",
        "addr:city": "Orlando",
        "addr:country": "US",
        "addr:postcode": "32809",
        "addr:state": "FL",
        "addr:street": "Florida Mall Avenue",
        "brand": "JCPenney",
        "brand:wikidata": "Q920037",
        "internet_access": "wlan",
        "internet_access:fee": "no",
        "internet_access:ssid": "jcpGuestWifi",
        "name": "JCPenney",
        "official_name": "J.C. Penney Company",
        "shop": "department_store",
        "source": "survey",
        "wheelchair": "yes"
      },
      "geometry": {
        "type": "Point",
        "coordinates": [
          -81.398245,
          28.446298
        ]
      },
      "id": "node/1952919867"
    },
    {
      "type": "Feature",
      "properties": {
        "@id": "node/1952921306",
        "addr:city": "Orlando",
        "addr:country": "US",
        "addr:postcode": "32809",
        "addr:state": "FL",
        "addr:street": "Florida Mall Avenue",
        "brand": "Sears",
        "brand:wikidata": "Q6499202",
        "name": "Sears",
        "operator": "Sears",
        "shop": "department_store"
      },
      "geometry": {
        "type": "Point",
        "coordinates": [
          -81.397403,
          28.445072
        ]
      },
      "id": "node/1952921306"
    },
    {
      "type": "Feature",
      "properties": {
        "@id": "node/1952957666",
        "addr:city": "Orlando",
        "addr:country": "US",
        "addr:postcode": "32837",
        "addr:state": "FL",
        "addr:street": "Taft-Vineland Road",
        "name": "Fresh Choice Market",
        "shop": "supermarket"
      },
      "geometry": {
        "type": "Point",
        "coordinates": [
          -81.421724,
          28.416873
        ]
      },
      "id": "node/1952957666"
    },
    {
      "type": "Feature",
      "properties": {
        "@id": "node/2177617620",
        "addr:city": "Winter Springs",
        "addr:housenumber": "1160",
        "addr:postcode": "32708",
        "addr:state": "FL",
        "addr:street": "East State Road 434",
        "branch": "Winter Springs Town Center",
        "brand": "Publix",
        "brand:wikidata": "Q672170",
        "name": "Publix",
        "opening_hours": "Mo-Su 07:00-22:00",
        "phone": "+1 407-327-9725",
        "ref": "62",
        "shop": "supermarket",
        "source": "http://www.publix.com/locations/62-winter-springs-town-center",
        "website": "http://www.publix.com/locations/62-winter-springs-town-center"
      },
      "geometry": {
        "type": "Point",
        "coordinates": [
          -81.2639606,
          28.6992129
        ]
      },
      "id": "node/2177617620"
    },
    {
      "type": "Feature",
      "properties": {
        "@id": "node/2207235442",
        "addr:city": "Orlando",
        "addr:housenumber": "10537",
        "addr:postcode": "32817-4427",
        "addr:state": "FL",
        "addr:street": "East Colonial Drive",
        "brand": "ALDI",
        "brand:wikidata": "Q41171672",
        "internet_access": "wlan",
        "internet_access:fee": "no",
        "internet_access:ssid": "ALDI-Guest",
        "name": "ALDI",
        "opening_hours": "Mo-Sa 09:00-21:00; Su 09:00-20:00",
        "phone": "+1 888-474-1015",
        "shop": "supermarket",
        "source": "local_knowledge",
        "website": "https://stores.aldi.us/fl/orlando/10537-e-colonial-dr"
      },
      "geometry": {
        "type": "Point",
        "coordinates": [
          -81.2329857,
          28.571069
        ]
      },
      "id": "node/2207235442"
    },
    {
      "type": "Feature",
      "properties": {
        "@id": "node/2265500655",
        "addr:city": "Windermere",
        "addr:housenumber": "7880",
        "addr:postcode": "34786-5689",
        "addr:state": "FL",
        "addr:street": "Winter Garden Vineland Road",
        "branch": "Lakeside Village Center",
        "brand": "Publix",
        "brand:wikidata": "Q672170",
        "name": "Publix",
        "opening_hours": "Mo-Su 07:00-22:00",
        "phone": "+1 407-876-0605",
        "ref": "1396",
        "shop": "supermarket",
        "website": "https://www.publix.com/locations/1396"
      },
      "geometry": {
        "type": "Point",
        "coordinates": [
          -81.5613984,
          28.446461
        ]
      },
      "id": "node/2265500655"
    },
    {
      "type": "Feature",
      "properties": {
        "@id": "node/2422126233",
        "addr:city": "Altamonte Springs",
        "addr:housenumber": "945",
        "addr:postcode": "32714",
        "addr:state": "FL",
        "addr:street": "West State Road 436",
        "addr:unit": "1155",
        "branch": "Altamonte Springs",
        "brand": "Kohl's",
        "brand:wikidata": "Q967265",
        "name": "Kohl's",
        "opening_hours": "Mo-Sa 09:00-21:00; Su 09:00-20:00",
        "phone": "+1 407-788-2480",
        "ref": "798",
        "shop": "department_store",
        "toilets:wheelchair": "yes",
        "website": "https://www.kohls.com/stores/fl/altamontesprings-798.shtml",
        "wheelchair": "yes"
      },
      "geometry": {
        "type": "Point",
        "coordinates": [
          -81.4219931,
          28.6678236
        ]
      },
      "id": "node/2422126233"
    },
    {
      "type": "Feature",
      "properties": {
        "@id": "node/2427549503",
        "brand": "Save-A-Lot",
        "brand:wikidata": "Q7427972",
        "check_date": "2023-06-17",
        "name": "Save-A-Lot",
        "shop": "supermarket",
        "website": "https://savealot.com/grocery-stores/apopka-32703-61233/",
        "wheelchair": "yes"
      },
      "geometry": {
        "type": "Point",
        "coordinates": [
          -81.494215,
          28.6743356
        ]
      },
      "id": "node/2427549503"
    },
    {
      "type": "Feature",
      "properties": {
        "@id": "node/2427549504",
        "brand": "Bravo",
        "brand:wikidata": "Q16985159",
        "name": "Bravo",
        "shop": "supermarket"
      },
      "geometry": {
        "type": "Point",
        "coordinates": [
          -81.4940648,
          28.6720564
        ]
      },
      "id": "node/2427549504"
    },
    {
      "type": "Feature",
      "properties": {
        "@id": "node/2538188272",
        "addr:city": "Altamonte Springs",
        "addr:housenumber": "924",
        "addr:postcode": "32714",
        "addr:state": "FL",
        "addr:street": "State Road 436",
        "brand": "ALDI",
        "brand:wikidata": "Q41171672",
        "name": "ALDI",
        "opening_hours": "Mo-Su 09:00-20:00",
        "phone": "+1 855-474-7005",
        "shop": "supermarket",
        "source": "http://www.openstreetmap.org/?note=74887",
        "website": "https://stores.aldi.us/fl/altamonte-springs/924-state-road-436",
        "wheelchair": "yes"
      },
      "geometry": {
        "type": "Point",
        "coordinates": [
          -81.4208553,
          28.6641751
        ]
      },
      "id": "node/2538188272"
    },
    {
      "type": "Feature",
      "properties": {
        "@id": "node/2653875052",
        "addr:city": "Davenport",
        "addr:housenumber": "7800",
        "addr:postcode": "33896-9605",
        "addr:state": "FL",
        "addr:street": "Lake Wilson Road",
        "branch": "Ovation",
        "brand": "Publix",
        "brand:wikidata": "Q672170",
        "name": "Publix",
        "opening_hours": "Mo-Su 07:00-22:00",
        "phone": "+1 863-420-3152",
        "ref": "1195",
        "shop": "supermarket",
        "toilets:wheelchair": "yes",
        "website": "https://www.publix.com/locations/1195",
        "wheelchair": "yes"
      },
      "geometry": {
        "type": "Point",
        "coordinates": [
          -81.5917104,
          28.2579568
        ]
      },
      "id": "node/2653875052"
    },
    {
      "type": "Feature",
      "properties": {
        "@id": "node/2728004376",
        "addr:city": "Orlando",
        "addr:country": "US",
        "addr:housenumber": "12550",
        "addr:postcode": "32837",
        "addr:state": "FL",
        "addr:street": "South Orange Blossom Trail",
        "brand": "Walmart Neighborhood Market",
        "brand:wikidata": "Q7963529",
        "name": "Walmart Neighborhood Market",
        "opening_hours": "Mo-Su 06:00-24:00",
        "operator": "Walmart",
        "payment:app:walmart": "yes",
        "payment:apple_pay": "no",
        "payment:google_pay": "no",
        "payment:samsung_pay": "no",
        "phone": "+1 407-541-1273",
        "ref": "5875",
        "ref:walmart": "5875",
        "sensory_friendly:accommodation": "dimmed_light;static_screens;no_pa",
        "sensory_friendly:conditional": "yes @ 08:00-10:00",
        "shop": "supermarket",
        "website": "https://www.walmart.com/store/5875-orlando-fl",
        "wheelchair": "yes"
      },
      "geometry": {
        "type": "Point",
        "coordinates": [
          -81.406268,
          28.382506
        ]
      },
      "id": "node/2728004376"
    },
    {
      "type": "Feature",
      "properties": {
        "@id": "node/2906045386",
        "addr:city": "Orlando",
        "addr:housenumber": "80 s",
        "addr:postcode": "32807",
        "addr:street": "Semoran Boulevard",
        "highway": "services",
        "name": "Option Cargo Express",
        "phone": "+1-407-730-9919",
        "shop": "department_store",
        "website": "https://www.optioncargo.com/"
      },
      "geometry": {
        "type": "Point",
        "coordinates": [
          -81.3109932,
          28.5437758
        ]
      },
      "id": "node/2906045386"
    },
    {
      "type": "Feature",
      "properties": {
        "@id": "node/2961879355",
        "name": "Marketplace Co-Op",
        "shop": "department_store",
        "website": "https://disneyworld.disney.go.com/shops/disney-springs/marketplace-co-op/"
      },
      "geometry": {
        "type": "Point",
        "coordinates": [
          -81.5144159,
          28.3721466
        ]
      },
      "id": "node/2961879355"
    },
    {
      "type": "Feature",
      "properties": {
        "@id": "node/2964611219",
        "addr:city": "Casselberry",
        "addr:housenumber": "4410",
        "addr:postcode": "32707-3290",
        "addr:state": "FL",
        "addr:street": "South Highway 17 92",
        "brand": "Target",
        "brand:wikidata": "Q1046951",
        "name": "Target",
        "opening_hours": "08:00-22:00",
        "phone": "+1 407-830-7979",
        "shop": "department_store",
        "website": "https://www.target.com/sl/casselberry/898"
      },
      "geometry": {
        "type": "Point",
        "coordinates": [
          -81.3405632,
          28.6714412
        ]
      },
      "id": "node/2964611219"
    },
    {
      "type": "Feature",
      "properties": {
        "@id": "node/2985580060",
        "addr:city": "Orlando",
        "addr:housenumber": "400",
        "addr:neighborhood": "South Eola",
        "addr:postcode": "32801",
        "addr:state": "FL",
        "addr:street": "Central Boulevard",
        "branch": "The Paramount on Lake Eola",
        "brand": "Publix",
        "brand:wikidata": "Q672170",
        "name": "Publix",
        "opening_hours": "Mo-Su 07:00-22:00",
        "phone": "+1 407-872-7201",
        "ref": "1131",
        "shop": "supermarket",
        "website": "https://www.publix.com/locations/1131",
        "wheelchair": "yes"
      },
      "geometry": {
        "type": "Point",
        "coordinates": [
          -81.3727188,
          28.5421039
        ]
      },
      "id": "node/2985580060"
    },
    {
      "type": "Feature",
      "properties": {
        "@id": "node/2988091581",
        "name": "Screen Door General Store",
        "opening_hours": "Mo-Su 08:30-23:00",
        "shop": "supermarket"
      },
      "geometry": {
        "type": "Point",
        "coordinates": [
          -81.5566516,
          28.3667974
        ]
      },
      "id": "node/2988091581"
    },
    {
      "type": "Feature",
      "properties": {
        "@id": "node/3058020421",
        "addr:city": "Winter Garden",
        "addr:housenumber": "14001",
        "addr:postcode": "34787",
        "addr:state": "FL",
        "addr:street": "West Colonial Drive",
        "brand": "ALDI",
        "brand:wikidata": "Q41171672",
        "check_date": "2026-03-26",
        "name": "ALDI",
        "opening_hours": "Mo-Su 08:30-20:00",
        "phone": "+1 855-474-7012",
        "shop": "supermarket",
        "website": "https://stores.aldi.us/fl/winter-garden/14001-w-colonial-dr"
      },
      "geometry": {
        "type": "Point",
        "coordinates": [
          -81.5921242,
          28.5521179
        ]
      },
      "id": "node/3058020421"
    },
    {
      "type": "Feature",
      "properties": {
        "@id": "node/3058022499",
        "addr:city": "Orlando",
        "addr:housenumber": "12351",
        "addr:postcode": "32837",
        "addr:state": "FL",
        "addr:street": "South Orange Blossom Trail",
        "addr:unit": "Suite B",
        "brand": "ALDI",
        "brand:wikidata": "Q41171672",
        "currency:USD": "yes",
        "internet_access": "wlan",
        "internet_access:fee": "no",
        "internet_access:ssid": "ALDI-Guest",
        "name": "ALDI",
        "opening_hours": "Mo-Su 08:30-20:30",
        "payment:american_express": "yes",
        "payment:apple_pay": "yes",
        "payment:cash": "yes",
        "payment:coins": "yes",
        "payment:contactless": "yes",
        "payment:credit_cards": "yes",
        "payment:debit_cards": "yes",
        "payment:discover_card": "yes",
        "payment:google_pay": "yes",
        "payment:mastercard": "yes",
        "payment:mastercard_contactless": "yes",
        "payment:notes": "yes",
        "payment:visa": "yes",
        "payment:visa_debit": "yes",
        "phone": "+1 855-474-1024",
        "shop": "supermarket",
        "website": "https://stores.aldi.us/fl/orlando/12351-s-orange-blossom-tr",
        "wheelchair": "yes"
      },
      "geometry": {
        "type": "Point",
        "coordinates": [
          -81.4021989,
          28.386093
        ]
      },
      "id": "node/3058022499"
    },
    {
      "type": "Feature",
      "properties": {
        "@id": "node/3058022737",
        "addr:city": "Kissimmee",
        "addr:housenumber": "1040",
        "addr:postcode": "34746",
        "addr:state": "FL",
        "addr:street": "Buenaventura Boulevard",
        "brand": "ALDI",
        "brand:wikidata": "Q41171672",
        "name": "ALDI",
        "opening_hours": "Mo-Su 09:00-20:00",
        "phone": "+1 855-474-4025",
        "shop": "supermarket",
        "website": "https://stores.aldi.us/fl/kissimmee/1040-buenaventura-blvd",
        "wheelchair": "yes"
      },
      "geometry": {
        "type": "Point",
        "coordinates": [
          -81.3640674,
          28.3471987
        ]
      },
      "id": "node/3058022737"
    },
    {
      "type": "Feature",
      "properties": {
        "@id": "node/3124118030",
        "addr:city": "Apopka",
        "addr:housenumber": "1636 East",
        "addr:postcode": "32703",
        "addr:state": "FL",
        "addr:street": "Semoran Boulevard",
        "brand": "ALDI",
        "brand:wikidata": "Q41171672",
        "check_date": "2023-06-17",
        "internet_access": "wlan",
        "name": "ALDI",
        "opening_hours": "Mo-Su 09:00-20:00",
        "phone": "+1 877-474-7004",
        "shop": "supermarket",
        "website": "https://stores.aldi.us/fl/apopka/1636-e-semoran-blvd",
        "wheelchair": "yes"
      },
      "geometry": {
        "type": "Point",
        "coordinates": [
          -81.479646,
          28.6721729
        ]
      },
      "id": "node/3124118030"
    },
    {
      "type": "Feature",
      "properties": {
        "@id": "node/3145055795",
        "brand": "Ross",
        "brand:wikidata": "Q3442791",
        "fixme:atp": "check if location still exists; no corresponding ATP location found",
        "name": "Ross",
        "official_name": "Ross Dress for Less",
        "shop": "department_store"
      },
      "geometry": {
        "type": "Point",
        "coordinates": [
          -81.4341781,
          28.2642986
        ]
      },
      "id": "node/3145055795"
    },
    {
      "type": "Feature",
      "properties": {
        "@id": "node/3145056083",
        "name": "Sedano's",
        "shop": "supermarket",
        "wheelchair": "yes"
      },
      "geometry": {
        "type": "Point",
        "coordinates": [
          -81.4174502,
          28.3020625
        ]
      },
      "id": "node/3145056083"
    },
    {
      "type": "Feature",
      "properties": {
        "@id": "node/3146580641",
        "addr:city": "Casselberry",
        "addr:housenumber": "153",
        "addr:postcode": "32730",
        "addr:state": "FL",
        "addr:street": "State Road 436",
        "brand": "ALDI",
        "brand:wikidata": "Q41171672",
        "internet_access": "wlan",
        "internet_access:fee": "no",
        "internet_access:ssid": "ALDI-Guest",
        "name": "ALDI",
        "opening_hours": "Mo-Su 09:00-20:00",
        "phone": "+1 855-474-7006",
        "shop": "supermarket",
        "website": "https://stores.aldi.us/fl/casselberry/153-state-road-436",
        "wheelchair": "yes"
      },
      "geometry": {
        "type": "Point",
        "coordinates": [
          -81.3396729,
          28.6585112
        ]
      },
      "id": "node/3146580641"
    },
    {
      "type": "Feature",
      "properties": {
        "@id": "node/3146893930",
        "addr:city": "Kissimmee",
        "addr:country": "US",
        "addr:housenumber": "3183",
        "addr:postcode": "34741",
        "addr:state": "FL",
        "addr:street": "West Vine Street",
        "brand": "Walmart",
        "brand:wikidata": "Q483551",
        "name": "Walmart Neighborhood Market",
        "opening_hours": "Mo-Su 06:00-24:00",
        "operator": "Walmart",
        "payment:app:walmart": "yes",
        "payment:apple_pay": "no",
        "payment:google_pay": "no",
        "payment:samsung_pay": "no",
        "phone": "+1 407-452-0224",
        "ref": "5846",
        "ref:walmart": "5846",
        "sensory_friendly:accommodation": "dimmed_light;static_screens;no_pa",
        "sensory_friendly:conditional": "yes @ 08:00-10:00",
        "shop": "supermarket",
        "website": "https://www.walmart.com/store/5846-kissimmee-fl"
      },
      "geometry": {
        "type": "Point",
        "coordinates": [
          -81.4352846,
          28.306554
        ]
      },
      "id": "node/3146893930"
    },
    {
      "type": "Feature",
      "properties": {
        "@id": "node/3146894001",
        "addr:city": "Kissimmee",
        "addr:housenumber": "3819",
        "addr:postcode": "34741",
        "addr:state": "FL",
        "addr:street": "West Vine Street",
        "brand": "Ross",
        "brand:wikidata": "Q3442791",
        "name": "Ross",
        "official_name": "Ross Dress for Less",
        "opening_hours": "Mo-Sa 09:00-23:00; Su 10:00-23:00",
        "phone": "+1 407-933-7898",
        "ref": "130",
        "shop": "department_store",
        "toilets:wheelchair": "no",
        "wheelchair": "yes"
      },
      "geometry": {
        "type": "Point",
        "coordinates": [
          -81.4413874,
          28.3067046
        ]
      },
      "id": "node/3146894001"
    },
    {
      "type": "Feature",
      "properties": {
        "@id": "node/3146894263",
        "addr:city": "Kissimmee",
        "addr:housenumber": "1347",
        "addr:postcode": "34744",
        "addr:state": "FL",
        "addr:street": "East Vine Street",
        "name": "Presidente Supermarkt",
        "opening_hours": "Mo-Sa 07:00-22:00,Su 07:00-21:00",
        "phone": "+1 407-343-1681",
        "shop": "supermarket",
        "website": "https://presidentesupermarkets.com/"
      },
      "geometry": {
        "type": "Point",
        "coordinates": [
          -81.3896787,
          28.3055253
        ]
      },
      "id": "node/3146894263"
    },
    {
      "type": "Feature",
      "properties": {
        "@id": "node/3153738718",
        "brand": "Marshalls",
        "brand:wikidata": "Q15903261",
        "name": "Marshalls",
        "shop": "department_store"
      },
      "geometry": {
        "type": "Point",
        "coordinates": [
          -81.4736427,
          28.332534
        ]
      },
      "id": "node/3153738718"
    },
    {
      "type": "Feature",
      "properties": {
        "@id": "node/3153738720",
        "addr:city": "Kissimmee",
        "addr:housenumber": "2915",
        "addr:postcode": "34746-5505",
        "addr:state": "FL",
        "addr:street": "Vineland Road",
        "brand": "Ross",
        "brand:wikidata": "Q3442791",
        "name": "Ross",
        "note": "Publix closed when the new one up 535 opened",
        "official_name": "Ross Dress for Less",
        "old_name": "Publix",
        "opening_hours": "09:00-22:00",
        "phone": "+1 407-396-1243",
        "ref": "2374",
        "shop": "department_store"
      },
      "geometry": {
        "type": "Point",
        "coordinates": [
          -81.4774997,
          28.3342411
        ]
      },
      "id": "node/3153738720"
    },
    {
      "type": "Feature",
      "properties": {
        "@id": "node/3155764482",
        "addr:city": "Kissimmee",
        "addr:housenumber": "2338",
        "addr:postcode": "34744",
        "addr:state": "FL",
        "addr:street": "East Irlo Bronson Memorial Highway",
        "branch": "Partin Village",
        "brand": "Publix",
        "brand:wikidata": "Q672170",
        "name": "Publix",
        "opening_hours": "08:00-22:00",
        "phone": "+1 407-846-6141",
        "ref": "1408",
        "shop": "supermarket",
        "website": "https://www.publix.com/locations/1408"
      },
      "geometry": {
        "type": "Point",
        "coordinates": [
          -81.347668,
          28.2795749
        ]
      },
      "id": "node/3155764482"
    },
    {
      "type": "Feature",
      "properties": {
        "@id": "node/3155764746",
        "name": "Mizu Asian Latino Supermarket",
        "shop": "supermarket"
      },
      "geometry": {
        "type": "Point",
        "coordinates": [
          -81.3134898,
          28.2492971
        ]
      },
      "id": "node/3155764746"
    },
    {
      "type": "Feature",
      "properties": {
        "@id": "node/3155764897",
        "addr:city": "Saint Cloud",
        "addr:hamlet": "Ashton",
        "addr:housenumber": "4855",
        "addr:postcode": "34771",
        "addr:state": "FL",
        "addr:street": "East Irlo Bronson Memorial Highway",
        "brand": "Winn-Dixie",
        "brand:wikidata": "Q1264366",
        "name": "Winn-Dixie",
        "phone": "+1 407-892-3755",
        "ref": "2238",
        "shop": "supermarket",
        "website": "https://www.winndixie.com/storedetails/saint%20cloud/fl?search=2238",
        "wheelchair": "yes"
      },
      "geometry": {
        "type": "Point",
        "coordinates": [
          -81.2452783,
          28.2476041
        ]
      },
      "id": "node/3155764897"
    },
    {
      "type": "Feature",
      "properties": {
        "@id": "node/3155765043",
        "brand": "Bealls",
        "brand:wikidata": "Q4876153",
        "name": "Bealls Outlet",
        "shop": "department_store"
      },
      "geometry": {
        "type": "Point",
        "coordinates": [
          -81.3084979,
          28.2466786
        ]
      },
      "id": "node/3155765043"
    },
    {
      "type": "Feature",
      "properties": {
        "@id": "node/3155977011",
        "addr:city": "Kissimmee",
        "addr:housenumber": "1910",
        "addr:postcode": "34741-3221",
        "addr:state": "FL",
        "addr:street": "North John Young Parkway",
        "branch": "Columbia Promenade",
        "brand": "Publix",
        "brand:wikidata": "Q672170",
        "name": "Publix",
        "opening_hours": "Mo-Su 07:00-22:00",
        "phone": "+1 407-933-0367",
        "ref": "707",
        "shop": "supermarket",
        "website": "https://www.publix.com/locations/707"
      },
      "geometry": {
        "type": "Point",
        "coordinates": [
          -81.4181428,
          28.3087976
        ]
      },
      "id": "node/3155977011"
    },
    {
      "type": "Feature",
      "properties": {
        "@id": "node/3161161562",
        "addr:city": "Saint Cloud",
        "addr:housenumber": "4056",
        "addr:postcode": "34769",
        "addr:state": "FL",
        "addr:street": "13th Street",
        "brand": "ALDI",
        "brand:wikidata": "Q41171672",
        "name": "ALDI",
        "opening_hours": "Mo-Su 09:00-20:00",
        "phone": "+1 844-474-4030",
        "shop": "supermarket",
        "website": "https://stores.aldi.us/fl/st.-cloud/4056-13th-street"
      },
      "geometry": {
        "type": "Point",
        "coordinates": [
          -81.3115413,
          28.2524253
        ]
      },
      "id": "node/3161161562"
    },
    {
      "type": "Feature",
      "properties": {
        "@id": "node/3161185089",
        "addr:city": "Ocoee",
        "addr:housenumber": "9250",
        "addr:postcode": "34761",
        "addr:state": "FL",
        "addr:street": "West Colonial Drive",
        "brand": "ALDI",
        "brand:wikidata": "Q41171672",
        "name": "ALDI",
        "opening_hours": "Mo-Su 09:00-20:00",
        "phone": "+1 855-474-7010",
        "shop": "supermarket",
        "website": "https://stores.aldi.us/fl/ocoee/9250-w-colonial-dr"
      },
      "geometry": {
        "type": "Point",
        "coordinates": [
          -81.5084076,
          28.5507734
        ]
      },
      "id": "node/3161185089"
    },
    {
      "type": "Feature",
      "properties": {
        "@id": "node/3161200265",
        "addr:city": "Winter Park",
        "addr:housenumber": "6766",
        "addr:postcode": "32792-6801",
        "addr:state": "FL",
        "addr:street": "Aloma Avenue",
        "brand": "Aldi",
        "brand:wikidata": "Q41171672",
        "name": "Aldi",
        "opening_hours": "Mo-Su 09:00-20:00",
        "phone": "+1 877-474-1008",
        "shop": "supermarket",
        "website": "https://stores.aldi.us/fl/winter-park/6766-aloma-ave"
      },
      "geometry": {
        "type": "Point",
        "coordinates": [
          -81.2979703,
          28.6052395
        ]
      },
      "id": "node/3161200265"
    },
    {
      "type": "Feature",
      "properties": {
        "@id": "node/3161220492",
        "addr:city": "Oviedo",
        "addr:housenumber": "1268",
        "addr:postcode": "32765-8888",
        "addr:state": "FL",
        "addr:street": "Alafaya Trail",
        "brand": "ALDI",
        "brand:wikidata": "Q41171672",
        "name": "ALDI",
        "opening_hours": "Mo-Su 08:30-20:30",
        "phone": "+1 888-474-1007",
        "shop": "supermarket",
        "website": "https://stores.aldi.us/fl/oviedo/1268-alafaya-trail"
      },
      "geometry": {
        "type": "Point",
        "coordinates": [
          -81.2092988,
          28.6528427
        ]
      },
      "id": "node/3161220492"
    },
    {
      "type": "Feature",
      "properties": {
        "@id": "node/3164179772",
        "brand": "Save-A-Lot",
        "brand:wikidata": "Q7427972",
        "name": "Save-A-Lot",
        "shop": "supermarket"
      },
      "geometry": {
        "type": "Point",
        "coordinates": [
          -81.4050738,
          28.3082956
        ]
      },
      "id": "node/3164179772"
    },
    {
      "type": "Feature",
      "properties": {
        "@id": "node/3166131986",
        "addr:city": "Kissimmee",
        "addr:housenumber": "3205",
        "addr:postcode": "34747",
        "addr:state": "FL",
        "addr:street": "Rolling Oaks Boulevard",
        "brand": "Ross",
        "brand:website": "https://www.rossstores.com/",
        "brand:wikidata": "Q3442791",
        "name": "Ross",
        "official_name": "Ross Dress for Less",
        "opening_hours": "Mo-Su 08:00-22:00",
        "phone": "+1 407-465-1748",
        "ref": "1301",
        "shop": "department_store",
        "website": "http://rosstores.com"
      },
      "geometry": {
        "type": "Point",
        "coordinates": [
          -81.6116868,
          28.343859
        ]
      },
      "id": "node/3166131986"
    },
    {
      "type": "Feature",
      "properties": {
        "@id": "node/3182240371",
        "addr:city": "Kissimmee",
        "addr:housenumber": "3202",
        "addr:postcode": "34741",
        "addr:state": "FL",
        "addr:street": "North John Young Parkway",
        "brand": "Ross",
        "brand:wikidata": "Q3442791",
        "check_date": "2025-12-23",
        "name": "Ross",
        "official_name": "Ross Dress for Less",
        "opening_hours": "Mo-Th 09:30-23:00; Fr-Sa 09:00-24:00; Su 10:00-23:00",
        "phone": "+1 407-343-4779",
        "ref": "829",
        "shop": "department_store",
        "wheelchair": "yes"
      },
      "geometry": {
        "type": "Point",
        "coordinates": [
          -81.4237282,
          28.3445308
        ]
      },
      "id": "node/3182240371"
    },
    {
      "type": "Feature",
      "properties": {
        "@id": "node/3184412048",
        "brand": "Save-A-Lot",
        "brand:wikidata": "Q7427972",
        "name": "Save-A-Lot",
        "shop": "supermarket",
        "website": "https://savealot.com/grocery-stores/winter-garden-34787-61228/"
      },
      "geometry": {
        "type": "Point",
        "coordinates": [
          -81.581204,
          28.5519627
        ]
      },
      "id": "node/3184412048"
    },
    {
      "type": "Feature",
      "properties": {
        "@id": "node/3184412137",
        "branch": "Supermarkets",
        "brand": "Bravo",
        "brand:wikidata": "Q16985159",
        "name": "Bravo",
        "shop": "supermarket"
      },
      "geometry": {
        "type": "Point",
        "coordinates": [
          -81.5846568,
          28.5574427
        ]
      },
      "id": "node/3184412137"
    },
    {
      "type": "Feature",
      "properties": {
        "@id": "node/3195118369",
        "addr:city": "Winter Park",
        "addr:housenumber": "131",
        "addr:postcode": "32789",
        "addr:state": "FL",
        "addr:street": "Orlando Avenue",
        "branch": "Winter Park",
        "brand": "Trader Joe's",
        "brand:wikidata": "Q688825",
        "name": "Trader Joe's",
        "opening_hours": "Mo-Su 08:00-21:00",
        "phone": "+1 407-622-0874",
        "ref": "765",
        "shop": "supermarket",
        "website": "https://locations.traderjoes.com/fl/winter-park/765/",
        "wheelchair": "yes"
      },
      "geometry": {
        "type": "Point",
        "coordinates": [
          -81.3655486,
          28.5982017
        ]
      },
      "id": "node/3195118369"
    },
    {
      "type": "Feature",
      "properties": {
        "@id": "node/3196608930",
        "addr:city": "Orlando",
        "addr:housenumber": "11230",
        "addr:postcode": "32837",
        "addr:state": "FL",
        "addr:street": "South Orange Blossom Trail",
        "brand": "Big Lots",
        "brand:wikidata": "Q4905973",
        "name": "Big Lots",
        "opening_hours": "Mo-Su 09:00-21:00",
        "phone": "+1 407-851-1455",
        "shop": "department_store",
        "website": "https://local.biglots.com/fl/orlando/11230-s-orange-blossom-trl",
        "wheelchair": "yes"
      },
      "geometry": {
        "type": "Point",
        "coordinates": [
          -81.4063617,
          28.4019211
        ]
      },
      "id": "node/3196608930"
    },
    {
      "type": "Feature",
      "properties": {
        "@id": "node/3196608995",
        "brand": "Bealls",
        "brand:wikidata": "Q4876153",
        "name": "Bealls",
        "shop": "department_store",
        "wheelchair": "yes"
      },
      "geometry": {
        "type": "Point",
        "coordinates": [
          -81.4022655,
          28.3845335
        ]
      },
      "id": "node/3196608995"
    },
    {
      "type": "Feature",
      "properties": {
        "@id": "node/3196609081",
        "addr:city": "Orlando",
        "addr:housenumber": "12981",
        "addr:postcode": "32837",
        "addr:state": "FL",
        "addr:street": "South Orange Blossom Trail",
        "name": "Sedano's",
        "shop": "supermarket",
        "wheelchair": "yes"
      },
      "geometry": {
        "type": "Point",
        "coordinates": [
          -81.4028595,
          28.377476
        ]
      },
      "id": "node/3196609081"
    },
    {
      "type": "Feature",
      "properties": {
        "@id": "node/3196609392",
        "addr:city": "Orlando",
        "addr:housenumber": "12640",
        "addr:postcode": "32837",
        "addr:state": "FL",
        "addr:street": "South Orange Blossom Trail",
        "name": "Pet Supermarket",
        "shop": "supermarket",
        "wheelchair": "yes"
      },
      "geometry": {
        "type": "Point",
        "coordinates": [
          -81.4060808,
          28.3816591
        ]
      },
      "id": "node/3196609392"
    },
    {
      "type": "Feature",
      "properties": {
        "@id": "node/3198122942",
        "addr:city": "Orlando",
        "addr:housenumber": "1736",
        "addr:postcode": "32809",
        "addr:state": "FL",
        "addr:street": "Sand Lake Road",
        "brand": "Ross",
        "brand:wikidata": "Q3442791",
        "name": "Ross",
        "official_name": "Ross Dress for Less",
        "opening_hours": "Mo-Sa 09:00-23:00; Su 09:00-22:30",
        "phone": "+1 407-816-1246",
        "ref": "760",
        "shop": "department_store",
        "wheelchair": "yes"
      },
      "geometry": {
        "type": "Point",
        "coordinates": [
          -81.403116,
          28.4481839
        ]
      },
      "id": "node/3198122942"
    },
    {
      "type": "Feature",
      "properties": {
        "@id": "node/3198123070",
        "addr:city": "Orlando",
        "addr:housenumber": "7053",
        "addr:postcode": "32809",
        "addr:state": "FL",
        "addr:street": "South Orange Blossom Trail",
        "branch": "Orange Blossom Trail",
        "brand": "Fancy Fruit and Produce",
        "name": "Fancy Fruit and Produce",
        "opening_hours": "\"opening soon\"",
        "shop": "supermarket",
        "website": "https://fancyfruitandproduce.com/fancy-of-obt/"
      },
      "geometry": {
        "type": "Point",
        "coordinates": [
          -81.3956694,
          28.4639205
        ]
      },
      "id": "node/3198123070"
    },
    {
      "type": "Feature",
      "properties": {
        "@id": "node/3207212465",
        "addr:city": "Kissimmee",
        "addr:housenumber": "1010",
        "addr:postcode": "34743",
        "addr:state": "FL",
        "addr:street": "Buenaventura Boulevard",
        "brand": "Ross",
        "brand:wikidata": "Q3442791",
        "name": "Ross",
        "official_name": "Ross Dress for Less",
        "opening_hours": "Mo-Th 09:00-22:30; Fr-Sa 09:00-23:00; Su 09:00-22:00",
        "phone": "+1 407-348-7118",
        "ref": "1215",
        "shop": "department_store",
        "wheelchair": "yes"
      },
      "geometry": {
        "type": "Point",
        "coordinates": [
          -81.3655751,
          28.3461692
        ]
      },
      "id": "node/3207212465"
    },
    {
      "type": "Feature",
      "properties": {
        "@id": "node/3268334984",
        "addr:housenumber": "5730",
        "addr:street": "West Irlo Bronson Memorial Highway",
        "shop": "supermarket"
      },
      "geometry": {
        "type": "Point",
        "coordinates": [
          -81.514111,
          28.3319702
        ]
      },
      "id": "node/3268334984"
    },
    {
      "type": "Feature",
      "properties": {
        "@id": "node/3376895404",
        "brand": "Bealls",
        "brand:wikidata": "Q4876153",
        "name": "Bealls",
        "shop": "department_store"
      },
      "geometry": {
        "type": "Point",
        "coordinates": [
          -81.4670645,
          28.3175232
        ]
      },
      "id": "node/3376895404"
    },
    {
      "type": "Feature",
      "properties": {
        "@id": "node/3386174776",
        "name": "ABC Supermarket",
        "shop": "supermarket"
      },
      "geometry": {
        "type": "Point",
        "coordinates": [
          -81.4700351,
          28.4556215
        ]
      },
      "id": "node/3386174776"
    },
    {
      "type": "Feature",
      "properties": {
        "@id": "node/3394522095",
        "addr:city": "Orlando",
        "addr:housenumber": "7640",
        "addr:postcode": "32819-5112",
        "addr:state": "FL",
        "addr:street": "West Sand Lake Road",
        "branch": "Plaza Venezia",
        "brand": "Publix",
        "brand:wikidata": "Q672170",
        "name": "Publix",
        "opening_hours": "Mo-Su 07:00-22:00",
        "phone": "+1 407-226-3315",
        "ref": "741",
        "shop": "supermarket",
        "website": "https://www.publix.com/locations/741",
        "wheelchair": "yes"
      },
      "geometry": {
        "type": "Point",
        "coordinates": [
          -81.4865628,
          28.4487254
        ]
      },
      "id": "node/3394522095"
    },
    {
      "type": "Feature",
      "properties": {
        "@id": "node/3644749023",
        "addr:city": "Orlando",
        "addr:housenumber": "13900",
        "addr:postcode": "32832-6960",
        "addr:state": "FL",
        "addr:street": "Narcoossee Road",
        "branch": "Lake Nona Plaza",
        "brand": "Publix",
        "brand:wikidata": "Q672170",
        "name": "Publix",
        "opening_hours": "Mo-Su 07:00-22:00",
        "phone": "+1 407-240-2102",
        "ref": "1430",
        "shop": "supermarket",
        "website": "https://www.publix.com/locations/1430",
        "wheelchair": "yes"
      },
      "geometry": {
        "type": "Point",
        "coordinates": [
          -81.246635,
          28.3645999
        ]
      },
      "id": "node/3644749023"
    },
    {
      "type": "Feature",
      "properties": {
        "@id": "node/3777929943",
        "addr:city": "Oviedo",
        "addr:housenumber": "4250",
        "addr:postcode": "32765-9430",
        "addr:state": "FL",
        "addr:street": "Alafaya Trail",
        "addr:unit": "148",
        "branch": "University Palms Shopping Center",
        "brand": "Publix",
        "brand:wikidata": "Q672170",
        "check_date:opening_hours": "2026-01-14",
        "name": "Publix",
        "opening_hours": "Mo-Su 07:00-22:00",
        "phone": "+1 407-366-9480",
        "ref": "458",
        "shop": "supermarket",
        "website": "https://www.publix.com/locations/458"
      },
      "geometry": {
        "type": "Point",
        "coordinates": [
          -81.2062123,
          28.6133888
        ]
      },
      "id": "node/3777929943"
    },
    {
      "type": "Feature",
      "properties": {
        "@id": "node/3949164277",
        "brand": "Save-A-Lot",
        "brand:wikidata": "Q7427972",
        "name": "Save-A-Lot",
        "shop": "supermarket",
        "website": "https://savealot.com/grocery-stores/st-cloud-34769-61240/",
        "wheelchair": "yes"
      },
      "geometry": {
        "type": "Point",
        "coordinates": [
          -81.2797921,
          28.2465402
        ]
      },
      "id": "node/3949164277"
    },
    {
      "type": "Feature",
      "properties": {
        "@id": "node/3950641855",
        "addr:city": "Winter Springs",
        "addr:housenumber": "5920",
        "addr:postcode": "32708",
        "addr:state": "FL",
        "addr:street": "Red Bug Lake Road",
        "brand": "The Fresh Market",
        "brand:wikidata": "Q7735265",
        "name": "The Fresh Market",
        "note": "Store #181 - Specials: http://www.thefreshmarket.com/view-specials/?store=181",
        "opening_hours": "Mo-Su 08:00-21:00",
        "phone": "+1 407 388 1745",
        "shop": "supermarket",
        "source": "http://www.thefreshmarket.com/directions?store=181",
        "website": "https://www.thefreshmarket.com/directions?store=181",
        "wheelchair": "yes"
      },
      "geometry": {
        "type": "Point",
        "coordinates": [
          -81.2665798,
          28.6484034
        ]
      },
      "id": "node/3950641855"
    },
    {
      "type": "Feature",
      "properties": {
        "@id": "node/4062754780",
        "addr:city": "Orlando",
        "addr:housenumber": "8323",
        "addr:postcode": "32819",
        "addr:state": "FL",
        "addr:street": "Sand Lake Road",
        "branch": "Orlando Doctor Phillips",
        "brand": "Trader Joe's",
        "brand:wikidata": "Q688825",
        "diet:gluten_free": "yes",
        "diet:halal": "no",
        "name": "Trader Joe's",
        "opening_hours": "Mo-Su 08:00-21:00",
        "organic": "yes",
        "phone": "+1 407-345-0611",
        "ref": "768",
        "shop": "supermarket",
        "website": "https://locations.traderjoes.com/fl/orlando/768/",
        "wheelchair": "yes"
      },
      "geometry": {
        "type": "Point",
        "coordinates": [
          -81.4965381,
          28.4503079
        ]
      },
      "id": "node/4062754780"
    },
    {
      "type": "Feature",
      "properties": {
        "@id": "node/4104001970",
        "brand": "TJ Maxx",
        "brand:wikidata": "Q10860683",
        "name": "TJ Maxx",
        "shop": "department_store"
      },
      "geometry": {
        "type": "Point",
        "coordinates": [
          -81.4531423,
          28.4659729
        ]
      },
      "id": "node/4104001970"
    },
    {
      "type": "Feature",
      "properties": {
        "@id": "node/4104001972",
        "addr:city": "Orlando",
        "addr:housenumber": "5295",
        "addr:postcode": "32819",
        "addr:state": "FL",
        "addr:street": "International Drive",
        "brand": "Ross",
        "brand:wikidata": "Q3442791",
        "name": "Ross",
        "name:en": "Ross Dress for Less",
        "official_name": "Ross Dress for Less",
        "opening_hours": "Su-Th 08:30-00:00; Fr-Sa 08:00-00:00",
        "phone": "+1 407-248-0821",
        "ref": "350",
        "shop": "department_store"
      },
      "geometry": {
        "type": "Point",
        "coordinates": [
          -81.4523719,
          28.4656078
        ]
      },
      "id": "node/4104001972"
    },
    {
      "type": "Feature",
      "properties": {
        "@id": "node/4289028821",
        "addr:city": "Apopka",
        "addr:housenumber": "775",
        "addr:postcode": "32703",
        "addr:state": "FL",
        "addr:street": "South Orange Blossom Trail",
        "brand": "Big Lots",
        "brand:wikidata": "Q4905973",
        "name": "Big Lots",
        "opening_hours": "Mo-Sa 09:00-21:00; Su 10:00-21:00",
        "phone": "+1 407-464-3800",
        "shop": "department_store",
        "website": "https://local.biglots.com/fl/apopka/775-s-orange-blossom-trl",
        "wheelchair": "yes"
      },
      "geometry": {
        "type": "Point",
        "coordinates": [
          -81.4895146,
          28.6700804
        ]
      },
      "id": "node/4289028821"
    },
    {
      "type": "Feature",
      "properties": {
        "@id": "node/4289081596",
        "name": "Los Hirasoles",
        "shop": "supermarket",
        "wheelchair": "yes"
      },
      "geometry": {
        "type": "Point",
        "coordinates": [
          -81.4759719,
          28.6724133
        ]
      },
      "id": "node/4289081596"
    },
    {
      "type": "Feature",
      "properties": {
        "@id": "node/4289173611",
        "brand": "Marshalls",
        "brand:wikidata": "Q15903261",
        "name": "Marshalls",
        "shop": "department_store",
        "wheelchair": "yes"
      },
      "geometry": {
        "type": "Point",
        "coordinates": [
          -81.4708731,
          28.6750474
        ]
      },
      "id": "node/4289173611"
    },
    {
      "type": "Feature",
      "properties": {
        "@id": "node/4289173612",
        "addr:city": "Apopka",
        "addr:housenumber": "2177",
        "addr:postcode": "32703-5712",
        "addr:state": "FL",
        "addr:street": "East Semoran Boulevard",
        "brand": "Ross",
        "brand:wikidata": "Q3442791",
        "name": "Ross",
        "official_name": "Ross Dress for Less",
        "opening_hours": "Mo-Th 09:00-22:30; Fr-Sa 09:00-23:00; Su 09:00-22:00",
        "phone": "+1 407-884-0509",
        "ref": "1390",
        "shop": "department_store",
        "wheelchair": "yes"
      },
      "geometry": {
        "type": "Point",
        "coordinates": [
          -81.4701582,
          28.6750816
        ]
      },
      "id": "node/4289173612"
    },
    {
      "type": "Feature",
      "properties": {
        "@id": "node/4289369399",
        "name": "Maters & Taters",
        "shop": "supermarket"
      },
      "geometry": {
        "type": "Point",
        "coordinates": [
          -81.50969,
          28.6872666
        ]
      },
      "id": "node/4289369399"
    },
    {
      "type": "Feature",
      "properties": {
        "@id": "node/4289369530",
        "name": "La Tasquena",
        "shop": "supermarket"
      },
      "geometry": {
        "type": "Point",
        "coordinates": [
          -81.5090789,
          28.6675515
        ]
      },
      "id": "node/4289369530"
    },
    {
      "type": "Feature",
      "properties": {
        "@id": "node/4322548177",
        "addr:city": "Saint Cloud",
        "addr:housenumber": "1951",
        "addr:postcode": "34771-7211",
        "addr:state": "FL",
        "addr:street": "South Narcoossee Road",
        "branch": "Narcoossee Shoppes",
        "brand": "Publix",
        "brand:wikidata": "Q672170",
        "name": "Publix",
        "opening_hours": "Mo-Su 07:00-22:00",
        "phone": "+1 407-892-0595",
        "ref": "1045",
        "shop": "supermarket",
        "website": "https://www.publix.com/locations/1045",
        "wheelchair": "yes"
      },
      "geometry": {
        "type": "Point",
        "coordinates": [
          -81.2425644,
          28.2477098
        ]
      },
      "id": "node/4322548177"
    },
    {
      "type": "Feature",
      "properties": {
        "@id": "node/4322548270",
        "addr:city": "Saint Cloud",
        "addr:housenumber": "4401",
        "addr:postcode": "34769-6724",
        "addr:state": "FL",
        "addr:street": "13th Street",
        "branch": "Center Of Saint Cloud",
        "brand": "Publix",
        "brand:wikidata": "Q672170",
        "name": "Publix",
        "opening_hours": "Mo-Su 07:00-22:00",
        "phone": "+1 407-498-3070",
        "ref": "235",
        "shop": "supermarket",
        "website": "https://www.publix.com/locations/235"
      },
      "geometry": {
        "type": "Point",
        "coordinates": [
          -81.3167941,
          28.2510259
        ]
      },
      "id": "node/4322548270"
    },
    {
      "type": "Feature",
      "properties": {
        "@id": "node/4577411989",
        "addr:housenumber": "8200",
        "addr:street": "Vineland Road",
        "name": "The Lake Buena Vista Factory Stores",
        "shop": "department_store"
      },
      "geometry": {
        "type": "Point",
        "coordinates": [
          -81.4880322,
          28.349864
        ]
      },
      "id": "node/4577411989"
    },
    {
      "type": "Feature",
      "properties": {
        "@id": "node/4580509007",
        "addr:city": "Orlando",
        "addr:housenumber": "12351",
        "addr:postcode": "32837-6218",
        "addr:state": "FL",
        "addr:street": "South Orange Blossom Trail",
        "addr:unit": "107",
        "brand": "Ross",
        "brand:wikidata": "Q3442791",
        "name": "Ross",
        "official_name": "Ross Dress for Less",
        "opening_hours": "Mo-Th 10:00-22:30; Fr-Sa 09:00-23:00; Su 10:00-22:30",
        "phone": "+1 407-856-7851",
        "ref": "1687",
        "shop": "department_store",
        "wheelchair": "yes"
      },
      "geometry": {
        "type": "Point",
        "coordinates": [
          -81.4024487,
          28.3858361
        ]
      },
      "id": "node/4580509007"
    },
    {
      "type": "Feature",
      "properties": {
        "@id": "node/4582660669",
        "addr:city": "Altamonte Springs",
        "addr:housenumber": "851",
        "addr:postcode": "32714",
        "addr:state": "FL",
        "addr:street": "South State Road 434",
        "branch": "Gateway Crossing",
        "brand": "Publix",
        "brand:wikidata": "Q672170",
        "name": "Publix",
        "opening_hours": "Mo-Su 07:00-22:00",
        "phone": "+1 407-522-1100",
        "ref": "442",
        "shop": "supermarket",
        "website": "https://www.publix.com/locations/442"
      },
      "geometry": {
        "type": "Point",
        "coordinates": [
          -81.4116965,
          28.645292
        ]
      },
      "id": "node/4582660669"
    },
    {
      "type": "Feature",
      "properties": {
        "@id": "node/4587494890",
        "addr:city": "Orlando",
        "addr:housenumber": "7603",
        "addr:postcode": "32819",
        "addr:state": "FL",
        "addr:street": "Turkey Lake Road",
        "brand": "Ross",
        "brand:wikidata": "Q3442791",
        "name": "Ross",
        "official_name": "Ross Dress for Less",
        "opening_hours": "Mo-Su 09:00-22:30",
        "phone": "+1 407-355-0423",
        "ref": "1889",
        "shop": "department_store"
      },
      "geometry": {
        "type": "Point",
        "coordinates": [
          -81.4765462,
          28.4543608
        ]
      },
      "id": "node/4587494890"
    },
    {
      "type": "Feature",
      "properties": {
        "@id": "node/4715810492",
        "addr:housenumber": "4951",
        "addr:street": "International Dr",
        "name": "Orlando International Premium Outlet",
        "name:en": "orlando international premium outlets",
        "shop": "mall",
        "wikidata": "Q7103165"
      },
      "geometry": {
        "type": "Point",
        "coordinates": [
          -81.4514825,
          28.4750673
        ]
      },
      "id": "node/4715810492"
    },
    {
      "type": "Feature",
      "properties": {
        "@id": "node/4738783163",
        "addr:city": "Kissimmee",
        "addr:housenumber": "3219",
        "addr:postcode": "34747",
        "addr:state": "FL",
        "addr:street": "Rolling Oaks Blvd.",
        "brand": "TJ Maxx",
        "brand:wikidata": "Q10860683",
        "name": "TJ Maxx",
        "name:en": "T. J. Maxx",
        "opening_hours": "Mo-Th 09:00-21:30; Fr 09:00-22:00; Sa 09:30-22:30; Su 10:00-20:00",
        "phone": "+1-407-465-8613",
        "shop": "department_store",
        "website": "http://tjmaxx.com"
      },
      "geometry": {
        "type": "Point",
        "coordinates": [
          -81.6110172,
          28.3438618
        ]
      },
      "id": "node/4738783163"
    },
    {
      "type": "Feature",
      "properties": {
        "@id": "node/4967456932",
        "addr:city": "Orlando",
        "addr:housenumber": "4661",
        "addr:postcode": "32839",
        "addr:state": "FL",
        "addr:street": "Millenia Plaza Way",
        "brand": "Ross",
        "brand:website": "https://www.rossstores.com/",
        "brand:wikidata": "Q3442791",
        "name": "Ross",
        "official_name": "Ross Dress for Less",
        "opening_hours": "Mo-Th 09:30-23:00; Fr-Sa 09:30-23:30; Su 09:30-22:00",
        "phone": "+1 407-264-0488",
        "ref": "1507",
        "shop": "department_store",
        "website": "http://rosstores.com",
        "wheelchair": "yes"
      },
      "geometry": {
        "type": "Point",
        "coordinates": [
          -81.4275743,
          28.4957334
        ]
      },
      "id": "node/4967456932"
    },
    {
      "type": "Feature",
      "properties": {
        "@id": "node/5036727321",
        "name": "The florida mall",
        "name:en": "The florida mall",
        "name:it": "The Florida Mall",
        "opening_hours": "Mo-Fr 10:00-21:00; Sa 10:00-22:00; Su 12:00-20:00",
        "shop": "department_store"
      },
      "geometry": {
        "type": "Point",
        "coordinates": [
          -81.3953265,
          28.4468957
        ]
      },
      "id": "node/5036727321"
    },
    {
      "type": "Feature",
      "properties": {
        "@id": "node/5127542105",
        "addr:city": "Kissimmee",
        "addr:country": "US",
        "addr:housenumber": "3215",
        "addr:place": "Sunrise City Plaza",
        "addr:postcode": "34746",
        "addr:street": "Vineland Road",
        "brand": "TJ Maxx",
        "brand:wikidata": "Q10860683",
        "name": "TJ Maxx",
        "shop": "department_store",
        "toilets:wheelchair": "yes",
        "wheelchair": "yes"
      },
      "geometry": {
        "type": "Point",
        "coordinates": [
          -81.4826157,
          28.3461158
        ]
      },
      "id": "node/5127542105"
    },
    {
      "type": "Feature",
      "properties": {
        "@id": "node/5127542108",
        "addr:city": "Kissimmee",
        "addr:housenumber": "3221",
        "addr:postcode": "34746",
        "addr:state": "FL",
        "addr:street": "Vineland Road",
        "branch": "Sunrise City Plaza",
        "brand": "Publix",
        "brand:wikidata": "Q672170",
        "name": "Publix",
        "opening_hours": "Mo-Su 07:00-22:00",
        "phone": "+1 407-239-1852",
        "ref": "1607",
        "shop": "supermarket",
        "toilets:wheelchair": "yes",
        "website": "https://www.publix.com/locations/1607",
        "wheelchair": "yes"
      },
      "geometry": {
        "type": "Point",
        "coordinates": [
          -81.4832862,
          28.3462381
        ]
      },
      "id": "node/5127542108"
    },
    {
      "type": "Feature",
      "properties": {
        "@id": "node/5127542111",
        "addr:city": "Kissimmee",
        "addr:country": "US",
        "addr:housenumber": "3231",
        "addr:place": "Sunrise City Plaza",
        "addr:postcode": "34746",
        "addr:state": "FL",
        "addr:street": "Vineland Road",
        "addr:unit": "300",
        "brand": "Ross",
        "brand:wikidata": "Q3442791",
        "name": "Ross",
        "official_name": "Ross Dress for Less",
        "opening_hours": "09:00-24:00",
        "phone": "+1 407-390-0055",
        "ref": "2024",
        "shop": "department_store",
        "wheelchair": "yes"
      },
      "geometry": {
        "type": "Point",
        "coordinates": [
          -81.4839938,
          28.3462685
        ]
      },
      "id": "node/5127542111"
    },
    {
      "type": "Feature",
      "properties": {
        "@id": "node/5167938698",
        "addr:city": "Saint Cloud",
        "addr:country": "US",
        "addr:housenumber": "3401",
        "addr:postcode": "34769",
        "addr:state": "FL",
        "addr:street": "13th Street",
        "addr:unit": "100",
        "brand": "Big Lots",
        "brand:wikidata": "Q4905973",
        "name": "Big Lots",
        "opening_hours": "09:00-21:00",
        "phone": "+1 407-957-3044",
        "shop": "department_store",
        "website": "https://local.biglots.com/fl/saint-cloud/3401-13th-st"
      },
      "geometry": {
        "type": "Point",
        "coordinates": [
          -81.3074005,
          28.246413
        ]
      },
      "id": "node/5167938698"
    },
    {
      "type": "Feature",
      "properties": {
        "@id": "node/5262493723",
        "brand": "Dillard's",
        "brand:wikidata": "Q844805",
        "check_date": "2024-10-07",
        "check_date:opening_hours": "2024-10-07",
        "contact:facebook": "https://www.facebook.com/profile.php?id=100089809627394",
        "contact:instagram": "https://www.instagram.com/dillardsoviedomall/",
        "name": "Dillard's",
        "opening_hours": "Mo-Sa 11:00-20:00; Su 12:00-18:00",
        "phone": "+1 407-977-9996",
        "shop": "department_store",
        "website": "https://www.dillards.com/stores/florida/oviedo-mall-oviedo/0222",
        "wheelchair": "yes"
      },
      "geometry": {
        "type": "Point",
        "coordinates": [
          -81.2365233,
          28.6616544
        ]
      },
      "id": "node/5262493723"
    },
    {
      "type": "Feature",
      "properties": {
        "@id": "node/5280770978",
        "addr:city": "Apopka",
        "addr:housenumber": "1565",
        "addr:postcode": "32712",
        "addr:state": "FL",
        "addr:street": "West Orange Blossom Trail",
        "branch": "Errol Plaza",
        "brand": "Winn-Dixie",
        "brand:wikidata": "Q1264366",
        "name": "Winn-Dixie",
        "phone": "+1 407-880-8299",
        "ref": "2246",
        "shop": "supermarket",
        "website": "https://www.winndixie.com/storedetails/apopka/fl?search=2246"
      },
      "geometry": {
        "type": "Point",
        "coordinates": [
          -81.5370939,
          28.6881589
        ]
      },
      "id": "node/5280770978"
    },
    {
      "type": "Feature",
      "properties": {
        "@id": "node/5315596653",
        "addr:city": "Oviedo",
        "addr:country": "US",
        "addr:housenumber": "5511",
        "addr:postcode": "32765",
        "addr:state": "FL",
        "addr:street": "Deep Lake Road",
        "brand": "Walmart",
        "brand:wikidata": "Q483551",
        "name": "Walmart Supercenter",
        "opening_hours": "24/7",
        "operator": "Walmart",
        "payment:app:walmart": "yes",
        "payment:apple_pay": "no",
        "payment:google_pay": "no",
        "payment:samsung_pay": "no",
        "phone": "+1 407-618-5013",
        "ref": "5894",
        "ref:walmart": "5894",
        "sensory_friendly:accommodation": "dimmed_light;static_screens;no_pa",
        "sensory_friendly:conditional": "yes @ 08:00-10:00",
        "shop": "supermarket",
        "website": "https://www.walmart.com/store/5894-oviedo-fl",
        "wheelchair": "yes"
      },
      "geometry": {
        "type": "Point",
        "coordinates": [
          -81.260129,
          28.617165
        ]
      },
      "id": "node/5315596653"
    },
    {
      "type": "Feature",
      "properties": {
        "@id": "node/5315598102",
        "addr:city": "Orlando",
        "addr:country": "US",
        "addr:housenumber": "902",
        "addr:postcode": "32810",
        "addr:state": "FL",
        "addr:street": "Lee Road",
        "brand": "Walmart",
        "brand:wikidata": "Q483551",
        "name": "Walmart Neighborhood Market",
        "opening_hours": "Mo-Su 06:00-23:00",
        "operator": "Walmart",
        "payment:app:walmart": "yes",
        "payment:apple_pay": "no",
        "payment:google_pay": "no",
        "payment:samsung_pay": "no",
        "phone": "+1 407-204-8740",
        "ref": "4197",
        "ref:walmart": "4197",
        "sensory_friendly:accommodation": "dimmed_light;static_screens;no_pa",
        "sensory_friendly:conditional": "yes @ 08:00-10:00",
        "shop": "supermarket",
        "website": "https://www.walmart.com/store/4197-orlando-fl"
      },
      "geometry": {
        "type": "Point",
        "coordinates": [
          -81.3943,
          28.6044
        ]
      },
      "id": "node/5315598102"
    },
    {
      "type": "Feature",
      "properties": {
        "@id": "node/5315598115",
        "addr:city": "Orlando",
        "addr:country": "US",
        "addr:housenumber": "1101",
        "addr:postcode": "32805",
        "addr:state": "FL",
        "addr:street": "South Goldwyn",
        "brand": "Walmart",
        "brand:wikidata": "Q483551",
        "name": "Walmart Neighborhood Market",
        "opening_hours": "Mo-Su 06:00-23:00",
        "operator": "Walmart",
        "payment:app:walmart": "yes",
        "payment:apple_pay": "no",
        "payment:google_pay": "no",
        "payment:samsung_pay": "no",
        "phone": "+1 407-563-9069",
        "ref": "4160",
        "ref:walmart": "4160",
        "sensory_friendly:accommodation": "dimmed_light;static_screens;no_pa",
        "sensory_friendly:conditional": "yes @ 08:00-10:00",
        "shop": "supermarket",
        "website": "https://www.walmart.com/store/4160-orlando-fl"
      },
      "geometry": {
        "type": "Point",
        "coordinates": [
          -81.416855,
          28.527849
        ]
      },
      "id": "node/5315598115"
    },
    {
      "type": "Feature",
      "properties": {
        "@id": "node/5315598120",
        "addr:city": "Orlando",
        "addr:country": "US",
        "addr:housenumber": "4520",
        "addr:postcode": "32822",
        "addr:state": "FL",
        "addr:street": "South Semoran Boulevard",
        "brand": "Walmart Neighborhood Market",
        "brand:wikidata": "Q7963529",
        "name": "Walmart Neighborhood Market",
        "opening_hours": "24/7",
        "operator": "Walmart",
        "payment:app:walmart": "yes",
        "payment:apple_pay": "no",
        "payment:google_pay": "no",
        "payment:samsung_pay": "no",
        "phone": "+1 407-563-9167",
        "ref": "4142",
        "ref:walmart": "4142",
        "sensory_friendly:accommodation": "dimmed_light;static_screens;no_pa",
        "sensory_friendly:conditional": "yes @ 08:00-10:00",
        "shop": "supermarket",
        "website": "https://www.walmart.com/store/4142-orlando-fl",
        "wheelchair": "yes"
      },
      "geometry": {
        "type": "Point",
        "coordinates": [
          -81.311925,
          28.498012
        ]
      },
      "id": "node/5315598120"
    },
    {
      "type": "Feature",
      "properties": {
        "@id": "node/5315599503",
        "addr:city": "Orlando",
        "addr:country": "US",
        "addr:housenumber": "8801",
        "addr:postcode": "32835",
        "addr:state": "FL",
        "addr:street": "Conroy Windermere Road",
        "brand": "Walmart",
        "brand:wikidata": "Q483551",
        "name": "Walmart Neighborhood Market",
        "opening_hours": "Mo-Su 06:00-24:00",
        "operator": "Walmart",
        "payment:app:walmart": "yes",
        "payment:apple_pay": "no",
        "payment:google_pay": "no",
        "payment:samsung_pay": "no",
        "phone": "+1 407-605-4001",
        "ref": "2499",
        "ref:walmart": "2499",
        "sensory_friendly:accommodation": "dimmed_light;static_screens;no_pa",
        "sensory_friendly:conditional": "yes @ 08:00-10:00",
        "shop": "supermarket",
        "website": "https://www.walmart.com/store/2499-orlando-fl",
        "wheelchair": "yes"
      },
      "geometry": {
        "type": "Point",
        "coordinates": [
          -81.506554,
          28.495732
        ]
      },
      "id": "node/5315599503"
    },
    {
      "type": "Feature",
      "properties": {
        "@id": "node/5362620603",
        "addr:city": "Windermere",
        "addr:housenumber": "6526",
        "addr:postcode": "34786",
        "addr:state": "FL",
        "addr:street": "Old Brick Road",
        "addr:unit": "120",
        "email": "store6557@theupsstore.com",
        "fax": "+1-407-612-5648",
        "name": "The UPS Store #6657",
        "opening_hours": "Mo-Fr 08:00-18:30, Sa 09:00-15:00",
        "phone": "+1-407-612-5600",
        "shop": "mall"
      },
      "geometry": {
        "type": "Point",
        "coordinates": [
          -81.5635356,
          28.4500972
        ]
      },
      "id": "node/5362620603"
    },
    {
      "type": "Feature",
      "properties": {
        "@id": "node/5465254690",
        "addr:city": "Orlando",
        "addr:country": "US",
        "addr:housenumber": "13801",
        "addr:postcode": "32824",
        "addr:state": "FL",
        "addr:street": "Landstar And Arbor Meadow Boulevard",
        "brand": "Walmart Neighborhood Market",
        "brand:wikidata": "Q7963529",
        "name": "Walmart Neighborhood Market",
        "opening_hours": "Mo-Su 06:00-24:00",
        "operator": "Walmart",
        "payment:app:walmart": "yes",
        "payment:apple_pay": "no",
        "payment:google_pay": "no",
        "payment:samsung_pay": "no",
        "phone": "+1 407-723-4435",
        "ref": "6149",
        "ref:walmart": "6149",
        "sensory_friendly:accommodation": "dimmed_light;static_screens;no_pa",
        "sensory_friendly:conditional": "yes @ 08:00-10:00",
        "shop": "supermarket",
        "website": "https://www.walmart.com/store/6149-orlando-fl",
        "wheelchair": "yes"
      },
      "geometry": {
        "type": "Point",
        "coordinates": [
          -81.3646659,
          28.3661341
        ]
      },
      "id": "node/5465254690"
    },
    {
      "type": "Feature",
      "properties": {
        "@id": "node/5538854151",
        "addr:city": "Kissimmee",
        "addr:housenumber": "2795",
        "addr:postcode": "34744",
        "addr:state": "FL",
        "addr:street": "East Irlo Bronson Memorial Highway",
        "brand": "Ross",
        "brand:wikidata": "Q3442791",
        "name": "Ross",
        "official_name": "Ross Dress for Less",
        "opening_hours": "Mo-Th 09:00-22:00; Fr-Sa 09:00-23:00; Su 09:30-22:00",
        "phone": "+1 407-518-9356",
        "ref": "2025",
        "shop": "department_store"
      },
      "geometry": {
        "type": "Point",
        "coordinates": [
          -81.3309939,
          28.2656066
        ]
      },
      "id": "node/5538854151"
    },
    {
      "type": "Feature",
      "properties": {
        "@id": "node/5538865065",
        "addr:housenumber": "2789",
        "brand": "Marshalls",
        "brand:wikidata": "Q15903261",
        "name": "Marshalls",
        "shop": "department_store"
      },
      "geometry": {
        "type": "Point",
        "coordinates": [
          -81.3309798,
          28.2659485
        ]
      },
      "id": "node/5538865065"
    },
    {
      "type": "Feature",
      "properties": {
        "@id": "node/5659252221",
        "addr:city": "Orlando",
        "addr:housenumber": "7475",
        "addr:postcode": "32818-6508",
        "addr:state": "FL",
        "addr:street": "West Colonial Drive",
        "alt_name": "Burlington Coat Factory",
        "brand": "Burlington",
        "brand:wikidata": "Q4999220",
        "name": "Burlington",
        "opening_hours": "Mo-Th 08:00-23:00; Fr-Sa 09:00-24:00; Su 09:00-23:00",
        "phone": "+1 407-291-0944",
        "ref": "453",
        "shop": "department_store",
        "website": "https://stores.burlington.com/fl/orlando/453"
      },
      "geometry": {
        "type": "Point",
        "coordinates": [
          -81.4830755,
          28.5528404
        ]
      },
      "id": "node/5659252221"
    },
    {
      "type": "Feature",
      "properties": {
        "@id": "node/5845077461",
        "addr:city": "Champions Gate",
        "addr:housenumber": "8301",
        "addr:postcode": "33896-8389",
        "addr:state": "FL",
        "addr:street": "Champions Gate Boulevard",
        "branch": "Champions Gate Village",
        "brand": "Publix",
        "brand:wikidata": "Q672170",
        "name": "Publix",
        "opening_hours": "Mo-Su 07:00-22:00",
        "phone": "+1 407-390-1315",
        "ref": "770",
        "shop": "supermarket",
        "website": "https://www.publix.com/locations/770"
      },
      "geometry": {
        "type": "Point",
        "coordinates": [
          -81.6193561,
          28.2628828
        ]
      },
      "id": "node/5845077461"
    },
    {
      "type": "Feature",
      "properties": {
        "@id": "node/5898105285",
        "name": "LAKE BUENA VISTA FACTORY AND OUTLET",
        "name:en": "LAKE BUENA VISTA FACTORY AND OUTLET",
        "opening_hours:signed": "no",
        "shop": "department_store"
      },
      "geometry": {
        "type": "Point",
        "coordinates": [
          -81.4871414,
          28.3498369
        ]
      },
      "id": "node/5898105285"
    },
    {
      "type": "Feature",
      "properties": {
        "@id": "node/6238838330",
        "addr:city": "Altamonte Springs",
        "addr:country": "US",
        "addr:housenumber": "380",
        "addr:postcode": "32714",
        "addr:state": "FL",
        "brand": "TJ Maxx",
        "brand:wikidata": "Q10860683",
        "clothes": "babies;children;fashion;men;underwear;women",
        "name": "TJ Maxx",
        "opening_hours": "Mo-Sa 09:30-21:30; Su 11:00-20:00",
        "phone": "+1 407 786 7001",
        "shop": "department_store",
        "toilets": "yes",
        "wheelchair": "yes"
      },
      "geometry": {
        "type": "Point",
        "coordinates": [
          -81.4207929,
          28.6570532
        ]
      },
      "id": "node/6238838330"
    },
    {
      "type": "Feature",
      "properties": {
        "@id": "node/6316960094",
        "addr:city": "Orlando",
        "addr:housenumber": "4648",
        "addr:state": "FL",
        "addr:street": "Millenia Plaza Way",
        "brand": "Marshalls",
        "brand:wikidata": "Q15903261",
        "name": "Marshalls",
        "phone": "+1 407 248 1915",
        "shop": "department_store",
        "website": "https://www.marshalls.com/us/store/stores/Orlando-FL-32839/511/aboutstore/"
      },
      "geometry": {
        "type": "Point",
        "coordinates": [
          -81.430379,
          28.4952743
        ]
      },
      "id": "node/6316960094"
    },
    {
      "type": "Feature",
      "properties": {
        "@id": "node/6316986289",
        "addr:city": "Kissimmee",
        "addr:housenumber": "670",
        "addr:postcode": "34741",
        "addr:state": "FL",
        "addr:street": "Centerview Boulevard",
        "brand": "Ross",
        "brand:wikidata": "Q3442791",
        "name": "Ross",
        "official_name": "Ross Dress for Less",
        "opening_hours": "Mo-Sa 09:00-23:00; Su 09:30-22:30",
        "phone": "+1 407-343-6188",
        "ref": "1784",
        "shop": "department_store",
        "wheelchair": "yes"
      },
      "geometry": {
        "type": "Point",
        "coordinates": [
          -81.4071721,
          28.338413
        ]
      },
      "id": "node/6316986289"
    },
    {
      "type": "Feature",
      "properties": {
        "@id": "node/6519105119",
        "addr:city": "Altamonte Springs",
        "addr:housenumber": "503",
        "addr:postcode": "32701",
        "addr:state": "FL",
        "addr:street": "East Altamonte Drive",
        "branch": "Palm Springs Center",
        "brand": "Publix",
        "brand:wikidata": "Q672170",
        "name": "Publix",
        "opening_hours": "Mo-Fr 09:00-21:00",
        "phone": "+1 321-207-7128",
        "ref": "1661",
        "shop": "supermarket",
        "website": "https://www.publix.com/locations/1661"
      },
      "geometry": {
        "type": "Point",
        "coordinates": [
          -81.3730704,
          28.6653118
        ]
      },
      "id": "node/6519105119"
    },
    {
      "type": "Feature",
      "properties": {
        "@id": "node/6603098486",
        "addr:housenumber": "1764",
        "addr:street": "Sand Lake Road",
        "name": "Michael's Art Supply",
        "opening_hours": "Mo-Sa 09:00-21:00; Su 10:00-19:00",
        "shop": "department_store"
      },
      "geometry": {
        "type": "Point",
        "coordinates": [
          -81.4043687,
          28.4489138
        ]
      },
      "id": "node/6603098486"
    },
    {
      "type": "Feature",
      "properties": {
        "@id": "node/6605074091",
        "addr:city": "Orlando",
        "addr:housenumber": "7825",
        "addr:postcode": "32809-6907",
        "addr:state": "FL",
        "addr:street": "South Orange Blossom Trail",
        "brand": "Ross",
        "brand:website": "https://www.rossstores.com/",
        "brand:wikidata": "Q3442791",
        "name": "Ross",
        "official_name": "Ross Dress for Less",
        "opening_hours": "Mo-Sa 09:00-23:00; Su 09:00-22:30",
        "phone": "+1 407-850-9274",
        "ref": "1961",
        "shop": "department_store",
        "website": "http://rosstores.com"
      },
      "geometry": {
        "type": "Point",
        "coordinates": [
          -81.3986612,
          28.4524921
        ]
      },
      "id": "node/6605074091"
    },
    {
      "type": "Feature",
      "properties": {
        "@id": "node/6605074689",
        "addr:street": "South Orange Blossom Trail",
        "name": "Dollar Store",
        "shop": "supermarket"
      },
      "geometry": {
        "type": "Point",
        "coordinates": [
          -81.3981843,
          28.4541034
        ]
      },
      "id": "node/6605074689"
    },
    {
      "type": "Feature",
      "properties": {
        "@id": "node/6632657044",
        "addr:city": "Windermere",
        "addr:housenumber": "428",
        "addr:postcode": "34786",
        "addr:state": "FL",
        "addr:street": "Main Street",
        "name": "Tim's Wine Market",
        "shop": "supermarket",
        "wheelchair": "yes"
      },
      "geometry": {
        "type": "Point",
        "coordinates": [
          -81.5355885,
          28.4959894
        ]
      },
      "id": "node/6632657044"
    },
    {
      "type": "Feature",
      "properties": {
        "@id": "node/6653488349",
        "name": "Troical Supermarket",
        "shop": "supermarket"
      },
      "geometry": {
        "type": "Point",
        "coordinates": [
          -81.3090817,
          28.5345319
        ]
      },
      "id": "node/6653488349"
    },
    {
      "type": "Feature",
      "properties": {
        "@id": "node/6680742129",
        "addr:city": "Winter Park",
        "addr:housenumber": "440",
        "addr:postcode": "32789-2914",
        "addr:state": "FL",
        "addr:street": "North Orlando Avenue",
        "branch": "Winter Park Village",
        "brand": "Publix",
        "brand:wikidata": "Q672170",
        "name": "Publix",
        "opening_hours": "Mo-Su 07:00-22:00",
        "phone": "+1 407-644-1204",
        "ref": "1488",
        "shop": "supermarket",
        "website": "https://www.publix.com/locations/1488",
        "wheelchair": "yes"
      },
      "geometry": {
        "type": "Point",
        "coordinates": [
          -81.3632532,
          28.6007231
        ]
      },
      "id": "node/6680742129"
    },
    {
      "type": "Feature",
      "properties": {
        "@id": "node/6903802634",
        "addr:city": "Orlando",
        "addr:housenumber": "4300",
        "addr:postcode": "32839",
        "addr:state": "FL",
        "addr:street": "Conroy Road",
        "brand": "Macy's",
        "brand:wikidata": "Q629269",
        "changing_table": "yes",
        "internet_access": "wlan",
        "name": "Macy's",
        "opening_hours": "Su 11:00-20:00; Mo-Sa 10:00-21:00",
        "shop": "department_store",
        "toilets": "yes",
        "website": "https://www.macys.com/stores/fl/orlando/mall-at-millenia_810.html",
        "wheelchair": "yes"
      },
      "geometry": {
        "type": "Point",
        "coordinates": [
          -81.433207,
          28.4870655
        ]
      },
      "id": "node/6903802634"
    },
    {
      "type": "Feature",
      "properties": {
        "@id": "node/6903802676",
        "addr:city": "Orlando",
        "addr:postcode": "32819",
        "addr:state": "FL",
        "addr:street": "International Drive",
        "brand": "Saks Off 5th",
        "brand:wikidata": "Q28659083",
        "name": "Saks Off 5th",
        "shop": "department_store"
      },
      "geometry": {
        "type": "Point",
        "coordinates": [
          -81.4534823,
          28.4740391
        ]
      },
      "id": "node/6903802676"
    },
    {
      "type": "Feature",
      "properties": {
        "@id": "node/6903804851",
        "addr:city": "Orlando",
        "addr:housenumber": "8215",
        "addr:postcode": "32821",
        "addr:state": "FL",
        "addr:street": "Vineland Avenue",
        "addr:unit": "1901",
        "brand": "Saks Off 5th",
        "brand:wikidata": "Q28659083",
        "name": "Saks Off 5th",
        "shop": "department_store",
        "wheelchair": "yes"
      },
      "geometry": {
        "type": "Point",
        "coordinates": [
          -81.4898501,
          28.3908374
        ]
      },
      "id": "node/6903804851"
    },
    {
      "type": "Feature",
      "properties": {
        "@id": "node/6904040608",
        "addr:city": "Winter Garden",
        "addr:housenumber": "1013",
        "addr:postcode": "34787",
        "addr:state": "FL",
        "addr:street": "South Dillard Street",
        "brand": "Big Lots",
        "brand:wikidata": "Q4905973",
        "name": "Big Lots",
        "opening_hours": "Mo-Sa 09:00-21:00; Su 10:00-21:00",
        "phone": "+1 407-654-1200",
        "shop": "department_store",
        "website": "https://local.biglots.com/fl/winter-garden/1013-s-dillard-st"
      },
      "geometry": {
        "type": "Point",
        "coordinates": [
          -81.5823007,
          28.5523257
        ]
      },
      "id": "node/6904040608"
    },
    {
      "type": "Feature",
      "properties": {
        "@id": "node/6904345209",
        "brand": "Bealls",
        "brand:wikidata": "Q4876153",
        "name": "Bealls",
        "shop": "department_store"
      },
      "geometry": {
        "type": "Point",
        "coordinates": [
          -81.5802343,
          28.5523725
        ]
      },
      "id": "node/6904345209"
    },
    {
      "type": "Feature",
      "properties": {
        "@id": "node/6910779275",
        "addr:city": "Winter Garden",
        "addr:housenumber": "13750",
        "addr:postcode": "34787-4204",
        "addr:state": "FL",
        "addr:street": "West Colonial Drive",
        "branch": "West Point Commons",
        "brand": "Publix",
        "brand:wikidata": "Q672170",
        "check_date": "2026-03-26",
        "name": "Publix",
        "opening_hours": "Mo-Su 07:00-22:00",
        "phone": "+1 407-654-7172",
        "ref": "881",
        "shop": "supermarket",
        "website": "https://www.publix.com/locations/881"
      },
      "geometry": {
        "type": "Point",
        "coordinates": [
          -81.5893472,
          28.5492608
        ]
      },
      "id": "node/6910779275"
    },
    {
      "type": "Feature",
      "properties": {
        "@id": "node/6939058386",
        "name": "Waterford Lakes Town Center",
        "shop": "department_store"
      },
      "geometry": {
        "type": "Point",
        "coordinates": [
          -81.2041996,
          28.5538609
        ]
      },
      "id": "node/6939058386"
    },
    {
      "type": "Feature",
      "properties": {
        "@id": "node/6939730987",
        "name": "Indoor Farmer Market",
        "shop": "supermarket"
      },
      "geometry": {
        "type": "Point",
        "coordinates": [
          -81.3776219,
          28.5417616
        ]
      },
      "id": "node/6939730987"
    },
    {
      "type": "Feature",
      "properties": {
        "@id": "node/7043026076",
        "addr:city": "Orlando",
        "addr:housenumber": "10401",
        "addr:postcode": "32825",
        "addr:state": "FL",
        "addr:street": "Curry Ford Road",
        "brand": "ALDI",
        "brand:wikidata": "Q41171672",
        "name": "ALDI",
        "opening_hours": "Mo-Sa 09:00-21:00; Su 09:00-20:00",
        "phone": "+1 877-474-1019",
        "shop": "supermarket",
        "website": "https://stores.aldi.us/fl/orlando/10401-curry-ford-road"
      },
      "geometry": {
        "type": "Point",
        "coordinates": [
          -81.2364198,
          28.5107265
        ]
      },
      "id": "node/7043026076"
    },
    {
      "type": "Feature",
      "properties": {
        "@id": "node/7077973585",
        "addr:city": "Orlando",
        "addr:housenumber": "11672",
        "addr:postcode": "32817",
        "addr:state": "FL",
        "addr:street": "East Colonial Drive",
        "brand": "Big Lots",
        "brand:wikidata": "Q4905973",
        "name": "Big Lots",
        "opening_hours": "Mo-Sa 09:00-21:00; Su 10:00-21:00",
        "phone": "+1 407-380-6775",
        "shop": "department_store",
        "website": "https://local.biglots.com/fl/orlando/11672-e-colonial-dr"
      },
      "geometry": {
        "type": "Point",
        "coordinates": [
          -81.2107426,
          28.5655921
        ]
      },
      "id": "node/7077973585"
    },
    {
      "type": "Feature",
      "properties": {
        "@id": "node/7432012414",
        "addr:city": "Kissimmee",
        "addr:housenumber": "3040",
        "addr:postcode": "34741",
        "addr:state": "FL",
        "addr:street": "Dyer Boulevard",
        "branch": "Osceola Village",
        "brand": "Publix",
        "brand:wikidata": "Q672170",
        "name": "Publix",
        "opening_hours": "Mo-Su 07:00-22:00",
        "phone": "+1 407-933-0172",
        "ref": "1194",
        "shop": "supermarket",
        "website": "https://www.publix.com/locations/1194",
        "wheelchair": "yes"
      },
      "geometry": {
        "type": "Point",
        "coordinates": [
          -81.4324558,
          28.3391697
        ]
      },
      "id": "node/7432012414"
    },
    {
      "type": "Feature",
      "properties": {
        "@id": "node/7432030949",
        "addr:city": "Winter Park",
        "addr:housenumber": "4000",
        "addr:postcode": "32792",
        "addr:state": "FL",
        "addr:street": "North Goldenrod Road",
        "branch": "University Plaza",
        "brand": "Publix",
        "brand:wikidata": "Q672170",
        "name": "Publix",
        "opening_hours": "Mo-Su 07:00-22:00",
        "phone": "+1 407-671-0211",
        "ref": "1387",
        "shop": "supermarket",
        "website": "https://www.publix.com/locations/1387"
      },
      "geometry": {
        "type": "Point",
        "coordinates": [
          -81.2887672,
          28.5986407
        ]
      },
      "id": "node/7432030949"
    },
    {
      "type": "Feature",
      "properties": {
        "@id": "node/7432045716",
        "addr:city": "Casselberry",
        "addr:housenumber": "1455",
        "addr:postcode": "32707",
        "addr:state": "FL",
        "addr:street": "State Road 436",
        "addr:unit": "221",
        "branch": "Casselberry Commons",
        "brand": "Publix",
        "brand:wikidata": "Q672170",
        "name": "Publix",
        "opening_hours": "Mo-Su 07:00-22:00",
        "phone": "+1 407-673-0162",
        "ref": "1285",
        "shop": "supermarket",
        "website": "https://www.publix.com/locations/1285"
      },
      "geometry": {
        "type": "Point",
        "coordinates": [
          -81.319406,
          28.6273249
        ]
      },
      "id": "node/7432045716"
    },
    {
      "type": "Feature",
      "properties": {
        "@id": "node/7432093314",
        "addr:city": "Longwood",
        "addr:housenumber": "3883",
        "addr:postcode": "32779",
        "addr:state": "FL",
        "addr:street": "Wekiva Springs Road",
        "branch": "Shoppes of Sweetwater",
        "brand": "Publix",
        "brand:wikidata": "Q672170",
        "name": "Publix",
        "opening_hours": "Mo-Su 07:00-22:00",
        "phone": "+1 407-788-1804",
        "ref": "865",
        "shop": "supermarket",
        "website": "https://www.publix.com/locations/865",
        "wheelchair": "yes"
      },
      "geometry": {
        "type": "Point",
        "coordinates": [
          -81.4444707,
          28.7064379
        ]
      },
      "id": "node/7432093314"
    },
    {
      "type": "Feature",
      "properties": {
        "@id": "node/7440151761",
        "addr:city": "Oviedo",
        "addr:housenumber": "443",
        "addr:postcode": "32766",
        "addr:state": "FL",
        "addr:street": "West County Road 419",
        "addr:unit": "1001",
        "branch": "Shoppes At Sterling Creek",
        "brand": "Publix",
        "brand:wikidata": "Q672170",
        "name": "Publix",
        "opening_hours": "Mo-Su 07:00-22:00; PH off",
        "phone": "+1 407-366-4727",
        "ref": "1559",
        "shop": "supermarket",
        "website": "https://www.publix.com/locations/1559"
      },
      "geometry": {
        "type": "Point",
        "coordinates": [
          -81.1392716,
          28.6461225
        ]
      },
      "id": "node/7440151761"
    },
    {
      "type": "Feature",
      "properties": {
        "@id": "node/7440197910",
        "addr:city": "Oviedo",
        "addr:housenumber": "2100",
        "addr:postcode": "32765",
        "addr:state": "FL",
        "addr:street": "Winter Springs Boulevard",
        "branch": "Tuscawilla Bend Shopping Center",
        "brand": "Publix",
        "brand:wikidata": "Q672170",
        "name": "Publix",
        "opening_hours": "Mo-Sa 07:00-22:00, Su 07:00-21:00",
        "phone": "+1 407-366-9740",
        "ref": "493",
        "shop": "supermarket",
        "website": "https://www.publix.com/locations/493-tuscawilla-bend-shopping-center"
      },
      "geometry": {
        "type": "Point",
        "coordinates": [
          -81.2258747,
          28.6693647
        ]
      },
      "id": "node/7440197910"
    },
    {
      "type": "Feature",
      "properties": {
        "@id": "node/7575580852",
        "addr:city": "Orlando",
        "addr:country": "US",
        "addr:housenumber": "120",
        "addr:postcode": "32806",
        "addr:state": "FL",
        "addr:street": "West Grant Street",
        "brand": "Target",
        "brand:wikidata": "Q1046951",
        "name": "Target",
        "opening_hours": "08:00-22:00",
        "phone": "+1 407-608-1580",
        "shop": "department_store",
        "website": "https://www.target.com/sl/orlando-sodo/2376",
        "wheelchair": "yes"
      },
      "geometry": {
        "type": "Point",
        "coordinates": [
          -81.3801491,
          28.515668
        ]
      },
      "id": "node/7575580852"
    },
    {
      "type": "Feature",
      "properties": {
        "@id": "node/7693194426",
        "addr:city": "Orlando",
        "addr:housenumber": "14819",
        "addr:postcode": "32826",
        "addr:state": "FL",
        "addr:street": "East Colonial Drive",
        "brand": "Aldi",
        "brand:wikidata": "Q41171672",
        "name": "Aldi",
        "opening_hours": "Mo-Su 08:30-20:00",
        "phone": "+1 888-474-1016",
        "shop": "supermarket",
        "website": "https://stores.aldi.us/fl/orlando/14819-e-colonial-dr"
      },
      "geometry": {
        "type": "Point",
        "coordinates": [
          -81.1638961,
          28.5664053
        ]
      },
      "id": "node/7693194426"
    },
    {
      "type": "Feature",
      "properties": {
        "@id": "node/7707875899",
        "addr:city": "Longwood",
        "addr:housenumber": "951",
        "addr:postcode": "32750",
        "addr:state": "FL",
        "addr:street": "West State Road 434",
        "branch": "434 Center",
        "brand": "Winn-Dixie",
        "brand:wikidata": "Q1264366",
        "name": "Winn-Dixie",
        "opening_hours": "Mo-Su 07:00-23:00",
        "phone": "+1 407-332-8025",
        "ref": "2233",
        "shop": "supermarket",
        "website": "https://www.winndixie.com/storedetails/longwood/fl?search=2233"
      },
      "geometry": {
        "type": "Point",
        "coordinates": [
          -81.3607186,
          28.6989739
        ]
      },
      "id": "node/7707875899"
    },
    {
      "type": "Feature",
      "properties": {
        "@id": "node/7753189885",
        "brand": "Marshalls",
        "brand:wikidata": "Q15903261",
        "name": "Marshalls",
        "shop": "department_store"
      },
      "geometry": {
        "type": "Point",
        "coordinates": [
          -81.4843053,
          28.3922267
        ]
      },
      "id": "node/7753189885"
    },
    {
      "type": "Feature",
      "properties": {
        "@id": "node/7753189886",
        "addr:city": "Orlando",
        "addr:housenumber": "11625",
        "addr:postcode": "32821",
        "addr:state": "FL",
        "addr:street": "Regency Village Drive",
        "brand": "Ross",
        "brand:wikidata": "Q3442791",
        "name": "Ross",
        "official_name": "Ross Dress for Less",
        "opening_hours": "Mo-Th 09:00-23:00; Fr-Sa 09:00-24:00; Su 09:00-23:00",
        "phone": "+1 407-390-0440",
        "ref": "2075",
        "shop": "department_store"
      },
      "geometry": {
        "type": "Point",
        "coordinates": [
          -81.4850818,
          28.3923255
        ]
      },
      "id": "node/7753189886"
    },
    {
      "type": "Feature",
      "properties": {
        "@id": "node/7753189887",
        "addr:city": "Orlando",
        "addr:housenumber": "11643",
        "addr:postcode": "32821",
        "addr:state": "FL",
        "addr:street": "Regency Village Drive",
        "alt_name": "Burlington Coat Factory",
        "brand": "Burlington",
        "brand:wikidata": "Q4999220",
        "name": "Burlington",
        "opening_hours": "Mo-Sa 09:00-24:00; Su 09:00-23:00",
        "phone": "+1 407-205-0165",
        "ref": "1086",
        "shop": "department_store",
        "website": "https://stores.burlington.com/fl/orlando/1086"
      },
      "geometry": {
        "type": "Point",
        "coordinates": [
          -81.4838707,
          28.3922181
        ]
      },
      "id": "node/7753189887"
    },
    {
      "type": "Feature",
      "properties": {
        "@id": "node/7753189888",
        "addr:city": "Orlando",
        "addr:housenumber": "8204",
        "addr:postcode": "32809-7606",
        "addr:state": "FL",
        "addr:street": "South Orange Blossom Trail",
        "alt_name": "Burlington Coat Factory",
        "brand": "Burlington",
        "brand:wikidata": "Q4999220",
        "name": "Burlington",
        "opening_hours": "Mo-Sa 08:00-24:00; Su 08:00-23:00",
        "phone": "+1 407-857-0888",
        "ref": "322",
        "shop": "department_store",
        "website": "https://stores.burlington.com/fl/orlando/322"
      },
      "geometry": {
        "type": "Point",
        "coordinates": [
          -81.4038234,
          28.4459983
        ]
      },
      "id": "node/7753189888"
    },
    {
      "type": "Feature",
      "properties": {
        "@id": "node/7753553885",
        "addr:city": "Orlando",
        "addr:housenumber": "718",
        "addr:postcode": "32803",
        "addr:state": "FL",
        "addr:street": "Maguire Boulevard",
        "air_conditioning": "yes",
        "brand": "Target",
        "brand:wikidata": "Q1046951",
        "changing_table": "yes",
        "name": "Target",
        "opening_hours": "Mo-Su 08:00-22:00",
        "phone": "+1 407-896-0401",
        "shop": "department_store",
        "toilets": "yes",
        "website": "https://www.target.com/sl/east-colonial/649",
        "wheelchair": "yes"
      },
      "geometry": {
        "type": "Point",
        "coordinates": [
          -81.3450891,
          28.555366
        ]
      },
      "id": "node/7753553885"
    },
    {
      "type": "Feature",
      "properties": {
        "@id": "node/7753553886",
        "addr:city": "Orlando",
        "addr:housenumber": "3001",
        "addr:postcode": "32803",
        "addr:state": "FL",
        "addr:street": "East Colonial Market Place",
        "alt_name": "Burlington Coat Factory",
        "brand": "Burlington",
        "brand:wikidata": "Q4999220",
        "name": "Burlington",
        "opening_hours": "Mo-Th 09:00-22:30; Fr-Sa 09:00-24:00; Su 09:00-23:00",
        "phone": "+1 407-897-8894",
        "ref": "883",
        "shop": "department_store",
        "website": "https://stores.burlington.com/fl/orlando/883",
        "wheelchair": "yes"
      },
      "geometry": {
        "type": "Point",
        "coordinates": [
          -81.3458629,
          28.5551032
        ]
      },
      "id": "node/7753553886"
    },
    {
      "type": "Feature",
      "properties": {
        "@id": "node/7753557985",
        "name": "Fashion Square Mall",
        "shop": "mall"
      },
      "geometry": {
        "type": "Point",
        "coordinates": [
          -81.3406485,
          28.5563111
        ]
      },
      "id": "node/7753557985"
    },
    {
      "type": "Feature",
      "properties": {
        "@id": "node/7773822187",
        "addr:city": "Winter Park",
        "addr:housenumber": "3770",
        "addr:postcode": "32792-8832",
        "addr:state": "FL",
        "addr:street": "North Goldenrod Road",
        "brand": "Target",
        "brand:wikidata": "Q1046951",
        "name": "Target",
        "opening_hours": "08:00-22:00",
        "phone": "+1 407-670-0388",
        "shop": "department_store",
        "website": "https://www.target.com/sl/winter-park/2032"
      },
      "geometry": {
        "type": "Point",
        "coordinates": [
          -81.2876888,
          28.5947334
        ]
      },
      "id": "node/7773822187"
    },
    {
      "type": "Feature",
      "properties": {
        "@id": "node/7775854160",
        "addr:city": "Altamonte Springs",
        "addr:country": "US",
        "addr:housenumber": "200",
        "addr:postcode": "32714",
        "addr:state": "FL",
        "addr:street": "South State Road 434",
        "brand": "Walmart",
        "brand:wikidata": "Q483551",
        "name": "Walmart",
        "opening_hours": "24/7",
        "operator": "Walmart",
        "operator:wikidata": "Q483551",
        "payment:app:walmart": "yes",
        "payment:apple_pay": "no",
        "payment:google_pay": "no",
        "payment:samsung_pay": "no",
        "phone": "+1 407-774-9966",
        "ref": "1374",
        "ref:walmart": "1374",
        "sensory_friendly:accommodation": "dimmed_light;static_screens;no_pa",
        "sensory_friendly:conditional": "yes @ 08:00-10:00",
        "shop": "department_store",
        "website": "https://www.walmart.com/store/1374-altamonte-springs-fl"
      },
      "geometry": {
        "type": "Point",
        "coordinates": [
          -81.4210298,
          28.6598318
        ]
      },
      "id": "node/7775854160"
    },
    {
      "type": "Feature",
      "properties": {
        "@id": "node/7775951873",
        "brand": "Bealls",
        "brand:wikidata": "Q4876153",
        "name": "Bealls",
        "shop": "department_store"
      },
      "geometry": {
        "type": "Point",
        "coordinates": [
          -81.466816,
          28.6697576
        ]
      },
      "id": "node/7775951873"
    },
    {
      "type": "Feature",
      "properties": {
        "@id": "node/7776687385",
        "addr:city": "Orlando",
        "addr:housenumber": "4656",
        "addr:postcode": "32839-2434",
        "addr:state": "FL",
        "addr:street": "Millenia Plaza",
        "brand": "Ross",
        "brand:wikidata": "Q3442791",
        "name": "Ross",
        "official_name": "Ross Dress for Less",
        "opening_hours": "Mo-Th 09:30-23:00; Fr-Sa 09:30-23:30; Su 10:00-22:00",
        "phone": "+1 407-355-7870",
        "ref": "2241",
        "shop": "department_store"
      },
      "geometry": {
        "type": "Point",
        "coordinates": [
          -81.4306083,
          28.49487
        ]
      },
      "id": "node/7776687385"
    },
    {
      "type": "Feature",
      "properties": {
        "@id": "node/7776687586",
        "name": "The Florida Mall",
        "shop": "department_store"
      },
      "geometry": {
        "type": "Point",
        "coordinates": [
          -81.3956376,
          28.4460444
        ]
      },
      "id": "node/7776687586"
    },
    {
      "type": "Feature",
      "properties": {
        "@id": "node/7777982786",
        "name": "Shopies At Millenia",
        "name:pt": "Shopping Center",
        "shop": "department_store"
      },
      "geometry": {
        "type": "Point",
        "coordinates": [
          -81.4300387,
          28.4885853
        ]
      },
      "id": "node/7777982786"
    },
    {
      "type": "Feature",
      "properties": {
        "@id": "node/7778227287",
        "addr:city": "Orlando",
        "addr:housenumber": "306",
        "addr:postcode": "32806",
        "addr:state": "FL",
        "addr:street": "East Michigan Street",
        "brand": "Ross",
        "brand:wikidata": "Q3442791",
        "name": "Ross",
        "official_name": "Ross Dress for Less",
        "opening_hours": "Mo-Th 09:30-21:00; Fr-Sa 09:00-21:00; Su 10:00-19:00",
        "phone": "+1 407-649-8834",
        "ref": "294",
        "shop": "department_store"
      },
      "geometry": {
        "type": "Point",
        "coordinates": [
          -81.3733163,
          28.5118855
        ]
      },
      "id": "node/7778227287"
    },
    {
      "type": "Feature",
      "properties": {
        "@id": "node/7778467686",
        "brand": "Marshalls",
        "brand:wikidata": "Q15903261",
        "name": "Marshalls",
        "shop": "department_store"
      },
      "geometry": {
        "type": "Point",
        "coordinates": [
          -81.2871947,
          28.4756213
        ]
      },
      "id": "node/7778467686"
    },
    {
      "type": "Feature",
      "properties": {
        "@id": "node/7779477689",
        "addr:city": "Oviedo",
        "addr:housenumber": "1115",
        "addr:postcode": "32765",
        "addr:state": "FL",
        "addr:street": "Vidina Place",
        "brand": "Ross",
        "brand:wikidata": "Q3442791",
        "name": "Ross",
        "official_name": "Ross Dress for Less",
        "opening_hours": "Mo-Sa 09:30-21:30; Su 10:00-21:00",
        "phone": "+1 407-365-5499",
        "ref": "439",
        "shop": "department_store"
      },
      "geometry": {
        "type": "Point",
        "coordinates": [
          -81.2374506,
          28.6542801
        ]
      },
      "id": "node/7779477689"
    },
    {
      "type": "Feature",
      "properties": {
        "@id": "node/7779477885",
        "brand": "TJ Maxx",
        "brand:wikidata": "Q10860683",
        "name": "TJ Maxx",
        "shop": "department_store"
      },
      "geometry": {
        "type": "Point",
        "coordinates": [
          -81.319427,
          28.627895
        ]
      },
      "id": "node/7779477885"
    },
    {
      "type": "Feature",
      "properties": {
        "@id": "node/7779478485",
        "brand": "TJ Maxx",
        "brand:wikidata": "Q10860683",
        "name": "TJ Maxx",
        "shop": "department_store"
      },
      "geometry": {
        "type": "Point",
        "coordinates": [
          -81.238375,
          28.6541298
        ]
      },
      "id": "node/7779478485"
    },
    {
      "type": "Feature",
      "properties": {
        "@id": "node/7870724983",
        "addr:city": "Orlando",
        "addr:country": "US",
        "addr:housenumber": "11930",
        "addr:postcode": "32832",
        "addr:state": "FL",
        "addr:street": "Narcoossee Road",
        "brand": "Walmart",
        "brand:wikidata": "Q483551",
        "name": "Walmart Supercenter",
        "opening_hours": "24/7",
        "operator": "Walmart",
        "payment:app:walmart": "yes",
        "payment:apple_pay": "no",
        "payment:google_pay": "no",
        "payment:samsung_pay": "no",
        "phone": "+1 407-204-2039",
        "ref": "4365",
        "ref:walmart": "4365",
        "sensory_friendly:accommodation": "dimmed_light;static_screens;no_pa",
        "sensory_friendly:conditional": "yes @ 08:00-10:00",
        "shop": "supermarket",
        "website": "https://www.walmart.com/store/4365-orlando-fl"
      },
      "geometry": {
        "type": "Point",
        "coordinates": [
          -81.2480961,
          28.3899768
        ]
      },
      "id": "node/7870724983"
    },
    {
      "type": "Feature",
      "properties": {
        "@id": "node/7873138677",
        "addr:city": "Kissimmee",
        "addr:country": "US",
        "addr:housenumber": "2850",
        "addr:postcode": "34743",
        "addr:state": "FL",
        "addr:street": "East Osceola Parkway",
        "brand": "Walmart Neighborhood Market",
        "brand:wikidata": "Q7963529",
        "name": "Walmart Neighborhood Market",
        "opening_hours": "Mo-Su 06:00-24:00",
        "operator": "Walmart",
        "payment:app:walmart": "yes",
        "payment:apple_pay": "no",
        "payment:google_pay": "no",
        "payment:samsung_pay": "no",
        "phone": "+1 407-552-0029",
        "ref": "4159",
        "ref:walmart": "4159",
        "sensory_friendly:accommodation": "dimmed_light;static_screens;no_pa",
        "sensory_friendly:conditional": "yes @ 08:00-10:00",
        "shop": "supermarket",
        "website": "https://www.walmart.com/store/4159-kissimmee-fl"
      },
      "geometry": {
        "type": "Point",
        "coordinates": [
          -81.3287537,
          28.3417853
        ]
      },
      "id": "node/7873138677"
    },
    {
      "type": "Feature",
      "properties": {
        "@id": "node/8048333516",
        "addr:city": "Altamonte Springs",
        "addr:housenumber": "482",
        "addr:postcode": "32701-4604",
        "addr:state": "FL",
        "addr:street": "East Altamonte Drive",
        "addr:unit": "1005",
        "branch": "Palm Springs Crossing",
        "brand": "Publix",
        "brand:wikidata": "Q672170",
        "name": "Publix",
        "opening_hours": "Mo-Su 07:00-22:00",
        "phone": "+1 407-260-9973",
        "ref": "742",
        "shop": "supermarket",
        "website": "https://www.publix.com/locations/742"
      },
      "geometry": {
        "type": "Point",
        "coordinates": [
          -81.3742841,
          28.6619015
        ]
      },
      "id": "node/8048333516"
    },
    {
      "type": "Feature",
      "properties": {
        "@id": "node/8450963236",
        "addr:city": "Orlando",
        "addr:housenumber": "4870",
        "addr:postcode": "32819-3127",
        "addr:state": "FL",
        "addr:street": "South Apopka Vineland Road",
        "branch": "The Grove",
        "brand": "Publix",
        "brand:wikidata": "Q672170",
        "name": "Publix",
        "opening_hours": "Mo-Su 07:00-22:00",
        "phone": "+1 407-909-8080",
        "ref": "133",
        "shop": "supermarket",
        "website": "https://www.publix.com/locations/133"
      },
      "geometry": {
        "type": "Point",
        "coordinates": [
          -81.5105382,
          28.4907598
        ]
      },
      "id": "node/8450963236"
    },
    {
      "type": "Feature",
      "properties": {
        "@id": "node/8518750891",
        "addr:city": "Kissimmee",
        "addr:housenumber": "2311",
        "addr:postcode": "34741",
        "addr:state": "FL",
        "addr:street": "West Vine Street",
        "brand": "Big Lots",
        "brand:wikidata": "Q4905973",
        "name": "Big Lots",
        "opening_hours": "Mo-Sa 09:00-21:00; Su 10:00-21:00",
        "phone": "+1 407-846-8894",
        "shop": "department_store",
        "website": "https://local.biglots.com/fl/kissimmee/2311-w-vine-st"
      },
      "geometry": {
        "type": "Point",
        "coordinates": [
          -81.4280905,
          28.3062979
        ]
      },
      "id": "node/8518750891"
    },
    {
      "type": "Feature",
      "properties": {
        "@id": "node/8555577550",
        "addr:city": "Orlando",
        "addr:housenumber": "1500",
        "addr:postcode": "32803-4704",
        "addr:state": "FL",
        "addr:street": "East Colonial Drive",
        "branch": "Colonialtown",
        "brand": "Publix",
        "brand:wikidata": "Q672170",
        "name": "Publix",
        "opening_hours": "Mo-Su 07:00-22:00",
        "phone": "+1-407-896-8154",
        "ref": "662",
        "shop": "supermarket",
        "website": "https://www.publix.com/locations/662",
        "wheelchair": "yes"
      },
      "geometry": {
        "type": "Point",
        "coordinates": [
          -81.3615853,
          28.5527401
        ]
      },
      "id": "node/8555577550"
    },
    {
      "type": "Feature",
      "properties": {
        "@id": "node/8648737867",
        "addr:city": "Apopka",
        "addr:housenumber": "2283",
        "addr:postcode": "32703",
        "addr:state": "FL",
        "addr:street": "East Semoran Boulevard",
        "alt_name": "East Semoran Boulevard",
        "branch": "Apopka",
        "brand": "Sprouts Farmer Market",
        "brand:wikidata": "Q7581369",
        "name": "Sprouts Farmers Market",
        "opening_hours": "Mo-Su 07:00-22:00",
        "phone": "+1 689-336-2070",
        "shop": "supermarket",
        "short_name": "Sprouts",
        "website": "https://www.sprouts.com/store/fl/apopka/e-semoran-blvd/"
      },
      "geometry": {
        "type": "Point",
        "coordinates": [
          -81.4686451,
          28.6750479
        ]
      },
      "id": "node/8648737867"
    },
    {
      "type": "Feature",
      "properties": {
        "@id": "node/8668478261",
        "addr:city": "Winter Park",
        "addr:housenumber": "1999",
        "addr:postcode": "32792",
        "addr:state": "FL",
        "addr:street": "Aloma Avenue",
        "branch": "Winter Park",
        "brand": "Sprouts Farmers Market",
        "brand:wikidata": "Q7581369",
        "name": "Sprouts Farmers Market",
        "opening_hours": "Mo-Su 07:00-22:00",
        "phone": "+1 407-702-1212",
        "shop": "supermarket",
        "short_name": "Sprouts",
        "website": "https://www.sprouts.com/store/fl/winter-park/winter-park/"
      },
      "geometry": {
        "type": "Point",
        "coordinates": [
          -81.3248728,
          28.6011416
        ]
      },
      "id": "node/8668478261"
    },
    {
      "type": "Feature",
      "properties": {
        "@id": "node/8674708767",
        "brand": "Marshalls",
        "brand:wikidata": "Q15903261",
        "name": "Marshalls",
        "shop": "department_store",
        "wheelchair": "yes"
      },
      "geometry": {
        "type": "Point",
        "coordinates": [
          -81.349953,
          28.5488942
        ]
      },
      "id": "node/8674708767"
    },
    {
      "type": "Feature",
      "properties": {
        "@id": "node/8674708769",
        "brand": "Bealls",
        "brand:wikidata": "Q4876153",
        "name": "Bealls",
        "shop": "department_store"
      },
      "geometry": {
        "type": "Point",
        "coordinates": [
          -81.3489927,
          28.549078
        ]
      },
      "id": "node/8674708769"
    },
    {
      "type": "Feature",
      "properties": {
        "@id": "node/8674708772",
        "addr:city": "Orlando",
        "addr:housenumber": "2544",
        "addr:postcode": "32803",
        "addr:state": "FL",
        "addr:street": "East Colonial Drive",
        "brand": "Big Lots",
        "brand:wikidata": "Q4905973",
        "name": "Big Lots",
        "opening_hours": "Mo-Sa 09:00-21:00; Su 10:00-21:00",
        "phone": "+1 407-894-1942",
        "shop": "department_store",
        "toilets": "yes",
        "website": "https://local.biglots.com/fl/orlando/2544-e-colonial-dr",
        "wheelchair": "yes"
      },
      "geometry": {
        "type": "Point",
        "coordinates": [
          -81.3509239,
          28.5500581
        ]
      },
      "id": "node/8674708772"
    },
    {
      "type": "Feature",
      "properties": {
        "@id": "node/8677030428",
        "addr:housenumber": "1442",
        "addr:street": "State Road 436",
        "brand": "Big Lots",
        "brand:wikidata": "Q4905973",
        "fixme:atp": "check if location still exists; no corresponding ATP location found",
        "name": "Big Lots",
        "opening_hours": "Mo-Su 09:00-21:00",
        "shop": "department_store"
      },
      "geometry": {
        "type": "Point",
        "coordinates": [
          -81.314397,
          28.6261618
        ]
      },
      "id": "node/8677030428"
    },
    {
      "type": "Feature",
      "properties": {
        "@id": "node/8677292282",
        "addr:city": "Altamonte Springs",
        "addr:housenumber": "305",
        "addr:postcode": "32701",
        "addr:state": "FL",
        "addr:street": "East Altamonte Drive",
        "branch": "Altamonte Springs",
        "brand": "Whole Foods Market",
        "brand:wikidata": "Q1809448",
        "check_date": "2024-10-03",
        "check_date:opening_hours": "2024-10-03",
        "name": "Whole Foods Market",
        "opening_hours": "Mo-Su 08:00-22:00",
        "phone": "+1 407-767-2100",
        "ref": "altamontesprings",
        "shop": "supermarket",
        "website": "https://www.wholefoodsmarket.com/stores/altamontesprings"
      },
      "geometry": {
        "type": "Point",
        "coordinates": [
          -81.3813074,
          28.6643047
        ]
      },
      "id": "node/8677292282"
    },
    {
      "type": "Feature",
      "properties": {
        "@id": "node/8677292296",
        "addr:city": "Altamonte Springs",
        "addr:housenumber": "130",
        "addr:postcode": "32701",
        "addr:state": "FL",
        "addr:street": "East Altamonte Drive",
        "addr:unit": "A",
        "alt_name": "Burlington Coat Factory",
        "brand": "Burlington",
        "brand:wikidata": "Q4999220",
        "name": "Burlington",
        "opening_hours": "Mo-Sa 09:00-24:00; Su 09:00-23:00",
        "phone": "+1 407-830-5216",
        "ref": "138",
        "shop": "department_store",
        "website": "https://stores.burlington.com/fl/altamonte-springs/138"
      },
      "geometry": {
        "type": "Point",
        "coordinates": [
          -81.3855077,
          28.6600024
        ]
      },
      "id": "node/8677292296"
    },
    {
      "type": "Feature",
      "properties": {
        "@id": "node/8677292297",
        "addr:city": "Altamonte Springs",
        "addr:housenumber": "130",
        "addr:postcode": "32701",
        "addr:state": "FL",
        "addr:street": "East Altamonte Drive",
        "brand": "Ross",
        "brand:wikidata": "Q3442791",
        "name": "Ross",
        "official_name": "Ross Dress for Less",
        "opening_hours": "Mo-Th 10:00-22:00; Fr-Sa 09:30-23:00; Su 10:00-22:00",
        "phone": "+1 407-830-6193",
        "ref": "514",
        "shop": "department_store"
      },
      "geometry": {
        "type": "Point",
        "coordinates": [
          -81.3858296,
          28.659993
        ]
      },
      "id": "node/8677292297"
    },
    {
      "type": "Feature",
      "properties": {
        "@id": "node/8678982211",
        "name": "Kissimmee Meat & Produce",
        "shop": "supermarket"
      },
      "geometry": {
        "type": "Point",
        "coordinates": [
          -81.419299,
          28.30325
        ]
      },
      "id": "node/8678982211"
    },
    {
      "type": "Feature",
      "properties": {
        "@id": "node/8678982212",
        "brand": "dd's Discounts",
        "brand:wikidata": "Q83743863",
        "name": "dd's Discounts",
        "shop": "department_store"
      },
      "geometry": {
        "type": "Point",
        "coordinates": [
          -81.4190125,
          28.3032547
        ]
      },
      "id": "node/8678982212"
    },
    {
      "type": "Feature",
      "properties": {
        "@id": "node/8679004730",
        "name": "Antasha's",
        "shop": "supermarket",
        "wheelchair": "yes"
      },
      "geometry": {
        "type": "Point",
        "coordinates": [
          -81.4170497,
          28.3038473
        ]
      },
      "id": "node/8679004730"
    },
    {
      "type": "Feature",
      "properties": {
        "@id": "node/8679004738",
        "name": "Chamberlin's Natural Foods",
        "organic": "only",
        "shop": "supermarket"
      },
      "geometry": {
        "type": "Point",
        "coordinates": [
          -81.417404,
          28.302862
        ]
      },
      "id": "node/8679004738"
    },
    {
      "type": "Feature",
      "properties": {
        "@id": "node/8681434328",
        "addr:city": "Orlando",
        "addr:housenumber": "7445",
        "addr:postcode": "32818",
        "addr:state": "FL",
        "addr:street": "West Colonial Drive",
        "brand": "Ross",
        "brand:wikidata": "Q3442791",
        "name": "Ross",
        "official_name": "Ross Dress for Less",
        "opening_hours": "Mo-Th 09:00-22:30; Fr-Sa 09:00-23:00; Su 09:30-22:00",
        "phone": "+1 407-296-8373",
        "ref": "239",
        "shop": "department_store"
      },
      "geometry": {
        "type": "Point",
        "coordinates": [
          -81.4828691,
          28.5543005
        ]
      },
      "id": "node/8681434328"
    },
    {
      "type": "Feature",
      "properties": {
        "@id": "node/8681434334",
        "brand": "Dillard's",
        "brand:wikidata": "Q844805",
        "check_date": "2024-10-07",
        "check_date:opening_hours": "2024-10-07",
        "contact:facebook": "https://www.facebook.com/profile.php?id=100089468906868",
        "name": "Dillard's",
        "opening_hours": "Tu-Sa 12:00-19:00; Su 12:00-18:00",
        "phone": "+1 407-292-6866",
        "shop": "department_store",
        "website": "https://www.dillards.com/stores/florida/west-oaks-mall-ocoee/0516"
      },
      "geometry": {
        "type": "Point",
        "coordinates": [
          -81.5157342,
          28.554635
        ]
      },
      "id": "node/8681434334"
    },
    {
      "type": "Feature",
      "properties": {
        "@id": "node/8681434335",
        "brand": "JCPenney",
        "brand:wikidata": "Q920037",
        "name": "JCPenney",
        "official_name": "J.C. Penney Company",
        "shop": "department_store"
      },
      "geometry": {
        "type": "Point",
        "coordinates": [
          -81.5156484,
          28.5594222
        ]
      },
      "id": "node/8681434335"
    },
    {
      "type": "Feature",
      "properties": {
        "@id": "node/8686142086",
        "shop": "supermarket"
      },
      "geometry": {
        "type": "Point",
        "coordinates": [
          -81.545516,
          28.5731239
        ]
      },
      "id": "node/8686142086"
    },
    {
      "type": "Feature",
      "properties": {
        "@id": "node/8719286058",
        "addr:city": "Orlando",
        "addr:housenumber": "8001",
        "addr:postcode": "32809",
        "addr:state": "FL",
        "addr:street": "S ORANGE BLOSSOM TRL",
        "addr:unit": "1546",
        "name": "SELFIE WORLD ORLANDO",
        "shop": "department_store",
        "website": "https://www.simon.com/mall/the-florida-mall/stores/selfie-wrld-orlando"
      },
      "geometry": {
        "type": "Point",
        "coordinates": [
          -81.3946172,
          28.4469087
        ]
      },
      "id": "node/8719286058"
    },
    {
      "type": "Feature",
      "properties": {
        "@id": "node/8719286059",
        "addr:city": "Orlando",
        "addr:housenumber": "8001",
        "addr:postcode": "32809",
        "addr:state": "FL",
        "addr:street": "S ORANGE BLOSSOM TRL",
        "addr:unit": "1530",
        "name": "MR. PUFFS",
        "phone": "+1-407-863-0833",
        "shop": "department_store",
        "website": "https://www.simon.com/mall/the-florida-mall/stores/mr-puffs"
      },
      "geometry": {
        "type": "Point",
        "coordinates": [
          -81.3945957,
          28.4471587
        ]
      },
      "id": "node/8719286059"
    },
    {
      "type": "Feature",
      "properties": {
        "@id": "node/8719286061",
        "addr:city": "Orlando",
        "addr:housenumber": "8001",
        "addr:postcode": "32809",
        "addr:state": "FL",
        "addr:street": "S ORANGE BLOSSOM TRL",
        "addr:unit": "1500",
        "name": "HOCCA BAR",
        "phone": "+1-407-988-1886",
        "shop": "department_store",
        "website": "https://www.simon.com/mall/the-florida-mall/stores/hocca-bar"
      },
      "geometry": {
        "type": "Point",
        "coordinates": [
          -81.3947379,
          28.4470124
        ]
      },
      "id": "node/8719286061"
    },
    {
      "type": "Feature",
      "properties": {
        "@id": "node/8719286062",
        "addr:city": "Orlando",
        "addr:housenumber": "8001",
        "addr:postcode": "32809",
        "addr:state": "FL",
        "addr:street": "S ORANGE BLOSSOM TRL",
        "addr:unit": "1544",
        "name": "CARLOS BAKERY",
        "phone": "+1-407-316-2606",
        "shop": "department_store",
        "website": "https://www.simon.com/mall/the-florida-mall/stores/carlos-bakery"
      },
      "geometry": {
        "type": "Point",
        "coordinates": [
          -81.3945126,
          28.4470219
        ]
      },
      "id": "node/8719286062"
    },
    {
      "type": "Feature",
      "properties": {
        "@id": "node/8719286065",
        "addr:city": "Orlando",
        "addr:housenumber": "8001",
        "addr:postcode": "32809",
        "addr:state": "FL",
        "addr:street": "S ORANGE BLOSSOM TRL",
        "addr:unit": "298B",
        "name": "407 FLIGHT",
        "phone": "+1-407-868-1945",
        "shop": "department_store",
        "website": "https://www.simon.com/mall/the-florida-mall/stores/407-flight"
      },
      "geometry": {
        "type": "Point",
        "coordinates": [
          -81.3931694,
          28.4464457
        ]
      },
      "id": "node/8719286065"
    },
    {
      "type": "Feature",
      "properties": {
        "@id": "node/8719286066",
        "addr:city": "Orlando",
        "addr:housenumber": "8001",
        "addr:postcode": "32809",
        "addr:state": "FL",
        "addr:street": "S ORANGE BLOSSOM TRL",
        "addr:unit": "300",
        "brand": "Dillard's",
        "brand:wikidata": "Q844805",
        "check_date": "2024-10-07",
        "check_date:opening_hours": "2024-10-07",
        "contact:facebook": "https://www.facebook.com/profile.php?id=100089713311172",
        "name": "Dillard's",
        "opening_hours": "Mo-Sa 11:00-20:00; Su 12:00-18:00",
        "phone": "+1 407-240-1771",
        "shop": "department_store",
        "website": "https://www.dillards.com/stores/florida/the-florida-mall-orlando/0221"
      },
      "geometry": {
        "type": "Point",
        "coordinates": [
          -81.3925482,
          28.446551
        ]
      },
      "id": "node/8719286066"
    },
    {
      "type": "Feature",
      "properties": {
        "@id": "node/8747853266",
        "addr:city": "Orlando",
        "addr:housenumber": "11055",
        "addr:postcode": "32836",
        "addr:state": "FL",
        "addr:street": "Daryl Carter Parkway",
        "branch": "Town Center at O-Town West",
        "brand": "Publix",
        "brand:wikidata": "Q672170",
        "name": "Publix",
        "opening_hours": "Mo-Su 07:00-22:00",
        "phone": "+1 407-605-4044",
        "ref": "1810",
        "shop": "supermarket",
        "website": "https://www.publix.com/locations/1810"
      },
      "geometry": {
        "type": "Point",
        "coordinates": [
          -81.500367,
          28.4055916
        ]
      },
      "id": "node/8747853266"
    },
    {
      "type": "Feature",
      "properties": {
        "@id": "node/8754502198",
        "brand": "TJ Maxx",
        "brand:wikidata": "Q10860683",
        "name": "TJ Maxx",
        "shop": "department_store"
      },
      "geometry": {
        "type": "Point",
        "coordinates": [
          -81.2475458,
          28.3913946
        ]
      },
      "id": "node/8754502198"
    },
    {
      "type": "Feature",
      "properties": {
        "@id": "node/8975194491",
        "brand": "Macy's",
        "brand:wikidata": "Q629269",
        "name": "Macy's",
        "shop": "department_store",
        "website": "https://www.macys.com/stores/fl/orlando/florida-mall_811.html"
      },
      "geometry": {
        "type": "Point",
        "coordinates": [
          -81.3933922,
          28.4439298
        ]
      },
      "id": "node/8975194491"
    },
    {
      "type": "Feature",
      "properties": {
        "@id": "node/8975197979",
        "name": "XIMIVOGUE",
        "shop": "department_store"
      },
      "geometry": {
        "type": "Point",
        "coordinates": [
          -81.3961994,
          28.4461784
        ]
      },
      "id": "node/8975197979"
    },
    {
      "type": "Feature",
      "properties": {
        "@id": "node/9213149522",
        "addr:city": "Orlando",
        "addr:housenumber": "13024",
        "addr:state": "FL",
        "addr:street": "Narcoossee Road",
        "brand": "Bravo",
        "brand:wikidata": "Q16985159",
        "name": "Bravo",
        "opening_hours": "Mo-Sa 07:30-21:00; Su 07:30-20:00",
        "phone": "+1-407-863-3866",
        "shop": "supermarket"
      },
      "geometry": {
        "type": "Point",
        "coordinates": [
          -81.2456008,
          28.3773948
        ]
      },
      "id": "node/9213149522"
    },
    {
      "type": "Feature",
      "properties": {
        "@id": "node/9367889446",
        "addr:city": "Orlando",
        "addr:housenumber": "5266",
        "addr:postcode": "32808",
        "addr:state": "FL",
        "addr:street": "West Colonial Drive",
        "description": "Vietnamese Oriental Market",
        "language": "Vietnamese;English",
        "name": "Tan Tien",
        "opening_hours": "Mo-Su 09:00-20:00",
        "phone": "+1-407-522-4711",
        "shop": "supermarket",
        "wheelchair": "yes"
      },
      "geometry": {
        "type": "Point",
        "coordinates": [
          -81.4526792,
          28.5509728
        ]
      },
      "id": "node/9367889446"
    },
    {
      "type": "Feature",
      "properties": {
        "@id": "node/9367892474",
        "addr:city": "Orlando",
        "addr:housenumber": "3191",
        "addr:postcode": "32808",
        "addr:state": "FL",
        "addr:street": "West Colonial Drive",
        "description": "Korean grocery store market with indoor Asian food court, & indoor French bakery.",
        "internet_access": "no",
        "level": "1",
        "name": "Lotte Plaza Market",
        "opening_hours": "Mo-Su 09:00-21:00",
        "phone": "+1-407-499-1115",
        "shop": "supermarket",
        "stroller": "yes",
        "toilets": "yes",
        "website": "https://www.lotteplaza.com/",
        "wheelchair": "yes"
      },
      "geometry": {
        "type": "Point",
        "coordinates": [
          -81.4154016,
          28.5548909
        ]
      },
      "id": "node/9367892474"
    },
    {
      "type": "Feature",
      "properties": {
        "@id": "node/9368232489",
        "addr:city": "Orlando",
        "addr:housenumber": "5600",
        "addr:postcode": "32808",
        "addr:state": "FL",
        "addr:street": "West Colonial Drive",
        "addr:unit": "306",
        "alt_name": "Golden Sparkling Supermarket",
        "description": "Chinese Market",
        "name": "New Golden Sparkling Supermarket",
        "opening_hours": "Mo-Su 09:00-20:00",
        "phone": "+1-407-730-3936",
        "shop": "supermarket",
        "wheelchair": "yes"
      },
      "geometry": {
        "type": "Point",
        "coordinates": [
          -81.4579342,
          28.5514249
        ]
      },
      "id": "node/9368232489"
    },
    {
      "type": "Feature",
      "properties": {
        "@id": "node/9532619432",
        "name": "Seabra",
        "shop": "supermarket"
      },
      "geometry": {
        "type": "Point",
        "coordinates": [
          -81.4264185,
          28.3641759
        ]
      },
      "id": "node/9532619432"
    },
    {
      "type": "Feature",
      "properties": {
        "@id": "node/9574229137",
        "addr:city": "Orlando",
        "addr:housenumber": "6700",
        "addr:postcode": "32835",
        "addr:state": "FL",
        "addr:street": "Conroy Windermere Road",
        "name": "Shoppes of Winder Oaks",
        "opening_hours": "24/7",
        "phone": "+1-800-866-1129",
        "shop": "mall",
        "website": "https://www.jnspropertymanagement.com/winder_oaks.html"
      },
      "geometry": {
        "type": "Point",
        "coordinates": [
          -81.474253,
          28.4928573
        ]
      },
      "id": "node/9574229137"
    },
    {
      "type": "Feature",
      "properties": {
        "@id": "node/9633378517",
        "name": "Sunset Walk",
        "shop": "department_store"
      },
      "geometry": {
        "type": "Point",
        "coordinates": [
          -81.6097219,
          28.3448506
        ]
      },
      "id": "node/9633378517"
    },
    {
      "type": "Feature",
      "properties": {
        "@id": "node/9675906262",
        "addr:city": "Orlando",
        "addr:housenumber": "2960",
        "addr:postcode": "32806",
        "addr:state": "FL",
        "addr:street": "Curry Ford Road",
        "branch": "Crystal Lake Shopping Center",
        "brand": "Winn-Dixie",
        "brand:wikidata": "Q1264366",
        "name": "Winn-Dixie",
        "phone": "+1 407-897-3579",
        "ref": "2288",
        "shop": "supermarket",
        "website": "https://www.winndixie.com/storedetails/orlando/fl?search=2288"
      },
      "geometry": {
        "type": "Point",
        "coordinates": [
          -81.3445674,
          28.5236089
        ]
      },
      "id": "node/9675906262"
    },
    {
      "type": "Feature",
      "properties": {
        "@id": "node/10122643522",
        "brand": "dd's Discounts",
        "brand:wikidata": "Q83743863",
        "name": "dd's Discounts",
        "shop": "department_store"
      },
      "geometry": {
        "type": "Point",
        "coordinates": [
          -81.2327665,
          28.571084
        ]
      },
      "id": "node/10122643522"
    },
    {
      "type": "Feature",
      "properties": {
        "@id": "node/10289423112",
        "addr:city": "Winter Park",
        "addr:housenumber": "1030",
        "addr:postcode": "32789",
        "addr:state": "FL",
        "addr:street": "Orlando Avenue",
        "branch": "Winter Park North",
        "brand": "Whole Foods Market",
        "brand:wikidata": "Q1809448",
        "check_date": "2024-10-03",
        "check_date:opening_hours": "2024-10-03",
        "name": "Whole Foods Market",
        "opening_hours": "Mo-Su 08:00-22:00",
        "phone": "+1 407-377-6040",
        "ref": "winterparknorth",
        "shop": "supermarket",
        "website": "https://www.wholefoodsmarket.com/stores/winterparknorth",
        "wheelchair": "yes"
      },
      "geometry": {
        "type": "Point",
        "coordinates": [
          -81.3635188,
          28.6068161
        ]
      },
      "id": "node/10289423112"
    },
    {
      "type": "Feature",
      "properties": {
        "@id": "node/10671470466",
        "addr:city": "Oviedo",
        "addr:housenumber": "1121",
        "addr:postcode": "32765",
        "addr:state": "FL",
        "addr:street": "Alafaya Trail",
        "addr:unit": "1081",
        "brand": "Marshalls",
        "brand:wikidata": "Q15903261",
        "name": "Marshalls",
        "opening_hours": "Mo-Su 09:30-21:30",
        "shop": "department_store",
        "toilets": "yes"
      },
      "geometry": {
        "type": "Point",
        "coordinates": [
          -81.2098653,
          28.6536791
        ]
      },
      "id": "node/10671470466"
    },
    {
      "type": "Feature",
      "properties": {
        "@id": "node/10671470467",
        "addr:city": "Oviedo",
        "addr:housenumber": "1121",
        "addr:postcode": "32765",
        "addr:state": "FL",
        "addr:street": "Alafaya Trail",
        "addr:unit": "1091",
        "branch": "Oviedo",
        "brand": "Sprouts Farmers Market",
        "brand:wikidata": "Q7581369",
        "check_date:opening_hours": "2026-04-29",
        "name": "Sprouts Farmers Market",
        "opening_hours": "Mo-Su 07:00-22:00",
        "phone": "+1 407-542-6070",
        "shop": "supermarket",
        "short_name": "Sprouts",
        "website": "https://www.sprouts.com/store/fl/oviedo/oviedo/"
      },
      "geometry": {
        "type": "Point",
        "coordinates": [
          -81.2095645,
          28.6535149
        ]
      },
      "id": "node/10671470467"
    },
    {
      "type": "Feature",
      "properties": {
        "@id": "node/10702329905",
        "addr:city": "Orlando",
        "addr:housenumber": "3230",
        "addr:postcode": "32803",
        "addr:state": "FL",
        "addr:street": "East Colonial Drive",
        "brand": "Aldi",
        "brand:wikidata": "Q41171672",
        "internet_access": "wlan",
        "internet_access:fee": "no",
        "internet_access:ssid": "ALDI-Guest",
        "name": "ALDI",
        "shop": "supermarket",
        "website": "https://stores.aldi.us/fl/orlando/3230-e-colonial-drive"
      },
      "geometry": {
        "type": "Point",
        "coordinates": [
          -81.3408695,
          28.5517578
        ]
      },
      "id": "node/10702329905"
    },
    {
      "type": "Feature",
      "properties": {
        "@id": "node/10720472702",
        "name": "Unidos Supermarket",
        "shop": "supermarket"
      },
      "geometry": {
        "type": "Point",
        "coordinates": [
          -81.3516451,
          28.3029664
        ]
      },
      "id": "node/10720472702"
    },
    {
      "type": "Feature",
      "properties": {
        "@id": "node/10740262759",
        "addr:city": "Kissimmee",
        "addr:housenumber": "5296",
        "addr:postcode": "34746",
        "addr:state": "FL",
        "addr:street": "West Irlo Bronson Memorial Highway",
        "brand": "ALDI",
        "brand:wikidata": "Q41171672",
        "internet_access": "wlan",
        "internet_access:fee": "no",
        "internet_access:ssid": "ALDI-Guest",
        "name": "ALDI",
        "opening_hours": "Mo-Su 09:00-20:30",
        "phone": "+1 855-474-1026",
        "shop": "supermarket",
        "website": "https://stores.aldi.us/fl/kissimmee/5296-w-irlo-bronson-hwy"
      },
      "geometry": {
        "type": "Point",
        "coordinates": [
          -81.4948451,
          28.3321586
        ]
      },
      "id": "node/10740262759"
    },
    {
      "type": "Feature",
      "properties": {
        "@id": "node/10796676443",
        "addr:city": "Orlando",
        "addr:housenumber": "2415",
        "addr:postcode": "32803",
        "addr:state": "FL",
        "addr:street": "East Colonial Drive",
        "air_conditioning": "yes",
        "description": "Asian grocery store.",
        "name": "iFresh Market",
        "opening_hours": "Mo-Su 09:00-21:00",
        "organic": "yes",
        "payment:cash": "yes",
        "payment:credit_cards": "yes",
        "phone": "+1-407-228-9899",
        "shop": "supermarket",
        "website": "https://ifreshmarket.com"
      },
      "geometry": {
        "type": "Point",
        "coordinates": [
          -81.3516162,
          28.5538408
        ]
      },
      "id": "node/10796676443"
    },
    {
      "type": "Feature",
      "properties": {
        "@id": "node/10897161032",
        "name": "Wild Fork",
        "shop": "supermarket"
      },
      "geometry": {
        "type": "Point",
        "coordinates": [
          -81.4865146,
          28.4508044
        ]
      },
      "id": "node/10897161032"
    },
    {
      "type": "Feature",
      "properties": {
        "@id": "node/11007078279",
        "addr:city": "Orlando",
        "addr:housenumber": "816",
        "addr:postcode": "32803",
        "addr:state": "FL",
        "addr:street": "North Mills Avenue",
        "air_conditioning": "yes",
        "description": "Chinese/Asian grocery store.",
        "name": "Dong-A Supermarket",
        "opening_hours": "Mo-Su 09:00-20:00",
        "payment:cash": "yes",
        "payment:credit_cards": "yes",
        "phone": "+1-407-898-9227",
        "shop": "supermarket"
      },
      "geometry": {
        "type": "Point",
        "coordinates": [
          -81.3647668,
          28.5555667
        ]
      },
      "id": "node/11007078279"
    },
    {
      "type": "Feature",
      "properties": {
        "@id": "node/11248859375",
        "brand": "Bloomingdale's",
        "brand:wikidata": "Q283383",
        "name": "Bloomingdale's",
        "shop": "department_store"
      },
      "geometry": {
        "type": "Point",
        "coordinates": [
          -81.4300389,
          28.4840857
        ]
      },
      "id": "node/11248859375"
    },
    {
      "type": "Feature",
      "properties": {
        "@id": "node/11248859376",
        "brand": "Neiman Marcus",
        "brand:wikidata": "Q743497",
        "name": "Neiman Marcus",
        "shop": "department_store"
      },
      "geometry": {
        "type": "Point",
        "coordinates": [
          -81.4302551,
          28.4855114
        ]
      },
      "id": "node/11248859376"
    },
    {
      "type": "Feature",
      "properties": {
        "@id": "node/11435465469",
        "addr:housenumber": "4023",
        "addr:postcode": "34787",
        "addr:street": "Avalon Road",
        "name": "SiteOne Landscape Supply",
        "shop": "wholesale"
      },
      "geometry": {
        "type": "Point",
        "coordinates": [
          -81.6406382,
          28.498556
        ]
      },
      "id": "node/11435465469"
    },
    {
      "type": "Feature",
      "properties": {
        "@id": "node/11455494562",
        "addr:city": "Orlando",
        "addr:housenumber": "2530",
        "addr:postcode": "32803",
        "addr:state": "FL",
        "addr:street": "East Colonial Drive",
        "brand": "Sprouts Farmers Market",
        "brand:wikidata": "Q7581369",
        "name": "Sprouts Farmers Market",
        "opening_hours": "Mo-Sa 07:00-22:00; Su 07:00-20:00",
        "organic": "only",
        "payment:cash": "yes",
        "payment:credit_cards": "yes",
        "phone": "+1 689-219-8967",
        "shop": "supermarket",
        "short_name": "Sprouts",
        "website": "https://www.sprouts.com/store/fl/orlando/642-orlando-colonial-plaza/",
        "wheelchair": "yes"
      },
      "geometry": {
        "type": "Point",
        "coordinates": [
          -81.3508725,
          28.5505005
        ]
      },
      "id": "node/11455494562"
    },
    {
      "type": "Feature",
      "properties": {
        "@id": "node/11455521712",
        "addr:city": "Orlando",
        "addr:housenumber": "2756",
        "addr:postcode": "32803",
        "addr:state": "FL",
        "addr:street": "East Colonial Drive",
        "brand": "Ross",
        "brand:wikidata": "Q3442791",
        "changing_table": "yes",
        "name": "Ross",
        "official_name": "Ross Dress for Less",
        "opening_hours": "Mo-Th 09:00-22:00; Fr-Sa 09:00-23:00; Su 09:30-21:00",
        "phone": "+1 407-896-8885",
        "ref": "358",
        "shop": "department_store",
        "toilets": "yes",
        "wheelchair": "yes"
      },
      "geometry": {
        "type": "Point",
        "coordinates": [
          -81.3486892,
          28.5508586
        ]
      },
      "id": "node/11455521712"
    },
    {
      "type": "Feature",
      "properties": {
        "@id": "node/11608065345",
        "addr:city": "Winter Garden",
        "addr:housenumber": "204",
        "addr:postcode": "34787",
        "addr:state": "FL",
        "addr:street": "Ruby Red Place",
        "brand": "Target",
        "brand:wikidata": "Q1046951",
        "name": "Target",
        "opening_hours": "08:00-22:00,08:00-23:00",
        "phone": "+1 321-395-3600",
        "shop": "department_store",
        "toilets": "yes",
        "website": "https://www.target.com/sl/orlando-flamingo-crossings/3378"
      },
      "geometry": {
        "type": "Point",
        "coordinates": [
          -81.6167703,
          28.3800656
        ]
      },
      "id": "node/11608065345"
    },
    {
      "type": "Feature",
      "properties": {
        "@id": "node/11739642041",
        "addr:city": "Orlando",
        "addr:housenumber": "11601",
        "addr:postcode": "32821",
        "addr:state": "FL",
        "addr:street": "Regency Village Drive",
        "brand": "Aldi",
        "brand:wikidata": "Q41171672",
        "curbside": "yes",
        "internet_access": "wlan",
        "internet_access:fee": "no",
        "internet_access:ssid": "ALDI-Guest",
        "name": "Aldi",
        "opening_hours": "Mo-Sa 09:00-21:00; Su 09:00-20:00",
        "phone": "+1 833-474-7162",
        "shop": "supermarket",
        "website": "https://stores.aldi.us/fl/orlando/11601-regency-village-drive"
      },
      "geometry": {
        "type": "Point",
        "coordinates": [
          -81.4863089,
          28.3923942
        ]
      },
      "id": "node/11739642041"
    },
    {
      "type": "Feature",
      "properties": {
        "@id": "node/11873838516",
        "addr:city": "Orlando",
        "addr:housenumber": "12500",
        "addr:postcode": "32828",
        "addr:state": "FL",
        "addr:street": "Lake Underhill Road",
        "branch": "Orlando-Waterford Lakes Village",
        "brand": "Sprouts Farmer Market",
        "brand:wikidata": "Q7581369",
        "name": "Sprouts Farmers Market",
        "opening_hours": "Mo-Su 07:00-22:00",
        "phone": "+1 689-303-4690",
        "shop": "supermarket",
        "short_name": "Sprouts",
        "website": "https://www.sprouts.com/store/fl/orlando/lake-underhill-rd/"
      },
      "geometry": {
        "type": "Point",
        "coordinates": [
          -81.2011014,
          28.5458484
        ]
      },
      "id": "node/11873838516"
    },
    {
      "type": "Feature",
      "properties": {
        "@id": "node/11873838517",
        "addr:city": "Orlando",
        "addr:housenumber": "11286",
        "addr:postcode": "32832",
        "addr:state": "FL",
        "addr:street": "Dowden Road",
        "branch": "Shoppes at Storey Park",
        "brand": "Publix",
        "brand:wikidata": "Q672170",
        "name": "Publix",
        "phone": "+1 407-241-0260",
        "ref": "1852",
        "shop": "supermarket",
        "website": "https://www.publix.com/locations/1852",
        "wheelchair": "yes"
      },
      "geometry": {
        "type": "Point",
        "coordinates": [
          -81.2240273,
          28.4265679
        ]
      },
      "id": "node/11873838517"
    },
    {
      "type": "Feature",
      "properties": {
        "@id": "node/11873838521",
        "addr:city": "Orlando",
        "addr:postcode": "32819",
        "addr:state": "FL",
        "brand": "Sprouts Farmers Market",
        "brand:wikidata": "Q7581369",
        "name": "Sprouts Farmers Market",
        "opening_hours": "Mo-Su 07:00-22:00",
        "phone": "+1 321-340-2023",
        "shop": "supermarket",
        "short_name": "Sprouts",
        "website": "https://www.sprouts.com/store/fl/orlando/dr-phillips/"
      },
      "geometry": {
        "type": "Point",
        "coordinates": [
          -81.4769437,
          28.4543123
        ]
      },
      "id": "node/11873838521"
    },
    {
      "type": "Feature",
      "properties": {
        "@id": "node/11873838525",
        "addr:city": "Orlando",
        "addr:housenumber": "2335",
        "addr:postcode": "32804",
        "addr:state": "FL",
        "addr:street": "North Orange Blossom Trail",
        "branch": "Groves at College Park",
        "brand": "Publix",
        "brand:wikidata": "Q672170",
        "name": "Publix",
        "phone": "+1 689-206-8880",
        "ref": "1845",
        "shop": "supermarket",
        "website": "https://www.publix.com/locations/1845"
      },
      "geometry": {
        "type": "Point",
        "coordinates": [
          -81.4046461,
          28.5729578
        ]
      },
      "id": "node/11873838525"
    },
    {
      "type": "Feature",
      "properties": {
        "@id": "node/11873838526",
        "addr:city": "Fern Park",
        "addr:housenumber": "7800",
        "addr:postcode": "32730",
        "addr:state": "FL",
        "addr:street": "South Highway 17",
        "branch": "Main Street Square",
        "brand": "Winn-Dixie",
        "brand:wikidata": "Q1264366",
        "name": "Winn-Dixie",
        "phone": "+1 407-339-1593",
        "ref": "2266",
        "shop": "supermarket",
        "website": "https://www.winndixie.com/storedetails/fern park/fl?search=2266"
      },
      "geometry": {
        "type": "Point",
        "coordinates": [
          -81.350241,
          28.652899
        ]
      },
      "id": "node/11873838526"
    },
    {
      "type": "Feature",
      "properties": {
        "@id": "node/11873838527",
        "addr:city": "Casselberry",
        "addr:housenumber": "1750",
        "addr:postcode": "32707",
        "addr:state": "FL",
        "addr:street": "Sunshadow Drive",
        "branch": "Sun Lake Plaza",
        "brand": "Winn-Dixie",
        "brand:wikidata": "Q1264366",
        "name": "Winn-Dixie",
        "phone": "+1 407-696-9656",
        "ref": "2273",
        "shop": "supermarket",
        "website": "https://www.winndixie.com/storedetails/casselberry/fl?search=2273"
      },
      "geometry": {
        "type": "Point",
        "coordinates": [
          -81.322084,
          28.696233
        ]
      },
      "id": "node/11873838527"
    },
    {
      "type": "Feature",
      "properties": {
        "@id": "node/11952915871",
        "addr:city": "Orlando",
        "addr:housenumber": "1250",
        "addr:postcode": "32828",
        "addr:state": "FL",
        "addr:street": "North Alafaya Trail",
        "alt_name": "Burlington Coat Factory",
        "brand": "Burlington",
        "brand:wikidata": "Q4999220",
        "name": "Burlington",
        "opening_hours": "Mo-Sa 09:00-00:00; Su 09:00-23:00",
        "phone": "+1 407-243-9850",
        "ref": "425",
        "shop": "department_store",
        "website": "https://stores.burlington.com/fl/orlando/425"
      },
      "geometry": {
        "type": "Point",
        "coordinates": [
          -81.2086622,
          28.561895
        ]
      },
      "id": "node/11952915871"
    },
    {
      "type": "Feature",
      "properties": {
        "@id": "node/12344503978",
        "addr:city": "Orlando",
        "addr:housenumber": "397",
        "addr:postcode": "32828",
        "addr:state": "FL",
        "addr:street": "N Alafaya Trail",
        "brand": "Macy's",
        "brand:wikidata": "Q629269",
        "name": "Macy's",
        "opening_hours": "Mo-Th 10:00-20:00; Fr-Sa 10:00-21:00; Su 11:00-19:00",
        "phone": "+1 407-587-4399",
        "shop": "department_store"
      },
      "geometry": {
        "type": "Point",
        "coordinates": [
          -81.2000112,
          28.5540074
        ]
      },
      "id": "node/12344503978"
    },
    {
      "type": "Feature",
      "properties": {
        "@id": "node/12488301321",
        "addr:city": "Winter Springs",
        "addr:housenumber": "1511",
        "addr:postcode": "32708",
        "addr:state": "FL",
        "addr:street": "E State Rd 434",
        "addr:unit": "Suite 2001",
        "contact:facebook": "https://www.facebook.com/TechRageIT/",
        "description": "Here at Tech Rage IT, we've been transforming tech frustration into productivity and efficiency for Orlando businesses since our founding.",
        "name": "Tech Rage IT - Orlando IT Support",
        "opening_hours": "Mo-Fr 08:00-17:00",
        "phone": "+1-407-904-5763",
        "shop": "supermarket",
        "website": "https://www.techrageit.com/"
      },
      "geometry": {
        "type": "Point",
        "coordinates": [
          -81.2320709,
          28.6897534
        ]
      },
      "id": "node/12488301321"
    },
    {
      "type": "Feature",
      "properties": {
        "@id": "node/12512882088",
        "alt_name": "Burlington Coat Factory",
        "brand": "Burlington",
        "brand:wikidata": "Q4999220",
        "name": "Burlington",
        "shop": "department_store"
      },
      "geometry": {
        "type": "Point",
        "coordinates": [
          -81.6092425,
          28.3491894
        ]
      },
      "id": "node/12512882088"
    },
    {
      "type": "Feature",
      "properties": {
        "@id": "node/12512882089",
        "brand": "Marshalls",
        "brand:wikidata": "Q15903261",
        "name": "Marshalls",
        "shop": "department_store"
      },
      "geometry": {
        "type": "Point",
        "coordinates": [
          -81.6095881,
          28.3491956
        ]
      },
      "id": "node/12512882089"
    },
    {
      "type": "Feature",
      "properties": {
        "@id": "node/12593743021",
        "brand": "Ross",
        "brand:wikidata": "Q3442791",
        "name": "Ross",
        "official_name": "Ross Dress for Less",
        "shop": "department_store"
      },
      "geometry": {
        "type": "Point",
        "coordinates": [
          -81.2854562,
          28.596145
        ]
      },
      "id": "node/12593743021"
    },
    {
      "type": "Feature",
      "properties": {
        "@id": "node/12598717517",
        "addr:city": "Saint Cloud",
        "addr:housenumber": "2895",
        "addr:postcode": "34771",
        "addr:state": "FL",
        "addr:street": "Narcoossee Road",
        "brand": "Publix",
        "brand:wikidata": "Q672170",
        "name": "Publix",
        "opening_hours": "Mo-Su 07:00-22:00",
        "phone": "+1-407-556-0115",
        "shop": "supermarket"
      },
      "geometry": {
        "type": "Point",
        "coordinates": [
          -81.2261967,
          28.333912
        ]
      },
      "id": "node/12598717517"
    },
    {
      "type": "Feature",
      "properties": {
        "@id": "node/13034084095",
        "brand": "Key Food",
        "brand:wikidata": "Q6398037",
        "name": "Key Food",
        "shop": "supermarket"
      },
      "geometry": {
        "type": "Point",
        "coordinates": [
          -81.3486153,
          28.303702
        ]
      },
      "id": "node/13034084095"
    },
    {
      "type": "Feature",
      "properties": {
        "@id": "node/13160531198",
        "addr:city": "Orlando",
        "addr:housenumber": "2100",
        "addr:postcode": "32803",
        "addr:state": "FL",
        "addr:street": "East Colonial Drive",
        "name": "Super Oriental Market",
        "shop": "supermarket"
      },
      "geometry": {
        "type": "Point",
        "coordinates": [
          -81.3553847,
          28.5528823
        ]
      },
      "id": "node/13160531198"
    },
    {
      "type": "Feature",
      "properties": {
        "@id": "node/13160540574",
        "name": "Vermeer Southeast Orlando",
        "shop": "wholesale",
        "website": "https://www.vermeersoutheast.com",
        "wholesale": "building_materials"
      },
      "geometry": {
        "type": "Point",
        "coordinates": [
          -81.5517225,
          28.5767331
        ]
      },
      "id": "node/13160540574"
    },
    {
      "type": "Feature",
      "properties": {
        "@id": "node/13394294661",
        "addr:city": "Orlando",
        "addr:housenumber": "10672",
        "addr:postcode": "32825",
        "addr:state": "FL",
        "addr:street": "East Colonial Drive",
        "name": "Fancy Fruit & Produce",
        "opening_hours": "Mo-Sa 08:00-20:00; Su 08:00-19:00",
        "phone": "+1-407-674-6879",
        "shop": "supermarket",
        "website": "https://fancyfruitandproduce.com/fancy-of-east-colonial/"
      },
      "geometry": {
        "type": "Point",
        "coordinates": [
          -81.2284421,
          28.5686377
        ]
      },
      "id": "node/13394294661"
    },
    {
      "type": "Feature",
      "properties": {
        "@id": "node/13402016906",
        "addr:housenumber": "5111",
        "addr:postcode": "32808",
        "addr:street": "West Colonial Drive",
        "check_date": "2025-12-24",
        "name": "Caribbean Supercenter",
        "opening_hours": "Mo-Sa 08:30-20:30; Su 08:30-19:00",
        "payment:cash": "yes",
        "payment:credit_cards": "yes",
        "payment:debit_cards": "yes",
        "phone": "+1-407-523-1308",
        "shop": "supermarket",
        "website": "https://caribbeansupercenter.com/"
      },
      "geometry": {
        "type": "Point",
        "coordinates": [
          -81.4503279,
          28.5536576
        ]
      },
      "id": "node/13402016906"
    },
    {
      "type": "Feature",
      "properties": {
        "@id": "node/13414074111",
        "brand": "TJ Maxx",
        "brand:wikidata": "Q10860683",
        "name": "TJ Maxx",
        "shop": "department_store"
      },
      "geometry": {
        "type": "Point",
        "coordinates": [
          -81.1997304,
          28.5537356
        ]
      },
      "id": "node/13414074111"
    },
    {
      "type": "Feature",
      "properties": {
        "@id": "node/13525030909",
        "addr:city": "Altamonte Springs",
        "addr:housenumber": "995",
        "addr:postcode": "32714",
        "addr:state": "FL",
        "addr:street": "FL-434",
        "brand": "Marshalls",
        "brand:wikidata": "Q15903261",
        "name": "Marshalls",
        "opening_hours": "Mo-Su 09:00-20:00",
        "phone": "+1-407-862-0043",
        "shop": "department_store",
        "website": "https://www.marshalls.com/"
      },
      "geometry": {
        "type": "Point",
        "coordinates": [
          -81.4177615,
          28.6834555
        ]
      },
      "id": "node/13525030909"
    },
    {
      "type": "Feature",
      "properties": {
        "@id": "node/13679020401",
        "name": "CINDA LLC",
        "shop": "wholesale"
      },
      "geometry": {
        "type": "Point",
        "coordinates": [
          -81.4418152,
          28.5083621
        ]
      },
      "id": "node/13679020401"
    },
    {
      "type": "Feature",
      "properties": {
        "@id": "node/13784038795",
        "addr:city": "Orlando",
        "addr:housenumber": "5000",
        "addr:postcode": "32819",
        "addr:state": "FL",
        "addr:street": "Doctor Phillips Boulevard",
        "brand": "The Fresh Market",
        "brand:wikidata": "Q7735265",
        "name": "The Fresh Market",
        "phone": "+1-407-294-1516",
        "shop": "supermarket"
      },
      "geometry": {
        "type": "Point",
        "coordinates": [
          -81.4926211,
          28.4925663
        ]
      },
      "id": "node/13784038795"
    },
    {
      "type": "Feature",
      "properties": {
        "@id": "node/13918583929",
        "addr:city": "Orlando",
        "addr:housenumber": "373",
        "addr:postcode": "32828",
        "addr:state": "FL",
        "addr:street": "North Alafaya Trail",
        "brand": "Ross",
        "brand:wikidata": "Q3442791",
        "name": "Ross",
        "official_name": "Ross Dress for Less",
        "phone": "+1 407-482-5476",
        "shop": "department_store"
      },
      "geometry": {
        "type": "Point",
        "coordinates": [
          -81.1996426,
          28.5527439
        ]
      },
      "id": "node/13918583929"
    },
    {
      "type": "Feature",
      "properties": {
        "@id": "node/13931549306",
        "air_conditioning": "yes",
        "brand": "Walmart",
        "brand:wikidata": "Q483551",
        "currency:USD": "yes",
        "internet_access": "wlan",
        "internet_access:fee": "no",
        "internet_access:ssid": "Walmartwifi",
        "name": "Walmart Supercenter",
        "opening_hours": "Mo-Su 06:00-21:00",
        "operator": "Walmart",
        "payment:app:walmart": "yes",
        "payment:apple_pay": "no",
        "payment:google_pay": "no",
        "payment:samsung_pay": "no",
        "phone": "+1 407-606-0109",
        "ref": "5214",
        "sensory_friendly:accommodation": "dimmed_light;static_screens;no_pa",
        "sensory_friendly:conditional": "yes @ 08:00-10:00",
        "shop": "supermarket",
        "website": "https://www.walmart.com/store/5214-kissimmee-fl",
        "wheelchair": "yes"
      },
      "geometry": {
        "type": "Point",
        "coordinates": [
          -81.5880253,
          28.3298678
        ]
      },
      "id": "node/13931549306"
    },
    {
      "type": "Feature",
      "properties": {
        "@id": "node/14084750601",
        "addr:city": "Orlando",
        "addr:housenumber": "6065",
        "addr:postcode": "32823",
        "addr:state": "FL",
        "addr:street": "Lake Nona Boulevard",
        "brand": "Target",
        "brand:wikidata": "Q1046951",
        "internet_access": "wlan",
        "name": "Target",
        "opening_hours": "Mo-Su 08:00-23:00",
        "payment:american_express": "yes",
        "payment:cash": "yes",
        "payment:contactless": "yes",
        "payment:debit_cards": "yes",
        "payment:discover_card": "yes",
        "payment:visa": "yes",
        "phone": "+1-321-281-6518",
        "shop": "department_store",
        "website": "https://www.target.com/sl/lake-nona/2947"
      },
      "geometry": {
        "type": "Point",
        "coordinates": [
          -81.3029626,
          28.368193
        ]
      },
      "id": "node/14084750601"
    },
    {
      "type": "Feature",
      "properties": {
        "@id": "node/14132642539",
        "addr:city": "Orlando",
        "addr:housenumber": "7501",
        "addr:postcode": "32818",
        "addr:state": "FL",
        "addr:street": "West Colonial Drive",
        "air_conditioning": "yes",
        "alt_name:ko": "H 마트",
        "brand": "H Mart",
        "brand:wikidata": "Q5636306",
        "cuisine": "asian",
        "name": "H Mart",
        "name:en": "H Mart",
        "name:ko": "한아름",
        "name:zh-Hans": "韩亚龙",
        "name:zh-Hant": "韓亞龍",
        "opening_hours": "Mo-Su 09:00-22:00",
        "phone": "+1-407-853-8010",
        "shop": "supermarket",
        "website": "https://hmart.com"
      },
      "geometry": {
        "type": "Point",
        "coordinates": [
          -81.4855567,
          28.5534361
        ]
      },
      "id": "node/14132642539"
    }
  ]
}