"GEO_ID","NAME","B19013_001E","B19013_001M",
"Geography","Geographic Area Name","Estimate!!Median household income in the past 12 months (in 2024 inflation-adjusted dollars)","Margin of Error!!Median household income in the past 12 months (in 2024 inflation-adjusted dollars)",
"0400000US12","Florida","74568","284",
"1400000US12001000201","Census Tract 2.01; Alachua County; Florida","16515","13695",
"1400000US12001000202","Census Tract 2.02; Alachua County; Florida","14811","3295",
"1400000US12001000301","Census Tract 3.01; Alachua County; Florida","50618","4742",
"1400000US12001000302","Census Tract 3.02; Alachua County; Florida","42802","7215",
"1400000US12001000400","Census Tract 4; Alachua County; Florida","49661","23330",
"1400000US12001000500","Census Tract 5; Alachua County; Florida","62688","18479",
"1400000US12001000600","Census Tract 6; Alachua County; Florida","29618","3564",
"1400000US12001000700","Census Tract 7; Alachua County; Florida","33611","12117",
"1400000US12001000806","Census Tract 8.06; Alachua County; Florida","20483","3317",
"1400000US12001000808","Census Tract 8.08; Alachua County; Florida","53681","6868",
"1400000US12001000809","Census Tract 8.09; Alachua County; Florida","40778","12432",
"1400000US12001000901","Census Tract 9.01; Alachua County; Florida","27438","13639",
"1400000US12001000902","Census Tract 9.02; Alachua County; Florida","15278","10278",
"1400000US12001001000","Census Tract 10; Alachua County; Florida","31517","7817",
"1400000US12001001100","Census Tract 11; Alachua County; Florida","116777","14464",
"1400000US12001001201","Census Tract 12.01; Alachua County; Florida","61753","14784",
"1400000US12001001202","Census Tract 12.02; Alachua County; Florida","67824","9689",
"1400000US12001001203","Census Tract 12.03; Alachua County; Florida","70037","15634",
"1400000US12001001400","Census Tract 14; Alachua County; Florida","44348","6845",
"1400000US12001001514","Census Tract 15.14; Alachua County; Florida","31442","24075",
"1400000US12001001515","Census Tract 15.15; Alachua County; Florida","40075","5234",
"1400000US12001001516","Census Tract 15.16; Alachua County; Florida","29046","8318",
"1400000US12001001517","Census Tract 15.17; Alachua County; Florida","48870","5707",
"1400000US12001001519","Census Tract 15.19; Alachua County; Florida","52375","9712",
"1400000US12001001522","Census Tract 15.22; Alachua County; Florida","30719","2576",
"1400000US12001001605","Census Tract 16.05; Alachua County; Florida","37727","11694",
"1400000US12001001701","Census Tract 17.01; Alachua County; Florida","88668","13685",
"1400000US12001001702","Census Tract 17.02; Alachua County; Florida","86754","21466",
"1400000US12001001802","Census Tract 18.02; Alachua County; Florida","55344","7592",
"1400000US12001001803","Census Tract 18.03; Alachua County; Florida","85567","13206",
"1400000US12001001811","Census Tract 18.11; Alachua County; Florida","88917","10779",
"1400000US12001001813","Census Tract 18.13; Alachua County; Florida","108552","5070",
"1400000US12001001815","Census Tract 18.15; Alachua County; Florida","84732","32832",
"1400000US12001001816","Census Tract 18.16; Alachua County; Florida","83451","16493",
"1400000US12001001817","Census Tract 18.17; Alachua County; Florida","101166","6081",
"1400000US12001001818","Census Tract 18.18; Alachua County; Florida","107835","23186",
"1400000US12001001819","Census Tract 18.19; Alachua County; Florida","71042","9676",
"1400000US12001001902","Census Tract 19.02; Alachua County; Florida","38193","1554",
"1400000US12001001907","Census Tract 19.07; Alachua County; Florida","47198","15114",
"1400000US12001001908","Census Tract 19.08; Alachua County; Florida","68064","16921",
"1400000US12001002001","Census Tract 20.01; Alachua County; Florida","55018","24410",
"1400000US12001002002","Census Tract 20.02; Alachua County; Florida","47015","9720",
"1400000US12001002101","Census Tract 21.01; Alachua County; Florida","81659","13244",
"1400000US12001002102","Census Tract 21.02; Alachua County; Florida","64350","18842",
"1400000US12001002201","Census Tract 22.01; Alachua County; Florida","105198","19115",
"1400000US12001002202","Census Tract 22.02; Alachua County; Florida","76779","36128",
"1400000US12001002204","Census Tract 22.04; Alachua County; Florida","107556","8912",
"1400000US12001002207","Census Tract 22.07; Alachua County; Florida","144327","34537",
"1400000US12001002208","Census Tract 22.08; Alachua County; Florida","142431","35241",
"1400000US12001002209","Census Tract 22.09; Alachua County; Florida","106979","19243",
"1400000US12001002210","Census Tract 22.10; Alachua County; Florida","77885","11793",
"1400000US12001002217","Census Tract 22.17; Alachua County; Florida","38668","9236",
"1400000US12001002218","Census Tract 22.18; Alachua County; Florida","46973","17367",
"1400000US12001002219","Census Tract 22.19; Alachua County; Florida","65933","10543",
"1400000US12001002220","Census Tract 22.20; Alachua County; Florida","74318","31914",
"1400000US12001002221","Census Tract 22.21; Alachua County; Florida","98602","22175",
"1400000US12001002222","Census Tract 22.22; Alachua County; Florida","140430","28311",
"1400000US12001110800","Census Tract 1108; Alachua County; Florida","105000","18943",
"1400000US12003040101","Census Tract 401.01; Baker County; Florida","78200","36110",
"1400000US12003040102","Census Tract 401.02; Baker County; Florida","67172","32688",
"1400000US12003040201","Census Tract 402.01; Baker County; Florida","59975","15209",
"1400000US12003040202","Census Tract 402.02; Baker County; Florida","88401","9530",
"1400000US12005000201","Census Tract 2.01; Bay County; Florida","70000","13180",
"1400000US12005000203","Census Tract 2.03; Bay County; Florida","60585","12304",
"1400000US12005000204","Census Tract 2.04; Bay County; Florida","86292","15848",
"1400000US12005000301","Census Tract 3.01; Bay County; Florida","51824","19778",
"1400000US12005000302","Census Tract 3.02; Bay County; Florida","57329","10040",
"1400000US12005000401","Census Tract 4.01; Bay County; Florida","56709","8874",
"1400000US12005000402","Census Tract 4.02; Bay County; Florida","80890","11551",
"1400000US12005000500","Census Tract 5; Bay County; Florida","85618","15562",
"1400000US12005000600","Census Tract 6; Bay County; Florida","63864","15328",
"1400000US12005000700","Census Tract 7; Bay County; Florida","118594","92873",
"1400000US12005000803","Census Tract 8.03; Bay County; Florida","55541","2441",
"1400000US12005000804","Census Tract 8.04; Bay County; Florida","72279","13087",
"1400000US12005000805","Census Tract 8.05; Bay County; Florida","64419","16601",
"1400000US12005000806","Census Tract 8.06; Bay County; Florida","81462","5456",
"1400000US12005000900","Census Tract 9; Bay County; Florida","70417","14891",
"1400000US12005001000","Census Tract 10; Bay County; Florida","54120","25289",
"1400000US12005001100","Census Tract 11; Bay County; Florida","45653","5703",
"1400000US12005001200","Census Tract 12; Bay County; Florida","70000","20996",
"1400000US12005001301","Census Tract 13.01; Bay County; Florida","100375","12937",
"1400000US12005001302","Census Tract 13.02; Bay County; Florida","79173","6365",
"1400000US12005001402","Census Tract 14.02; Bay County; Florida","114922","19920",
"1400000US12005001403","Census Tract 14.03; Bay County; Florida","79922","17129",
"1400000US12005001404","Census Tract 14.04; Bay County; Florida","65259","12982",
"1400000US12005001501","Census Tract 15.01; Bay County; Florida","86875","28166",
"1400000US12005001502","Census Tract 15.02; Bay County; Florida","82238","14441",
"1400000US12005001600","Census Tract 16; Bay County; Florida","28359","13777",
"1400000US12005001700","Census Tract 17; Bay County; Florida","50089","5529",
"1400000US12005001800","Census Tract 18; Bay County; Florida","60826","11803",
"1400000US12005001900","Census Tract 19; Bay County; Florida","79181","5631",
"1400000US12005002000","Census Tract 20; Bay County; Florida","28269","7672",
"1400000US12005002200","Census Tract 22; Bay County; Florida","46885","9683",
"1400000US12005002300","Census Tract 23; Bay County; Florida","81643","12547",
"1400000US12005002400","Census Tract 24; Bay County; Florida","49775","5138",
"1400000US12005002500","Census Tract 25; Bay County; Florida","99704","17494",
"1400000US12005002604","Census Tract 26.04; Bay County; Florida","71365","8356",
"1400000US12005002605","Census Tract 26.05; Bay County; Florida","81417","21972",
"1400000US12005002606","Census Tract 26.06; Bay County; Florida","85655","9385",
"1400000US12005002607","Census Tract 26.07; Bay County; Florida","55455","19603",
"1400000US12005002608","Census Tract 26.08; Bay County; Florida","86824","7332",
"1400000US12005002609","Census Tract 26.09; Bay County; Florida","97736","22724",
"1400000US12005002703","Census Tract 27.03; Bay County; Florida","83214","20900",
"1400000US12005002706","Census Tract 27.06; Bay County; Florida","77645","11118",
"1400000US12005002707","Census Tract 27.07; Bay County; Florida","85664","20285",
"1400000US12005002708","Census Tract 27.08; Bay County; Florida","82361","48981",
"1400000US12005002709","Census Tract 27.09; Bay County; Florida","80753","4196",
"1400000US12005002710","Census Tract 27.10; Bay County; Florida","76703","15815",
"1400000US12005002711","Census Tract 27.11; Bay County; Florida","72008","14980",
"1400000US12005002712","Census Tract 27.12; Bay County; Florida","82292","9032",
"1400000US12005002713","Census Tract 27.13; Bay County; Florida","74628","14869",
"1400000US12005990000","Census Tract 9900; Bay County; Florida","-","**",
"1400000US12007000100","Census Tract 1; Bradford County; Florida","63031","9405",
"1400000US12007000201","Census Tract 2.01; Bradford County; Florida","69028","29455",
"1400000US12007000202","Census Tract 2.02; Bradford County; Florida","53207","16346",
"1400000US12007000301","Census Tract 3.01; Bradford County; Florida","70313","23468",
"1400000US12007000302","Census Tract 3.02; Bradford County; Florida","56393","12654",
"1400000US12007000400","Census Tract 4; Bradford County; Florida","66842","15716",
"1400000US12009060103","Census Tract 601.03; Brevard County; Florida","71304","22021",
"1400000US12009060104","Census Tract 601.04; Brevard County; Florida","53493","7388",
"1400000US12009060105","Census Tract 601.05; Brevard County; Florida","58704","21123",
"1400000US12009060106","Census Tract 601.06; Brevard County; Florida","106000","53180",
"1400000US12009060201","Census Tract 602.01; Brevard County; Florida","76034","10342",
"1400000US12009060202","Census Tract 602.02; Brevard County; Florida","102619","17562",
"1400000US12009060301","Census Tract 603.01; Brevard County; Florida","80860","8729",
"1400000US12009060302","Census Tract 603.02; Brevard County; Florida","54825","16601",
"1400000US12009060400","Census Tract 604; Brevard County; Florida","51286","13077",
"1400000US12009060500","Census Tract 605; Brevard County; Florida","67476","6021",
"1400000US12009060600","Census Tract 606; Brevard County; Florida","61738","10520",
"1400000US12009060700","Census Tract 607; Brevard County; Florida","39157","4204",
"1400000US12009061001","Census Tract 610.01; Brevard County; Florida","62409","19447",
"1400000US12009061002","Census Tract 610.02; Brevard County; Florida","57200","23267",
"1400000US12009061100","Census Tract 611; Brevard County; Florida","81607","13645",
"1400000US12009061201","Census Tract 612.01; Brevard County; Florida","79096","15251",
"1400000US12009061202","Census Tract 612.02; Brevard County; Florida","90611","12152",
"1400000US12009062106","Census Tract 621.06; Brevard County; Florida","70500","13763",
"1400000US12009062108","Census Tract 621.08; Brevard County; Florida","85833","24585",
"1400000US12009062109","Census Tract 621.09; Brevard County; Florida","68716","8461",
"1400000US12009062110","Census Tract 621.10; Brevard County; Florida","90441","25686",
"1400000US12009062111","Census Tract 621.11; Brevard County; Florida","93229","22648",
"1400000US12009062112","Census Tract 621.12; Brevard County; Florida","95435","17808",
"1400000US12009062113","Census Tract 621.13; Brevard County; Florida","78500","8006",
"1400000US12009062114","Census Tract 621.14; Brevard County; Florida","56620","12981",
"1400000US12009062115","Census Tract 621.15; Brevard County; Florida","71268","25187",
"1400000US12009062301","Census Tract 623.01; Brevard County; Florida","41125","11466",
"1400000US12009062302","Census Tract 623.02; Brevard County; Florida","35480","8242",
"1400000US12009062401","Census Tract 624.01; Brevard County; Florida","52057","4179",
"1400000US12009062402","Census Tract 624.02; Brevard County; Florida","34810","12318",
"1400000US12009062500","Census Tract 625; Brevard County; Florida","51753","19235",
"1400000US12009062600","Census Tract 626; Brevard County; Florida","72650","20191",
"1400000US12009062800","Census Tract 628; Brevard County; Florida","85496","25295",
"1400000US12009062900","Census Tract 629; Brevard County; Florida","65632","10480",
"1400000US12009063000","Census Tract 630; Brevard County; Florida","79605","27446",
"1400000US12009063102","Census Tract 631.02; Brevard County; Florida","88005","9847",
"1400000US12009063104","Census Tract 631.04; Brevard County; Florida","96023","13417",
"1400000US12009063105","Census Tract 631.05; Brevard County; Florida","92618","11570",
"1400000US12009063106","Census Tract 631.06; Brevard County; Florida","112813","11885",
"1400000US12009063108","Census Tract 631.08; Brevard County; Florida","125625","29669",
"1400000US12009063109","Census Tract 631.09; Brevard County; Florida","77625","24489",
"1400000US12009064102","Census Tract 641.02; Brevard County; Florida","109258","13426",
"1400000US12009064123","Census Tract 641.23; Brevard County; Florida","66212","11197",
"1400000US12009064124","Census Tract 641.24; Brevard County; Florida","67039","22043",
"1400000US12009064126","Census Tract 641.26; Brevard County; Florida","83203","18621",
"1400000US12009064127","Census Tract 641.27; Brevard County; Florida","113732","20773",
"1400000US12009064128","Census Tract 641.28; Brevard County; Florida","104327","13307",
"1400000US12009064129","Census Tract 641.29; Brevard County; Florida","116200","10979",
"1400000US12009064130","Census Tract 641.30; Brevard County; Florida","92000","21018",
"1400000US12009064201","Census Tract 642.01; Brevard County; Florida","60000","16640",
"1400000US12009064202","Census Tract 642.02; Brevard County; Florida","39015","13852",
"1400000US12009064301","Census Tract 643.01; Brevard County; Florida","53826","8736",
"1400000US12009064302","Census Tract 643.02; Brevard County; Florida","58476","17686",
"1400000US12009064400","Census Tract 644; Brevard County; Florida","99909","14161",
"1400000US12009064500","Census Tract 645; Brevard County; Florida","62674","14068",
"1400000US12009064601","Census Tract 646.01; Brevard County; Florida","91908","13569",
"1400000US12009064602","Census Tract 646.02; Brevard County; Florida","62111","7254",
"1400000US12009064701","Census Tract 647.01; Brevard County; Florida","51000","16374",
"1400000US12009064702","Census Tract 647.02; Brevard County; Florida","64681","16937",
"1400000US12009064800","Census Tract 648; Brevard County; Florida","37298","8749",
"1400000US12009064901","Census Tract 649.01; Brevard County; Florida","72979","4580",
"1400000US12009064902","Census Tract 649.02; Brevard County; Florida","40214","8998",
"1400000US12009065001","Census Tract 650.01; Brevard County; Florida","115050","27226",
"1400000US12009065022","Census Tract 650.22; Brevard County; Florida","83319","14972",
"1400000US12009065023","Census Tract 650.23; Brevard County; Florida","74695","14173",
"1400000US12009065024","Census Tract 650.24; Brevard County; Florida","110052","35868",
"1400000US12009065025","Census Tract 650.25; Brevard County; Florida","65763","20568",
"1400000US12009065123","Census Tract 651.23; Brevard County; Florida","53418","21519",
"1400000US12009065124","Census Tract 651.24; Brevard County; Florida","39000","11706",
"1400000US12009065126","Census Tract 651.26; Brevard County; Florida","53604","18706",
"1400000US12009065127","Census Tract 651.27; Brevard County; Florida","87754","19351",
"1400000US12009065128","Census Tract 651.28; Brevard County; Florida","32196","2422",
"1400000US12009065129","Census Tract 651.29; Brevard County; Florida","67909","9320",
"1400000US12009065130","Census Tract 651.30; Brevard County; Florida","67083","6855",
"1400000US12009065131","Census Tract 651.31; Brevard County; Florida","65982","17867",
"1400000US12009065201","Census Tract 652.01; Brevard County; Florida","57529","7030",
"1400000US12009065202","Census Tract 652.02; Brevard County; Florida","65810","17498",
"1400000US12009065231","Census Tract 652.31; Brevard County; Florida","120744","23413",
"1400000US12009065236","Census Tract 652.36; Brevard County; Florida","105000","18551",
"1400000US12009065237","Census Tract 652.37; Brevard County; Florida","45813","14025",
"1400000US12009065238","Census Tract 652.38; Brevard County; Florida","124250","84100",
"1400000US12009065239","Census Tract 652.39; Brevard County; Florida","46331","4116",
"1400000US12009065240","Census Tract 652.40; Brevard County; Florida","41250","13221",
"1400000US12009066101","Census Tract 661.01; Brevard County; Florida","95152","15775",
"1400000US12009066103","Census Tract 661.03; Brevard County; Florida","67438","48117",
"1400000US12009066104","Census Tract 661.04; Brevard County; Florida","123146","26940",
"1400000US12009066200","Census Tract 662; Brevard County; Florida","103462","32879",
"1400000US12009066301","Census Tract 663.01; Brevard County; Florida","109103","14866",
"1400000US12009066302","Census Tract 663.02; Brevard County; Florida","100102","23837",
"1400000US12009066400","Census Tract 664; Brevard County; Florida","78007","20299",
"1400000US12009066500","Census Tract 665; Brevard County; Florida","113409","23868",
"1400000US12009066600","Census Tract 666; Brevard County; Florida","131500","13222",
"1400000US12009066700","Census Tract 667; Brevard County; Florida","101438","5692",
"1400000US12009066800","Census Tract 668; Brevard County; Florida","130278","14470",
"1400000US12009066900","Census Tract 669; Brevard County; Florida","85480","11594",
"1400000US12009067100","Census Tract 671; Brevard County; Florida","76250","26404",
"1400000US12009068101","Census Tract 681.01; Brevard County; Florida","87311","11901",
"1400000US12009068102","Census Tract 681.02; Brevard County; Florida","135357","48831",
"1400000US12009068400","Census Tract 684; Brevard County; Florida","105308","37835",
"1400000US12009068501","Census Tract 685.01; Brevard County; Florida","58869","12224",
"1400000US12009068502","Census Tract 685.02; Brevard County; Florida","58000","36193",
"1400000US12009068601","Census Tract 686.01; Brevard County; Florida","65227","23168",
"1400000US12009068603","Census Tract 686.03; Brevard County; Florida","54561","13597",
"1400000US12009068604","Census Tract 686.04; Brevard County; Florida","79426","12396",
"1400000US12009069100","Census Tract 691; Brevard County; Florida","104695","12626",
"1400000US12009069200","Census Tract 692; Brevard County; Florida","65901","7856",
"1400000US12009069300","Census Tract 693; Brevard County; Florida","91927","33497",
"1400000US12009069400","Census Tract 694; Brevard County; Florida","134556","30180",
"1400000US12009069700","Census Tract 697; Brevard County; Florida","74025","8499",
"1400000US12009069801","Census Tract 698.01; Brevard County; Florida","129327","23255",
"1400000US12009069802","Census Tract 698.02; Brevard County; Florida","69452","10703",
"1400000US12009069903","Census Tract 699.03; Brevard County; Florida","100625","32978",
"1400000US12009069904","Census Tract 699.04; Brevard County; Florida","106458","38339",
"1400000US12009069905","Census Tract 699.05; Brevard County; Florida","-","**",
"1400000US12009069906","Census Tract 699.06; Brevard County; Florida","29933","18810",
"1400000US12009069907","Census Tract 699.07; Brevard County; Florida","79464","20259",
"1400000US12009071100","Census Tract 711; Brevard County; Florida","92045","19648",
"1400000US12009071201","Census Tract 712.01; Brevard County; Florida","84597","11272",
"1400000US12009071202","Census Tract 712.02; Brevard County; Florida","122589","67022",
"1400000US12009071203","Census Tract 712.03; Brevard County; Florida","105692","10939",
"1400000US12009071204","Census Tract 712.04; Brevard County; Florida","53819","769",
"1400000US12009071205","Census Tract 712.05; Brevard County; Florida","150795","12791",
"1400000US12009071335","Census Tract 713.35; Brevard County; Florida","90833","17267",
"1400000US12009071337","Census Tract 713.37; Brevard County; Florida","88326","13980",
"1400000US12009071339","Census Tract 713.39; Brevard County; Florida","79819","17736",
"1400000US12009071341","Census Tract 713.41; Brevard County; Florida","76576","14132",
"1400000US12009071342","Census Tract 713.42; Brevard County; Florida","63594","16151",
"1400000US12009071343","Census Tract 713.43; Brevard County; Florida","82212","12484",
"1400000US12009071344","Census Tract 713.44; Brevard County; Florida","72847","13227",
"1400000US12009071345","Census Tract 713.45; Brevard County; Florida","69574","14002",
"1400000US12009071346","Census Tract 713.46; Brevard County; Florida","94213","14581",
"1400000US12009071347","Census Tract 713.47; Brevard County; Florida","72336","13570",
"1400000US12009071348","Census Tract 713.48; Brevard County; Florida","84050","24024",
"1400000US12009071349","Census Tract 713.49; Brevard County; Florida","72935","17102",
"1400000US12009071350","Census Tract 713.50; Brevard County; Florida","74557","11565",
"1400000US12009071351","Census Tract 713.51; Brevard County; Florida","48125","26194",
"1400000US12009071352","Census Tract 713.52; Brevard County; Florida","74768","6350",
"1400000US12009071353","Census Tract 713.53; Brevard County; Florida","147306","10319",
"1400000US12009071354","Census Tract 713.54; Brevard County; Florida","141331","20938",
"1400000US12009071401","Census Tract 714.01; Brevard County; Florida","73846","8311",
"1400000US12009071402","Census Tract 714.02; Brevard County; Florida","46750","9475",
"1400000US12009071500","Census Tract 715; Brevard County; Florida","71442","18835",
"1400000US12009071601","Census Tract 716.01; Brevard County; Florida","74784","9502",
"1400000US12009071602","Census Tract 716.02; Brevard County; Florida","70000","20017",
"1400000US12009071700","Census Tract 717; Brevard County; Florida","82865","12778",
"1400000US12009980000","Census Tract 9800; Brevard County; Florida","-","**",
"1400000US12009980100","Census Tract 9801; Brevard County; Florida","-","**",
"1400000US12009990000","Census Tract 9900; Brevard County; Florida","-","**",
"1400000US12011010102","Census Tract 101.02; Broward County; Florida","89018","30902",
"1400000US12011010103","Census Tract 101.03; Broward County; Florida","76063","20246",
"1400000US12011010104","Census Tract 101.04; Broward County; Florida","65577","15596",
"1400000US12011010201","Census Tract 102.01; Broward County; Florida","78420","20622",
"1400000US12011010202","Census Tract 102.02; Broward County; Florida","52019","27480",
"1400000US12011010304","Census Tract 103.04; Broward County; Florida","42102","20895",
"1400000US12011010305","Census Tract 103.05; Broward County; Florida","40111","9642",
"1400000US12011010306","Census Tract 103.06; Broward County; Florida","61324","27461",
"1400000US12011010307","Census Tract 103.07; Broward County; Florida","40648","19849",
"1400000US12011010308","Census Tract 103.08; Broward County; Florida","79725","41702",
"1400000US12011010401","Census Tract 104.01; Broward County; Florida","107431","15701",
"1400000US12011010402","Census Tract 104.02; Broward County; Florida","40435","4950",
"1400000US12011010403","Census Tract 104.03; Broward County; Florida","28262","5072",
"1400000US12011010405","Census Tract 104.05; Broward County; Florida","80823","11257",
"1400000US12011010406","Census Tract 104.06; Broward County; Florida","88196","14105",
"1400000US12011010407","Census Tract 104.07; Broward County; Florida","54412","16121",
"1400000US12011010502","Census Tract 105.02; Broward County; Florida","99707","15305",
"1400000US12011010503","Census Tract 105.03; Broward County; Florida","225795","29542",
"1400000US12011010504","Census Tract 105.04; Broward County; Florida","133085","6395",
"1400000US12011010601","Census Tract 106.01; Broward County; Florida","165443","24309",
"1400000US12011010603","Census Tract 106.03; Broward County; Florida","120433","21666",
"1400000US12011010604","Census Tract 106.04; Broward County; Florida","103314","20449",
"1400000US12011010605","Census Tract 106.05; Broward County; Florida","172363","18467",
"1400000US12011010606","Census Tract 106.06; Broward County; Florida","99827","21257",
"1400000US12011010609","Census Tract 106.09; Broward County; Florida","101866","10989",
"1400000US12011010610","Census Tract 106.10; Broward County; Florida","65556","26057",
"1400000US12011010611","Census Tract 106.11; Broward County; Florida","151950","29820",
"1400000US12011010612","Census Tract 106.12; Broward County; Florida","152050","38587",
"1400000US12011010613","Census Tract 106.13; Broward County; Florida","88899","26984",
"1400000US12011010614","Census Tract 106.14; Broward County; Florida","91827","23435",
"1400000US12011010615","Census Tract 106.15; Broward County; Florida","117457","39525",
"1400000US12011010701","Census Tract 107.01; Broward County; Florida","58403","12850",
"1400000US12011010702","Census Tract 107.02; Broward County; Florida","59012","16339",
"1400000US12011010800","Census Tract 108; Broward County; Florida","71482","6825",
"1400000US12011010901","Census Tract 109.01; Broward County; Florida","91563","17494",
"1400000US12011010902","Census Tract 109.02; Broward County; Florida","80982","38681",
"1400000US12011011000","Census Tract 110; Broward County; Florida","94432","28213",
"1400000US12011020101","Census Tract 201.01; Broward County; Florida","65730","18161",
"1400000US12011020103","Census Tract 201.03; Broward County; Florida","61454","10960",
"1400000US12011020104","Census Tract 201.04; Broward County; Florida","61353","5154",
"1400000US12011020204","Census Tract 202.04; Broward County; Florida","78926","13818",
"1400000US12011020205","Census Tract 202.05; Broward County; Florida","73487","26329",
"1400000US12011020206","Census Tract 202.06; Broward County; Florida","73693","25215",
"1400000US12011020209","Census Tract 202.09; Broward County; Florida","57250","18046",
"1400000US12011020210","Census Tract 202.10; Broward County; Florida","76429","39230",
"1400000US12011020211","Census Tract 202.11; Broward County; Florida","57008","19422",
"1400000US12011020212","Census Tract 202.12; Broward County; Florida","50778","10888",
"1400000US12011020213","Census Tract 202.13; Broward County; Florida","53747","2660",
"1400000US12011020214","Census Tract 202.14; Broward County; Florida","96410","16926",
"1400000US12011020302","Census Tract 203.02; Broward County; Florida","61938","5657",
"1400000US12011020308","Census Tract 203.08; Broward County; Florida","53935","22488",
"1400000US12011020309","Census Tract 203.09; Broward County; Florida","98446","30379",
"1400000US12011020311","Census Tract 203.11; Broward County; Florida","78480","14874",
"1400000US12011020312","Census Tract 203.12; Broward County; Florida","87019","9565",
"1400000US12011020313","Census Tract 203.13; Broward County; Florida","67377","25258",
"1400000US12011020314","Census Tract 203.14; Broward County; Florida","74205","17441",
"1400000US12011020315","Census Tract 203.15; Broward County; Florida","127664","24766",
"1400000US12011020316","Census Tract 203.16; Broward County; Florida","78731","7914",
"1400000US12011020317","Census Tract 203.17; Broward County; Florida","111151","20301",
"1400000US12011020318","Census Tract 203.18; Broward County; Florida","135200","35742",
"1400000US12011020319","Census Tract 203.19; Broward County; Florida","100682","25515",
"1400000US12011020320","Census Tract 203.20; Broward County; Florida","74960","15489",
"1400000US12011020321","Census Tract 203.21; Broward County; Florida","116548","55451",
"1400000US12011020322","Census Tract 203.22; Broward County; Florida","116196","15180",
"1400000US12011020323","Census Tract 203.23; Broward County; Florida","74293","21662",
"1400000US12011020324","Census Tract 203.24; Broward County; Florida","55368","16126",
"1400000US12011020325","Census Tract 203.25; Broward County; Florida","85628","8958",
"1400000US12011020326","Census Tract 203.26; Broward County; Florida","85119","12138",
"1400000US12011020404","Census Tract 204.04; Broward County; Florida","81207","7039",
"1400000US12011020405","Census Tract 204.05; Broward County; Florida","60056","26352",
"1400000US12011020406","Census Tract 204.06; Broward County; Florida","75986","18548",
"1400000US12011020407","Census Tract 204.07; Broward County; Florida","80319","23045",
"1400000US12011020412","Census Tract 204.12; Broward County; Florida","43514","8346",
"1400000US12011020414","Census Tract 204.14; Broward County; Florida","62379","23682",
"1400000US12011020415","Census Tract 204.15; Broward County; Florida","73531","10889",
"1400000US12011020416","Census Tract 204.16; Broward County; Florida","82456","29189",
"1400000US12011020417","Census Tract 204.17; Broward County; Florida","43098","10324",
"1400000US12011020418","Census Tract 204.18; Broward County; Florida","84228","14047",
"1400000US12011020419","Census Tract 204.19; Broward County; Florida","81005","18981",
"1400000US12011020420","Census Tract 204.20; Broward County; Florida","95038","45531",
"1400000US12011020421","Census Tract 204.21; Broward County; Florida","84632","18988",
"1400000US12011020501","Census Tract 205.01; Broward County; Florida","80462","23134",
"1400000US12011020502","Census Tract 205.02; Broward County; Florida","53304","15352",
"1400000US12011030100","Census Tract 301; Broward County; Florida","100281","30484",
"1400000US12011030201","Census Tract 302.01; Broward County; Florida","60815","10750",
"1400000US12011030202","Census Tract 302.02; Broward County; Florida","56645","10310",
"1400000US12011030203","Census Tract 302.03; Broward County; Florida","76346","14067",
"1400000US12011030301","Census Tract 303.01; Broward County; Florida","51361","18784",
"1400000US12011030302","Census Tract 303.02; Broward County; Florida","73438","14393",
"1400000US12011030401","Census Tract 304.01; Broward County; Florida","72875","19679",
"1400000US12011030402","Census Tract 304.02; Broward County; Florida","26781","6132",
"1400000US12011030500","Census Tract 305; Broward County; Florida","45869","4948",
"1400000US12011030601","Census Tract 306.01; Broward County; Florida","52948","10575",
"1400000US12011030602","Census Tract 306.02; Broward County; Florida","52197","13906",
"1400000US12011030702","Census Tract 307.02; Broward County; Florida","79028","33732",
"1400000US12011030703","Census Tract 307.03; Broward County; Florida","56357","6962",
"1400000US12011030704","Census Tract 307.04; Broward County; Florida","63742","4931",
"1400000US12011030705","Census Tract 307.05; Broward County; Florida","44894","17313",
"1400000US12011030803","Census Tract 308.03; Broward County; Florida","47817","12696",
"1400000US12011030804","Census Tract 308.04; Broward County; Florida","55192","25297",
"1400000US12011030805","Census Tract 308.05; Broward County; Florida","59078","6503",
"1400000US12011030806","Census Tract 308.06; Broward County; Florida","58337","8732",
"1400000US12011030902","Census Tract 309.02; Broward County; Florida","86955","13844",
"1400000US12011030903","Census Tract 309.03; Broward County; Florida","81892","20631",
"1400000US12011030904","Census Tract 309.04; Broward County; Florida","97125","11636",
"1400000US12011031001","Census Tract 310.01; Broward County; Florida","61030","17310",
"1400000US12011031002","Census Tract 310.02; Broward County; Florida","85332","7802",
"1400000US12011031101","Census Tract 311.01; Broward County; Florida","66563","15734",
"1400000US12011031102","Census Tract 311.02; Broward County; Florida","67217","22313",
"1400000US12011031203","Census Tract 312.03; Broward County; Florida","81016","14377",
"1400000US12011031204","Census Tract 312.04; Broward County; Florida","66818","25970",
"1400000US12011031205","Census Tract 312.05; Broward County; Florida","88274","16786",
"1400000US12011031206","Census Tract 312.06; Broward County; Florida","96618","21149",
"1400000US12011031207","Census Tract 312.07; Broward County; Florida","85270","24784",
"1400000US12011040101","Census Tract 401.01; Broward County; Florida","57266","21172",
"1400000US12011040102","Census Tract 401.02; Broward County; Florida","86786","26987",
"1400000US12011040203","Census Tract 402.03; Broward County; Florida","67198","26334",
"1400000US12011040204","Census Tract 402.04; Broward County; Florida","75525","33823",
"1400000US12011040205","Census Tract 402.05; Broward County; Florida","123420","21324",
"1400000US12011040206","Census Tract 402.06; Broward County; Florida","103625","31595",
"1400000US12011040300","Census Tract 403; Broward County; Florida","69821","14238",
"1400000US12011040401","Census Tract 404.01; Broward County; Florida","95817","19028",
"1400000US12011040402","Census Tract 404.02; Broward County; Florida","125761","47608",
"1400000US12011040502","Census Tract 405.02; Broward County; Florida","111791","27603",
"1400000US12011040503","Census Tract 405.03; Broward County; Florida","69821","12116",
"1400000US12011040505","Census Tract 405.05; Broward County; Florida","105551","32332",
"1400000US12011040506","Census Tract 405.06; Broward County; Florida","90000","15771",
"1400000US12011040601","Census Tract 406.01; Broward County; Florida","117179","71131",
"1400000US12011040602","Census Tract 406.02; Broward County; Florida","110234","45018",
"1400000US12011040701","Census Tract 407.01; Broward County; Florida","111765","36866",
"1400000US12011040702","Census Tract 407.02; Broward County; Florida","105938","57732",
"1400000US12011040801","Census Tract 408.01; Broward County; Florida","67245","4907",
"1400000US12011040802","Census Tract 408.02; Broward County; Florida","70869","16460",
"1400000US12011040901","Census Tract 409.01; Broward County; Florida","56927","13366",
"1400000US12011040902","Census Tract 409.02; Broward County; Florida","59816","14822",
"1400000US12011041000","Census Tract 410; Broward County; Florida","61550","10965",
"1400000US12011041100","Census Tract 411; Broward County; Florida","48574","6474",
"1400000US12011041200","Census Tract 412; Broward County; Florida","48315","10673",
"1400000US12011041300","Census Tract 413; Broward County; Florida","63829","6262",
"1400000US12011041400","Census Tract 414; Broward County; Florida","36700","8200",
"1400000US12011041500","Census Tract 415; Broward County; Florida","25389","3181",
"1400000US12011041601","Census Tract 416.01; Broward County; Florida","37340","19278",
"1400000US12011041602","Census Tract 416.02; Broward County; Florida","43361","15615",
"1400000US12011041700","Census Tract 417; Broward County; Florida","47793","3139",
"1400000US12011041801","Census Tract 418.01; Broward County; Florida","159375","81778",
"1400000US12011041802","Census Tract 418.02; Broward County; Florida","80314","37135",
"1400000US12011041900","Census Tract 419; Broward County; Florida","128433","32010",
"1400000US12011042000","Census Tract 420; Broward County; Florida","179896","67084",
"1400000US12011042100","Census Tract 421; Broward County; Florida","92697","47306",
"1400000US12011042200","Census Tract 422; Broward County; Florida","104648","44477",
"1400000US12011042301","Census Tract 423.01; Broward County; Florida","98368","45684",
"1400000US12011042302","Census Tract 423.02; Broward County; Florida","91409","19450",
"1400000US12011042400","Census Tract 424; Broward County; Florida","159732","91125",
"1400000US12011042501","Census Tract 425.01; Broward County; Florida","106522","16576",
"1400000US12011042502","Census Tract 425.02; Broward County; Florida","131700","17668",
"1400000US12011042601","Census Tract 426.01; Broward County; Florida","122500","32463",
"1400000US12011042602","Census Tract 426.02; Broward County; Florida","70481","37105",
"1400000US12011042700","Census Tract 427; Broward County; Florida","51638","18785",
"1400000US12011042801","Census Tract 428.01; Broward County; Florida","73867","18392",
"1400000US12011042802","Census Tract 428.02; Broward County; Florida","75250","25260",
"1400000US12011042900","Census Tract 429; Broward County; Florida","67952","33345",
"1400000US12011043001","Census Tract 430.01; Broward County; Florida","149833","21613",
"1400000US12011043002","Census Tract 430.02; Broward County; Florida","70444","10168",
"1400000US12011043100","Census Tract 431; Broward County; Florida","106524","18659",
"1400000US12011043301","Census Tract 433.01; Broward County; Florida","108778","24732",
"1400000US12011043302","Census Tract 433.02; Broward County; Florida","78750","20092",
"1400000US12011050100","Census Tract 501; Broward County; Florida","61346","16062",
"1400000US12011050204","Census Tract 502.04; Broward County; Florida","82991","40808",
"1400000US12011050205","Census Tract 502.05; Broward County; Florida","75595","16807",
"1400000US12011050206","Census Tract 502.06; Broward County; Florida","90089","25944",
"1400000US12011050207","Census Tract 502.07; Broward County; Florida","73359","12682",
"1400000US12011050208","Census Tract 502.08; Broward County; Florida","81185","12269",
"1400000US12011050301","Census Tract 503.01; Broward County; Florida","63224","21670",
"1400000US12011050306","Census Tract 503.06; Broward County; Florida","52574","17999",
"1400000US12011050308","Census Tract 503.08; Broward County; Florida","53059","11303",
"1400000US12011050309","Census Tract 503.09; Broward County; Florida","40791","9559",
"1400000US12011050311","Census Tract 503.11; Broward County; Florida","39418","15548",
"1400000US12011050312","Census Tract 503.12; Broward County; Florida","40337","4480",
"1400000US12011050313","Census Tract 503.13; Broward County; Florida","35227","18765",
"1400000US12011050314","Census Tract 503.14; Broward County; Florida","52324","15404",
"1400000US12011050315","Census Tract 503.15; Broward County; Florida","79877","25528",
"1400000US12011050316","Census Tract 503.16; Broward County; Florida","60573","19724",
"1400000US12011050401","Census Tract 504.01; Broward County; Florida","80514","16168",
"1400000US12011050402","Census Tract 504.02; Broward County; Florida","81297","17872",
"1400000US12011050501","Census Tract 505.01; Broward County; Florida","83243","16335",
"1400000US12011050502","Census Tract 505.02; Broward County; Florida","70988","17015",
"1400000US12011050601","Census Tract 506.01; Broward County; Florida","102917","20819",
"1400000US12011050602","Census Tract 506.02; Broward County; Florida","75274","19142",
"1400000US12011050701","Census Tract 507.01; Broward County; Florida","64107","8375",
"1400000US12011050702","Census Tract 507.02; Broward County; Florida","62830","9224",
"1400000US12011050800","Census Tract 508; Broward County; Florida","62554","23375",
"1400000US12011050900","Census Tract 509; Broward County; Florida","85441","28003",
"1400000US12011051001","Census Tract 510.01; Broward County; Florida","72284","27652",
"1400000US12011051002","Census Tract 510.02; Broward County; Florida","93375","33938",
"1400000US12011060105","Census Tract 601.05; Broward County; Florida","51123","8491",
"1400000US12011060107","Census Tract 601.07; Broward County; Florida","53716","8410",
"1400000US12011060109","Census Tract 601.09; Broward County; Florida","107820","17188",
"1400000US12011060111","Census Tract 601.11; Broward County; Florida","65800","11075",
"1400000US12011060113","Census Tract 601.13; Broward County; Florida","91643","18563",
"1400000US12011060114","Census Tract 601.14; Broward County; Florida","79819","31253",
"1400000US12011060115","Census Tract 601.15; Broward County; Florida","80672","11999",
"1400000US12011060116","Census Tract 601.16; Broward County; Florida","92396","19704",
"1400000US12011060117","Census Tract 601.17; Broward County; Florida","53532","9896",
"1400000US12011060118","Census Tract 601.18; Broward County; Florida","111792","11639",
"1400000US12011060119","Census Tract 601.19; Broward County; Florida","121771","34373",
"1400000US12011060120","Census Tract 601.20; Broward County; Florida","107073","11656",
"1400000US12011060121","Census Tract 601.21; Broward County; Florida","146703","35840",
"1400000US12011060122","Census Tract 601.22; Broward County; Florida","101950","30699",
"1400000US12011060123","Census Tract 601.23; Broward County; Florida","65526","21172",
"1400000US12011060124","Census Tract 601.24; Broward County; Florida","48946","2637",
"1400000US12011060125","Census Tract 601.25; Broward County; Florida","87357","10227",
"1400000US12011060126","Census Tract 601.26; Broward County; Florida","101500","36343",
"1400000US12011060127","Census Tract 601.27; Broward County; Florida","61023","23571",
"1400000US12011060128","Census Tract 601.28; Broward County; Florida","43026","12863",
"1400000US12011060129","Census Tract 601.29; Broward County; Florida","67305","40154",
"1400000US12011060130","Census Tract 601.30; Broward County; Florida","48523","6422",
"1400000US12011060203","Census Tract 602.03; Broward County; Florida","58300","10971",
"1400000US12011060206","Census Tract 602.06; Broward County; Florida","69116","36585",
"1400000US12011060207","Census Tract 602.07; Broward County; Florida","46537","19750",
"1400000US12011060208","Census Tract 602.08; Broward County; Florida","57625","21182",
"1400000US12011060209","Census Tract 602.09; Broward County; Florida","79181","24897",
"1400000US12011060210","Census Tract 602.10; Broward County; Florida","115463","18394",
"1400000US12011060211","Census Tract 602.11; Broward County; Florida","68859","19463",
"1400000US12011060212","Census Tract 602.12; Broward County; Florida","116211","33018",
"1400000US12011060214","Census Tract 602.14; Broward County; Florida","26717","5625",
"1400000US12011060215","Census Tract 602.15; Broward County; Florida","25166","13776",
"1400000US12011060302","Census Tract 603.02; Broward County; Florida","46853","8872",
"1400000US12011060303","Census Tract 603.03; Broward County; Florida","36066","9109",
"1400000US12011060304","Census Tract 603.04; Broward County; Florida","37667","8356",
"1400000US12011060305","Census Tract 603.05; Broward County; Florida","54310","10452",
"1400000US12011060306","Census Tract 603.06; Broward County; Florida","44205","10139",
"1400000US12011060401","Census Tract 604.01; Broward County; Florida","46927","16304",
"1400000US12011060402","Census Tract 604.02; Broward County; Florida","44140","4601",
"1400000US12011060404","Census Tract 604.04; Broward County; Florida","45065","2033",
"1400000US12011060405","Census Tract 604.05; Broward County; Florida","35938","21717",
"1400000US12011060501","Census Tract 605.01; Broward County; Florida","54868","20050",
"1400000US12011060503","Census Tract 605.03; Broward County; Florida","132568","22846",
"1400000US12011060504","Census Tract 605.04; Broward County; Florida","132361","35399",
"1400000US12011060505","Census Tract 605.05; Broward County; Florida","59198","10848",
"1400000US12011060603","Census Tract 606.03; Broward County; Florida","76528","26427",
"1400000US12011060605","Census Tract 606.05; Broward County; Florida","97911","18980",
"1400000US12011060606","Census Tract 606.06; Broward County; Florida","57044","17961",
"1400000US12011060607","Census Tract 606.07; Broward County; Florida","138274","33685",
"1400000US12011060608","Census Tract 606.08; Broward County; Florida","73663","20505",
"1400000US12011060609","Census Tract 606.09; Broward County; Florida","101352","18306",
"1400000US12011060700","Census Tract 607; Broward County; Florida","105227","13410",
"1400000US12011060801","Census Tract 608.01; Broward County; Florida","70625","8493",
"1400000US12011060802","Census Tract 608.02; Broward County; Florida","73929","15785",
"1400000US12011060900","Census Tract 609; Broward County; Florida","116296","18956",
"1400000US12011061001","Census Tract 610.01; Broward County; Florida","150948","19214",
"1400000US12011061003","Census Tract 610.03; Broward County; Florida","142500","29552",
"1400000US12011061004","Census Tract 610.04; Broward County; Florida","92275","12726",
"1400000US12011061100","Census Tract 611; Broward County; Florida","79583","21154",
"1400000US12011070102","Census Tract 701.02; Broward County; Florida","92440","31806",
"1400000US12011070103","Census Tract 701.03; Broward County; Florida","74301","43062",
"1400000US12011070104","Census Tract 701.04; Broward County; Florida","50078","20555",
"1400000US12011070204","Census Tract 702.04; Broward County; Florida","66250","12876",
"1400000US12011070205","Census Tract 702.05; Broward County; Florida","94063","27673",
"1400000US12011070208","Census Tract 702.08; Broward County; Florida","143399","29077",
"1400000US12011070209","Census Tract 702.09; Broward County; Florida","138611","27030",
"1400000US12011070210","Census Tract 702.10; Broward County; Florida","71031","12060",
"1400000US12011070211","Census Tract 702.11; Broward County; Florida","98323","27690",
"1400000US12011070212","Census Tract 702.12; Broward County; Florida","71556","6589",
"1400000US12011070213","Census Tract 702.13; Broward County; Florida","59080","4445",
"1400000US12011070304","Census Tract 703.04; Broward County; Florida","121507","13209",
"1400000US12011070306","Census Tract 703.06; Broward County; Florida","145683","15016",
"1400000US12011070310","Census Tract 703.10; Broward County; Florida","115250","26360",
"1400000US12011070311","Census Tract 703.11; Broward County; Florida","132210","16558",
"1400000US12011070312","Census Tract 703.12; Broward County; Florida","152286","38270",
"1400000US12011070314","Census Tract 703.14; Broward County; Florida","169219","24786",
"1400000US12011070315","Census Tract 703.15; Broward County; Florida","165592","21631",
"1400000US12011070316","Census Tract 703.16; Broward County; Florida","137188","18125",
"1400000US12011070318","Census Tract 703.18; Broward County; Florida","194167","25556",
"1400000US12011070319","Census Tract 703.19; Broward County; Florida","188355","15395",
"1400000US12011070320","Census Tract 703.20; Broward County; Florida","155000","23368",
"1400000US12011070321","Census Tract 703.21; Broward County; Florida","103871","30513",
"1400000US12011070323","Census Tract 703.23; Broward County; Florida","98098","41350",
"1400000US12011070324","Census Tract 703.24; Broward County; Florida","69741","17868",
"1400000US12011070325","Census Tract 703.25; Broward County; Florida","108951","32052",
"1400000US12011070326","Census Tract 703.26; Broward County; Florida","185625","75568",
"1400000US12011070327","Census Tract 703.27; Broward County; Florida","89784","14113",
"1400000US12011070328","Census Tract 703.28; Broward County; Florida","84375","8806",
"1400000US12011070329","Census Tract 703.29; Broward County; Florida","165577","84393",
"1400000US12011070330","Census Tract 703.30; Broward County; Florida","213894","21512",
"1400000US12011070331","Census Tract 703.31; Broward County; Florida","145966","35660",
"1400000US12011070401","Census Tract 704.01; Broward County; Florida","122013","20466",
"1400000US12011070402","Census Tract 704.02; Broward County; Florida","174375","27334",
"1400000US12011070403","Census Tract 704.03; Broward County; Florida","115938","14801",
"1400000US12011070404","Census Tract 704.04; Broward County; Florida","142065","17520",
"1400000US12011070405","Census Tract 704.05; Broward County; Florida","124485","9212",
"1400000US12011070501","Census Tract 705.01; Broward County; Florida","138438","46597",
"1400000US12011070503","Census Tract 705.03; Broward County; Florida","98312","14418",
"1400000US12011070504","Census Tract 705.04; Broward County; Florida","41206","14580",
"1400000US12011070601","Census Tract 706.01; Broward County; Florida","67765","19379",
"1400000US12011070602","Census Tract 706.02; Broward County; Florida","77083","17767",
"1400000US12011080102","Census Tract 801.02; Broward County; Florida","50180","5000",
"1400000US12011080103","Census Tract 801.03; Broward County; Florida","69236","9153",
"1400000US12011080104","Census Tract 801.04; Broward County; Florida","75141","9445",
"1400000US12011080105","Census Tract 801.05; Broward County; Florida","66528","48460",
"1400000US12011080200","Census Tract 802; Broward County; Florida","80478","20295",
"1400000US12011080402","Census Tract 804.02; Broward County; Florida","59875","30579",
"1400000US12011080403","Census Tract 804.03; Broward County; Florida","61607","14260",
"1400000US12011080405","Census Tract 804.05; Broward County; Florida","56034","11094",
"1400000US12011080406","Census Tract 804.06; Broward County; Florida","66625","31558",
"1400000US12011080500","Census Tract 805; Broward County; Florida","39801","11340",
"1400000US12011090102","Census Tract 901.02; Broward County; Florida","106250","41460",
"1400000US12011090103","Census Tract 901.03; Broward County; Florida","92683","20143",
"1400000US12011090104","Census Tract 901.04; Broward County; Florida","68043","36001",
"1400000US12011090200","Census Tract 902; Broward County; Florida","109265","17186",
"1400000US12011090301","Census Tract 903.01; Broward County; Florida","53750","10912",
"1400000US12011090303","Census Tract 903.03; Broward County; Florida","31846","11552",
"1400000US12011090304","Census Tract 903.04; Broward County; Florida","65625","9955",
"1400000US12011090401","Census Tract 904.01; Broward County; Florida","70305","31835",
"1400000US12011090403","Census Tract 904.03; Broward County; Florida","49662","9854",
"1400000US12011090404","Census Tract 904.04; Broward County; Florida","53450","29328",
"1400000US12011090502","Census Tract 905.02; Broward County; Florida","121168","28513",
"1400000US12011090503","Census Tract 905.03; Broward County; Florida","97663","46946",
"1400000US12011090504","Census Tract 905.04; Broward County; Florida","53933","18396",
"1400000US12011090601","Census Tract 906.01; Broward County; Florida","79722","27230",
"1400000US12011090602","Census Tract 906.02; Broward County; Florida","85964","20280",
"1400000US12011090700","Census Tract 907; Broward County; Florida","115833","18122",
"1400000US12011090801","Census Tract 908.01; Broward County; Florida","76250","19371",
"1400000US12011090802","Census Tract 908.02; Broward County; Florida","56289","13676",
"1400000US12011090900","Census Tract 909; Broward County; Florida","125545","21028",
"1400000US12011091000","Census Tract 910; Broward County; Florida","96857","11844",
"1400000US12011091100","Census Tract 911; Broward County; Florida","51681","9531",
"1400000US12011091201","Census Tract 912.01; Broward County; Florida","67464","24508",
"1400000US12011091202","Census Tract 912.02; Broward County; Florida","69161","10437",
"1400000US12011091300","Census Tract 913; Broward County; Florida","77904","28790",
"1400000US12011091400","Census Tract 914; Broward County; Florida","60896","15959",
"1400000US12011091500","Census Tract 915; Broward County; Florida","76591","26688",
"1400000US12011091601","Census Tract 916.01; Broward County; Florida","47050","15517",
"1400000US12011091602","Census Tract 916.02; Broward County; Florida","54250","38003",
"1400000US12011091701","Census Tract 917.01; Broward County; Florida","72319","13848",
"1400000US12011091702","Census Tract 917.02; Broward County; Florida","56625","14647",
"1400000US12011091802","Census Tract 918.02; Broward County; Florida","72617","21001",
"1400000US12011091803","Census Tract 918.03; Broward County; Florida","45268","15275",
"1400000US12011091804","Census Tract 918.04; Broward County; Florida","62946","11080",
"1400000US12011091901","Census Tract 919.01; Broward County; Florida","76667","8032",
"1400000US12011091903","Census Tract 919.03; Broward County; Florida","46646","16846",
"1400000US12011091904","Census Tract 919.04; Broward County; Florida","60313","20372",
"1400000US12011092000","Census Tract 920; Broward County; Florida","103750","83160",
"1400000US12011100103","Census Tract 1001.03; Broward County; Florida","44859","20172",
"1400000US12011100104","Census Tract 1001.04; Broward County; Florida","49545","35309",
"1400000US12011100105","Census Tract 1001.05; Broward County; Florida","82150","18960",
"1400000US12011100106","Census Tract 1001.06; Broward County; Florida","49780","12863",
"1400000US12011100107","Census Tract 1001.07; Broward County; Florida","56648","17645",
"1400000US12011100108","Census Tract 1001.08; Broward County; Florida","88525","24369",
"1400000US12011100201","Census Tract 1002.01; Broward County; Florida","51856","11645",
"1400000US12011100203","Census Tract 1002.03; Broward County; Florida","45170","18094",
"1400000US12011100204","Census Tract 1002.04; Broward County; Florida","48457","15955",
"1400000US12011100301","Census Tract 1003.01; Broward County; Florida","87827","29854",
"1400000US12011100302","Census Tract 1003.02; Broward County; Florida","39738","16950",
"1400000US12011100400","Census Tract 1004; Broward County; Florida","39011","2521",
"1400000US12011100501","Census Tract 1005.01; Broward County; Florida","51188","26488",
"1400000US12011100502","Census Tract 1005.02; Broward County; Florida","47201","8168",
"1400000US12011100600","Census Tract 1006; Broward County; Florida","70459","18962",
"1400000US12011100700","Census Tract 1007; Broward County; Florida","47227","7145",
"1400000US12011100801","Census Tract 1008.01; Broward County; Florida","57165","24006",
"1400000US12011100803","Census Tract 1008.03; Broward County; Florida","89816","33165",
"1400000US12011100804","Census Tract 1008.04; Broward County; Florida","53558","6780",
"1400000US12011110100","Census Tract 1101; Broward County; Florida","107763","18814",
"1400000US12011110301","Census Tract 1103.01; Broward County; Florida","107207","29805",
"1400000US12011110303","Census Tract 1103.03; Broward County; Florida","160638","20648",
"1400000US12011110307","Census Tract 1103.07; Broward County; Florida","105750","25984",
"1400000US12011110308","Census Tract 1103.08; Broward County; Florida","84081","13909",
"1400000US12011110309","Census Tract 1103.09; Broward County; Florida","88238","14097",
"1400000US12011110311","Census Tract 1103.11; Broward County; Florida","80610","21247",
"1400000US12011110312","Census Tract 1103.12; Broward County; Florida","76748","9791",
"1400000US12011110313","Census Tract 1103.13; Broward County; Florida","71453","18022",
"1400000US12011110319","Census Tract 1103.19; Broward County; Florida","102669","9934",
"1400000US12011110321","Census Tract 1103.21; Broward County; Florida","125455","23840",
"1400000US12011110323","Census Tract 1103.23; Broward County; Florida","61582","16079",
"1400000US12011110326","Census Tract 1103.26; Broward County; Florida","137633","13648",
"1400000US12011110327","Census Tract 1103.27; Broward County; Florida","113996","17213",
"1400000US12011110328","Census Tract 1103.28; Broward County; Florida","118660","13574",
"1400000US12011110330","Census Tract 1103.30; Broward County; Florida","142181","38695",
"1400000US12011110332","Census Tract 1103.32; Broward County; Florida","118843","15562",
"1400000US12011110333","Census Tract 1103.33; Broward County; Florida","114021","10633",
"1400000US12011110334","Census Tract 1103.34; Broward County; Florida","29873","6094",
"1400000US12011110337","Census Tract 1103.37; Broward County; Florida","61740","4615",
"1400000US12011110338","Census Tract 1103.38; Broward County; Florida","66202","6343",
"1400000US12011110339","Census Tract 1103.39; Broward County; Florida","70244","7574",
"1400000US12011110341","Census Tract 1103.41; Broward County; Florida","56285","8172",
"1400000US12011110344","Census Tract 1103.44; Broward County; Florida","134703","22528",
"1400000US12011110345","Census Tract 1103.45; Broward County; Florida","129569","24120",
"1400000US12011110346","Census Tract 1103.46; Broward County; Florida","62833","17604",
"1400000US12011110347","Census Tract 1103.47; Broward County; Florida","144393","14907",
"1400000US12011110348","Census Tract 1103.48; Broward County; Florida","80279","16728",
"1400000US12011110349","Census Tract 1103.49; Broward County; Florida","79215","7406",
"1400000US12011110350","Census Tract 1103.50; Broward County; Florida","110455","25236",
"1400000US12011110351","Census Tract 1103.51; Broward County; Florida","47917","16228",
"1400000US12011110352","Census Tract 1103.52; Broward County; Florida","75875","9924",
"1400000US12011110353","Census Tract 1103.53; Broward County; Florida","72919","18465",
"1400000US12011110354","Census Tract 1103.54; Broward County; Florida","24065","11759",
"1400000US12011110355","Census Tract 1103.55; Broward County; Florida","30551","10695",
"1400000US12011110356","Census Tract 1103.56; Broward County; Florida","124375","20619",
"1400000US12011110357","Census Tract 1103.57; Broward County; Florida","137214","38714",
"1400000US12011110358","Census Tract 1103.58; Broward County; Florida","144196","33247",
"1400000US12011110359","Census Tract 1103.59; Broward County; Florida","158289","41800",
"1400000US12011110360","Census Tract 1103.60; Broward County; Florida","200670","48615",
"1400000US12011110361","Census Tract 1103.61; Broward County; Florida","156919","33134",
"1400000US12011110362","Census Tract 1103.62; Broward County; Florida","54758","32479",
"1400000US12011110363","Census Tract 1103.63; Broward County; Florida","137741","60131",
"1400000US12011110364","Census Tract 1103.64; Broward County; Florida","91357","15029",
"1400000US12011110365","Census Tract 1103.65; Broward County; Florida","101350","19095",
"1400000US12011110366","Census Tract 1103.66; Broward County; Florida","85529","6765",
"1400000US12011110367","Census Tract 1103.67; Broward County; Florida","57456","8713",
"1400000US12011110368","Census Tract 1103.68; Broward County; Florida","166989","39583",
"1400000US12011110402","Census Tract 1104.02; Broward County; Florida","107925","34934",
"1400000US12011110403","Census Tract 1104.03; Broward County; Florida","83906","5827",
"1400000US12011110404","Census Tract 1104.04; Broward County; Florida","82788","14893",
"1400000US12011110501","Census Tract 1105.01; Broward County; Florida","81705","7926",
"1400000US12011110502","Census Tract 1105.02; Broward County; Florida","82866","4927",
"1400000US12011110600","Census Tract 1106; Broward County; Florida","75000","26683",
"1400000US12011980000","Census Tract 9800; Broward County; Florida","-","**",
"1400000US12011990000","Census Tract 9900; Broward County; Florida","-","**",
"1400000US12013010100","Census Tract 101; Calhoun County; Florida","55406","19680",
"1400000US12013010200","Census Tract 102; Calhoun County; Florida","47813","7388",
"1400000US12013010301","Census Tract 103.01; Calhoun County; Florida","53086","9392",
"1400000US12013010302","Census Tract 103.02; Calhoun County; Florida","41045","8970",
"1400000US12015010100","Census Tract 101; Charlotte County; Florida","126087","16641",
"1400000US12015010200","Census Tract 102; Charlotte County; Florida","53314","6860",
"1400000US12015010301","Census Tract 103.01; Charlotte County; Florida","67831","11446",
"1400000US12015010302","Census Tract 103.02; Charlotte County; Florida","41136","10188",
"1400000US12015010401","Census Tract 104.01; Charlotte County; Florida","108978","5680",
"1400000US12015010402","Census Tract 104.02; Charlotte County; Florida","102159","43090",
"1400000US12015010405","Census Tract 104.05; Charlotte County; Florida","100685","14390",
"1400000US12015010503","Census Tract 105.03; Charlotte County; Florida","95685","25812",
"1400000US12015010504","Census Tract 105.04; Charlotte County; Florida","36195","4526",
"1400000US12015010505","Census Tract 105.05; Charlotte County; Florida","65927","16963",
"1400000US12015010506","Census Tract 105.06; Charlotte County; Florida","77228","10380",
"1400000US12015020101","Census Tract 201.01; Charlotte County; Florida","64902","7995",
"1400000US12015020103","Census Tract 201.03; Charlotte County; Florida","80618","8979",
"1400000US12015020104","Census Tract 201.04; Charlotte County; Florida","66389","12135",
"1400000US12015020203","Census Tract 202.03; Charlotte County; Florida","82566","10932",
"1400000US12015020204","Census Tract 202.04; Charlotte County; Florida","73365","12623",
"1400000US12015020205","Census Tract 202.05; Charlotte County; Florida","62717","10079",
"1400000US12015020206","Census Tract 202.06; Charlotte County; Florida","80364","16954",
"1400000US12015020301","Census Tract 203.01; Charlotte County; Florida","63646","5715",
"1400000US12015020302","Census Tract 203.02; Charlotte County; Florida","52648","13050",
"1400000US12015020303","Census Tract 203.03; Charlotte County; Florida","63449","10703",
"1400000US12015020401","Census Tract 204.01; Charlotte County; Florida","67143","20105",
"1400000US12015020402","Census Tract 204.02; Charlotte County; Florida","85068","12629",
"1400000US12015020501","Census Tract 205.01; Charlotte County; Florida","79779","21005",
"1400000US12015020502","Census Tract 205.02; Charlotte County; Florida","101463","19533",
"1400000US12015020601","Census Tract 206.01; Charlotte County; Florida","64375","11964",
"1400000US12015020602","Census Tract 206.02; Charlotte County; Florida","59668","16343",
"1400000US12015020700","Census Tract 207; Charlotte County; Florida","36145","5527",
"1400000US12015020800","Census Tract 208; Charlotte County; Florida","49931","7221",
"1400000US12015020900","Census Tract 209; Charlotte County; Florida","72080","3755",
"1400000US12015021001","Census Tract 210.01; Charlotte County; Florida","73250","13965",
"1400000US12015021002","Census Tract 210.02; Charlotte County; Florida","65129","11996",
"1400000US12015021003","Census Tract 210.03; Charlotte County; Florida","40316","6714",
"1400000US12015030101","Census Tract 301.01; Charlotte County; Florida","58229","19221",
"1400000US12015030102","Census Tract 301.02; Charlotte County; Florida","61053","12552",
"1400000US12015030201","Census Tract 302.01; Charlotte County; Florida","68750","14883",
"1400000US12015030202","Census Tract 302.02; Charlotte County; Florida","69022","18875",
"1400000US12015030301","Census Tract 303.01; Charlotte County; Florida","88523","37595",
"1400000US12015030302","Census Tract 303.02; Charlotte County; Florida","48530","8849",
"1400000US12015030401","Census Tract 304.01; Charlotte County; Florida","56250","12905",
"1400000US12015030402","Census Tract 304.02; Charlotte County; Florida","72941","33948",
"1400000US12015030501","Census Tract 305.01; Charlotte County; Florida","106689","18137",
"1400000US12015030504","Census Tract 305.04; Charlotte County; Florida","81904","19942",
"1400000US12015030505","Census Tract 305.05; Charlotte County; Florida","75547","22729",
"1400000US12015030506","Census Tract 305.06; Charlotte County; Florida","63239","7343",
"1400000US12015030507","Census Tract 305.07; Charlotte County; Florida","91506","21118",
"1400000US12015990000","Census Tract 9900; Charlotte County; Florida","-","**",
"1400000US12017450103","Census Tract 4501.03; Citrus County; Florida","55881","9115",
"1400000US12017450104","Census Tract 4501.04; Citrus County; Florida","86123","20725",
"1400000US12017450105","Census Tract 4501.05; Citrus County; Florida","34508","11606",
"1400000US12017450106","Census Tract 4501.06; Citrus County; Florida","51085","7874",
"1400000US12017450201","Census Tract 4502.01; Citrus County; Florida","38911","8814",
"1400000US12017450202","Census Tract 4502.02; Citrus County; Florida","48986","4368",
"1400000US12017450305","Census Tract 4503.05; Citrus County; Florida","51509","9048",
"1400000US12017450306","Census Tract 4503.06; Citrus County; Florida","44419","7068",
"1400000US12017450307","Census Tract 4503.07; Citrus County; Florida","83766","17296",
"1400000US12017450308","Census Tract 4503.08; Citrus County; Florida","94276","21181",
"1400000US12017450309","Census Tract 4503.09; Citrus County; Florida","73454","8097",
"1400000US12017450310","Census Tract 4503.10; Citrus County; Florida","57453","7631",
"1400000US12017450401","Census Tract 4504.01; Citrus County; Florida","49013","12188",
"1400000US12017450402","Census Tract 4504.02; Citrus County; Florida","49030","12683",
"1400000US12017450501","Census Tract 4505.01; Citrus County; Florida","62589","36935",
"1400000US12017450502","Census Tract 4505.02; Citrus County; Florida","49799","38548",
"1400000US12017450601","Census Tract 4506.01; Citrus County; Florida","55140","6662",
"1400000US12017450602","Census Tract 4506.02; Citrus County; Florida","53483","12742",
"1400000US12017450703","Census Tract 4507.03; Citrus County; Florida","81833","10958",
"1400000US12017450704","Census Tract 4507.04; Citrus County; Florida","53542","49512",
"1400000US12017450705","Census Tract 4507.05; Citrus County; Florida","85011","27042",
"1400000US12017450706","Census Tract 4507.06; Citrus County; Florida","53270","4978",
"1400000US12017450800","Census Tract 4508; Citrus County; Florida","38368","7345",
"1400000US12017450901","Census Tract 4509.01; Citrus County; Florida","49527","14896",
"1400000US12017450902","Census Tract 4509.02; Citrus County; Florida","49167","18573",
"1400000US12017451001","Census Tract 4510.01; Citrus County; Florida","43264","22207",
"1400000US12017451002","Census Tract 4510.02; Citrus County; Florida","50292","15402",
"1400000US12017451101","Census Tract 4511.01; Citrus County; Florida","62607","11231",
"1400000US12017451103","Census Tract 4511.03; Citrus County; Florida","52781","11397",
"1400000US12017451104","Census Tract 4511.04; Citrus County; Florida","54663","14103",
"1400000US12017451200","Census Tract 4512; Citrus County; Florida","48333","7497",
"1400000US12017451300","Census Tract 4513; Citrus County; Florida","67975","15957",
"1400000US12017451400","Census Tract 4514; Citrus County; Florida","64116","7507",
"1400000US12017451501","Census Tract 4515.01; Citrus County; Florida","57022","19296",
"1400000US12017451502","Census Tract 4515.02; Citrus County; Florida","50411","10589",
"1400000US12017451603","Census Tract 4516.03; Citrus County; Florida","77228","16416",
"1400000US12017451604","Census Tract 4516.04; Citrus County; Florida","73063","12029",
"1400000US12017451605","Census Tract 4516.05; Citrus County; Florida","31167","8748",
"1400000US12017451606","Census Tract 4516.06; Citrus County; Florida","66086","9007",
"1400000US12017451701","Census Tract 4517.01; Citrus County; Florida","61172","11269",
"1400000US12017451702","Census Tract 4517.02; Citrus County; Florida","31667","13561",
"1400000US12017990000","Census Tract 9900; Citrus County; Florida","-","**",
"1400000US12019030103","Census Tract 301.03; Clay County; Florida","51649","18205",
"1400000US12019030104","Census Tract 301.04; Clay County; Florida","98625","19932",
"1400000US12019030105","Census Tract 301.05; Clay County; Florida","56958","24347",
"1400000US12019030106","Census Tract 301.06; Clay County; Florida","72879","21963",
"1400000US12019030204","Census Tract 302.04; Clay County; Florida","98177","28738",
"1400000US12019030205","Census Tract 302.05; Clay County; Florida","113272","18369",
"1400000US12019030206","Census Tract 302.06; Clay County; Florida","103413","6714",
"1400000US12019030207","Census Tract 302.07; Clay County; Florida","90313","32534",
"1400000US12019030208","Census Tract 302.08; Clay County; Florida","105059","6225",
"1400000US12019030209","Census Tract 302.09; Clay County; Florida","83214","10930",
"1400000US12019030210","Census Tract 302.10; Clay County; Florida","97740","39360",
"1400000US12019030303","Census Tract 303.03; Clay County; Florida","78113","15480",
"1400000US12019030304","Census Tract 303.04; Clay County; Florida","54038","16825",
"1400000US12019030305","Census Tract 303.05; Clay County; Florida","51758","21602",
"1400000US12019030306","Census Tract 303.06; Clay County; Florida","148068","46674",
"1400000US12019030400","Census Tract 304; Clay County; Florida","63665","15926",
"1400000US12019030500","Census Tract 305; Clay County; Florida","86522","25310",
"1400000US12019030600","Census Tract 306; Clay County; Florida","75391","15571",
"1400000US12019030701","Census Tract 307.01; Clay County; Florida","129325","23968",
"1400000US12019030704","Census Tract 307.04; Clay County; Florida","153131","21331",
"1400000US12019030705","Census Tract 307.05; Clay County; Florida","137195","29787",
"1400000US12019030706","Census Tract 307.06; Clay County; Florida","85789","9744",
"1400000US12019030707","Census Tract 307.07; Clay County; Florida","105000","27297",
"1400000US12019030708","Census Tract 307.08; Clay County; Florida","85250","21060",
"1400000US12019030801","Census Tract 308.01; Clay County; Florida","108563","35341",
"1400000US12019030802","Census Tract 308.02; Clay County; Florida","74345","12059",
"1400000US12019030903","Census Tract 309.03; Clay County; Florida","71825","13064",
"1400000US12019030904","Census Tract 309.04; Clay County; Florida","87168","13348",
"1400000US12019030905","Census Tract 309.05; Clay County; Florida","94602","12409",
"1400000US12019030906","Census Tract 309.06; Clay County; Florida","77292","29539",
"1400000US12019031101","Census Tract 311.01; Clay County; Florida","89879","13050",
"1400000US12019031104","Census Tract 311.04; Clay County; Florida","75721","10709",
"1400000US12019031105","Census Tract 311.05; Clay County; Florida","78893","22894",
"1400000US12019031108","Census Tract 311.08; Clay County; Florida","86118","31085",
"1400000US12019031109","Census Tract 311.09; Clay County; Florida","52880","9328",
"1400000US12019031110","Census Tract 311.10; Clay County; Florida","72314","12667",
"1400000US12019031201","Census Tract 312.01; Clay County; Florida","53426","12484",
"1400000US12019031202","Census Tract 312.02; Clay County; Florida","104661","16407",
"1400000US12019031203","Census Tract 312.03; Clay County; Florida","84957","18698",
"1400000US12019031301","Census Tract 313.01; Clay County; Florida","72071","44770",
"1400000US12019031302","Census Tract 313.02; Clay County; Florida","124000","15708",
"1400000US12019031303","Census Tract 313.03; Clay County; Florida","67361","20347",
"1400000US12019031400","Census Tract 314; Clay County; Florida","56196","11648",
"1400000US12019031500","Census Tract 315; Clay County; Florida","74318","16298",
"1400000US12019980000","Census Tract 9800; Clay County; Florida","116250","35082",
"1400000US12021000101","Census Tract 1.01; Collier County; Florida","110536","53383",
"1400000US12021000102","Census Tract 1.02; Collier County; Florida","124688","112281",
"1400000US12021000200","Census Tract 2; Collier County; Florida","111985","25680",
"1400000US12021000301","Census Tract 3.01; Collier County; Florida","171438","58456",
"1400000US12021000302","Census Tract 3.02; Collier County; Florida","115781","59157",
"1400000US12021000401","Census Tract 4.01; Collier County; Florida","182619","51506",
"1400000US12021000402","Census Tract 4.02; Collier County; Florida","183085","45583",
"1400000US12021000500","Census Tract 5; Collier County; Florida","244567","66443",
"1400000US12021000600","Census Tract 6; Collier County; Florida","146500","17840",
"1400000US12021000700","Census Tract 7; Collier County; Florida","59432","30290",
"1400000US12021010102","Census Tract 101.02; Collier County; Florida","108659","36284",
"1400000US12021010107","Census Tract 101.07; Collier County; Florida","68102","20210",
"1400000US12021010108","Census Tract 101.08; Collier County; Florida","103322","33163",
"1400000US12021010109","Census Tract 101.09; Collier County; Florida","82115","21839",
"1400000US12021010110","Census Tract 101.10; Collier County; Florida","77872","10709",
"1400000US12021010111","Census Tract 101.11; Collier County; Florida","97523","51718",
"1400000US12021010112","Census Tract 101.12; Collier County; Florida","80786","20523",
"1400000US12021010113","Census Tract 101.13; Collier County; Florida","115114","47814",
"1400000US12021010114","Census Tract 101.14; Collier County; Florida","138083","31460",
"1400000US12021010205","Census Tract 102.05; Collier County; Florida","131406","21044",
"1400000US12021010208","Census Tract 102.08; Collier County; Florida","155721","32227",
"1400000US12021010209","Census Tract 102.09; Collier County; Florida","166500","54363",
"1400000US12021010210","Census Tract 102.10; Collier County; Florida","125972","42460",
"1400000US12021010211","Census Tract 102.11; Collier County; Florida","49043","6799",
"1400000US12021010213","Census Tract 102.13; Collier County; Florida","116157","31395",
"1400000US12021010215","Census Tract 102.15; Collier County; Florida","165714","35981",
"1400000US12021010216","Census Tract 102.16; Collier County; Florida","80625","15638",
"1400000US12021010217","Census Tract 102.17; Collier County; Florida","94083","38744",
"1400000US12021010300","Census Tract 103; Collier County; Florida","86834","22996",
"1400000US12021010401","Census Tract 104.01; Collier County; Florida","99881","17330",
"1400000US12021010408","Census Tract 104.08; Collier County; Florida","131629","41314",
"1400000US12021010411","Census Tract 104.11; Collier County; Florida","79425","15119",
"1400000US12021010416","Census Tract 104.16; Collier County; Florida","135953","17629",
"1400000US12021010419","Census Tract 104.19; Collier County; Florida","65898","13694",
"1400000US12021010420","Census Tract 104.20; Collier County; Florida","72143","13741",
"1400000US12021010421","Census Tract 104.21; Collier County; Florida","62300","14680",
"1400000US12021010422","Census Tract 104.22; Collier County; Florida","51359","15490",
"1400000US12021010423","Census Tract 104.23; Collier County; Florida","109190","22154",
"1400000US12021010424","Census Tract 104.24; Collier County; Florida","91337","27877",
"1400000US12021010425","Census Tract 104.25; Collier County; Florida","142054","28201",
"1400000US12021010426","Census Tract 104.26; Collier County; Florida","120583","17423",
"1400000US12021010427","Census Tract 104.27; Collier County; Florida","123375","35767",
"1400000US12021010428","Census Tract 104.28; Collier County; Florida","92500","26138",
"1400000US12021010429","Census Tract 104.29; Collier County; Florida","85255","24118",
"1400000US12021010430","Census Tract 104.30; Collier County; Florida","92859","11931",
"1400000US12021010431","Census Tract 104.31; Collier County; Florida","127768","40405",
"1400000US12021010432","Census Tract 104.32; Collier County; Florida","118704","18134",
"1400000US12021010433","Census Tract 104.33; Collier County; Florida","111250","26468",
"1400000US12021010434","Census Tract 104.34; Collier County; Florida","86396","12528",
"1400000US12021010435","Census Tract 104.35; Collier County; Florida","85553","19369",
"1400000US12021010436","Census Tract 104.36; Collier County; Florida","108889","9377",
"1400000US12021010437","Census Tract 104.37; Collier County; Florida","112411","49407",
"1400000US12021010438","Census Tract 104.38; Collier County; Florida","89234","28859",
"1400000US12021010508","Census Tract 105.08; Collier County; Florida","56214","17848",
"1400000US12021010511","Census Tract 105.11; Collier County; Florida","66598","14964",
"1400000US12021010512","Census Tract 105.12; Collier County; Florida","72500","8830",
"1400000US12021010513","Census Tract 105.13; Collier County; Florida","95313","32069",
"1400000US12021010514","Census Tract 105.14; Collier County; Florida","78472","20149",
"1400000US12021010515","Census Tract 105.15; Collier County; Florida","98000","50171",
"1400000US12021010516","Census Tract 105.16; Collier County; Florida","65804","32365",
"1400000US12021010517","Census Tract 105.17; Collier County; Florida","69559","46459",
"1400000US12021010518","Census Tract 105.18; Collier County; Florida","97531","17860",
"1400000US12021010519","Census Tract 105.19; Collier County; Florida","75170","23577",
"1400000US12021010520","Census Tract 105.20; Collier County; Florida","70675","10440",
"1400000US12021010601","Census Tract 106.01; Collier County; Florida","58243","16880",
"1400000US12021010602","Census Tract 106.02; Collier County; Florida","66528","13934",
"1400000US12021010604","Census Tract 106.04; Collier County; Florida","85557","13777",
"1400000US12021010605","Census Tract 106.05; Collier County; Florida","70491","13483",
"1400000US12021010606","Census Tract 106.06; Collier County; Florida","61500","4937",
"1400000US12021010701","Census Tract 107.01; Collier County; Florida","45736","15564",
"1400000US12021010702","Census Tract 107.02; Collier County; Florida","97050","33317",
"1400000US12021010801","Census Tract 108.01; Collier County; Florida","69934","8368",
"1400000US12021010804","Census Tract 108.04; Collier County; Florida","64937","17977",
"1400000US12021010805","Census Tract 108.05; Collier County; Florida","81019","21651",
"1400000US12021010806","Census Tract 108.06; Collier County; Florida","102641","15944",
"1400000US12021010807","Census Tract 108.07; Collier County; Florida","90988","30824",
"1400000US12021010808","Census Tract 108.08; Collier County; Florida","74053","22820",
"1400000US12021010902","Census Tract 109.02; Collier County; Florida","102826","21289",
"1400000US12021010904","Census Tract 109.04; Collier County; Florida","112938","42470",
"1400000US12021010905","Census Tract 109.05; Collier County; Florida","119438","35026",
"1400000US12021010906","Census Tract 109.06; Collier County; Florida","78365","31761",
"1400000US12021010907","Census Tract 109.07; Collier County; Florida","73158","27933",
"1400000US12021011003","Census Tract 110.03; Collier County; Florida","106982","25239",
"1400000US12021011103","Census Tract 111.03; Collier County; Florida","59271","10337",
"1400000US12021011107","Census Tract 111.07; Collier County; Florida","98328","1589",
"1400000US12021011108","Census Tract 111.08; Collier County; Florida","102946","16728",
"1400000US12021011109","Census Tract 111.09; Collier County; Florida","159549","34921",
"1400000US12021011110","Census Tract 111.10; Collier County; Florida","76713","13540",
"1400000US12021011111","Census Tract 111.11; Collier County; Florida","107330","21383",
"1400000US12021011112","Census Tract 111.12; Collier County; Florida","112566","26575",
"1400000US12021011113","Census Tract 111.13; Collier County; Florida","58854","11129",
"1400000US12021011114","Census Tract 111.14; Collier County; Florida","68910","18537",
"1400000US12021011204","Census Tract 112.04; Collier County; Florida","28816","12405",
"1400000US12021011205","Census Tract 112.05; Collier County; Florida","43000","10035",
"1400000US12021011206","Census Tract 112.06; Collier County; Florida","92448","22598",
"1400000US12021011207","Census Tract 112.07; Collier County; Florida","93295","35845",
"1400000US12021011208","Census Tract 112.08; Collier County; Florida","102885","21118",
"1400000US12021011209","Census Tract 112.09; Collier County; Florida","137765","17507",
"1400000US12021011210","Census Tract 112.10; Collier County; Florida","125352","28762",
"1400000US12021011211","Census Tract 112.11; Collier County; Florida","60833","17886",
"1400000US12021011212","Census Tract 112.12; Collier County; Florida","112857","35630",
"1400000US12021011213","Census Tract 112.13; Collier County; Florida","88238","13171",
"1400000US12021011214","Census Tract 112.14; Collier County; Florida","79582","9021",
"1400000US12021011303","Census Tract 113.03; Collier County; Florida","45568","4314",
"1400000US12021011304","Census Tract 113.04; Collier County; Florida","74250","39541",
"1400000US12021011305","Census Tract 113.05; Collier County; Florida","58274","18372",
"1400000US12021011306","Census Tract 113.06; Collier County; Florida","66766","6501",
"1400000US12021011400","Census Tract 114; Collier County; Florida","53594","24205",
"1400000US12021990000","Census Tract 9900; Collier County; Florida","-","**",
"1400000US12023110201","Census Tract 1102.01; Columbia County; Florida","66715","13399",
"1400000US12023110202","Census Tract 1102.02; Columbia County; Florida","49622","13828",
"1400000US12023110300","Census Tract 1103; Columbia County; Florida","57310","11356",
"1400000US12023110400","Census Tract 1104; Columbia County; Florida","45000","7430",
"1400000US12023110500","Census Tract 1105; Columbia County; Florida","55667","10066",
"1400000US12023110602","Census Tract 1106.02; Columbia County; Florida","65048","9762",
"1400000US12023110603","Census Tract 1106.03; Columbia County; Florida","67759","24495",
"1400000US12023110604","Census Tract 1106.04; Columbia County; Florida","63429","14000",
"1400000US12023110700","Census Tract 1107; Columbia County; Florida","54116","10080",
"1400000US12023110800","Census Tract 1108; Columbia County; Florida","60119","15027",
"1400000US12023110901","Census Tract 1109.01; Columbia County; Florida","40978","26058",
"1400000US12023110903","Census Tract 1109.03; Columbia County; Florida","73986","12873",
"1400000US12023110904","Census Tract 1109.04; Columbia County; Florida","60863","7123",
"1400000US12027010101","Census Tract 101.01; DeSoto County; Florida","62912","8414",
"1400000US12027010102","Census Tract 101.02; DeSoto County; Florida","65523","4994",
"1400000US12027010200","Census Tract 102; DeSoto County; Florida","45254","7467",
"1400000US12027010301","Census Tract 103.01; DeSoto County; Florida","52148","13825",
"1400000US12027010302","Census Tract 103.02; DeSoto County; Florida","-","**",
"1400000US12027010403","Census Tract 104.03; DeSoto County; Florida","54880","19701",
"1400000US12027010404","Census Tract 104.04; DeSoto County; Florida","41754","20943",
"1400000US12027010405","Census Tract 104.05; DeSoto County; Florida","56406","2695",
"1400000US12027010406","Census Tract 104.06; DeSoto County; Florida","64545","11182",
"1400000US12029970101","Census Tract 9701.01; Dixie County; Florida","44591","9533",
"1400000US12029970103","Census Tract 9701.03; Dixie County; Florida","54741","9162",
"1400000US12029970104","Census Tract 9701.04; Dixie County; Florida","40672","13255",
"1400000US12029970201","Census Tract 9702.01; Dixie County; Florida","46875","19323",
"1400000US12029970202","Census Tract 9702.02; Dixie County; Florida","58529","13067",
"1400000US12029990000","Census Tract 9900; Dixie County; Florida","-","**",
"1400000US12031000101","Census Tract 1.01; Duval County; Florida","50449","23374",
"1400000US12031000102","Census Tract 1.02; Duval County; Florida","41250","16734",
"1400000US12031000200","Census Tract 2; Duval County; Florida","16088","7525",
"1400000US12031000300","Census Tract 3; Duval County; Florida","34450","4899",
"1400000US12031000600","Census Tract 6; Duval County; Florida","53665","9063",
"1400000US12031000700","Census Tract 7; Duval County; Florida","122188","47982",
"1400000US12031000800","Census Tract 8; Duval County; Florida","83750","23569",
"1400000US12031001000","Census Tract 10; Duval County; Florida","12862","2442",
"1400000US12031001100","Census Tract 11; Duval County; Florida","115385","40825",
"1400000US12031001200","Census Tract 12; Duval County; Florida","66058","17184",
"1400000US12031001300","Census Tract 13; Duval County; Florida","34250","7962",
"1400000US12031001401","Census Tract 14.01; Duval County; Florida","33274","5675",
"1400000US12031001402","Census Tract 14.02; Duval County; Florida","33652","14808",
"1400000US12031001500","Census Tract 15; Duval County; Florida","33045","11157",
"1400000US12031001600","Census Tract 16; Duval County; Florida","16292","7102",
"1400000US12031002101","Census Tract 21.01; Duval County; Florida","79615","15631",
"1400000US12031002102","Census Tract 21.02; Duval County; Florida","102279","51108",
"1400000US12031002200","Census Tract 22; Duval County; Florida","126886","15908",
"1400000US12031002300","Census Tract 23; Duval County; Florida","96250","30058",
"1400000US12031002400","Census Tract 24; Duval County; Florida","133259","9661",
"1400000US12031002501","Census Tract 25.01; Duval County; Florida","53514","10128",
"1400000US12031002502","Census Tract 25.02; Duval County; Florida","62500","12644",
"1400000US12031002600","Census Tract 26; Duval County; Florida","34331","14627",
"1400000US12031002701","Census Tract 27.01; Duval County; Florida","41514","5838",
"1400000US12031002702","Census Tract 27.02; Duval County; Florida","26092","4871",
"1400000US12031002801","Census Tract 28.01; Duval County; Florida","31193","10062",
"1400000US12031002802","Census Tract 28.02; Duval County; Florida","30625","5958",
"1400000US12031002901","Census Tract 29.01; Duval County; Florida","25730","7128",
"1400000US12031002902","Census Tract 29.02; Duval County; Florida","25000","7633",
"1400000US12031010101","Census Tract 101.01; Duval County; Florida","96869","18305",
"1400000US12031010104","Census Tract 101.04; Duval County; Florida","114085","16946",
"1400000US12031010105","Census Tract 101.05; Duval County; Florida","130489","40311",
"1400000US12031010106","Census Tract 101.06; Duval County; Florida","109087","14371",
"1400000US12031010107","Census Tract 101.07; Duval County; Florida","121178","15895",
"1400000US12031010202","Census Tract 102.02; Duval County; Florida","86615","29629",
"1400000US12031010203","Census Tract 102.03; Duval County; Florida","69478","9918",
"1400000US12031010204","Census Tract 102.04; Duval County; Florida","76712","12928",
"1400000US12031010301","Census Tract 103.01; Duval County; Florida","73750","24103",
"1400000US12031010305","Census Tract 103.05; Duval County; Florida","61167","6550",
"1400000US12031010306","Census Tract 103.06; Duval County; Florida","64756","11664",
"1400000US12031010307","Census Tract 103.07; Duval County; Florida","47364","10086",
"1400000US12031010308","Census Tract 103.08; Duval County; Florida","64750","23601",
"1400000US12031010401","Census Tract 104.01; Duval County; Florida","63643","9648",
"1400000US12031010402","Census Tract 104.02; Duval County; Florida","52656","10290",
"1400000US12031010501","Census Tract 105.01; Duval County; Florida","88371","6015",
"1400000US12031010502","Census Tract 105.02; Duval County; Florida","80930","21649",
"1400000US12031010503","Census Tract 105.03; Duval County; Florida","58941","10812",
"1400000US12031010601","Census Tract 106.01; Duval County; Florida","84844","16695",
"1400000US12031010602","Census Tract 106.02; Duval County; Florida","79386","45185",
"1400000US12031010700","Census Tract 107; Duval County; Florida","43580","22440",
"1400000US12031010800","Census Tract 108; Duval County; Florida","40769","12339",
"1400000US12031010900","Census Tract 109; Duval County; Florida","54069","6595",
"1400000US12031011000","Census Tract 110; Duval County; Florida","36146","21513",
"1400000US12031011100","Census Tract 111; Duval County; Florida","32168","9107",
"1400000US12031011200","Census Tract 112; Duval County; Florida","44537","3268",
"1400000US12031011300","Census Tract 113; Duval County; Florida","33468","14548",
"1400000US12031011400","Census Tract 114; Duval County; Florida","37831","10596",
"1400000US12031011500","Census Tract 115; Duval County; Florida","43214","12957",
"1400000US12031011600","Census Tract 116; Duval County; Florida","38244","14162",
"1400000US12031011700","Census Tract 117; Duval County; Florida","57763","23552",
"1400000US12031011800","Census Tract 118; Duval County; Florida","49438","25381",
"1400000US12031011901","Census Tract 119.01; Duval County; Florida","81821","10918",
"1400000US12031011903","Census Tract 119.03; Duval County; Florida","85534","7306",
"1400000US12031011904","Census Tract 119.04; Duval County; Florida","97215","10326",
"1400000US12031011905","Census Tract 119.05; Duval County; Florida","80408","14918",
"1400000US12031012000","Census Tract 120; Duval County; Florida","72716","8772",
"1400000US12031012100","Census Tract 121; Duval County; Florida","35833","3411",
"1400000US12031012201","Census Tract 122.01; Duval County; Florida","63240","15070",
"1400000US12031012202","Census Tract 122.02; Duval County; Florida","48399","6614",
"1400000US12031012300","Census Tract 123; Duval County; Florida","47353","13727",
"1400000US12031012400","Census Tract 124; Duval County; Florida","76518","7151",
"1400000US12031012500","Census Tract 125; Duval County; Florida","59345","7525",
"1400000US12031012601","Census Tract 126.01; Duval County; Florida","43966","15737",
"1400000US12031012602","Census Tract 126.02; Duval County; Florida","59755","14524",
"1400000US12031012702","Census Tract 127.02; Duval County; Florida","41971","5237",
"1400000US12031012703","Census Tract 127.03; Duval County; Florida","83730","15835",
"1400000US12031012704","Census Tract 127.04; Duval County; Florida","53040","6891",
"1400000US12031012800","Census Tract 128; Duval County; Florida","73059","16521",
"1400000US12031012900","Census Tract 129; Duval County; Florida","58036","13945",
"1400000US12031013000","Census Tract 130; Duval County; Florida","143125","24961",
"1400000US12031013100","Census Tract 131; Duval County; Florida","102788","54407",
"1400000US12031013200","Census Tract 132; Duval County; Florida","62700","15622",
"1400000US12031013301","Census Tract 133.01; Duval County; Florida","68111","5563",
"1400000US12031013302","Census Tract 133.02; Duval County; Florida","53077","17021",
"1400000US12031013402","Census Tract 134.02; Duval County; Florida","50142","11257",
"1400000US12031013403","Census Tract 134.03; Duval County; Florida","42023","7842",
"1400000US12031013404","Census Tract 134.04; Duval County; Florida","58602","10073",
"1400000US12031013502","Census Tract 135.02; Duval County; Florida","67929","16564",
"1400000US12031013504","Census Tract 135.04; Duval County; Florida","47495","6835",
"1400000US12031013522","Census Tract 135.22; Duval County; Florida","83707","24200",
"1400000US12031013523","Census Tract 135.23; Duval County; Florida","64935","26292",
"1400000US12031013524","Census Tract 135.24; Duval County; Florida","59683","12604",
"1400000US12031013525","Census Tract 135.25; Duval County; Florida","36511","17473",
"1400000US12031013526","Census Tract 135.26; Duval County; Florida","57213","11604",
"1400000US12031013723","Census Tract 137.23; Duval County; Florida","80236","22438",
"1400000US12031013728","Census Tract 137.28; Duval County; Florida","114519","51496",
"1400000US12031013729","Census Tract 137.29; Duval County; Florida","86208","21693",
"1400000US12031013730","Census Tract 137.30; Duval County; Florida","105765","14003",
"1400000US12031013731","Census Tract 137.31; Duval County; Florida","96935","13833",
"1400000US12031013732","Census Tract 137.32; Duval County; Florida","61005","9957",
"1400000US12031013733","Census Tract 137.33; Duval County; Florida","91750","21467",
"1400000US12031013800","Census Tract 138; Duval County; Florida","82951","9008",
"1400000US12031013901","Census Tract 139.01; Duval County; Florida","68937","12180",
"1400000US12031013902","Census Tract 139.02; Duval County; Florida","90413","30154",
"1400000US12031013904","Census Tract 139.04; Duval County; Florida","62210","9382",
"1400000US12031013905","Census Tract 139.05; Duval County; Florida","188911","28459",
"1400000US12031013906","Census Tract 139.06; Duval County; Florida","110074","32605",
"1400000US12031014001","Census Tract 140.01; Duval County; Florida","105929","33992",
"1400000US12031014002","Census Tract 140.02; Duval County; Florida","124319","7602",
"1400000US12031014101","Census Tract 141.01; Duval County; Florida","125709","29180",
"1400000US12031014103","Census Tract 141.03; Duval County; Florida","116824","23856",
"1400000US12031014104","Census Tract 141.04; Duval County; Florida","154483","79956",
"1400000US12031014203","Census Tract 142.03; Duval County; Florida","121036","37412",
"1400000US12031014204","Census Tract 142.04; Duval County; Florida","137083","52587",
"1400000US12031014205","Census Tract 142.05; Duval County; Florida","94150","24597",
"1400000US12031014206","Census Tract 142.06; Duval County; Florida","96375","51326",
"1400000US12031014311","Census Tract 143.11; Duval County; Florida","61439","17582",
"1400000US12031014312","Census Tract 143.12; Duval County; Florida","81607","12892",
"1400000US12031014328","Census Tract 143.28; Duval County; Florida","86329","18613",
"1400000US12031014329","Census Tract 143.29; Duval County; Florida","81025","14542",
"1400000US12031014330","Census Tract 143.30; Duval County; Florida","131339","12920",
"1400000US12031014331","Census Tract 143.31; Duval County; Florida","82969","31813",
"1400000US12031014333","Census Tract 143.33; Duval County; Florida","76857","14479",
"1400000US12031014334","Census Tract 143.34; Duval County; Florida","87261","20934",
"1400000US12031014335","Census Tract 143.35; Duval County; Florida","118043","12931",
"1400000US12031014336","Census Tract 143.36; Duval County; Florida","104101","10101",
"1400000US12031014338","Census Tract 143.38; Duval County; Florida","71111","17020",
"1400000US12031014339","Census Tract 143.39; Duval County; Florida","132907","8096",
"1400000US12031014340","Census Tract 143.40; Duval County; Florida","118115","26726",
"1400000US12031014341","Census Tract 143.41; Duval County; Florida","85493","15293",
"1400000US12031014342","Census Tract 143.42; Duval County; Florida","66795","19977",
"1400000US12031014343","Census Tract 143.43; Duval County; Florida","115574","39509",
"1400000US12031014344","Census Tract 143.44; Duval County; Florida","106458","19841",
"1400000US12031014408","Census Tract 144.08; Duval County; Florida","130578","32240",
"1400000US12031014413","Census Tract 144.13; Duval County; Florida","102474","9069",
"1400000US12031014414","Census Tract 144.14; Duval County; Florida","78390","18865",
"1400000US12031014415","Census Tract 144.15; Duval County; Florida","46352","13678",
"1400000US12031014416","Census Tract 144.16; Duval County; Florida","95735","24972",
"1400000US12031014417","Census Tract 144.17; Duval County; Florida","74141","8284",
"1400000US12031014418","Census Tract 144.18; Duval County; Florida","81346","80846",
"1400000US12031014419","Census Tract 144.19; Duval County; Florida","119449","30808",
"1400000US12031014420","Census Tract 144.20; Duval County; Florida","95931","24552",
"1400000US12031014421","Census Tract 144.21; Duval County; Florida","102617","30592",
"1400000US12031014422","Census Tract 144.22; Duval County; Florida","76313","6255",
"1400000US12031014423","Census Tract 144.23; Duval County; Florida","102639","20425",
"1400000US12031014424","Census Tract 144.24; Duval County; Florida","85764","13602",
"1400000US12031014425","Census Tract 144.25; Duval County; Florida","85378","16127",
"1400000US12031014426","Census Tract 144.26; Duval County; Florida","72428","10735",
"1400000US12031014427","Census Tract 144.27; Duval County; Florida","68821","10566",
"1400000US12031014428","Census Tract 144.28; Duval County; Florida","75973","5581",
"1400000US12031014500","Census Tract 145; Duval County; Florida","60742","6389",
"1400000US12031014601","Census Tract 146.01; Duval County; Florida","109333","20368",
"1400000US12031014603","Census Tract 146.03; Duval County; Florida","81512","20531",
"1400000US12031014604","Census Tract 146.04; Duval County; Florida","54831","14500",
"1400000US12031014702","Census Tract 147.02; Duval County; Florida","80000","21175",
"1400000US12031014703","Census Tract 147.03; Duval County; Florida","103529","10175",
"1400000US12031014704","Census Tract 147.04; Duval County; Florida","54142","7789",
"1400000US12031014800","Census Tract 148; Duval County; Florida","41943","11681",
"1400000US12031014901","Census Tract 149.01; Duval County; Florida","64555","21457",
"1400000US12031014902","Census Tract 149.02; Duval County; Florida","75183","19914",
"1400000US12031015001","Census Tract 150.01; Duval County; Florida","63125","18613",
"1400000US12031015002","Census Tract 150.02; Duval County; Florida","69313","16916",
"1400000US12031015100","Census Tract 151; Duval County; Florida","58943","8525",
"1400000US12031015200","Census Tract 152; Duval County; Florida","54481","11359",
"1400000US12031015300","Census Tract 153; Duval County; Florida","44547","8216",
"1400000US12031015400","Census Tract 154; Duval County; Florida","44208","9732",
"1400000US12031015501","Census Tract 155.01; Duval County; Florida","58814","5776",
"1400000US12031015502","Census Tract 155.02; Duval County; Florida","28384","4819",
"1400000US12031015600","Census Tract 156; Duval County; Florida","74853","10242",
"1400000US12031015701","Census Tract 157.01; Duval County; Florida","24383","21010",
"1400000US12031015702","Census Tract 157.02; Duval County; Florida","63173","24762",
"1400000US12031015803","Census Tract 158.03; Duval County; Florida","61944","18078",
"1400000US12031015804","Census Tract 158.04; Duval County; Florida","61071","7036",
"1400000US12031015805","Census Tract 158.05; Duval County; Florida","51467","22171",
"1400000US12031015806","Census Tract 158.06; Duval County; Florida","70441","19775",
"1400000US12031015922","Census Tract 159.22; Duval County; Florida","53528","10442",
"1400000US12031015924","Census Tract 159.24; Duval County; Florida","53945","33786",
"1400000US12031015925","Census Tract 159.25; Duval County; Florida","60380","19894",
"1400000US12031015926","Census Tract 159.26; Duval County; Florida","71509","3821",
"1400000US12031015927","Census Tract 159.27; Duval County; Florida","21372","18354",
"1400000US12031015928","Census Tract 159.28; Duval County; Florida","60479","40612",
"1400000US12031015929","Census Tract 159.29; Duval County; Florida","101489","8175",
"1400000US12031016001","Census Tract 160.01; Duval County; Florida","60000","25941",
"1400000US12031016002","Census Tract 160.02; Duval County; Florida","70943","19233",
"1400000US12031016101","Census Tract 161.01; Duval County; Florida","70042","23232",
"1400000US12031016102","Census Tract 161.02; Duval County; Florida","55288","17378",
"1400000US12031016200","Census Tract 162; Duval County; Florida","42500","9318",
"1400000US12031016300","Census Tract 163; Duval County; Florida","45568","14445",
"1400000US12031016400","Census Tract 164; Duval County; Florida","99141","26162",
"1400000US12031016500","Census Tract 165; Duval County; Florida","122556","12903",
"1400000US12031016603","Census Tract 166.03; Duval County; Florida","83417","9870",
"1400000US12031016604","Census Tract 166.04; Duval County; Florida","74429","12622",
"1400000US12031016605","Census Tract 166.05; Duval County; Florida","85185","28226",
"1400000US12031016606","Census Tract 166.06; Duval County; Florida","48636","7784",
"1400000US12031016711","Census Tract 167.11; Duval County; Florida","133750","25187",
"1400000US12031016724","Census Tract 167.24; Duval County; Florida","73845","11131",
"1400000US12031016725","Census Tract 167.25; Duval County; Florida","47440","16535",
"1400000US12031016726","Census Tract 167.26; Duval County; Florida","72599","10269",
"1400000US12031016727","Census Tract 167.27; Duval County; Florida","44835","17061",
"1400000US12031016728","Census Tract 167.28; Duval County; Florida","102500","11419",
"1400000US12031016729","Census Tract 167.29; Duval County; Florida","72609","12902",
"1400000US12031016730","Census Tract 167.30; Duval County; Florida","134107","19458",
"1400000US12031016731","Census Tract 167.31; Duval County; Florida","52663","16859",
"1400000US12031016801","Census Tract 168.01; Duval County; Florida","121125","32080",
"1400000US12031016803","Census Tract 168.03; Duval County; Florida","115159","10157",
"1400000US12031016804","Census Tract 168.04; Duval County; Florida","106993","11561",
"1400000US12031016807","Census Tract 168.07; Duval County; Florida","78097","11294",
"1400000US12031016808","Census Tract 168.08; Duval County; Florida","68900","11387",
"1400000US12031016809","Census Tract 168.09; Duval County; Florida","114063","19842",
"1400000US12031016810","Census Tract 168.10; Duval County; Florida","94333","19970",
"1400000US12031016811","Census Tract 168.11; Duval County; Florida","128635","8334",
"1400000US12031016812","Census Tract 168.12; Duval County; Florida","93073","16497",
"1400000US12031016813","Census Tract 168.13; Duval County; Florida","95511","24117",
"1400000US12031017101","Census Tract 171.01; Duval County; Florida","69841","20351",
"1400000US12031017102","Census Tract 171.02; Duval County; Florida","60956","40484",
"1400000US12031017200","Census Tract 172; Duval County; Florida","36983","8712",
"1400000US12031017300","Census Tract 173; Duval County; Florida","76232","13940",
"1400000US12031017400","Census Tract 174; Duval County; Florida","54167","20816",
"1400000US12031990000","Census Tract 9900; Duval County; Florida","-","**",
"1400000US12033000100","Census Tract 1; Escambia County; Florida","68047","18639",
"1400000US12033000300","Census Tract 3; Escambia County; Florida","67070","10257",
"1400000US12033000400","Census Tract 4; Escambia County; Florida","16967","2720",
"1400000US12033000500","Census Tract 5; Escambia County; Florida","106597","40447",
"1400000US12033000600","Census Tract 6; Escambia County; Florida","45721","33955",
"1400000US12033000801","Census Tract 8.01; Escambia County; Florida","85667","41421",
"1400000US12033000802","Census Tract 8.02; Escambia County; Florida","91319","26151",
"1400000US12033000900","Census Tract 9; Escambia County; Florida","138500","22859",
"1400000US12033001001","Census Tract 10.01; Escambia County; Florida","97846","28754",
"1400000US12033001002","Census Tract 10.02; Escambia County; Florida","63822","7823",
"1400000US12033001101","Census Tract 11.01; Escambia County; Florida","103086","26550",
"1400000US12033001103","Census Tract 11.03; Escambia County; Florida","109375","24474",
"1400000US12033001104","Census Tract 11.04; Escambia County; Florida","73630","10736",
"1400000US12033001201","Census Tract 12.01; Escambia County; Florida","66212","23239",
"1400000US12033001202","Census Tract 12.02; Escambia County; Florida","47337","8547",
"1400000US12033001300","Census Tract 13; Escambia County; Florida","50000","23380",
"1400000US12033001401","Census Tract 14.01; Escambia County; Florida","33077","19306",
"1400000US12033001402","Census Tract 14.02; Escambia County; Florida","63064","9234",
"1400000US12033001500","Census Tract 15; Escambia County; Florida","42542","25970",
"1400000US12033001600","Census Tract 16; Escambia County; Florida","37107","23600",
"1400000US12033001700","Census Tract 17; Escambia County; Florida","35066","9855",
"1400000US12033001800","Census Tract 18; Escambia County; Florida","37138","7718",
"1400000US12033001900","Census Tract 19; Escambia County; Florida","38170","7921",
"1400000US12033002000","Census Tract 20; Escambia County; Florida","38064","5231",
"1400000US12033002100","Census Tract 21; Escambia County; Florida","33571","7937",
"1400000US12033002200","Census Tract 22; Escambia County; Florida","52885","17024",
"1400000US12033002300","Census Tract 23; Escambia County; Florida","66756","20750",
"1400000US12033002400","Census Tract 24; Escambia County; Florida","71607","18158",
"1400000US12033002500","Census Tract 25; Escambia County; Florida","139759","32997",
"1400000US12033002601","Census Tract 26.01; Escambia County; Florida","81359","20898",
"1400000US12033002602","Census Tract 26.02; Escambia County; Florida","172780","47905",
"1400000US12033002604","Census Tract 26.04; Escambia County; Florida","79968","12454",
"1400000US12033002605","Census Tract 26.05; Escambia County; Florida","64830","13008",
"1400000US12033002606","Census Tract 26.06; Escambia County; Florida","69583","18259",
"1400000US12033002607","Census Tract 26.07; Escambia County; Florida","104912","38629",
"1400000US12033002701","Census Tract 27.01; Escambia County; Florida","67339","14213",
"1400000US12033002703","Census Tract 27.03; Escambia County; Florida","56367","26411",
"1400000US12033002704","Census Tract 27.04; Escambia County; Florida","61738","10414",
"1400000US12033002801","Census Tract 28.01; Escambia County; Florida","69632","13706",
"1400000US12033002802","Census Tract 28.02; Escambia County; Florida","76272","10234",
"1400000US12033002803","Census Tract 28.03; Escambia County; Florida","38879","5913",
"1400000US12033002804","Census Tract 28.04; Escambia County; Florida","67024","8646",
"1400000US12033002900","Census Tract 29; Escambia County; Florida","48750","12132",
"1400000US12033003001","Census Tract 30.01; Escambia County; Florida","49918","15507",
"1400000US12033003002","Census Tract 30.02; Escambia County; Florida","60196","16402",
"1400000US12033003100","Census Tract 31; Escambia County; Florida","44958","15242",
"1400000US12033003201","Census Tract 32.01; Escambia County; Florida","52081","27353",
"1400000US12033003203","Census Tract 32.03; Escambia County; Florida","60393","11719",
"1400000US12033003204","Census Tract 32.04; Escambia County; Florida","79753","9915",
"1400000US12033003301","Census Tract 33.01; Escambia County; Florida","72652","9665",
"1400000US12033003305","Census Tract 33.05; Escambia County; Florida","77946","21141",
"1400000US12033003307","Census Tract 33.07; Escambia County; Florida","57313","8346",
"1400000US12033003308","Census Tract 33.08; Escambia County; Florida","70929","7536",
"1400000US12033003310","Census Tract 33.10; Escambia County; Florida","75422","4779",
"1400000US12033003311","Census Tract 33.11; Escambia County; Florida","49092","12176",
"1400000US12033003312","Census Tract 33.12; Escambia County; Florida","69605","11652",
"1400000US12033003313","Census Tract 33.13; Escambia County; Florida","55694","8046",
"1400000US12033003400","Census Tract 34; Escambia County; Florida","52285","6396",
"1400000US12033003505","Census Tract 35.05; Escambia County; Florida","51250","7826",
"1400000US12033003506","Census Tract 35.06; Escambia County; Florida","64479","24885",
"1400000US12033003507","Census Tract 35.07; Escambia County; Florida","64740","12851",
"1400000US12033003509","Census Tract 35.09; Escambia County; Florida","62794","16075",
"1400000US12033003510","Census Tract 35.10; Escambia County; Florida","62156","22735",
"1400000US12033003511","Census Tract 35.11; Escambia County; Florida","76875","12266",
"1400000US12033003512","Census Tract 35.12; Escambia County; Florida","76458","29798",
"1400000US12033003603","Census Tract 36.03; Escambia County; Florida","107911","9285",
"1400000US12033003607","Census Tract 36.07; Escambia County; Florida","59036","20051",
"1400000US12033003608","Census Tract 36.08; Escambia County; Florida","86233","11629",
"1400000US12033003609","Census Tract 36.09; Escambia County; Florida","60481","14115",
"1400000US12033003610","Census Tract 36.10; Escambia County; Florida","74554","17453",
"1400000US12033003611","Census Tract 36.11; Escambia County; Florida","79135","27180",
"1400000US12033003612","Census Tract 36.12; Escambia County; Florida","87614","21293",
"1400000US12033003613","Census Tract 36.13; Escambia County; Florida","91588","13718",
"1400000US12033003614","Census Tract 36.14; Escambia County; Florida","68903","15124",
"1400000US12033003700","Census Tract 37; Escambia County; Florida","86635","11934",
"1400000US12033003800","Census Tract 38; Escambia County; Florida","75833","17408",
"1400000US12033003900","Census Tract 39; Escambia County; Florida","67589","11619",
"1400000US12033004000","Census Tract 40; Escambia County; Florida","37721","5504",
"1400000US12033990000","Census Tract 9900; Escambia County; Florida","-","**",
"1400000US12035060103","Census Tract 601.03; Flagler County; Florida","59261","10964",
"1400000US12035060104","Census Tract 601.04; Flagler County; Florida","71403","17603",
"1400000US12035060105","Census Tract 601.05; Flagler County; Florida","104243","37009",
"1400000US12035060106","Census Tract 601.06; Flagler County; Florida","105806","20596",
"1400000US12035060107","Census Tract 601.07; Flagler County; Florida","77083","27962",
"1400000US12035060206","Census Tract 602.06; Flagler County; Florida","58510","9648",
"1400000US12035060207","Census Tract 602.07; Flagler County; Florida","75448","5428",
"1400000US12035060208","Census Tract 602.08; Flagler County; Florida","82205","9201",
"1400000US12035060210","Census Tract 602.10; Flagler County; Florida","70260","14616",
"1400000US12035060211","Census Tract 602.11; Flagler County; Florida","90817","12699",
"1400000US12035060212","Census Tract 602.12; Flagler County; Florida","75920","13758",
"1400000US12035060213","Census Tract 602.13; Flagler County; Florida","49441","8582",
"1400000US12035060214","Census Tract 602.14; Flagler County; Florida","63520","13729",
"1400000US12035060215","Census Tract 602.15; Flagler County; Florida","73489","15272",
"1400000US12035060216","Census Tract 602.16; Flagler County; Florida","95786","8937",
"1400000US12035060217","Census Tract 602.17; Flagler County; Florida","92500","27269",
"1400000US12035060218","Census Tract 602.18; Flagler County; Florida","75033","16523",
"1400000US12035060219","Census Tract 602.19; Flagler County; Florida","64943","14623",
"1400000US12035060220","Census Tract 602.20; Flagler County; Florida","64070","21983",
"1400000US12035060301","Census Tract 603.01; Flagler County; Florida","91113","10738",
"1400000US12035060302","Census Tract 603.02; Flagler County; Florida","85117","24893",
"1400000US12035060303","Census Tract 603.03; Flagler County; Florida","106489","6383",
"1400000US12035060304","Census Tract 603.04; Flagler County; Florida","75577","13204",
"1400000US12035990000","Census Tract 9900; Flagler County; Florida","-","**",
"1400000US12037970101","Census Tract 9701.01; Franklin County; Florida","64583","24999",
"1400000US12037970102","Census Tract 9701.02; Franklin County; Florida","78029","18408",
"1400000US12037970200","Census Tract 9702; Franklin County; Florida","67588","10898",
"1400000US12037970302","Census Tract 9703.02; Franklin County; Florida","40307","7251",
"1400000US12037970304","Census Tract 9703.04; Franklin County; Florida","90417","23372",
"1400000US12037990000","Census Tract 9900; Franklin County; Florida","-","**",
"1400000US12037990100","Census Tract 9901; Franklin County; Florida","-","**",
"1400000US12039020101","Census Tract 201.01; Gadsden County; Florida","60600","8587",
"1400000US12039020103","Census Tract 201.03; Gadsden County; Florida","59406","25354",
"1400000US12039020104","Census Tract 201.04; Gadsden County; Florida","56434","12257",
"1400000US12039020300","Census Tract 203; Gadsden County; Florida","36174","4981",
"1400000US12039020400","Census Tract 204; Gadsden County; Florida","43426","19440",
"1400000US12039020500","Census Tract 205; Gadsden County; Florida","55645","24414",
"1400000US12039020600","Census Tract 206; Gadsden County; Florida","63281","13416",
"1400000US12039020701","Census Tract 207.01; Gadsden County; Florida","29167","18860",
"1400000US12039020702","Census Tract 207.02; Gadsden County; Florida","29441","9213",
"1400000US12039020800","Census Tract 208; Gadsden County; Florida","60438","14759",
"1400000US12041950100","Census Tract 9501; Gilchrist County; Florida","60452","11817",
"1400000US12041950201","Census Tract 9502.01; Gilchrist County; Florida","64375","11620",
"1400000US12041950202","Census Tract 9502.02; Gilchrist County; Florida","67989","16345",
"1400000US12041950203","Census Tract 9502.03; Gilchrist County; Florida","71667","19815",
"1400000US12041950204","Census Tract 9502.04; Gilchrist County; Florida","62115","7133",
"1400000US12043000100","Census Tract 1; Glades County; Florida","34853","4673",
"1400000US12043000201","Census Tract 2.01; Glades County; Florida","53268","12511",
"1400000US12043000202","Census Tract 2.02; Glades County; Florida","64213","19625",
"1400000US12043000300","Census Tract 3; Glades County; Florida","36835","3582",
"1400000US12043990000","Census Tract 9900; Glades County; Florida","-","**",
"1400000US12045960101","Census Tract 9601.01; Gulf County; Florida","52636","14663",
"1400000US12045960102","Census Tract 9601.02; Gulf County; Florida","61339","24013",
"1400000US12045960200","Census Tract 9602; Gulf County; Florida","66295","36285",
"1400000US12045960301","Census Tract 9603.01; Gulf County; Florida","58571","28695",
"1400000US12045960302","Census Tract 9603.02; Gulf County; Florida","62930","17911",
"1400000US12045990000","Census Tract 9900; Gulf County; Florida","-","**",
"1400000US12047960101","Census Tract 9601.01; Hamilton County; Florida","51131","4300",
"1400000US12047960102","Census Tract 9601.02; Hamilton County; Florida","53125","3370",
"1400000US12047960103","Census Tract 9601.03; Hamilton County; Florida","60469","9673",
"1400000US12047960201","Census Tract 9602.01; Hamilton County; Florida","34951","15790",
"1400000US12047960202","Census Tract 9602.02; Hamilton County; Florida","46850","18782",
"1400000US12047960300","Census Tract 9603; Hamilton County; Florida","46667","9459",
"1400000US12049970101","Census Tract 9701.01; Hardee County; Florida","67679","28883",
"1400000US12049970102","Census Tract 9701.02; Hardee County; Florida","86337","13101",
"1400000US12049970201","Census Tract 9702.01; Hardee County; Florida","56250","16519",
"1400000US12049970202","Census Tract 9702.02; Hardee County; Florida","81250","9164",
"1400000US12049970301","Census Tract 9703.01; Hardee County; Florida","55179","10905",
"1400000US12049970302","Census Tract 9703.02; Hardee County; Florida","59063","38514",
"1400000US12049970401","Census Tract 9704.01; Hardee County; Florida","47130","23737",
"1400000US12049970402","Census Tract 9704.02; Hardee County; Florida","51380","19695",
"1400000US12051000101","Census Tract 1.01; Hendry County; Florida","72283","29350",
"1400000US12051000102","Census Tract 1.02; Hendry County; Florida","55039","18481",
"1400000US12051000200","Census Tract 2; Hendry County; Florida","49776","31721",
"1400000US12051000300","Census Tract 3; Hendry County; Florida","82188","25995",
"1400000US12051000401","Census Tract 4.01; Hendry County; Florida","65275","15419",
"1400000US12051000403","Census Tract 4.03; Hendry County; Florida","41522","15257",
"1400000US12051000404","Census Tract 4.04; Hendry County; Florida","54470","21389",
"1400000US12051000601","Census Tract 6.01; Hendry County; Florida","72708","22167",
"1400000US12051000602","Census Tract 6.02; Hendry County; Florida","34571","4565",
"1400000US12051990000","Census Tract 9900; Hendry County; Florida","-","**",
"1400000US12053040101","Census Tract 401.01; Hernando County; Florida","60487","6740",
"1400000US12053040102","Census Tract 401.02; Hernando County; Florida","67050","11775",
"1400000US12053040201","Census Tract 402.01; Hernando County; Florida","58625","17242",
"1400000US12053040202","Census Tract 402.02; Hernando County; Florida","66766","20388",
"1400000US12053040301","Census Tract 403.01; Hernando County; Florida","98000","7454",
"1400000US12053040302","Census Tract 403.02; Hernando County; Florida","74924","11674",
"1400000US12053040303","Census Tract 403.03; Hernando County; Florida","93580","13302",
"1400000US12053040400","Census Tract 404; Hernando County; Florida","43431","18326",
"1400000US12053040501","Census Tract 405.01; Hernando County; Florida","49603","8356",
"1400000US12053040502","Census Tract 405.02; Hernando County; Florida","69430","5671",
"1400000US12053040601","Census Tract 406.01; Hernando County; Florida","54375","8540",
"1400000US12053040602","Census Tract 406.02; Hernando County; Florida","91860","22078",
"1400000US12053040701","Census Tract 407.01; Hernando County; Florida","77375","25527",
"1400000US12053040702","Census Tract 407.02; Hernando County; Florida","59276","11339",
"1400000US12053040801","Census Tract 408.01; Hernando County; Florida","49368","2180",
"1400000US12053040802","Census Tract 408.02; Hernando County; Florida","53989","12777",
"1400000US12053040901","Census Tract 409.01; Hernando County; Florida","63576","15228",
"1400000US12053040906","Census Tract 409.06; Hernando County; Florida","89503","9284",
"1400000US12053040907","Census Tract 409.07; Hernando County; Florida","66563","22240",
"1400000US12053040908","Census Tract 409.08; Hernando County; Florida","91310","28159",
"1400000US12053040909","Census Tract 409.09; Hernando County; Florida","81369","16876",
"1400000US12053040910","Census Tract 409.10; Hernando County; Florida","79533","17527",
"1400000US12053040911","Census Tract 409.11; Hernando County; Florida","87589","10438",
"1400000US12053040912","Census Tract 409.12; Hernando County; Florida","98598","17667",
"1400000US12053040913","Census Tract 409.13; Hernando County; Florida","61793","5487",
"1400000US12053041003","Census Tract 410.03; Hernando County; Florida","62835","7652",
"1400000US12053041004","Census Tract 410.04; Hernando County; Florida","62423","4442",
"1400000US12053041005","Census Tract 410.05; Hernando County; Florida","65221","25205",
"1400000US12053041006","Census Tract 410.06; Hernando County; Florida","77632","16312",
"1400000US12053041103","Census Tract 411.03; Hernando County; Florida","66711","10243",
"1400000US12053041104","Census Tract 411.04; Hernando County; Florida","78218","12750",
"1400000US12053041105","Census Tract 411.05; Hernando County; Florida","59028","12159",
"1400000US12053041106","Census Tract 411.06; Hernando County; Florida","67521","8426",
"1400000US12053041201","Census Tract 412.01; Hernando County; Florida","63203","14333",
"1400000US12053041203","Census Tract 412.03; Hernando County; Florida","61250","22864",
"1400000US12053041204","Census Tract 412.04; Hernando County; Florida","49107","8031",
"1400000US12053041302","Census Tract 413.02; Hernando County; Florida","56865","5001",
"1400000US12053041303","Census Tract 413.03; Hernando County; Florida","58675","4411",
"1400000US12053041304","Census Tract 413.04; Hernando County; Florida","62717","15659",
"1400000US12053041305","Census Tract 413.05; Hernando County; Florida","56619","2446",
"1400000US12053041401","Census Tract 414.01; Hernando County; Florida","58642","13292",
"1400000US12053041402","Census Tract 414.02; Hernando County; Florida","62721","5403",
"1400000US12053041501","Census Tract 415.01; Hernando County; Florida","77298","15979",
"1400000US12053041502","Census Tract 415.02; Hernando County; Florida","70260","14065",
"1400000US12053041601","Census Tract 416.01; Hernando County; Florida","76250","24661",
"1400000US12053041602","Census Tract 416.02; Hernando County; Florida","49814","19436",
"1400000US12053990000","Census Tract 9900; Hernando County; Florida","-","**",
"1400000US12055960101","Census Tract 9601.01; Highlands County; Florida","64889","11427",
"1400000US12055960102","Census Tract 9601.02; Highlands County; Florida","44255","20968",
"1400000US12055960104","Census Tract 9601.04; Highlands County; Florida","57021","6831",
"1400000US12055960105","Census Tract 9601.05; Highlands County; Florida","46750","20602",
"1400000US12055960200","Census Tract 9602; Highlands County; Florida","42014","9643",
"1400000US12055960300","Census Tract 9603; Highlands County; Florida","30393","8479",
"1400000US12055960401","Census Tract 9604.01; Highlands County; Florida","50126","17862",
"1400000US12055960402","Census Tract 9604.02; Highlands County; Florida","61553","7377",
"1400000US12055960501","Census Tract 9605.01; Highlands County; Florida","41250","9316",
"1400000US12055960503","Census Tract 9605.03; Highlands County; Florida","74927","8623",
"1400000US12055960504","Census Tract 9605.04; Highlands County; Florida","55952","10113",
"1400000US12055960601","Census Tract 9606.01; Highlands County; Florida","67958","9798",
"1400000US12055960602","Census Tract 9606.02; Highlands County; Florida","52639","11632",
"1400000US12055960700","Census Tract 9607; Highlands County; Florida","66844","15013",
"1400000US12055960800","Census Tract 9608; Highlands County; Florida","55826","11371",
"1400000US12055960900","Census Tract 9609; Highlands County; Florida","39792","9793",
"1400000US12055961000","Census Tract 9610; Highlands County; Florida","62203","7008",
"1400000US12055961100","Census Tract 9611; Highlands County; Florida","45202","8095",
"1400000US12055961201","Census Tract 9612.01; Highlands County; Florida","35615","8444",
"1400000US12055961202","Census Tract 9612.02; Highlands County; Florida","41591","7395",
"1400000US12055961301","Census Tract 9613.01; Highlands County; Florida","69782","12062",
"1400000US12055961303","Census Tract 9613.03; Highlands County; Florida","36607","21984",
"1400000US12055961304","Census Tract 9613.04; Highlands County; Florida","78359","11467",
"1400000US12055961401","Census Tract 9614.01; Highlands County; Florida","66294","11085",
"1400000US12055961402","Census Tract 9614.02; Highlands County; Florida","41436","31110",
"1400000US12055961500","Census Tract 9615; Highlands County; Florida","50958","9948",
"1400000US12055961601","Census Tract 9616.01; Highlands County; Florida","54286","28267",
"1400000US12055961602","Census Tract 9616.02; Highlands County; Florida","86087","32630",
"1400000US12055961604","Census Tract 9616.04; Highlands County; Florida","61803","8065",
"1400000US12055961605","Census Tract 9616.05; Highlands County; Florida","69423","16986",
"1400000US12055961701","Census Tract 9617.01; Highlands County; Florida","45268","17326",
"1400000US12055961702","Census Tract 9617.02; Highlands County; Florida","44275","9659",
"1400000US12055980000","Census Tract 9800; Highlands County; Florida","-","**",
"1400000US12055980100","Census Tract 9801; Highlands County; Florida","-","**",
"1400000US12055980200","Census Tract 9802; Highlands County; Florida","-","**",
"1400000US12057000101","Census Tract 1.01; Hillsborough County; Florida","51795","15989",
"1400000US12057000102","Census Tract 1.02; Hillsborough County; Florida","34013","11464",
"1400000US12057000201","Census Tract 2.01; Hillsborough County; Florida","31836","7284",
"1400000US12057000202","Census Tract 2.02; Hillsborough County; Florida","40466","11258",
"1400000US12057000301","Census Tract 3.01; Hillsborough County; Florida","47162","22903",
"1400000US12057000302","Census Tract 3.02; Hillsborough County; Florida","43746","932",
"1400000US12057000401","Census Tract 4.01; Hillsborough County; Florida","59375","22219",
"1400000US12057000402","Census Tract 4.02; Hillsborough County; Florida","52334","14168",
"1400000US12057000500","Census Tract 5; Hillsborough County; Florida","85193","6143",
"1400000US12057000601","Census Tract 6.01; Hillsborough County; Florida","49677","11450",
"1400000US12057000602","Census Tract 6.02; Hillsborough County; Florida","53248","2871",
"1400000US12057000701","Census Tract 7.01; Hillsborough County; Florida","49962","14033",
"1400000US12057000702","Census Tract 7.02; Hillsborough County; Florida","30278","18079",
"1400000US12057000800","Census Tract 8; Hillsborough County; Florida","56406","22004",
"1400000US12057000901","Census Tract 9.01; Hillsborough County; Florida","44672","5643",
"1400000US12057000902","Census Tract 9.02; Hillsborough County; Florida","38148","5918",
"1400000US12057001001","Census Tract 10.01; Hillsborough County; Florida","37958","5684",
"1400000US12057001002","Census Tract 10.02; Hillsborough County; Florida","58713","16725",
"1400000US12057001100","Census Tract 11; Hillsborough County; Florida","97708","29033",
"1400000US12057001200","Census Tract 12; Hillsborough County; Florida","53781","4995",
"1400000US12057001300","Census Tract 13; Hillsborough County; Florida","57229","15311",
"1400000US12057001400","Census Tract 14; Hillsborough County; Florida","64637","14188",
"1400000US12057001500","Census Tract 15; Hillsborough County; Florida","74464","50700",
"1400000US12057001600","Census Tract 16; Hillsborough County; Florida","97000","56966",
"1400000US12057001700","Census Tract 17; Hillsborough County; Florida","82083","18219",
"1400000US12057001800","Census Tract 18; Hillsborough County; Florida","39510","8670",
"1400000US12057001900","Census Tract 19; Hillsborough County; Florida","59401","21891",
"1400000US12057002000","Census Tract 20; Hillsborough County; Florida","55021","6175",
"1400000US12057002100","Census Tract 21; Hillsborough County; Florida","46947","38308",
"1400000US12057002200","Census Tract 22; Hillsborough County; Florida","97232","8972",
"1400000US12057002300","Census Tract 23; Hillsborough County; Florida","98641","21381",
"1400000US12057002400","Census Tract 24; Hillsborough County; Florida","62022","15994",
"1400000US12057002500","Census Tract 25; Hillsborough County; Florida","39183","7237",
"1400000US12057002600","Census Tract 26; Hillsborough County; Florida","40417","13546",
"1400000US12057002701","Census Tract 27.01; Hillsborough County; Florida","68560","15008",
"1400000US12057002702","Census Tract 27.02; Hillsborough County; Florida","76705","11202",
"1400000US12057002800","Census Tract 28; Hillsborough County; Florida","87198","27543",
"1400000US12057002900","Census Tract 29; Hillsborough County; Florida","59184","19474",
"1400000US12057003000","Census Tract 30; Hillsborough County; Florida","50000","14349",
"1400000US12057003100","Census Tract 31; Hillsborough County; Florida","13533","10774",
"1400000US12057003200","Census Tract 32; Hillsborough County; Florida","26429","4539",
"1400000US12057003300","Census Tract 33; Hillsborough County; Florida","31905","9578",
"1400000US12057003400","Census Tract 34; Hillsborough County; Florida","22404","12427",
"1400000US12057003500","Census Tract 35; Hillsborough County; Florida","37431","7749",
"1400000US12057003600","Census Tract 36; Hillsborough County; Florida","39164","11287",
"1400000US12057003700","Census Tract 37; Hillsborough County; Florida","38036","16261",
"1400000US12057003800","Census Tract 38; Hillsborough County; Florida","100884","9593",
"1400000US12057004100","Census Tract 41; Hillsborough County; Florida","28071","8451",
"1400000US12057004200","Census Tract 42; Hillsborough County; Florida","113750","41173",
"1400000US12057004300","Census Tract 43; Hillsborough County; Florida","17625","12852",
"1400000US12057004400","Census Tract 44; Hillsborough County; Florida","44500","10382",
"1400000US12057004500","Census Tract 45; Hillsborough County; Florida","64722","17397",
"1400000US12057004601","Census Tract 46.01; Hillsborough County; Florida","95896","15906",
"1400000US12057004602","Census Tract 46.02; Hillsborough County; Florida","74507","12413",
"1400000US12057004700","Census Tract 47; Hillsborough County; Florida","83598","13463",
"1400000US12057004800","Census Tract 48; Hillsborough County; Florida","92421","14852",
"1400000US12057004901","Census Tract 49.01; Hillsborough County; Florida","74583","14883",
"1400000US12057004902","Census Tract 49.02; Hillsborough County; Florida","133611","38652",
"1400000US12057005000","Census Tract 50; Hillsborough County; Florida","52625","18567",
"1400000US12057005101","Census Tract 51.01; Hillsborough County; Florida","92153","44721",
"1400000US12057005102","Census Tract 51.02; Hillsborough County; Florida","157036","25097",
"1400000US12057005301","Census Tract 53.01; Hillsborough County; Florida","120201","20654",
"1400000US12057005302","Census Tract 53.02; Hillsborough County; Florida","47382","29783",
"1400000US12057005401","Census Tract 54.01; Hillsborough County; Florida","141893","54320",
"1400000US12057005500","Census Tract 55; Hillsborough County; Florida","138864","32529",
"1400000US12057005700","Census Tract 57; Hillsborough County; Florida","114583","39971",
"1400000US12057005800","Census Tract 58; Hillsborough County; Florida","154269","33400",
"1400000US12057005900","Census Tract 59; Hillsborough County; Florida","176436","44519",
"1400000US12057006000","Census Tract 60; Hillsborough County; Florida","184046","35956",
"1400000US12057006101","Census Tract 61.01; Hillsborough County; Florida","130893","75079",
"1400000US12057006103","Census Tract 61.03; Hillsborough County; Florida","117841","20688",
"1400000US12057006200","Census Tract 62; Hillsborough County; Florida","180938","61606",
"1400000US12057006300","Census Tract 63; Hillsborough County; Florida","171354","24501",
"1400000US12057006400","Census Tract 64; Hillsborough County; Florida","215119","69800",
"1400000US12057006501","Census Tract 65.01; Hillsborough County; Florida","71425","13071",
"1400000US12057006503","Census Tract 65.03; Hillsborough County; Florida","56071","17926",
"1400000US12057006504","Census Tract 65.04; Hillsborough County; Florida","56055","9615",
"1400000US12057006600","Census Tract 66; Hillsborough County; Florida","68269","25091",
"1400000US12057006700","Census Tract 67; Hillsborough County; Florida","183359","87200",
"1400000US12057006801","Census Tract 68.01; Hillsborough County; Florida","90593","25612",
"1400000US12057006802","Census Tract 68.02; Hillsborough County; Florida","116827","36684",
"1400000US12057006900","Census Tract 69; Hillsborough County; Florida","115885","12584",
"1400000US12057007001","Census Tract 70.01; Hillsborough County; Florida","65915","17037",
"1400000US12057007002","Census Tract 70.02; Hillsborough County; Florida","68237","17748",
"1400000US12057007102","Census Tract 71.02; Hillsborough County; Florida","112518","30865",
"1400000US12057007103","Census Tract 71.03; Hillsborough County; Florida","94773","24139",
"1400000US12057007200","Census Tract 72; Hillsborough County; Florida","111730","9506",
"1400000US12057007300","Census Tract 73; Hillsborough County; Florida","107188","28869",
"1400000US12057010105","Census Tract 101.05; Hillsborough County; Florida","95250","19283",
"1400000US12057010106","Census Tract 101.06; Hillsborough County; Florida","85231","20388",
"1400000US12057010107","Census Tract 101.07; Hillsborough County; Florida","46875","7639",
"1400000US12057010108","Census Tract 101.08; Hillsborough County; Florida","62269","29389",
"1400000US12057010203","Census Tract 102.03; Hillsborough County; Florida","54840","8791",
"1400000US12057010204","Census Tract 102.04; Hillsborough County; Florida","55298","25061",
"1400000US12057010210","Census Tract 102.10; Hillsborough County; Florida","102778","35618",
"1400000US12057010211","Census Tract 102.11; Hillsborough County; Florida","112020","26124",
"1400000US12057010212","Census Tract 102.12; Hillsborough County; Florida","118900","26173",
"1400000US12057010213","Census Tract 102.13; Hillsborough County; Florida","91912","36541",
"1400000US12057010215","Census Tract 102.15; Hillsborough County; Florida","147656","38764",
"1400000US12057010216","Census Tract 102.16; Hillsborough County; Florida","128148","26195",
"1400000US12057010217","Census Tract 102.17; Hillsborough County; Florida","119290","16214",
"1400000US12057010218","Census Tract 102.18; Hillsborough County; Florida","97212","20897",
"1400000US12057010303","Census Tract 103.03; Hillsborough County; Florida","55240","8580",
"1400000US12057010304","Census Tract 103.04; Hillsborough County; Florida","83780","18384",
"1400000US12057010305","Census Tract 103.05; Hillsborough County; Florida","87234","34189",
"1400000US12057010401","Census Tract 104.01; Hillsborough County; Florida","55696","9597",
"1400000US12057010402","Census Tract 104.02; Hillsborough County; Florida","48418","11234",
"1400000US12057010501","Census Tract 105.01; Hillsborough County; Florida","43611","15923",
"1400000US12057010502","Census Tract 105.02; Hillsborough County; Florida","56458","16402",
"1400000US12057010600","Census Tract 106; Hillsborough County; Florida","79107","7372",
"1400000US12057010701","Census Tract 107.01; Hillsborough County; Florida","86576","5838",
"1400000US12057010702","Census Tract 107.02; Hillsborough County; Florida","105264","24153",
"1400000US12057010805","Census Tract 108.05; Hillsborough County; Florida","33509","12034",
"1400000US12057010808","Census Tract 108.08; Hillsborough County; Florida","41659","3870",
"1400000US12057010809","Census Tract 108.09; Hillsborough County; Florida","52994","16918",
"1400000US12057010810","Census Tract 108.10; Hillsborough County; Florida","67870","8587",
"1400000US12057010811","Census Tract 108.11; Hillsborough County; Florida","52303","26394",
"1400000US12057010814","Census Tract 108.14; Hillsborough County; Florida","47885","29455",
"1400000US12057010815","Census Tract 108.15; Hillsborough County; Florida","38000","10167",
"1400000US12057010816","Census Tract 108.16; Hillsborough County; Florida","28797","8577",
"1400000US12057010817","Census Tract 108.17; Hillsborough County; Florida","36847","6241",
"1400000US12057010819","Census Tract 108.19; Hillsborough County; Florida","42715","9269",
"1400000US12057010820","Census Tract 108.20; Hillsborough County; Florida","50207","7289",
"1400000US12057010821","Census Tract 108.21; Hillsborough County; Florida","30768","7885",
"1400000US12057010822","Census Tract 108.22; Hillsborough County; Florida","34821","8036",
"1400000US12057010823","Census Tract 108.23; Hillsborough County; Florida","36991","6287",
"1400000US12057010824","Census Tract 108.24; Hillsborough County; Florida","23476","9659",
"1400000US12057010900","Census Tract 109; Hillsborough County; Florida","-","**",
"1400000US12057011003","Census Tract 110.03; Hillsborough County; Florida","48656","14557",
"1400000US12057011005","Census Tract 110.05; Hillsborough County; Florida","135694","33077",
"1400000US12057011006","Census Tract 110.06; Hillsborough County; Florida","107941","30725",
"1400000US12057011007","Census Tract 110.07; Hillsborough County; Florida","134583","35666",
"1400000US12057011008","Census Tract 110.08; Hillsborough County; Florida","102206","10411",
"1400000US12057011010","Census Tract 110.10; Hillsborough County; Florida","36615","6257",
"1400000US12057011013","Census Tract 110.13; Hillsborough County; Florida","78333","7911",
"1400000US12057011016","Census Tract 110.16; Hillsborough County; Florida","108791","14464",
"1400000US12057011017","Census Tract 110.17; Hillsborough County; Florida","104345","18133",
"1400000US12057011018","Census Tract 110.18; Hillsborough County; Florida","53556","12809",
"1400000US12057011019","Census Tract 110.19; Hillsborough County; Florida","123162","19770",
"1400000US12057011103","Census Tract 111.03; Hillsborough County; Florida","144167","38822",
"1400000US12057011106","Census Tract 111.06; Hillsborough County; Florida","64032","8106",
"1400000US12057011107","Census Tract 111.07; Hillsborough County; Florida","95397","17883",
"1400000US12057011108","Census Tract 111.08; Hillsborough County; Florida","71429","18399",
"1400000US12057011109","Census Tract 111.09; Hillsborough County; Florida","119423","28083",
"1400000US12057011203","Census Tract 112.03; Hillsborough County; Florida","77018","8830",
"1400000US12057011204","Census Tract 112.04; Hillsborough County; Florida","57451","17862",
"1400000US12057011205","Census Tract 112.05; Hillsborough County; Florida","83197","20367",
"1400000US12057011206","Census Tract 112.06; Hillsborough County; Florida","58113","7712",
"1400000US12057011301","Census Tract 113.01; Hillsborough County; Florida","117619","13133",
"1400000US12057011303","Census Tract 113.03; Hillsborough County; Florida","73200","12085",
"1400000US12057011304","Census Tract 113.04; Hillsborough County; Florida","126198","39469",
"1400000US12057011407","Census Tract 114.07; Hillsborough County; Florida","87500","27032",
"1400000US12057011408","Census Tract 114.08; Hillsborough County; Florida","101607","33425",
"1400000US12057011409","Census Tract 114.09; Hillsborough County; Florida","116023","19557",
"1400000US12057011410","Census Tract 114.10; Hillsborough County; Florida","126140","11612",
"1400000US12057011411","Census Tract 114.11; Hillsborough County; Florida","104250","19201",
"1400000US12057011412","Census Tract 114.12; Hillsborough County; Florida","73458","23960",
"1400000US12057011413","Census Tract 114.13; Hillsborough County; Florida","102569","37089",
"1400000US12057011414","Census Tract 114.14; Hillsborough County; Florida","66517","5491",
"1400000US12057011415","Census Tract 114.15; Hillsborough County; Florida","98823","16514",
"1400000US12057011416","Census Tract 114.16; Hillsborough County; Florida","70560","5835",
"1400000US12057011417","Census Tract 114.17; Hillsborough County; Florida","62146","13925",
"1400000US12057011418","Census Tract 114.18; Hillsborough County; Florida","96719","20176",
"1400000US12057011504","Census Tract 115.04; Hillsborough County; Florida","128750","38882",
"1400000US12057011506","Census Tract 115.06; Hillsborough County; Florida","126581","24046",
"1400000US12057011509","Census Tract 115.09; Hillsborough County; Florida","164597","32020",
"1400000US12057011510","Census Tract 115.10; Hillsborough County; Florida","194265","27485",
"1400000US12057011512","Census Tract 115.12; Hillsborough County; Florida","138361","23266",
"1400000US12057011514","Census Tract 115.14; Hillsborough County; Florida","116860","27343",
"1400000US12057011515","Census Tract 115.15; Hillsborough County; Florida","104792","12539",
"1400000US12057011516","Census Tract 115.16; Hillsborough County; Florida","83173","17323",
"1400000US12057011518","Census Tract 115.18; Hillsborough County; Florida","152418","22212",
"1400000US12057011519","Census Tract 115.19; Hillsborough County; Florida","153365","14582",
"1400000US12057011520","Census Tract 115.20; Hillsborough County; Florida","143786","14760",
"1400000US12057011521","Census Tract 115.21; Hillsborough County; Florida","66967","13020",
"1400000US12057011522","Census Tract 115.22; Hillsborough County; Florida","174107","46141",
"1400000US12057011523","Census Tract 115.23; Hillsborough County; Florida","139500","43557",
"1400000US12057011524","Census Tract 115.24; Hillsborough County; Florida","53371","17294",
"1400000US12057011525","Census Tract 115.25; Hillsborough County; Florida","129155","28768",
"1400000US12057011526","Census Tract 115.26; Hillsborough County; Florida","76761","10572",
"1400000US12057011527","Census Tract 115.27; Hillsborough County; Florida","177045","47736",
"1400000US12057011528","Census Tract 115.28; Hillsborough County; Florida","141397","45464",
"1400000US12057011603","Census Tract 116.03; Hillsborough County; Florida","91971","13217",
"1400000US12057011605","Census Tract 116.05; Hillsborough County; Florida","58895","12449",
"1400000US12057011610","Census Tract 116.10; Hillsborough County; Florida","58594","10650",
"1400000US12057011611","Census Tract 116.11; Hillsborough County; Florida","72304","19482",
"1400000US12057011612","Census Tract 116.12; Hillsborough County; Florida","79167","17801",
"1400000US12057011613","Census Tract 116.13; Hillsborough County; Florida","56369","18621",
"1400000US12057011614","Census Tract 116.14; Hillsborough County; Florida","58155","13836",
"1400000US12057011615","Census Tract 116.15; Hillsborough County; Florida","71699","16045",
"1400000US12057011616","Census Tract 116.16; Hillsborough County; Florida","88588","13184",
"1400000US12057011617","Census Tract 116.17; Hillsborough County; Florida","67742","20174",
"1400000US12057011708","Census Tract 117.08; Hillsborough County; Florida","95888","24184",
"1400000US12057011712","Census Tract 117.12; Hillsborough County; Florida","94127","12976",
"1400000US12057011713","Census Tract 117.13; Hillsborough County; Florida","87566","16655",
"1400000US12057011714","Census Tract 117.14; Hillsborough County; Florida","97656","28680",
"1400000US12057011715","Census Tract 117.15; Hillsborough County; Florida","65208","12033",
"1400000US12057011716","Census Tract 117.16; Hillsborough County; Florida","63804","19363",
"1400000US12057011802","Census Tract 118.02; Hillsborough County; Florida","45579","11092",
"1400000US12057011804","Census Tract 118.04; Hillsborough County; Florida","61377","12610",
"1400000US12057011805","Census Tract 118.05; Hillsborough County; Florida","70663","7292",
"1400000US12057011806","Census Tract 118.06; Hillsborough County; Florida","45657","5420",
"1400000US12057011905","Census Tract 119.05; Hillsborough County; Florida","52209","28645",
"1400000US12057011907","Census Tract 119.07; Hillsborough County; Florida","62530","12317",
"1400000US12057011908","Census Tract 119.08; Hillsborough County; Florida","40154","15155",
"1400000US12057011909","Census Tract 119.09; Hillsborough County; Florida","66250","27569",
"1400000US12057011910","Census Tract 119.10; Hillsborough County; Florida","57791","14382",
"1400000US12057011911","Census Tract 119.11; Hillsborough County; Florida","47208","13510",
"1400000US12057012001","Census Tract 120.01; Hillsborough County; Florida","50917","23355",
"1400000US12057012002","Census Tract 120.02; Hillsborough County; Florida","50775","12652",
"1400000US12057012103","Census Tract 121.03; Hillsborough County; Florida","80333","24283",
"1400000US12057012106","Census Tract 121.06; Hillsborough County; Florida","91271","25001",
"1400000US12057012107","Census Tract 121.07; Hillsborough County; Florida","54684","7297",
"1400000US12057012108","Census Tract 121.08; Hillsborough County; Florida","72635","17735",
"1400000US12057012109","Census Tract 121.09; Hillsborough County; Florida","48196","11417",
"1400000US12057012110","Census Tract 121.10; Hillsborough County; Florida","57132","25597",
"1400000US12057012206","Census Tract 122.06; Hillsborough County; Florida","118607","26838",
"1400000US12057012207","Census Tract 122.07; Hillsborough County; Florida","85402","15333",
"1400000US12057012208","Census Tract 122.08; Hillsborough County; Florida","122824","19097",
"1400000US12057012209","Census Tract 122.09; Hillsborough County; Florida","110066","20025",
"1400000US12057012210","Census Tract 122.10; Hillsborough County; Florida","79893","9410",
"1400000US12057012211","Census Tract 122.11; Hillsborough County; Florida","25682","3064",
"1400000US12057012212","Census Tract 122.12; Hillsborough County; Florida","68617","27642",
"1400000US12057012213","Census Tract 122.13; Hillsborough County; Florida","81900","14393",
"1400000US12057012301","Census Tract 123.01; Hillsborough County; Florida","63729","5877",
"1400000US12057012303","Census Tract 123.03; Hillsborough County; Florida","72884","17768",
"1400000US12057012304","Census Tract 123.04; Hillsborough County; Florida","68629","13811",
"1400000US12057012401","Census Tract 124.01; Hillsborough County; Florida","72009","17475",
"1400000US12057012402","Census Tract 124.02; Hillsborough County; Florida","67713","13527",
"1400000US12057012403","Census Tract 124.03; Hillsborough County; Florida","81477","19905",
"1400000US12057012501","Census Tract 125.01; Hillsborough County; Florida","61939","7573",
"1400000US12057012503","Census Tract 125.03; Hillsborough County; Florida","79329","24629",
"1400000US12057012504","Census Tract 125.04; Hillsborough County; Florida","100823","16771",
"1400000US12057012600","Census Tract 126; Hillsborough County; Florida","48984","15193",
"1400000US12057012701","Census Tract 127.01; Hillsborough County; Florida","73277","18964",
"1400000US12057012702","Census Tract 127.02; Hillsborough County; Florida","66174","13446",
"1400000US12057012800","Census Tract 128; Hillsborough County; Florida","54970","10721",
"1400000US12057012900","Census Tract 129; Hillsborough County; Florida","54638","9935",
"1400000US12057013001","Census Tract 130.01; Hillsborough County; Florida","66731","13553",
"1400000US12057013002","Census Tract 130.02; Hillsborough County; Florida","72096","15502",
"1400000US12057013003","Census Tract 130.03; Hillsborough County; Florida","63493","12328",
"1400000US12057013004","Census Tract 130.04; Hillsborough County; Florida","69265","29274",
"1400000US12057013100","Census Tract 131; Hillsborough County; Florida","83854","13895",
"1400000US12057013203","Census Tract 132.03; Hillsborough County; Florida","99896","19756",
"1400000US12057013204","Census Tract 132.04; Hillsborough County; Florida","61656","4479",
"1400000US12057013205","Census Tract 132.05; Hillsborough County; Florida","121742","21398",
"1400000US12057013206","Census Tract 132.06; Hillsborough County; Florida","101900","13913",
"1400000US12057013207","Census Tract 132.07; Hillsborough County; Florida","120331","35679",
"1400000US12057013208","Census Tract 132.08; Hillsborough County; Florida","144063","30740",
"1400000US12057013305","Census Tract 133.05; Hillsborough County; Florida","119075","9343",
"1400000US12057013307","Census Tract 133.07; Hillsborough County; Florida","61143","6614",
"1400000US12057013310","Census Tract 133.10; Hillsborough County; Florida","97439","44650",
"1400000US12057013311","Census Tract 133.11; Hillsborough County; Florida","64808","12330",
"1400000US12057013312","Census Tract 133.12; Hillsborough County; Florida","100500","19110",
"1400000US12057013313","Census Tract 133.13; Hillsborough County; Florida","109783","13718",
"1400000US12057013314","Census Tract 133.14; Hillsborough County; Florida","107625","34712",
"1400000US12057013315","Census Tract 133.15; Hillsborough County; Florida","69125","9071",
"1400000US12057013316","Census Tract 133.16; Hillsborough County; Florida","63045","8062",
"1400000US12057013317","Census Tract 133.17; Hillsborough County; Florida","59435","14077",
"1400000US12057013319","Census Tract 133.19; Hillsborough County; Florida","75704","8117",
"1400000US12057013320","Census Tract 133.20; Hillsborough County; Florida","79653","32358",
"1400000US12057013322","Census Tract 133.22; Hillsborough County; Florida","94636","22716",
"1400000US12057013323","Census Tract 133.23; Hillsborough County; Florida","95271","11591",
"1400000US12057013406","Census Tract 134.06; Hillsborough County; Florida","61495","10588",
"1400000US12057013407","Census Tract 134.07; Hillsborough County; Florida","99750","22817",
"1400000US12057013409","Census Tract 134.09; Hillsborough County; Florida","104583","20842",
"1400000US12057013410","Census Tract 134.10; Hillsborough County; Florida","70302","10504",
"1400000US12057013411","Census Tract 134.11; Hillsborough County; Florida","82763","30255",
"1400000US12057013412","Census Tract 134.12; Hillsborough County; Florida","100597","15748",
"1400000US12057013413","Census Tract 134.13; Hillsborough County; Florida","124245","13295",
"1400000US12057013414","Census Tract 134.14; Hillsborough County; Florida","102188","27643",
"1400000US12057013415","Census Tract 134.15; Hillsborough County; Florida","136023","25886",
"1400000US12057013501","Census Tract 135.01; Hillsborough County; Florida","75066","20526",
"1400000US12057013503","Census Tract 135.03; Hillsborough County; Florida","59602","14410",
"1400000US12057013504","Census Tract 135.04; Hillsborough County; Florida","57092","17235",
"1400000US12057013505","Census Tract 135.05; Hillsborough County; Florida","67256","14747",
"1400000US12057013602","Census Tract 136.02; Hillsborough County; Florida","82066","43352",
"1400000US12057013604","Census Tract 136.04; Hillsborough County; Florida","49792","18549",
"1400000US12057013702","Census Tract 137.02; Hillsborough County; Florida","95744","19946",
"1400000US12057013703","Census Tract 137.03; Hillsborough County; Florida","80906","18229",
"1400000US12057013705","Census Tract 137.05; Hillsborough County; Florida","80855","23461",
"1400000US12057013706","Census Tract 137.06; Hillsborough County; Florida","-","**",
"1400000US12057013801","Census Tract 138.01; Hillsborough County; Florida","45000","18824",
"1400000US12057013802","Census Tract 138.02; Hillsborough County; Florida","68464","24364",
"1400000US12057013803","Census Tract 138.03; Hillsborough County; Florida","54079","8071",
"1400000US12057013804","Census Tract 138.04; Hillsborough County; Florida","100091","18289",
"1400000US12057013806","Census Tract 138.06; Hillsborough County; Florida","104146","16938",
"1400000US12057013807","Census Tract 138.07; Hillsborough County; Florida","99762","9321",
"1400000US12057013903","Census Tract 139.03; Hillsborough County; Florida","88958","29777",
"1400000US12057013907","Census Tract 139.07; Hillsborough County; Florida","71929","28162",
"1400000US12057013912","Census Tract 139.12; Hillsborough County; Florida","122088","22562",
"1400000US12057013913","Census Tract 139.13; Hillsborough County; Florida","111133","10628",
"1400000US12057013914","Census Tract 139.14; Hillsborough County; Florida","68255","31417",
"1400000US12057013915","Census Tract 139.15; Hillsborough County; Florida","122953","11624",
"1400000US12057013916","Census Tract 139.16; Hillsborough County; Florida","116174","17712",
"1400000US12057013917","Census Tract 139.17; Hillsborough County; Florida","94150","12991",
"1400000US12057013918","Census Tract 139.18; Hillsborough County; Florida","105972","11219",
"1400000US12057013919","Census Tract 139.19; Hillsborough County; Florida","106435","16308",
"1400000US12057013922","Census Tract 139.22; Hillsborough County; Florida","114787","20635",
"1400000US12057013923","Census Tract 139.23; Hillsborough County; Florida","124340","32952",
"1400000US12057013924","Census Tract 139.24; Hillsborough County; Florida","128005","11589",
"1400000US12057013925","Census Tract 139.25; Hillsborough County; Florida","58901","18324",
"1400000US12057013926","Census Tract 139.26; Hillsborough County; Florida","157500","13556",
"1400000US12057014002","Census Tract 140.02; Hillsborough County; Florida","51591","9666",
"1400000US12057014003","Census Tract 140.03; Hillsborough County; Florida","85227","11567",
"1400000US12057014007","Census Tract 140.07; Hillsborough County; Florida","105262","12655",
"1400000US12057014008","Census Tract 140.08; Hillsborough County; Florida","62713","12775",
"1400000US12057014009","Census Tract 140.09; Hillsborough County; Florida","73484","10323",
"1400000US12057014010","Census Tract 140.10; Hillsborough County; Florida","53323","3999",
"1400000US12057014011","Census Tract 140.11; Hillsborough County; Florida","52526","8677",
"1400000US12057014012","Census Tract 140.12; Hillsborough County; Florida","72209","8096",
"1400000US12057014013","Census Tract 140.13; Hillsborough County; Florida","46719","20598",
"1400000US12057014014","Census Tract 140.14; Hillsborough County; Florida","42407","8528",
"1400000US12057014017","Census Tract 140.17; Hillsborough County; Florida","79779","11323",
"1400000US12057014104","Census Tract 141.04; Hillsborough County; Florida","47941","36847",
"1400000US12057014106","Census Tract 141.06; Hillsborough County; Florida","90875","26572",
"1400000US12057014108","Census Tract 141.08; Hillsborough County; Florida","77612","33594",
"1400000US12057014109","Census Tract 141.09; Hillsborough County; Florida","78542","18305",
"1400000US12057014117","Census Tract 141.17; Hillsborough County; Florida","124375","49571",
"1400000US12057014118","Census Tract 141.18; Hillsborough County; Florida","101080","14513",
"1400000US12057014119","Census Tract 141.19; Hillsborough County; Florida","127798","9818",
"1400000US12057014121","Census Tract 141.21; Hillsborough County; Florida","105823","19918",
"1400000US12057014122","Census Tract 141.22; Hillsborough County; Florida","73475","18869",
"1400000US12057014200","Census Tract 142; Hillsborough County; Florida","34202","14579",
"1400000US12057014300","Census Tract 143; Hillsborough County; Florida","92955","28121",
"1400000US12057014400","Census Tract 144; Hillsborough County; Florida","107808","16333",
"1400000US12057980100","Census Tract 9801; Hillsborough County; Florida","-","**",
"1400000US12057980200","Census Tract 9802; Hillsborough County; Florida","-","**",
"1400000US12057980300","Census Tract 9803; Hillsborough County; Florida","-","**",
"1400000US12057980400","Census Tract 9804; Hillsborough County; Florida","31736","2416",
"1400000US12057980500","Census Tract 9805; Hillsborough County; Florida","-","**",
"1400000US12057980600","Census Tract 9806; Hillsborough County; Florida","-","**",
"1400000US12057980700","Census Tract 9807; Hillsborough County; Florida","-","**",
"1400000US12057990000","Census Tract 9900; Hillsborough County; Florida","-","**",
"1400000US12057990100","Census Tract 9901; Hillsborough County; Florida","-","**",
"1400000US12059960100","Census Tract 9601; Holmes County; Florida","58903","7827",
"1400000US12059960201","Census Tract 9602.01; Holmes County; Florida","51909","8659",
"1400000US12059960202","Census Tract 9602.02; Holmes County; Florida","46094","11497",
"1400000US12059960300","Census Tract 9603; Holmes County; Florida","36607","9529",
"1400000US12059960401","Census Tract 9604.01; Holmes County; Florida","-","**",
"1400000US12059960402","Census Tract 9604.02; Holmes County; Florida","52386","13265",
"1400000US12059960403","Census Tract 9604.03; Holmes County; Florida","42500","10920",
"1400000US12061050101","Census Tract 501.01; Indian River County; Florida","47485","6284",
"1400000US12061050102","Census Tract 501.02; Indian River County; Florida","54464","16177",
"1400000US12061050201","Census Tract 502.01; Indian River County; Florida","68625","32732",
"1400000US12061050202","Census Tract 502.02; Indian River County; Florida","66500","10991",
"1400000US12061050303","Census Tract 503.03; Indian River County; Florida","24381","3376",
"1400000US12061050304","Census Tract 503.04; Indian River County; Florida","44136","17314",
"1400000US12061050305","Census Tract 503.05; Indian River County; Florida","75168","25427",
"1400000US12061050306","Census Tract 503.06; Indian River County; Florida","116953","41811",
"1400000US12061050401","Census Tract 504.01; Indian River County; Florida","40173","11669",
"1400000US12061050402","Census Tract 504.02; Indian River County; Florida","68075","14465",
"1400000US12061050504","Census Tract 505.04; Indian River County; Florida","148092","53072",
"1400000US12061050505","Census Tract 505.05; Indian River County; Florida","117143","23607",
"1400000US12061050506","Census Tract 505.06; Indian River County; Florida","137750","31475",
"1400000US12061050507","Census Tract 505.07; Indian River County; Florida","234236","100560",
"1400000US12061050508","Census Tract 505.08; Indian River County; Florida","147011","42727",
"1400000US12061050509","Census Tract 505.09; Indian River County; Florida","202000","33314",
"1400000US12061050601","Census Tract 506.01; Indian River County; Florida","42222","8743",
"1400000US12061050602","Census Tract 506.02; Indian River County; Florida","79083","10450",
"1400000US12061050603","Census Tract 506.03; Indian River County; Florida","86373","8271",
"1400000US12061050604","Census Tract 506.04; Indian River County; Florida","32443","9948",
"1400000US12061050605","Census Tract 506.05; Indian River County; Florida","79050","26819",
"1400000US12061050607","Census Tract 506.07; Indian River County; Florida","63209","5423",
"1400000US12061050608","Census Tract 506.08; Indian River County; Florida","66409","3094",
"1400000US12061050702","Census Tract 507.02; Indian River County; Florida","81771","15718",
"1400000US12061050704","Census Tract 507.04; Indian River County; Florida","79583","12863",
"1400000US12061050706","Census Tract 507.06; Indian River County; Florida","95227","13844",
"1400000US12061050707","Census Tract 507.07; Indian River County; Florida","100250","28839",
"1400000US12061050708","Census Tract 507.08; Indian River County; Florida","62106","9022",
"1400000US12061050709","Census Tract 507.09; Indian River County; Florida","63775","17275",
"1400000US12061050805","Census Tract 508.05; Indian River County; Florida","67143","16391",
"1400000US12061050806","Census Tract 508.06; Indian River County; Florida","57071","11945",
"1400000US12061050807","Census Tract 508.07; Indian River County; Florida","70372","23499",
"1400000US12061050808","Census Tract 508.08; Indian River County; Florida","63313","10886",
"1400000US12061050809","Census Tract 508.09; Indian River County; Florida","67628","10215",
"1400000US12061050810","Census Tract 508.10; Indian River County; Florida","74596","17612",
"1400000US12061050811","Census Tract 508.11; Indian River County; Florida","93407","16151",
"1400000US12061050812","Census Tract 508.12; Indian River County; Florida","88795","13632",
"1400000US12061050903","Census Tract 509.03; Indian River County; Florida","87167","25985",
"1400000US12061050905","Census Tract 509.05; Indian River County; Florida","88500","24167",
"1400000US12061050906","Census Tract 509.06; Indian River County; Florida","43088","14713",
"1400000US12061050907","Census Tract 509.07; Indian River County; Florida","50485","9913",
"1400000US12061050908","Census Tract 509.08; Indian River County; Florida","64000","36741",
"1400000US12061050909","Census Tract 509.09; Indian River County; Florida","70541","37973",
"1400000US12061980000","Census Tract 9800; Indian River County; Florida","-","**",
"1400000US12061990000","Census Tract 9900; Indian River County; Florida","-","**",
"1400000US12063210100","Census Tract 2101; Jackson County; Florida","49943","9887",
"1400000US12063210200","Census Tract 2102; Jackson County; Florida","46500","13064",
"1400000US12063210301","Census Tract 2103.01; Jackson County; Florida","62794","6146",
"1400000US12063210302","Census Tract 2103.02; Jackson County; Florida","41875","13138",
"1400000US12063210400","Census Tract 2104; Jackson County; Florida","46744","7421",
"1400000US12063210500","Census Tract 2105; Jackson County; Florida","51129","15227",
"1400000US12063210600","Census Tract 2106; Jackson County; Florida","36536","8016",
"1400000US12063210700","Census Tract 2107; Jackson County; Florida","62222","17127",
"1400000US12063210800","Census Tract 2108; Jackson County; Florida","48082","9009",
"1400000US12063210901","Census Tract 2109.01; Jackson County; Florida","45086","10939",
"1400000US12063210902","Census Tract 2109.02; Jackson County; Florida","47431","9118",
"1400000US12063211000","Census Tract 2110; Jackson County; Florida","52965","13036",
"1400000US12063211100","Census Tract 2111; Jackson County; Florida","49245","5693",
"1400000US12065250103","Census Tract 2501.03; Jefferson County; Florida","41806","20941",
"1400000US12065250104","Census Tract 2501.04; Jefferson County; Florida","81902","26281",
"1400000US12065250105","Census Tract 2501.05; Jefferson County; Florida","61250","22449",
"1400000US12065250106","Census Tract 2501.06; Jefferson County; Florida","72708","18861",
"1400000US12065250200","Census Tract 2502; Jefferson County; Florida","64093","9313",
"1400000US12065990000","Census Tract 9900; Jefferson County; Florida","-","**",
"1400000US12067960100","Census Tract 9601; Lafayette County; Florida","58309","22424",
"1400000US12067960201","Census Tract 9602.01; Lafayette County; Florida","49659","24159",
"1400000US12067960202","Census Tract 9602.02; Lafayette County; Florida","63886","3978",
"1400000US12069030102","Census Tract 301.02; Lake County; Florida","55697","5864",
"1400000US12069030104","Census Tract 301.04; Lake County; Florida","65962","11822",
"1400000US12069030106","Census Tract 301.06; Lake County; Florida","52198","11274",
"1400000US12069030108","Census Tract 301.08; Lake County; Florida","93229","17507",
"1400000US12069030109","Census Tract 301.09; Lake County; Florida","72580","2507",
"1400000US12069030110","Census Tract 301.10; Lake County; Florida","75774","6282",
"1400000US12069030111","Census Tract 301.11; Lake County; Florida","90000","15906",
"1400000US12069030112","Census Tract 301.12; Lake County; Florida","62419","24803",
"1400000US12069030203","Census Tract 302.03; Lake County; Florida","90643","17688",
"1400000US12069030204","Census Tract 302.04; Lake County; Florida","77607","17518",
"1400000US12069030206","Census Tract 302.06; Lake County; Florida","61932","15718",
"1400000US12069030208","Census Tract 302.08; Lake County; Florida","100294","23905",
"1400000US12069030209","Census Tract 302.09; Lake County; Florida","27214","9878",
"1400000US12069030210","Census Tract 302.10; Lake County; Florida","58082","18409",
"1400000US12069030211","Census Tract 302.11; Lake County; Florida","86583","16200",
"1400000US12069030302","Census Tract 303.02; Lake County; Florida","60347","13720",
"1400000US12069030305","Census Tract 303.05; Lake County; Florida","56750","15965",
"1400000US12069030306","Census Tract 303.06; Lake County; Florida","55761","17429",
"1400000US12069030307","Census Tract 303.07; Lake County; Florida","44886","16116",
"1400000US12069030308","Census Tract 303.08; Lake County; Florida","49700","17026",
"1400000US12069030405","Census Tract 304.05; Lake County; Florida","70107","17891",
"1400000US12069030406","Census Tract 304.06; Lake County; Florida","51681","22004",
"1400000US12069030407","Census Tract 304.07; Lake County; Florida","51771","8284",
"1400000US12069030408","Census Tract 304.08; Lake County; Florida","53036","11124",
"1400000US12069030409","Census Tract 304.09; Lake County; Florida","39082","5872",
"1400000US12069030410","Census Tract 304.10; Lake County; Florida","101848","7007",
"1400000US12069030411","Census Tract 304.11; Lake County; Florida","48639","15292",
"1400000US12069030505","Census Tract 305.05; Lake County; Florida","36167","3805",
"1400000US12069030506","Census Tract 305.06; Lake County; Florida","88600","11432",
"1400000US12069030507","Census Tract 305.07; Lake County; Florida","47039","10883",
"1400000US12069030601","Census Tract 306.01; Lake County; Florida","49832","7472",
"1400000US12069030602","Census Tract 306.02; Lake County; Florida","38571","17502",
"1400000US12069030701","Census Tract 307.01; Lake County; Florida","66276","9624",
"1400000US12069030702","Census Tract 307.02; Lake County; Florida","70986","12367",
"1400000US12069030803","Census Tract 308.03; Lake County; Florida","64647","26955",
"1400000US12069030804","Census Tract 308.04; Lake County; Florida","46848","9000",
"1400000US12069030805","Census Tract 308.05; Lake County; Florida","69844","19518",
"1400000US12069030806","Census Tract 308.06; Lake County; Florida","49172","5422",
"1400000US12069030807","Census Tract 308.07; Lake County; Florida","60175","15318",
"1400000US12069030914","Census Tract 309.14; Lake County; Florida","64387","8652",
"1400000US12069030915","Census Tract 309.15; Lake County; Florida","60513","13330",
"1400000US12069030916","Census Tract 309.16; Lake County; Florida","111691","41598",
"1400000US12069030917","Census Tract 309.17; Lake County; Florida","115286","20690",
"1400000US12069030918","Census Tract 309.18; Lake County; Florida","89750","13476",
"1400000US12069031001","Census Tract 310.01; Lake County; Florida","74375","10835",
"1400000US12069031002","Census Tract 310.02; Lake County; Florida","81854","7212",
"1400000US12069031103","Census Tract 311.03; Lake County; Florida","100694","14314",
"1400000US12069031104","Census Tract 311.04; Lake County; Florida","54014","3147",
"1400000US12069031105","Census Tract 311.05; Lake County; Florida","87275","19256",
"1400000US12069031106","Census Tract 311.06; Lake County; Florida","72250","4794",
"1400000US12069031107","Census Tract 311.07; Lake County; Florida","70227","16902",
"1400000US12069031108","Census Tract 311.08; Lake County; Florida","83942","24723",
"1400000US12069031202","Census Tract 312.02; Lake County; Florida","61742","14286",
"1400000US12069031203","Census Tract 312.03; Lake County; Florida","79779","11153",
"1400000US12069031205","Census Tract 312.05; Lake County; Florida","83130","15607",
"1400000US12069031206","Census Tract 312.06; Lake County; Florida","79600","7262",
"1400000US12069031207","Census Tract 312.07; Lake County; Florida","102182","11359",
"1400000US12069031208","Census Tract 312.08; Lake County; Florida","97273","15643",
"1400000US12069031301","Census Tract 313.01; Lake County; Florida","87415","17334",
"1400000US12069031306","Census Tract 313.06; Lake County; Florida","115642","22440",
"1400000US12069031308","Census Tract 313.08; Lake County; Florida","80130","14380",
"1400000US12069031309","Census Tract 313.09; Lake County; Florida","110524","5273",
"1400000US12069031312","Census Tract 313.12; Lake County; Florida","43516","18198",
"1400000US12069031313","Census Tract 313.13; Lake County; Florida","80677","30652",
"1400000US12069031314","Census Tract 313.14; Lake County; Florida","110218","22102",
"1400000US12069031315","Census Tract 313.15; Lake County; Florida","80600","17162",
"1400000US12069031316","Census Tract 313.16; Lake County; Florida","93451","13827",
"1400000US12069031317","Census Tract 313.17; Lake County; Florida","61440","11465",
"1400000US12069031318","Census Tract 313.18; Lake County; Florida","69013","12386",
"1400000US12069031319","Census Tract 313.19; Lake County; Florida","87000","24925",
"1400000US12069031320","Census Tract 313.20; Lake County; Florida","88105","23407",
"1400000US12069031321","Census Tract 313.21; Lake County; Florida","136174","45710",
"1400000US12069031322","Census Tract 313.22; Lake County; Florida","84671","37797",
"1400000US12069031323","Census Tract 313.23; Lake County; Florida","94771","13021",
"1400000US12069031324","Census Tract 313.24; Lake County; Florida","78980","20770",
"1400000US12071000303","Census Tract 3.03; Lee County; Florida","51012","17550",
"1400000US12071000304","Census Tract 3.04; Lee County; Florida","52143","32775",
"1400000US12071000305","Census Tract 3.05; Lee County; Florida","50446","14158",
"1400000US12071000306","Census Tract 3.06; Lee County; Florida","53462","19567",
"1400000US12071000401","Census Tract 4.01; Lee County; Florida","76036","5395",
"1400000US12071000402","Census Tract 4.02; Lee County; Florida","53750","30193",
"1400000US12071000502","Census Tract 5.02; Lee County; Florida","33155","14709",
"1400000US12071000503","Census Tract 5.03; Lee County; Florida","51833","17216",
"1400000US12071000504","Census Tract 5.04; Lee County; Florida","35444","11157",
"1400000US12071000600","Census Tract 6; Lee County; Florida","31121","13710",
"1400000US12071000700","Census Tract 7; Lee County; Florida","41295","6680",
"1400000US12071000800","Census Tract 8; Lee County; Florida","71438","47014",
"1400000US12071000900","Census Tract 9; Lee County; Florida","157656","47534",
"1400000US12071001001","Census Tract 10.01; Lee County; Florida","120375","27541",
"1400000US12071001002","Census Tract 10.02; Lee County; Florida","38997","7916",
"1400000US12071001101","Census Tract 11.01; Lee County; Florida","50681","12898",
"1400000US12071001103","Census Tract 11.03; Lee County; Florida","38448","6502",
"1400000US12071001104","Census Tract 11.04; Lee County; Florida","28809","10899",
"1400000US12071001203","Census Tract 12.03; Lee County; Florida","54097","20707",
"1400000US12071001204","Census Tract 12.04; Lee County; Florida","96801","20357",
"1400000US12071001205","Census Tract 12.05; Lee County; Florida","66356","14191",
"1400000US12071001206","Census Tract 12.06; Lee County; Florida","79476","14231",
"1400000US12071001207","Census Tract 12.07; Lee County; Florida","84598","12455",
"1400000US12071001208","Census Tract 12.08; Lee County; Florida","134732","25826",
"1400000US12071001209","Census Tract 12.09; Lee County; Florida","75740","8690",
"1400000US12071001300","Census Tract 13; Lee County; Florida","61788","4577",
"1400000US12071001401","Census Tract 14.01; Lee County; Florida","42331","5977",
"1400000US12071001402","Census Tract 14.02; Lee County; Florida","133991","14505",
"1400000US12071001501","Census Tract 15.01; Lee County; Florida","79643","26681",
"1400000US12071001502","Census Tract 15.02; Lee County; Florida","52413","11765",
"1400000US12071001601","Census Tract 16.01; Lee County; Florida","58907","6026",
"1400000US12071001602","Census Tract 16.02; Lee County; Florida","60753","8955",
"1400000US12071001701","Census Tract 17.01; Lee County; Florida","61337","6547",
"1400000US12071001705","Census Tract 17.05; Lee County; Florida","61268","11074",
"1400000US12071001706","Census Tract 17.06; Lee County; Florida","83933","8956",
"1400000US12071001708","Census Tract 17.08; Lee County; Florida","48875","13177",
"1400000US12071001709","Census Tract 17.09; Lee County; Florida","79079","20057",
"1400000US12071001710","Census Tract 17.10; Lee County; Florida","63519","18996",
"1400000US12071001711","Census Tract 17.11; Lee County; Florida","43796","18217",
"1400000US12071001801","Census Tract 18.01; Lee County; Florida","100885","21734",
"1400000US12071001802","Census Tract 18.02; Lee County; Florida","115119","26589",
"1400000US12071001903","Census Tract 19.03; Lee County; Florida","103565","24271",
"1400000US12071001908","Census Tract 19.08; Lee County; Florida","61667","15807",
"1400000US12071001910","Census Tract 19.10; Lee County; Florida","57008","17050",
"1400000US12071001911","Census Tract 19.11; Lee County; Florida","69219","45570",
"1400000US12071001912","Census Tract 19.12; Lee County; Florida","52500","30784",
"1400000US12071001913","Census Tract 19.13; Lee County; Florida","69239","9667",
"1400000US12071001915","Census Tract 19.15; Lee County; Florida","61837","19386",
"1400000US12071001916","Census Tract 19.16; Lee County; Florida","66625","7649",
"1400000US12071001917","Census Tract 19.17; Lee County; Florida","63698","16547",
"1400000US12071001918","Census Tract 19.18; Lee County; Florida","63583","14807",
"1400000US12071001919","Census Tract 19.19; Lee County; Florida","92083","15265",
"1400000US12071001920","Census Tract 19.20; Lee County; Florida","117604","33862",
"1400000US12071001921","Census Tract 19.21; Lee County; Florida","83836","33018",
"1400000US12071001922","Census Tract 19.22; Lee County; Florida","69530","3138",
"1400000US12071001923","Census Tract 19.23; Lee County; Florida","44512","7423",
"1400000US12071010104","Census Tract 101.04; Lee County; Florida","91488","27112",
"1400000US12071010106","Census Tract 101.06; Lee County; Florida","90534","31453",
"1400000US12071010107","Census Tract 101.07; Lee County; Florida","88578","29716",
"1400000US12071010108","Census Tract 101.08; Lee County; Florida","72292","12092",
"1400000US12071010109","Census Tract 101.09; Lee County; Florida","110268","32670",
"1400000US12071010110","Census Tract 101.10; Lee County; Florida","111375","21897",
"1400000US12071010111","Census Tract 101.11; Lee County; Florida","76124","15029",
"1400000US12071010112","Census Tract 101.12; Lee County; Florida","51615","22344",
"1400000US12071010113","Census Tract 101.13; Lee County; Florida","90778","21164",
"1400000US12071010203","Census Tract 102.03; Lee County; Florida","60873","11071",
"1400000US12071010205","Census Tract 102.05; Lee County; Florida","90690","16226",
"1400000US12071010206","Census Tract 102.06; Lee County; Florida","81592","16664",
"1400000US12071010207","Census Tract 102.07; Lee County; Florida","87135","22725",
"1400000US12071010208","Census Tract 102.08; Lee County; Florida","90732","6926",
"1400000US12071010209","Census Tract 102.09; Lee County; Florida","59025","5952",
"1400000US12071010210","Census Tract 102.10; Lee County; Florida","67109","8845",
"1400000US12071010302","Census Tract 103.02; Lee County; Florida","56396","9246",
"1400000US12071010303","Census Tract 103.03; Lee County; Florida","80702","11508",
"1400000US12071010305","Census Tract 103.05; Lee County; Florida","74240","17805",
"1400000US12071010306","Census Tract 103.06; Lee County; Florida","61576","11585",
"1400000US12071010307","Census Tract 103.07; Lee County; Florida","64959","10440",
"1400000US12071010308","Census Tract 103.08; Lee County; Florida","62177","27121",
"1400000US12071010309","Census Tract 103.09; Lee County; Florida","76250","27798",
"1400000US12071010404","Census Tract 104.04; Lee County; Florida","78281","18070",
"1400000US12071010411","Census Tract 104.11; Lee County; Florida","71944","10714",
"1400000US12071010412","Census Tract 104.12; Lee County; Florida","57201","8780",
"1400000US12071010413","Census Tract 104.13; Lee County; Florida","65075","12081",
"1400000US12071010414","Census Tract 104.14; Lee County; Florida","74816","26284",
"1400000US12071010415","Census Tract 104.15; Lee County; Florida","98462","25964",
"1400000US12071010416","Census Tract 104.16; Lee County; Florida","109083","36075",
"1400000US12071010417","Census Tract 104.17; Lee County; Florida","69414","37789",
"1400000US12071010418","Census Tract 104.18; Lee County; Florida","92357","24655",
"1400000US12071010419","Census Tract 104.19; Lee County; Florida","88128","14319",
"1400000US12071010420","Census Tract 104.20; Lee County; Florida","103782","14282",
"1400000US12071010421","Census Tract 104.21; Lee County; Florida","82767","15844",
"1400000US12071010422","Census Tract 104.22; Lee County; Florida","86843","19255",
"1400000US12071010423","Census Tract 104.23; Lee County; Florida","77028","17123",
"1400000US12071010501","Census Tract 105.01; Lee County; Florida","79145","18545",
"1400000US12071010503","Census Tract 105.03; Lee County; Florida","78264","30534",
"1400000US12071010504","Census Tract 105.04; Lee County; Florida","66506","18489",
"1400000US12071010601","Census Tract 106.01; Lee County; Florida","79042","15867",
"1400000US12071010602","Census Tract 106.02; Lee County; Florida","52644","12123",
"1400000US12071010701","Census Tract 107.01; Lee County; Florida","93200","22045",
"1400000US12071010702","Census Tract 107.02; Lee County; Florida","68750","13439",
"1400000US12071010801","Census Tract 108.01; Lee County; Florida","68056","37546",
"1400000US12071010802","Census Tract 108.02; Lee County; Florida","55197","21702",
"1400000US12071010803","Census Tract 108.03; Lee County; Florida","93542","48937",
"1400000US12071020102","Census Tract 201.02; Lee County; Florida","54097","11543",
"1400000US12071020103","Census Tract 201.03; Lee County; Florida","67500","20411",
"1400000US12071020104","Census Tract 201.04; Lee County; Florida","76280","11393",
"1400000US12071020201","Census Tract 202.01; Lee County; Florida","52091","9117",
"1400000US12071020202","Census Tract 202.02; Lee County; Florida","117571","18628",
"1400000US12071020301","Census Tract 203.01; Lee County; Florida","23125","15500",
"1400000US12071020302","Census Tract 203.02; Lee County; Florida","47798","15968",
"1400000US12071020400","Census Tract 204; Lee County; Florida","71563","12584",
"1400000US12071020501","Census Tract 205.01; Lee County; Florida","44375","7291",
"1400000US12071020502","Census Tract 205.02; Lee County; Florida","55667","20767",
"1400000US12071020600","Census Tract 206; Lee County; Florida","60241","10081",
"1400000US12071020700","Census Tract 207; Lee County; Florida","92581","9397",
"1400000US12071020801","Census Tract 208.01; Lee County; Florida","36031","17988",
"1400000US12071020802","Census Tract 208.02; Lee County; Florida","41372","6680",
"1400000US12071030100","Census Tract 301; Lee County; Florida","73913","11449",
"1400000US12071030201","Census Tract 302.01; Lee County; Florida","116131","22453",
"1400000US12071030202","Census Tract 302.02; Lee County; Florida","71957","16735",
"1400000US12071030205","Census Tract 302.05; Lee County; Florida","93111","22634",
"1400000US12071030300","Census Tract 303; Lee County; Florida","86563","13894",
"1400000US12071040108","Census Tract 401.08; Lee County; Florida","112849","14343",
"1400000US12071040109","Census Tract 401.09; Lee County; Florida","70202","26450",
"1400000US12071040110","Census Tract 401.10; Lee County; Florida","81313","24049",
"1400000US12071040111","Census Tract 401.11; Lee County; Florida","113281","18415",
"1400000US12071040113","Census Tract 401.13; Lee County; Florida","133718","27930",
"1400000US12071040117","Census Tract 401.17; Lee County; Florida","123988","38525",
"1400000US12071040118","Census Tract 401.18; Lee County; Florida","101833","14302",
"1400000US12071040120","Census Tract 401.20; Lee County; Florida","75148","14738",
"1400000US12071040121","Census Tract 401.21; Lee County; Florida","63597","12240",
"1400000US12071040122","Census Tract 401.22; Lee County; Florida","54162","12964",
"1400000US12071040123","Census Tract 401.23; Lee County; Florida","101063","30450",
"1400000US12071040124","Census Tract 401.24; Lee County; Florida","86618","20245",
"1400000US12071040125","Census Tract 401.25; Lee County; Florida","82031","10653",
"1400000US12071040126","Census Tract 401.26; Lee County; Florida","80675","5857",
"1400000US12071040127","Census Tract 401.27; Lee County; Florida","93340","23623",
"1400000US12071040128","Census Tract 401.28; Lee County; Florida","98750","15380",
"1400000US12071040129","Census Tract 401.29; Lee County; Florida","142031","18347",
"1400000US12071040130","Census Tract 401.30; Lee County; Florida","82875","20779",
"1400000US12071040131","Census Tract 401.31; Lee County; Florida","117361","36439",
"1400000US12071040132","Census Tract 401.32; Lee County; Florida","110578","12975",
"1400000US12071040133","Census Tract 401.33; Lee County; Florida","120198","22726",
"1400000US12071040134","Census Tract 401.34; Lee County; Florida","97371","15461",
"1400000US12071040135","Census Tract 401.35; Lee County; Florida","116458","19147",
"1400000US12071040136","Census Tract 401.36; Lee County; Florida","112625","23834",
"1400000US12071040137","Census Tract 401.37; Lee County; Florida","131324","13922",
"1400000US12071040138","Census Tract 401.38; Lee County; Florida","162000","22304",
"1400000US12071040139","Census Tract 401.39; Lee County; Florida","26354","12512",
"1400000US12071040205","Census Tract 402.05; Lee County; Florida","75057","14974",
"1400000US12071040206","Census Tract 402.06; Lee County; Florida","124923","11719",
"1400000US12071040207","Census Tract 402.07; Lee County; Florida","70106","12400",
"1400000US12071040208","Census Tract 402.08; Lee County; Florida","74375","11602",
"1400000US12071040209","Census Tract 402.09; Lee County; Florida","91898","23737",
"1400000US12071040210","Census Tract 402.10; Lee County; Florida","69597","20986",
"1400000US12071040211","Census Tract 402.11; Lee County; Florida","64554","19115",
"1400000US12071040212","Census Tract 402.12; Lee County; Florida","74167","8986",
"1400000US12071040301","Census Tract 403.01; Lee County; Florida","58036","14614",
"1400000US12071040302","Census Tract 403.02; Lee County; Florida","72791","6853",
"1400000US12071040303","Census Tract 403.03; Lee County; Florida","83191","22734",
"1400000US12071040304","Census Tract 403.04; Lee County; Florida","34406","9567",
"1400000US12071040305","Census Tract 403.05; Lee County; Florida","52730","12120",
"1400000US12071040308","Census Tract 403.08; Lee County; Florida","70391","6584",
"1400000US12071040310","Census Tract 403.10; Lee County; Florida","86213","7378",
"1400000US12071040311","Census Tract 403.11; Lee County; Florida","52625","9995",
"1400000US12071040312","Census Tract 403.12; Lee County; Florida","83322","18037",
"1400000US12071040313","Census Tract 403.13; Lee County; Florida","88295","38791",
"1400000US12071040314","Census Tract 403.14; Lee County; Florida","68750","13265",
"1400000US12071040315","Census Tract 403.15; Lee County; Florida","63860","20509",
"1400000US12071040316","Census Tract 403.16; Lee County; Florida","67431","14487",
"1400000US12071050103","Census Tract 501.03; Lee County; Florida","90938","17266",
"1400000US12071050104","Census Tract 501.04; Lee County; Florida","75982","7052",
"1400000US12071050105","Census Tract 501.05; Lee County; Florida","71471","15137",
"1400000US12071050106","Census Tract 501.06; Lee County; Florida","89821","26535",
"1400000US12071050204","Census Tract 502.04; Lee County; Florida","116731","26913",
"1400000US12071050205","Census Tract 502.05; Lee County; Florida","83646","19117",
"1400000US12071050206","Census Tract 502.06; Lee County; Florida","91235","3803",
"1400000US12071050207","Census Tract 502.07; Lee County; Florida","97238","24869",
"1400000US12071050208","Census Tract 502.08; Lee County; Florida","89615","8978",
"1400000US12071050210","Census Tract 502.10; Lee County; Florida","74128","11480",
"1400000US12071050211","Census Tract 502.11; Lee County; Florida","71735","6868",
"1400000US12071050212","Census Tract 502.12; Lee County; Florida","73409","22361",
"1400000US12071050213","Census Tract 502.13; Lee County; Florida","80927","9863",
"1400000US12071050305","Census Tract 503.05; Lee County; Florida","133538","22493",
"1400000US12071050306","Census Tract 503.06; Lee County; Florida","72467","18744",
"1400000US12071050311","Census Tract 503.11; Lee County; Florida","121046","20245",
"1400000US12071050312","Census Tract 503.12; Lee County; Florida","81379","18365",
"1400000US12071050315","Census Tract 503.15; Lee County; Florida","126728","21428",
"1400000US12071050316","Census Tract 503.16; Lee County; Florida","116326","3948",
"1400000US12071050317","Census Tract 503.17; Lee County; Florida","58856","16985",
"1400000US12071050318","Census Tract 503.18; Lee County; Florida","97534","17067",
"1400000US12071050319","Census Tract 503.19; Lee County; Florida","159199","102932",
"1400000US12071050320","Census Tract 503.20; Lee County; Florida","101767","19756",
"1400000US12071050321","Census Tract 503.21; Lee County; Florida","157188","46350",
"1400000US12071050322","Census Tract 503.22; Lee County; Florida","148676","22882",
"1400000US12071050323","Census Tract 503.23; Lee County; Florida","153571","52238",
"1400000US12071050324","Census Tract 503.24; Lee County; Florida","121196","24963",
"1400000US12071050325","Census Tract 503.25; Lee County; Florida","118542","12808",
"1400000US12071050401","Census Tract 504.01; Lee County; Florida","67163","17260",
"1400000US12071050402","Census Tract 504.02; Lee County; Florida","85625","27437",
"1400000US12071050501","Census Tract 505.01; Lee County; Florida","82650","31967",
"1400000US12071050502","Census Tract 505.02; Lee County; Florida","106330","26092",
"1400000US12071050601","Census Tract 506.01; Lee County; Florida","69940","27196",
"1400000US12071050603","Census Tract 506.03; Lee County; Florida","77031","27966",
"1400000US12071050604","Census Tract 506.04; Lee County; Florida","97083","22962",
"1400000US12071060101","Census Tract 601.01; Lee County; Florida","-","**",
"1400000US12071060102","Census Tract 601.02; Lee County; Florida","90986","25341",
"1400000US12071060201","Census Tract 602.01; Lee County; Florida","93846","34789",
"1400000US12071060202","Census Tract 602.02; Lee County; Florida","101111","26390",
"1400000US12071060203","Census Tract 602.03; Lee County; Florida","79278","25156",
"1400000US12071060300","Census Tract 603; Lee County; Florida","140156","41413",
"1400000US12071070101","Census Tract 701.01; Lee County; Florida","54965","17335",
"1400000US12071070102","Census Tract 701.02; Lee County; Florida","82945","20391",
"1400000US12071070201","Census Tract 702.01; Lee County; Florida","85750","40790",
"1400000US12071070202","Census Tract 702.02; Lee County; Florida","64125","8972",
"1400000US12071080100","Census Tract 801; Lee County; Florida","-","**",
"1400000US12071080202","Census Tract 802.02; Lee County; Florida","86836","16122",
"1400000US12071080203","Census Tract 802.03; Lee County; Florida","141250","31593",
"1400000US12071080204","Census Tract 802.04; Lee County; Florida","129792","97574",
"1400000US12071080300","Census Tract 803; Lee County; Florida","54773","9426",
"1400000US12071090100","Census Tract 901; Lee County; Florida","-","**",
"1400000US12071980000","Census Tract 9800; Lee County; Florida","-","**",
"1400000US12071990000","Census Tract 9900; Lee County; Florida","-","**",
"1400000US12073000200","Census Tract 2; Leon County; Florida","68929","21387",
"1400000US12073000301","Census Tract 3.01; Leon County; Florida","106964","30095",
"1400000US12073000302","Census Tract 3.02; Leon County; Florida","77308","11237",
"1400000US12073000303","Census Tract 3.03; Leon County; Florida","42535","7026",
"1400000US12073000400","Census Tract 4; Leon County; Florida","37250","27920",
"1400000US12073000501","Census Tract 5.01; Leon County; Florida","14063","11479",
"1400000US12073000502","Census Tract 5.02; Leon County; Florida","13997","7867",
"1400000US12073000600","Census Tract 6; Leon County; Florida","25612","9967",
"1400000US12073000700","Census Tract 7; Leon County; Florida","59115","12315",
"1400000US12073000800","Census Tract 8; Leon County; Florida","63529","11640",
"1400000US12073000903","Census Tract 9.03; Leon County; Florida","60125","14682",
"1400000US12073000904","Census Tract 9.04; Leon County; Florida","59430","7511",
"1400000US12073000905","Census Tract 9.05; Leon County; Florida","55400","6899",
"1400000US12073000906","Census Tract 9.06; Leon County; Florida","74179","14624",
"1400000US12073000907","Census Tract 9.07; Leon County; Florida","85353","9715",
"1400000US12073001001","Census Tract 10.01; Leon County; Florida","25089","9444",
"1400000US12073001002","Census Tract 10.02; Leon County; Florida","34940","13816",
"1400000US12073001101","Census Tract 11.01; Leon County; Florida","32634","13282",
"1400000US12073001102","Census Tract 11.02; Leon County; Florida","52421","15732",
"1400000US12073001200","Census Tract 12; Leon County; Florida","24325","4738",
"1400000US12073001300","Census Tract 13; Leon County; Florida","-","**",
"1400000US12073001401","Census Tract 14.01; Leon County; Florida","23803","7763",
"1400000US12073001402","Census Tract 14.02; Leon County; Florida","31138","12675",
"1400000US12073001500","Census Tract 15; Leon County; Florida","54890","5435",
"1400000US12073001601","Census Tract 16.01; Leon County; Florida","56795","5585",
"1400000US12073001602","Census Tract 16.02; Leon County; Florida","99310","16059",
"1400000US12073001701","Census Tract 17.01; Leon County; Florida","171622","14271",
"1400000US12073001702","Census Tract 17.02; Leon County; Florida","75621","33601",
"1400000US12073001801","Census Tract 18.01; Leon County; Florida","45787","17321",
"1400000US12073001803","Census Tract 18.03; Leon County; Florida","54353","10426",
"1400000US12073001804","Census Tract 18.04; Leon County; Florida","50794","8225",
"1400000US12073001901","Census Tract 19.01; Leon County; Florida","28729","8759",
"1400000US12073001902","Census Tract 19.02; Leon County; Florida","48314","11507",
"1400000US12073002003","Census Tract 20.03; Leon County; Florida","30793","9967",
"1400000US12073002005","Census Tract 20.05; Leon County; Florida","25149","3440",
"1400000US12073002006","Census Tract 20.06; Leon County; Florida","24623","12942",
"1400000US12073002007","Census Tract 20.07; Leon County; Florida","39735","9212",
"1400000US12073002008","Census Tract 20.08; Leon County; Florida","36167","11562",
"1400000US12073002101","Census Tract 21.01; Leon County; Florida","50494","18846",
"1400000US12073002103","Census Tract 21.03; Leon County; Florida","39475","13417",
"1400000US12073002105","Census Tract 21.05; Leon County; Florida","39942","10146",
"1400000US12073002106","Census Tract 21.06; Leon County; Florida","41009","24960",
"1400000US12073002201","Census Tract 22.01; Leon County; Florida","39375","14413",
"1400000US12073002205","Census Tract 22.05; Leon County; Florida","68802","11788",
"1400000US12073002206","Census Tract 22.06; Leon County; Florida","92422","19749",
"1400000US12073002207","Census Tract 22.07; Leon County; Florida","72063","11413",
"1400000US12073002208","Census Tract 22.08; Leon County; Florida","76590","13373",
"1400000US12073002302","Census Tract 23.02; Leon County; Florida","80733","7873",
"1400000US12073002303","Census Tract 23.03; Leon County; Florida","90709","7513",
"1400000US12073002304","Census Tract 23.04; Leon County; Florida","72722","14849",
"1400000US12073002403","Census Tract 24.03; Leon County; Florida","67174","27453",
"1400000US12073002410","Census Tract 24.10; Leon County; Florida","86828","5678",
"1400000US12073002411","Census Tract 24.11; Leon County; Florida","117857","29617",
"1400000US12073002413","Census Tract 24.13; Leon County; Florida","146528","20345",
"1400000US12073002414","Census Tract 24.14; Leon County; Florida","100197","17480",
"1400000US12073002415","Census Tract 24.15; Leon County; Florida","121522","12616",
"1400000US12073002416","Census Tract 24.16; Leon County; Florida","158631","28697",
"1400000US12073002418","Census Tract 24.18; Leon County; Florida","126477","19293",
"1400000US12073002419","Census Tract 24.19; Leon County; Florida","141733","17937",
"1400000US12073002420","Census Tract 24.20; Leon County; Florida","128681","26869",
"1400000US12073002421","Census Tract 24.21; Leon County; Florida","142344","27825",
"1400000US12073002422","Census Tract 24.22; Leon County; Florida","164714","20486",
"1400000US12073002423","Census Tract 24.23; Leon County; Florida","111771","22602",
"1400000US12073002505","Census Tract 25.05; Leon County; Florida","76422","16005",
"1400000US12073002507","Census Tract 25.07; Leon County; Florida","122778","19838",
"1400000US12073002509","Census Tract 25.09; Leon County; Florida","53536","9956",
"1400000US12073002511","Census Tract 25.11; Leon County; Florida","101486","11997",
"1400000US12073002512","Census Tract 25.12; Leon County; Florida","134036","15866",
"1400000US12073002513","Census Tract 25.13; Leon County; Florida","148378","11472",
"1400000US12073002514","Census Tract 25.14; Leon County; Florida","113250","26705",
"1400000US12073002515","Census Tract 25.15; Leon County; Florida","118573","12021",
"1400000US12073002516","Census Tract 25.16; Leon County; Florida","73750","16436",
"1400000US12073002517","Census Tract 25.17; Leon County; Florida","97625","25188",
"1400000US12073002603","Census Tract 26.03; Leon County; Florida","32371","13424",
"1400000US12073002604","Census Tract 26.04; Leon County; Florida","69375","39206",
"1400000US12073002605","Census Tract 26.05; Leon County; Florida","140192","30399",
"1400000US12073002606","Census Tract 26.06; Leon County; Florida","88537","13149",
"1400000US12073002701","Census Tract 27.01; Leon County; Florida","41926","9871",
"1400000US12073002702","Census Tract 27.02; Leon County; Florida","59952","14005",
"1400000US12075970101","Census Tract 9701.01; Levy County; Florida","65217","12000",
"1400000US12075970103","Census Tract 9701.03; Levy County; Florida","63830","19383",
"1400000US12075970104","Census Tract 9701.04; Levy County; Florida","50238","11084",
"1400000US12075970200","Census Tract 9702; Levy County; Florida","71469","2900",
"1400000US12075970301","Census Tract 9703.01; Levy County; Florida","62813","19817",
"1400000US12075970303","Census Tract 9703.03; Levy County; Florida","56686","8921",
"1400000US12075970304","Census Tract 9703.04; Levy County; Florida","49500","14836",
"1400000US12075970400","Census Tract 9704; Levy County; Florida","53567","10261",
"1400000US12075970501","Census Tract 9705.01; Levy County; Florida","41520","22915",
"1400000US12075970502","Census Tract 9705.02; Levy County; Florida","72232","17379",
"1400000US12075970600","Census Tract 9706; Levy County; Florida","39830","13881",
"1400000US12075970700","Census Tract 9707; Levy County; Florida","52663","11640",
"1400000US12075990000","Census Tract 9900; Levy County; Florida","-","**",
"1400000US12077950100","Census Tract 9501; Liberty County; Florida","59494","11170",
"1400000US12077950201","Census Tract 9502.01; Liberty County; Florida","60965","7870",
"1400000US12077950202","Census Tract 9502.02; Liberty County; Florida","44000","19548",
"1400000US12077980000","Census Tract 9800; Liberty County; Florida","-","**",
"1400000US12079110100","Census Tract 1101; Madison County; Florida","36291","9160",
"1400000US12079110200","Census Tract 1102; Madison County; Florida","56771","14138",
"1400000US12079110301","Census Tract 1103.01; Madison County; Florida","52142","2978",
"1400000US12079110302","Census Tract 1103.02; Madison County; Florida","29144","4542",
"1400000US12079110400","Census Tract 1104; Madison County; Florida","60496","7349",
"1400000US12081000101","Census Tract 1.01; Manatee County; Florida","64265","17733",
"1400000US12081000103","Census Tract 1.03; Manatee County; Florida","39116","10895",
"1400000US12081000105","Census Tract 1.05; Manatee County; Florida","35940","6909",
"1400000US12081000106","Census Tract 1.06; Manatee County; Florida","78458","23167",
"1400000US12081000201","Census Tract 2.01; Manatee County; Florida","43064","10466",
"1400000US12081000203","Census Tract 2.03; Manatee County; Florida","43893","13375",
"1400000US12081000204","Census Tract 2.04; Manatee County; Florida","33517","14617",
"1400000US12081000304","Census Tract 3.04; Manatee County; Florida","45639","6479",
"1400000US12081000305","Census Tract 3.05; Manatee County; Florida","52938","13777",
"1400000US12081000307","Census Tract 3.07; Manatee County; Florida","47697","14783",
"1400000US12081000309","Census Tract 3.09; Manatee County; Florida","73421","13047",
"1400000US12081000310","Census Tract 3.10; Manatee County; Florida","48953","11724",
"1400000US12081000311","Census Tract 3.11; Manatee County; Florida","35240","5680",
"1400000US12081000312","Census Tract 3.12; Manatee County; Florida","61054","18190",
"1400000US12081000313","Census Tract 3.13; Manatee County; Florida","36183","5686",
"1400000US12081000314","Census Tract 3.14; Manatee County; Florida","33306","13334",
"1400000US12081000403","Census Tract 4.03; Manatee County; Florida","91699","9256",
"1400000US12081000405","Census Tract 4.05; Manatee County; Florida","85016","6668",
"1400000US12081000406","Census Tract 4.06; Manatee County; Florida","78067","8571",
"1400000US12081000407","Census Tract 4.07; Manatee County; Florida","65491","10492",
"1400000US12081000409","Census Tract 4.09; Manatee County; Florida","72059","15399",
"1400000US12081000410","Census Tract 4.10; Manatee County; Florida","68039","9829",
"1400000US12081000501","Census Tract 5.01; Manatee County; Florida","72905","29038",
"1400000US12081000503","Census Tract 5.03; Manatee County; Florida","74901","20267",
"1400000US12081000504","Census Tract 5.04; Manatee County; Florida","73942","20078",
"1400000US12081000601","Census Tract 6.01; Manatee County; Florida","59688","11656",
"1400000US12081000603","Census Tract 6.03; Manatee County; Florida","52321","26913",
"1400000US12081000604","Census Tract 6.04; Manatee County; Florida","40694","15029",
"1400000US12081000703","Census Tract 7.03; Manatee County; Florida","67458","6692",
"1400000US12081000704","Census Tract 7.04; Manatee County; Florida","41950","17734",
"1400000US12081000705","Census Tract 7.05; Manatee County; Florida","49375","15157",
"1400000US12081000804","Census Tract 8.04; Manatee County; Florida","97418","17065",
"1400000US12081000805","Census Tract 8.05; Manatee County; Florida","75142","17424",
"1400000US12081000808","Census Tract 8.08; Manatee County; Florida","73423","18977",
"1400000US12081000809","Census Tract 8.09; Manatee County; Florida","76660","16262",
"1400000US12081000810","Census Tract 8.10; Manatee County; Florida","112589","14187",
"1400000US12081000811","Census Tract 8.11; Manatee County; Florida","59393","10346",
"1400000US12081000812","Census Tract 8.12; Manatee County; Florida","99570","16605",
"1400000US12081000813","Census Tract 8.13; Manatee County; Florida","109167","7762",
"1400000US12081000814","Census Tract 8.14; Manatee County; Florida","76979","16407",
"1400000US12081000901","Census Tract 9.01; Manatee County; Florida","64784","15428",
"1400000US12081000902","Census Tract 9.02; Manatee County; Florida","78896","14660",
"1400000US12081001001","Census Tract 10.01; Manatee County; Florida","94250","8318",
"1400000US12081001002","Census Tract 10.02; Manatee County; Florida","41886","27204",
"1400000US12081001104","Census Tract 11.04; Manatee County; Florida","72900","33035",
"1400000US12081001105","Census Tract 11.05; Manatee County; Florida","66060","4755",
"1400000US12081001106","Census Tract 11.06; Manatee County; Florida","39663","12637",
"1400000US12081001107","Census Tract 11.07; Manatee County; Florida","79184","17755",
"1400000US12081001108","Census Tract 11.08; Manatee County; Florida","70670","19141",
"1400000US12081001202","Census Tract 12.02; Manatee County; Florida","82401","17349",
"1400000US12081001203","Census Tract 12.03; Manatee County; Florida","83666","10256",
"1400000US12081001204","Census Tract 12.04; Manatee County; Florida","109736","22617",
"1400000US12081001300","Census Tract 13; Manatee County; Florida","69719","18178",
"1400000US12081001402","Census Tract 14.02; Manatee County; Florida","50000","22559",
"1400000US12081001404","Census Tract 14.04; Manatee County; Florida","118750","63155",
"1400000US12081001405","Census Tract 14.05; Manatee County; Florida","56735","10736",
"1400000US12081001406","Census Tract 14.06; Manatee County; Florida","64839","19626",
"1400000US12081001501","Census Tract 15.01; Manatee County; Florida","76409","23295",
"1400000US12081001502","Census Tract 15.02; Manatee County; Florida","62843","16877",
"1400000US12081001602","Census Tract 16.02; Manatee County; Florida","69805","11104",
"1400000US12081001603","Census Tract 16.03; Manatee County; Florida","57276","26124",
"1400000US12081001604","Census Tract 16.04; Manatee County; Florida","61165","14250",
"1400000US12081001701","Census Tract 17.01; Manatee County; Florida","65455","16718",
"1400000US12081001705","Census Tract 17.05; Manatee County; Florida","120159","26229",
"1400000US12081001801","Census Tract 18.01; Manatee County; Florida","98864","52531",
"1400000US12081001802","Census Tract 18.02; Manatee County; Florida","102115","23438",
"1400000US12081001904","Census Tract 19.04; Manatee County; Florida","80556","11011",
"1400000US12081001907","Census Tract 19.07; Manatee County; Florida","83349","12680",
"1400000US12081001908","Census Tract 19.08; Manatee County; Florida","66599","9139",
"1400000US12081001909","Census Tract 19.09; Manatee County; Florida","108830","15103",
"1400000US12081001910","Census Tract 19.10; Manatee County; Florida","103162","18661",
"1400000US12081001911","Census Tract 19.11; Manatee County; Florida","105917","18360",
"1400000US12081001913","Census Tract 19.13; Manatee County; Florida","139811","30684",
"1400000US12081001914","Census Tract 19.14; Manatee County; Florida","121733","8728",
"1400000US12081001915","Census Tract 19.15; Manatee County; Florida","117500","29422",
"1400000US12081001916","Census Tract 19.16; Manatee County; Florida","107600","13011",
"1400000US12081002003","Census Tract 20.03; Manatee County; Florida","68688","15867",
"1400000US12081002005","Census Tract 20.05; Manatee County; Florida","87917","21543",
"1400000US12081002008","Census Tract 20.08; Manatee County; Florida","120508","19183",
"1400000US12081002010","Census Tract 20.10; Manatee County; Florida","103460","28404",
"1400000US12081002011","Census Tract 20.11; Manatee County; Florida","63000","22561",
"1400000US12081002012","Census Tract 20.12; Manatee County; Florida","103750","14002",
"1400000US12081002014","Census Tract 20.14; Manatee County; Florida","132266","33919",
"1400000US12081002016","Census Tract 20.16; Manatee County; Florida","130072","9510",
"1400000US12081002017","Census Tract 20.17; Manatee County; Florida","95606","11000",
"1400000US12081002018","Census Tract 20.18; Manatee County; Florida","134441","22270",
"1400000US12081002019","Census Tract 20.19; Manatee County; Florida","84265","11665",
"1400000US12081002020","Census Tract 20.20; Manatee County; Florida","133472","13993",
"1400000US12081002021","Census Tract 20.21; Manatee County; Florida","148164","33197",
"1400000US12081002022","Census Tract 20.22; Manatee County; Florida","211765","32341",
"1400000US12081002023","Census Tract 20.23; Manatee County; Florida","115194","12939",
"1400000US12081002024","Census Tract 20.24; Manatee County; Florida","132297","26526",
"1400000US12081002025","Census Tract 20.25; Manatee County; Florida","109343","15544",
"1400000US12081990000","Census Tract 9900; Manatee County; Florida","-","**",
"1400000US12083000101","Census Tract 1.01; Marion County; Florida","45938","21869",
"1400000US12083000102","Census Tract 1.02; Marion County; Florida","90650","35451",
"1400000US12083000201","Census Tract 2.01; Marion County; Florida","46964","40375",
"1400000US12083000202","Census Tract 2.02; Marion County; Florida","60782","6008",
"1400000US12083000203","Census Tract 2.03; Marion County; Florida","72500","19016",
"1400000US12083000302","Census Tract 3.02; Marion County; Florida","42305","28970",
"1400000US12083000303","Census Tract 3.03; Marion County; Florida","-","**",
"1400000US12083000304","Census Tract 3.04; Marion County; Florida","-","**",
"1400000US12083000401","Census Tract 4.01; Marion County; Florida","75819","18341",
"1400000US12083000402","Census Tract 4.02; Marion County; Florida","60057","16831",
"1400000US12083000501","Census Tract 5.01; Marion County; Florida","34632","6169",
"1400000US12083000502","Census Tract 5.02; Marion County; Florida","41607","12581",
"1400000US12083000601","Census Tract 6.01; Marion County; Florida","44857","11364",
"1400000US12083000604","Census Tract 6.04; Marion County; Florida","50798","11807",
"1400000US12083000605","Census Tract 6.05; Marion County; Florida","44000","20805",
"1400000US12083000606","Census Tract 6.06; Marion County; Florida","49583","10151",
"1400000US12083000607","Census Tract 6.07; Marion County; Florida","43468","11828",
"1400000US12083000703","Census Tract 7.03; Marion County; Florida","40601","9937",
"1400000US12083000704","Census Tract 7.04; Marion County; Florida","74659","31219",
"1400000US12083000705","Census Tract 7.05; Marion County; Florida","62000","30689",
"1400000US12083000706","Census Tract 7.06; Marion County; Florida","72754","12507",
"1400000US12083000707","Census Tract 7.07; Marion County; Florida","78406","25622",
"1400000US12083000803","Census Tract 8.03; Marion County; Florida","65042","27136",
"1400000US12083000804","Census Tract 8.04; Marion County; Florida","45250","21987",
"1400000US12083000805","Census Tract 8.05; Marion County; Florida","55437","14377",
"1400000US12083000806","Census Tract 8.06; Marion County; Florida","55250","16742",
"1400000US12083000807","Census Tract 8.07; Marion County; Florida","60242","19762",
"1400000US12083000808","Census Tract 8.08; Marion County; Florida","49754","9231",
"1400000US12083000809","Census Tract 8.09; Marion County; Florida","76771","23017",
"1400000US12083000810","Census Tract 8.10; Marion County; Florida","71207","3177",
"1400000US12083000811","Census Tract 8.11; Marion County; Florida","67494","7777",
"1400000US12083000901","Census Tract 9.01; Marion County; Florida","66365","12420",
"1400000US12083000903","Census Tract 9.03; Marion County; Florida","73571","14857",
"1400000US12083000904","Census Tract 9.04; Marion County; Florida","66330","9113",
"1400000US12083001003","Census Tract 10.03; Marion County; Florida","53523","21239",
"1400000US12083001005","Census Tract 10.05; Marion County; Florida","77183","8115",
"1400000US12083001007","Census Tract 10.07; Marion County; Florida","59560","16014",
"1400000US12083001008","Census Tract 10.08; Marion County; Florida","53209","5943",
"1400000US12083001009","Census Tract 10.09; Marion County; Florida","102704","17207",
"1400000US12083001010","Census Tract 10.10; Marion County; Florida","54973","16654",
"1400000US12083001011","Census Tract 10.11; Marion County; Florida","72688","11971",
"1400000US12083001012","Census Tract 10.12; Marion County; Florida","61348","5171",
"1400000US12083001013","Census Tract 10.13; Marion County; Florida","71458","7010",
"1400000US12083001102","Census Tract 11.02; Marion County; Florida","59924","7291",
"1400000US12083001103","Census Tract 11.03; Marion County; Florida","70944","17103",
"1400000US12083001105","Census Tract 11.05; Marion County; Florida","63155","16165",
"1400000US12083001106","Census Tract 11.06; Marion County; Florida","51250","11369",
"1400000US12083001204","Census Tract 12.04; Marion County; Florida","55317","12072",
"1400000US12083001205","Census Tract 12.05; Marion County; Florida","57992","9019",
"1400000US12083001206","Census Tract 12.06; Marion County; Florida","62880","2490",
"1400000US12083001208","Census Tract 12.08; Marion County; Florida","61484","19799",
"1400000US12083001209","Census Tract 12.09; Marion County; Florida","95732","33121",
"1400000US12083001210","Census Tract 12.10; Marion County; Florida","72212","13780",
"1400000US12083001211","Census Tract 12.11; Marion County; Florida","46541","11662",
"1400000US12083001301","Census Tract 13.01; Marion County; Florida","50880","15614",
"1400000US12083001302","Census Tract 13.02; Marion County; Florida","71385","3293",
"1400000US12083001401","Census Tract 14.01; Marion County; Florida","31441","6435",
"1400000US12083001403","Census Tract 14.03; Marion County; Florida","49284","5371",
"1400000US12083001404","Census Tract 14.04; Marion County; Florida","40393","5636",
"1400000US12083001500","Census Tract 15; Marion County; Florida","32091","12557",
"1400000US12083001600","Census Tract 16; Marion County; Florida","55859","13225",
"1400000US12083001700","Census Tract 17; Marion County; Florida","23575","6700",
"1400000US12083001800","Census Tract 18; Marion County; Florida","32468","6877",
"1400000US12083001900","Census Tract 19; Marion County; Florida","67882","10401",
"1400000US12083002001","Census Tract 20.01; Marion County; Florida","39276","16492",
"1400000US12083002002","Census Tract 20.02; Marion County; Florida","45853","7773",
"1400000US12083002100","Census Tract 21; Marion County; Florida","85603","19930",
"1400000US12083002201","Census Tract 22.01; Marion County; Florida","67861","11233",
"1400000US12083002202","Census Tract 22.02; Marion County; Florida","95432","7693",
"1400000US12083002203","Census Tract 22.03; Marion County; Florida","88622","15666",
"1400000US12083002302","Census Tract 23.02; Marion County; Florida","73005","5306",
"1400000US12083002303","Census Tract 23.03; Marion County; Florida","46250","20306",
"1400000US12083002304","Census Tract 23.04; Marion County; Florida","75942","5829",
"1400000US12083002401","Census Tract 24.01; Marion County; Florida","61779","17848",
"1400000US12083002402","Census Tract 24.02; Marion County; Florida","77361","18764",
"1400000US12083002503","Census Tract 25.03; Marion County; Florida","74970","16586",
"1400000US12083002504","Census Tract 25.04; Marion County; Florida","52941","13428",
"1400000US12083002505","Census Tract 25.05; Marion County; Florida","58743","9818",
"1400000US12083002506","Census Tract 25.06; Marion County; Florida","72857","35017",
"1400000US12083002507","Census Tract 25.07; Marion County; Florida","93079","9561",
"1400000US12083002602","Census Tract 26.02; Marion County; Florida","66875","13647",
"1400000US12083002604","Census Tract 26.04; Marion County; Florida","70307","11209",
"1400000US12083002605","Census Tract 26.05; Marion County; Florida","81790","9579",
"1400000US12083002607","Census Tract 26.07; Marion County; Florida","57794","6124",
"1400000US12083002608","Census Tract 26.08; Marion County; Florida","85162","13944",
"1400000US12083002609","Census Tract 26.09; Marion County; Florida","50957","4852",
"1400000US12083002610","Census Tract 26.10; Marion County; Florida","45710","9069",
"1400000US12083002703","Census Tract 27.03; Marion County; Florida","41955","10165",
"1400000US12083002704","Census Tract 27.04; Marion County; Florida","51551","9547",
"1400000US12083002705","Census Tract 27.05; Marion County; Florida","56260","9367",
"1400000US12083002706","Census Tract 27.06; Marion County; Florida","61683","18716",
"1400000US12083980000","Census Tract 9800; Marion County; Florida","-","**",
"1400000US12083980100","Census Tract 9801; Marion County; Florida","-","**",
"1400000US12085000100","Census Tract 1; Martin County; Florida","111321","23322",
"1400000US12085000200","Census Tract 2; Martin County; Florida","87134","25702",
"1400000US12085000300","Census Tract 3; Martin County; Florida","67927","16242",
"1400000US12085000400","Census Tract 4; Martin County; Florida","81094","10297",
"1400000US12085000501","Census Tract 5.01; Martin County; Florida","67398","12388",
"1400000US12085000502","Census Tract 5.02; Martin County; Florida","129000","10855",
"1400000US12085000603","Census Tract 6.03; Martin County; Florida","92530","16335",
"1400000US12085000604","Census Tract 6.04; Martin County; Florida","179619","40385",
"1400000US12085000606","Census Tract 6.06; Martin County; Florida","141727","7531",
"1400000US12085000607","Census Tract 6.07; Martin County; Florida","81397","8277",
"1400000US12085000610","Census Tract 6.10; Martin County; Florida","136125","25263",
"1400000US12085000701","Census Tract 7.01; Martin County; Florida","94817","31837",
"1400000US12085000702","Census Tract 7.02; Martin County; Florida","47344","26324",
"1400000US12085000800","Census Tract 8; Martin County; Florida","44435","21408",
"1400000US12085000901","Census Tract 9.01; Martin County; Florida","47917","9740",
"1400000US12085000902","Census Tract 9.02; Martin County; Florida","59069","22105",
"1400000US12085001000","Census Tract 10; Martin County; Florida","43713","10437",
"1400000US12085001103","Census Tract 11.03; Martin County; Florida","83382","22903",
"1400000US12085001105","Census Tract 11.05; Martin County; Florida","73991","18561",
"1400000US12085001106","Census Tract 11.06; Martin County; Florida","74303","20660",
"1400000US12085001107","Census Tract 11.07; Martin County; Florida","78750","10763",
"1400000US12085001108","Census Tract 11.08; Martin County; Florida","93897","22370",
"1400000US12085001200","Census Tract 12; Martin County; Florida","60938","23322",
"1400000US12085001301","Census Tract 13.01; Martin County; Florida","58157","14861",
"1400000US12085001302","Census Tract 13.02; Martin County; Florida","82813","18935",
"1400000US12085001404","Census Tract 14.04; Martin County; Florida","83627","15021",
"1400000US12085001406","Census Tract 14.06; Martin County; Florida","103068","14839",
"1400000US12085001407","Census Tract 14.07; Martin County; Florida","42679","9047",
"1400000US12085001408","Census Tract 14.08; Martin County; Florida","37050","26305",
"1400000US12085001409","Census Tract 14.09; Martin County; Florida","86000","22204",
"1400000US12085001410","Census Tract 14.10; Martin County; Florida","78092","17346",
"1400000US12085001500","Census Tract 15; Martin County; Florida","142656","52717",
"1400000US12085001601","Census Tract 16.01; Martin County; Florida","112774","32617",
"1400000US12085001602","Census Tract 16.02; Martin County; Florida","250,000+","***",
"1400000US12085001701","Census Tract 17.01; Martin County; Florida","139119","13055",
"1400000US12085001702","Census Tract 17.02; Martin County; Florida","94500","24448",
"1400000US12085001703","Census Tract 17.03; Martin County; Florida","107256","26187",
"1400000US12085001803","Census Tract 18.03; Martin County; Florida","90772","59368",
"1400000US12085001804","Census Tract 18.04; Martin County; Florida","55265","3922",
"1400000US12085001805","Census Tract 18.05; Martin County; Florida","70333","24439",
"1400000US12085001806","Census Tract 18.06; Martin County; Florida","67500","18775",
"1400000US12085990000","Census Tract 9900; Martin County; Florida","-","**",
"1400000US12085990100","Census Tract 9901; Martin County; Florida","-","**",
"1400000US12086000107","Census Tract 1.07; Miami-Dade County; Florida","64545","49464",
"1400000US12086000109","Census Tract 1.09; Miami-Dade County; Florida","70752","14559",
"1400000US12086000115","Census Tract 1.15; Miami-Dade County; Florida","105792","13321",
"1400000US12086000118","Census Tract 1.18; Miami-Dade County; Florida","142386","53933",
"1400000US12086000120","Census Tract 1.20; Miami-Dade County; Florida","74891","28286",
"1400000US12086000121","Census Tract 1.21; Miami-Dade County; Florida","91444","10016",
"1400000US12086000122","Census Tract 1.22; Miami-Dade County; Florida","100367","17652",
"1400000US12086000123","Census Tract 1.23; Miami-Dade County; Florida","63542","16722",
"1400000US12086000124","Census Tract 1.24; Miami-Dade County; Florida","44516","14953",
"1400000US12086000125","Census Tract 1.25; Miami-Dade County; Florida","55366","13956",
"1400000US12086000126","Census Tract 1.26; Miami-Dade County; Florida","34514","17972",
"1400000US12086000127","Census Tract 1.27; Miami-Dade County; Florida","66494","17154",
"1400000US12086000128","Census Tract 1.28; Miami-Dade County; Florida","76625","12748",
"1400000US12086000129","Census Tract 1.29; Miami-Dade County; Florida","162813","38015",
"1400000US12086000130","Census Tract 1.30; Miami-Dade County; Florida","95086","29463",
"1400000US12086000131","Census Tract 1.31; Miami-Dade County; Florida","117824","52220",
"1400000US12086000132","Census Tract 1.32; Miami-Dade County; Florida","55377","13966",
"1400000US12086000134","Census Tract 1.34; Miami-Dade County; Florida","49429","17943",
"1400000US12086000140","Census Tract 1.40; Miami-Dade County; Florida","58819","16165",
"1400000US12086000141","Census Tract 1.41; Miami-Dade County; Florida","108688","33098",
"1400000US12086000142","Census Tract 1.42; Miami-Dade County; Florida","91054","16344",
"1400000US12086000143","Census Tract 1.43; Miami-Dade County; Florida","40427","20815",
"1400000US12086000144","Census Tract 1.44; Miami-Dade County; Florida","98456","45049",
"1400000US12086000145","Census Tract 1.45; Miami-Dade County; Florida","168438","17009",
"1400000US12086000146","Census Tract 1.46; Miami-Dade County; Florida","101250","16300",
"1400000US12086000204","Census Tract 2.04; Miami-Dade County; Florida","63449","7687",
"1400000US12086000206","Census Tract 2.06; Miami-Dade County; Florida","54440","10683",
"1400000US12086000211","Census Tract 2.11; Miami-Dade County; Florida","62634","22851",
"1400000US12086000212","Census Tract 2.12; Miami-Dade County; Florida","49024","10701",
"1400000US12086000213","Census Tract 2.13; Miami-Dade County; Florida","88929","30779",
"1400000US12086000215","Census Tract 2.15; Miami-Dade County; Florida","75804","30606",
"1400000US12086000216","Census Tract 2.16; Miami-Dade County; Florida","75541","9715",
"1400000US12086000218","Census Tract 2.18; Miami-Dade County; Florida","53958","21522",
"1400000US12086000219","Census Tract 2.19; Miami-Dade County; Florida","51646","13664",
"1400000US12086000220","Census Tract 2.20; Miami-Dade County; Florida","44949","13201",
"1400000US12086000221","Census Tract 2.21; Miami-Dade County; Florida","82439","11269",
"1400000US12086000222","Census Tract 2.22; Miami-Dade County; Florida","65817","9330",
"1400000US12086000223","Census Tract 2.23; Miami-Dade County; Florida","48649","23124",
"1400000US12086000224","Census Tract 2.24; Miami-Dade County; Florida","54833","24930",
"1400000US12086000225","Census Tract 2.25; Miami-Dade County; Florida","62000","18684",
"1400000US12086000226","Census Tract 2.26; Miami-Dade County; Florida","76250","44816",
"1400000US12086000227","Census Tract 2.27; Miami-Dade County; Florida","54395","41284",
"1400000US12086000228","Census Tract 2.28; Miami-Dade County; Florida","65038","25766",
"1400000US12086000302","Census Tract 3.02; Miami-Dade County; Florida","88589","20944",
"1400000US12086000306","Census Tract 3.06; Miami-Dade County; Florida","46987","11462",
"1400000US12086000307","Census Tract 3.07; Miami-Dade County; Florida","57366","11982",
"1400000US12086000308","Census Tract 3.08; Miami-Dade County; Florida","68802","30180",
"1400000US12086000309","Census Tract 3.09; Miami-Dade County; Florida","48542","22409",
"1400000US12086000310","Census Tract 3.10; Miami-Dade County; Florida","54855","10277",
"1400000US12086000311","Census Tract 3.11; Miami-Dade County; Florida","39716","11814",
"1400000US12086000312","Census Tract 3.12; Miami-Dade County; Florida","33563","11612",
"1400000US12086000402","Census Tract 4.02; Miami-Dade County; Florida","44625","15243",
"1400000US12086000405","Census Tract 4.05; Miami-Dade County; Florida","57839","7434",
"1400000US12086000408","Census Tract 4.08; Miami-Dade County; Florida","41200","20157",
"1400000US12086000409","Census Tract 4.09; Miami-Dade County; Florida","80557","6181",
"1400000US12086000410","Census Tract 4.10; Miami-Dade County; Florida","78455","23788",
"1400000US12086000411","Census Tract 4.11; Miami-Dade County; Florida","63812","12591",
"1400000US12086000413","Census Tract 4.13; Miami-Dade County; Florida","44975","34894",
"1400000US12086000414","Census Tract 4.14; Miami-Dade County; Florida","52895","9980",
"1400000US12086000415","Census Tract 4.15; Miami-Dade County; Florida","69519","31149",
"1400000US12086000416","Census Tract 4.16; Miami-Dade County; Florida","36484","14861",
"1400000US12086000417","Census Tract 4.17; Miami-Dade County; Florida","46170","8921",
"1400000US12086000418","Census Tract 4.18; Miami-Dade County; Florida","38342","8216",
"1400000US12086000419","Census Tract 4.19; Miami-Dade County; Florida","72857","33850",
"1400000US12086000420","Census Tract 4.20; Miami-Dade County; Florida","58839","16654",
"1400000US12086000504","Census Tract 5.04; Miami-Dade County; Florida","58105","13759",
"1400000US12086000505","Census Tract 5.05; Miami-Dade County; Florida","59360","18662",
"1400000US12086000506","Census Tract 5.06; Miami-Dade County; Florida","58917","17716",
"1400000US12086000507","Census Tract 5.07; Miami-Dade County; Florida","62762","24588",
"1400000US12086000508","Census Tract 5.08; Miami-Dade County; Florida","29896","5836",
"1400000US12086000509","Census Tract 5.09; Miami-Dade County; Florida","46313","28544",
"1400000US12086000601","Census Tract 6.01; Miami-Dade County; Florida","68333","19227",
"1400000US12086000602","Census Tract 6.02; Miami-Dade County; Florida","65133","26285",
"1400000US12086000603","Census Tract 6.03; Miami-Dade County; Florida","78624","7752",
"1400000US12086000605","Census Tract 6.05; Miami-Dade County; Florida","97593","57308",
"1400000US12086000607","Census Tract 6.07; Miami-Dade County; Florida","50755","22531",
"1400000US12086000609","Census Tract 6.09; Miami-Dade County; Florida","44028","17650",
"1400000US12086000610","Census Tract 6.10; Miami-Dade County; Florida","63617","9081",
"1400000US12086000611","Census Tract 6.11; Miami-Dade County; Florida","56229","6707",
"1400000US12086000612","Census Tract 6.12; Miami-Dade County; Florida","82707","13297",
"1400000US12086000705","Census Tract 7.05; Miami-Dade County; Florida","52278","5665",
"1400000US12086000710","Census Tract 7.10; Miami-Dade County; Florida","44513","6376",
"1400000US12086000711","Census Tract 7.11; Miami-Dade County; Florida","44769","11447",
"1400000US12086000712","Census Tract 7.12; Miami-Dade County; Florida","45176","8931",
"1400000US12086000713","Census Tract 7.13; Miami-Dade County; Florida","17176","10767",
"1400000US12086000714","Census Tract 7.14; Miami-Dade County; Florida","46922","17916",
"1400000US12086000715","Census Tract 7.15; Miami-Dade County; Florida","70069","25248",
"1400000US12086000716","Census Tract 7.16; Miami-Dade County; Florida","46212","17019",
"1400000US12086000717","Census Tract 7.17; Miami-Dade County; Florida","77803","19388",
"1400000US12086000718","Census Tract 7.18; Miami-Dade County; Florida","58094","26665",
"1400000US12086000719","Census Tract 7.19; Miami-Dade County; Florida","38690","11157",
"1400000US12086000720","Census Tract 7.20; Miami-Dade County; Florida","43233","14571",
"1400000US12086000804","Census Tract 8.04; Miami-Dade County; Florida","55355","12664",
"1400000US12086000805","Census Tract 8.05; Miami-Dade County; Florida","59479","11869",
"1400000US12086000806","Census Tract 8.06; Miami-Dade County; Florida","44868","9359",
"1400000US12086000807","Census Tract 8.07; Miami-Dade County; Florida","37236","12027",
"1400000US12086000808","Census Tract 8.08; Miami-Dade County; Florida","45380","16451",
"1400000US12086000903","Census Tract 9.03; Miami-Dade County; Florida","34943","9305",
"1400000US12086000904","Census Tract 9.04; Miami-Dade County; Florida","52500","11316",
"1400000US12086000905","Census Tract 9.05; Miami-Dade County; Florida","64677","28279",
"1400000US12086000906","Census Tract 9.06; Miami-Dade County; Florida","67083","20368",
"1400000US12086000907","Census Tract 9.07; Miami-Dade County; Florida","58494","9401",
"1400000US12086000908","Census Tract 9.08; Miami-Dade County; Florida","60199","24027",
"1400000US12086001003","Census Tract 10.03; Miami-Dade County; Florida","78964","31285",
"1400000US12086001004","Census Tract 10.04; Miami-Dade County; Florida","51502","3566",
"1400000US12086001005","Census Tract 10.05; Miami-Dade County; Florida","31250","12562",
"1400000US12086001006","Census Tract 10.06; Miami-Dade County; Florida","38527","18253",
"1400000US12086001007","Census Tract 10.07; Miami-Dade County; Florida","67591","18407",
"1400000US12086001008","Census Tract 10.08; Miami-Dade County; Florida","51861","16174",
"1400000US12086001101","Census Tract 11.01; Miami-Dade County; Florida","93799","29294",
"1400000US12086001102","Census Tract 11.02; Miami-Dade County; Florida","102898","19481",
"1400000US12086001103","Census Tract 11.03; Miami-Dade County; Florida","68059","22759",
"1400000US12086001104","Census Tract 11.04; Miami-Dade County; Florida","170095","25227",
"1400000US12086001204","Census Tract 12.04; Miami-Dade County; Florida","64735","17410",
"1400000US12086001205","Census Tract 12.05; Miami-Dade County; Florida","143603","30370",
"1400000US12086001206","Census Tract 12.06; Miami-Dade County; Florida","117125","43082",
"1400000US12086001207","Census Tract 12.07; Miami-Dade County; Florida","66786","49537",
"1400000US12086001208","Census Tract 12.08; Miami-Dade County; Florida","60929","34556",
"1400000US12086001209","Census Tract 12.09; Miami-Dade County; Florida","60423","16298",
"1400000US12086001301","Census Tract 13.01; Miami-Dade County; Florida","63465","11805",
"1400000US12086001302","Census Tract 13.02; Miami-Dade County; Florida","99946","24845",
"1400000US12086001401","Census Tract 14.01; Miami-Dade County; Florida","32385","5656",
"1400000US12086001402","Census Tract 14.02; Miami-Dade County; Florida","37433","7715",
"1400000US12086001501","Census Tract 15.01; Miami-Dade County; Florida","27098","7090",
"1400000US12086001502","Census Tract 15.02; Miami-Dade County; Florida","38380","12236",
"1400000US12086001603","Census Tract 16.03; Miami-Dade County; Florida","61473","23165",
"1400000US12086001605","Census Tract 16.05; Miami-Dade County; Florida","31972","2483",
"1400000US12086001606","Census Tract 16.06; Miami-Dade County; Florida","36467","3229",
"1400000US12086001607","Census Tract 16.07; Miami-Dade County; Florida","81828","28113",
"1400000US12086001608","Census Tract 16.08; Miami-Dade County; Florida","69151","18179",
"1400000US12086001701","Census Tract 17.01; Miami-Dade County; Florida","46771","13154",
"1400000US12086001702","Census Tract 17.02; Miami-Dade County; Florida","45814","8608",
"1400000US12086001704","Census Tract 17.04; Miami-Dade County; Florida","33039","6574",
"1400000US12086001705","Census Tract 17.05; Miami-Dade County; Florida","55265","36986",
"1400000US12086001801","Census Tract 18.01; Miami-Dade County; Florida","42786","19403",
"1400000US12086001802","Census Tract 18.02; Miami-Dade County; Florida","43883","4036",
"1400000US12086001803","Census Tract 18.03; Miami-Dade County; Florida","20103","8934",
"1400000US12086001901","Census Tract 19.01; Miami-Dade County; Florida","29809","5567",
"1400000US12086001903","Census Tract 19.03; Miami-Dade County; Florida","44975","23721",
"1400000US12086001904","Census Tract 19.04; Miami-Dade County; Florida","38261","7559",
"1400000US12086002001","Census Tract 20.01; Miami-Dade County; Florida","22740","10443",
"1400000US12086002003","Census Tract 20.03; Miami-Dade County; Florida","35479","7202",
"1400000US12086002004","Census Tract 20.04; Miami-Dade County; Florida","35742","14553",
"1400000US12086002100","Census Tract 21; Miami-Dade County; Florida","91091","64586",
"1400000US12086002201","Census Tract 22.01; Miami-Dade County; Florida","65893","8065",
"1400000US12086002202","Census Tract 22.02; Miami-Dade County; Florida","55069","29926",
"1400000US12086002300","Census Tract 23; Miami-Dade County; Florida","52561","20717",
"1400000US12086002402","Census Tract 24.02; Miami-Dade County; Florida","50977","16527",
"1400000US12086002403","Census Tract 24.03; Miami-Dade County; Florida","46698","26059",
"1400000US12086002404","Census Tract 24.04; Miami-Dade County; Florida","19394","4919",
"1400000US12086002501","Census Tract 25.01; Miami-Dade County; Florida","32431","6625",
"1400000US12086002502","Census Tract 25.02; Miami-Dade County; Florida","46250","9873",
"1400000US12086002600","Census Tract 26; Miami-Dade County; Florida","84258","22447",
"1400000US12086002702","Census Tract 27.02; Miami-Dade County; Florida","105035","27783",
"1400000US12086002705","Census Tract 27.05; Miami-Dade County; Florida","123766","43805",
"1400000US12086002707","Census Tract 27.07; Miami-Dade County; Florida","108773","31339",
"1400000US12086002708","Census Tract 27.08; Miami-Dade County; Florida","89191","27753",
"1400000US12086002709","Census Tract 27.09; Miami-Dade County; Florida","135240","18370",
"1400000US12086002710","Census Tract 27.10; Miami-Dade County; Florida","120692","32758",
"1400000US12086002800","Census Tract 28; Miami-Dade County; Florida","45324","22498",
"1400000US12086002900","Census Tract 29; Miami-Dade County; Florida","43750","14367",
"1400000US12086003001","Census Tract 30.01; Miami-Dade County; Florida","42167","14520",
"1400000US12086003004","Census Tract 30.04; Miami-Dade County; Florida","38929","9287",
"1400000US12086003005","Census Tract 30.05; Miami-Dade County; Florida","36493","5819",
"1400000US12086003006","Census Tract 30.06; Miami-Dade County; Florida","46650","32845",
"1400000US12086003100","Census Tract 31; Miami-Dade County; Florida","44071","12604",
"1400000US12086003400","Census Tract 34; Miami-Dade County; Florida","43716","3321",
"1400000US12086003603","Census Tract 36.03; Miami-Dade County; Florida","57931","12798",
"1400000US12086003604","Census Tract 36.04; Miami-Dade County; Florida","54665","21788",
"1400000US12086003605","Census Tract 36.05; Miami-Dade County; Florida","33920","15264",
"1400000US12086003606","Census Tract 36.06; Miami-Dade County; Florida","29107","8429",
"1400000US12086003607","Census Tract 36.07; Miami-Dade County; Florida","34053","11091",
"1400000US12086003703","Census Tract 37.03; Miami-Dade County; Florida","120172","38176",
"1400000US12086003704","Census Tract 37.04; Miami-Dade County; Florida","48036","23769",
"1400000US12086003705","Census Tract 37.05; Miami-Dade County; Florida","156959","41977",
"1400000US12086003706","Census Tract 37.06; Miami-Dade County; Florida","65238","11127",
"1400000US12086003707","Census Tract 37.07; Miami-Dade County; Florida","129875","23411",
"1400000US12086003708","Census Tract 37.08; Miami-Dade County; Florida","74073","23838",
"1400000US12086003709","Census Tract 37.09; Miami-Dade County; Florida","68005","9367",
"1400000US12086003710","Census Tract 37.10; Miami-Dade County; Florida","101946","16864",
"1400000US12086003801","Census Tract 38.01; Miami-Dade County; Florida","89327","32056",
"1400000US12086003803","Census Tract 38.03; Miami-Dade County; Florida","80806","19248",
"1400000US12086003804","Census Tract 38.04; Miami-Dade County; Florida","100208","28012",
"1400000US12086003906","Census Tract 39.06; Miami-Dade County; Florida","204554","29297",
"1400000US12086003909","Census Tract 39.09; Miami-Dade County; Florida","53203","14230",
"1400000US12086003911","Census Tract 39.11; Miami-Dade County; Florida","62103","8729",
"1400000US12086003912","Census Tract 39.12; Miami-Dade County; Florida","86971","30981",
"1400000US12086003913","Census Tract 39.13; Miami-Dade County; Florida","54099","21541",
"1400000US12086003914","Census Tract 39.14; Miami-Dade County; Florida","55932","17818",
"1400000US12086003915","Census Tract 39.15; Miami-Dade County; Florida","60885","21163",
"1400000US12086003916","Census Tract 39.16; Miami-Dade County; Florida","76161","18056",
"1400000US12086003917","Census Tract 39.17; Miami-Dade County; Florida","71440","30674",
"1400000US12086003918","Census Tract 39.18; Miami-Dade County; Florida","107750","34396",
"1400000US12086003919","Census Tract 39.19; Miami-Dade County; Florida","114505","65993",
"1400000US12086003921","Census Tract 39.21; Miami-Dade County; Florida","105357","12637",
"1400000US12086003922","Census Tract 39.22; Miami-Dade County; Florida","125192","32324",
"1400000US12086004000","Census Tract 40; Miami-Dade County; Florida","159342","70136",
"1400000US12086004102","Census Tract 41.02; Miami-Dade County; Florida","184299","30733",
"1400000US12086004103","Census Tract 41.03; Miami-Dade County; Florida","39817","14255",
"1400000US12086004105","Census Tract 41.05; Miami-Dade County; Florida","-","**",
"1400000US12086004106","Census Tract 41.06; Miami-Dade County; Florida","170417","37623",
"1400000US12086004204","Census Tract 42.04; Miami-Dade County; Florida","49063","8063",
"1400000US12086004205","Census Tract 42.05; Miami-Dade County; Florida","70143","28596",
"1400000US12086004206","Census Tract 42.06; Miami-Dade County; Florida","74955","52975",
"1400000US12086004207","Census Tract 42.07; Miami-Dade County; Florida","125024","48426",
"1400000US12086004208","Census Tract 42.08; Miami-Dade County; Florida","83989","18632",
"1400000US12086004301","Census Tract 43.01; Miami-Dade County; Florida","74528","16705",
"1400000US12086004303","Census Tract 43.03; Miami-Dade County; Florida","51450","20646",
"1400000US12086004304","Census Tract 43.04; Miami-Dade County; Florida","76586","17110",
"1400000US12086004403","Census Tract 44.03; Miami-Dade County; Florida","41871","8724",
"1400000US12086004404","Census Tract 44.04; Miami-Dade County; Florida","36094","28166",
"1400000US12086004405","Census Tract 44.05; Miami-Dade County; Florida","49759","8082",
"1400000US12086004406","Census Tract 44.06; Miami-Dade County; Florida","81316","25233",
"1400000US12086004500","Census Tract 45; Miami-Dade County; Florida","96688","60520",
"1400000US12086004602","Census Tract 46.02; Miami-Dade County; Florida","250,000+","***",
"1400000US12086004605","Census Tract 46.05; Miami-Dade County; Florida","152321","103310",
"1400000US12086004607","Census Tract 46.07; Miami-Dade County; Florida","176333","102849",
"1400000US12086004608","Census Tract 46.08; Miami-Dade County; Florida","105000","41867",
"1400000US12086004701","Census Tract 47.01; Miami-Dade County; Florida","93667","29931",
"1400000US12086004703","Census Tract 47.03; Miami-Dade County; Florida","86314","13614",
"1400000US12086004704","Census Tract 47.04; Miami-Dade County; Florida","70469","25119",
"1400000US12086004705","Census Tract 47.05; Miami-Dade County; Florida","81316","78725",
"1400000US12086004901","Census Tract 49.01; Miami-Dade County; Florida","65721","17010",
"1400000US12086004903","Census Tract 49.03; Miami-Dade County; Florida","50246","12711",
"1400000US12086004904","Census Tract 49.04; Miami-Dade County; Florida","51726","17040",
"1400000US12086005002","Census Tract 50.02; Miami-Dade County; Florida","72860","29510",
"1400000US12086005003","Census Tract 50.03; Miami-Dade County; Florida","58816","42239",
"1400000US12086005004","Census Tract 50.04; Miami-Dade County; Florida","57146","26256",
"1400000US12086005102","Census Tract 51.02; Miami-Dade County; Florida","35665","30557",
"1400000US12086005103","Census Tract 51.03; Miami-Dade County; Florida","39936","8857",
"1400000US12086005104","Census Tract 51.04; Miami-Dade County; Florida","34920","5765",
"1400000US12086005201","Census Tract 52.01; Miami-Dade County; Florida","40061","7571",
"1400000US12086005202","Census Tract 52.02; Miami-Dade County; Florida","42669","9151",
"1400000US12086005303","Census Tract 53.03; Miami-Dade County; Florida","39960","9663",
"1400000US12086005304","Census Tract 53.04; Miami-Dade County; Florida","38545","9564",
"1400000US12086005305","Census Tract 53.05; Miami-Dade County; Florida","29955","16787",
"1400000US12086005306","Census Tract 53.06; Miami-Dade County; Florida","27321","16767",
"1400000US12086005403","Census Tract 54.03; Miami-Dade County; Florida","46793","23578",
"1400000US12086005405","Census Tract 54.05; Miami-Dade County; Florida","59831","4835",
"1400000US12086005406","Census Tract 54.06; Miami-Dade County; Florida","46997","12863",
"1400000US12086005407","Census Tract 54.07; Miami-Dade County; Florida","39317","7158",
"1400000US12086005409","Census Tract 54.09; Miami-Dade County; Florida","23277","19844",
"1400000US12086005410","Census Tract 54.10; Miami-Dade County; Florida","26674","8218",
"1400000US12086005503","Census Tract 55.03; Miami-Dade County; Florida","46719","18725",
"1400000US12086005504","Census Tract 55.04; Miami-Dade County; Florida","67083","42293",
"1400000US12086005505","Census Tract 55.05; Miami-Dade County; Florida","50625","24173",
"1400000US12086005506","Census Tract 55.06; Miami-Dade County; Florida","56688","11056",
"1400000US12086005600","Census Tract 56; Miami-Dade County; Florida","60284","17487",
"1400000US12086005701","Census Tract 57.01; Miami-Dade County; Florida","61131","32083",
"1400000US12086005705","Census Tract 57.05; Miami-Dade County; Florida","40743","12620",
"1400000US12086005706","Census Tract 57.06; Miami-Dade County; Florida","55128","17494",
"1400000US12086005707","Census Tract 57.07; Miami-Dade County; Florida","40474","7687",
"1400000US12086005708","Census Tract 57.08; Miami-Dade County; Florida","46894","16345",
"1400000US12086005803","Census Tract 58.03; Miami-Dade County; Florida","60519","11990",
"1400000US12086005804","Census Tract 58.04; Miami-Dade County; Florida","60550","32236",
"1400000US12086005805","Census Tract 58.05; Miami-Dade County; Florida","71838","37854",
"1400000US12086005806","Census Tract 58.06; Miami-Dade County; Florida","68041","22010",
"1400000US12086005901","Census Tract 59.01; Miami-Dade County; Florida","77586","29437",
"1400000US12086005902","Census Tract 59.02; Miami-Dade County; Florida","70101","23592",
"1400000US12086005903","Census Tract 59.03; Miami-Dade County; Florida","61027","8363",
"1400000US12086005904","Census Tract 59.04; Miami-Dade County; Florida","63182","22434",
"1400000US12086006002","Census Tract 60.02; Miami-Dade County; Florida","82656","22876",
"1400000US12086006003","Census Tract 60.03; Miami-Dade County; Florida","106875","44862",
"1400000US12086006004","Census Tract 60.04; Miami-Dade County; Florida","115694","31026",
"1400000US12086006103","Census Tract 61.03; Miami-Dade County; Florida","191964","74747",
"1400000US12086006104","Census Tract 61.04; Miami-Dade County; Florida","195588","21890",
"1400000US12086006105","Census Tract 61.05; Miami-Dade County; Florida","157778","47488",
"1400000US12086006106","Census Tract 61.06; Miami-Dade County; Florida","142917","59936",
"1400000US12086006201","Census Tract 62.01; Miami-Dade County; Florida","68333","23054",
"1400000US12086006203","Census Tract 62.03; Miami-Dade County; Florida","114258","35783",
"1400000US12086006205","Census Tract 62.05; Miami-Dade County; Florida","67564","35730",
"1400000US12086006206","Census Tract 62.06; Miami-Dade County; Florida","122679","43450",
"1400000US12086006302","Census Tract 63.02; Miami-Dade County; Florida","80773","20757",
"1400000US12086006303","Census Tract 63.03; Miami-Dade County; Florida","46232","17123",
"1400000US12086006304","Census Tract 63.04; Miami-Dade County; Florida","48553","14413",
"1400000US12086006401","Census Tract 64.01; Miami-Dade County; Florida","52681","15687",
"1400000US12086006402","Census Tract 64.02; Miami-Dade County; Florida","76500","14262",
"1400000US12086006403","Census Tract 64.03; Miami-Dade County; Florida","39565","36061",
"1400000US12086006501","Census Tract 65.01; Miami-Dade County; Florida","72992","24535",
"1400000US12086006503","Census Tract 65.03; Miami-Dade County; Florida","83542","30459",
"1400000US12086006504","Census Tract 65.04; Miami-Dade County; Florida","100096","23385",
"1400000US12086006603","Census Tract 66.03; Miami-Dade County; Florida","41858","11181",
"1400000US12086006604","Census Tract 66.04; Miami-Dade County; Florida","74697","25163",
"1400000US12086006605","Census Tract 66.05; Miami-Dade County; Florida","117607","47019",
"1400000US12086006606","Census Tract 66.06; Miami-Dade County; Florida","37656","15348",
"1400000US12086006607","Census Tract 66.07; Miami-Dade County; Florida","75380","41136",
"1400000US12086006608","Census Tract 66.08; Miami-Dade County; Florida","121875","33412",
"1400000US12086006705","Census Tract 67.05; Miami-Dade County; Florida","131399","44687",
"1400000US12086006706","Census Tract 67.06; Miami-Dade County; Florida","110339","45418",
"1400000US12086006707","Census Tract 67.07; Miami-Dade County; Florida","164858","12237",
"1400000US12086006709","Census Tract 67.09; Miami-Dade County; Florida","217625","57618",
"1400000US12086006713","Census Tract 67.13; Miami-Dade County; Florida","122434","58137",
"1400000US12086006714","Census Tract 67.14; Miami-Dade County; Florida","133750","29045",
"1400000US12086006715","Census Tract 67.15; Miami-Dade County; Florida","111563","19383",
"1400000US12086006716","Census Tract 67.16; Miami-Dade County; Florida","53750","44967",
"1400000US12086006717","Census Tract 67.17; Miami-Dade County; Florida","148359","126213",
"1400000US12086006718","Census Tract 67.18; Miami-Dade County; Florida","186250","32293",
"1400000US12086006719","Census Tract 67.19; Miami-Dade County; Florida","109018","55302",
"1400000US12086006720","Census Tract 67.20; Miami-Dade County; Florida","173088","70726",
"1400000US12086006721","Census Tract 67.21; Miami-Dade County; Florida","133333","83489",
"1400000US12086006722","Census Tract 67.22; Miami-Dade County; Florida","89297","15268",
"1400000US12086006801","Census Tract 68.01; Miami-Dade County; Florida","207845","48045",
"1400000US12086006802","Census Tract 68.02; Miami-Dade County; Florida","200655","44849",
"1400000US12086006901","Census Tract 69.01; Miami-Dade County; Florida","91616","36128",
"1400000US12086006902","Census Tract 69.02; Miami-Dade County; Florida","77179","27860",
"1400000US12086007003","Census Tract 70.03; Miami-Dade County; Florida","68707","31019",
"1400000US12086007004","Census Tract 70.04; Miami-Dade County; Florida","73915","16475",
"1400000US12086007005","Census Tract 70.05; Miami-Dade County; Florida","65234","26219",
"1400000US12086007006","Census Tract 70.06; Miami-Dade County; Florida","61757","11056",
"1400000US12086007007","Census Tract 70.07; Miami-Dade County; Florida","98342","15193",
"1400000US12086007101","Census Tract 71.01; Miami-Dade County; Florida","82361","40099",
"1400000US12086007103","Census Tract 71.03; Miami-Dade County; Florida","125458","50268",
"1400000US12086007104","Census Tract 71.04; Miami-Dade County; Florida","163250","55697",
"1400000US12086007200","Census Tract 72; Miami-Dade County; Florida","65047","11894",
"1400000US12086007300","Census Tract 73; Miami-Dade County; Florida","186786","148264",
"1400000US12086007401","Census Tract 74.01; Miami-Dade County; Florida","246397","26941",
"1400000US12086007402","Census Tract 74.02; Miami-Dade County; Florida","145765","40665",
"1400000US12086007403","Census Tract 74.03; Miami-Dade County; Florida","121925","13728",
"1400000US12086007501","Census Tract 75.01; Miami-Dade County; Florida","237222","49495",
"1400000US12086007503","Census Tract 75.03; Miami-Dade County; Florida","129375","64708",
"1400000US12086007601","Census Tract 76.01; Miami-Dade County; Florida","120605","19992",
"1400000US12086007603","Census Tract 76.03; Miami-Dade County; Florida","46566","14409",
"1400000US12086007605","Census Tract 76.05; Miami-Dade County; Florida","75844","6784",
"1400000US12086007607","Census Tract 76.07; Miami-Dade County; Florida","99254","43283",
"1400000US12086007608","Census Tract 76.08; Miami-Dade County; Florida","158750","36962",
"1400000US12086007609","Census Tract 76.09; Miami-Dade County; Florida","74107","8692",
"1400000US12086007610","Census Tract 76.10; Miami-Dade County; Florida","105787","22761",
"1400000US12086007704","Census Tract 77.04; Miami-Dade County; Florida","65403","8893",
"1400000US12086007705","Census Tract 77.05; Miami-Dade County; Florida","71056","20781",
"1400000US12086007706","Census Tract 77.06; Miami-Dade County; Florida","112063","48110",
"1400000US12086007707","Census Tract 77.07; Miami-Dade County; Florida","158164","36280",
"1400000US12086007708","Census Tract 77.08; Miami-Dade County; Florida","68393","16713",
"1400000US12086007709","Census Tract 77.09; Miami-Dade County; Florida","85699","35297",
"1400000US12086007801","Census Tract 78.01; Miami-Dade County; Florida","250,000+","***",
"1400000US12086007805","Census Tract 78.05; Miami-Dade County; Florida","168313","41485",
"1400000US12086007806","Census Tract 78.06; Miami-Dade County; Florida","250,000+","***",
"1400000US12086007807","Census Tract 78.07; Miami-Dade County; Florida","163958","41154",
"1400000US12086007808","Census Tract 78.08; Miami-Dade County; Florida","67002","7886",
"1400000US12086007809","Census Tract 78.09; Miami-Dade County; Florida","77336","20018",
"1400000US12086007901","Census Tract 79.01; Miami-Dade County; Florida","115428","61303",
"1400000US12086007902","Census Tract 79.02; Miami-Dade County; Florida","191597","75855",
"1400000US12086008000","Census Tract 80; Miami-Dade County; Florida","177781","55451",
"1400000US12086008101","Census Tract 81.01; Miami-Dade County; Florida","250,000+","***",
"1400000US12086008102","Census Tract 81.02; Miami-Dade County; Florida","195625","25105",
"1400000US12086008202","Census Tract 82.02; Miami-Dade County; Florida","158235","56194",
"1400000US12086008205","Census Tract 82.05; Miami-Dade County; Florida","174712","86092",
"1400000US12086008206","Census Tract 82.06; Miami-Dade County; Florida","122679","50037",
"1400000US12086008207","Census Tract 82.07; Miami-Dade County; Florida","211964","44557",
"1400000US12086008208","Census Tract 82.08; Miami-Dade County; Florida","81995","21805",
"1400000US12086008209","Census Tract 82.09; Miami-Dade County; Florida","166447","41471",
"1400000US12086008305","Census Tract 83.05; Miami-Dade County; Florida","105925","34724",
"1400000US12086008308","Census Tract 83.08; Miami-Dade County; Florida","77077","6520",
"1400000US12086008309","Census Tract 83.09; Miami-Dade County; Florida","44779","17879",
"1400000US12086008310","Census Tract 83.10; Miami-Dade County; Florida","79263","30054",
"1400000US12086008311","Census Tract 83.11; Miami-Dade County; Florida","93281","33159",
"1400000US12086008312","Census Tract 83.12; Miami-Dade County; Florida","69139","19381",
"1400000US12086008313","Census Tract 83.13; Miami-Dade County; Florida","63989","3159",
"1400000US12086008314","Census Tract 83.14; Miami-Dade County; Florida","78750","14532",
"1400000US12086008315","Census Tract 83.15; Miami-Dade County; Florida","98120","15483",
"1400000US12086008409","Census Tract 84.09; Miami-Dade County; Florida","103571","59229",
"1400000US12086008415","Census Tract 84.15; Miami-Dade County; Florida","188056","41084",
"1400000US12086008416","Census Tract 84.16; Miami-Dade County; Florida","84803","37787",
"1400000US12086008418","Census Tract 84.18; Miami-Dade County; Florida","79596","21811",
"1400000US12086008419","Census Tract 84.19; Miami-Dade County; Florida","58359","21443",
"1400000US12086008420","Census Tract 84.20; Miami-Dade County; Florida","109444","40089",
"1400000US12086008421","Census Tract 84.21; Miami-Dade County; Florida","156295","61216",
"1400000US12086008422","Census Tract 84.22; Miami-Dade County; Florida","53611","52429",
"1400000US12086008423","Census Tract 84.23; Miami-Dade County; Florida","86875","48125",
"1400000US12086008424","Census Tract 84.24; Miami-Dade County; Florida","40741","24536",
"1400000US12086008425","Census Tract 84.25; Miami-Dade County; Florida","84750","24139",
"1400000US12086008426","Census Tract 84.26; Miami-Dade County; Florida","134010","26916",
"1400000US12086008427","Census Tract 84.27; Miami-Dade County; Florida","76761","40352",
"1400000US12086008428","Census Tract 84.28; Miami-Dade County; Florida","165352","48467",
"1400000US12086008429","Census Tract 84.29; Miami-Dade County; Florida","165146","57220",
"1400000US12086008430","Census Tract 84.30; Miami-Dade County; Florida","58131","13759",
"1400000US12086008431","Census Tract 84.31; Miami-Dade County; Florida","-","**",
"1400000US12086008502","Census Tract 85.02; Miami-Dade County; Florida","112024","22712",
"1400000US12086008503","Census Tract 85.03; Miami-Dade County; Florida","62689","46055",
"1400000US12086008504","Census Tract 85.04; Miami-Dade County; Florida","127614","19000",
"1400000US12086008601","Census Tract 86.01; Miami-Dade County; Florida","101286","29226",
"1400000US12086008603","Census Tract 86.03; Miami-Dade County; Florida","124256","31966",
"1400000US12086008604","Census Tract 86.04; Miami-Dade County; Florida","93125","40798",
"1400000US12086008702","Census Tract 87.02; Miami-Dade County; Florida","88468","13288",
"1400000US12086008703","Census Tract 87.03; Miami-Dade County; Florida","70337","26512",
"1400000US12086008704","Census Tract 87.04; Miami-Dade County; Florida","87383","13806",
"1400000US12086008805","Census Tract 88.05; Miami-Dade County; Florida","61182","16785",
"1400000US12086008806","Census Tract 88.06; Miami-Dade County; Florida","84615","28448",
"1400000US12086008807","Census Tract 88.07; Miami-Dade County; Florida","110004","22681",
"1400000US12086008808","Census Tract 88.08; Miami-Dade County; Florida","73234","12307",
"1400000US12086008809","Census Tract 88.09; Miami-Dade County; Florida","92554","22493",
"1400000US12086008810","Census Tract 88.10; Miami-Dade County; Florida","58333","32847",
"1400000US12086008904","Census Tract 89.04; Miami-Dade County; Florida","-","**",
"1400000US12086008906","Census Tract 89.06; Miami-Dade County; Florida","66458","38739",
"1400000US12086008907","Census Tract 89.07; Miami-Dade County; Florida","46864","14248",
"1400000US12086008908","Census Tract 89.08; Miami-Dade County; Florida","67660","11036",
"1400000US12086008909","Census Tract 89.09; Miami-Dade County; Florida","67039","23111",
"1400000US12086008910","Census Tract 89.10; Miami-Dade County; Florida","59632","17220",
"1400000US12086008911","Census Tract 89.11; Miami-Dade County; Florida","88512","33175",
"1400000US12086009010","Census Tract 90.10; Miami-Dade County; Florida","103785","31299",
"1400000US12086009014","Census Tract 90.14; Miami-Dade County; Florida","81907","13780",
"1400000US12086009015","Census Tract 90.15; Miami-Dade County; Florida","55885","13340",
"1400000US12086009020","Census Tract 90.20; Miami-Dade County; Florida","42875","9234",
"1400000US12086009021","Census Tract 90.21; Miami-Dade County; Florida","57156","25242",
"1400000US12086009022","Census Tract 90.22; Miami-Dade County; Florida","62128","13705",
"1400000US12086009024","Census Tract 90.24; Miami-Dade County; Florida","76888","17105",
"1400000US12086009026","Census Tract 90.26; Miami-Dade County; Florida","52213","12422",
"1400000US12086009027","Census Tract 90.27; Miami-Dade County; Florida","59583","17545",
"1400000US12086009028","Census Tract 90.28; Miami-Dade County; Florida","63310","18366",
"1400000US12086009029","Census Tract 90.29; Miami-Dade County; Florida","75309","10236",
"1400000US12086009030","Census Tract 90.30; Miami-Dade County; Florida","59676","8079",
"1400000US12086009031","Census Tract 90.31; Miami-Dade County; Florida","70360","13497",
"1400000US12086009039","Census Tract 90.39; Miami-Dade County; Florida","71750","12859",
"1400000US12086009040","Census Tract 90.40; Miami-Dade County; Florida","100611","6619",
"1400000US12086009043","Census Tract 90.43; Miami-Dade County; Florida","115865","30547",
"1400000US12086009044","Census Tract 90.44; Miami-Dade County; Florida","88750","22267",
"1400000US12086009048","Census Tract 90.48; Miami-Dade County; Florida","119750","32486",
"1400000US12086009049","Census Tract 90.49; Miami-Dade County; Florida","100306","8258",
"1400000US12086009050","Census Tract 90.50; Miami-Dade County; Florida","81061","4746",
"1400000US12086009051","Census Tract 90.51; Miami-Dade County; Florida","90281","42335",
"1400000US12086009052","Census Tract 90.52; Miami-Dade County; Florida","42188","14579",
"1400000US12086009053","Census Tract 90.53; Miami-Dade County; Florida","79693","27319",
"1400000US12086009054","Census Tract 90.54; Miami-Dade County; Florida","81324","25567",
"1400000US12086009055","Census Tract 90.55; Miami-Dade County; Florida","42454","29182",
"1400000US12086009056","Census Tract 90.56; Miami-Dade County; Florida","78347","41266",
"1400000US12086009057","Census Tract 90.57; Miami-Dade County; Florida","107587","14551",
"1400000US12086009058","Census Tract 90.58; Miami-Dade County; Florida","74102","23429",
"1400000US12086009059","Census Tract 90.59; Miami-Dade County; Florida","81020","17988",
"1400000US12086009060","Census Tract 90.60; Miami-Dade County; Florida","104096","22048",
"1400000US12086009061","Census Tract 90.61; Miami-Dade County; Florida","40324","10505",
"1400000US12086009062","Census Tract 90.62; Miami-Dade County; Florida","79137","5716",
"1400000US12086009063","Census Tract 90.63; Miami-Dade County; Florida","47357","29078",
"1400000US12086009064","Census Tract 90.64; Miami-Dade County; Florida","67625","16811",
"1400000US12086009065","Census Tract 90.65; Miami-Dade County; Florida","105362","42279",
"1400000US12086009066","Census Tract 90.66; Miami-Dade County; Florida","82845","13139",
"1400000US12086009101","Census Tract 91.01; Miami-Dade County; Florida","50625","20247",
"1400000US12086009102","Census Tract 91.02; Miami-Dade County; Florida","44455","8456",
"1400000US12086009200","Census Tract 92; Miami-Dade County; Florida","72399","20721",
"1400000US12086009305","Census Tract 93.05; Miami-Dade County; Florida","106129","16155",
"1400000US12086009312","Census Tract 93.12; Miami-Dade County; Florida","89313","13043",
"1400000US12086009314","Census Tract 93.14; Miami-Dade County; Florida","42906","5402",
"1400000US12086009315","Census Tract 93.15; Miami-Dade County; Florida","31500","13055",
"1400000US12086009316","Census Tract 93.16; Miami-Dade County; Florida","86250","18814",
"1400000US12086009317","Census Tract 93.17; Miami-Dade County; Florida","78387","25856",
"1400000US12086009318","Census Tract 93.18; Miami-Dade County; Florida","82500","54405",
"1400000US12086009319","Census Tract 93.19; Miami-Dade County; Florida","94929","14571",
"1400000US12086009320","Census Tract 93.20; Miami-Dade County; Florida","45778","11062",
"1400000US12086009321","Census Tract 93.21; Miami-Dade County; Florida","70769","22065",
"1400000US12086009322","Census Tract 93.22; Miami-Dade County; Florida","39097","15862",
"1400000US12086009323","Census Tract 93.23; Miami-Dade County; Florida","69090","12160",
"1400000US12086009324","Census Tract 93.24; Miami-Dade County; Florida","49327","17201",
"1400000US12086009325","Census Tract 93.25; Miami-Dade County; Florida","69879","58683",
"1400000US12086009326","Census Tract 93.26; Miami-Dade County; Florida","34087","25665",
"1400000US12086009327","Census Tract 93.27; Miami-Dade County; Florida","85327","19111",
"1400000US12086009401","Census Tract 94.01; Miami-Dade County; Florida","77688","27085",
"1400000US12086009402","Census Tract 94.02; Miami-Dade County; Florida","73194","22992",
"1400000US12086009503","Census Tract 95.03; Miami-Dade County; Florida","80363","26713",
"1400000US12086009504","Census Tract 95.04; Miami-Dade County; Florida","72939","8769",
"1400000US12086009505","Census Tract 95.05; Miami-Dade County; Florida","51622","14200",
"1400000US12086009506","Census Tract 95.06; Miami-Dade County; Florida","49494","8256",
"1400000US12086009601","Census Tract 96.01; Miami-Dade County; Florida","62284","27316",
"1400000US12086009602","Census Tract 96.02; Miami-Dade County; Florida","54073","29300",
"1400000US12086009703","Census Tract 97.03; Miami-Dade County; Florida","128409","22211",
"1400000US12086009704","Census Tract 97.04; Miami-Dade County; Florida","81969","29558",
"1400000US12086009705","Census Tract 97.05; Miami-Dade County; Florida","44941","19947",
"1400000US12086009706","Census Tract 97.06; Miami-Dade County; Florida","55500","26248",
"1400000US12086009803","Census Tract 98.03; Miami-Dade County; Florida","80568","13044",
"1400000US12086009804","Census Tract 98.04; Miami-Dade County; Florida","74167","25522",
"1400000US12086009806","Census Tract 98.06; Miami-Dade County; Florida","56153","24379",
"1400000US12086009809","Census Tract 98.09; Miami-Dade County; Florida","72727","15874",
"1400000US12086009810","Census Tract 98.10; Miami-Dade County; Florida","84028","25150",
"1400000US12086009811","Census Tract 98.11; Miami-Dade County; Florida","34205","12292",
"1400000US12086009812","Census Tract 98.12; Miami-Dade County; Florida","69620","11141",
"1400000US12086009903","Census Tract 99.03; Miami-Dade County; Florida","92177","18935",
"1400000US12086009904","Census Tract 99.04; Miami-Dade County; Florida","54926","12279",
"1400000US12086009905","Census Tract 99.05; Miami-Dade County; Florida","87027","15043",
"1400000US12086009906","Census Tract 99.06; Miami-Dade County; Florida","72563","20548",
"1400000US12086009907","Census Tract 99.07; Miami-Dade County; Florida","99063","35759",
"1400000US12086009908","Census Tract 99.08; Miami-Dade County; Florida","41484","11826",
"1400000US12086009909","Census Tract 99.09; Miami-Dade County; Florida","62882","2872",
"1400000US12086010010","Census Tract 100.10; Miami-Dade County; Florida","54913","35573",
"1400000US12086010012","Census Tract 100.12; Miami-Dade County; Florida","88432","12899",
"1400000US12086010013","Census Tract 100.13; Miami-Dade County; Florida","74107","18807",
"1400000US12086010015","Census Tract 100.15; Miami-Dade County; Florida","60250","8354",
"1400000US12086010016","Census Tract 100.16; Miami-Dade County; Florida","68580","5986",
"1400000US12086010017","Census Tract 100.17; Miami-Dade County; Florida","73317","10771",
"1400000US12086010018","Census Tract 100.18; Miami-Dade County; Florida","80227","47198",
"1400000US12086010019","Census Tract 100.19; Miami-Dade County; Florida","60347","22104",
"1400000US12086010020","Census Tract 100.20; Miami-Dade County; Florida","58672","12573",
"1400000US12086010021","Census Tract 100.21; Miami-Dade County; Florida","72946","30234",
"1400000US12086010022","Census Tract 100.22; Miami-Dade County; Florida","81591","59202",
"1400000US12086010023","Census Tract 100.23; Miami-Dade County; Florida","45724","21926",
"1400000US12086010024","Census Tract 100.24; Miami-Dade County; Florida","-","**",
"1400000US12086010025","Census Tract 100.25; Miami-Dade County; Florida","73233","18049",
"1400000US12086010026","Census Tract 100.26; Miami-Dade County; Florida","39953","4580",
"1400000US12086010193","Census Tract 101.93; Miami-Dade County; Florida","132793","30454",
"1400000US12086010198","Census Tract 101.98; Miami-Dade County; Florida","146293","4783",
"1400000US12086010201","Census Tract 102.01; Miami-Dade County; Florida","118561","25350",
"1400000US12086010205","Census Tract 102.05; Miami-Dade County; Florida","60701","10198",
"1400000US12086010207","Census Tract 102.07; Miami-Dade County; Florida","38229","5581",
"1400000US12086010208","Census Tract 102.08; Miami-Dade County; Florida","53871","17620",
"1400000US12086010209","Census Tract 102.09; Miami-Dade County; Florida","77406","9954",
"1400000US12086010211","Census Tract 102.11; Miami-Dade County; Florida","66419","6901",
"1400000US12086010212","Census Tract 102.12; Miami-Dade County; Florida","133365","52512",
"1400000US12086010213","Census Tract 102.13; Miami-Dade County; Florida","50337","30061",
"1400000US12086010214","Census Tract 102.14; Miami-Dade County; Florida","75664","24874",
"1400000US12086010301","Census Tract 103.01; Miami-Dade County; Florida","126705","74932",
"1400000US12086010302","Census Tract 103.02; Miami-Dade County; Florida","87578","46532",
"1400000US12086010303","Census Tract 103.03; Miami-Dade County; Florida","94107","38215",
"1400000US12086010400","Census Tract 104; Miami-Dade County; Florida","66786","28469",
"1400000US12086010501","Census Tract 105.01; Miami-Dade County; Florida","47482","9324",
"1400000US12086010502","Census Tract 105.02; Miami-Dade County; Florida","98630","15166",
"1400000US12086010604","Census Tract 106.04; Miami-Dade County; Florida","114906","33362",
"1400000US12086010608","Census Tract 106.08; Miami-Dade County; Florida","82358","13124",
"1400000US12086010609","Census Tract 106.09; Miami-Dade County; Florida","47569","18637",
"1400000US12086010610","Census Tract 106.10; Miami-Dade County; Florida","110491","19307",
"1400000US12086010613","Census Tract 106.13; Miami-Dade County; Florida","61913","24464",
"1400000US12086010618","Census Tract 106.18; Miami-Dade County; Florida","109625","21466",
"1400000US12086010619","Census Tract 106.19; Miami-Dade County; Florida","87847","21341",
"1400000US12086010620","Census Tract 106.20; Miami-Dade County; Florida","120581","33160",
"1400000US12086010621","Census Tract 106.21; Miami-Dade County; Florida","83816","16719",
"1400000US12086010622","Census Tract 106.22; Miami-Dade County; Florida","70000","14837",
"1400000US12086010623","Census Tract 106.23; Miami-Dade County; Florida","74652","9644",
"1400000US12086010624","Census Tract 106.24; Miami-Dade County; Florida","80093","11575",
"1400000US12086010625","Census Tract 106.25; Miami-Dade County; Florida","98381","9656",
"1400000US12086010626","Census Tract 106.26; Miami-Dade County; Florida","84821","27642",
"1400000US12086010705","Census Tract 107.05; Miami-Dade County; Florida","64077","24373",
"1400000US12086010706","Census Tract 107.06; Miami-Dade County; Florida","92519","26383",
"1400000US12086010707","Census Tract 107.07; Miami-Dade County; Florida","67708","48824",
"1400000US12086010708","Census Tract 107.08; Miami-Dade County; Florida","59849","8822",
"1400000US12086010709","Census Tract 107.09; Miami-Dade County; Florida","86873","12163",
"1400000US12086010710","Census Tract 107.10; Miami-Dade County; Florida","72022","12426",
"1400000US12086010803","Census Tract 108.03; Miami-Dade County; Florida","65170","22984",
"1400000US12086010804","Census Tract 108.04; Miami-Dade County; Florida","45510","21529",
"1400000US12086010805","Census Tract 108.05; Miami-Dade County; Florida","36427","1744",
"1400000US12086010806","Census Tract 108.06; Miami-Dade County; Florida","67361","21468",
"1400000US12086010900","Census Tract 109; Miami-Dade County; Florida","33629","1526",
"1400000US12086011003","Census Tract 110.03; Miami-Dade County; Florida","83720","16353",
"1400000US12086011008","Census Tract 110.08; Miami-Dade County; Florida","93289","21105",
"1400000US12086011009","Census Tract 110.09; Miami-Dade County; Florida","79750","25206",
"1400000US12086011010","Census Tract 110.10; Miami-Dade County; Florida","45256","12060",
"1400000US12086011011","Census Tract 110.11; Miami-Dade County; Florida","50772","12262",
"1400000US12086011012","Census Tract 110.12; Miami-Dade County; Florida","55600","5604",
"1400000US12086011013","Census Tract 110.13; Miami-Dade County; Florida","63281","25574",
"1400000US12086011014","Census Tract 110.14; Miami-Dade County; Florida","101484","22971",
"1400000US12086011015","Census Tract 110.15; Miami-Dade County; Florida","99074","12580",
"1400000US12086011103","Census Tract 111.03; Miami-Dade County; Florida","42260","10370",
"1400000US12086011104","Census Tract 111.04; Miami-Dade County; Florida","36635","15737",
"1400000US12086011105","Census Tract 111.05; Miami-Dade County; Florida","104083","42597",
"1400000US12086011106","Census Tract 111.06; Miami-Dade County; Florida","74609","44567",
"1400000US12086011203","Census Tract 112.03; Miami-Dade County; Florida","31231","11637",
"1400000US12086011204","Census Tract 112.04; Miami-Dade County; Florida","120503","33320",
"1400000US12086011205","Census Tract 112.05; Miami-Dade County; Florida","62050","11899",
"1400000US12086011206","Census Tract 112.06; Miami-Dade County; Florida","96065","20964",
"1400000US12086011301","Census Tract 113.01; Miami-Dade County; Florida","-","**",
"1400000US12086011302","Census Tract 113.02; Miami-Dade County; Florida","29016","5952",
"1400000US12086011405","Census Tract 114.05; Miami-Dade County; Florida","-","**",
"1400000US12086011406","Census Tract 114.06; Miami-Dade County; Florida","44821","20074",
"1400000US12086011407","Census Tract 114.07; Miami-Dade County; Florida","75066","28228",
"1400000US12086011408","Census Tract 114.08; Miami-Dade County; Florida","38827","1185",
"1400000US12086011409","Census Tract 114.09; Miami-Dade County; Florida","81024","9750",
"1400000US12086011410","Census Tract 114.10; Miami-Dade County; Florida","82708","10254",
"1400000US12086011411","Census Tract 114.11; Miami-Dade County; Florida","85068","32187",
"1400000US12086011412","Census Tract 114.12; Miami-Dade County; Florida","62182","5484",
"1400000US12086011500","Census Tract 115; Miami-Dade County; Florida","109619","3899",
"1400000US12086011601","Census Tract 116.01; Miami-Dade County; Florida","106115","21325",
"1400000US12086011602","Census Tract 116.02; Miami-Dade County; Florida","95234","23226",
"1400000US12086011701","Census Tract 117.01; Miami-Dade County; Florida","86186","2962",
"1400000US12086011702","Census Tract 117.02; Miami-Dade County; Florida","60433","9879",
"1400000US12086011800","Census Tract 118; Miami-Dade County; Florida","87222","42352",
"1400000US12086011900","Census Tract 119; Miami-Dade County; Florida","81964","20776",
"1400000US12086012001","Census Tract 120.01; Miami-Dade County; Florida","55530","22313",
"1400000US12086012002","Census Tract 120.02; Miami-Dade County; Florida","41955","14893",
"1400000US12086012101","Census Tract 121.01; Miami-Dade County; Florida","74863","12320",
"1400000US12086012102","Census Tract 121.02; Miami-Dade County; Florida","80764","9141",
"1400000US12086012103","Census Tract 121.03; Miami-Dade County; Florida","82383","14900",
"1400000US12086012104","Census Tract 121.04; Miami-Dade County; Florida","56902","14256",
"1400000US12086012105","Census Tract 121.05; Miami-Dade County; Florida","61667","32421",
"1400000US12086012200","Census Tract 122; Miami-Dade County; Florida","99438","21315",
"1400000US12086012301","Census Tract 123.01; Miami-Dade County; Florida","83922","28030",
"1400000US12086012302","Census Tract 123.02; Miami-Dade County; Florida","86219","28495",
"1400000US12086012401","Census Tract 124.01; Miami-Dade County; Florida","84855","30290",
"1400000US12086012402","Census Tract 124.02; Miami-Dade County; Florida","143056","36585",
"1400000US12086012403","Census Tract 124.03; Miami-Dade County; Florida","133194","43448",
"1400000US12086012501","Census Tract 125.01; Miami-Dade County; Florida","61518","21338",
"1400000US12086012502","Census Tract 125.02; Miami-Dade County; Florida","82333","27494",
"1400000US12086012601","Census Tract 126.01; Miami-Dade County; Florida","56848","6864",
"1400000US12086012602","Census Tract 126.02; Miami-Dade County; Florida","93036","19106",
"1400000US12086012701","Census Tract 127.01; Miami-Dade County; Florida","120566","18346",
"1400000US12086012702","Census Tract 127.02; Miami-Dade County; Florida","139464","39725",
"1400000US12086012801","Census Tract 128.01; Miami-Dade County; Florida","105137","27921",
"1400000US12086012802","Census Tract 128.02; Miami-Dade County; Florida","107929","17657",
"1400000US12086012900","Census Tract 129; Miami-Dade County; Florida","63500","18475",
"1400000US12086013000","Census Tract 130; Miami-Dade County; Florida","70347","15990",
"1400000US12086013100","Census Tract 131; Miami-Dade County; Florida","58258","13944",
"1400000US12086013201","Census Tract 132.01; Miami-Dade County; Florida","100536","20523",
"1400000US12086013202","Census Tract 132.02; Miami-Dade County; Florida","92356","20916",
"1400000US12086013301","Census Tract 133.01; Miami-Dade County; Florida","69617","11895",
"1400000US12086013302","Census Tract 133.02; Miami-Dade County; Florida","70833","16251",
"1400000US12086013400","Census Tract 134; Miami-Dade County; Florida","40250","15371",
"1400000US12086013500","Census Tract 135; Miami-Dade County; Florida","50760","12847",
"1400000US12086013600","Census Tract 136; Miami-Dade County; Florida","49247","18330",
"1400000US12086013700","Census Tract 137; Miami-Dade County; Florida","50581","13271",
"1400000US12086013801","Census Tract 138.01; Miami-Dade County; Florida","65833","22480",
"1400000US12086013802","Census Tract 138.02; Miami-Dade County; Florida","30177","12753",
"1400000US12086013900","Census Tract 139; Miami-Dade County; Florida","76379","7148",
"1400000US12086014100","Census Tract 141; Miami-Dade County; Florida","-","**",
"1400000US12086014200","Census Tract 142; Miami-Dade County; Florida","117174","30261",
"1400000US12086014300","Census Tract 143; Miami-Dade County; Florida","117208","19951",
"1400000US12086014400","Census Tract 144; Miami-Dade County; Florida","80127","25708",
"1400000US12086014500","Census Tract 145; Miami-Dade County; Florida","123140","15181",
"1400000US12086014601","Census Tract 146.01; Miami-Dade County; Florida","47159","27887",
"1400000US12086014602","Census Tract 146.02; Miami-Dade County; Florida","52228","27346",
"1400000US12086014701","Census Tract 147.01; Miami-Dade County; Florida","53056","29271",
"1400000US12086014702","Census Tract 147.02; Miami-Dade County; Florida","85446","23531",
"1400000US12086014800","Census Tract 148; Miami-Dade County; Florida","51466","7171",
"1400000US12086014900","Census Tract 149; Miami-Dade County; Florida","96855","11198",
"1400000US12086015001","Census Tract 150.01; Miami-Dade County; Florida","70208","44897",
"1400000US12086015002","Census Tract 150.02; Miami-Dade County; Florida","124342","50264",
"1400000US12086015101","Census Tract 151.01; Miami-Dade County; Florida","105363","54597",
"1400000US12086015102","Census Tract 151.02; Miami-Dade County; Florida","129519","43740",
"1400000US12086015103","Census Tract 151.03; Miami-Dade County; Florida","184605","36209",
"1400000US12086015201","Census Tract 152.01; Miami-Dade County; Florida","101125","20103",
"1400000US12086015202","Census Tract 152.02; Miami-Dade County; Florida","84155","34560",
"1400000US12086015300","Census Tract 153; Miami-Dade County; Florida","114514","24633",
"1400000US12086015400","Census Tract 154; Miami-Dade County; Florida","89638","23138",
"1400000US12086015501","Census Tract 155.01; Miami-Dade County; Florida","70500","16343",
"1400000US12086015502","Census Tract 155.02; Miami-Dade County; Florida","70217","9234",
"1400000US12086015600","Census Tract 156; Miami-Dade County; Florida","94180","21075",
"1400000US12086015700","Census Tract 157; Miami-Dade County; Florida","174583","51436",
"1400000US12086015800","Census Tract 158; Miami-Dade County; Florida","64963","19802",
"1400000US12086015900","Census Tract 159; Miami-Dade County; Florida","76952","23023",
"1400000US12086016000","Census Tract 160; Miami-Dade County; Florida","68156","14188",
"1400000US12086016100","Census Tract 161; Miami-Dade County; Florida","114138","21306",
"1400000US12086016200","Census Tract 162; Miami-Dade County; Florida","79603","30087",
"1400000US12086016300","Census Tract 163; Miami-Dade County; Florida","93819","32979",
"1400000US12086016401","Census Tract 164.01; Miami-Dade County; Florida","166628","13824",
"1400000US12086016402","Census Tract 164.02; Miami-Dade County; Florida","111332","17456",
"1400000US12086016501","Census Tract 165.01; Miami-Dade County; Florida","116077","39757",
"1400000US12086016502","Census Tract 165.02; Miami-Dade County; Florida","127569","39200",
"1400000US12086016600","Census Tract 166; Miami-Dade County; Florida","73476","6969",
"1400000US12086016700","Census Tract 167; Miami-Dade County; Florida","104375","13730",
"1400000US12086016800","Census Tract 168; Miami-Dade County; Florida","70500","20042",
"1400000US12086016900","Census Tract 169; Miami-Dade County; Florida","69081","15940",
"1400000US12086017000","Census Tract 170; Miami-Dade County; Florida","61049","4439",
"1400000US12086017101","Census Tract 171.01; Miami-Dade County; Florida","70988","9868",
"1400000US12086017102","Census Tract 171.02; Miami-Dade County; Florida","109125","44569",
"1400000US12086017200","Census Tract 172; Miami-Dade County; Florida","79688","32564",
"1400000US12086017300","Census Tract 173; Miami-Dade County; Florida","55529","28656",
"1400000US12086017401","Census Tract 174.01; Miami-Dade County; Florida","76771","56104",
"1400000US12086017402","Census Tract 174.02; Miami-Dade County; Florida","52689","22347",
"1400000US12086017500","Census Tract 175; Miami-Dade County; Florida","55592","7976",
"1400000US12086017600","Census Tract 176; Miami-Dade County; Florida","72819","20209",
"1400000US12086017700","Census Tract 177; Miami-Dade County; Florida","59750","25101",
"1400000US12086017800","Census Tract 178; Miami-Dade County; Florida","56011","22873",
"1400000US12086017901","Census Tract 179.01; Miami-Dade County; Florida","117964","21176",
"1400000US12086017902","Census Tract 179.02; Miami-Dade County; Florida","122188","11659",
"1400000US12086018001","Census Tract 180.01; Miami-Dade County; Florida","121089","15938",
"1400000US12086018002","Census Tract 180.02; Miami-Dade County; Florida","86500","62174",
"1400000US12086018003","Census Tract 180.03; Miami-Dade County; Florida","70661","20061",
"1400000US12086018100","Census Tract 181; Miami-Dade County; Florida","80036","20934",
"1400000US12086018200","Census Tract 182; Miami-Dade County; Florida","76042","21135",
"1400000US12086018300","Census Tract 183; Miami-Dade County; Florida","88000","25081",
"1400000US12086018400","Census Tract 184; Miami-Dade County; Florida","62589","13519",
"1400000US12086018500","Census Tract 185; Miami-Dade County; Florida","89037","18883",
"1400000US12086018601","Census Tract 186.01; Miami-Dade County; Florida","90409","38221",
"1400000US12086018602","Census Tract 186.02; Miami-Dade County; Florida","73901","13775",
"1400000US12086018700","Census Tract 187; Miami-Dade County; Florida","99432","24335",
"1400000US12086018801","Census Tract 188.01; Miami-Dade County; Florida","115963","18663",
"1400000US12086018802","Census Tract 188.02; Miami-Dade County; Florida","55592","20707",
"1400000US12086018803","Census Tract 188.03; Miami-Dade County; Florida","92182","32061",
"1400000US12086018901","Census Tract 189.01; Miami-Dade County; Florida","95881","17162",
"1400000US12086018902","Census Tract 189.02; Miami-Dade County; Florida","136970","63347",
"1400000US12086019000","Census Tract 190; Miami-Dade County; Florida","101979","27061",
"1400000US12086019100","Census Tract 191; Miami-Dade County; Florida","56023","11810",
"1400000US12086019200","Census Tract 192; Miami-Dade County; Florida","110417","25372",
"1400000US12086019301","Census Tract 193.01; Miami-Dade County; Florida","91964","21936",
"1400000US12086019302","Census Tract 193.02; Miami-Dade County; Florida","88659","12605",
"1400000US12086019401","Census Tract 194.01; Miami-Dade County; Florida","116932","19251",
"1400000US12086019402","Census Tract 194.02; Miami-Dade County; Florida","104831","8014",
"1400000US12086019501","Census Tract 195.01; Miami-Dade County; Florida","110625","32677",
"1400000US12086019502","Census Tract 195.02; Miami-Dade County; Florida","116797","25658",
"1400000US12086019600","Census Tract 196; Miami-Dade County; Florida","142159","50512",
"1400000US12086019700","Census Tract 197; Miami-Dade County; Florida","122000","35464",
"1400000US12086019801","Census Tract 198.01; Miami-Dade County; Florida","110588","21531",
"1400000US12086019802","Census Tract 198.02; Miami-Dade County; Florida","123281","39653",
"1400000US12086019901","Census Tract 199.01; Miami-Dade County; Florida","105134","60433",
"1400000US12086019902","Census Tract 199.02; Miami-Dade County; Florida","89665","8682",
"1400000US12086020001","Census Tract 200.01; Miami-Dade County; Florida","117500","29590",
"1400000US12086020002","Census Tract 200.02; Miami-Dade County; Florida","95893","33334",
"1400000US12086020100","Census Tract 201; Miami-Dade County; Florida","76198","36833",
"1400000US12086020200","Census Tract 202; Miami-Dade County; Florida","83810","9585",
"1400000US12086020300","Census Tract 203; Miami-Dade County; Florida","82300","16068",
"1400000US12086490100","Census Tract 4901; Miami-Dade County; Florida","72344","27470",
"1400000US12086980100","Census Tract 9801; Miami-Dade County; Florida","-","**",
"1400000US12086980200","Census Tract 9802; Miami-Dade County; Florida","-","**",
"1400000US12086980300","Census Tract 9803; Miami-Dade County; Florida","-","**",
"1400000US12086980400","Census Tract 9804; Miami-Dade County; Florida","-","**",
"1400000US12086980500","Census Tract 9805; Miami-Dade County; Florida","78452","23669",
"1400000US12086980600","Census Tract 9806; Miami-Dade County; Florida","-","**",
"1400000US12086980700","Census Tract 9807; Miami-Dade County; Florida","7969","4743",
"1400000US12086980800","Census Tract 9808; Miami-Dade County; Florida","-","**",
"1400000US12086980900","Census Tract 9809; Miami-Dade County; Florida","-","**",
"1400000US12086981000","Census Tract 9810; Miami-Dade County; Florida","-","**",
"1400000US12086981100","Census Tract 9811; Miami-Dade County; Florida","98333","11709",
"1400000US12086981200","Census Tract 9812; Miami-Dade County; Florida","-","**",
"1400000US12086981300","Census Tract 9813; Miami-Dade County; Florida","69256","7978",
"1400000US12086990000","Census Tract 9900; Miami-Dade County; Florida","-","**",
"1400000US12087970400","Census Tract 9704; Monroe County; Florida","71845","7957",
"1400000US12087970500","Census Tract 9705; Monroe County; Florida","112563","28019",
"1400000US12087970600","Census Tract 9706; Monroe County; Florida","70925","26387",
"1400000US12087970700","Census Tract 9707; Monroe County; Florida","51960","13688",
"1400000US12087970800","Census Tract 9708; Monroe County; Florida","99922","15913",
"1400000US12087970900","Census Tract 9709; Monroe County; Florida","84375","14885",
"1400000US12087971001","Census Tract 9710.01; Monroe County; Florida","83000","37892",
"1400000US12087971002","Census Tract 9710.02; Monroe County; Florida","120982","33038",
"1400000US12087971100","Census Tract 9711; Monroe County; Florida","93696","19429",
"1400000US12087971200","Census Tract 9712; Monroe County; Florida","103481","16413",
"1400000US12087971300","Census Tract 9713; Monroe County; Florida","53516","10877",
"1400000US12087971401","Census Tract 9714.01; Monroe County; Florida","115889","39311",
"1400000US12087971402","Census Tract 9714.02; Monroe County; Florida","100875","50075",
"1400000US12087971501","Census Tract 9715.01; Monroe County; Florida","87500","13698",
"1400000US12087971502","Census Tract 9715.02; Monroe County; Florida","117727","41408",
"1400000US12087971600","Census Tract 9716; Monroe County; Florida","118478","22694",
"1400000US12087971700","Census Tract 9717; Monroe County; Florida","101369","23338",
"1400000US12087971800","Census Tract 9718; Monroe County; Florida","76537","11934",
"1400000US12087971900","Census Tract 9719; Monroe County; Florida","85399","19192",
"1400000US12087972000","Census Tract 9720; Monroe County; Florida","92201","30246",
"1400000US12087972100","Census Tract 9721; Monroe County; Florida","98189","21870",
"1400000US12087972200","Census Tract 9722; Monroe County; Florida","113185","43287",
"1400000US12087972400","Census Tract 9724; Monroe County; Florida","60437","9655",
"1400000US12087972500","Census Tract 9725; Monroe County; Florida","138958","37670",
"1400000US12087972700","Census Tract 9727; Monroe County; Florida","89405","26044",
"1400000US12087972800","Census Tract 9728; Monroe County; Florida","91573","28325",
"1400000US12087980000","Census Tract 9800; Monroe County; Florida","-","**",
"1400000US12087980100","Census Tract 9801; Monroe County; Florida","-","**",
"1400000US12087990000","Census Tract 9900; Monroe County; Florida","-","**",
"1400000US12089050102","Census Tract 501.02; Nassau County; Florida","98504","8458",
"1400000US12089050103","Census Tract 501.03; Nassau County; Florida","61250","9021",
"1400000US12089050104","Census Tract 501.04; Nassau County; Florida","135084","36013",
"1400000US12089050201","Census Tract 502.01; Nassau County; Florida","184938","59487",
"1400000US12089050203","Census Tract 502.03; Nassau County; Florida","105446","18860",
"1400000US12089050204","Census Tract 502.04; Nassau County; Florida","66731","26236",
"1400000US12089050205","Census Tract 502.05; Nassau County; Florida","99175","8425",
"1400000US12089050304","Census Tract 503.04; Nassau County; Florida","93699","10094",
"1400000US12089050305","Census Tract 503.05; Nassau County; Florida","49875","19576",
"1400000US12089050306","Census Tract 503.06; Nassau County; Florida","86859","11859",
"1400000US12089050307","Census Tract 503.07; Nassau County; Florida","112561","21258",
"1400000US12089050308","Census Tract 503.08; Nassau County; Florida","106324","12434",
"1400000US12089050309","Census Tract 503.09; Nassau County; Florida","80897","20923",
"1400000US12089050310","Census Tract 503.10; Nassau County; Florida","94495","31734",
"1400000US12089050401","Census Tract 504.01; Nassau County; Florida","76064","14002",
"1400000US12089050402","Census Tract 504.02; Nassau County; Florida","73472","26385",
"1400000US12089050403","Census Tract 504.03; Nassau County; Florida","68341","27344",
"1400000US12089050504","Census Tract 505.04; Nassau County; Florida","73780","20701",
"1400000US12089050505","Census Tract 505.05; Nassau County; Florida","65259","24681",
"1400000US12089050506","Census Tract 505.06; Nassau County; Florida","105536","26181",
"1400000US12089050507","Census Tract 505.07; Nassau County; Florida","71107","14430",
"1400000US12089050508","Census Tract 505.08; Nassau County; Florida","77535","17879",
"1400000US12089050509","Census Tract 505.09; Nassau County; Florida","69348","20870",
"1400000US12089990000","Census Tract 9900; Nassau County; Florida","-","**",
"1400000US12091020101","Census Tract 201.01; Okaloosa County; Florida","84853","21006",
"1400000US12091020102","Census Tract 201.02; Okaloosa County; Florida","84806","25424",
"1400000US12091020200","Census Tract 202; Okaloosa County; Florida","77000","19496",
"1400000US12091020303","Census Tract 203.03; Okaloosa County; Florida","107137","2523",
"1400000US12091020304","Census Tract 203.04; Okaloosa County; Florida","102361","28498",
"1400000US12091020305","Census Tract 203.05; Okaloosa County; Florida","84279","18295",
"1400000US12091020306","Census Tract 203.06; Okaloosa County; Florida","68125","14649",
"1400000US12091020400","Census Tract 204; Okaloosa County; Florida","67048","12910",
"1400000US12091020500","Census Tract 205; Okaloosa County; Florida","64389","8575",
"1400000US12091020601","Census Tract 206.01; Okaloosa County; Florida","68509","15986",
"1400000US12091020602","Census Tract 206.02; Okaloosa County; Florida","77917","7489",
"1400000US12091020701","Census Tract 207.01; Okaloosa County; Florida","59125","22900",
"1400000US12091020702","Census Tract 207.02; Okaloosa County; Florida","97178","13357",
"1400000US12091020800","Census Tract 208; Okaloosa County; Florida","99655","13726",
"1400000US12091020900","Census Tract 209; Okaloosa County; Florida","121078","38601",
"1400000US12091021001","Census Tract 210.01; Okaloosa County; Florida","121838","16862",
"1400000US12091021002","Census Tract 210.02; Okaloosa County; Florida","113825","13464",
"1400000US12091021101","Census Tract 211.01; Okaloosa County; Florida","79861","22413",
"1400000US12091021102","Census Tract 211.02; Okaloosa County; Florida","106258","12251",
"1400000US12091021200","Census Tract 212; Okaloosa County; Florida","89143","13495",
"1400000US12091021400","Census Tract 214; Okaloosa County; Florida","84167","14667",
"1400000US12091021501","Census Tract 215.01; Okaloosa County; Florida","101550","11422",
"1400000US12091021502","Census Tract 215.02; Okaloosa County; Florida","118250","24069",
"1400000US12091021600","Census Tract 216; Okaloosa County; Florida","105278","28038",
"1400000US12091021700","Census Tract 217; Okaloosa County; Florida","139766","24513",
"1400000US12091021801","Census Tract 218.01; Okaloosa County; Florida","74551","19873",
"1400000US12091021802","Census Tract 218.02; Okaloosa County; Florida","72531","5336",
"1400000US12091021901","Census Tract 219.01; Okaloosa County; Florida","45417","27379",
"1400000US12091021902","Census Tract 219.02; Okaloosa County; Florida","77023","6795",
"1400000US12091022001","Census Tract 220.01; Okaloosa County; Florida","51974","5041",
"1400000US12091022002","Census Tract 220.02; Okaloosa County; Florida","82750","26570",
"1400000US12091022100","Census Tract 221; Okaloosa County; Florida","60500","10079",
"1400000US12091022300","Census Tract 223; Okaloosa County; Florida","69417","12997",
"1400000US12091022400","Census Tract 224; Okaloosa County; Florida","81553","7014",
"1400000US12091022500","Census Tract 225; Okaloosa County; Florida","85278","14003",
"1400000US12091022600","Census Tract 226; Okaloosa County; Florida","40625","4966",
"1400000US12091022700","Census Tract 227; Okaloosa County; Florida","68513","7717",
"1400000US12091022800","Census Tract 228; Okaloosa County; Florida","52435","17728",
"1400000US12091022900","Census Tract 229; Okaloosa County; Florida","75402","12632",
"1400000US12091023100","Census Tract 231; Okaloosa County; Florida","78410","12517",
"1400000US12091023200","Census Tract 232; Okaloosa County; Florida","65870","17296",
"1400000US12091023303","Census Tract 233.03; Okaloosa County; Florida","106477","23895",
"1400000US12091023304","Census Tract 233.04; Okaloosa County; Florida","97845","10775",
"1400000US12091023305","Census Tract 233.05; Okaloosa County; Florida","90804","12169",
"1400000US12091023306","Census Tract 233.06; Okaloosa County; Florida","85143","30058",
"1400000US12091023307","Census Tract 233.07; Okaloosa County; Florida","60274","15846",
"1400000US12091023308","Census Tract 233.08; Okaloosa County; Florida","117266","24289",
"1400000US12091990100","Census Tract 9901; Okaloosa County; Florida","-","**",
"1400000US12091990200","Census Tract 9902; Okaloosa County; Florida","-","**",
"1400000US12093910101","Census Tract 9101.01; Okeechobee County; Florida","85663","19636",
"1400000US12093910102","Census Tract 9101.02; Okeechobee County; Florida","61101","7095",
"1400000US12093910201","Census Tract 9102.01; Okeechobee County; Florida","71652","15986",
"1400000US12093910202","Census Tract 9102.02; Okeechobee County; Florida","60761","10988",
"1400000US12093910300","Census Tract 9103; Okeechobee County; Florida","25859","16847",
"1400000US12093910401","Census Tract 9104.01; Okeechobee County; Florida","53875","12329",
"1400000US12093910402","Census Tract 9104.02; Okeechobee County; Florida","51122","2986",
"1400000US12093910403","Census Tract 9104.03; Okeechobee County; Florida","38925","8919",
"1400000US12093910500","Census Tract 9105; Okeechobee County; Florida","56801","13551",
"1400000US12093910601","Census Tract 9106.01; Okeechobee County; Florida","80304","12827",
"1400000US12093910602","Census Tract 9106.02; Okeechobee County; Florida","49255","17114",
"1400000US12093990000","Census Tract 9900; Okeechobee County; Florida","-","**",
"1400000US12095010201","Census Tract 102.01; Orange County; Florida","85051","24303",
"1400000US12095010202","Census Tract 102.02; Orange County; Florida","101599","20928",
"1400000US12095010300","Census Tract 103; Orange County; Florida","54427","11724",
"1400000US12095010400","Census Tract 104; Orange County; Florida","21410","5520",
"1400000US12095010500","Census Tract 105; Orange County; Florida","14820","6072",
"1400000US12095010802","Census Tract 108.02; Orange County; Florida","133625","35341",
"1400000US12095011000","Census Tract 110; Orange County; Florida","121250","34988",
"1400000US12095011100","Census Tract 111; Orange County; Florida","88276","16521",
"1400000US12095011200","Census Tract 112; Orange County; Florida","103750","34520",
"1400000US12095011300","Census Tract 113; Orange County; Florida","124402","48849",
"1400000US12095011600","Census Tract 116; Orange County; Florida","56212","8891",
"1400000US12095011701","Census Tract 117.01; Orange County; Florida","64009","16718",
"1400000US12095011702","Census Tract 117.02; Orange County; Florida","36147","8675",
"1400000US12095012000","Census Tract 120; Orange County; Florida","60424","12474",
"1400000US12095012100","Census Tract 121; Orange County; Florida","46196","13346",
"1400000US12095012201","Census Tract 122.01; Orange County; Florida","61916","12680",
"1400000US12095012202","Census Tract 122.02; Orange County; Florida","62180","12841",
"1400000US12095012303","Census Tract 123.03; Orange County; Florida","86333","15418",
"1400000US12095012304","Census Tract 123.04; Orange County; Florida","70032","23580",
"1400000US12095012305","Census Tract 123.05; Orange County; Florida","51323","13939",
"1400000US12095012306","Census Tract 123.06; Orange County; Florida","70997","2584",
"1400000US12095012307","Census Tract 123.07; Orange County; Florida","48826","7792",
"1400000US12095012402","Census Tract 124.02; Orange County; Florida","48281","8227",
"1400000US12095012403","Census Tract 124.03; Orange County; Florida","46033","13031",
"1400000US12095012404","Census Tract 124.04; Orange County; Florida","78209","30336",
"1400000US12095012405","Census Tract 124.05; Orange County; Florida","45189","8853",
"1400000US12095012500","Census Tract 125; Orange County; Florida","55924","35492",
"1400000US12095012600","Census Tract 126; Orange County; Florida","124783","18636",
"1400000US12095012701","Census Tract 127.01; Orange County; Florida","102303","14619",
"1400000US12095012800","Census Tract 128; Orange County; Florida","154886","53871",
"1400000US12095012900","Census Tract 129; Orange County; Florida","108304","14069",
"1400000US12095013201","Census Tract 132.01; Orange County; Florida","66189","22071",
"1400000US12095013202","Census Tract 132.02; Orange County; Florida","59888","7678",
"1400000US12095013300","Census Tract 133; Orange County; Florida","82054","19947",
"1400000US12095013402","Census Tract 134.02; Orange County; Florida","67194","22717",
"1400000US12095013403","Census Tract 134.03; Orange County; Florida","54583","13923",
"1400000US12095013405","Census Tract 134.05; Orange County; Florida","43288","6214",
"1400000US12095013406","Census Tract 134.06; Orange County; Florida","70948","4919",
"1400000US12095013503","Census Tract 135.03; Orange County; Florida","45386","6536",
"1400000US12095013505","Census Tract 135.05; Orange County; Florida","53190","6920",
"1400000US12095013507","Census Tract 135.07; Orange County; Florida","62196","9893",
"1400000US12095013510","Census Tract 135.10; Orange County; Florida","58125","21223",
"1400000US12095013511","Census Tract 135.11; Orange County; Florida","55280","10291",
"1400000US12095013512","Census Tract 135.12; Orange County; Florida","49500","11161",
"1400000US12095013513","Census Tract 135.13; Orange County; Florida","45598","4979",
"1400000US12095013603","Census Tract 136.03; Orange County; Florida","54112","8713",
"1400000US12095013604","Census Tract 136.04; Orange County; Florida","54356","25953",
"1400000US12095013605","Census Tract 136.05; Orange County; Florida","64976","21479",
"1400000US12095013606","Census Tract 136.06; Orange County; Florida","68750","19494",
"1400000US12095013607","Census Tract 136.07; Orange County; Florida","70275","13380",
"1400000US12095013701","Census Tract 137.01; Orange County; Florida","61677","7193",
"1400000US12095013702","Census Tract 137.02; Orange County; Florida","56148","3908",
"1400000US12095013801","Census Tract 138.01; Orange County; Florida","110000","36301",
"1400000US12095013802","Census Tract 138.02; Orange County; Florida","71250","26382",
"1400000US12095013803","Census Tract 138.03; Orange County; Florida","75762","5438",
"1400000US12095013900","Census Tract 139; Orange County; Florida","93256","19629",
"1400000US12095014000","Census Tract 140; Orange County; Florida","115417","19868",
"1400000US12095014100","Census Tract 141; Orange County; Florida","88675","23347",
"1400000US12095014201","Census Tract 142.01; Orange County; Florida","69934","7705",
"1400000US12095014202","Census Tract 142.02; Orange County; Florida","50000","8708",
"1400000US12095014301","Census Tract 143.01; Orange County; Florida","67827","16714",
"1400000US12095014302","Census Tract 143.02; Orange County; Florida","50240","16392",
"1400000US12095014400","Census Tract 144; Orange County; Florida","89521","12335",
"1400000US12095014502","Census Tract 145.02; Orange County; Florida","41172","2612",
"1400000US12095014503","Census Tract 145.03; Orange County; Florida","28851","6898",
"1400000US12095014504","Census Tract 145.04; Orange County; Florida","58843","22346",
"1400000US12095014601","Census Tract 146.01; Orange County; Florida","40798","14426",
"1400000US12095014605","Census Tract 146.05; Orange County; Florida","53272","9461",
"1400000US12095014606","Census Tract 146.06; Orange County; Florida","59118","14883",
"1400000US12095014607","Census Tract 146.07; Orange County; Florida","55642","14709",
"1400000US12095014608","Census Tract 146.08; Orange County; Florida","43313","22316",
"1400000US12095014609","Census Tract 146.09; Orange County; Florida","61110","21976",
"1400000US12095014701","Census Tract 147.01; Orange County; Florida","46727","14884",
"1400000US12095014702","Census Tract 147.02; Orange County; Florida","51444","4121",
"1400000US12095014703","Census Tract 147.03; Orange County; Florida","61296","9273",
"1400000US12095014705","Census Tract 147.05; Orange County; Florida","71857","7345",
"1400000US12095014706","Census Tract 147.06; Orange County; Florida","78204","22521",
"1400000US12095014804","Census Tract 148.04; Orange County; Florida","55103","3359",
"1400000US12095014805","Census Tract 148.05; Orange County; Florida","70844","24949",
"1400000US12095014806","Census Tract 148.06; Orange County; Florida","110385","28866",
"1400000US12095014807","Census Tract 148.07; Orange County; Florida","75208","23580",
"1400000US12095014809","Census Tract 148.09; Orange County; Florida","157361","34362",
"1400000US12095014810","Census Tract 148.10; Orange County; Florida","107280","24737",
"1400000US12095014811","Census Tract 148.11; Orange County; Florida","114858","23658",
"1400000US12095014812","Census Tract 148.12; Orange County; Florida","60578","14758",
"1400000US12095014813","Census Tract 148.13; Orange County; Florida","99699","21718",
"1400000US12095014814","Census Tract 148.14; Orange County; Florida","124385","21757",
"1400000US12095014815","Census Tract 148.15; Orange County; Florida","198920","32320",
"1400000US12095014904","Census Tract 149.04; Orange County; Florida","54259","19147",
"1400000US12095014906","Census Tract 149.06; Orange County; Florida","69464","24228",
"1400000US12095014908","Census Tract 149.08; Orange County; Florida","44641","21798",
"1400000US12095014909","Census Tract 149.09; Orange County; Florida","98203","25116",
"1400000US12095015001","Census Tract 150.01; Orange County; Florida","92963","39848",
"1400000US12095015002","Census Tract 150.02; Orange County; Florida","101250","17129",
"1400000US12095015003","Census Tract 150.03; Orange County; Florida","87956","21411",
"1400000US12095015005","Census Tract 150.05; Orange County; Florida","88556","30931",
"1400000US12095015006","Census Tract 150.06; Orange County; Florida","104531","12527",
"1400000US12095015103","Census Tract 151.03; Orange County; Florida","81914","26507",
"1400000US12095015104","Census Tract 151.04; Orange County; Florida","63327","15564",
"1400000US12095015105","Census Tract 151.05; Orange County; Florida","79554","24364",
"1400000US12095015106","Census Tract 151.06; Orange County; Florida","52993","3568",
"1400000US12095015202","Census Tract 152.02; Orange County; Florida","43610","15269",
"1400000US12095015203","Census Tract 152.03; Orange County; Florida","71638","14393",
"1400000US12095015204","Census Tract 152.04; Orange County; Florida","70784","8014",
"1400000US12095015300","Census Tract 153; Orange County; Florida","98359","18039",
"1400000US12095015501","Census Tract 155.01; Orange County; Florida","96404","9890",
"1400000US12095015601","Census Tract 156.01; Orange County; Florida","123625","41281",
"1400000US12095015602","Census Tract 156.02; Orange County; Florida","198409","19820",
"1400000US12095015701","Census Tract 157.01; Orange County; Florida","129167","28831",
"1400000US12095015702","Census Tract 157.02; Orange County; Florida","151875","20400",
"1400000US12095015801","Census Tract 158.01; Orange County; Florida","237446","59575",
"1400000US12095015802","Census Tract 158.02; Orange County; Florida","205455","51897",
"1400000US12095015901","Census Tract 159.01; Orange County; Florida","64291","21879",
"1400000US12095016001","Census Tract 160.01; Orange County; Florida","77596","41725",
"1400000US12095016002","Census Tract 160.02; Orange County; Florida","199853","59356",
"1400000US12095016100","Census Tract 161; Orange County; Florida","133438","19431",
"1400000US12095016200","Census Tract 162; Orange County; Florida","81066","28965",
"1400000US12095016301","Census Tract 163.01; Orange County; Florida","54205","19312",
"1400000US12095016302","Census Tract 163.02; Orange County; Florida","55234","7523",
"1400000US12095016402","Census Tract 164.02; Orange County; Florida","58464","23953",
"1400000US12095016406","Census Tract 164.06; Orange County; Florida","57143","13890",
"1400000US12095016407","Census Tract 164.07; Orange County; Florida","58423","11984",
"1400000US12095016408","Census Tract 164.08; Orange County; Florida","70750","27299",
"1400000US12095016409","Census Tract 164.09; Orange County; Florida","119821","13715",
"1400000US12095016411","Census Tract 164.11; Orange County; Florida","81488","23142",
"1400000US12095016412","Census Tract 164.12; Orange County; Florida","84086","6129",
"1400000US12095016413","Census Tract 164.13; Orange County; Florida","57047","7942",
"1400000US12095016414","Census Tract 164.14; Orange County; Florida","64648","7260",
"1400000US12095016503","Census Tract 165.03; Orange County; Florida","111146","17095",
"1400000US12095016504","Census Tract 165.04; Orange County; Florida","50737","6857",
"1400000US12095016505","Census Tract 165.05; Orange County; Florida","54882","9275",
"1400000US12095016509","Census Tract 165.09; Orange County; Florida","58233","10055",
"1400000US12095016510","Census Tract 165.10; Orange County; Florida","24533","10130",
"1400000US12095016511","Census Tract 165.11; Orange County; Florida","74891","33861",
"1400000US12095016512","Census Tract 165.12; Orange County; Florida","58553","20426",
"1400000US12095016513","Census Tract 165.13; Orange County; Florida","63017","13235",
"1400000US12095016514","Census Tract 165.14; Orange County; Florida","117809","32413",
"1400000US12095016515","Census Tract 165.15; Orange County; Florida","-","**",
"1400000US12095016603","Census Tract 166.03; Orange County; Florida","108942","30833",
"1400000US12095016604","Census Tract 166.04; Orange County; Florida","95893","35897",
"1400000US12095016605","Census Tract 166.05; Orange County; Florida","61576","15159",
"1400000US12095016606","Census Tract 166.06; Orange County; Florida","151818","18939",
"1400000US12095016607","Census Tract 166.07; Orange County; Florida","92841","24888",
"1400000US12095016709","Census Tract 167.09; Orange County; Florida","76041","3508",
"1400000US12095016710","Census Tract 167.10; Orange County; Florida","83690","25530",
"1400000US12095016713","Census Tract 167.13; Orange County; Florida","61759","7849",
"1400000US12095016714","Census Tract 167.14; Orange County; Florida","80478","22298",
"1400000US12095016715","Census Tract 167.15; Orange County; Florida","81541","12022",
"1400000US12095016716","Census Tract 167.16; Orange County; Florida","103226","13496",
"1400000US12095016717","Census Tract 167.17; Orange County; Florida","117083","19175",
"1400000US12095016723","Census Tract 167.23; Orange County; Florida","82358","11016",
"1400000US12095016724","Census Tract 167.24; Orange County; Florida","61448","12745",
"1400000US12095016728","Census Tract 167.28; Orange County; Florida","115776","23103",
"1400000US12095016731","Census Tract 167.31; Orange County; Florida","96019","8769",
"1400000US12095016733","Census Tract 167.33; Orange County; Florida","59379","27145",
"1400000US12095016735","Census Tract 167.35; Orange County; Florida","115538","34244",
"1400000US12095016736","Census Tract 167.36; Orange County; Florida","121250","31303",
"1400000US12095016737","Census Tract 167.37; Orange County; Florida","118326","20255",
"1400000US12095016738","Census Tract 167.38; Orange County; Florida","54023","2744",
"1400000US12095016739","Census Tract 167.39; Orange County; Florida","56477","12418",
"1400000US12095016740","Census Tract 167.40; Orange County; Florida","69375","38372",
"1400000US12095016741","Census Tract 167.41; Orange County; Florida","63878","23829",
"1400000US12095016742","Census Tract 167.42; Orange County; Florida","61583","11682",
"1400000US12095016743","Census Tract 167.43; Orange County; Florida","107212","29323",
"1400000US12095016744","Census Tract 167.44; Orange County; Florida","85302","12330",
"1400000US12095016745","Census Tract 167.45; Orange County; Florida","100556","28389",
"1400000US12095016746","Census Tract 167.46; Orange County; Florida","101415","14064",
"1400000US12095016747","Census Tract 167.47; Orange County; Florida","145575","10275",
"1400000US12095016748","Census Tract 167.48; Orange County; Florida","120342","24479",
"1400000US12095016749","Census Tract 167.49; Orange County; Florida","124511","26248",
"1400000US12095016750","Census Tract 167.50; Orange County; Florida","117609","19071",
"1400000US12095016751","Census Tract 167.51; Orange County; Florida","125927","35129",
"1400000US12095016752","Census Tract 167.52; Orange County; Florida","115625","14593",
"1400000US12095016753","Census Tract 167.53; Orange County; Florida","96879","4026",
"1400000US12095016754","Census Tract 167.54; Orange County; Florida","59735","31926",
"1400000US12095016755","Census Tract 167.55; Orange County; Florida","91442","14521",
"1400000US12095016756","Census Tract 167.56; Orange County; Florida","154556","25192",
"1400000US12095016802","Census Tract 168.02; Orange County; Florida","119030","9045",
"1400000US12095016803","Census Tract 168.03; Orange County; Florida","77083","11703",
"1400000US12095016804","Census Tract 168.04; Orange County; Florida","87475","17157",
"1400000US12095016808","Census Tract 168.08; Orange County; Florida","120938","18475",
"1400000US12095016809","Census Tract 168.09; Orange County; Florida","66810","17341",
"1400000US12095016810","Census Tract 168.10; Orange County; Florida","97484","28314",
"1400000US12095016811","Census Tract 168.11; Orange County; Florida","111311","31635",
"1400000US12095016812","Census Tract 168.12; Orange County; Florida","75566","16059",
"1400000US12095016813","Census Tract 168.13; Orange County; Florida","68977","7486",
"1400000US12095016814","Census Tract 168.14; Orange County; Florida","59895","18075",
"1400000US12095016902","Census Tract 169.02; Orange County; Florida","51761","11914",
"1400000US12095016904","Census Tract 169.04; Orange County; Florida","55539","16093",
"1400000US12095016906","Census Tract 169.06; Orange County; Florida","31042","6990",
"1400000US12095016907","Census Tract 169.07; Orange County; Florida","55457","9115",
"1400000US12095016908","Census Tract 169.08; Orange County; Florida","57473","11934",
"1400000US12095016909","Census Tract 169.09; Orange County; Florida","55617","20739",
"1400000US12095016910","Census Tract 169.10; Orange County; Florida","66707","13755",
"1400000US12095016911","Census Tract 169.11; Orange County; Florida","53919","22482",
"1400000US12095017001","Census Tract 170.01; Orange County; Florida","77050","14816",
"1400000US12095017004","Census Tract 170.04; Orange County; Florida","70737","23530",
"1400000US12095017006","Census Tract 170.06; Orange County; Florida","86859","30225",
"1400000US12095017011","Census Tract 170.11; Orange County; Florida","74773","17971",
"1400000US12095017012","Census Tract 170.12; Orange County; Florida","92031","47090",
"1400000US12095017013","Census Tract 170.13; Orange County; Florida","93443","27722",
"1400000US12095017015","Census Tract 170.15; Orange County; Florida","120260","13051",
"1400000US12095017018","Census Tract 170.18; Orange County; Florida","59706","26011",
"1400000US12095017019","Census Tract 170.19; Orange County; Florida","65604","21041",
"1400000US12095017020","Census Tract 170.20; Orange County; Florida","69512","30019",
"1400000US12095017021","Census Tract 170.21; Orange County; Florida","101139","9750",
"1400000US12095017022","Census Tract 170.22; Orange County; Florida","60807","12225",
"1400000US12095017023","Census Tract 170.23; Orange County; Florida","52768","13213",
"1400000US12095017024","Census Tract 170.24; Orange County; Florida","78712","9753",
"1400000US12095017025","Census Tract 170.25; Orange County; Florida","101439","27924",
"1400000US12095017026","Census Tract 170.26; Orange County; Florida","101047","6287",
"1400000US12095017108","Census Tract 171.08; Orange County; Florida","108672","29388",
"1400000US12095017109","Census Tract 171.09; Orange County; Florida","146839","27623",
"1400000US12095017110","Census Tract 171.10; Orange County; Florida","85278","14668",
"1400000US12095017111","Census Tract 171.11; Orange County; Florida","128444","12451",
"1400000US12095017112","Census Tract 171.12; Orange County; Florida","118277","18305",
"1400000US12095017113","Census Tract 171.13; Orange County; Florida","134728","26001",
"1400000US12095017114","Census Tract 171.14; Orange County; Florida","120799","12866",
"1400000US12095017115","Census Tract 171.15; Orange County; Florida","185417","48413",
"1400000US12095017116","Census Tract 171.16; Orange County; Florida","173529","43443",
"1400000US12095017117","Census Tract 171.17; Orange County; Florida","137260","21381",
"1400000US12095017118","Census Tract 171.18; Orange County; Florida","157975","37465",
"1400000US12095017119","Census Tract 171.19; Orange County; Florida","131406","34334",
"1400000US12095017120","Census Tract 171.20; Orange County; Florida","184514","24294",
"1400000US12095017121","Census Tract 171.21; Orange County; Florida","95700","35827",
"1400000US12095017122","Census Tract 171.22; Orange County; Florida","117895","14390",
"1400000US12095017123","Census Tract 171.23; Orange County; Florida","162188","25408",
"1400000US12095017200","Census Tract 172; Orange County; Florida","107857","36769",
"1400000US12095017301","Census Tract 173.01; Orange County; Florida","97361","38333",
"1400000US12095017302","Census Tract 173.02; Orange County; Florida","71455","20964",
"1400000US12095017401","Census Tract 174.01; Orange County; Florida","109653","19045",
"1400000US12095017402","Census Tract 174.02; Orange County; Florida","50868","6091",
"1400000US12095017503","Census Tract 175.03; Orange County; Florida","65927","24654",
"1400000US12095017504","Census Tract 175.04; Orange County; Florida","71976","7688",
"1400000US12095017505","Census Tract 175.05; Orange County; Florida","97286","15340",
"1400000US12095017506","Census Tract 175.06; Orange County; Florida","96643","21524",
"1400000US12095017600","Census Tract 176; Orange County; Florida","41930","9443",
"1400000US12095017701","Census Tract 177.01; Orange County; Florida","98125","22007",
"1400000US12095017702","Census Tract 177.02; Orange County; Florida","125000","27395",
"1400000US12095017703","Census Tract 177.03; Orange County; Florida","39338","19846",
"1400000US12095017805","Census Tract 178.05; Orange County; Florida","109141","15385",
"1400000US12095017806","Census Tract 178.06; Orange County; Florida","115891","11606",
"1400000US12095017807","Census Tract 178.07; Orange County; Florida","73441","9495",
"1400000US12095017808","Census Tract 178.08; Orange County; Florida","115052","23629",
"1400000US12095017809","Census Tract 178.09; Orange County; Florida","86039","20494",
"1400000US12095017810","Census Tract 178.10; Orange County; Florida","87373","33357",
"1400000US12095017811","Census Tract 178.11; Orange County; Florida","118393","24604",
"1400000US12095017812","Census Tract 178.12; Orange County; Florida","113492","27139",
"1400000US12095017813","Census Tract 178.13; Orange County; Florida","123125","30498",
"1400000US12095017814","Census Tract 178.14; Orange County; Florida","135497","27024",
"1400000US12095017901","Census Tract 179.01; Orange County; Florida","106690","5701",
"1400000US12095017902","Census Tract 179.02; Orange County; Florida","73983","8112",
"1400000US12095018000","Census Tract 180; Orange County; Florida","50135","18599",
"1400000US12095018100","Census Tract 181; Orange County; Florida","81000","23237",
"1400000US12095018201","Census Tract 182.01; Orange County; Florida","172628","43787",
"1400000US12095018202","Census Tract 182.02; Orange County; Florida","129231","15584",
"1400000US12095018203","Census Tract 182.03; Orange County; Florida","56304","18138",
"1400000US12095018204","Census Tract 182.04; Orange County; Florida","72462","7640",
"1400000US12095018300","Census Tract 183; Orange County; Florida","27885","7582",
"1400000US12095018400","Census Tract 184; Orange County; Florida","75208","28960",
"1400000US12095018500","Census Tract 185; Orange County; Florida","61974","21659",
"1400000US12095018700","Census Tract 187; Orange County; Florida","39122","9898",
"1400000US12095018800","Census Tract 188; Orange County; Florida","93667","12037",
"1400000US12095018901","Census Tract 189.01; Orange County; Florida","-","**",
"1400000US12095018902","Census Tract 189.02; Orange County; Florida","84467","17294",
"1400000US12095019000","Census Tract 190; Orange County; Florida","71391","19978",
"1400000US12095990000","Census Tract 9900; Orange County; Florida","-","**",
"1400000US12097040801","Census Tract 408.01; Osceola County; Florida","91292","8160",
"1400000US12097040805","Census Tract 408.05; Osceola County; Florida","78581","13628",
"1400000US12097040806","Census Tract 408.06; Osceola County; Florida","66682","16735",
"1400000US12097040807","Census Tract 408.07; Osceola County; Florida","77431","26670",
"1400000US12097040808","Census Tract 408.08; Osceola County; Florida","95318","11016",
"1400000US12097040809","Census Tract 408.09; Osceola County; Florida","57075","12715",
"1400000US12097040810","Census Tract 408.10; Osceola County; Florida","69306","14341",
"1400000US12097040811","Census Tract 408.11; Osceola County; Florida","64273","6572",
"1400000US12097040812","Census Tract 408.12; Osceola County; Florida","90595","21298",
"1400000US12097040901","Census Tract 409.01; Osceola County; Florida","77014","26028",
"1400000US12097040903","Census Tract 409.03; Osceola County; Florida","50211","14959",
"1400000US12097040904","Census Tract 409.04; Osceola County; Florida","66942","13248",
"1400000US12097041003","Census Tract 410.03; Osceola County; Florida","64865","18830",
"1400000US12097041004","Census Tract 410.04; Osceola County; Florida","97797","33172",
"1400000US12097041005","Census Tract 410.05; Osceola County; Florida","42419","10050",
"1400000US12097041006","Census Tract 410.06; Osceola County; Florida","80431","7023",
"1400000US12097041101","Census Tract 411.01; Osceola County; Florida","53770","9392",
"1400000US12097041102","Census Tract 411.02; Osceola County; Florida","67089","16008",
"1400000US12097041301","Census Tract 413.01; Osceola County; Florida","67549","25483",
"1400000US12097041302","Census Tract 413.02; Osceola County; Florida","62045","17090",
"1400000US12097041501","Census Tract 415.01; Osceola County; Florida","74887","12932",
"1400000US12097041502","Census Tract 415.02; Osceola County; Florida","72078","21196",
"1400000US12097041600","Census Tract 416; Osceola County; Florida","65087","24617",
"1400000US12097041700","Census Tract 417; Osceola County; Florida","58050","18549",
"1400000US12097041800","Census Tract 418; Osceola County; Florida","53750","16736",
"1400000US12097041900","Census Tract 419; Osceola County; Florida","43800","5644",
"1400000US12097042000","Census Tract 420; Osceola County; Florida","57025","8719",
"1400000US12097042100","Census Tract 421; Osceola County; Florida","67446","12820",
"1400000US12097042201","Census Tract 422.01; Osceola County; Florida","46138","26425",
"1400000US12097042202","Census Tract 422.02; Osceola County; Florida","31033","11001",
"1400000US12097042300","Census Tract 423; Osceola County; Florida","46512","11321",
"1400000US12097042400","Census Tract 424; Osceola County; Florida","80833","16421",
"1400000US12097042500","Census Tract 425; Osceola County; Florida","83979","21625",
"1400000US12097042601","Census Tract 426.01; Osceola County; Florida","75911","14443",
"1400000US12097042603","Census Tract 426.03; Osceola County; Florida","61622","17485",
"1400000US12097042604","Census Tract 426.04; Osceola County; Florida","57865","25880",
"1400000US12097042701","Census Tract 427.01; Osceola County; Florida","49013","8325",
"1400000US12097042702","Census Tract 427.02; Osceola County; Florida","64467","32555",
"1400000US12097042800","Census Tract 428; Osceola County; Florida","93082","6621",
"1400000US12097042901","Census Tract 429.01; Osceola County; Florida","50794","16000",
"1400000US12097042902","Census Tract 429.02; Osceola County; Florida","44198","15346",
"1400000US12097042903","Census Tract 429.03; Osceola County; Florida","78516","8987",
"1400000US12097042904","Census Tract 429.04; Osceola County; Florida","82004","35188",
"1400000US12097042905","Census Tract 429.05; Osceola County; Florida","78393","71207",
"1400000US12097043100","Census Tract 431; Osceola County; Florida","99900","13662",
"1400000US12097043203","Census Tract 432.03; Osceola County; Florida","53250","14564",
"1400000US12097043205","Census Tract 432.05; Osceola County; Florida","48800","26927",
"1400000US12097043207","Census Tract 432.07; Osceola County; Florida","96512","17618",
"1400000US12097043208","Census Tract 432.08; Osceola County; Florida","76678","16420",
"1400000US12097043209","Census Tract 432.09; Osceola County; Florida","92885","41050",
"1400000US12097043301","Census Tract 433.01; Osceola County; Florida","101875","11765",
"1400000US12097043303","Census Tract 433.03; Osceola County; Florida","104821","15726",
"1400000US12097043304","Census Tract 433.04; Osceola County; Florida","87726","9288",
"1400000US12097043400","Census Tract 434; Osceola County; Florida","61117","14774",
"1400000US12097043500","Census Tract 435; Osceola County; Florida","68750","20600",
"1400000US12097043600","Census Tract 436; Osceola County; Florida","124107","25229",
"1400000US12097043700","Census Tract 437; Osceola County; Florida","93871","14816",
"1400000US12097043801","Census Tract 438.01; Osceola County; Florida","92039","25392",
"1400000US12097043802","Census Tract 438.02; Osceola County; Florida","57450","17785",
"1400000US12099000102","Census Tract 1.02; Palm Beach County; Florida","90500","17692",
"1400000US12099000103","Census Tract 1.03; Palm Beach County; Florida","169432","44438",
"1400000US12099000104","Census Tract 1.04; Palm Beach County; Florida","93707","40779",
"1400000US12099000202","Census Tract 2.02; Palm Beach County; Florida","75709","7474",
"1400000US12099000204","Census Tract 2.04; Palm Beach County; Florida","92241","15951",
"1400000US12099000208","Census Tract 2.08; Palm Beach County; Florida","121474","39293",
"1400000US12099000210","Census Tract 2.10; Palm Beach County; Florida","106116","14599",
"1400000US12099000211","Census Tract 2.11; Palm Beach County; Florida","189861","62187",
"1400000US12099000213","Census Tract 2.13; Palm Beach County; Florida","73522","10066",
"1400000US12099000214","Census Tract 2.14; Palm Beach County; Florida","150646","15465",
"1400000US12099000216","Census Tract 2.16; Palm Beach County; Florida","104492","35375",
"1400000US12099000217","Census Tract 2.17; Palm Beach County; Florida","79688","26833",
"1400000US12099000218","Census Tract 2.18; Palm Beach County; Florida","88051","16074",
"1400000US12099000219","Census Tract 2.19; Palm Beach County; Florida","121200","8384",
"1400000US12099000220","Census Tract 2.20; Palm Beach County; Florida","128772","22745",
"1400000US12099000221","Census Tract 2.21; Palm Beach County; Florida","116613","11552",
"1400000US12099000222","Census Tract 2.22; Palm Beach County; Florida","56374","12953",
"1400000US12099000223","Census Tract 2.23; Palm Beach County; Florida","114327","13945",
"1400000US12099000301","Census Tract 3.01; Palm Beach County; Florida","149464","33430",
"1400000US12099000303","Census Tract 3.03; Palm Beach County; Florida","221118","103573",
"1400000US12099000304","Census Tract 3.04; Palm Beach County; Florida","75946","17832",
"1400000US12099000405","Census Tract 4.05; Palm Beach County; Florida","97237","27192",
"1400000US12099000406","Census Tract 4.06; Palm Beach County; Florida","99625","36164",
"1400000US12099000407","Census Tract 4.07; Palm Beach County; Florida","98497","30432",
"1400000US12099000408","Census Tract 4.08; Palm Beach County; Florida","77344","55632",
"1400000US12099000410","Census Tract 4.10; Palm Beach County; Florida","92333","50852",
"1400000US12099000505","Census Tract 5.05; Palm Beach County; Florida","90241","16142",
"1400000US12099000507","Census Tract 5.07; Palm Beach County; Florida","250,000+","***",
"1400000US12099000509","Census Tract 5.09; Palm Beach County; Florida","133718","23962",
"1400000US12099000512","Census Tract 5.12; Palm Beach County; Florida","76139","32428",
"1400000US12099000513","Census Tract 5.13; Palm Beach County; Florida","84951","24916",
"1400000US12099000600","Census Tract 6; Palm Beach County; Florida","94850","42020",
"1400000US12099000702","Census Tract 7.02; Palm Beach County; Florida","66780","18443",
"1400000US12099000703","Census Tract 7.03; Palm Beach County; Florida","149375","40952",
"1400000US12099000803","Census Tract 8.03; Palm Beach County; Florida","71724","17121",
"1400000US12099000805","Census Tract 8.05; Palm Beach County; Florida","75072","13606",
"1400000US12099000902","Census Tract 9.02; Palm Beach County; Florida","105594","17667",
"1400000US12099000903","Census Tract 9.03; Palm Beach County; Florida","94883","15612",
"1400000US12099000904","Census Tract 9.04; Palm Beach County; Florida","88413","12603",
"1400000US12099000905","Census Tract 9.05; Palm Beach County; Florida","123839","18077",
"1400000US12099001002","Census Tract 10.02; Palm Beach County; Florida","67782","18422",
"1400000US12099001003","Census Tract 10.03; Palm Beach County; Florida","100156","41347",
"1400000US12099001004","Census Tract 10.04; Palm Beach County; Florida","78025","3399",
"1400000US12099001101","Census Tract 11.01; Palm Beach County; Florida","73120","13446",
"1400000US12099001102","Census Tract 11.02; Palm Beach County; Florida","71011","9705",
"1400000US12099001200","Census Tract 12; Palm Beach County; Florida","60476","10705",
"1400000US12099001301","Census Tract 13.01; Palm Beach County; Florida","76698","11272",
"1400000US12099001302","Census Tract 13.02; Palm Beach County; Florida","39301","12820",
"1400000US12099001402","Census Tract 14.02; Palm Beach County; Florida","56627","6016",
"1400000US12099001403","Census Tract 14.03; Palm Beach County; Florida","35990","5465",
"1400000US12099001404","Census Tract 14.04; Palm Beach County; Florida","71673","12306",
"1400000US12099001500","Census Tract 15; Palm Beach County; Florida","51492","29836",
"1400000US12099001600","Census Tract 16; Palm Beach County; Florida","51155","18366",
"1400000US12099001700","Census Tract 17; Palm Beach County; Florida","66375","20027",
"1400000US12099001801","Census Tract 18.01; Palm Beach County; Florida","58319","9056",
"1400000US12099001802","Census Tract 18.02; Palm Beach County; Florida","62930","9880",
"1400000US12099001904","Census Tract 19.04; Palm Beach County; Florida","95000","22170",
"1400000US12099001907","Census Tract 19.07; Palm Beach County; Florida","77292","18198",
"1400000US12099001909","Census Tract 19.09; Palm Beach County; Florida","64635","11965",
"1400000US12099001910","Census Tract 19.10; Palm Beach County; Florida","26412","5162",
"1400000US12099001911","Census Tract 19.11; Palm Beach County; Florida","35838","2227",
"1400000US12099001912","Census Tract 19.12; Palm Beach County; Florida","33738","5862",
"1400000US12099001913","Census Tract 19.13; Palm Beach County; Florida","31014","5800",
"1400000US12099001916","Census Tract 19.16; Palm Beach County; Florida","66899","6876",
"1400000US12099001917","Census Tract 19.17; Palm Beach County; Florida","53026","8367",
"1400000US12099001918","Census Tract 19.18; Palm Beach County; Florida","79784","17814",
"1400000US12099001919","Census Tract 19.19; Palm Beach County; Florida","94781","20577",
"1400000US12099001920","Census Tract 19.20; Palm Beach County; Florida","72850","17567",
"1400000US12099001921","Census Tract 19.21; Palm Beach County; Florida","78987","16715",
"1400000US12099002005","Census Tract 20.05; Palm Beach County; Florida","65027","15533",
"1400000US12099002006","Census Tract 20.06; Palm Beach County; Florida","49105","13788",
"1400000US12099002100","Census Tract 21; Palm Beach County; Florida","48882","16626",
"1400000US12099002200","Census Tract 22; Palm Beach County; Florida","27465","7744",
"1400000US12099002300","Census Tract 23; Palm Beach County; Florida","65061","12387",
"1400000US12099002400","Census Tract 24; Palm Beach County; Florida","40527","11152",
"1400000US12099002600","Census Tract 26; Palm Beach County; Florida","101517","8877",
"1400000US12099002701","Census Tract 27.01; Palm Beach County; Florida","42538","32145",
"1400000US12099002702","Census Tract 27.02; Palm Beach County; Florida","114922","34003",
"1400000US12099002703","Census Tract 27.03; Palm Beach County; Florida","120750","59813",
"1400000US12099002800","Census Tract 28; Palm Beach County; Florida","81572","11688",
"1400000US12099002900","Census Tract 29; Palm Beach County; Florida","47771","9548",
"1400000US12099003000","Census Tract 30; Palm Beach County; Florida","81344","7691",
"1400000US12099003101","Census Tract 31.01; Palm Beach County; Florida","87562","30816",
"1400000US12099003102","Census Tract 31.02; Palm Beach County; Florida","54652","10622",
"1400000US12099003201","Census Tract 32.01; Palm Beach County; Florida","81071","27599",
"1400000US12099003202","Census Tract 32.02; Palm Beach County; Florida","92155","16694",
"1400000US12099003300","Census Tract 33; Palm Beach County; Florida","81000","50029",
"1400000US12099003400","Census Tract 34; Palm Beach County; Florida","86983","21902",
"1400000US12099003507","Census Tract 35.07; Palm Beach County; Florida","250,000+","***",
"1400000US12099003512","Census Tract 35.12; Palm Beach County; Florida","129297","55739",
"1400000US12099003513","Census Tract 35.13; Palm Beach County; Florida","245526","78553",
"1400000US12099003514","Census Tract 35.14; Palm Beach County; Florida","-","**",
"1400000US12099003600","Census Tract 36; Palm Beach County; Florida","100278","19424",
"1400000US12099003700","Census Tract 37; Palm Beach County; Florida","74500","29025",
"1400000US12099003801","Census Tract 38.01; Palm Beach County; Florida","79063","20997",
"1400000US12099003802","Census Tract 38.02; Palm Beach County; Florida","63039","24057",
"1400000US12099003901","Census Tract 39.01; Palm Beach County; Florida","61309","19545",
"1400000US12099003902","Census Tract 39.02; Palm Beach County; Florida","57500","28369",
"1400000US12099004005","Census Tract 40.05; Palm Beach County; Florida","86208","13899",
"1400000US12099004007","Census Tract 40.07; Palm Beach County; Florida","70366","14623",
"1400000US12099004008","Census Tract 40.08; Palm Beach County; Florida","61650","7519",
"1400000US12099004009","Census Tract 40.09; Palm Beach County; Florida","59813","6961",
"1400000US12099004010","Census Tract 40.10; Palm Beach County; Florida","61685","18396",
"1400000US12099004011","Census Tract 40.11; Palm Beach County; Florida","59161","11826",
"1400000US12099004012","Census Tract 40.12; Palm Beach County; Florida","57024","20426",
"1400000US12099004013","Census Tract 40.13; Palm Beach County; Florida","37061","7959",
"1400000US12099004101","Census Tract 41.01; Palm Beach County; Florida","70350","10439",
"1400000US12099004102","Census Tract 41.02; Palm Beach County; Florida","65893","30641",
"1400000US12099004203","Census Tract 42.03; Palm Beach County; Florida","48515","10312",
"1400000US12099004204","Census Tract 42.04; Palm Beach County; Florida","43228","7277",
"1400000US12099004205","Census Tract 42.05; Palm Beach County; Florida","87133","14790",
"1400000US12099004206","Census Tract 42.06; Palm Beach County; Florida","71932","38480",
"1400000US12099004207","Census Tract 42.07; Palm Beach County; Florida","46750","41288",
"1400000US12099004300","Census Tract 43; Palm Beach County; Florida","110795","31386",
"1400000US12099004401","Census Tract 44.01; Palm Beach County; Florida","88026","25517",
"1400000US12099004402","Census Tract 44.02; Palm Beach County; Florida","48049","13696",
"1400000US12099004500","Census Tract 45; Palm Beach County; Florida","47411","11239",
"1400000US12099004601","Census Tract 46.01; Palm Beach County; Florida","83006","10050",
"1400000US12099004602","Census Tract 46.02; Palm Beach County; Florida","68836","13713",
"1400000US12099004702","Census Tract 47.02; Palm Beach County; Florida","85611","17531",
"1400000US12099004704","Census Tract 47.04; Palm Beach County; Florida","60758","10850",
"1400000US12099004705","Census Tract 47.05; Palm Beach County; Florida","61502","6191",
"1400000US12099004706","Census Tract 47.06; Palm Beach County; Florida","47325","21181",
"1400000US12099004810","Census Tract 48.10; Palm Beach County; Florida","62679","20147",
"1400000US12099004813","Census Tract 48.13; Palm Beach County; Florida","102679","19160",
"1400000US12099004815","Census Tract 48.15; Palm Beach County; Florida","83841","15975",
"1400000US12099004816","Census Tract 48.16; Palm Beach County; Florida","62857","17673",
"1400000US12099004817","Census Tract 48.17; Palm Beach County; Florida","47889","19563",
"1400000US12099004818","Census Tract 48.18; Palm Beach County; Florida","45156","24011",
"1400000US12099004819","Census Tract 48.19; Palm Beach County; Florida","62398","6282",
"1400000US12099004820","Census Tract 48.20; Palm Beach County; Florida","84500","17285",
"1400000US12099004821","Census Tract 48.21; Palm Beach County; Florida","78750","12899",
"1400000US12099004822","Census Tract 48.22; Palm Beach County; Florida","59115","14483",
"1400000US12099004823","Census Tract 48.23; Palm Beach County; Florida","105658","11038",
"1400000US12099004902","Census Tract 49.02; Palm Beach County; Florida","116715","15424",
"1400000US12099004903","Census Tract 49.03; Palm Beach County; Florida","61493","18448",
"1400000US12099004904","Census Tract 49.04; Palm Beach County; Florida","66649","10482",
"1400000US12099005000","Census Tract 50; Palm Beach County; Florida","79904","30691",
"1400000US12099005101","Census Tract 51.01; Palm Beach County; Florida","51833","11081",
"1400000US12099005102","Census Tract 51.02; Palm Beach County; Florida","61202","17300",
"1400000US12099005202","Census Tract 52.02; Palm Beach County; Florida","64421","8283",
"1400000US12099005203","Census Tract 52.03; Palm Beach County; Florida","47230","20505",
"1400000US12099005204","Census Tract 52.04; Palm Beach County; Florida","62500","16040",
"1400000US12099005300","Census Tract 53; Palm Beach County; Florida","70046","17760",
"1400000US12099005411","Census Tract 54.11; Palm Beach County; Florida","117059","16049",
"1400000US12099005412","Census Tract 54.12; Palm Beach County; Florida","81696","36356",
"1400000US12099005413","Census Tract 54.13; Palm Beach County; Florida","141063","23848",
"1400000US12099005501","Census Tract 55.01; Palm Beach County; Florida","70563","18020",
"1400000US12099005502","Census Tract 55.02; Palm Beach County; Florida","70588","16521",
"1400000US12099005601","Census Tract 56.01; Palm Beach County; Florida","54985","17777",
"1400000US12099005602","Census Tract 56.02; Palm Beach County; Florida","101653","23939",
"1400000US12099005702","Census Tract 57.02; Palm Beach County; Florida","61250","15213",
"1400000US12099005703","Census Tract 57.03; Palm Beach County; Florida","52083","40130",
"1400000US12099005704","Census Tract 57.04; Palm Beach County; Florida","48588","2721",
"1400000US12099005807","Census Tract 58.07; Palm Beach County; Florida","62383","18871",
"1400000US12099005810","Census Tract 58.10; Palm Beach County; Florida","41067","13820",
"1400000US12099005811","Census Tract 58.11; Palm Beach County; Florida","83050","13562",
"1400000US12099005812","Census Tract 58.12; Palm Beach County; Florida","61446","17188",
"1400000US12099005813","Census Tract 58.13; Palm Beach County; Florida","61579","5867",
"1400000US12099005814","Census Tract 58.14; Palm Beach County; Florida","72135","23176",
"1400000US12099005815","Census Tract 58.15; Palm Beach County; Florida","74492","15807",
"1400000US12099005818","Census Tract 58.18; Palm Beach County; Florida","59832","10436",
"1400000US12099005819","Census Tract 58.19; Palm Beach County; Florida","79609","12847",
"1400000US12099005820","Census Tract 58.20; Palm Beach County; Florida","94464","16167",
"1400000US12099005821","Census Tract 58.21; Palm Beach County; Florida","87472","10202",
"1400000US12099005916","Census Tract 59.16; Palm Beach County; Florida","80635","5970",
"1400000US12099005917","Census Tract 59.17; Palm Beach County; Florida","104015","7034",
"1400000US12099005918","Census Tract 59.18; Palm Beach County; Florida","95116","22255",
"1400000US12099005921","Census Tract 59.21; Palm Beach County; Florida","96125","25619",
"1400000US12099005922","Census Tract 59.22; Palm Beach County; Florida","81108","22380",
"1400000US12099005923","Census Tract 59.23; Palm Beach County; Florida","84507","13287",
"1400000US12099005926","Census Tract 59.26; Palm Beach County; Florida","61176","18934",
"1400000US12099005930","Census Tract 59.30; Palm Beach County; Florida","70573","15355",
"1400000US12099005931","Census Tract 59.31; Palm Beach County; Florida","60685","18436",
"1400000US12099005933","Census Tract 59.33; Palm Beach County; Florida","32415","11680",
"1400000US12099005934","Census Tract 59.34; Palm Beach County; Florida","90119","22951",
"1400000US12099005936","Census Tract 59.36; Palm Beach County; Florida","55859","14425",
"1400000US12099005937","Census Tract 59.37; Palm Beach County; Florida","163828","47833",
"1400000US12099005938","Census Tract 59.38; Palm Beach County; Florida","66577","17387",
"1400000US12099005939","Census Tract 59.39; Palm Beach County; Florida","38864","11125",
"1400000US12099005940","Census Tract 59.40; Palm Beach County; Florida","28218","6562",
"1400000US12099005942","Census Tract 59.42; Palm Beach County; Florida","159926","28883",
"1400000US12099005943","Census Tract 59.43; Palm Beach County; Florida","36750","6845",
"1400000US12099005944","Census Tract 59.44; Palm Beach County; Florida","45165","10384",
"1400000US12099005945","Census Tract 59.45; Palm Beach County; Florida","85417","14058",
"1400000US12099005946","Census Tract 59.46; Palm Beach County; Florida","135268","3724",
"1400000US12099005947","Census Tract 59.47; Palm Beach County; Florida","90563","25084",
"1400000US12099005949","Census Tract 59.49; Palm Beach County; Florida","111619","13565",
"1400000US12099005950","Census Tract 59.50; Palm Beach County; Florida","111838","10753",
"1400000US12099005951","Census Tract 59.51; Palm Beach County; Florida","70712","5753",
"1400000US12099005952","Census Tract 59.52; Palm Beach County; Florida","65714","13358",
"1400000US12099005953","Census Tract 59.53; Palm Beach County; Florida","68443","12816",
"1400000US12099005954","Census Tract 59.54; Palm Beach County; Florida","82090","15279",
"1400000US12099005955","Census Tract 59.55; Palm Beach County; Florida","113600","10338",
"1400000US12099005957","Census Tract 59.57; Palm Beach County; Florida","77455","21241",
"1400000US12099005958","Census Tract 59.58; Palm Beach County; Florida","86522","4769",
"1400000US12099005959","Census Tract 59.59; Palm Beach County; Florida","61792","9575",
"1400000US12099005960","Census Tract 59.60; Palm Beach County; Florida","145779","16265",
"1400000US12099005961","Census Tract 59.61; Palm Beach County; Florida","132833","55154",
"1400000US12099006005","Census Tract 60.05; Palm Beach County; Florida","61145","12966",
"1400000US12099006006","Census Tract 60.06; Palm Beach County; Florida","85340","16012",
"1400000US12099006007","Census Tract 60.07; Palm Beach County; Florida","69453","15593",
"1400000US12099006008","Census Tract 60.08; Palm Beach County; Florida","111473","24357",
"1400000US12099006009","Census Tract 60.09; Palm Beach County; Florida","51875","10121",
"1400000US12099006010","Census Tract 60.10; Palm Beach County; Florida","73050","5656",
"1400000US12099006011","Census Tract 60.11; Palm Beach County; Florida","74225","6389",
"1400000US12099006012","Census Tract 60.12; Palm Beach County; Florida","74758","18800",
"1400000US12099006100","Census Tract 61; Palm Beach County; Florida","43375","10650",
"1400000US12099006201","Census Tract 62.01; Palm Beach County; Florida","85950","14175",
"1400000US12099006202","Census Tract 62.02; Palm Beach County; Florida","104712","36308",
"1400000US12099006203","Census Tract 62.03; Palm Beach County; Florida","47917","17184",
"1400000US12099006301","Census Tract 63.01; Palm Beach County; Florida","71971","12413",
"1400000US12099006302","Census Tract 63.02; Palm Beach County; Florida","115938","29758",
"1400000US12099006401","Census Tract 64.01; Palm Beach County; Florida","86771","21707",
"1400000US12099006402","Census Tract 64.02; Palm Beach County; Florida","96170","10414",
"1400000US12099006501","Census Tract 65.01; Palm Beach County; Florida","63393","29063",
"1400000US12099006502","Census Tract 65.02; Palm Beach County; Florida","86512","20646",
"1400000US12099006602","Census Tract 66.02; Palm Beach County; Florida","139583","40875",
"1400000US12099006604","Census Tract 66.04; Palm Beach County; Florida","120779","29881",
"1400000US12099006606","Census Tract 66.06; Palm Beach County; Florida","92153","19720",
"1400000US12099006607","Census Tract 66.07; Palm Beach County; Florida","94500","25195",
"1400000US12099006700","Census Tract 67; Palm Beach County; Florida","75560","14719",
"1400000US12099006801","Census Tract 68.01; Palm Beach County; Florida","52031","13324",
"1400000US12099006802","Census Tract 68.02; Palm Beach County; Florida","69464","16573",
"1400000US12099006906","Census Tract 69.06; Palm Beach County; Florida","74849","44955",
"1400000US12099006907","Census Tract 69.07; Palm Beach County; Florida","88429","32719",
"1400000US12099006908","Census Tract 69.08; Palm Beach County; Florida","68444","25902",
"1400000US12099006909","Census Tract 69.09; Palm Beach County; Florida","84181","9750",
"1400000US12099006910","Census Tract 69.10; Palm Beach County; Florida","48549","14847",
"1400000US12099006911","Census Tract 69.11; Palm Beach County; Florida","64940","12913",
"1400000US12099006912","Census Tract 69.12; Palm Beach County; Florida","91044","28177",
"1400000US12099007005","Census Tract 70.05; Palm Beach County; Florida","163462","45683",
"1400000US12099007006","Census Tract 70.06; Palm Beach County; Florida","106925","21947",
"1400000US12099007007","Census Tract 70.07; Palm Beach County; Florida","163750","34651",
"1400000US12099007008","Census Tract 70.08; Palm Beach County; Florida","188906","47245",
"1400000US12099007009","Census Tract 70.09; Palm Beach County; Florida","161595","28406",
"1400000US12099007010","Census Tract 70.10; Palm Beach County; Florida","101728","28399",
"1400000US12099007011","Census Tract 70.11; Palm Beach County; Florida","139865","23466",
"1400000US12099007012","Census Tract 70.12; Palm Beach County; Florida","101844","16756",
"1400000US12099007013","Census Tract 70.13; Palm Beach County; Florida","109138","38625",
"1400000US12099007100","Census Tract 71; Palm Beach County; Florida","-","**",
"1400000US12099007202","Census Tract 72.02; Palm Beach County; Florida","99722","39377",
"1400000US12099007204","Census Tract 72.04; Palm Beach County; Florida","56880","10619",
"1400000US12099007205","Census Tract 72.05; Palm Beach County; Florida","90844","27355",
"1400000US12099007206","Census Tract 72.06; Palm Beach County; Florida","118958","34312",
"1400000US12099007207","Census Tract 72.07; Palm Beach County; Florida","70622","11205",
"1400000US12099007208","Census Tract 72.08; Palm Beach County; Florida","56458","22023",
"1400000US12099007301","Census Tract 73.01; Palm Beach County; Florida","86021","30846",
"1400000US12099007302","Census Tract 73.02; Palm Beach County; Florida","76623","20468",
"1400000US12099007407","Census Tract 74.07; Palm Beach County; Florida","168110","22018",
"1400000US12099007410","Census Tract 74.10; Palm Beach County; Florida","142719","35096",
"1400000US12099007412","Census Tract 74.12; Palm Beach County; Florida","164728","36934",
"1400000US12099007414","Census Tract 74.14; Palm Beach County; Florida","121429","28323",
"1400000US12099007420","Census Tract 74.20; Palm Beach County; Florida","139375","26113",
"1400000US12099007421","Census Tract 74.21; Palm Beach County; Florida","129653","30267",
"1400000US12099007501","Census Tract 75.01; Palm Beach County; Florida","87208","23785",
"1400000US12099007504","Census Tract 75.04; Palm Beach County; Florida","84514","14511",
"1400000US12099007505","Census Tract 75.05; Palm Beach County; Florida","152949","70248",
"1400000US12099007603","Census Tract 76.03; Palm Beach County; Florida","190682","18623",
"1400000US12099007604","Census Tract 76.04; Palm Beach County; Florida","124737","42379",
"1400000US12099007605","Census Tract 76.05; Palm Beach County; Florida","141023","42092",
"1400000US12099007610","Census Tract 76.10; Palm Beach County; Florida","135556","31866",
"1400000US12099007612","Census Tract 76.12; Palm Beach County; Florida","112065","20515",
"1400000US12099007613","Census Tract 76.13; Palm Beach County; Florida","64800","17550",
"1400000US12099007614","Census Tract 76.14; Palm Beach County; Florida","88152","25468",
"1400000US12099007615","Census Tract 76.15; Palm Beach County; Florida","72750","27804",
"1400000US12099007616","Census Tract 76.16; Palm Beach County; Florida","79508","17476",
"1400000US12099007619","Census Tract 76.19; Palm Beach County; Florida","78182","46891",
"1400000US12099007620","Census Tract 76.20; Palm Beach County; Florida","52226","4935",
"1400000US12099007621","Census Tract 76.21; Palm Beach County; Florida","97044","17095",
"1400000US12099007622","Census Tract 76.22; Palm Beach County; Florida","64811","21140",
"1400000US12099007623","Census Tract 76.23; Palm Beach County; Florida","122059","60801",
"1400000US12099007624","Census Tract 76.24; Palm Beach County; Florida","74769","16651",
"1400000US12099007705","Census Tract 77.05; Palm Beach County; Florida","136417","24939",
"1400000US12099007710","Census Tract 77.10; Palm Beach County; Florida","118355","20588",
"1400000US12099007716","Census Tract 77.16; Palm Beach County; Florida","105384","20877",
"1400000US12099007721","Census Tract 77.21; Palm Beach County; Florida","160040","30824",
"1400000US12099007723","Census Tract 77.23; Palm Beach County; Florida","164531","28156",
"1400000US12099007724","Census Tract 77.24; Palm Beach County; Florida","104327","29942",
"1400000US12099007725","Census Tract 77.25; Palm Beach County; Florida","104836","29756",
"1400000US12099007730","Census Tract 77.30; Palm Beach County; Florida","164750","21191",
"1400000US12099007731","Census Tract 77.31; Palm Beach County; Florida","132344","19536",
"1400000US12099007732","Census Tract 77.32; Palm Beach County; Florida","72852","10198",
"1400000US12099007735","Census Tract 77.35; Palm Beach County; Florida","160565","46993",
"1400000US12099007736","Census Tract 77.36; Palm Beach County; Florida","89009","34879",
"1400000US12099007738","Census Tract 77.38; Palm Beach County; Florida","91025","18874",
"1400000US12099007739","Census Tract 77.39; Palm Beach County; Florida","72000","7358",
"1400000US12099007740","Census Tract 77.40; Palm Beach County; Florida","89095","24858",
"1400000US12099007741","Census Tract 77.41; Palm Beach County; Florida","70767","22513",
"1400000US12099007742","Census Tract 77.42; Palm Beach County; Florida","64258","4093",
"1400000US12099007743","Census Tract 77.43; Palm Beach County; Florida","102837","30562",
"1400000US12099007746","Census Tract 77.46; Palm Beach County; Florida","31197","7850",
"1400000US12099007747","Census Tract 77.47; Palm Beach County; Florida","42034","4170",
"1400000US12099007748","Census Tract 77.48; Palm Beach County; Florida","189271","51750",
"1400000US12099007749","Census Tract 77.49; Palm Beach County; Florida","100875","34748",
"1400000US12099007750","Census Tract 77.50; Palm Beach County; Florida","85833","26709",
"1400000US12099007751","Census Tract 77.51; Palm Beach County; Florida","97257","27350",
"1400000US12099007752","Census Tract 77.52; Palm Beach County; Florida","127719","28575",
"1400000US12099007754","Census Tract 77.54; Palm Beach County; Florida","100588","40809",
"1400000US12099007757","Census Tract 77.57; Palm Beach County; Florida","136181","30831",
"1400000US12099007758","Census Tract 77.58; Palm Beach County; Florida","93174","8944",
"1400000US12099007759","Census Tract 77.59; Palm Beach County; Florida","180288","81945",
"1400000US12099007763","Census Tract 77.63; Palm Beach County; Florida","100388","20243",
"1400000US12099007764","Census Tract 77.64; Palm Beach County; Florida","115417","29168",
"1400000US12099007766","Census Tract 77.66; Palm Beach County; Florida","60352","11140",
"1400000US12099007767","Census Tract 77.67; Palm Beach County; Florida","61516","9683",
"1400000US12099007768","Census Tract 77.68; Palm Beach County; Florida","86776","15196",
"1400000US12099007769","Census Tract 77.69; Palm Beach County; Florida","43750","7756",
"1400000US12099007770","Census Tract 77.70; Palm Beach County; Florida","169946","28183",
"1400000US12099007771","Census Tract 77.71; Palm Beach County; Florida","133556","30817",
"1400000US12099007772","Census Tract 77.72; Palm Beach County; Florida","131420","40156",
"1400000US12099007773","Census Tract 77.73; Palm Beach County; Florida","149174","53063",
"1400000US12099007774","Census Tract 77.74; Palm Beach County; Florida","250000","35876",
"1400000US12099007775","Census Tract 77.75; Palm Beach County; Florida","135288","36347",
"1400000US12099007776","Census Tract 77.76; Palm Beach County; Florida","112277","67342",
"1400000US12099007777","Census Tract 77.77; Palm Beach County; Florida","123625","12542",
"1400000US12099007778","Census Tract 77.78; Palm Beach County; Florida","155360","39521",
"1400000US12099007779","Census Tract 77.79; Palm Beach County; Florida","117644","19168",
"1400000US12099007780","Census Tract 77.80; Palm Beach County; Florida","122399","99487",
"1400000US12099007805","Census Tract 78.05; Palm Beach County; Florida","146362","23037",
"1400000US12099007812","Census Tract 78.12; Palm Beach County; Florida","70679","11045",
"1400000US12099007813","Census Tract 78.13; Palm Beach County; Florida","97586","14768",
"1400000US12099007814","Census Tract 78.14; Palm Beach County; Florida","171385","35299",
"1400000US12099007818","Census Tract 78.18; Palm Beach County; Florida","191250","112558",
"1400000US12099007820","Census Tract 78.20; Palm Beach County; Florida","99412","5747",
"1400000US12099007821","Census Tract 78.21; Palm Beach County; Florida","98125","10115",
"1400000US12099007823","Census Tract 78.23; Palm Beach County; Florida","136520","12432",
"1400000US12099007830","Census Tract 78.30; Palm Beach County; Florida","108350","31217",
"1400000US12099007831","Census Tract 78.31; Palm Beach County; Florida","75714","29944",
"1400000US12099007832","Census Tract 78.32; Palm Beach County; Florida","38512","16027",
"1400000US12099007833","Census Tract 78.33; Palm Beach County; Florida","57373","8427",
"1400000US12099007834","Census Tract 78.34; Palm Beach County; Florida","124028","17880",
"1400000US12099007835","Census Tract 78.35; Palm Beach County; Florida","250,000+","***",
"1400000US12099007837","Census Tract 78.37; Palm Beach County; Florida","77368","26322",
"1400000US12099007838","Census Tract 78.38; Palm Beach County; Florida","100673","17906",
"1400000US12099007840","Census Tract 78.40; Palm Beach County; Florida","106477","22128",
"1400000US12099007841","Census Tract 78.41; Palm Beach County; Florida","78438","13207",
"1400000US12099007842","Census Tract 78.42; Palm Beach County; Florida","117778","31487",
"1400000US12099007843","Census Tract 78.43; Palm Beach County; Florida","101547","24006",
"1400000US12099007844","Census Tract 78.44; Palm Beach County; Florida","142526","24132",
"1400000US12099007845","Census Tract 78.45; Palm Beach County; Florida","132000","38327",
"1400000US12099007846","Census Tract 78.46; Palm Beach County; Florida","172188","59484",
"1400000US12099007847","Census Tract 78.47; Palm Beach County; Florida","140921","27312",
"1400000US12099007848","Census Tract 78.48; Palm Beach County; Florida","138304","16861",
"1400000US12099007849","Census Tract 78.49; Palm Beach County; Florida","195489","44883",
"1400000US12099007850","Census Tract 78.50; Palm Beach County; Florida","131925","18873",
"1400000US12099007851","Census Tract 78.51; Palm Beach County; Florida","104536","15944",
"1400000US12099007852","Census Tract 78.52; Palm Beach County; Florida","-","**",
"1400000US12099007853","Census Tract 78.53; Palm Beach County; Florida","99219","22491",
"1400000US12099007909","Census Tract 79.09; Palm Beach County; Florida","146658","15634",
"1400000US12099007913","Census Tract 79.13; Palm Beach County; Florida","104482","11910",
"1400000US12099007914","Census Tract 79.14; Palm Beach County; Florida","95257","17523",
"1400000US12099007915","Census Tract 79.15; Palm Beach County; Florida","152083","41028",
"1400000US12099007916","Census Tract 79.16; Palm Beach County; Florida","116992","21294",
"1400000US12099007917","Census Tract 79.17; Palm Beach County; Florida","92458","20536",
"1400000US12099007918","Census Tract 79.18; Palm Beach County; Florida","101850","27352",
"1400000US12099007919","Census Tract 79.19; Palm Beach County; Florida","127214","20048",
"1400000US12099008001","Census Tract 80.01; Palm Beach County; Florida","18125","8119",
"1400000US12099008002","Census Tract 80.02; Palm Beach County; Florida","53804","16436",
"1400000US12099008101","Census Tract 81.01; Palm Beach County; Florida","68315","9217",
"1400000US12099008102","Census Tract 81.02; Palm Beach County; Florida","-","**",
"1400000US12099008201","Census Tract 82.01; Palm Beach County; Florida","45172","17623",
"1400000US12099008202","Census Tract 82.02; Palm Beach County; Florida","34192","2695",
"1400000US12099008203","Census Tract 82.03; Palm Beach County; Florida","48494","13377",
"1400000US12099008301","Census Tract 83.01; Palm Beach County; Florida","-","**",
"1400000US12099008302","Census Tract 83.02; Palm Beach County; Florida","57571","10937",
"1400000US12099980000","Census Tract 9800; Palm Beach County; Florida","-","**",
"1400000US12099980100","Census Tract 9801; Palm Beach County; Florida","-","**",
"1400000US12099980200","Census Tract 9802; Palm Beach County; Florida","-","**",
"1400000US12099980400","Census Tract 9804; Palm Beach County; Florida","-","**",
"1400000US12099980500","Census Tract 9805; Palm Beach County; Florida","-","**",
"1400000US12099990000","Census Tract 9900; Palm Beach County; Florida","-","**",
"1400000US12099990100","Census Tract 9901; Palm Beach County; Florida","-","**",
"1400000US12101030101","Census Tract 301.01; Pasco County; Florida","59730","13689",
"1400000US12101030102","Census Tract 301.02; Pasco County; Florida","45184","10173",
"1400000US12101030202","Census Tract 302.02; Pasco County; Florida","70000","9185",
"1400000US12101030203","Census Tract 302.03; Pasco County; Florida","42679","26731",
"1400000US12101030204","Census Tract 302.04; Pasco County; Florida","53583","8352",
"1400000US12101030205","Census Tract 302.05; Pasco County; Florida","58606","7974",
"1400000US12101030303","Census Tract 303.03; Pasco County; Florida","94355","14315",
"1400000US12101030304","Census Tract 303.04; Pasco County; Florida","47264","8733",
"1400000US12101030404","Census Tract 304.04; Pasco County; Florida","58750","21092",
"1400000US12101030405","Census Tract 304.05; Pasco County; Florida","60989","18235",
"1400000US12101030406","Census Tract 304.06; Pasco County; Florida","56265","9384",
"1400000US12101030407","Census Tract 304.07; Pasco County; Florida","55889","13869",
"1400000US12101030408","Census Tract 304.08; Pasco County; Florida","40612","8194",
"1400000US12101030409","Census Tract 304.09; Pasco County; Florida","63321","12453",
"1400000US12101030410","Census Tract 304.10; Pasco County; Florida","36837","11986",
"1400000US12101030411","Census Tract 304.11; Pasco County; Florida","62880","13629",
"1400000US12101030412","Census Tract 304.12; Pasco County; Florida","32713","5697",
"1400000US12101030501","Census Tract 305.01; Pasco County; Florida","39539","11792",
"1400000US12101030502","Census Tract 305.02; Pasco County; Florida","60238","10278",
"1400000US12101030601","Census Tract 306.01; Pasco County; Florida","51563","12133",
"1400000US12101030602","Census Tract 306.02; Pasco County; Florida","41948","8993",
"1400000US12101030700","Census Tract 307; Pasco County; Florida","49846","20213",
"1400000US12101030800","Census Tract 308; Pasco County; Florida","49026","21848",
"1400000US12101030901","Census Tract 309.01; Pasco County; Florida","42047","10195",
"1400000US12101030905","Census Tract 309.05; Pasco County; Florida","49503","9261",
"1400000US12101030906","Census Tract 309.06; Pasco County; Florida","45872","9816",
"1400000US12101031003","Census Tract 310.03; Pasco County; Florida","43857","8319",
"1400000US12101031005","Census Tract 310.05; Pasco County; Florida","51356","11391",
"1400000US12101031006","Census Tract 310.06; Pasco County; Florida","44485","7587",
"1400000US12101031007","Census Tract 310.07; Pasco County; Florida","44509","8088",
"1400000US12101031008","Census Tract 310.08; Pasco County; Florida","69292","14425",
"1400000US12101031009","Census Tract 310.09; Pasco County; Florida","30250","10148",
"1400000US12101031010","Census Tract 310.10; Pasco County; Florida","46014","4982",
"1400000US12101031011","Census Tract 310.11; Pasco County; Florida","46728","21726",
"1400000US12101031012","Census Tract 310.12; Pasco County; Florida","53798","26131",
"1400000US12101031013","Census Tract 310.13; Pasco County; Florida","49331","12202",
"1400000US12101031014","Census Tract 310.14; Pasco County; Florida","53255","2639",
"1400000US12101031101","Census Tract 311.01; Pasco County; Florida","31772","11014",
"1400000US12101031103","Census Tract 311.03; Pasco County; Florida","41923","19275",
"1400000US12101031104","Census Tract 311.04; Pasco County; Florida","47462","11163",
"1400000US12101031203","Census Tract 312.03; Pasco County; Florida","41713","9032",
"1400000US12101031204","Census Tract 312.04; Pasco County; Florida","69877","13235",
"1400000US12101031205","Census Tract 312.05; Pasco County; Florida","42385","11105",
"1400000US12101031206","Census Tract 312.06; Pasco County; Florida","50335","26155",
"1400000US12101031207","Census Tract 312.07; Pasco County; Florida","47188","29528",
"1400000US12101031208","Census Tract 312.08; Pasco County; Florida","97515","20123",
"1400000US12101031301","Census Tract 313.01; Pasco County; Florida","50346","7478",
"1400000US12101031302","Census Tract 313.02; Pasco County; Florida","92140","32560",
"1400000US12101031401","Census Tract 314.01; Pasco County; Florida","51525","8228",
"1400000US12101031404","Census Tract 314.04; Pasco County; Florida","52365","10215",
"1400000US12101031406","Census Tract 314.06; Pasco County; Florida","45388","5509",
"1400000US12101031407","Census Tract 314.07; Pasco County; Florida","48284","14883",
"1400000US12101031410","Census Tract 314.10; Pasco County; Florida","62917","19526",
"1400000US12101031411","Census Tract 314.11; Pasco County; Florida","70045","24406",
"1400000US12101031412","Census Tract 314.12; Pasco County; Florida","45439","6576",
"1400000US12101031503","Census Tract 315.03; Pasco County; Florida","65929","9410",
"1400000US12101031504","Census Tract 315.04; Pasco County; Florida","89125","26887",
"1400000US12101031505","Census Tract 315.05; Pasco County; Florida","52943","5717",
"1400000US12101031506","Census Tract 315.06; Pasco County; Florida","77469","10391",
"1400000US12101031507","Census Tract 315.07; Pasco County; Florida","108105","19018",
"1400000US12101031508","Census Tract 315.08; Pasco County; Florida","108701","6902",
"1400000US12101031601","Census Tract 316.01; Pasco County; Florida","104245","21327",
"1400000US12101031602","Census Tract 316.02; Pasco County; Florida","120334","10691",
"1400000US12101031603","Census Tract 316.03; Pasco County; Florida","125625","23036",
"1400000US12101031604","Census Tract 316.04; Pasco County; Florida","97096","31783",
"1400000US12101031605","Census Tract 316.05; Pasco County; Florida","110998","13283",
"1400000US12101031701","Census Tract 317.01; Pasco County; Florida","150644","28581",
"1400000US12101031703","Census Tract 317.03; Pasco County; Florida","49792","16877",
"1400000US12101031704","Census Tract 317.04; Pasco County; Florida","98479","19120",
"1400000US12101031705","Census Tract 317.05; Pasco County; Florida","70299","11766",
"1400000US12101031706","Census Tract 317.06; Pasco County; Florida","110190","19113",
"1400000US12101031707","Census Tract 317.07; Pasco County; Florida","105089","27589",
"1400000US12101031708","Census Tract 317.08; Pasco County; Florida","68914","6931",
"1400000US12101031804","Census Tract 318.04; Pasco County; Florida","69214","12497",
"1400000US12101031805","Census Tract 318.05; Pasco County; Florida","64245","13963",
"1400000US12101031806","Census Tract 318.06; Pasco County; Florida","69757","10667",
"1400000US12101031807","Census Tract 318.07; Pasco County; Florida","45972","18543",
"1400000US12101031808","Census Tract 318.08; Pasco County; Florida","88620","3308",
"1400000US12101031809","Census Tract 318.09; Pasco County; Florida","64500","12489",
"1400000US12101031901","Census Tract 319.01; Pasco County; Florida","94019","32880",
"1400000US12101031902","Census Tract 319.02; Pasco County; Florida","109614","14226",
"1400000US12101031903","Census Tract 319.03; Pasco County; Florida","118636","26458",
"1400000US12101032001","Census Tract 320.01; Pasco County; Florida","119018","28183",
"1400000US12101032005","Census Tract 320.05; Pasco County; Florida","74083","12627",
"1400000US12101032006","Census Tract 320.06; Pasco County; Florida","101152","11619",
"1400000US12101032007","Census Tract 320.07; Pasco County; Florida","106487","12290",
"1400000US12101032008","Census Tract 320.08; Pasco County; Florida","114423","25742",
"1400000US12101032009","Census Tract 320.09; Pasco County; Florida","101853","25577",
"1400000US12101032010","Census Tract 320.10; Pasco County; Florida","98250","13309",
"1400000US12101032011","Census Tract 320.11; Pasco County; Florida","118750","16202",
"1400000US12101032012","Census Tract 320.12; Pasco County; Florida","112598","20132",
"1400000US12101032013","Census Tract 320.13; Pasco County; Florida","83409","16089",
"1400000US12101032014","Census Tract 320.14; Pasco County; Florida","91955","10602",
"1400000US12101032103","Census Tract 321.03; Pasco County; Florida","118228","7941",
"1400000US12101032104","Census Tract 321.04; Pasco County; Florida","109250","23182",
"1400000US12101032105","Census Tract 321.05; Pasco County; Florida","122353","12272",
"1400000US12101032106","Census Tract 321.06; Pasco County; Florida","111076","26506",
"1400000US12101032107","Census Tract 321.07; Pasco County; Florida","123583","30211",
"1400000US12101032108","Census Tract 321.08; Pasco County; Florida","101662","18737",
"1400000US12101032109","Census Tract 321.09; Pasco County; Florida","94318","22018",
"1400000US12101032110","Census Tract 321.10; Pasco County; Florida","108264","14056",
"1400000US12101032111","Census Tract 321.11; Pasco County; Florida","117639","34814",
"1400000US12101032112","Census Tract 321.12; Pasco County; Florida","99810","15470",
"1400000US12101032113","Census Tract 321.13; Pasco County; Florida","98879","6971",
"1400000US12101032200","Census Tract 322; Pasco County; Florida","98809","7552",
"1400000US12101032300","Census Tract 323; Pasco County; Florida","112708","36725",
"1400000US12101032401","Census Tract 324.01; Pasco County; Florida","71923","21675",
"1400000US12101032402","Census Tract 324.02; Pasco County; Florida","58854","13886",
"1400000US12101032500","Census Tract 325; Pasco County; Florida","64071","15965",
"1400000US12101032601","Census Tract 326.01; Pasco County; Florida","70888","8172",
"1400000US12101032602","Census Tract 326.02; Pasco County; Florida","45881","9076",
"1400000US12101032700","Census Tract 327; Pasco County; Florida","52458","8954",
"1400000US12101032802","Census Tract 328.02; Pasco County; Florida","57244","12282",
"1400000US12101032804","Census Tract 328.04; Pasco County; Florida","43911","13885",
"1400000US12101032805","Census Tract 328.05; Pasco County; Florida","75588","11066",
"1400000US12101032901","Census Tract 329.01; Pasco County; Florida","68517","12044",
"1400000US12101032902","Census Tract 329.02; Pasco County; Florida","64143","5639",
"1400000US12101032905","Census Tract 329.05; Pasco County; Florida","51094","12807",
"1400000US12101033005","Census Tract 330.05; Pasco County; Florida","58601","6741",
"1400000US12101033006","Census Tract 330.06; Pasco County; Florida","60795","19187",
"1400000US12101033007","Census Tract 330.07; Pasco County; Florida","46875","16758",
"1400000US12101033008","Census Tract 330.08; Pasco County; Florida","47850","9447",
"1400000US12101033009","Census Tract 330.09; Pasco County; Florida","52795","11054",
"1400000US12101033010","Census Tract 330.10; Pasco County; Florida","60323","10520",
"1400000US12101033011","Census Tract 330.11; Pasco County; Florida","42833","11762",
"1400000US12101033012","Census Tract 330.12; Pasco County; Florida","45386","5153",
"1400000US12101033013","Census Tract 330.13; Pasco County; Florida","34640","16483",
"1400000US12101033014","Census Tract 330.14; Pasco County; Florida","52755","6805",
"1400000US12101033101","Census Tract 331.01; Pasco County; Florida","44007","4000",
"1400000US12101033102","Census Tract 331.02; Pasco County; Florida","63750","18212",
"1400000US12101990000","Census Tract 9900; Pasco County; Florida","-","**",
"1400000US12103020105","Census Tract 201.05; Pinellas County; Florida","91985","27599",
"1400000US12103020106","Census Tract 201.06; Pinellas County; Florida","150226","23384",
"1400000US12103020107","Census Tract 201.07; Pinellas County; Florida","82150","24761",
"1400000US12103020108","Census Tract 201.08; Pinellas County; Florida","79861","12802",
"1400000US12103020109","Census Tract 201.09; Pinellas County; Florida","59667","10689",
"1400000US12103020110","Census Tract 201.10; Pinellas County; Florida","70179","27064",
"1400000US12103020201","Census Tract 202.01; Pinellas County; Florida","89459","31632",
"1400000US12103020202","Census Tract 202.02; Pinellas County; Florida","74286","11879",
"1400000US12103020206","Census Tract 202.06; Pinellas County; Florida","47680","7116",
"1400000US12103020207","Census Tract 202.07; Pinellas County; Florida","86250","14095",
"1400000US12103020208","Census Tract 202.08; Pinellas County; Florida","44620","11479",
"1400000US12103020209","Census Tract 202.09; Pinellas County; Florida","78063","26567",
"1400000US12103020301","Census Tract 203.01; Pinellas County; Florida","77194","13751",
"1400000US12103020302","Census Tract 203.02; Pinellas County; Florida","103105","14408",
"1400000US12103020400","Census Tract 204; Pinellas County; Florida","92899","12016",
"1400000US12103020500","Census Tract 205; Pinellas County; Florida","42283","19750",
"1400000US12103020600","Census Tract 206; Pinellas County; Florida","70333","18239",
"1400000US12103020700","Census Tract 207; Pinellas County; Florida","72328","22932",
"1400000US12103020800","Census Tract 208; Pinellas County; Florida","50078","18613",
"1400000US12103021200","Census Tract 212; Pinellas County; Florida","30344","13593",
"1400000US12103021501","Census Tract 215.01; Pinellas County; Florida","97000","48795",
"1400000US12103021502","Census Tract 215.02; Pinellas County; Florida","37436","21337",
"1400000US12103021600","Census Tract 216; Pinellas County; Florida","55522","22417",
"1400000US12103021800","Census Tract 218; Pinellas County; Florida","72576","23494",
"1400000US12103021900","Census Tract 219; Pinellas County; Florida","84628","14536",
"1400000US12103022000","Census Tract 220; Pinellas County; Florida","60045","16269",
"1400000US12103022101","Census Tract 221.01; Pinellas County; Florida","80625","21117",
"1400000US12103022102","Census Tract 221.02; Pinellas County; Florida","95494","40129",
"1400000US12103022200","Census Tract 222; Pinellas County; Florida","78056","6991",
"1400000US12103022301","Census Tract 223.01; Pinellas County; Florida","73333","11586",
"1400000US12103022302","Census Tract 223.02; Pinellas County; Florida","90659","15173",
"1400000US12103022401","Census Tract 224.01; Pinellas County; Florida","130444","33350",
"1400000US12103022402","Census Tract 224.02; Pinellas County; Florida","91875","31396",
"1400000US12103022501","Census Tract 225.01; Pinellas County; Florida","65929","5573",
"1400000US12103022502","Census Tract 225.02; Pinellas County; Florida","81536","10602",
"1400000US12103022503","Census Tract 225.03; Pinellas County; Florida","75315","12262",
"1400000US12103022601","Census Tract 226.01; Pinellas County; Florida","68443","11152",
"1400000US12103022602","Census Tract 226.02; Pinellas County; Florida","100317","12860",
"1400000US12103022700","Census Tract 227; Pinellas County; Florida","85370","12915",
"1400000US12103022801","Census Tract 228.01; Pinellas County; Florida","69186","9394",
"1400000US12103022802","Census Tract 228.02; Pinellas County; Florida","93173","15535",
"1400000US12103022901","Census Tract 229.01; Pinellas County; Florida","67445","3620",
"1400000US12103022902","Census Tract 229.02; Pinellas County; Florida","49889","13152",
"1400000US12103023000","Census Tract 230; Pinellas County; Florida","61907","32064",
"1400000US12103023100","Census Tract 231; Pinellas County; Florida","76370","11654",
"1400000US12103023200","Census Tract 232; Pinellas County; Florida","74563","9544",
"1400000US12103023300","Census Tract 233; Pinellas County; Florida","95273","19401",
"1400000US12103023400","Census Tract 234; Pinellas County; Florida","91250","28566",
"1400000US12103023501","Census Tract 235.01; Pinellas County; Florida","84421","22593",
"1400000US12103023502","Census Tract 235.02; Pinellas County; Florida","77813","28728",
"1400000US12103023601","Census Tract 236.01; Pinellas County; Florida","66615","10346",
"1400000US12103023602","Census Tract 236.02; Pinellas County; Florida","85577","29423",
"1400000US12103023700","Census Tract 237; Pinellas County; Florida","112308","41642",
"1400000US12103023800","Census Tract 238; Pinellas County; Florida","102813","37944",
"1400000US12103023900","Census Tract 239; Pinellas County; Florida","69107","36536",
"1400000US12103024001","Census Tract 240.01; Pinellas County; Florida","144426","23384",
"1400000US12103024002","Census Tract 240.02; Pinellas County; Florida","112697","46556",
"1400000US12103024004","Census Tract 240.04; Pinellas County; Florida","159792","40496",
"1400000US12103024005","Census Tract 240.05; Pinellas County; Florida","202361","54778",
"1400000US12103024100","Census Tract 241; Pinellas County; Florida","73664","22780",
"1400000US12103024201","Census Tract 242.01; Pinellas County; Florida","67292","15169",
"1400000US12103024202","Census Tract 242.02; Pinellas County; Florida","95132","25406",
"1400000US12103024301","Census Tract 243.01; Pinellas County; Florida","85476","19264",
"1400000US12103024302","Census Tract 243.02; Pinellas County; Florida","85500","14204",
"1400000US12103024403","Census Tract 244.03; Pinellas County; Florida","62097","31832",
"1400000US12103024406","Census Tract 244.06; Pinellas County; Florida","69559","8725",
"1400000US12103024408","Census Tract 244.08; Pinellas County; Florida","63618","5610",
"1400000US12103024409","Census Tract 244.09; Pinellas County; Florida","110208","17232",
"1400000US12103024410","Census Tract 244.10; Pinellas County; Florida","56484","5592",
"1400000US12103024411","Census Tract 244.11; Pinellas County; Florida","113333","37215",
"1400000US12103024412","Census Tract 244.12; Pinellas County; Florida","98571","21174",
"1400000US12103024413","Census Tract 244.13; Pinellas County; Florida","56875","12693",
"1400000US12103024505","Census Tract 245.05; Pinellas County; Florida","60569","6537",
"1400000US12103024507","Census Tract 245.07; Pinellas County; Florida","85823","18470",
"1400000US12103024508","Census Tract 245.08; Pinellas County; Florida","60179","13999",
"1400000US12103024509","Census Tract 245.09; Pinellas County; Florida","87986","21783",
"1400000US12103024510","Census Tract 245.10; Pinellas County; Florida","50089","20452",
"1400000US12103024512","Census Tract 245.12; Pinellas County; Florida","55857","5090",
"1400000US12103024514","Census Tract 245.14; Pinellas County; Florida","71572","6206",
"1400000US12103024515","Census Tract 245.15; Pinellas County; Florida","60938","31405",
"1400000US12103024516","Census Tract 245.16; Pinellas County; Florida","50721","8461",
"1400000US12103024517","Census Tract 245.17; Pinellas County; Florida","74659","10027",
"1400000US12103024518","Census Tract 245.18; Pinellas County; Florida","66575","14096",
"1400000US12103024519","Census Tract 245.19; Pinellas County; Florida","55157","8307",
"1400000US12103024601","Census Tract 246.01; Pinellas County; Florida","51543","8373",
"1400000US12103024603","Census Tract 246.03; Pinellas County; Florida","41732","11834",
"1400000US12103024604","Census Tract 246.04; Pinellas County; Florida","37500","9883",
"1400000US12103024701","Census Tract 247.01; Pinellas County; Florida","44480","8675",
"1400000US12103024702","Census Tract 247.02; Pinellas County; Florida","45625","9635",
"1400000US12103024703","Census Tract 247.03; Pinellas County; Florida","42201","11876",
"1400000US12103024801","Census Tract 248.01; Pinellas County; Florida","60203","8336",
"1400000US12103024803","Census Tract 248.03; Pinellas County; Florida","49743","31058",
"1400000US12103024804","Census Tract 248.04; Pinellas County; Florida","61944","41422",
"1400000US12103024805","Census Tract 248.05; Pinellas County; Florida","52537","9592",
"1400000US12103024901","Census Tract 249.01; Pinellas County; Florida","63975","13013",
"1400000US12103024904","Census Tract 249.04; Pinellas County; Florida","61250","19637",
"1400000US12103024905","Census Tract 249.05; Pinellas County; Florida","71687","7294",
"1400000US12103024906","Census Tract 249.06; Pinellas County; Florida","53167","11417",
"1400000US12103024907","Census Tract 249.07; Pinellas County; Florida","53254","12273",
"1400000US12103024908","Census Tract 249.08; Pinellas County; Florida","109545","14291",
"1400000US12103025004","Census Tract 250.04; Pinellas County; Florida","61941","18389",
"1400000US12103025007","Census Tract 250.07; Pinellas County; Florida","81144","13771",
"1400000US12103025009","Census Tract 250.09; Pinellas County; Florida","72928","7238",
"1400000US12103025011","Census Tract 250.11; Pinellas County; Florida","120789","21542",
"1400000US12103025012","Census Tract 250.12; Pinellas County; Florida","70313","28138",
"1400000US12103025013","Census Tract 250.13; Pinellas County; Florida","116915","33799",
"1400000US12103025014","Census Tract 250.14; Pinellas County; Florida","84221","5648",
"1400000US12103025015","Census Tract 250.15; Pinellas County; Florida","48864","9140",
"1400000US12103025016","Census Tract 250.16; Pinellas County; Florida","75938","12269",
"1400000US12103025017","Census Tract 250.17; Pinellas County; Florida","45729","11648",
"1400000US12103025018","Census Tract 250.18; Pinellas County; Florida","39918","14042",
"1400000US12103025019","Census Tract 250.19; Pinellas County; Florida","43972","5439",
"1400000US12103025020","Census Tract 250.20; Pinellas County; Florida","78708","33392",
"1400000US12103025021","Census Tract 250.21; Pinellas County; Florida","86888","17120",
"1400000US12103025106","Census Tract 251.06; Pinellas County; Florida","64875","18816",
"1400000US12103025107","Census Tract 251.07; Pinellas County; Florida","94375","12004",
"1400000US12103025108","Census Tract 251.08; Pinellas County; Florida","75469","21214",
"1400000US12103025109","Census Tract 251.09; Pinellas County; Florida","58108","9798",
"1400000US12103025110","Census Tract 251.10; Pinellas County; Florida","106520","29182",
"1400000US12103025111","Census Tract 251.11; Pinellas County; Florida","42760","12171",
"1400000US12103025112","Census Tract 251.12; Pinellas County; Florida","94250","26260",
"1400000US12103025113","Census Tract 251.13; Pinellas County; Florida","77284","11368",
"1400000US12103025114","Census Tract 251.14; Pinellas County; Florida","65491","13165",
"1400000US12103025115","Census Tract 251.15; Pinellas County; Florida","42813","13650",
"1400000US12103025116","Census Tract 251.16; Pinellas County; Florida","55875","11483",
"1400000US12103025119","Census Tract 251.19; Pinellas County; Florida","123427","38145",
"1400000US12103025120","Census Tract 251.20; Pinellas County; Florida","110714","33615",
"1400000US12103025121","Census Tract 251.21; Pinellas County; Florida","106739","11177",
"1400000US12103025122","Census Tract 251.22; Pinellas County; Florida","82007","16509",
"1400000US12103025123","Census Tract 251.23; Pinellas County; Florida","83000","23830",
"1400000US12103025204","Census Tract 252.04; Pinellas County; Florida","56011","14962",
"1400000US12103025205","Census Tract 252.05; Pinellas County; Florida","90083","20533",
"1400000US12103025207","Census Tract 252.07; Pinellas County; Florida","68317","22722",
"1400000US12103025208","Census Tract 252.08; Pinellas County; Florida","54766","6366",
"1400000US12103025209","Census Tract 252.09; Pinellas County; Florida","80256","23423",
"1400000US12103025210","Census Tract 252.10; Pinellas County; Florida","140694","28508",
"1400000US12103025211","Census Tract 252.11; Pinellas County; Florida","59329","16234",
"1400000US12103025303","Census Tract 253.03; Pinellas County; Florida","61801","12572",
"1400000US12103025305","Census Tract 253.05; Pinellas County; Florida","55111","8133",
"1400000US12103025307","Census Tract 253.07; Pinellas County; Florida","65458","10446",
"1400000US12103025309","Census Tract 253.09; Pinellas County; Florida","66742","13542",
"1400000US12103025310","Census Tract 253.10; Pinellas County; Florida","54282","15521",
"1400000US12103025311","Census Tract 253.11; Pinellas County; Florida","51129","7342",
"1400000US12103025401","Census Tract 254.01; Pinellas County; Florida","73162","22820",
"1400000US12103025407","Census Tract 254.07; Pinellas County; Florida","80991","18493",
"1400000US12103025411","Census Tract 254.11; Pinellas County; Florida","79135","17374",
"1400000US12103025412","Census Tract 254.12; Pinellas County; Florida","73451","21728",
"1400000US12103025413","Census Tract 254.13; Pinellas County; Florida","56595","17739",
"1400000US12103025414","Census Tract 254.14; Pinellas County; Florida","56628","12848",
"1400000US12103025415","Census Tract 254.15; Pinellas County; Florida","49387","19750",
"1400000US12103025416","Census Tract 254.16; Pinellas County; Florida","59467","9202",
"1400000US12103025417","Census Tract 254.17; Pinellas County; Florida","55076","10598",
"1400000US12103025418","Census Tract 254.18; Pinellas County; Florida","46136","14877",
"1400000US12103025419","Census Tract 254.19; Pinellas County; Florida","64643","14136",
"1400000US12103025420","Census Tract 254.20; Pinellas County; Florida","65280","6897",
"1400000US12103025421","Census Tract 254.21; Pinellas County; Florida","67639","16448",
"1400000US12103025501","Census Tract 255.01; Pinellas County; Florida","87782","10132",
"1400000US12103025505","Census Tract 255.05; Pinellas County; Florida","39278","8147",
"1400000US12103025507","Census Tract 255.07; Pinellas County; Florida","50945","4734",
"1400000US12103025508","Census Tract 255.08; Pinellas County; Florida","51298","10073",
"1400000US12103025509","Census Tract 255.09; Pinellas County; Florida","55833","8958",
"1400000US12103025510","Census Tract 255.10; Pinellas County; Florida","100556","21752",
"1400000US12103025602","Census Tract 256.02; Pinellas County; Florida","46068","12165",
"1400000US12103025603","Census Tract 256.03; Pinellas County; Florida","48635","12576",
"1400000US12103025604","Census Tract 256.04; Pinellas County; Florida","63947","13656",
"1400000US12103025700","Census Tract 257; Pinellas County; Florida","114853","30994",
"1400000US12103025800","Census Tract 258; Pinellas County; Florida","33272","13376",
"1400000US12103025901","Census Tract 259.01; Pinellas County; Florida","46104","16116",
"1400000US12103025902","Census Tract 259.02; Pinellas County; Florida","60625","38309",
"1400000US12103026001","Census Tract 260.01; Pinellas County; Florida","123750","28644",
"1400000US12103026003","Census Tract 260.03; Pinellas County; Florida","115292","44444",
"1400000US12103026004","Census Tract 260.04; Pinellas County; Florida","95455","73765",
"1400000US12103026101","Census Tract 261.01; Pinellas County; Florida","71769","8963",
"1400000US12103026102","Census Tract 261.02; Pinellas County; Florida","60700","27294",
"1400000US12103026200","Census Tract 262; Pinellas County; Florida","39569","15311",
"1400000US12103026300","Census Tract 263; Pinellas County; Florida","56538","16294",
"1400000US12103026401","Census Tract 264.01; Pinellas County; Florida","39879","9414",
"1400000US12103026402","Census Tract 264.02; Pinellas County; Florida","45149","9703",
"1400000US12103026501","Census Tract 265.01; Pinellas County; Florida","63462","8676",
"1400000US12103026502","Census Tract 265.02; Pinellas County; Florida","78958","16514",
"1400000US12103026601","Census Tract 266.01; Pinellas County; Florida","101000","16858",
"1400000US12103026602","Census Tract 266.02; Pinellas County; Florida","91250","60471",
"1400000US12103026701","Census Tract 267.01; Pinellas County; Florida","67164","9070",
"1400000US12103026703","Census Tract 267.03; Pinellas County; Florida","63712","14096",
"1400000US12103026704","Census Tract 267.04; Pinellas County; Florida","78780","10551",
"1400000US12103026705","Census Tract 267.05; Pinellas County; Florida","66277","16697",
"1400000US12103026804","Census Tract 268.04; Pinellas County; Florida","74724","8688",
"1400000US12103026809","Census Tract 268.09; Pinellas County; Florida","67574","20993",
"1400000US12103026811","Census Tract 268.11; Pinellas County; Florida","97500","20139",
"1400000US12103026812","Census Tract 268.12; Pinellas County; Florida","70038","7144",
"1400000US12103026813","Census Tract 268.13; Pinellas County; Florida","71528","24330",
"1400000US12103026814","Census Tract 268.14; Pinellas County; Florida","51635","16787",
"1400000US12103026815","Census Tract 268.15; Pinellas County; Florida","116150","20064",
"1400000US12103026816","Census Tract 268.16; Pinellas County; Florida","118500","47284",
"1400000US12103026817","Census Tract 268.17; Pinellas County; Florida","86328","33483",
"1400000US12103026818","Census Tract 268.18; Pinellas County; Florida","45694","8457",
"1400000US12103026819","Census Tract 268.19; Pinellas County; Florida","63176","10957",
"1400000US12103026820","Census Tract 268.20; Pinellas County; Florida","73258","20878",
"1400000US12103026821","Census Tract 268.21; Pinellas County; Florida","82500","25326",
"1400000US12103026904","Census Tract 269.04; Pinellas County; Florida","69854","19472",
"1400000US12103026908","Census Tract 269.08; Pinellas County; Florida","92188","15145",
"1400000US12103026909","Census Tract 269.09; Pinellas County; Florida","58807","7079",
"1400000US12103026911","Census Tract 269.11; Pinellas County; Florida","72237","32953",
"1400000US12103026912","Census Tract 269.12; Pinellas County; Florida","40854","4719",
"1400000US12103026913","Census Tract 269.13; Pinellas County; Florida","53444","7517",
"1400000US12103026914","Census Tract 269.14; Pinellas County; Florida","63398","15762",
"1400000US12103026915","Census Tract 269.15; Pinellas County; Florida","70531","11942",
"1400000US12103026916","Census Tract 269.16; Pinellas County; Florida","83378","16621",
"1400000US12103026917","Census Tract 269.17; Pinellas County; Florida","52389","9300",
"1400000US12103027000","Census Tract 270; Pinellas County; Florida","69545","17377",
"1400000US12103027105","Census Tract 271.05; Pinellas County; Florida","96728","22337",
"1400000US12103027106","Census Tract 271.06; Pinellas County; Florida","102910","17710",
"1400000US12103027107","Census Tract 271.07; Pinellas County; Florida","50976","14696",
"1400000US12103027108","Census Tract 271.08; Pinellas County; Florida","62188","12716",
"1400000US12103027202","Census Tract 272.02; Pinellas County; Florida","93952","27637",
"1400000US12103027204","Census Tract 272.04; Pinellas County; Florida","94773","12723",
"1400000US12103027206","Census Tract 272.06; Pinellas County; Florida","98699","14590",
"1400000US12103027207","Census Tract 272.07; Pinellas County; Florida","89283","11481",
"1400000US12103027208","Census Tract 272.08; Pinellas County; Florida","104098","23648",
"1400000US12103027209","Census Tract 272.09; Pinellas County; Florida","57981","16659",
"1400000US12103027210","Census Tract 272.10; Pinellas County; Florida","70338","17983",
"1400000US12103027211","Census Tract 272.11; Pinellas County; Florida","95794","30368",
"1400000US12103027212","Census Tract 272.12; Pinellas County; Florida","67823","8659",
"1400000US12103027308","Census Tract 273.08; Pinellas County; Florida","71364","28480",
"1400000US12103027309","Census Tract 273.09; Pinellas County; Florida","129044","22730",
"1400000US12103027314","Census Tract 273.14; Pinellas County; Florida","82184","10220",
"1400000US12103027316","Census Tract 273.16; Pinellas County; Florida","78920","8915",
"1400000US12103027317","Census Tract 273.17; Pinellas County; Florida","79807","11425",
"1400000US12103027318","Census Tract 273.18; Pinellas County; Florida","68969","8991",
"1400000US12103027319","Census Tract 273.19; Pinellas County; Florida","71804","19715",
"1400000US12103027320","Census Tract 273.20; Pinellas County; Florida","104500","23147",
"1400000US12103027321","Census Tract 273.21; Pinellas County; Florida","126563","36316",
"1400000US12103027323","Census Tract 273.23; Pinellas County; Florida","83308","14105",
"1400000US12103027324","Census Tract 273.24; Pinellas County; Florida","85573","12266",
"1400000US12103027325","Census Tract 273.25; Pinellas County; Florida","129236","18866",
"1400000US12103027326","Census Tract 273.26; Pinellas County; Florida","74583","21348",
"1400000US12103027327","Census Tract 273.27; Pinellas County; Florida","92206","27406",
"1400000US12103027328","Census Tract 273.28; Pinellas County; Florida","164152","17958",
"1400000US12103027329","Census Tract 273.29; Pinellas County; Florida","117663","23579",
"1400000US12103027330","Census Tract 273.30; Pinellas County; Florida","50760","9451",
"1400000US12103027331","Census Tract 273.31; Pinellas County; Florida","57192","12576",
"1400000US12103027332","Census Tract 273.32; Pinellas County; Florida","78618","30515",
"1400000US12103027333","Census Tract 273.33; Pinellas County; Florida","64398","6248",
"1400000US12103027401","Census Tract 274.01; Pinellas County; Florida","87500","34249",
"1400000US12103027404","Census Tract 274.04; Pinellas County; Florida","53484","11591",
"1400000US12103027501","Census Tract 275.01; Pinellas County; Florida","99968","23348",
"1400000US12103027503","Census Tract 275.03; Pinellas County; Florida","96088","5442",
"1400000US12103027504","Census Tract 275.04; Pinellas County; Florida","78802","34598",
"1400000US12103027603","Census Tract 276.03; Pinellas County; Florida","86250","23605",
"1400000US12103027604","Census Tract 276.04; Pinellas County; Florida","117063","27040",
"1400000US12103027605","Census Tract 276.05; Pinellas County; Florida","163125","20944",
"1400000US12103027606","Census Tract 276.06; Pinellas County; Florida","105870","29217",
"1400000US12103027701","Census Tract 277.01; Pinellas County; Florida","104267","15929",
"1400000US12103027703","Census Tract 277.03; Pinellas County; Florida","114643","17067",
"1400000US12103027704","Census Tract 277.04; Pinellas County; Florida","102604","24734",
"1400000US12103027801","Census Tract 278.01; Pinellas County; Florida","69083","16420",
"1400000US12103027802","Census Tract 278.02; Pinellas County; Florida","81705","60584",
"1400000US12103027901","Census Tract 279.01; Pinellas County; Florida","77240","33532",
"1400000US12103027905","Census Tract 279.05; Pinellas County; Florida","89268","31636",
"1400000US12103028002","Census Tract 280.02; Pinellas County; Florida","132450","26522",
"1400000US12103028004","Census Tract 280.04; Pinellas County; Florida","115804","57713",
"1400000US12103028005","Census Tract 280.05; Pinellas County; Florida","103350","33269",
"1400000US12103028006","Census Tract 280.06; Pinellas County; Florida","96875","38331",
"1400000US12103028102","Census Tract 281.02; Pinellas County; Florida","91806","27665",
"1400000US12103028103","Census Tract 281.03; Pinellas County; Florida","54527","13328",
"1400000US12103028104","Census Tract 281.04; Pinellas County; Florida","54326","10222",
"1400000US12103028200","Census Tract 282; Pinellas County; Florida","80000","18925",
"1400000US12103028300","Census Tract 283; Pinellas County; Florida","67431","17131",
"1400000US12103028403","Census Tract 284.03; Pinellas County; Florida","56910","6317",
"1400000US12103028500","Census Tract 285; Pinellas County; Florida","71085","8356",
"1400000US12103028601","Census Tract 286.01; Pinellas County; Florida","60919","16067",
"1400000US12103028602","Census Tract 286.02; Pinellas County; Florida","86517","7140",
"1400000US12103028700","Census Tract 287; Pinellas County; Florida","60273","10229",
"1400000US12103990000","Census Tract 9900; Pinellas County; Florida","-","**",
"1400000US12103990100","Census Tract 9901; Pinellas County; Florida","-","**",
"1400000US12105010300","Census Tract 103; Polk County; Florida","72668","14422",
"1400000US12105010401","Census Tract 104.01; Polk County; Florida","59410","23060",
"1400000US12105010402","Census Tract 104.02; Polk County; Florida","70541","16079",
"1400000US12105010501","Census Tract 105.01; Polk County; Florida","106563","30148",
"1400000US12105010502","Census Tract 105.02; Polk County; Florida","95577","18877",
"1400000US12105010601","Census Tract 106.01; Polk County; Florida","78309","22354",
"1400000US12105010603","Census Tract 106.03; Polk County; Florida","116667","19649",
"1400000US12105010604","Census Tract 106.04; Polk County; Florida","87331","6829",
"1400000US12105010701","Census Tract 107.01; Polk County; Florida","56802","15580",
"1400000US12105010702","Census Tract 107.02; Polk County; Florida","66250","7854",
"1400000US12105010800","Census Tract 108; Polk County; Florida","51726","12875",
"1400000US12105010900","Census Tract 109; Polk County; Florida","38906","14318",
"1400000US12105011000","Census Tract 110; Polk County; Florida","34602","10875",
"1400000US12105011100","Census Tract 111; Polk County; Florida","47817","6297",
"1400000US12105011202","Census Tract 112.02; Polk County; Florida","44527","19622",
"1400000US12105011203","Census Tract 112.03; Polk County; Florida","34653","9871",
"1400000US12105011204","Census Tract 112.04; Polk County; Florida","-","**",
"1400000US12105011300","Census Tract 113; Polk County; Florida","51510","19366",
"1400000US12105011400","Census Tract 114; Polk County; Florida","61369","17447",
"1400000US12105011501","Census Tract 115.01; Polk County; Florida","40384","9183",
"1400000US12105011502","Census Tract 115.02; Polk County; Florida","70955","12998",
"1400000US12105011603","Census Tract 116.03; Polk County; Florida","61089","5106",
"1400000US12105011604","Census Tract 116.04; Polk County; Florida","55088","6704",
"1400000US12105011605","Census Tract 116.05; Polk County; Florida","79453","7323",
"1400000US12105011606","Census Tract 116.06; Polk County; Florida","74924","18928",
"1400000US12105011704","Census Tract 117.04; Polk County; Florida","37702","8441",
"1400000US12105011721","Census Tract 117.21; Polk County; Florida","60465","10409",
"1400000US12105011722","Census Tract 117.22; Polk County; Florida","48795","10158",
"1400000US12105011731","Census Tract 117.31; Polk County; Florida","49833","9842",
"1400000US12105011732","Census Tract 117.32; Polk County; Florida","51367","14159",
"1400000US12105011821","Census Tract 118.21; Polk County; Florida","125217","14367",
"1400000US12105011822","Census Tract 118.22; Polk County; Florida","105142","12710",
"1400000US12105011832","Census Tract 118.32; Polk County; Florida","78859","8732",
"1400000US12105011834","Census Tract 118.34; Polk County; Florida","87899","23513",
"1400000US12105011835","Census Tract 118.35; Polk County; Florida","108542","12400",
"1400000US12105011836","Census Tract 118.36; Polk County; Florida","93425","6170",
"1400000US12105011837","Census Tract 118.37; Polk County; Florida","126536","23854",
"1400000US12105011838","Census Tract 118.38; Polk County; Florida","105212","13783",
"1400000US12105011901","Census Tract 119.01; Polk County; Florida","47992","8643",
"1400000US12105011902","Census Tract 119.02; Polk County; Florida","53615","9406",
"1400000US12105011908","Census Tract 119.08; Polk County; Florida","70144","11945",
"1400000US12105011909","Census Tract 119.09; Polk County; Florida","114821","21861",
"1400000US12105011910","Census Tract 119.10; Polk County; Florida","79028","22026",
"1400000US12105011911","Census Tract 119.11; Polk County; Florida","110237","19678",
"1400000US12105011912","Census Tract 119.12; Polk County; Florida","79716","21654",
"1400000US12105011913","Census Tract 119.13; Polk County; Florida","63734","5781",
"1400000US12105012001","Census Tract 120.01; Polk County; Florida","75612","13413",
"1400000US12105012002","Census Tract 120.02; Polk County; Florida","33459","6738",
"1400000US12105012003","Census Tract 120.03; Polk County; Florida","55347","20723",
"1400000US12105012004","Census Tract 120.04; Polk County; Florida","87281","35927",
"1400000US12105012113","Census Tract 121.13; Polk County; Florida","81875","20821",
"1400000US12105012124","Census Tract 121.24; Polk County; Florida","57191","16062",
"1400000US12105012125","Census Tract 121.25; Polk County; Florida","60355","12810",
"1400000US12105012126","Census Tract 121.26; Polk County; Florida","68250","19193",
"1400000US12105012127","Census Tract 121.27; Polk County; Florida","69931","7948",
"1400000US12105012128","Census Tract 121.28; Polk County; Florida","77177","9278",
"1400000US12105012130","Census Tract 121.30; Polk County; Florida","74261","14255",
"1400000US12105012131","Census Tract 121.31; Polk County; Florida","58216","5165",
"1400000US12105012132","Census Tract 121.32; Polk County; Florida","79556","9270",
"1400000US12105012133","Census Tract 121.33; Polk County; Florida","66577","13452",
"1400000US12105012203","Census Tract 122.03; Polk County; Florida","80076","25753",
"1400000US12105012207","Census Tract 122.07; Polk County; Florida","55735","8772",
"1400000US12105012208","Census Tract 122.08; Polk County; Florida","44173","3912",
"1400000US12105012209","Census Tract 122.09; Polk County; Florida","72179","16262",
"1400000US12105012303","Census Tract 123.03; Polk County; Florida","76375","19293",
"1400000US12105012304","Census Tract 123.04; Polk County; Florida","109318","20981",
"1400000US12105012305","Census Tract 123.05; Polk County; Florida","55241","8700",
"1400000US12105012306","Census Tract 123.06; Polk County; Florida","87857","19881",
"1400000US12105012307","Census Tract 123.07; Polk County; Florida","62149","13085",
"1400000US12105012309","Census Tract 123.09; Polk County; Florida","68750","29253",
"1400000US12105012404","Census Tract 124.04; Polk County; Florida","54107","23944",
"1400000US12105012405","Census Tract 124.05; Polk County; Florida","71596","9322",
"1400000US12105012407","Census Tract 124.07; Polk County; Florida","74520","5639",
"1400000US12105012408","Census Tract 124.08; Polk County; Florida","104514","23835",
"1400000US12105012409","Census Tract 124.09; Polk County; Florida","75097","9034",
"1400000US12105012410","Census Tract 124.10; Polk County; Florida","65676","21654",
"1400000US12105012411","Census Tract 124.11; Polk County; Florida","78237","11951",
"1400000US12105012412","Census Tract 124.12; Polk County; Florida","65104","7855",
"1400000US12105012413","Census Tract 124.13; Polk County; Florida","87205","24742",
"1400000US12105012414","Census Tract 124.14; Polk County; Florida","53806","2873",
"1400000US12105012415","Census Tract 124.15; Polk County; Florida","75577","12721",
"1400000US12105012502","Census Tract 125.02; Polk County; Florida","90142","11863",
"1400000US12105012506","Census Tract 125.06; Polk County; Florida","80737","13816",
"1400000US12105012508","Census Tract 125.08; Polk County; Florida","64613","10769",
"1400000US12105012509","Census Tract 125.09; Polk County; Florida","73288","22819",
"1400000US12105012510","Census Tract 125.10; Polk County; Florida","47298","22393",
"1400000US12105012511","Census Tract 125.11; Polk County; Florida","67850","14866",
"1400000US12105012512","Census Tract 125.12; Polk County; Florida","87452","24103",
"1400000US12105012513","Census Tract 125.13; Polk County; Florida","74572","21995",
"1400000US12105012514","Census Tract 125.14; Polk County; Florida","85380","13601",
"1400000US12105012515","Census Tract 125.15; Polk County; Florida","72429","10747",
"1400000US12105012601","Census Tract 126.01; Polk County; Florida","55241","13637",
"1400000US12105012602","Census Tract 126.02; Polk County; Florida","49500","15315",
"1400000US12105012701","Census Tract 127.01; Polk County; Florida","53841","16105",
"1400000US12105012702","Census Tract 127.02; Polk County; Florida","50061","13099",
"1400000US12105012802","Census Tract 128.02; Polk County; Florida","81620","10075",
"1400000US12105012803","Census Tract 128.03; Polk County; Florida","50438","6744",
"1400000US12105012804","Census Tract 128.04; Polk County; Florida","61966","6856",
"1400000US12105012900","Census Tract 129; Polk County; Florida","67232","18778",
"1400000US12105013001","Census Tract 130.01; Polk County; Florida","88247","15273",
"1400000US12105013002","Census Tract 130.02; Polk County; Florida","51700","20516",
"1400000US12105013101","Census Tract 131.01; Polk County; Florida","108459","10634",
"1400000US12105013102","Census Tract 131.02; Polk County; Florida","56027","10789",
"1400000US12105013103","Census Tract 131.03; Polk County; Florida","62706","13455",
"1400000US12105013200","Census Tract 132; Polk County; Florida","41724","15341",
"1400000US12105013300","Census Tract 133; Polk County; Florida","35625","8945",
"1400000US12105013400","Census Tract 134; Polk County; Florida","46861","18063",
"1400000US12105013500","Census Tract 135; Polk County; Florida","64207","15311",
"1400000US12105013601","Census Tract 136.01; Polk County; Florida","52801","14780",
"1400000US12105013602","Census Tract 136.02; Polk County; Florida","44772","23280",
"1400000US12105013701","Census Tract 137.01; Polk County; Florida","26783","13120",
"1400000US12105013702","Census Tract 137.02; Polk County; Florida","49942","5407",
"1400000US12105013801","Census Tract 138.01; Polk County; Florida","51096","15316",
"1400000US12105013802","Census Tract 138.02; Polk County; Florida","50239","10925",
"1400000US12105013901","Census Tract 139.01; Polk County; Florida","43333","14520",
"1400000US12105013902","Census Tract 139.02; Polk County; Florida","77237","11432",
"1400000US12105014001","Census Tract 140.01; Polk County; Florida","65101","17899",
"1400000US12105014003","Census Tract 140.03; Polk County; Florida","60136","7015",
"1400000US12105014005","Census Tract 140.05; Polk County; Florida","85972","25063",
"1400000US12105014006","Census Tract 140.06; Polk County; Florida","93688","23736",
"1400000US12105014104","Census Tract 141.04; Polk County; Florida","60125","10367",
"1400000US12105014121","Census Tract 141.21; Polk County; Florida","66479","7461",
"1400000US12105014123","Census Tract 141.23; Polk County; Florida","70395","20573",
"1400000US12105014124","Census Tract 141.24; Polk County; Florida","51413","6836",
"1400000US12105014126","Census Tract 141.26; Polk County; Florida","68721","8757",
"1400000US12105014127","Census Tract 141.27; Polk County; Florida","65226","14441",
"1400000US12105014128","Census Tract 141.28; Polk County; Florida","61636","10702",
"1400000US12105014129","Census Tract 141.29; Polk County; Florida","63500","18612",
"1400000US12105014130","Census Tract 141.30; Polk County; Florida","55077","12115",
"1400000US12105014131","Census Tract 141.31; Polk County; Florida","45071","13483",
"1400000US12105014201","Census Tract 142.01; Polk County; Florida","50591","11781",
"1400000US12105014202","Census Tract 142.02; Polk County; Florida","84250","12783",
"1400000US12105014203","Census Tract 142.03; Polk County; Florida","40474","10729",
"1400000US12105014301","Census Tract 143.01; Polk County; Florida","29391","3567",
"1400000US12105014303","Census Tract 143.03; Polk County; Florida","73947","11193",
"1400000US12105014304","Census Tract 143.04; Polk County; Florida","46827","17445",
"1400000US12105014401","Census Tract 144.01; Polk County; Florida","64188","6230",
"1400000US12105014402","Census Tract 144.02; Polk County; Florida","34079","8383",
"1400000US12105014501","Census Tract 145.01; Polk County; Florida","66148","6899",
"1400000US12105014502","Census Tract 145.02; Polk County; Florida","45272","15420",
"1400000US12105014600","Census Tract 146; Polk County; Florida","82083","14551",
"1400000US12105014701","Census Tract 147.01; Polk County; Florida","65703","9034",
"1400000US12105014703","Census Tract 147.03; Polk County; Florida","77924","22815",
"1400000US12105014704","Census Tract 147.04; Polk County; Florida","63125","17508",
"1400000US12105014802","Census Tract 148.02; Polk County; Florida","49889","5469",
"1400000US12105014803","Census Tract 148.03; Polk County; Florida","106506","41867",
"1400000US12105014804","Census Tract 148.04; Polk County; Florida","104537","26216",
"1400000US12105014903","Census Tract 149.03; Polk County; Florida","76893","9696",
"1400000US12105014904","Census Tract 149.04; Polk County; Florida","64700","15238",
"1400000US12105014905","Census Tract 149.05; Polk County; Florida","73625","28535",
"1400000US12105014906","Census Tract 149.06; Polk County; Florida","83010","8472",
"1400000US12105015000","Census Tract 150; Polk County; Florida","64095","16499",
"1400000US12105015101","Census Tract 151.01; Polk County; Florida","66111","19722",
"1400000US12105015102","Census Tract 151.02; Polk County; Florida","82941","19399",
"1400000US12105015200","Census Tract 152; Polk County; Florida","45676","5981",
"1400000US12105015301","Census Tract 153.01; Polk County; Florida","40996","9817",
"1400000US12105015302","Census Tract 153.02; Polk County; Florida","74500","24687",
"1400000US12105015401","Census Tract 154.01; Polk County; Florida","47432","3747",
"1400000US12105015402","Census Tract 154.02; Polk County; Florida","73125","24464",
"1400000US12105015404","Census Tract 154.04; Polk County; Florida","61411","1600",
"1400000US12105015405","Census Tract 154.05; Polk County; Florida","55245","11112",
"1400000US12105015500","Census Tract 155; Polk County; Florida","36315","11086",
"1400000US12105015600","Census Tract 156; Polk County; Florida","42342","4123",
"1400000US12105015701","Census Tract 157.01; Polk County; Florida","51689","19849",
"1400000US12105015702","Census Tract 157.02; Polk County; Florida","46050","17872",
"1400000US12105015801","Census Tract 158.01; Polk County; Florida","53538","11935",
"1400000US12105015802","Census Tract 158.02; Polk County; Florida","44279","7817",
"1400000US12105015900","Census Tract 159; Polk County; Florida","70278","11412",
"1400000US12105016001","Census Tract 160.01; Polk County; Florida","38125","28255",
"1400000US12105016002","Census Tract 160.02; Polk County; Florida","45176","11305",
"1400000US12105016003","Census Tract 160.03; Polk County; Florida","36250","5352",
"1400000US12105016100","Census Tract 161; Polk County; Florida","34263","15384",
"1400000US12105016400","Census Tract 164; Polk County; Florida","45123","5052",
"1400000US12105980000","Census Tract 9800; Polk County; Florida","-","**",
"1400000US12107950100","Census Tract 9501; Putnam County; Florida","79500","22484",
"1400000US12107950201","Census Tract 9502.01; Putnam County; Florida","38543","3606",
"1400000US12107950202","Census Tract 9502.02; Putnam County; Florida","41125","22053",
"1400000US12107950300","Census Tract 9503; Putnam County; Florida","63811","6963",
"1400000US12107950400","Census Tract 9504; Putnam County; Florida","64722","30629",
"1400000US12107950500","Census Tract 9505; Putnam County; Florida","54732","27999",
"1400000US12107950600","Census Tract 9506; Putnam County; Florida","50608","12151",
"1400000US12107950700","Census Tract 9507; Putnam County; Florida","31534","7063",
"1400000US12107950800","Census Tract 9508; Putnam County; Florida","19308","2822",
"1400000US12107950900","Census Tract 9509; Putnam County; Florida","50504","9276",
"1400000US12107951000","Census Tract 9510; Putnam County; Florida","75982","7556",
"1400000US12107951100","Census Tract 9511; Putnam County; Florida","46349","6362",
"1400000US12107951200","Census Tract 9512; Putnam County; Florida","37043","6333",
"1400000US12107951300","Census Tract 9513; Putnam County; Florida","47986","12655",
"1400000US12107951401","Census Tract 9514.01; Putnam County; Florida","34543","3580",
"1400000US12107951402","Census Tract 9514.02; Putnam County; Florida","49731","9725",
"1400000US12107980000","Census Tract 9800; Putnam County; Florida","-","**",
"1400000US12109020200","Census Tract 202; St. Johns County; Florida","85690","30402",
"1400000US12109020300","Census Tract 203; St. Johns County; Florida","60541","9889",
"1400000US12109020400","Census Tract 204; St. Johns County; Florida","56607","39757",
"1400000US12109020500","Census Tract 205; St. Johns County; Florida","121220","11369",
"1400000US12109020603","Census Tract 206.03; St. Johns County; Florida","115294","35974",
"1400000US12109020604","Census Tract 206.04; St. Johns County; Florida","142361","41535",
"1400000US12109020605","Census Tract 206.05; St. Johns County; Florida","131584","26292",
"1400000US12109020606","Census Tract 206.06; St. Johns County; Florida","134440","22776",
"1400000US12109020704","Census Tract 207.04; St. Johns County; Florida","181023","38673",
"1400000US12109020705","Census Tract 207.05; St. Johns County; Florida","82938","18447",
"1400000US12109020706","Census Tract 207.06; St. Johns County; Florida","241250","35972",
"1400000US12109020707","Census Tract 207.07; St. Johns County; Florida","74211","12321",
"1400000US12109020708","Census Tract 207.08; St. Johns County; Florida","214196","21049",
"1400000US12109020710","Census Tract 207.10; St. Johns County; Florida","220250","25861",
"1400000US12109020712","Census Tract 207.12; St. Johns County; Florida","96676","26029",
"1400000US12109020713","Census Tract 207.13; St. Johns County; Florida","155139","62358",
"1400000US12109020801","Census Tract 208.01; St. Johns County; Florida","152529","21884",
"1400000US12109020802","Census Tract 208.02; St. Johns County; Florida","124883","15954",
"1400000US12109020803","Census Tract 208.03; St. Johns County; Florida","124375","30491",
"1400000US12109020804","Census Tract 208.04; St. Johns County; Florida","178023","18994",
"1400000US12109020807","Census Tract 208.07; St. Johns County; Florida","147632","21234",
"1400000US12109020808","Census Tract 208.08; St. Johns County; Florida","165938","14086",
"1400000US12109020809","Census Tract 208.09; St. Johns County; Florida","136118","29689",
"1400000US12109020810","Census Tract 208.10; St. Johns County; Florida","153571","20802",
"1400000US12109020811","Census Tract 208.11; St. Johns County; Florida","162667","19966",
"1400000US12109020903","Census Tract 209.03; St. Johns County; Florida","77308","9168",
"1400000US12109020904","Census Tract 209.04; St. Johns County; Florida","114219","17476",
"1400000US12109020905","Census Tract 209.05; St. Johns County; Florida","121607","37781",
"1400000US12109020906","Census Tract 209.06; St. Johns County; Florida","131442","31899",
"1400000US12109020907","Census Tract 209.07; St. Johns County; Florida","154693","13890",
"1400000US12109020908","Census Tract 209.08; St. Johns County; Florida","128547","12873",
"1400000US12109021002","Census Tract 210.02; St. Johns County; Florida","61687","15809",
"1400000US12109021003","Census Tract 210.03; St. Johns County; Florida","65481","10283",
"1400000US12109021004","Census Tract 210.04; St. Johns County; Florida","102583","11311",
"1400000US12109021101","Census Tract 211.01; St. Johns County; Florida","76040","25562",
"1400000US12109021102","Census Tract 211.02; St. Johns County; Florida","86832","29936",
"1400000US12109021103","Census Tract 211.03; St. Johns County; Florida","84797","20881",
"1400000US12109021207","Census Tract 212.07; St. Johns County; Florida","100156","6530",
"1400000US12109021208","Census Tract 212.08; St. Johns County; Florida","68875","12840",
"1400000US12109021209","Census Tract 212.09; St. Johns County; Florida","90139","27685",
"1400000US12109021210","Census Tract 212.10; St. Johns County; Florida","65729","14314",
"1400000US12109021211","Census Tract 212.11; St. Johns County; Florida","76020","3987",
"1400000US12109021301","Census Tract 213.01; St. Johns County; Florida","74273","8957",
"1400000US12109021302","Census Tract 213.02; St. Johns County; Florida","76122","10312",
"1400000US12109021403","Census Tract 214.03; St. Johns County; Florida","76310","20906",
"1400000US12109021404","Census Tract 214.04; St. Johns County; Florida","77656","23212",
"1400000US12109021408","Census Tract 214.08; St. Johns County; Florida","90508","23744",
"1400000US12109021409","Census Tract 214.09; St. Johns County; Florida","122614","16371",
"1400000US12109021410","Census Tract 214.10; St. Johns County; Florida","77623","20182",
"1400000US12109990100","Census Tract 9901; St. Johns County; Florida","-","**",
"1400000US12109990200","Census Tract 9902; St. Johns County; Florida","-","**",
"1400000US12111380100","Census Tract 3801; St. Lucie County; Florida","13983","4271",
"1400000US12111380200","Census Tract 3802; St. Lucie County; Florida","25069","5368",
"1400000US12111380300","Census Tract 3803; St. Lucie County; Florida","25140","6733",
"1400000US12111380400","Census Tract 3804; St. Lucie County; Florida","66693","21151",
"1400000US12111380500","Census Tract 3805; St. Lucie County; Florida","30569","8243",
"1400000US12111380600","Census Tract 3806; St. Lucie County; Florida","66302","13628",
"1400000US12111380700","Census Tract 3807; St. Lucie County; Florida","65027","9021",
"1400000US12111380800","Census Tract 3808; St. Lucie County; Florida","69271","10277",
"1400000US12111380901","Census Tract 3809.01; St. Lucie County; Florida","24384","20159",
"1400000US12111380902","Census Tract 3809.02; St. Lucie County; Florida","49028","13541",
"1400000US12111381000","Census Tract 3810; St. Lucie County; Florida","48984","15846",
"1400000US12111381103","Census Tract 3811.03; St. Lucie County; Florida","73125","23349",
"1400000US12111381104","Census Tract 3811.04; St. Lucie County; Florida","64107","37410",
"1400000US12111381105","Census Tract 3811.05; St. Lucie County; Florida","81914","17500",
"1400000US12111381106","Census Tract 3811.06; St. Lucie County; Florida","68127","5149",
"1400000US12111381107","Census Tract 3811.07; St. Lucie County; Florida","39012","11996",
"1400000US12111381204","Census Tract 3812.04; St. Lucie County; Florida","111176","19212",
"1400000US12111381300","Census Tract 3813; St. Lucie County; Florida","75887","35939",
"1400000US12111381401","Census Tract 3814.01; St. Lucie County; Florida","47329","8732",
"1400000US12111381402","Census Tract 3814.02; St. Lucie County; Florida","51592","14694",
"1400000US12111381504","Census Tract 3815.04; St. Lucie County; Florida","55391","21508",
"1400000US12111381505","Census Tract 3815.05; St. Lucie County; Florida","82146","24511",
"1400000US12111381506","Census Tract 3815.06; St. Lucie County; Florida","71935","22743",
"1400000US12111381507","Census Tract 3815.07; St. Lucie County; Florida","85135","53274",
"1400000US12111381508","Census Tract 3815.08; St. Lucie County; Florida","87992","22037",
"1400000US12111381602","Census Tract 3816.02; St. Lucie County; Florida","53266","9326",
"1400000US12111381603","Census Tract 3816.03; St. Lucie County; Florida","57917","13557",
"1400000US12111381604","Census Tract 3816.04; St. Lucie County; Florida","69420","28529",
"1400000US12111381605","Census Tract 3816.05; St. Lucie County; Florida","54003","13921",
"1400000US12111381701","Census Tract 3817.01; St. Lucie County; Florida","66679","7308",
"1400000US12111381702","Census Tract 3817.02; St. Lucie County; Florida","64429","9644",
"1400000US12111381802","Census Tract 3818.02; St. Lucie County; Florida","49031","8911",
"1400000US12111381803","Census Tract 3818.03; St. Lucie County; Florida","78750","14632",
"1400000US12111381804","Census Tract 3818.04; St. Lucie County; Florida","72700","16002",
"1400000US12111381900","Census Tract 3819; St. Lucie County; Florida","85114","16545",
"1400000US12111382007","Census Tract 3820.07; St. Lucie County; Florida","80741","8787",
"1400000US12111382008","Census Tract 3820.08; St. Lucie County; Florida","71032","8136",
"1400000US12111382009","Census Tract 3820.09; St. Lucie County; Florida","62946","22195",
"1400000US12111382010","Census Tract 3820.10; St. Lucie County; Florida","40577","4100",
"1400000US12111382011","Census Tract 3820.11; St. Lucie County; Florida","93324","23272",
"1400000US12111382012","Census Tract 3820.12; St. Lucie County; Florida","59583","17943",
"1400000US12111382013","Census Tract 3820.13; St. Lucie County; Florida","64938","13620",
"1400000US12111382014","Census Tract 3820.14; St. Lucie County; Florida","84755","13890",
"1400000US12111382015","Census Tract 3820.15; St. Lucie County; Florida","63764","16373",
"1400000US12111382016","Census Tract 3820.16; St. Lucie County; Florida","104864","16828",
"1400000US12111382110","Census Tract 3821.10; St. Lucie County; Florida","77679","16954",
"1400000US12111382112","Census Tract 3821.12; St. Lucie County; Florida","94400","20293",
"1400000US12111382114","Census Tract 3821.14; St. Lucie County; Florida","85172","8006",
"1400000US12111382115","Census Tract 3821.15; St. Lucie County; Florida","70529","34482",
"1400000US12111382116","Census Tract 3821.16; St. Lucie County; Florida","75291","28500",
"1400000US12111382117","Census Tract 3821.17; St. Lucie County; Florida","93543","16215",
"1400000US12111382118","Census Tract 3821.18; St. Lucie County; Florida","80553","11736",
"1400000US12111382119","Census Tract 3821.19; St. Lucie County; Florida","92416","9740",
"1400000US12111382120","Census Tract 3821.20; St. Lucie County; Florida","97253","9785",
"1400000US12111382121","Census Tract 3821.21; St. Lucie County; Florida","89803","21645",
"1400000US12111382122","Census Tract 3821.22; St. Lucie County; Florida","59004","16110",
"1400000US12111382123","Census Tract 3821.23; St. Lucie County; Florida","92198","16238",
"1400000US12111382124","Census Tract 3821.24; St. Lucie County; Florida","92661","11262",
"1400000US12111382125","Census Tract 3821.25; St. Lucie County; Florida","91175","19431",
"1400000US12111382126","Census Tract 3821.26; St. Lucie County; Florida","89849","16403",
"1400000US12111382127","Census Tract 3821.27; St. Lucie County; Florida","79539","11811",
"1400000US12111382128","Census Tract 3821.28; St. Lucie County; Florida","81891","37447",
"1400000US12111382129","Census Tract 3821.29; St. Lucie County; Florida","66519","8898",
"1400000US12111382130","Census Tract 3821.30; St. Lucie County; Florida","93194","15087",
"1400000US12111382201","Census Tract 3822.01; St. Lucie County; Florida","57708","9083",
"1400000US12111382202","Census Tract 3822.02; St. Lucie County; Florida","102298","15459",
"1400000US12111980000","Census Tract 9800; St. Lucie County; Florida","-","**",
"1400000US12111990000","Census Tract 9900; St. Lucie County; Florida","-","**",
"1400000US12113010100","Census Tract 101; Santa Rosa County; Florida","58617","11878",
"1400000US12113010200","Census Tract 102; Santa Rosa County; Florida","85885","10100",
"1400000US12113010301","Census Tract 103.01; Santa Rosa County; Florida","103509","14754",
"1400000US12113010302","Census Tract 103.02; Santa Rosa County; Florida","117049","19414",
"1400000US12113010303","Census Tract 103.03; Santa Rosa County; Florida","123697","12863",
"1400000US12113010400","Census Tract 104; Santa Rosa County; Florida","91312","19994",
"1400000US12113010503","Census Tract 105.03; Santa Rosa County; Florida","76937","7012",
"1400000US12113010504","Census Tract 105.04; Santa Rosa County; Florida","98037","11349",
"1400000US12113010505","Census Tract 105.05; Santa Rosa County; Florida","64048","12851",
"1400000US12113010506","Census Tract 105.06; Santa Rosa County; Florida","94792","29571",
"1400000US12113010601","Census Tract 106.01; Santa Rosa County; Florida","59375","15414",
"1400000US12113010602","Census Tract 106.02; Santa Rosa County; Florida","73047","12354",
"1400000US12113010704","Census Tract 107.04; Santa Rosa County; Florida","92270","15918",
"1400000US12113010705","Census Tract 107.05; Santa Rosa County; Florida","59544","19617",
"1400000US12113010707","Census Tract 107.07; Santa Rosa County; Florida","103466","20354",
"1400000US12113010708","Census Tract 107.08; Santa Rosa County; Florida","62935","16567",
"1400000US12113010709","Census Tract 107.09; Santa Rosa County; Florida","86863","11381",
"1400000US12113010710","Census Tract 107.10; Santa Rosa County; Florida","114375","20586",
"1400000US12113010711","Census Tract 107.11; Santa Rosa County; Florida","70294","17727",
"1400000US12113010712","Census Tract 107.12; Santa Rosa County; Florida","101809","23331",
"1400000US12113010802","Census Tract 108.02; Santa Rosa County; Florida","101726","7859",
"1400000US12113010808","Census Tract 108.08; Santa Rosa County; Florida","65037","15436",
"1400000US12113010809","Census Tract 108.09; Santa Rosa County; Florida","63250","12397",
"1400000US12113010812","Census Tract 108.12; Santa Rosa County; Florida","117092","24582",
"1400000US12113010813","Census Tract 108.13; Santa Rosa County; Florida","87818","10387",
"1400000US12113010814","Census Tract 108.14; Santa Rosa County; Florida","97133","21328",
"1400000US12113010820","Census Tract 108.20; Santa Rosa County; Florida","131092","29721",
"1400000US12113010821","Census Tract 108.21; Santa Rosa County; Florida","83904","10810",
"1400000US12113010822","Census Tract 108.22; Santa Rosa County; Florida","127594","36710",
"1400000US12113010823","Census Tract 108.23; Santa Rosa County; Florida","95461","11094",
"1400000US12113010824","Census Tract 108.24; Santa Rosa County; Florida","123092","22791",
"1400000US12113010825","Census Tract 108.25; Santa Rosa County; Florida","115938","32125",
"1400000US12113010826","Census Tract 108.26; Santa Rosa County; Florida","72939","5844",
"1400000US12113010827","Census Tract 108.27; Santa Rosa County; Florida","97963","17293",
"1400000US12113010828","Census Tract 108.28; Santa Rosa County; Florida","127775","35276",
"1400000US12113010900","Census Tract 109; Santa Rosa County; Florida","104050","18756",
"1400000US12113990000","Census Tract 9900; Santa Rosa County; Florida","-","**",
"1400000US12115000102","Census Tract 1.02; Sarasota County; Florida","68125","22756",
"1400000US12115000103","Census Tract 1.03; Sarasota County; Florida","83125","7376",
"1400000US12115000104","Census Tract 1.04; Sarasota County; Florida","107174","39843",
"1400000US12115000200","Census Tract 2; Sarasota County; Florida","62600","20939",
"1400000US12115000300","Census Tract 3; Sarasota County; Florida","36359","8142",
"1400000US12115000401","Census Tract 4.01; Sarasota County; Florida","67708","18251",
"1400000US12115000404","Census Tract 4.04; Sarasota County; Florida","54444","8156",
"1400000US12115000405","Census Tract 4.05; Sarasota County; Florida","68500","26434",
"1400000US12115000406","Census Tract 4.06; Sarasota County; Florida","51000","13142",
"1400000US12115000407","Census Tract 4.07; Sarasota County; Florida","70532","13416",
"1400000US12115000501","Census Tract 5.01; Sarasota County; Florida","110926","20883",
"1400000US12115000502","Census Tract 5.02; Sarasota County; Florida","72903","10802",
"1400000US12115000503","Census Tract 5.03; Sarasota County; Florida","51719","17925",
"1400000US12115000601","Census Tract 6.01; Sarasota County; Florida","130852","57246",
"1400000US12115000602","Census Tract 6.02; Sarasota County; Florida","81176","13935",
"1400000US12115000700","Census Tract 7; Sarasota County; Florida","204688","90124",
"1400000US12115000801","Census Tract 8.01; Sarasota County; Florida","166103","18488",
"1400000US12115000802","Census Tract 8.02; Sarasota County; Florida","198056","35897",
"1400000US12115000900","Census Tract 9; Sarasota County; Florida","93086","29743",
"1400000US12115001000","Census Tract 10; Sarasota County; Florida","49643","10166",
"1400000US12115001101","Census Tract 11.01; Sarasota County; Florida","60083","19548",
"1400000US12115001102","Census Tract 11.02; Sarasota County; Florida","75444","18120",
"1400000US12115001202","Census Tract 12.02; Sarasota County; Florida","89653","17684",
"1400000US12115001203","Census Tract 12.03; Sarasota County; Florida","71434","15789",
"1400000US12115001204","Census Tract 12.04; Sarasota County; Florida","79623","8135",
"1400000US12115001205","Census Tract 12.05; Sarasota County; Florida","89787","16676",
"1400000US12115001206","Census Tract 12.06; Sarasota County; Florida","81000","13110",
"1400000US12115001301","Census Tract 13.01; Sarasota County; Florida","96186","21345",
"1400000US12115001302","Census Tract 13.02; Sarasota County; Florida","65146","9228",
"1400000US12115001303","Census Tract 13.03; Sarasota County; Florida","80664","30553",
"1400000US12115001304","Census Tract 13.04; Sarasota County; Florida","89583","12775",
"1400000US12115001402","Census Tract 14.02; Sarasota County; Florida","106016","15503",
"1400000US12115001403","Census Tract 14.03; Sarasota County; Florida","110842","20143",
"1400000US12115001404","Census Tract 14.04; Sarasota County; Florida","95733","28367",
"1400000US12115001405","Census Tract 14.05; Sarasota County; Florida","136345","21576",
"1400000US12115001503","Census Tract 15.03; Sarasota County; Florida","88690","14964",
"1400000US12115001504","Census Tract 15.04; Sarasota County; Florida","87321","22248",
"1400000US12115001505","Census Tract 15.05; Sarasota County; Florida","101875","20088",
"1400000US12115001508","Census Tract 15.08; Sarasota County; Florida","74269","19015",
"1400000US12115001509","Census Tract 15.09; Sarasota County; Florida","77891","25138",
"1400000US12115001510","Census Tract 15.10; Sarasota County; Florida","76820","14015",
"1400000US12115001511","Census Tract 15.11; Sarasota County; Florida","72258","13398",
"1400000US12115001601","Census Tract 16.01; Sarasota County; Florida","83146","7584",
"1400000US12115001602","Census Tract 16.02; Sarasota County; Florida","73490","21724",
"1400000US12115001702","Census Tract 17.02; Sarasota County; Florida","73780","16848",
"1400000US12115001703","Census Tract 17.03; Sarasota County; Florida","59745","13188",
"1400000US12115001704","Census Tract 17.04; Sarasota County; Florida","70814","7058",
"1400000US12115001801","Census Tract 18.01; Sarasota County; Florida","115591","11993",
"1400000US12115001803","Census Tract 18.03; Sarasota County; Florida","71076","16313",
"1400000US12115001804","Census Tract 18.04; Sarasota County; Florida","60825","19652",
"1400000US12115001805","Census Tract 18.05; Sarasota County; Florida","69737","16611",
"1400000US12115001903","Census Tract 19.03; Sarasota County; Florida","154202","19574",
"1400000US12115001904","Census Tract 19.04; Sarasota County; Florida","115417","27094",
"1400000US12115001905","Census Tract 19.05; Sarasota County; Florida","109821","29928",
"1400000US12115001909","Census Tract 19.09; Sarasota County; Florida","108369","16961",
"1400000US12115002003","Census Tract 20.03; Sarasota County; Florida","57905","24390",
"1400000US12115002004","Census Tract 20.04; Sarasota County; Florida","63287","20512",
"1400000US12115002007","Census Tract 20.07; Sarasota County; Florida","69602","19585",
"1400000US12115002008","Census Tract 20.08; Sarasota County; Florida","79185","25063",
"1400000US12115002011","Census Tract 20.11; Sarasota County; Florida","59229","7530",
"1400000US12115002012","Census Tract 20.12; Sarasota County; Florida","88987","2904",
"1400000US12115002013","Census Tract 20.13; Sarasota County; Florida","88750","13526",
"1400000US12115002014","Census Tract 20.14; Sarasota County; Florida","130680","25785",
"1400000US12115002015","Census Tract 20.15; Sarasota County; Florida","97601","22064",
"1400000US12115002016","Census Tract 20.16; Sarasota County; Florida","107436","22366",
"1400000US12115002101","Census Tract 21.01; Sarasota County; Florida","116118","19624",
"1400000US12115002102","Census Tract 21.02; Sarasota County; Florida","93594","25634",
"1400000US12115002201","Census Tract 22.01; Sarasota County; Florida","69120","10982",
"1400000US12115002203","Census Tract 22.03; Sarasota County; Florida","60530","11619",
"1400000US12115002204","Census Tract 22.04; Sarasota County; Florida","113986","4748",
"1400000US12115002205","Census Tract 22.05; Sarasota County; Florida","97434","25650",
"1400000US12115002302","Census Tract 23.02; Sarasota County; Florida","60139","12315",
"1400000US12115002304","Census Tract 23.04; Sarasota County; Florida","72391","30062",
"1400000US12115002305","Census Tract 23.05; Sarasota County; Florida","60063","8998",
"1400000US12115002306","Census Tract 23.06; Sarasota County; Florida","85758","9122",
"1400000US12115002307","Census Tract 23.07; Sarasota County; Florida","70139","22486",
"1400000US12115002401","Census Tract 24.01; Sarasota County; Florida","70795","27928",
"1400000US12115002403","Census Tract 24.03; Sarasota County; Florida","58409","13219",
"1400000US12115002404","Census Tract 24.04; Sarasota County; Florida","72849","12193",
"1400000US12115002504","Census Tract 25.04; Sarasota County; Florida","70870","20751",
"1400000US12115002505","Census Tract 25.05; Sarasota County; Florida","78056","23280",
"1400000US12115002507","Census Tract 25.07; Sarasota County; Florida","80163","12588",
"1400000US12115002508","Census Tract 25.08; Sarasota County; Florida","62095","7695",
"1400000US12115002509","Census Tract 25.09; Sarasota County; Florida","79844","25400",
"1400000US12115002510","Census Tract 25.10; Sarasota County; Florida","81316","16807",
"1400000US12115002511","Census Tract 25.11; Sarasota County; Florida","83510","24053",
"1400000US12115002601","Census Tract 26.01; Sarasota County; Florida","85868","10147",
"1400000US12115002602","Census Tract 26.02; Sarasota County; Florida","83083","11755",
"1400000US12115002603","Census Tract 26.03; Sarasota County; Florida","64375","20971",
"1400000US12115002604","Census Tract 26.04; Sarasota County; Florida","56789","6121",
"1400000US12115002605","Census Tract 26.05; Sarasota County; Florida","66204","12596",
"1400000US12115002710","Census Tract 27.10; Sarasota County; Florida","54688","18344",
"1400000US12115002714","Census Tract 27.14; Sarasota County; Florida","100546","19088",
"1400000US12115002716","Census Tract 27.16; Sarasota County; Florida","84180","10009",
"1400000US12115002720","Census Tract 27.20; Sarasota County; Florida","89591","11018",
"1400000US12115002721","Census Tract 27.21; Sarasota County; Florida","54245","14377",
"1400000US12115002723","Census Tract 27.23; Sarasota County; Florida","52429","11831",
"1400000US12115002724","Census Tract 27.24; Sarasota County; Florida","64821","9700",
"1400000US12115002725","Census Tract 27.25; Sarasota County; Florida","129460","18341",
"1400000US12115002726","Census Tract 27.26; Sarasota County; Florida","106900","15188",
"1400000US12115002727","Census Tract 27.27; Sarasota County; Florida","166894","21274",
"1400000US12115002728","Census Tract 27.28; Sarasota County; Florida","109063","25199",
"1400000US12115002729","Census Tract 27.29; Sarasota County; Florida","59602","13506",
"1400000US12115002730","Census Tract 27.30; Sarasota County; Florida","74764","6226",
"1400000US12115002731","Census Tract 27.31; Sarasota County; Florida","101747","9308",
"1400000US12115002732","Census Tract 27.32; Sarasota County; Florida","79637","17477",
"1400000US12115002733","Census Tract 27.33; Sarasota County; Florida","96722","8755",
"1400000US12115002734","Census Tract 27.34; Sarasota County; Florida","114278","10473",
"1400000US12115002735","Census Tract 27.35; Sarasota County; Florida","72841","15523",
"1400000US12115002736","Census Tract 27.36; Sarasota County; Florida","80285","28955",
"1400000US12115002737","Census Tract 27.37; Sarasota County; Florida","85199","20874",
"1400000US12115002738","Census Tract 27.38; Sarasota County; Florida","95879","9197",
"1400000US12115002739","Census Tract 27.39; Sarasota County; Florida","53158","11401",
"1400000US12115002740","Census Tract 27.40; Sarasota County; Florida","69508","11693",
"1400000US12115002741","Census Tract 27.41; Sarasota County; Florida","90406","6481",
"1400000US12115002742","Census Tract 27.42; Sarasota County; Florida","77513","11743",
"1400000US12115002743","Census Tract 27.43; Sarasota County; Florida","77047","23757",
"1400000US12115002744","Census Tract 27.44; Sarasota County; Florida","111162","19226",
"1400000US12115002745","Census Tract 27.45; Sarasota County; Florida","72468","17380",
"1400000US12115002746","Census Tract 27.46; Sarasota County; Florida","84632","22822",
"1400000US12115002747","Census Tract 27.47; Sarasota County; Florida","107875","7523",
"1400000US12115002748","Census Tract 27.48; Sarasota County; Florida","83411","11358",
"1400000US12115990000","Census Tract 9900; Sarasota County; Florida","-","**",
"1400000US12117020101","Census Tract 201.01; Seminole County; Florida","35797","11120",
"1400000US12117020102","Census Tract 201.02; Seminole County; Florida","68125","22141",
"1400000US12117020201","Census Tract 202.01; Seminole County; Florida","78676","25863",
"1400000US12117020202","Census Tract 202.02; Seminole County; Florida","69227","11382",
"1400000US12117020301","Census Tract 203.01; Seminole County; Florida","68214","14622",
"1400000US12117020302","Census Tract 203.02; Seminole County; Florida","55436","10776",
"1400000US12117020401","Census Tract 204.01; Seminole County; Florida","54489","37419",
"1400000US12117020402","Census Tract 204.02; Seminole County; Florida","81750","26434",
"1400000US12117020500","Census Tract 205; Seminole County; Florida","40781","7888",
"1400000US12117020601","Census Tract 206.01; Seminole County; Florida","70182","17007",
"1400000US12117020602","Census Tract 206.02; Seminole County; Florida","84755","20571",
"1400000US12117020703","Census Tract 207.03; Seminole County; Florida","250,000+","***",
"1400000US12117020704","Census Tract 207.04; Seminole County; Florida","116250","27711",
"1400000US12117020705","Census Tract 207.05; Seminole County; Florida","132471","26602",
"1400000US12117020706","Census Tract 207.06; Seminole County; Florida","94804","22683",
"1400000US12117020707","Census Tract 207.07; Seminole County; Florida","159273","8406",
"1400000US12117020803","Census Tract 208.03; Seminole County; Florida","127050","24054",
"1400000US12117020805","Census Tract 208.05; Seminole County; Florida","120406","15557",
"1400000US12117020806","Census Tract 208.06; Seminole County; Florida","83029","17708",
"1400000US12117020807","Census Tract 208.07; Seminole County; Florida","70491","9543",
"1400000US12117020808","Census Tract 208.08; Seminole County; Florida","120053","13344",
"1400000US12117020810","Census Tract 208.10; Seminole County; Florida","85980","25360",
"1400000US12117020811","Census Tract 208.11; Seminole County; Florida","92310","15372",
"1400000US12117020812","Census Tract 208.12; Seminole County; Florida","62278","14305",
"1400000US12117020901","Census Tract 209.01; Seminole County; Florida","40238","15120",
"1400000US12117020902","Census Tract 209.02; Seminole County; Florida","45827","9865",
"1400000US12117020904","Census Tract 209.04; Seminole County; Florida","65880","9851",
"1400000US12117020905","Census Tract 209.05; Seminole County; Florida","80975","7440",
"1400000US12117021000","Census Tract 210; Seminole County; Florida","125839","17927",
"1400000US12117021100","Census Tract 211; Seminole County; Florida","96302","15452",
"1400000US12117021201","Census Tract 212.01; Seminole County; Florida","124097","31137",
"1400000US12117021203","Census Tract 212.03; Seminole County; Florida","150852","10518",
"1400000US12117021205","Census Tract 212.05; Seminole County; Florida","123269","28342",
"1400000US12117021206","Census Tract 212.06; Seminole County; Florida","154492","14757",
"1400000US12117021306","Census Tract 213.06; Seminole County; Florida","98008","20127",
"1400000US12117021307","Census Tract 213.07; Seminole County; Florida","137500","22370",
"1400000US12117021311","Census Tract 213.11; Seminole County; Florida","125095","10301",
"1400000US12117021312","Census Tract 213.12; Seminole County; Florida","83789","48950",
"1400000US12117021313","Census Tract 213.13; Seminole County; Florida","114625","41295",
"1400000US12117021314","Census Tract 213.14; Seminole County; Florida","91199","9071",
"1400000US12117021315","Census Tract 213.15; Seminole County; Florida","73906","12179",
"1400000US12117021316","Census Tract 213.16; Seminole County; Florida","152045","20361",
"1400000US12117021317","Census Tract 213.17; Seminole County; Florida","113641","24601",
"1400000US12117021318","Census Tract 213.18; Seminole County; Florida","77411","20945",
"1400000US12117021319","Census Tract 213.19; Seminole County; Florida","108015","9520",
"1400000US12117021320","Census Tract 213.20; Seminole County; Florida","105650","7191",
"1400000US12117021321","Census Tract 213.21; Seminole County; Florida","89010","16750",
"1400000US12117021401","Census Tract 214.01; Seminole County; Florida","70430","16426",
"1400000US12117021403","Census Tract 214.03; Seminole County; Florida","115464","14552",
"1400000US12117021404","Census Tract 214.04; Seminole County; Florida","86813","12338",
"1400000US12117021504","Census Tract 215.04; Seminole County; Florida","115208","28460",
"1400000US12117021505","Census Tract 215.05; Seminole County; Florida","100106","20460",
"1400000US12117021506","Census Tract 215.06; Seminole County; Florida","98125","26384",
"1400000US12117021507","Census Tract 215.07; Seminole County; Florida","72216","11877",
"1400000US12117021604","Census Tract 216.04; Seminole County; Florida","128895","15926",
"1400000US12117021606","Census Tract 216.06; Seminole County; Florida","77448","11704",
"1400000US12117021608","Census Tract 216.08; Seminole County; Florida","67555","14311",
"1400000US12117021609","Census Tract 216.09; Seminole County; Florida","133438","24746",
"1400000US12117021611","Census Tract 216.11; Seminole County; Florida","117396","22482",
"1400000US12117021612","Census Tract 216.12; Seminole County; Florida","135515","37811",
"1400000US12117021613","Census Tract 216.13; Seminole County; Florida","56478","4536",
"1400000US12117021614","Census Tract 216.14; Seminole County; Florida","101843","9712",
"1400000US12117021617","Census Tract 216.17; Seminole County; Florida","87738","20141",
"1400000US12117021704","Census Tract 217.04; Seminole County; Florida","85179","30875",
"1400000US12117021705","Census Tract 217.05; Seminole County; Florida","60515","22884",
"1400000US12117021706","Census Tract 217.06; Seminole County; Florida","70557","11664",
"1400000US12117021707","Census Tract 217.07; Seminole County; Florida","65446","9431",
"1400000US12117021708","Census Tract 217.08; Seminole County; Florida","86523","8758",
"1400000US12117021802","Census Tract 218.02; Seminole County; Florida","61194","9439",
"1400000US12117021803","Census Tract 218.03; Seminole County; Florida","70291","18402",
"1400000US12117021805","Census Tract 218.05; Seminole County; Florida","97583","19311",
"1400000US12117021806","Census Tract 218.06; Seminole County; Florida","57188","14084",
"1400000US12117021901","Census Tract 219.01; Seminole County; Florida","61086","10910",
"1400000US12117021902","Census Tract 219.02; Seminole County; Florida","58520","7852",
"1400000US12117022001","Census Tract 220.01; Seminole County; Florida","58864","16785",
"1400000US12117022002","Census Tract 220.02; Seminole County; Florida","78845","8461",
"1400000US12117022004","Census Tract 220.04; Seminole County; Florida","63036","10570",
"1400000US12117022006","Census Tract 220.06; Seminole County; Florida","64190","23634",
"1400000US12117022007","Census Tract 220.07; Seminole County; Florida","70875","36003",
"1400000US12117022101","Census Tract 221.01; Seminole County; Florida","54897","5758",
"1400000US12117022104","Census Tract 221.04; Seminole County; Florida","63469","9742",
"1400000US12117022105","Census Tract 221.05; Seminole County; Florida","94821","11701",
"1400000US12117022106","Census Tract 221.06; Seminole County; Florida","77961","13819",
"1400000US12117022201","Census Tract 222.01; Seminole County; Florida","70082","11535",
"1400000US12117022205","Census Tract 222.05; Seminole County; Florida","93382","15115",
"1400000US12117022206","Census Tract 222.06; Seminole County; Florida","83700","17977",
"1400000US12117022207","Census Tract 222.07; Seminole County; Florida","85789","23598",
"1400000US12117022208","Census Tract 222.08; Seminole County; Florida","71125","15006",
"1400000US12117022209","Census Tract 222.09; Seminole County; Florida","87539","15817",
"1400000US12119910100","Census Tract 9101; Sumter County; Florida","82983","15158",
"1400000US12119910300","Census Tract 9103; Sumter County; Florida","87422","6720",
"1400000US12119910401","Census Tract 9104.01; Sumter County; Florida","47054","5283",
"1400000US12119910402","Census Tract 9104.02; Sumter County; Florida","55934","14228",
"1400000US12119910500","Census Tract 9105; Sumter County; Florida","81232","9555",
"1400000US12119910601","Census Tract 9106.01; Sumter County; Florida","52813","13852",
"1400000US12119910602","Census Tract 9106.02; Sumter County; Florida","55758","22125",
"1400000US12119910701","Census Tract 9107.01; Sumter County; Florida","54671","9657",
"1400000US12119910702","Census Tract 9107.02; Sumter County; Florida","85739","26202",
"1400000US12119910800","Census Tract 9108; Sumter County; Florida","66250","10687",
"1400000US12119911000","Census Tract 9110; Sumter County; Florida","161371","15218",
"1400000US12119911201","Census Tract 9112.01; Sumter County; Florida","88231","19399",
"1400000US12119911202","Census Tract 9112.02; Sumter County; Florida","89450","15617",
"1400000US12119911203","Census Tract 9112.03; Sumter County; Florida","70724","18910",
"1400000US12119911204","Census Tract 9112.04; Sumter County; Florida","79300","16454",
"1400000US12119911205","Census Tract 9112.05; Sumter County; Florida","82875","15023",
"1400000US12119911206","Census Tract 9112.06; Sumter County; Florida","84673","18495",
"1400000US12119911207","Census Tract 9112.07; Sumter County; Florida","68183","18426",
"1400000US12119911301","Census Tract 9113.01; Sumter County; Florida","60484","5593",
"1400000US12119911302","Census Tract 9113.02; Sumter County; Florida","50156","20936",
"1400000US12119911401","Census Tract 9114.01; Sumter County; Florida","97128","10382",
"1400000US12119911402","Census Tract 9114.02; Sumter County; Florida","96376","10041",
"1400000US12119911500","Census Tract 9115; Sumter County; Florida","59094","15670",
"1400000US12119911702","Census Tract 9117.02; Sumter County; Florida","58630","9864",
"1400000US12119911703","Census Tract 9117.03; Sumter County; Florida","60560","17834",
"1400000US12119911704","Census Tract 9117.04; Sumter County; Florida","80037","14565",
"1400000US12119980000","Census Tract 9800; Sumter County; Florida","-","**",
"1400000US12119980100","Census Tract 9801; Sumter County; Florida","-","**",
"1400000US12121970100","Census Tract 9701; Suwannee County; Florida","62306","14762",
"1400000US12121970200","Census Tract 9702; Suwannee County; Florida","56865","12590",
"1400000US12121970301","Census Tract 9703.01; Suwannee County; Florida","40893","13242",
"1400000US12121970303","Census Tract 9703.03; Suwannee County; Florida","29709","13687",
"1400000US12121970304","Census Tract 9703.04; Suwannee County; Florida","44282","11512",
"1400000US12121970401","Census Tract 9704.01; Suwannee County; Florida","65208","22233",
"1400000US12121970402","Census Tract 9704.02; Suwannee County; Florida","59457","9693",
"1400000US12121970501","Census Tract 9705.01; Suwannee County; Florida","64496","6933",
"1400000US12121970502","Census Tract 9705.02; Suwannee County; Florida","72192","12353",
"1400000US12121970601","Census Tract 9706.01; Suwannee County; Florida","52868","16914",
"1400000US12121970602","Census Tract 9706.02; Suwannee County; Florida","63194","19143",
"1400000US12123950100","Census Tract 9501; Taylor County; Florida","57656","34561",
"1400000US12123950201","Census Tract 9502.01; Taylor County; Florida","42549","15663",
"1400000US12123950202","Census Tract 9502.02; Taylor County; Florida","38220","12724",
"1400000US12123950301","Census Tract 9503.01; Taylor County; Florida","40694","15903",
"1400000US12123950302","Census Tract 9503.02; Taylor County; Florida","54080","11396",
"1400000US12123950401","Census Tract 9504.01; Taylor County; Florida","56373","6511",
"1400000US12123950402","Census Tract 9504.02; Taylor County; Florida","50521","14206",
"1400000US12123990000","Census Tract 9900; Taylor County; Florida","-","**",
"1400000US12125960100","Census Tract 9601; Union County; Florida","53750","20172",
"1400000US12125960201","Census Tract 9602.01; Union County; Florida","57656","10504",
"1400000US12125960202","Census Tract 9602.02; Union County; Florida","67656","16366",
"1400000US12125960300","Census Tract 9603; Union County; Florida","68650","8565",
"1400000US12127080101","Census Tract 801.01; Volusia County; Florida","87835","15659",
"1400000US12127080102","Census Tract 801.02; Volusia County; Florida","102534","31880",
"1400000US12127080201","Census Tract 802.01; Volusia County; Florida","79923","8757",
"1400000US12127080202","Census Tract 802.02; Volusia County; Florida","81080","17890",
"1400000US12127080300","Census Tract 803; Volusia County; Florida","76375","15065",
"1400000US12127080400","Census Tract 804; Volusia County; Florida","90750","25108",
"1400000US12127080500","Census Tract 805; Volusia County; Florida","73769","11835",
"1400000US12127080600","Census Tract 806; Volusia County; Florida","49129","18746",
"1400000US12127080700","Census Tract 807; Volusia County; Florida","79129","16064",
"1400000US12127080803","Census Tract 808.03; Volusia County; Florida","58631","18275",
"1400000US12127080805","Census Tract 808.05; Volusia County; Florida","53261","9282",
"1400000US12127080806","Census Tract 808.06; Volusia County; Florida","69392","16876",
"1400000US12127080807","Census Tract 808.07; Volusia County; Florida","56235","4987",
"1400000US12127080808","Census Tract 808.08; Volusia County; Florida","69397","12865",
"1400000US12127080809","Census Tract 808.09; Volusia County; Florida","48073","27757",
"1400000US12127080901","Census Tract 809.01; Volusia County; Florida","58486","15343",
"1400000US12127080902","Census Tract 809.02; Volusia County; Florida","69861","15106",
"1400000US12127081001","Census Tract 810.01; Volusia County; Florida","43039","8722",
"1400000US12127081002","Census Tract 810.02; Volusia County; Florida","40116","7460",
"1400000US12127081101","Census Tract 811.01; Volusia County; Florida","53824","19673",
"1400000US12127081102","Census Tract 811.02; Volusia County; Florida","66154","5479",
"1400000US12127081201","Census Tract 812.01; Volusia County; Florida","51549","6296",
"1400000US12127081202","Census Tract 812.02; Volusia County; Florida","49328","5071",
"1400000US12127081300","Census Tract 813; Volusia County; Florida","41389","10986",
"1400000US12127081500","Census Tract 815; Volusia County; Florida","32666","9315",
"1400000US12127081600","Census Tract 816; Volusia County; Florida","44242","9955",
"1400000US12127081701","Census Tract 817.01; Volusia County; Florida","40962","17366",
"1400000US12127081702","Census Tract 817.02; Volusia County; Florida","48238","3835",
"1400000US12127081800","Census Tract 818; Volusia County; Florida","42148","5465",
"1400000US12127081900","Census Tract 819; Volusia County; Florida","40217","28878",
"1400000US12127082000","Census Tract 820; Volusia County; Florida","19762","9162",
"1400000US12127082100","Census Tract 821; Volusia County; Florida","32420","5083",
"1400000US12127082201","Census Tract 822.01; Volusia County; Florida","52854","17701",
"1400000US12127082202","Census Tract 822.02; Volusia County; Florida","86888","10269",
"1400000US12127082302","Census Tract 823.02; Volusia County; Florida","50776","6608",
"1400000US12127082303","Census Tract 823.03; Volusia County; Florida","47550","9844",
"1400000US12127082401","Census Tract 824.01; Volusia County; Florida","47865","8643",
"1400000US12127082404","Census Tract 824.04; Volusia County; Florida","57026","6658",
"1400000US12127082405","Census Tract 824.05; Volusia County; Florida","62500","13069",
"1400000US12127082406","Census Tract 824.06; Volusia County; Florida","58315","9477",
"1400000US12127082410","Census Tract 824.10; Volusia County; Florida","79893","10687",
"1400000US12127082411","Census Tract 824.11; Volusia County; Florida","71422","13492",
"1400000US12127082412","Census Tract 824.12; Volusia County; Florida","61250","14025",
"1400000US12127082413","Census Tract 824.13; Volusia County; Florida","87500","15895",
"1400000US12127082414","Census Tract 824.14; Volusia County; Florida","50104","11531",
"1400000US12127082415","Census Tract 824.15; Volusia County; Florida","50114","8313",
"1400000US12127082503","Census Tract 825.03; Volusia County; Florida","54500","9962",
"1400000US12127082506","Census Tract 825.06; Volusia County; Florida","65208","13302",
"1400000US12127082508","Census Tract 825.08; Volusia County; Florida","103027","9840",
"1400000US12127082509","Census Tract 825.09; Volusia County; Florida","99342","7458",
"1400000US12127082510","Census Tract 825.10; Volusia County; Florida","48750","6796",
"1400000US12127082511","Census Tract 825.11; Volusia County; Florida","32778","14206",
"1400000US12127082512","Census Tract 825.12; Volusia County; Florida","81917","28512",
"1400000US12127082513","Census Tract 825.13; Volusia County; Florida","55112","24368",
"1400000US12127082604","Census Tract 826.04; Volusia County; Florida","58033","15485",
"1400000US12127082605","Census Tract 826.05; Volusia County; Florida","83370","9877",
"1400000US12127082606","Census Tract 826.06; Volusia County; Florida","102200","20983",
"1400000US12127082607","Census Tract 826.07; Volusia County; Florida","73712","2697",
"1400000US12127082701","Census Tract 827.01; Volusia County; Florida","113514","20727",
"1400000US12127082703","Census Tract 827.03; Volusia County; Florida","110909","30024",
"1400000US12127082704","Census Tract 827.04; Volusia County; Florida","109297","9707",
"1400000US12127082705","Census Tract 827.05; Volusia County; Florida","116771","40459",
"1400000US12127082801","Census Tract 828.01; Volusia County; Florida","48889","11791",
"1400000US12127082802","Census Tract 828.02; Volusia County; Florida","69676","21006",
"1400000US12127082902","Census Tract 829.02; Volusia County; Florida","69517","10372",
"1400000US12127082903","Census Tract 829.03; Volusia County; Florida","75882","12916",
"1400000US12127082904","Census Tract 829.04; Volusia County; Florida","73787","13729",
"1400000US12127083003","Census Tract 830.03; Volusia County; Florida","67573","10583",
"1400000US12127083005","Census Tract 830.05; Volusia County; Florida","61972","8360",
"1400000US12127083006","Census Tract 830.06; Volusia County; Florida","60328","6422",
"1400000US12127083007","Census Tract 830.07; Volusia County; Florida","69720","11866",
"1400000US12127083008","Census Tract 830.08; Volusia County; Florida","54271","13187",
"1400000US12127083009","Census Tract 830.09; Volusia County; Florida","45688","17114",
"1400000US12127083203","Census Tract 832.03; Volusia County; Florida","120987","35311",
"1400000US12127083205","Census Tract 832.05; Volusia County; Florida","94923","9257",
"1400000US12127083206","Census Tract 832.06; Volusia County; Florida","104167","31390",
"1400000US12127083207","Census Tract 832.07; Volusia County; Florida","72930","9448",
"1400000US12127083209","Census Tract 832.09; Volusia County; Florida","118462","30314",
"1400000US12127083210","Census Tract 832.10; Volusia County; Florida","99023","30329",
"1400000US12127083211","Census Tract 832.11; Volusia County; Florida","122730","11391",
"1400000US12127090101","Census Tract 901.01; Volusia County; Florida","76802","21018",
"1400000US12127090102","Census Tract 901.02; Volusia County; Florida","88929","24845",
"1400000US12127090202","Census Tract 902.02; Volusia County; Florida","65518","8117",
"1400000US12127090203","Census Tract 902.03; Volusia County; Florida","61016","12692",
"1400000US12127090204","Census Tract 902.04; Volusia County; Florida","79900","20128",
"1400000US12127090303","Census Tract 903.03; Volusia County; Florida","47404","12293",
"1400000US12127090304","Census Tract 903.04; Volusia County; Florida","79063","22833",
"1400000US12127090305","Census Tract 903.05; Volusia County; Florida","80833","21099",
"1400000US12127090306","Census Tract 903.06; Volusia County; Florida","100030","17072",
"1400000US12127090307","Census Tract 903.07; Volusia County; Florida","75144","9956",
"1400000US12127090401","Census Tract 904.01; Volusia County; Florida","83883","6552",
"1400000US12127090402","Census Tract 904.02; Volusia County; Florida","75190","12364",
"1400000US12127090500","Census Tract 905; Volusia County; Florida","37874","7984",
"1400000US12127090600","Census Tract 906; Volusia County; Florida","47363","7192",
"1400000US12127090701","Census Tract 907.01; Volusia County; Florida","71373","6523",
"1400000US12127090702","Census Tract 907.02; Volusia County; Florida","44067","13458",
"1400000US12127090803","Census Tract 908.03; Volusia County; Florida","84885","11791",
"1400000US12127090804","Census Tract 908.04; Volusia County; Florida","81705","22050",
"1400000US12127090806","Census Tract 908.06; Volusia County; Florida","50771","15956",
"1400000US12127090807","Census Tract 908.07; Volusia County; Florida","47854","8422",
"1400000US12127090808","Census Tract 908.08; Volusia County; Florida","72232","31737",
"1400000US12127090903","Census Tract 909.03; Volusia County; Florida","87708","24167",
"1400000US12127090904","Census Tract 909.04; Volusia County; Florida","99767","15364",
"1400000US12127090905","Census Tract 909.05; Volusia County; Florida","102807","31605",
"1400000US12127090906","Census Tract 909.06; Volusia County; Florida","66630","16318",
"1400000US12127091001","Census Tract 910.01; Volusia County; Florida","96225","27437",
"1400000US12127091005","Census Tract 910.05; Volusia County; Florida","95598","36953",
"1400000US12127091015","Census Tract 910.15; Volusia County; Florida","69630","5306",
"1400000US12127091016","Census Tract 910.16; Volusia County; Florida","64383","7566",
"1400000US12127091017","Census Tract 910.17; Volusia County; Florida","77500","13527",
"1400000US12127091018","Census Tract 910.18; Volusia County; Florida","70048","8916",
"1400000US12127091019","Census Tract 910.19; Volusia County; Florida","78182","18058",
"1400000US12127091020","Census Tract 910.20; Volusia County; Florida","81626","8291",
"1400000US12127091021","Census Tract 910.21; Volusia County; Florida","78832","8056",
"1400000US12127091023","Census Tract 910.23; Volusia County; Florida","110581","31688",
"1400000US12127091025","Census Tract 910.25; Volusia County; Florida","86211","11717",
"1400000US12127091028","Census Tract 910.28; Volusia County; Florida","61699","9903",
"1400000US12127091029","Census Tract 910.29; Volusia County; Florida","76090","16273",
"1400000US12127091030","Census Tract 910.30; Volusia County; Florida","73897","13708",
"1400000US12127091031","Census Tract 910.31; Volusia County; Florida","74273","15147",
"1400000US12127091032","Census Tract 910.32; Volusia County; Florida","80125","22418",
"1400000US12127091033","Census Tract 910.33; Volusia County; Florida","73857","12410",
"1400000US12127091034","Census Tract 910.34; Volusia County; Florida","89318","17092",
"1400000US12127091035","Census Tract 910.35; Volusia County; Florida","84902","10850",
"1400000US12127091036","Census Tract 910.36; Volusia County; Florida","87639","18130",
"1400000US12127091037","Census Tract 910.37; Volusia County; Florida","67321","16171",
"1400000US12127091038","Census Tract 910.38; Volusia County; Florida","73548","8839",
"1400000US12127091039","Census Tract 910.39; Volusia County; Florida","86848","14842",
"1400000US12127092500","Census Tract 925; Volusia County; Florida","42721","14550",
"1400000US12127990000","Census Tract 9900; Volusia County; Florida","-","**",
"1400000US12129010101","Census Tract 101.01; Wakulla County; Florida","80776","28398",
"1400000US12129010102","Census Tract 101.02; Wakulla County; Florida","54525","10563",
"1400000US12129010204","Census Tract 102.04; Wakulla County; Florida","80281","18253",
"1400000US12129010205","Census Tract 102.05; Wakulla County; Florida","69482","19123",
"1400000US12129010206","Census Tract 102.06; Wakulla County; Florida","65804","15981",
"1400000US12129010207","Census Tract 102.07; Wakulla County; Florida","86997","9924",
"1400000US12129010208","Census Tract 102.08; Wakulla County; Florida","108288","11615",
"1400000US12129010209","Census Tract 102.09; Wakulla County; Florida","86350","13287",
"1400000US12129990000","Census Tract 9900; Wakulla County; Florida","-","**",
"1400000US12131950102","Census Tract 9501.02; Walton County; Florida","70508","21019",
"1400000US12131950103","Census Tract 9501.03; Walton County; Florida","56450","8942",
"1400000US12131950104","Census Tract 9501.04; Walton County; Florida","66833","15237",
"1400000US12131950201","Census Tract 9502.01; Walton County; Florida","62188","13583",
"1400000US12131950202","Census Tract 9502.02; Walton County; Florida","51801","3676",
"1400000US12131950303","Census Tract 9503.03; Walton County; Florida","47917","11818",
"1400000US12131950304","Census Tract 9503.04; Walton County; Florida","43665","8834",
"1400000US12131950305","Census Tract 9503.05; Walton County; Florida","75129","24283",
"1400000US12131950306","Census Tract 9503.06; Walton County; Florida","57337","38777",
"1400000US12131950400","Census Tract 9504; Walton County; Florida","64707","8239",
"1400000US12131950501","Census Tract 9505.01; Walton County; Florida","76714","10581",
"1400000US12131950502","Census Tract 9505.02; Walton County; Florida","92289","13593",
"1400000US12131950604","Census Tract 9506.04; Walton County; Florida","118792","16203",
"1400000US12131950605","Census Tract 9506.05; Walton County; Florida","73239","18508",
"1400000US12131950606","Census Tract 9506.06; Walton County; Florida","151979","66187",
"1400000US12131950607","Census Tract 9506.07; Walton County; Florida","85357","28400",
"1400000US12131950608","Census Tract 9506.08; Walton County; Florida","88452","24835",
"1400000US12131950609","Census Tract 9506.09; Walton County; Florida","120578","23290",
"1400000US12131950610","Census Tract 9506.10; Walton County; Florida","146923","12242",
"1400000US12131950611","Census Tract 9506.11; Walton County; Florida","148981","47969",
"1400000US12131990000","Census Tract 9900; Walton County; Florida","-","**",
"1400000US12133970102","Census Tract 9701.02; Washington County; Florida","75694","20578",
"1400000US12133970103","Census Tract 9701.03; Washington County; Florida","65567","5653",
"1400000US12133970104","Census Tract 9701.04; Washington County; Florida","48177","12965",
"1400000US12133970200","Census Tract 9702; Washington County; Florida","49413","7283",
"1400000US12133970301","Census Tract 9703.01; Washington County; Florida","62158","6120",
"1400000US12133970302","Census Tract 9703.02; Washington County; Florida","60929","9441",
"1400000US12133970303","Census Tract 9703.03; Washington County; Florida","51393","10413",
"1400000US12095010201","Census Tract 102.01; Orange County; Florida","85051","24303",
"1400000US12095010202","Census Tract 102.02; Orange County; Florida","101599","20928",
"1400000US12095010300","Census Tract 103; Orange County; Florida","54427","11724",
"1400000US12095010400","Census Tract 104; Orange County; Florida","21410","5520",
"1400000US12095010500","Census Tract 105; Orange County; Florida","14820","6072",
"1400000US12095010802","Census Tract 108.02; Orange County; Florida","133625","35341",
"1400000US12095011000","Census Tract 110; Orange County; Florida","121250","34988",
"1400000US12095011100","Census Tract 111; Orange County; Florida","88276","16521",
"1400000US12095011200","Census Tract 112; Orange County; Florida","103750","34520",
"1400000US12095011300","Census Tract 113; Orange County; Florida","124402","48849",
"1400000US12095011600","Census Tract 116; Orange County; Florida","56212","8891",
"1400000US12095011701","Census Tract 117.01; Orange County; Florida","64009","16718",
"1400000US12095011702","Census Tract 117.02; Orange County; Florida","36147","8675",
"1400000US12095012000","Census Tract 120; Orange County; Florida","60424","12474",
"1400000US12095012100","Census Tract 121; Orange County; Florida","46196","13346",
"1400000US12095012201","Census Tract 122.01; Orange County; Florida","61916","12680",
"1400000US12095012202","Census Tract 122.02; Orange County; Florida","62180","12841",
"1400000US12095012303","Census Tract 123.03; Orange County; Florida","86333","15418",
"1400000US12095012304","Census Tract 123.04; Orange County; Florida","70032","23580",
"1400000US12095012305","Census Tract 123.05; Orange County; Florida","51323","13939",
"1400000US12095012306","Census Tract 123.06; Orange County; Florida","70997","2584",
"1400000US12095012307","Census Tract 123.07; Orange County; Florida","48826","7792",
"1400000US12095012402","Census Tract 124.02; Orange County; Florida","48281","8227",
"1400000US12095012403","Census Tract 124.03; Orange County; Florida","46033","13031",
"1400000US12095012404","Census Tract 124.04; Orange County; Florida","78209","30336",
"1400000US12095012405","Census Tract 124.05; Orange County; Florida","45189","8853",
"1400000US12095012500","Census Tract 125; Orange County; Florida","55924","35492",
"1400000US12095012600","Census Tract 126; Orange County; Florida","124783","18636",
"1400000US12095012701","Census Tract 127.01; Orange County; Florida","102303","14619",
"1400000US12095012800","Census Tract 128; Orange County; Florida","154886","53871",
"1400000US12095012900","Census Tract 129; Orange County; Florida","108304","14069",
"1400000US12095013201","Census Tract 132.01; Orange County; Florida","66189","22071",
"1400000US12095013202","Census Tract 132.02; Orange County; Florida","59888","7678",
"1400000US12095013300","Census Tract 133; Orange County; Florida","82054","19947",
"1400000US12095013402","Census Tract 134.02; Orange County; Florida","67194","22717",
"1400000US12095013403","Census Tract 134.03; Orange County; Florida","54583","13923",
"1400000US12095013405","Census Tract 134.05; Orange County; Florida","43288","6214",
"1400000US12095013406","Census Tract 134.06; Orange County; Florida","70948","4919",
"1400000US12095013503","Census Tract 135.03; Orange County; Florida","45386","6536",
"1400000US12095013505","Census Tract 135.05; Orange County; Florida","53190","6920",
"1400000US12095013507","Census Tract 135.07; Orange County; Florida","62196","9893",
"1400000US12095013510","Census Tract 135.10; Orange County; Florida","58125","21223",
"1400000US12095013511","Census Tract 135.11; Orange County; Florida","55280","10291",
"1400000US12095013512","Census Tract 135.12; Orange County; Florida","49500","11161",
"1400000US12095013513","Census Tract 135.13; Orange County; Florida","45598","4979",
"1400000US12095013603","Census Tract 136.03; Orange County; Florida","54112","8713",
"1400000US12095013604","Census Tract 136.04; Orange County; Florida","54356","25953",
"1400000US12095013605","Census Tract 136.05; Orange County; Florida","64976","21479",
"1400000US12095013606","Census Tract 136.06; Orange County; Florida","68750","19494",
"1400000US12095013607","Census Tract 136.07; Orange County; Florida","70275","13380",
"1400000US12095013701","Census Tract 137.01; Orange County; Florida","61677","7193",
"1400000US12095013702","Census Tract 137.02; Orange County; Florida","56148","3908",
"1400000US12095013801","Census Tract 138.01; Orange County; Florida","110000","36301",
"1400000US12095013802","Census Tract 138.02; Orange County; Florida","71250","26382",
"1400000US12095013803","Census Tract 138.03; Orange County; Florida","75762","5438",
"1400000US12095013900","Census Tract 139; Orange County; Florida","93256","19629",
"1400000US12095014000","Census Tract 140; Orange County; Florida","115417","19868",
"1400000US12095014100","Census Tract 141; Orange County; Florida","88675","23347",
"1400000US12095014201","Census Tract 142.01; Orange County; Florida","69934","7705",
"1400000US12095014202","Census Tract 142.02; Orange County; Florida","50000","8708",
"1400000US12095014301","Census Tract 143.01; Orange County; Florida","67827","16714",
"1400000US12095014302","Census Tract 143.02; Orange County; Florida","50240","16392",
"1400000US12095014400","Census Tract 144; Orange County; Florida","89521","12335",
"1400000US12095014502","Census Tract 145.02; Orange County; Florida","41172","2612",
"1400000US12095014503","Census Tract 145.03; Orange County; Florida","28851","6898",
"1400000US12095014504","Census Tract 145.04; Orange County; Florida","58843","22346",
"1400000US12095014601","Census Tract 146.01; Orange County; Florida","40798","14426",
"1400000US12095014605","Census Tract 146.05; Orange County; Florida","53272","9461",
"1400000US12095014606","Census Tract 146.06; Orange County; Florida","59118","14883",
"1400000US12095014607","Census Tract 146.07; Orange County; Florida","55642","14709",
"1400000US12095014608","Census Tract 146.08; Orange County; Florida","43313","22316",
"1400000US12095014609","Census Tract 146.09; Orange County; Florida","61110","21976",
"1400000US12095014701","Census Tract 147.01; Orange County; Florida","46727","14884",
"1400000US12095014702","Census Tract 147.02; Orange County; Florida","51444","4121",
"1400000US12095014703","Census Tract 147.03; Orange County; Florida","61296","9273",
"1400000US12095014705","Census Tract 147.05; Orange County; Florida","71857","7345",
"1400000US12095014706","Census Tract 147.06; Orange County; Florida","78204","22521",
"1400000US12095014804","Census Tract 148.04; Orange County; Florida","55103","3359",
"1400000US12095014805","Census Tract 148.05; Orange County; Florida","70844","24949",
"1400000US12095014806","Census Tract 148.06; Orange County; Florida","110385","28866",
"1400000US12095014807","Census Tract 148.07; Orange County; Florida","75208","23580",
"1400000US12095014809","Census Tract 148.09; Orange County; Florida","157361","34362",
"1400000US12095014810","Census Tract 148.10; Orange County; Florida","107280","24737",
"1400000US12095014811","Census Tract 148.11; Orange County; Florida","114858","23658",
"1400000US12095014812","Census Tract 148.12; Orange County; Florida","60578","14758",
"1400000US12095014813","Census Tract 148.13; Orange County; Florida","99699","21718",
"1400000US12095014814","Census Tract 148.14; Orange County; Florida","124385","21757",
"1400000US12095014815","Census Tract 148.15; Orange County; Florida","198920","32320",
"1400000US12095014904","Census Tract 149.04; Orange County; Florida","54259","19147",
"1400000US12095014906","Census Tract 149.06; Orange County; Florida","69464","24228",
"1400000US12095014908","Census Tract 149.08; Orange County; Florida","44641","21798",
"1400000US12095014909","Census Tract 149.09; Orange County; Florida","98203","25116",
"1400000US12095015001","Census Tract 150.01; Orange County; Florida","92963","39848",
"1400000US12095015002","Census Tract 150.02; Orange County; Florida","101250","17129",
"1400000US12095015003","Census Tract 150.03; Orange County; Florida","87956","21411",
"1400000US12095015005","Census Tract 150.05; Orange County; Florida","88556","30931",
"1400000US12095015006","Census Tract 150.06; Orange County; Florida","104531","12527",
"1400000US12095015103","Census Tract 151.03; Orange County; Florida","81914","26507",
"1400000US12095015104","Census Tract 151.04; Orange County; Florida","63327","15564",
"1400000US12095015105","Census Tract 151.05; Orange County; Florida","79554","24364",
"1400000US12095015106","Census Tract 151.06; Orange County; Florida","52993","3568",
"1400000US12095015202","Census Tract 152.02; Orange County; Florida","43610","15269",
"1400000US12095015203","Census Tract 152.03; Orange County; Florida","71638","14393",
"1400000US12095015204","Census Tract 152.04; Orange County; Florida","70784","8014",
"1400000US12095015300","Census Tract 153; Orange County; Florida","98359","18039",
"1400000US12095015501","Census Tract 155.01; Orange County; Florida","96404","9890",
"1400000US12095015601","Census Tract 156.01; Orange County; Florida","123625","41281",
"1400000US12095015602","Census Tract 156.02; Orange County; Florida","198409","19820",
"1400000US12095015701","Census Tract 157.01; Orange County; Florida","129167","28831",
"1400000US12095015702","Census Tract 157.02; Orange County; Florida","151875","20400",
"1400000US12095015801","Census Tract 158.01; Orange County; Florida","237446","59575",
"1400000US12095015802","Census Tract 158.02; Orange County; Florida","205455","51897",
"1400000US12095015901","Census Tract 159.01; Orange County; Florida","64291","21879",
"1400000US12095016001","Census Tract 160.01; Orange County; Florida","77596","41725",
"1400000US12095016002","Census Tract 160.02; Orange County; Florida","199853","59356",
"1400000US12095016100","Census Tract 161; Orange County; Florida","133438","19431",
"1400000US12095016200","Census Tract 162; Orange County; Florida","81066","28965",
"1400000US12095016301","Census Tract 163.01; Orange County; Florida","54205","19312",
"1400000US12095016302","Census Tract 163.02; Orange County; Florida","55234","7523",
"1400000US12095016402","Census Tract 164.02; Orange County; Florida","58464","23953",
"1400000US12095016406","Census Tract 164.06; Orange County; Florida","57143","13890",
"1400000US12095016407","Census Tract 164.07; Orange County; Florida","58423","11984",
"1400000US12095016408","Census Tract 164.08; Orange County; Florida","70750","27299",
"1400000US12095016409","Census Tract 164.09; Orange County; Florida","119821","13715",
"1400000US12095016411","Census Tract 164.11; Orange County; Florida","81488","23142",
"1400000US12095016412","Census Tract 164.12; Orange County; Florida","84086","6129",
"1400000US12095016413","Census Tract 164.13; Orange County; Florida","57047","7942",
"1400000US12095016414","Census Tract 164.14; Orange County; Florida","64648","7260",
"1400000US12095016503","Census Tract 165.03; Orange County; Florida","111146","17095",
"1400000US12095016504","Census Tract 165.04; Orange County; Florida","50737","6857",
"1400000US12095016505","Census Tract 165.05; Orange County; Florida","54882","9275",
"1400000US12095016509","Census Tract 165.09; Orange County; Florida","58233","10055",
"1400000US12095016510","Census Tract 165.10; Orange County; Florida","24533","10130",
"1400000US12095016511","Census Tract 165.11; Orange County; Florida","74891","33861",
"1400000US12095016512","Census Tract 165.12; Orange County; Florida","58553","20426",
"1400000US12095016513","Census Tract 165.13; Orange County; Florida","63017","13235",
"1400000US12095016514","Census Tract 165.14; Orange County; Florida","117809","32413",
"1400000US12095016515","Census Tract 165.15; Orange County; Florida","-","**",
"1400000US12095016603","Census Tract 166.03; Orange County; Florida","108942","30833",
"1400000US12095016604","Census Tract 166.04; Orange County; Florida","95893","35897",
"1400000US12095016605","Census Tract 166.05; Orange County; Florida","61576","15159",
"1400000US12095016606","Census Tract 166.06; Orange County; Florida","151818","18939",
"1400000US12095016607","Census Tract 166.07; Orange County; Florida","92841","24888",
"1400000US12095016709","Census Tract 167.09; Orange County; Florida","76041","3508",
"1400000US12095016710","Census Tract 167.10; Orange County; Florida","83690","25530",
"1400000US12095016713","Census Tract 167.13; Orange County; Florida","61759","7849",
"1400000US12095016714","Census Tract 167.14; Orange County; Florida","80478","22298",
"1400000US12095016715","Census Tract 167.15; Orange County; Florida","81541","12022",
"1400000US12095016716","Census Tract 167.16; Orange County; Florida","103226","13496",
"1400000US12095016717","Census Tract 167.17; Orange County; Florida","117083","19175",
"1400000US12095016723","Census Tract 167.23; Orange County; Florida","82358","11016",
"1400000US12095016724","Census Tract 167.24; Orange County; Florida","61448","12745",
"1400000US12095016728","Census Tract 167.28; Orange County; Florida","115776","23103",
"1400000US12095016731","Census Tract 167.31; Orange County; Florida","96019","8769",
"1400000US12095016733","Census Tract 167.33; Orange County; Florida","59379","27145",
"1400000US12095016735","Census Tract 167.35; Orange County; Florida","115538","34244",
"1400000US12095016736","Census Tract 167.36; Orange County; Florida","121250","31303",
"1400000US12095016737","Census Tract 167.37; Orange County; Florida","118326","20255",
"1400000US12095016738","Census Tract 167.38; Orange County; Florida","54023","2744",
"1400000US12095016739","Census Tract 167.39; Orange County; Florida","56477","12418",
"1400000US12095016740","Census Tract 167.40; Orange County; Florida","69375","38372",
"1400000US12095016741","Census Tract 167.41; Orange County; Florida","63878","23829",
"1400000US12095016742","Census Tract 167.42; Orange County; Florida","61583","11682",
"1400000US12095016743","Census Tract 167.43; Orange County; Florida","107212","29323",
"1400000US12095016744","Census Tract 167.44; Orange County; Florida","85302","12330",
"1400000US12095016745","Census Tract 167.45; Orange County; Florida","100556","28389",
"1400000US12095016746","Census Tract 167.46; Orange County; Florida","101415","14064",
"1400000US12095016747","Census Tract 167.47; Orange County; Florida","145575","10275",
"1400000US12095016748","Census Tract 167.48; Orange County; Florida","120342","24479",
"1400000US12095016749","Census Tract 167.49; Orange County; Florida","124511","26248",
"1400000US12095016750","Census Tract 167.50; Orange County; Florida","117609","19071",
"1400000US12095016751","Census Tract 167.51; Orange County; Florida","125927","35129",
"1400000US12095016752","Census Tract 167.52; Orange County; Florida","115625","14593",
"1400000US12095016753","Census Tract 167.53; Orange County; Florida","96879","4026",
"1400000US12095016754","Census Tract 167.54; Orange County; Florida","59735","31926",
"1400000US12095016755","Census Tract 167.55; Orange County; Florida","91442","14521",
"1400000US12095016756","Census Tract 167.56; Orange County; Florida","154556","25192",
"1400000US12095016802","Census Tract 168.02; Orange County; Florida","119030","9045",
"1400000US12095016803","Census Tract 168.03; Orange County; Florida","77083","11703",
"1400000US12095016804","Census Tract 168.04; Orange County; Florida","87475","17157",
"1400000US12095016808","Census Tract 168.08; Orange County; Florida","120938","18475",
"1400000US12095016809","Census Tract 168.09; Orange County; Florida","66810","17341",
"1400000US12095016810","Census Tract 168.10; Orange County; Florida","97484","28314",
"1400000US12095016811","Census Tract 168.11; Orange County; Florida","111311","31635",
"1400000US12095016812","Census Tract 168.12; Orange County; Florida","75566","16059",
"1400000US12095016813","Census Tract 168.13; Orange County; Florida","68977","7486",
"1400000US12095016814","Census Tract 168.14; Orange County; Florida","59895","18075",
"1400000US12095016902","Census Tract 169.02; Orange County; Florida","51761","11914",
"1400000US12095016904","Census Tract 169.04; Orange County; Florida","55539","16093",
"1400000US12095016906","Census Tract 169.06; Orange County; Florida","31042","6990",
"1400000US12095016907","Census Tract 169.07; Orange County; Florida","55457","9115",
"1400000US12095016908","Census Tract 169.08; Orange County; Florida","57473","11934",
"1400000US12095016909","Census Tract 169.09; Orange County; Florida","55617","20739",
"1400000US12095016910","Census Tract 169.10; Orange County; Florida","66707","13755",
"1400000US12095016911","Census Tract 169.11; Orange County; Florida","53919","22482",
"1400000US12095017001","Census Tract 170.01; Orange County; Florida","77050","14816",
"1400000US12095017004","Census Tract 170.04; Orange County; Florida","70737","23530",
"1400000US12095017006","Census Tract 170.06; Orange County; Florida","86859","30225",
"1400000US12095017011","Census Tract 170.11; Orange County; Florida","74773","17971",
"1400000US12095017012","Census Tract 170.12; Orange County; Florida","92031","47090",
"1400000US12095017013","Census Tract 170.13; Orange County; Florida","93443","27722",
"1400000US12095017015","Census Tract 170.15; Orange County; Florida","120260","13051",
"1400000US12095017018","Census Tract 170.18; Orange County; Florida","59706","26011",
"1400000US12095017019","Census Tract 170.19; Orange County; Florida","65604","21041",
"1400000US12095017020","Census Tract 170.20; Orange County; Florida","69512","30019",
"1400000US12095017021","Census Tract 170.21; Orange County; Florida","101139","9750",
"1400000US12095017022","Census Tract 170.22; Orange County; Florida","60807","12225",
"1400000US12095017023","Census Tract 170.23; Orange County; Florida","52768","13213",
"1400000US12095017024","Census Tract 170.24; Orange County; Florida","78712","9753",
"1400000US12095017025","Census Tract 170.25; Orange County; Florida","101439","27924",
"1400000US12095017026","Census Tract 170.26; Orange County; Florida","101047","6287",
"1400000US12095017108","Census Tract 171.08; Orange County; Florida","108672","29388",
"1400000US12095017109","Census Tract 171.09; Orange County; Florida","146839","27623",
"1400000US12095017110","Census Tract 171.10; Orange County; Florida","85278","14668",
"1400000US12095017111","Census Tract 171.11; Orange County; Florida","128444","12451",
"1400000US12095017112","Census Tract 171.12; Orange County; Florida","118277","18305",
"1400000US12095017113","Census Tract 171.13; Orange County; Florida","134728","26001",
"1400000US12095017114","Census Tract 171.14; Orange County; Florida","120799","12866",
"1400000US12095017115","Census Tract 171.15; Orange County; Florida","185417","48413",
"1400000US12095017116","Census Tract 171.16; Orange County; Florida","173529","43443",
"1400000US12095017117","Census Tract 171.17; Orange County; Florida","137260","21381",
"1400000US12095017118","Census Tract 171.18; Orange County; Florida","157975","37465",
"1400000US12095017119","Census Tract 171.19; Orange County; Florida","131406","34334",
"1400000US12095017120","Census Tract 171.20; Orange County; Florida","184514","24294",
"1400000US12095017121","Census Tract 171.21; Orange County; Florida","95700","35827",
"1400000US12095017122","Census Tract 171.22; Orange County; Florida","117895","14390",
"1400000US12095017123","Census Tract 171.23; Orange County; Florida","162188","25408",
"1400000US12095017200","Census Tract 172; Orange County; Florida","107857","36769",
"1400000US12095017301","Census Tract 173.01; Orange County; Florida","97361","38333",
"1400000US12095017302","Census Tract 173.02; Orange County; Florida","71455","20964",
"1400000US12095017401","Census Tract 174.01; Orange County; Florida","109653","19045",
"1400000US12095017402","Census Tract 174.02; Orange County; Florida","50868","6091",
"1400000US12095017503","Census Tract 175.03; Orange County; Florida","65927","24654",
"1400000US12095017504","Census Tract 175.04; Orange County; Florida","71976","7688",
"1400000US12095017505","Census Tract 175.05; Orange County; Florida","97286","15340",
"1400000US12095017506","Census Tract 175.06; Orange County; Florida","96643","21524",
"1400000US12095017600","Census Tract 176; Orange County; Florida","41930","9443",
"1400000US12095017701","Census Tract 177.01; Orange County; Florida","98125","22007",
"1400000US12095017702","Census Tract 177.02; Orange County; Florida","125000","27395",
"1400000US12095017703","Census Tract 177.03; Orange County; Florida","39338","19846",
"1400000US12095017805","Census Tract 178.05; Orange County; Florida","109141","15385",
"1400000US12095017806","Census Tract 178.06; Orange County; Florida","115891","11606",
"1400000US12095017807","Census Tract 178.07; Orange County; Florida","73441","9495",
"1400000US12095017808","Census Tract 178.08; Orange County; Florida","115052","23629",
"1400000US12095017809","Census Tract 178.09; Orange County; Florida","86039","20494",
"1400000US12095017810","Census Tract 178.10; Orange County; Florida","87373","33357",
"1400000US12095017811","Census Tract 178.11; Orange County; Florida","118393","24604",
"1400000US12095017812","Census Tract 178.12; Orange County; Florida","113492","27139",
"1400000US12095017813","Census Tract 178.13; Orange County; Florida","123125","30498",
"1400000US12095017814","Census Tract 178.14; Orange County; Florida","135497","27024",
"1400000US12095017901","Census Tract 179.01; Orange County; Florida","106690","5701",
"1400000US12095017902","Census Tract 179.02; Orange County; Florida","73983","8112",
"1400000US12095018000","Census Tract 180; Orange County; Florida","50135","18599",
"1400000US12095018100","Census Tract 181; Orange County; Florida","81000","23237",
"1400000US12095018201","Census Tract 182.01; Orange County; Florida","172628","43787",
"1400000US12095018202","Census Tract 182.02; Orange County; Florida","129231","15584",
"1400000US12095018203","Census Tract 182.03; Orange County; Florida","56304","18138",
"1400000US12095018204","Census Tract 182.04; Orange County; Florida","72462","7640",
"1400000US12095018300","Census Tract 183; Orange County; Florida","27885","7582",
"1400000US12095018400","Census Tract 184; Orange County; Florida","75208","28960",
"1400000US12095018500","Census Tract 185; Orange County; Florida","61974","21659",
"1400000US12095018700","Census Tract 187; Orange County; Florida","39122","9898",
"1400000US12095018800","Census Tract 188; Orange County; Florida","93667","12037",
"1400000US12095018901","Census Tract 189.01; Orange County; Florida","-","**",
"1400000US12095018902","Census Tract 189.02; Orange County; Florida","84467","17294",
"1400000US12095019000","Census Tract 190; Orange County; Florida","71391","19978",
"1400000US12095990000","Census Tract 9900; Orange County; Florida","-","**",
