"GEO_ID","NAME","B01003_001E","B01003_001M",
"Geography","Geographic Area Name","Estimate!!Total","Margin of Error!!Total",
"0400000US12","Florida","22416077","*****",
"1400000US12001000201","Census Tract 2.01; Alachua County; Florida","5284","978",
"1400000US12001000202","Census Tract 2.02; Alachua County; Florida","5751","902",
"1400000US12001000301","Census Tract 3.01; Alachua County; Florida","4210","765",
"1400000US12001000302","Census Tract 3.02; Alachua County; Florida","2515","438",
"1400000US12001000400","Census Tract 4; Alachua County; Florida","5563","864",
"1400000US12001000500","Census Tract 5; Alachua County; Florida","4982","767",
"1400000US12001000600","Census Tract 6; Alachua County; Florida","4391","699",
"1400000US12001000700","Census Tract 7; Alachua County; Florida","6633","1057",
"1400000US12001000806","Census Tract 8.06; Alachua County; Florida","3372","632",
"1400000US12001000808","Census Tract 8.08; Alachua County; Florida","4107","786",
"1400000US12001000809","Census Tract 8.09; Alachua County; Florida","1393","261",
"1400000US12001000901","Census Tract 9.01; Alachua County; Florida","3577","231",
"1400000US12001000902","Census Tract 9.02; Alachua County; Florida","8723","192",
"1400000US12001001000","Census Tract 10; Alachua County; Florida","7591","975",
"1400000US12001001100","Census Tract 11; Alachua County; Florida","6715","662",
"1400000US12001001201","Census Tract 12.01; Alachua County; Florida","2785","386",
"1400000US12001001202","Census Tract 12.02; Alachua County; Florida","7269","762",
"1400000US12001001203","Census Tract 12.03; Alachua County; Florida","3786","588",
"1400000US12001001400","Census Tract 14; Alachua County; Florida","3806","553",
"1400000US12001001514","Census Tract 15.14; Alachua County; Florida","1925","335",
"1400000US12001001515","Census Tract 15.15; Alachua County; Florida","6125","783",
"1400000US12001001516","Census Tract 15.16; Alachua County; Florida","2679","464",
"1400000US12001001517","Census Tract 15.17; Alachua County; Florida","5766","712",
"1400000US12001001519","Census Tract 15.19; Alachua County; Florida","2538","371",
"1400000US12001001522","Census Tract 15.22; Alachua County; Florida","8320","1149",
"1400000US12001001605","Census Tract 16.05; Alachua County; Florida","9066","1407",
"1400000US12001001701","Census Tract 17.01; Alachua County; Florida","6726","737",
"1400000US12001001702","Census Tract 17.02; Alachua County; Florida","5336","785",
"1400000US12001001802","Census Tract 18.02; Alachua County; Florida","3443","673",
"1400000US12001001803","Census Tract 18.03; Alachua County; Florida","6284","794",
"1400000US12001001811","Census Tract 18.11; Alachua County; Florida","6770","811",
"1400000US12001001813","Census Tract 18.13; Alachua County; Florida","4010","493",
"1400000US12001001815","Census Tract 18.15; Alachua County; Florida","2055","395",
"1400000US12001001816","Census Tract 18.16; Alachua County; Florida","5996","753",
"1400000US12001001817","Census Tract 18.17; Alachua County; Florida","4738","605",
"1400000US12001001818","Census Tract 18.18; Alachua County; Florida","5160","810",
"1400000US12001001819","Census Tract 18.19; Alachua County; Florida","4760","489",
"1400000US12001001902","Census Tract 19.02; Alachua County; Florida","4035","730",
"1400000US12001001907","Census Tract 19.07; Alachua County; Florida","2478","433",
"1400000US12001001908","Census Tract 19.08; Alachua County; Florida","5439","885",
"1400000US12001002001","Census Tract 20.01; Alachua County; Florida","1386","259",
"1400000US12001002002","Census Tract 20.02; Alachua County; Florida","3940","574",
"1400000US12001002101","Census Tract 21.01; Alachua County; Florida","1974","306",
"1400000US12001002102","Census Tract 21.02; Alachua County; Florida","1021","174",
"1400000US12001002201","Census Tract 22.01; Alachua County; Florida","6871","861",
"1400000US12001002202","Census Tract 22.02; Alachua County; Florida","6494","922",
"1400000US12001002204","Census Tract 22.04; Alachua County; Florida","12795","1274",
"1400000US12001002207","Census Tract 22.07; Alachua County; Florida","3954","557",
"1400000US12001002208","Census Tract 22.08; Alachua County; Florida","3119","474",
"1400000US12001002209","Census Tract 22.09; Alachua County; Florida","8368","992",
"1400000US12001002210","Census Tract 22.10; Alachua County; Florida","4861","686",
"1400000US12001002217","Census Tract 22.17; Alachua County; Florida","6913","1240",
"1400000US12001002218","Census Tract 22.18; Alachua County; Florida","3343","309",
"1400000US12001002219","Census Tract 22.19; Alachua County; Florida","6642","832",
"1400000US12001002220","Census Tract 22.20; Alachua County; Florida","2769","441",
"1400000US12001002221","Census Tract 22.21; Alachua County; Florida","5643","884",
"1400000US12001002222","Census Tract 22.22; Alachua County; Florida","7178","772",
"1400000US12001110800","Census Tract 1108; Alachua County; Florida","2119","254",
"1400000US12003040101","Census Tract 401.01; Baker County; Florida","8450","1272",
"1400000US12003040102","Census Tract 401.02; Baker County; Florida","8055","839",
"1400000US12003040201","Census Tract 402.01; Baker County; Florida","6438","779",
"1400000US12003040202","Census Tract 402.02; Baker County; Florida","5487","665",
"1400000US12005000201","Census Tract 2.01; Bay County; Florida","6110","646",
"1400000US12005000203","Census Tract 2.03; Bay County; Florida","3008","567",
"1400000US12005000204","Census Tract 2.04; Bay County; Florida","3785","548",
"1400000US12005000301","Census Tract 3.01; Bay County; Florida","2873","817",
"1400000US12005000302","Census Tract 3.02; Bay County; Florida","7617","1084",
"1400000US12005000401","Census Tract 4.01; Bay County; Florida","2088","331",
"1400000US12005000402","Census Tract 4.02; Bay County; Florida","7471","963",
"1400000US12005000500","Census Tract 5; Bay County; Florida","8490","978",
"1400000US12005000600","Census Tract 6; Bay County; Florida","1099","184",
"1400000US12005000700","Census Tract 7; Bay County; Florida","447","131",
"1400000US12005000803","Census Tract 8.03; Bay County; Florida","3876","411",
"1400000US12005000804","Census Tract 8.04; Bay County; Florida","2839","616",
"1400000US12005000805","Census Tract 8.05; Bay County; Florida","3943","469",
"1400000US12005000806","Census Tract 8.06; Bay County; Florida","4047","433",
"1400000US12005000900","Census Tract 9; Bay County; Florida","4474","39",
"1400000US12005001000","Census Tract 10; Bay County; Florida","1878","329",
"1400000US12005001100","Census Tract 11; Bay County; Florida","4046","483",
"1400000US12005001200","Census Tract 12; Bay County; Florida","2565","541",
"1400000US12005001301","Census Tract 13.01; Bay County; Florida","5678","712",
"1400000US12005001302","Census Tract 13.02; Bay County; Florida","6958","871",
"1400000US12005001402","Census Tract 14.02; Bay County; Florida","7192","1059",
"1400000US12005001403","Census Tract 14.03; Bay County; Florida","1890","432",
"1400000US12005001404","Census Tract 14.04; Bay County; Florida","7053","915",
"1400000US12005001501","Census Tract 15.01; Bay County; Florida","5859","596",
"1400000US12005001502","Census Tract 15.02; Bay County; Florida","5555","717",
"1400000US12005001600","Census Tract 16; Bay County; Florida","2219","562",
"1400000US12005001700","Census Tract 17; Bay County; Florida","2630","412",
"1400000US12005001800","Census Tract 18; Bay County; Florida","1267","240",
"1400000US12005001900","Census Tract 19; Bay County; Florida","3931","462",
"1400000US12005002000","Census Tract 20; Bay County; Florida","1257","232",
"1400000US12005002200","Census Tract 22; Bay County; Florida","4398","605",
"1400000US12005002300","Census Tract 23; Bay County; Florida","3868","413",
"1400000US12005002400","Census Tract 24; Bay County; Florida","4543","477",
"1400000US12005002500","Census Tract 25; Bay County; Florida","3031","569",
"1400000US12005002604","Census Tract 26.04; Bay County; Florida","7541","1040",
"1400000US12005002605","Census Tract 26.05; Bay County; Florida","1681","382",
"1400000US12005002606","Census Tract 26.06; Bay County; Florida","1546","215",
"1400000US12005002607","Census Tract 26.07; Bay County; Florida","1081","222",
"1400000US12005002608","Census Tract 26.08; Bay County; Florida","4033","698",
"1400000US12005002609","Census Tract 26.09; Bay County; Florida","5658","760",
"1400000US12005002703","Census Tract 27.03; Bay County; Florida","3592","515",
"1400000US12005002706","Census Tract 27.06; Bay County; Florida","2332","443",
"1400000US12005002707","Census Tract 27.07; Bay County; Florida","2449","337",
"1400000US12005002708","Census Tract 27.08; Bay County; Florida","751","190",
"1400000US12005002709","Census Tract 27.09; Bay County; Florida","3584","685",
"1400000US12005002710","Census Tract 27.10; Bay County; Florida","7882","978",
"1400000US12005002711","Census Tract 27.11; Bay County; Florida","2928","442",
"1400000US12005002712","Census Tract 27.12; Bay County; Florida","2125","280",
"1400000US12005002713","Census Tract 27.13; Bay County; Florida","1225","257",
"1400000US12005990000","Census Tract 9900; Bay County; Florida","0","15",
"1400000US12007000100","Census Tract 1; Bradford County; Florida","5788","667",
"1400000US12007000201","Census Tract 2.01; Bradford County; Florida","4993","488",
"1400000US12007000202","Census Tract 2.02; Bradford County; Florida","3511","527",
"1400000US12007000301","Census Tract 3.01; Bradford County; Florida","4187","467",
"1400000US12007000302","Census Tract 3.02; Bradford County; Florida","3482","814",
"1400000US12007000400","Census Tract 4; Bradford County; Florida","5924","763",
"1400000US12009060103","Census Tract 601.03; Brevard County; Florida","2748","454",
"1400000US12009060104","Census Tract 601.04; Brevard County; Florida","1290","497",
"1400000US12009060105","Census Tract 601.05; Brevard County; Florida","2254","360",
"1400000US12009060106","Census Tract 601.06; Brevard County; Florida","1686","270",
"1400000US12009060201","Census Tract 602.01; Brevard County; Florida","2600","631",
"1400000US12009060202","Census Tract 602.02; Brevard County; Florida","2919","718",
"1400000US12009060301","Census Tract 603.01; Brevard County; Florida","2332","484",
"1400000US12009060302","Census Tract 603.02; Brevard County; Florida","2729","418",
"1400000US12009060400","Census Tract 604; Brevard County; Florida","4390","636",
"1400000US12009060500","Census Tract 605; Brevard County; Florida","4844","713",
"1400000US12009060600","Census Tract 606; Brevard County; Florida","5959","784",
"1400000US12009060700","Census Tract 607; Brevard County; Florida","2449","546",
"1400000US12009061001","Census Tract 610.01; Brevard County; Florida","6584","1015",
"1400000US12009061002","Census Tract 610.02; Brevard County; Florida","2770","450",
"1400000US12009061100","Census Tract 611; Brevard County; Florida","6568","1067",
"1400000US12009061201","Census Tract 612.01; Brevard County; Florida","8997","1027",
"1400000US12009061202","Census Tract 612.02; Brevard County; Florida","3658","394",
"1400000US12009062106","Census Tract 621.06; Brevard County; Florida","3572","463",
"1400000US12009062108","Census Tract 621.08; Brevard County; Florida","7772","1488",
"1400000US12009062109","Census Tract 621.09; Brevard County; Florida","4328","502",
"1400000US12009062110","Census Tract 621.10; Brevard County; Florida","3206","470",
"1400000US12009062111","Census Tract 621.11; Brevard County; Florida","3708","478",
"1400000US12009062112","Census Tract 621.12; Brevard County; Florida","1395","192",
"1400000US12009062113","Census Tract 621.13; Brevard County; Florida","6137","624",
"1400000US12009062114","Census Tract 621.14; Brevard County; Florida","2042","317",
"1400000US12009062115","Census Tract 621.15; Brevard County; Florida","2102","549",
"1400000US12009062301","Census Tract 623.01; Brevard County; Florida","2654","496",
"1400000US12009062302","Census Tract 623.02; Brevard County; Florida","3553","1146",
"1400000US12009062401","Census Tract 624.01; Brevard County; Florida","1817","415",
"1400000US12009062402","Census Tract 624.02; Brevard County; Florida","5172","1084",
"1400000US12009062500","Census Tract 625; Brevard County; Florida","4321","642",
"1400000US12009062600","Census Tract 626; Brevard County; Florida","3396","692",
"1400000US12009062800","Census Tract 628; Brevard County; Florida","4019","725",
"1400000US12009062900","Census Tract 629; Brevard County; Florida","6205","831",
"1400000US12009063000","Census Tract 630; Brevard County; Florida","4958","731",
"1400000US12009063102","Census Tract 631.02; Brevard County; Florida","8298","999",
"1400000US12009063104","Census Tract 631.04; Brevard County; Florida","4055","397",
"1400000US12009063105","Census Tract 631.05; Brevard County; Florida","9906","972",
"1400000US12009063106","Census Tract 631.06; Brevard County; Florida","5732","1449",
"1400000US12009063108","Census Tract 631.08; Brevard County; Florida","5473","707",
"1400000US12009063109","Census Tract 631.09; Brevard County; Florida","5096","918",
"1400000US12009064102","Census Tract 641.02; Brevard County; Florida","5652","612",
"1400000US12009064123","Census Tract 641.23; Brevard County; Florida","6696","674",
"1400000US12009064124","Census Tract 641.24; Brevard County; Florida","4625","498",
"1400000US12009064126","Census Tract 641.26; Brevard County; Florida","4495","489",
"1400000US12009064127","Census Tract 641.27; Brevard County; Florida","9133","1105",
"1400000US12009064128","Census Tract 641.28; Brevard County; Florida","11712","1021",
"1400000US12009064129","Census Tract 641.29; Brevard County; Florida","2534","695",
"1400000US12009064130","Census Tract 641.30; Brevard County; Florida","3215","397",
"1400000US12009064201","Census Tract 642.01; Brevard County; Florida","2528","421",
"1400000US12009064202","Census Tract 642.02; Brevard County; Florida","2921","407",
"1400000US12009064301","Census Tract 643.01; Brevard County; Florida","5396","694",
"1400000US12009064302","Census Tract 643.02; Brevard County; Florida","5950","1044",
"1400000US12009064400","Census Tract 644; Brevard County; Florida","5670","800",
"1400000US12009064500","Census Tract 645; Brevard County; Florida","4001","552",
"1400000US12009064601","Census Tract 646.01; Brevard County; Florida","7991","996",
"1400000US12009064602","Census Tract 646.02; Brevard County; Florida","2497","354",
"1400000US12009064701","Census Tract 647.01; Brevard County; Florida","2924","515",
"1400000US12009064702","Census Tract 647.02; Brevard County; Florida","1426","203",
"1400000US12009064800","Census Tract 648; Brevard County; Florida","3253","459",
"1400000US12009064901","Census Tract 649.01; Brevard County; Florida","7668","759",
"1400000US12009064902","Census Tract 649.02; Brevard County; Florida","4815","764",
"1400000US12009065001","Census Tract 650.01; Brevard County; Florida","4680","521",
"1400000US12009065022","Census Tract 650.22; Brevard County; Florida","5413","765",
"1400000US12009065023","Census Tract 650.23; Brevard County; Florida","4443","632",
"1400000US12009065024","Census Tract 650.24; Brevard County; Florida","6889","970",
"1400000US12009065025","Census Tract 650.25; Brevard County; Florida","1903","243",
"1400000US12009065123","Census Tract 651.23; Brevard County; Florida","3807","521",
"1400000US12009065124","Census Tract 651.24; Brevard County; Florida","2771","628",
"1400000US12009065126","Census Tract 651.26; Brevard County; Florida","3389","512",
"1400000US12009065127","Census Tract 651.27; Brevard County; Florida","4735","945",
"1400000US12009065128","Census Tract 651.28; Brevard County; Florida","3413","601",
"1400000US12009065129","Census Tract 651.29; Brevard County; Florida","4563","645",
"1400000US12009065130","Census Tract 651.30; Brevard County; Florida","3522","729",
"1400000US12009065131","Census Tract 651.31; Brevard County; Florida","3195","381",
"1400000US12009065201","Census Tract 652.01; Brevard County; Florida","5159","665",
"1400000US12009065202","Census Tract 652.02; Brevard County; Florida","6388","943",
"1400000US12009065231","Census Tract 652.31; Brevard County; Florida","6645","628",
"1400000US12009065236","Census Tract 652.36; Brevard County; Florida","2474","387",
"1400000US12009065237","Census Tract 652.37; Brevard County; Florida","3209","606",
"1400000US12009065238","Census Tract 652.38; Brevard County; Florida","514","252",
"1400000US12009065239","Census Tract 652.39; Brevard County; Florida","3169","366",
"1400000US12009065240","Census Tract 652.40; Brevard County; Florida","2264","315",
"1400000US12009066101","Census Tract 661.01; Brevard County; Florida","4282","356",
"1400000US12009066103","Census Tract 661.03; Brevard County; Florida","2264","497",
"1400000US12009066104","Census Tract 661.04; Brevard County; Florida","4753","691",
"1400000US12009066200","Census Tract 662; Brevard County; Florida","2944","93",
"1400000US12009066301","Census Tract 663.01; Brevard County; Florida","6477","768",
"1400000US12009066302","Census Tract 663.02; Brevard County; Florida","4588","925",
"1400000US12009066400","Census Tract 664; Brevard County; Florida","5534","409",
"1400000US12009066500","Census Tract 665; Brevard County; Florida","3786","384",
"1400000US12009066600","Census Tract 666; Brevard County; Florida","4721","523",
"1400000US12009066700","Census Tract 667; Brevard County; Florida","4964","614",
"1400000US12009066800","Census Tract 668; Brevard County; Florida","1828","272",
"1400000US12009066900","Census Tract 669; Brevard County; Florida","6830","779",
"1400000US12009067100","Census Tract 671; Brevard County; Florida","1644","263",
"1400000US12009068101","Census Tract 681.01; Brevard County; Florida","3446","440",
"1400000US12009068102","Census Tract 681.02; Brevard County; Florida","2377","444",
"1400000US12009068400","Census Tract 684; Brevard County; Florida","1921","358",
"1400000US12009068501","Census Tract 685.01; Brevard County; Florida","2262","343",
"1400000US12009068502","Census Tract 685.02; Brevard County; Florida","2344","388",
"1400000US12009068601","Census Tract 686.01; Brevard County; Florida","2441","386",
"1400000US12009068603","Census Tract 686.03; Brevard County; Florida","1532","299",
"1400000US12009068604","Census Tract 686.04; Brevard County; Florida","2058","363",
"1400000US12009069100","Census Tract 691; Brevard County; Florida","4683","783",
"1400000US12009069200","Census Tract 692; Brevard County; Florida","2408","413",
"1400000US12009069300","Census Tract 693; Brevard County; Florida","2949","566",
"1400000US12009069400","Census Tract 694; Brevard County; Florida","6643","909",
"1400000US12009069700","Census Tract 697; Brevard County; Florida","2782","532",
"1400000US12009069801","Census Tract 698.01; Brevard County; Florida","3804","472",
"1400000US12009069802","Census Tract 698.02; Brevard County; Florida","3948","715",
"1400000US12009069903","Census Tract 699.03; Brevard County; Florida","3100","462",
"1400000US12009069904","Census Tract 699.04; Brevard County; Florida","5925","744",
"1400000US12009069905","Census Tract 699.05; Brevard County; Florida","0","15",
"1400000US12009069906","Census Tract 699.06; Brevard County; Florida","1948","636",
"1400000US12009069907","Census Tract 699.07; Brevard County; Florida","2873","347",
"1400000US12009071100","Census Tract 711; Brevard County; Florida","4121","552",
"1400000US12009071201","Census Tract 712.01; Brevard County; Florida","8263","857",
"1400000US12009071202","Census Tract 712.02; Brevard County; Florida","1760","272",
"1400000US12009071203","Census Tract 712.03; Brevard County; Florida","3905","1436",
"1400000US12009071204","Census Tract 712.04; Brevard County; Florida","224","198",
"1400000US12009071205","Census Tract 712.05; Brevard County; Florida","6353","1109",
"1400000US12009071335","Census Tract 713.35; Brevard County; Florida","5492","932",
"1400000US12009071337","Census Tract 713.37; Brevard County; Florida","6866","905",
"1400000US12009071339","Census Tract 713.39; Brevard County; Florida","9658","1128",
"1400000US12009071341","Census Tract 713.41; Brevard County; Florida","8005","740",
"1400000US12009071342","Census Tract 713.42; Brevard County; Florida","4361","728",
"1400000US12009071343","Census Tract 713.43; Brevard County; Florida","5888","2146",
"1400000US12009071344","Census Tract 713.44; Brevard County; Florida","5507","643",
"1400000US12009071345","Census Tract 713.45; Brevard County; Florida","7903","933",
"1400000US12009071346","Census Tract 713.46; Brevard County; Florida","8923","1410",
"1400000US12009071347","Census Tract 713.47; Brevard County; Florida","7897","1176",
"1400000US12009071348","Census Tract 713.48; Brevard County; Florida","9472","1148",
"1400000US12009071349","Census Tract 713.49; Brevard County; Florida","5285","1027",
"1400000US12009071350","Census Tract 713.50; Brevard County; Florida","6345","658",
"1400000US12009071351","Census Tract 713.51; Brevard County; Florida","3232","503",
"1400000US12009071352","Census Tract 713.52; Brevard County; Florida","4138","1111",
"1400000US12009071353","Census Tract 713.53; Brevard County; Florida","9032","782",
"1400000US12009071354","Census Tract 713.54; Brevard County; Florida","7570","861",
"1400000US12009071401","Census Tract 714.01; Brevard County; Florida","1479","166",
"1400000US12009071402","Census Tract 714.02; Brevard County; Florida","1922","452",
"1400000US12009071500","Census Tract 715; Brevard County; Florida","2672","426",
"1400000US12009071601","Census Tract 716.01; Brevard County; Florida","2170","197",
"1400000US12009071602","Census Tract 716.02; Brevard County; Florida","3139","880",
"1400000US12009071700","Census Tract 717; Brevard County; Florida","5778","428",
"1400000US12009980000","Census Tract 9800; Brevard County; Florida","20","3",
"1400000US12009980100","Census Tract 9801; Brevard County; Florida","0","15",
"1400000US12009990000","Census Tract 9900; Brevard County; Florida","0","15",
"1400000US12011010102","Census Tract 101.02; Broward County; Florida","2847","358",
"1400000US12011010103","Census Tract 101.03; Broward County; Florida","3577","668",
"1400000US12011010104","Census Tract 101.04; Broward County; Florida","1995","396",
"1400000US12011010201","Census Tract 102.01; Broward County; Florida","3008","826",
"1400000US12011010202","Census Tract 102.02; Broward County; Florida","3594","674",
"1400000US12011010304","Census Tract 103.04; Broward County; Florida","4029","682",
"1400000US12011010305","Census Tract 103.05; Broward County; Florida","6368","924",
"1400000US12011010306","Census Tract 103.06; Broward County; Florida","2934","476",
"1400000US12011010307","Census Tract 103.07; Broward County; Florida","4948","1094",
"1400000US12011010308","Census Tract 103.08; Broward County; Florida","4745","838",
"1400000US12011010401","Census Tract 104.01; Broward County; Florida","5650","943",
"1400000US12011010402","Census Tract 104.02; Broward County; Florida","3539","536",
"1400000US12011010403","Census Tract 104.03; Broward County; Florida","4633","668",
"1400000US12011010405","Census Tract 104.05; Broward County; Florida","10009","1112",
"1400000US12011010406","Census Tract 104.06; Broward County; Florida","4313","950",
"1400000US12011010407","Census Tract 104.07; Broward County; Florida","6307","1067",
"1400000US12011010502","Census Tract 105.02; Broward County; Florida","3627","450",
"1400000US12011010503","Census Tract 105.03; Broward County; Florida","25856","1245",
"1400000US12011010504","Census Tract 105.04; Broward County; Florida","5887","654",
"1400000US12011010601","Census Tract 106.01; Broward County; Florida","8151","1128",
"1400000US12011010603","Census Tract 106.03; Broward County; Florida","5561","673",
"1400000US12011010604","Census Tract 106.04; Broward County; Florida","4171","449",
"1400000US12011010605","Census Tract 106.05; Broward County; Florida","7479","1434",
"1400000US12011010606","Census Tract 106.06; Broward County; Florida","8005","954",
"1400000US12011010609","Census Tract 106.09; Broward County; Florida","4926","705",
"1400000US12011010610","Census Tract 106.10; Broward County; Florida","6846","1217",
"1400000US12011010611","Census Tract 106.11; Broward County; Florida","3826","565",
"1400000US12011010612","Census Tract 106.12; Broward County; Florida","6617","1176",
"1400000US12011010613","Census Tract 106.13; Broward County; Florida","2508","478",
"1400000US12011010614","Census Tract 106.14; Broward County; Florida","2520","248",
"1400000US12011010615","Census Tract 106.15; Broward County; Florida","5021","1197",
"1400000US12011010701","Census Tract 107.01; Broward County; Florida","5679","954",
"1400000US12011010702","Census Tract 107.02; Broward County; Florida","10775","1592",
"1400000US12011010800","Census Tract 108; Broward County; Florida","8505","1509",
"1400000US12011010901","Census Tract 109.01; Broward County; Florida","2317","317",
"1400000US12011010902","Census Tract 109.02; Broward County; Florida","3236","392",
"1400000US12011011000","Census Tract 110; Broward County; Florida","2271","361",
"1400000US12011020101","Census Tract 201.01; Broward County; Florida","8934","1031",
"1400000US12011020103","Census Tract 201.03; Broward County; Florida","5415","665",
"1400000US12011020104","Census Tract 201.04; Broward County; Florida","2804","460",
"1400000US12011020204","Census Tract 202.04; Broward County; Florida","6295","704",
"1400000US12011020205","Census Tract 202.05; Broward County; Florida","6513","725",
"1400000US12011020206","Census Tract 202.06; Broward County; Florida","4928","770",
"1400000US12011020209","Census Tract 202.09; Broward County; Florida","2199","209",
"1400000US12011020210","Census Tract 202.10; Broward County; Florida","5919","922",
"1400000US12011020211","Census Tract 202.11; Broward County; Florida","2823","773",
"1400000US12011020212","Census Tract 202.12; Broward County; Florida","4024","1111",
"1400000US12011020213","Census Tract 202.13; Broward County; Florida","3709","978",
"1400000US12011020214","Census Tract 202.14; Broward County; Florida","2606","473",
"1400000US12011020302","Census Tract 203.02; Broward County; Florida","9316","1388",
"1400000US12011020308","Census Tract 203.08; Broward County; Florida","5746","1073",
"1400000US12011020309","Census Tract 203.09; Broward County; Florida","5775","982",
"1400000US12011020311","Census Tract 203.11; Broward County; Florida","3738","591",
"1400000US12011020312","Census Tract 203.12; Broward County; Florida","5158","617",
"1400000US12011020313","Census Tract 203.13; Broward County; Florida","6204","808",
"1400000US12011020314","Census Tract 203.14; Broward County; Florida","5994","994",
"1400000US12011020315","Census Tract 203.15; Broward County; Florida","5628","1082",
"1400000US12011020316","Census Tract 203.16; Broward County; Florida","4461","638",
"1400000US12011020317","Census Tract 203.17; Broward County; Florida","2822","345",
"1400000US12011020318","Census Tract 203.18; Broward County; Florida","10817","1381",
"1400000US12011020319","Census Tract 203.19; Broward County; Florida","6982","960",
"1400000US12011020320","Census Tract 203.20; Broward County; Florida","4929","620",
"1400000US12011020321","Census Tract 203.21; Broward County; Florida","2113","805",
"1400000US12011020322","Census Tract 203.22; Broward County; Florida","4503","1060",
"1400000US12011020323","Census Tract 203.23; Broward County; Florida","3870","637",
"1400000US12011020324","Census Tract 203.24; Broward County; Florida","6777","1094",
"1400000US12011020325","Census Tract 203.25; Broward County; Florida","4096","844",
"1400000US12011020326","Census Tract 203.26; Broward County; Florida","6101","751",
"1400000US12011020404","Census Tract 204.04; Broward County; Florida","8605","1249",
"1400000US12011020405","Census Tract 204.05; Broward County; Florida","5175","706",
"1400000US12011020406","Census Tract 204.06; Broward County; Florida","7320","875",
"1400000US12011020407","Census Tract 204.07; Broward County; Florida","8809","1140",
"1400000US12011020412","Census Tract 204.12; Broward County; Florida","3573","562",
"1400000US12011020414","Census Tract 204.14; Broward County; Florida","4945","702",
"1400000US12011020415","Census Tract 204.15; Broward County; Florida","4019","560",
"1400000US12011020416","Census Tract 204.16; Broward County; Florida","3459","916",
"1400000US12011020417","Census Tract 204.17; Broward County; Florida","5428","1261",
"1400000US12011020418","Census Tract 204.18; Broward County; Florida","3503","541",
"1400000US12011020419","Census Tract 204.19; Broward County; Florida","3784","657",
"1400000US12011020420","Census Tract 204.20; Broward County; Florida","3933","891",
"1400000US12011020421","Census Tract 204.21; Broward County; Florida","4601","641",
"1400000US12011020501","Census Tract 205.01; Broward County; Florida","5704","1000",
"1400000US12011020502","Census Tract 205.02; Broward County; Florida","8358","1592",
"1400000US12011030100","Census Tract 301; Broward County; Florida","4190","383",
"1400000US12011030201","Census Tract 302.01; Broward County; Florida","4303","559",
"1400000US12011030202","Census Tract 302.02; Broward County; Florida","1685","284",
"1400000US12011030203","Census Tract 302.03; Broward County; Florida","4562","756",
"1400000US12011030301","Census Tract 303.01; Broward County; Florida","3251","494",
"1400000US12011030302","Census Tract 303.02; Broward County; Florida","8106","1296",
"1400000US12011030401","Census Tract 304.01; Broward County; Florida","3442","458",
"1400000US12011030402","Census Tract 304.02; Broward County; Florida","4868","815",
"1400000US12011030500","Census Tract 305; Broward County; Florida","6576","962",
"1400000US12011030601","Census Tract 306.01; Broward County; Florida","4089","459",
"1400000US12011030602","Census Tract 306.02; Broward County; Florida","4007","934",
"1400000US12011030702","Census Tract 307.02; Broward County; Florida","3447","1007",
"1400000US12011030703","Census Tract 307.03; Broward County; Florida","5069","657",
"1400000US12011030704","Census Tract 307.04; Broward County; Florida","4713","511",
"1400000US12011030705","Census Tract 307.05; Broward County; Florida","3490","523",
"1400000US12011030803","Census Tract 308.03; Broward County; Florida","5782","1116",
"1400000US12011030804","Census Tract 308.04; Broward County; Florida","3633","797",
"1400000US12011030805","Census Tract 308.05; Broward County; Florida","2462","461",
"1400000US12011030806","Census Tract 308.06; Broward County; Florida","4308","671",
"1400000US12011030902","Census Tract 309.02; Broward County; Florida","3552","709",
"1400000US12011030903","Census Tract 309.03; Broward County; Florida","4308","537",
"1400000US12011030904","Census Tract 309.04; Broward County; Florida","3557","645",
"1400000US12011031001","Census Tract 310.01; Broward County; Florida","2756","482",
"1400000US12011031002","Census Tract 310.02; Broward County; Florida","5271","839",
"1400000US12011031101","Census Tract 311.01; Broward County; Florida","2218","351",
"1400000US12011031102","Census Tract 311.02; Broward County; Florida","3635","594",
"1400000US12011031203","Census Tract 312.03; Broward County; Florida","1281","231",
"1400000US12011031204","Census Tract 312.04; Broward County; Florida","2775","420",
"1400000US12011031205","Census Tract 312.05; Broward County; Florida","1288","155",
"1400000US12011031206","Census Tract 312.06; Broward County; Florida","2726","563",
"1400000US12011031207","Census Tract 312.07; Broward County; Florida","4041","624",
"1400000US12011040101","Census Tract 401.01; Broward County; Florida","1297","274",
"1400000US12011040102","Census Tract 401.02; Broward County; Florida","2680","463",
"1400000US12011040203","Census Tract 402.03; Broward County; Florida","1397","376",
"1400000US12011040204","Census Tract 402.04; Broward County; Florida","3061","380",
"1400000US12011040205","Census Tract 402.05; Broward County; Florida","4988","688",
"1400000US12011040206","Census Tract 402.06; Broward County; Florida","3385","661",
"1400000US12011040300","Census Tract 403; Broward County; Florida","4341","621",
"1400000US12011040401","Census Tract 404.01; Broward County; Florida","2277","300",
"1400000US12011040402","Census Tract 404.02; Broward County; Florida","2761","441",
"1400000US12011040502","Census Tract 405.02; Broward County; Florida","3740","778",
"1400000US12011040503","Census Tract 405.03; Broward County; Florida","1460","208",
"1400000US12011040505","Census Tract 405.05; Broward County; Florida","1219","318",
"1400000US12011040506","Census Tract 405.06; Broward County; Florida","2029","302",
"1400000US12011040601","Census Tract 406.01; Broward County; Florida","3605","463",
"1400000US12011040602","Census Tract 406.02; Broward County; Florida","2910","474",
"1400000US12011040701","Census Tract 407.01; Broward County; Florida","2921","417",
"1400000US12011040702","Census Tract 407.02; Broward County; Florida","4132","748",
"1400000US12011040801","Census Tract 408.01; Broward County; Florida","4481","474",
"1400000US12011040802","Census Tract 408.02; Broward County; Florida","4455","817",
"1400000US12011040901","Census Tract 409.01; Broward County; Florida","4330","567",
"1400000US12011040902","Census Tract 409.02; Broward County; Florida","4307","1296",
"1400000US12011041000","Census Tract 410; Broward County; Florida","3456","807",
"1400000US12011041100","Census Tract 411; Broward County; Florida","6627","946",
"1400000US12011041200","Census Tract 412; Broward County; Florida","4796","910",
"1400000US12011041300","Census Tract 413; Broward County; Florida","8041","1467",
"1400000US12011041400","Census Tract 414; Broward County; Florida","3802","715",
"1400000US12011041500","Census Tract 415; Broward County; Florida","4873","972",
"1400000US12011041601","Census Tract 416.01; Broward County; Florida","2920","498",
"1400000US12011041602","Census Tract 416.02; Broward County; Florida","3610","1478",
"1400000US12011041700","Census Tract 417; Broward County; Florida","4402","839",
"1400000US12011041801","Census Tract 418.01; Broward County; Florida","2094","408",
"1400000US12011041802","Census Tract 418.02; Broward County; Florida","3300","600",
"1400000US12011041900","Census Tract 419; Broward County; Florida","4204","605",
"1400000US12011042000","Census Tract 420; Broward County; Florida","2913","622",
"1400000US12011042100","Census Tract 421; Broward County; Florida","2401","441",
"1400000US12011042200","Census Tract 422; Broward County; Florida","2663","406",
"1400000US12011042301","Census Tract 423.01; Broward County; Florida","4470","717",
"1400000US12011042302","Census Tract 423.02; Broward County; Florida","2065","416",
"1400000US12011042400","Census Tract 424; Broward County; Florida","1387","308",
"1400000US12011042501","Census Tract 425.01; Broward County; Florida","5955","660",
"1400000US12011042502","Census Tract 425.02; Broward County; Florida","6550","817",
"1400000US12011042601","Census Tract 426.01; Broward County; Florida","3326","630",
"1400000US12011042602","Census Tract 426.02; Broward County; Florida","2448","739",
"1400000US12011042700","Census Tract 427; Broward County; Florida","5181","1094",
"1400000US12011042801","Census Tract 428.01; Broward County; Florida","4722","1258",
"1400000US12011042802","Census Tract 428.02; Broward County; Florida","2554","294",
"1400000US12011042900","Census Tract 429; Broward County; Florida","8250","1303",
"1400000US12011043001","Census Tract 430.01; Broward County; Florida","1838","521",
"1400000US12011043002","Census Tract 430.02; Broward County; Florida","6746","956",
"1400000US12011043100","Census Tract 431; Broward County; Florida","5239","648",
"1400000US12011043301","Census Tract 433.01; Broward County; Florida","4772","642",
"1400000US12011043302","Census Tract 433.02; Broward County; Florida","2609","520",
"1400000US12011050100","Census Tract 501; Broward County; Florida","4354","561",
"1400000US12011050204","Census Tract 502.04; Broward County; Florida","6230","1030",
"1400000US12011050205","Census Tract 502.05; Broward County; Florida","2737","500",
"1400000US12011050206","Census Tract 502.06; Broward County; Florida","4772","1476",
"1400000US12011050207","Census Tract 502.07; Broward County; Florida","6804","800",
"1400000US12011050208","Census Tract 502.08; Broward County; Florida","3978","860",
"1400000US12011050301","Census Tract 503.01; Broward County; Florida","8474","1056",
"1400000US12011050306","Census Tract 503.06; Broward County; Florida","6217","1175",
"1400000US12011050308","Census Tract 503.08; Broward County; Florida","2872","421",
"1400000US12011050309","Census Tract 503.09; Broward County; Florida","2966","739",
"1400000US12011050311","Census Tract 503.11; Broward County; Florida","4353","700",
"1400000US12011050312","Census Tract 503.12; Broward County; Florida","2582","347",
"1400000US12011050313","Census Tract 503.13; Broward County; Florida","4503","935",
"1400000US12011050314","Census Tract 503.14; Broward County; Florida","3764","922",
"1400000US12011050315","Census Tract 503.15; Broward County; Florida","2589","451",
"1400000US12011050316","Census Tract 503.16; Broward County; Florida","2432","315",
"1400000US12011050401","Census Tract 504.01; Broward County; Florida","4219","644",
"1400000US12011050402","Census Tract 504.02; Broward County; Florida","4383","727",
"1400000US12011050501","Census Tract 505.01; Broward County; Florida","3256","427",
"1400000US12011050502","Census Tract 505.02; Broward County; Florida","5350","1226",
"1400000US12011050601","Census Tract 506.01; Broward County; Florida","3055","431",
"1400000US12011050602","Census Tract 506.02; Broward County; Florida","3862","565",
"1400000US12011050701","Census Tract 507.01; Broward County; Florida","3554","588",
"1400000US12011050702","Census Tract 507.02; Broward County; Florida","7203","1452",
"1400000US12011050800","Census Tract 508; Broward County; Florida","6016","932",
"1400000US12011050900","Census Tract 509; Broward County; Florida","5434","452",
"1400000US12011051001","Census Tract 510.01; Broward County; Florida","3486","419",
"1400000US12011051002","Census Tract 510.02; Broward County; Florida","2613","305",
"1400000US12011060105","Census Tract 601.05; Broward County; Florida","7064","682",
"1400000US12011060107","Census Tract 601.07; Broward County; Florida","5019","1096",
"1400000US12011060109","Census Tract 601.09; Broward County; Florida","4372","576",
"1400000US12011060111","Census Tract 601.11; Broward County; Florida","7060","1102",
"1400000US12011060113","Census Tract 601.13; Broward County; Florida","7017","769",
"1400000US12011060114","Census Tract 601.14; Broward County; Florida","6861","1505",
"1400000US12011060115","Census Tract 601.15; Broward County; Florida","6939","854",
"1400000US12011060116","Census Tract 601.16; Broward County; Florida","8310","967",
"1400000US12011060117","Census Tract 601.17; Broward County; Florida","6642","773",
"1400000US12011060118","Census Tract 601.18; Broward County; Florida","5233","728",
"1400000US12011060119","Census Tract 601.19; Broward County; Florida","7514","934",
"1400000US12011060120","Census Tract 601.20; Broward County; Florida","8147","942",
"1400000US12011060121","Census Tract 601.21; Broward County; Florida","4875","499",
"1400000US12011060122","Census Tract 601.22; Broward County; Florida","6485","1170",
"1400000US12011060123","Census Tract 601.23; Broward County; Florida","3426","677",
"1400000US12011060124","Census Tract 601.24; Broward County; Florida","5982","804",
"1400000US12011060125","Census Tract 601.25; Broward County; Florida","2434","366",
"1400000US12011060126","Census Tract 601.26; Broward County; Florida","6223","1163",
"1400000US12011060127","Census Tract 601.27; Broward County; Florida","3061","428",
"1400000US12011060128","Census Tract 601.28; Broward County; Florida","6771","1003",
"1400000US12011060129","Census Tract 601.29; Broward County; Florida","2344","429",
"1400000US12011060130","Census Tract 601.30; Broward County; Florida","4925","684",
"1400000US12011060203","Census Tract 602.03; Broward County; Florida","5804","1008",
"1400000US12011060206","Census Tract 602.06; Broward County; Florida","5292","712",
"1400000US12011060207","Census Tract 602.07; Broward County; Florida","4682","992",
"1400000US12011060208","Census Tract 602.08; Broward County; Florida","5914","853",
"1400000US12011060209","Census Tract 602.09; Broward County; Florida","2525","291",
"1400000US12011060210","Census Tract 602.10; Broward County; Florida","3145","503",
"1400000US12011060211","Census Tract 602.11; Broward County; Florida","5142","822",
"1400000US12011060212","Census Tract 602.12; Broward County; Florida","3249","573",
"1400000US12011060214","Census Tract 602.14; Broward County; Florida","2718","685",
"1400000US12011060215","Census Tract 602.15; Broward County; Florida","2482","614",
"1400000US12011060302","Census Tract 603.02; Broward County; Florida","8448","1168",
"1400000US12011060303","Census Tract 603.03; Broward County; Florida","7157","979",
"1400000US12011060304","Census Tract 603.04; Broward County; Florida","3409","781",
"1400000US12011060305","Census Tract 603.05; Broward County; Florida","2101","443",
"1400000US12011060306","Census Tract 603.06; Broward County; Florida","2073","374",
"1400000US12011060401","Census Tract 604.01; Broward County; Florida","5117","1124",
"1400000US12011060402","Census Tract 604.02; Broward County; Florida","6535","1094",
"1400000US12011060404","Census Tract 604.04; Broward County; Florida","1846","302",
"1400000US12011060405","Census Tract 604.05; Broward County; Florida","2946","1044",
"1400000US12011060501","Census Tract 605.01; Broward County; Florida","6387","952",
"1400000US12011060503","Census Tract 605.03; Broward County; Florida","4511","438",
"1400000US12011060504","Census Tract 605.04; Broward County; Florida","4764","554",
"1400000US12011060505","Census Tract 605.05; Broward County; Florida","4509","624",
"1400000US12011060603","Census Tract 606.03; Broward County; Florida","5206","663",
"1400000US12011060605","Census Tract 606.05; Broward County; Florida","5234","1471",
"1400000US12011060606","Census Tract 606.06; Broward County; Florida","5826","544",
"1400000US12011060607","Census Tract 606.07; Broward County; Florida","2948","549",
"1400000US12011060608","Census Tract 606.08; Broward County; Florida","6852","916",
"1400000US12011060609","Census Tract 606.09; Broward County; Florida","3619","376",
"1400000US12011060700","Census Tract 607; Broward County; Florida","3012","466",
"1400000US12011060801","Census Tract 608.01; Broward County; Florida","1671","202",
"1400000US12011060802","Census Tract 608.02; Broward County; Florida","7712","1682",
"1400000US12011060900","Census Tract 609; Broward County; Florida","4822","548",
"1400000US12011061001","Census Tract 610.01; Broward County; Florida","6428","1067",
"1400000US12011061003","Census Tract 610.03; Broward County; Florida","3317","363",
"1400000US12011061004","Census Tract 610.04; Broward County; Florida","7126","1042",
"1400000US12011061100","Census Tract 611; Broward County; Florida","7765","1160",
"1400000US12011070102","Census Tract 701.02; Broward County; Florida","1689","305",
"1400000US12011070103","Census Tract 701.03; Broward County; Florida","5283","1243",
"1400000US12011070104","Census Tract 701.04; Broward County; Florida","5884","665",
"1400000US12011070204","Census Tract 702.04; Broward County; Florida","6638","818",
"1400000US12011070205","Census Tract 702.05; Broward County; Florida","5826","689",
"1400000US12011070208","Census Tract 702.08; Broward County; Florida","7466","1173",
"1400000US12011070209","Census Tract 702.09; Broward County; Florida","4572","395",
"1400000US12011070210","Census Tract 702.10; Broward County; Florida","3902","579",
"1400000US12011070211","Census Tract 702.11; Broward County; Florida","5869","782",
"1400000US12011070212","Census Tract 702.12; Broward County; Florida","3525","699",
"1400000US12011070213","Census Tract 702.13; Broward County; Florida","3079","686",
"1400000US12011070304","Census Tract 703.04; Broward County; Florida","8300","1455",
"1400000US12011070306","Census Tract 703.06; Broward County; Florida","8079","1103",
"1400000US12011070310","Census Tract 703.10; Broward County; Florida","4527","1001",
"1400000US12011070311","Census Tract 703.11; Broward County; Florida","5760","568",
"1400000US12011070312","Census Tract 703.12; Broward County; Florida","7688","993",
"1400000US12011070314","Census Tract 703.14; Broward County; Florida","5622","742",
"1400000US12011070315","Census Tract 703.15; Broward County; Florida","4677","409",
"1400000US12011070316","Census Tract 703.16; Broward County; Florida","5664","835",
"1400000US12011070318","Census Tract 703.18; Broward County; Florida","6119","682",
"1400000US12011070319","Census Tract 703.19; Broward County; Florida","4025","281",
"1400000US12011070320","Census Tract 703.20; Broward County; Florida","7717","1263",
"1400000US12011070321","Census Tract 703.21; Broward County; Florida","3023","618",
"1400000US12011070323","Census Tract 703.23; Broward County; Florida","3434","1035",
"1400000US12011070324","Census Tract 703.24; Broward County; Florida","6759","967",
"1400000US12011070325","Census Tract 703.25; Broward County; Florida","4876","1386",
"1400000US12011070326","Census Tract 703.26; Broward County; Florida","6507","753",
"1400000US12011070327","Census Tract 703.27; Broward County; Florida","5815","790",
"1400000US12011070328","Census Tract 703.28; Broward County; Florida","1553","226",
"1400000US12011070329","Census Tract 703.29; Broward County; Florida","3524","658",
"1400000US12011070330","Census Tract 703.30; Broward County; Florida","3728","452",
"1400000US12011070331","Census Tract 703.31; Broward County; Florida","8675","1408",
"1400000US12011070401","Census Tract 704.01; Broward County; Florida","5565","847",
"1400000US12011070402","Census Tract 704.02; Broward County; Florida","3835","485",
"1400000US12011070403","Census Tract 704.03; Broward County; Florida","5417","764",
"1400000US12011070404","Census Tract 704.04; Broward County; Florida","3726","689",
"1400000US12011070405","Census Tract 704.05; Broward County; Florida","5028","796",
"1400000US12011070501","Census Tract 705.01; Broward County; Florida","5628","542",
"1400000US12011070503","Census Tract 705.03; Broward County; Florida","7218","789",
"1400000US12011070504","Census Tract 705.04; Broward County; Florida","5139","1280",
"1400000US12011070601","Census Tract 706.01; Broward County; Florida","5744","787",
"1400000US12011070602","Census Tract 706.02; Broward County; Florida","7598","1278",
"1400000US12011080102","Census Tract 801.02; Broward County; Florida","4099","639",
"1400000US12011080103","Census Tract 801.03; Broward County; Florida","1305","216",
"1400000US12011080104","Census Tract 801.04; Broward County; Florida","2410","460",
"1400000US12011080105","Census Tract 801.05; Broward County; Florida","3922","1067",
"1400000US12011080200","Census Tract 802; Broward County; Florida","1631","449",
"1400000US12011080402","Census Tract 804.02; Broward County; Florida","3183","889",
"1400000US12011080403","Census Tract 804.03; Broward County; Florida","6853","950",
"1400000US12011080405","Census Tract 804.05; Broward County; Florida","2328","522",
"1400000US12011080406","Census Tract 804.06; Broward County; Florida","5982","1165",
"1400000US12011080500","Census Tract 805; Broward County; Florida","7797","1204",
"1400000US12011090102","Census Tract 901.02; Broward County; Florida","2156","844",
"1400000US12011090103","Census Tract 901.03; Broward County; Florida","2003","405",
"1400000US12011090104","Census Tract 901.04; Broward County; Florida","3279","531",
"1400000US12011090200","Census Tract 902; Broward County; Florida","3935","733",
"1400000US12011090301","Census Tract 903.01; Broward County; Florida","2343","421",
"1400000US12011090303","Census Tract 903.03; Broward County; Florida","2191","286",
"1400000US12011090304","Census Tract 903.04; Broward County; Florida","5065","936",
"1400000US12011090401","Census Tract 904.01; Broward County; Florida","4020","776",
"1400000US12011090403","Census Tract 904.03; Broward County; Florida","4528","1157",
"1400000US12011090404","Census Tract 904.04; Broward County; Florida","4146","614",
"1400000US12011090502","Census Tract 905.02; Broward County; Florida","6195","1057",
"1400000US12011090503","Census Tract 905.03; Broward County; Florida","2728","466",
"1400000US12011090504","Census Tract 905.04; Broward County; Florida","3547","559",
"1400000US12011090601","Census Tract 906.01; Broward County; Florida","3640","489",
"1400000US12011090602","Census Tract 906.02; Broward County; Florida","8222","1620",
"1400000US12011090700","Census Tract 907; Broward County; Florida","8342","1436",
"1400000US12011090801","Census Tract 908.01; Broward County; Florida","4286","481",
"1400000US12011090802","Census Tract 908.02; Broward County; Florida","4369","729",
"1400000US12011090900","Census Tract 909; Broward County; Florida","5046","793",
"1400000US12011091000","Census Tract 910; Broward County; Florida","4172","717",
"1400000US12011091100","Census Tract 911; Broward County; Florida","7133","940",
"1400000US12011091201","Census Tract 912.01; Broward County; Florida","6158","841",
"1400000US12011091202","Census Tract 912.02; Broward County; Florida","4331","496",
"1400000US12011091300","Census Tract 913; Broward County; Florida","4460","854",
"1400000US12011091400","Census Tract 914; Broward County; Florida","6418","666",
"1400000US12011091500","Census Tract 915; Broward County; Florida","6172","1001",
"1400000US12011091601","Census Tract 916.01; Broward County; Florida","3971","487",
"1400000US12011091602","Census Tract 916.02; Broward County; Florida","3334","663",
"1400000US12011091701","Census Tract 917.01; Broward County; Florida","4398","568",
"1400000US12011091702","Census Tract 917.02; Broward County; Florida","4461","628",
"1400000US12011091802","Census Tract 918.02; Broward County; Florida","3137","541",
"1400000US12011091803","Census Tract 918.03; Broward County; Florida","4798","1374",
"1400000US12011091804","Census Tract 918.04; Broward County; Florida","2517","553",
"1400000US12011091901","Census Tract 919.01; Broward County; Florida","4156","646",
"1400000US12011091903","Census Tract 919.03; Broward County; Florida","3074","446",
"1400000US12011091904","Census Tract 919.04; Broward County; Florida","2207","388",
"1400000US12011092000","Census Tract 920; Broward County; Florida","3732","604",
"1400000US12011100103","Census Tract 1001.03; Broward County; Florida","3899","650",
"1400000US12011100104","Census Tract 1001.04; Broward County; Florida","2718","525",
"1400000US12011100105","Census Tract 1001.05; Broward County; Florida","3051","616",
"1400000US12011100106","Census Tract 1001.06; Broward County; Florida","3160","636",
"1400000US12011100107","Census Tract 1001.07; Broward County; Florida","2399","355",
"1400000US12011100108","Census Tract 1001.08; Broward County; Florida","2311","453",
"1400000US12011100201","Census Tract 1002.01; Broward County; Florida","2584","427",
"1400000US12011100203","Census Tract 1002.03; Broward County; Florida","3194","651",
"1400000US12011100204","Census Tract 1002.04; Broward County; Florida","2905","384",
"1400000US12011100301","Census Tract 1003.01; Broward County; Florida","4225","967",
"1400000US12011100302","Census Tract 1003.02; Broward County; Florida","2066","504",
"1400000US12011100400","Census Tract 1004; Broward County; Florida","5842","835",
"1400000US12011100501","Census Tract 1005.01; Broward County; Florida","1164","269",
"1400000US12011100502","Census Tract 1005.02; Broward County; Florida","4557","637",
"1400000US12011100600","Census Tract 1006; Broward County; Florida","5341","711",
"1400000US12011100700","Census Tract 1007; Broward County; Florida","5966","864",
"1400000US12011100801","Census Tract 1008.01; Broward County; Florida","4160","1917",
"1400000US12011100803","Census Tract 1008.03; Broward County; Florida","3873","594",
"1400000US12011100804","Census Tract 1008.04; Broward County; Florida","4208","341",
"1400000US12011110100","Census Tract 1101; Broward County; Florida","7544","1040",
"1400000US12011110301","Census Tract 1103.01; Broward County; Florida","6656","662",
"1400000US12011110303","Census Tract 1103.03; Broward County; Florida","4342","890",
"1400000US12011110307","Census Tract 1103.07; Broward County; Florida","5783","1075",
"1400000US12011110308","Census Tract 1103.08; Broward County; Florida","6577","1123",
"1400000US12011110309","Census Tract 1103.09; Broward County; Florida","6903","1029",
"1400000US12011110311","Census Tract 1103.11; Broward County; Florida","7225","1307",
"1400000US12011110312","Census Tract 1103.12; Broward County; Florida","7272","855",
"1400000US12011110313","Census Tract 1103.13; Broward County; Florida","5614","706",
"1400000US12011110319","Census Tract 1103.19; Broward County; Florida","6862","745",
"1400000US12011110321","Census Tract 1103.21; Broward County; Florida","5662","882",
"1400000US12011110323","Census Tract 1103.23; Broward County; Florida","7470","1110",
"1400000US12011110326","Census Tract 1103.26; Broward County; Florida","4351","851",
"1400000US12011110327","Census Tract 1103.27; Broward County; Florida","6140","663",
"1400000US12011110328","Census Tract 1103.28; Broward County; Florida","5712","796",
"1400000US12011110330","Census Tract 1103.30; Broward County; Florida","3518","582",
"1400000US12011110332","Census Tract 1103.32; Broward County; Florida","6137","647",
"1400000US12011110333","Census Tract 1103.33; Broward County; Florida","6999","1173",
"1400000US12011110334","Census Tract 1103.34; Broward County; Florida","3760","469",
"1400000US12011110337","Census Tract 1103.37; Broward County; Florida","8814","860",
"1400000US12011110338","Census Tract 1103.38; Broward County; Florida","3794","473",
"1400000US12011110339","Census Tract 1103.39; Broward County; Florida","5036","558",
"1400000US12011110341","Census Tract 1103.41; Broward County; Florida","3732","428",
"1400000US12011110344","Census Tract 1103.44; Broward County; Florida","3535","719",
"1400000US12011110345","Census Tract 1103.45; Broward County; Florida","4456","756",
"1400000US12011110346","Census Tract 1103.46; Broward County; Florida","4722","833",
"1400000US12011110347","Census Tract 1103.47; Broward County; Florida","5967","1205",
"1400000US12011110348","Census Tract 1103.48; Broward County; Florida","5890","749",
"1400000US12011110349","Census Tract 1103.49; Broward County; Florida","3882","572",
"1400000US12011110350","Census Tract 1103.50; Broward County; Florida","3162","775",
"1400000US12011110351","Census Tract 1103.51; Broward County; Florida","3717","482",
"1400000US12011110352","Census Tract 1103.52; Broward County; Florida","3093","526",
"1400000US12011110353","Census Tract 1103.53; Broward County; Florida","6348","798",
"1400000US12011110354","Census Tract 1103.54; Broward County; Florida","5829","1011",
"1400000US12011110355","Census Tract 1103.55; Broward County; Florida","5021","1065",
"1400000US12011110356","Census Tract 1103.56; Broward County; Florida","4196","614",
"1400000US12011110357","Census Tract 1103.57; Broward County; Florida","7245","1479",
"1400000US12011110358","Census Tract 1103.58; Broward County; Florida","5881","603",
"1400000US12011110359","Census Tract 1103.59; Broward County; Florida","5504","766",
"1400000US12011110360","Census Tract 1103.60; Broward County; Florida","5641","985",
"1400000US12011110361","Census Tract 1103.61; Broward County; Florida","9385","1213",
"1400000US12011110362","Census Tract 1103.62; Broward County; Florida","7156","1774",
"1400000US12011110363","Census Tract 1103.63; Broward County; Florida","4325","839",
"1400000US12011110364","Census Tract 1103.64; Broward County; Florida","7182","1159",
"1400000US12011110365","Census Tract 1103.65; Broward County; Florida","7725","1047",
"1400000US12011110366","Census Tract 1103.66; Broward County; Florida","5711","1477",
"1400000US12011110367","Census Tract 1103.67; Broward County; Florida","6656","903",
"1400000US12011110368","Census Tract 1103.68; Broward County; Florida","2995","233",
"1400000US12011110402","Census Tract 1104.02; Broward County; Florida","5656","1223",
"1400000US12011110403","Census Tract 1104.03; Broward County; Florida","4632","618",
"1400000US12011110404","Census Tract 1104.04; Broward County; Florida","6904","1230",
"1400000US12011110501","Census Tract 1105.01; Broward County; Florida","4110","583",
"1400000US12011110502","Census Tract 1105.02; Broward County; Florida","5333","767",
"1400000US12011110600","Census Tract 1106; Broward County; Florida","5726","1064",
"1400000US12011980000","Census Tract 9800; Broward County; Florida","3","3",
"1400000US12011990000","Census Tract 9900; Broward County; Florida","0","15",
"1400000US12013010100","Census Tract 101; Calhoun County; Florida","2273","316",
"1400000US12013010200","Census Tract 102; Calhoun County; Florida","3690","505",
"1400000US12013010301","Census Tract 103.01; Calhoun County; Florida","3849","517",
"1400000US12013010302","Census Tract 103.02; Calhoun County; Florida","3680","384",
"1400000US12015010100","Census Tract 101; Charlotte County; Florida","8562","720",
"1400000US12015010200","Census Tract 102; Charlotte County; Florida","4634","774",
"1400000US12015010301","Census Tract 103.01; Charlotte County; Florida","3230","443",
"1400000US12015010302","Census Tract 103.02; Charlotte County; Florida","5373","794",
"1400000US12015010401","Census Tract 104.01; Charlotte County; Florida","3105","441",
"1400000US12015010402","Census Tract 104.02; Charlotte County; Florida","2690","345",
"1400000US12015010405","Census Tract 104.05; Charlotte County; Florida","7086","612",
"1400000US12015010503","Census Tract 105.03; Charlotte County; Florida","4030","887",
"1400000US12015010504","Census Tract 105.04; Charlotte County; Florida","1857","310",
"1400000US12015010505","Census Tract 105.05; Charlotte County; Florida","5087","714",
"1400000US12015010506","Census Tract 105.06; Charlotte County; Florida","2620","365",
"1400000US12015020101","Census Tract 201.01; Charlotte County; Florida","9192","961",
"1400000US12015020103","Census Tract 201.03; Charlotte County; Florida","6694","794",
"1400000US12015020104","Census Tract 201.04; Charlotte County; Florida","2999","503",
"1400000US12015020203","Census Tract 202.03; Charlotte County; Florida","4562","525",
"1400000US12015020204","Census Tract 202.04; Charlotte County; Florida","3881","501",
"1400000US12015020205","Census Tract 202.05; Charlotte County; Florida","4596","838",
"1400000US12015020206","Census Tract 202.06; Charlotte County; Florida","3356","382",
"1400000US12015020301","Census Tract 203.01; Charlotte County; Florida","6344","773",
"1400000US12015020302","Census Tract 203.02; Charlotte County; Florida","4634","745",
"1400000US12015020303","Census Tract 203.03; Charlotte County; Florida","5710","597",
"1400000US12015020401","Census Tract 204.01; Charlotte County; Florida","3948","737",
"1400000US12015020402","Census Tract 204.02; Charlotte County; Florida","8028","779",
"1400000US12015020501","Census Tract 205.01; Charlotte County; Florida","5295","656",
"1400000US12015020502","Census Tract 205.02; Charlotte County; Florida","2192","655",
"1400000US12015020601","Census Tract 206.01; Charlotte County; Florida","2729","448",
"1400000US12015020602","Census Tract 206.02; Charlotte County; Florida","4123","802",
"1400000US12015020700","Census Tract 207; Charlotte County; Florida","4855","548",
"1400000US12015020800","Census Tract 208; Charlotte County; Florida","4785","614",
"1400000US12015020900","Census Tract 209; Charlotte County; Florida","7723","938",
"1400000US12015021001","Census Tract 210.01; Charlotte County; Florida","2202","308",
"1400000US12015021002","Census Tract 210.02; Charlotte County; Florida","3368","458",
"1400000US12015021003","Census Tract 210.03; Charlotte County; Florida","3813","620",
"1400000US12015030101","Census Tract 301.01; Charlotte County; Florida","3954","760",
"1400000US12015030102","Census Tract 301.02; Charlotte County; Florida","3878","464",
"1400000US12015030201","Census Tract 302.01; Charlotte County; Florida","5677","572",
"1400000US12015030202","Census Tract 302.02; Charlotte County; Florida","2801","645",
"1400000US12015030301","Census Tract 303.01; Charlotte County; Florida","3083","658",
"1400000US12015030302","Census Tract 303.02; Charlotte County; Florida","3296","475",
"1400000US12015030401","Census Tract 304.01; Charlotte County; Florida","2125","383",
"1400000US12015030402","Census Tract 304.02; Charlotte County; Florida","2107","760",
"1400000US12015030501","Census Tract 305.01; Charlotte County; Florida","7295","922",
"1400000US12015030504","Census Tract 305.04; Charlotte County; Florida","1416","367",
"1400000US12015030505","Census Tract 305.05; Charlotte County; Florida","5270","708",
"1400000US12015030506","Census Tract 305.06; Charlotte County; Florida","3692","422",
"1400000US12015030507","Census Tract 305.07; Charlotte County; Florida","3167","360",
"1400000US12015990000","Census Tract 9900; Charlotte County; Florida","0","15",
"1400000US12017450103","Census Tract 4501.03; Citrus County; Florida","4305","573",
"1400000US12017450104","Census Tract 4501.04; Citrus County; Florida","3054","363",
"1400000US12017450105","Census Tract 4501.05; Citrus County; Florida","2033","438",
"1400000US12017450106","Census Tract 4501.06; Citrus County; Florida","3714","706",
"1400000US12017450201","Census Tract 4502.01; Citrus County; Florida","3912","532",
"1400000US12017450202","Census Tract 4502.02; Citrus County; Florida","5738","928",
"1400000US12017450305","Census Tract 4503.05; Citrus County; Florida","3019","477",
"1400000US12017450306","Census Tract 4503.06; Citrus County; Florida","3270","472",
"1400000US12017450307","Census Tract 4503.07; Citrus County; Florida","5332","548",
"1400000US12017450308","Census Tract 4503.08; Citrus County; Florida","6721","1183",
"1400000US12017450309","Census Tract 4503.09; Citrus County; Florida","7296","904",
"1400000US12017450310","Census Tract 4503.10; Citrus County; Florida","4644","516",
"1400000US12017450401","Census Tract 4504.01; Citrus County; Florida","3139","411",
"1400000US12017450402","Census Tract 4504.02; Citrus County; Florida","4440","750",
"1400000US12017450501","Census Tract 4505.01; Citrus County; Florida","2011","419",
"1400000US12017450502","Census Tract 4505.02; Citrus County; Florida","2235","436",
"1400000US12017450601","Census Tract 4506.01; Citrus County; Florida","5218","686",
"1400000US12017450602","Census Tract 4506.02; Citrus County; Florida","5639","809",
"1400000US12017450703","Census Tract 4507.03; Citrus County; Florida","5463","579",
"1400000US12017450704","Census Tract 4507.04; Citrus County; Florida","4435","1204",
"1400000US12017450705","Census Tract 4507.05; Citrus County; Florida","5223","515",
"1400000US12017450706","Census Tract 4507.06; Citrus County; Florida","3026","414",
"1400000US12017450800","Census Tract 4508; Citrus County; Florida","4397","545",
"1400000US12017450901","Census Tract 4509.01; Citrus County; Florida","3470","538",
"1400000US12017450902","Census Tract 4509.02; Citrus County; Florida","2454","411",
"1400000US12017451001","Census Tract 4510.01; Citrus County; Florida","2468","398",
"1400000US12017451002","Census Tract 4510.02; Citrus County; Florida","3712","745",
"1400000US12017451101","Census Tract 4511.01; Citrus County; Florida","2820","340",
"1400000US12017451103","Census Tract 4511.03; Citrus County; Florida","3335","454",
"1400000US12017451104","Census Tract 4511.04; Citrus County; Florida","3542","652",
"1400000US12017451200","Census Tract 4512; Citrus County; Florida","4418","784",
"1400000US12017451300","Census Tract 4513; Citrus County; Florida","3514","601",
"1400000US12017451400","Census Tract 4514; Citrus County; Florida","5425","520",
"1400000US12017451501","Census Tract 4515.01; Citrus County; Florida","3516","496",
"1400000US12017451502","Census Tract 4515.02; Citrus County; Florida","7222","1097",
"1400000US12017451603","Census Tract 4516.03; Citrus County; Florida","2396","464",
"1400000US12017451604","Census Tract 4516.04; Citrus County; Florida","4059","334",
"1400000US12017451605","Census Tract 4516.05; Citrus County; Florida","2932","658",
"1400000US12017451606","Census Tract 4516.06; Citrus County; Florida","4532","518",
"1400000US12017451701","Census Tract 4517.01; Citrus County; Florida","1646","234",
"1400000US12017451702","Census Tract 4517.02; Citrus County; Florida","2747","821",
"1400000US12017990000","Census Tract 9900; Citrus County; Florida","0","15",
"1400000US12019030103","Census Tract 301.03; Clay County; Florida","5711","763",
"1400000US12019030104","Census Tract 301.04; Clay County; Florida","4236","638",
"1400000US12019030105","Census Tract 301.05; Clay County; Florida","3749","1279",
"1400000US12019030106","Census Tract 301.06; Clay County; Florida","4632","583",
"1400000US12019030204","Census Tract 302.04; Clay County; Florida","8549","833",
"1400000US12019030205","Census Tract 302.05; Clay County; Florida","17795","1891",
"1400000US12019030206","Census Tract 302.06; Clay County; Florida","8775","1250",
"1400000US12019030207","Census Tract 302.07; Clay County; Florida","6954","789",
"1400000US12019030208","Census Tract 302.08; Clay County; Florida","3199","400",
"1400000US12019030209","Census Tract 302.09; Clay County; Florida","4901","714",
"1400000US12019030210","Census Tract 302.10; Clay County; Florida","4782","1341",
"1400000US12019030303","Census Tract 303.03; Clay County; Florida","2945","464",
"1400000US12019030304","Census Tract 303.04; Clay County; Florida","4605","536",
"1400000US12019030305","Census Tract 303.05; Clay County; Florida","5532","731",
"1400000US12019030306","Census Tract 303.06; Clay County; Florida","3107","1123",
"1400000US12019030400","Census Tract 304; Clay County; Florida","2702","334",
"1400000US12019030500","Census Tract 305; Clay County; Florida","3030","469",
"1400000US12019030600","Census Tract 306; Clay County; Florida","4994","531",
"1400000US12019030701","Census Tract 307.01; Clay County; Florida","8280","1027",
"1400000US12019030704","Census Tract 307.04; Clay County; Florida","5869","844",
"1400000US12019030705","Census Tract 307.05; Clay County; Florida","5834","780",
"1400000US12019030706","Census Tract 307.06; Clay County; Florida","2907","568",
"1400000US12019030707","Census Tract 307.07; Clay County; Florida","7684","894",
"1400000US12019030708","Census Tract 307.08; Clay County; Florida","4191","1121",
"1400000US12019030801","Census Tract 308.01; Clay County; Florida","5390","720",
"1400000US12019030802","Census Tract 308.02; Clay County; Florida","5763","810",
"1400000US12019030903","Census Tract 309.03; Clay County; Florida","4009","885",
"1400000US12019030904","Census Tract 309.04; Clay County; Florida","8196","848",
"1400000US12019030905","Census Tract 309.05; Clay County; Florida","6029","876",
"1400000US12019030906","Census Tract 309.06; Clay County; Florida","4937","601",
"1400000US12019031101","Census Tract 311.01; Clay County; Florida","3190","294",
"1400000US12019031104","Census Tract 311.04; Clay County; Florida","4617","1032",
"1400000US12019031105","Census Tract 311.05; Clay County; Florida","1780","266",
"1400000US12019031108","Census Tract 311.08; Clay County; Florida","1586","342",
"1400000US12019031109","Census Tract 311.09; Clay County; Florida","3129","434",
"1400000US12019031110","Census Tract 311.10; Clay County; Florida","5232","861",
"1400000US12019031201","Census Tract 312.01; Clay County; Florida","2741","267",
"1400000US12019031202","Census Tract 312.02; Clay County; Florida","10920","1308",
"1400000US12019031203","Census Tract 312.03; Clay County; Florida","5634","942",
"1400000US12019031301","Census Tract 313.01; Clay County; Florida","2703","467",
"1400000US12019031302","Census Tract 313.02; Clay County; Florida","4142","428",
"1400000US12019031303","Census Tract 313.03; Clay County; Florida","3430","732",
"1400000US12019031400","Census Tract 314; Clay County; Florida","5881","442",
"1400000US12019031500","Census Tract 315; Clay County; Florida","2851","605",
"1400000US12019980000","Census Tract 9800; Clay County; Florida","461","158",
"1400000US12021000101","Census Tract 1.01; Collier County; Florida","1325","290",
"1400000US12021000102","Census Tract 1.02; Collier County; Florida","1493","215",
"1400000US12021000200","Census Tract 2; Collier County; Florida","2091","453",
"1400000US12021000301","Census Tract 3.01; Collier County; Florida","3189","458",
"1400000US12021000302","Census Tract 3.02; Collier County; Florida","1442","429",
"1400000US12021000401","Census Tract 4.01; Collier County; Florida","2242","360",
"1400000US12021000402","Census Tract 4.02; Collier County; Florida","1888","528",
"1400000US12021000500","Census Tract 5; Collier County; Florida","1661","396",
"1400000US12021000600","Census Tract 6; Collier County; Florida","1191","248",
"1400000US12021000700","Census Tract 7; Collier County; Florida","1521","372",
"1400000US12021010102","Census Tract 101.02; Collier County; Florida","6367","768",
"1400000US12021010107","Census Tract 101.07; Collier County; Florida","4289","569",
"1400000US12021010108","Census Tract 101.08; Collier County; Florida","3254","605",
"1400000US12021010109","Census Tract 101.09; Collier County; Florida","1261","206",
"1400000US12021010110","Census Tract 101.10; Collier County; Florida","4153","992",
"1400000US12021010111","Census Tract 101.11; Collier County; Florida","2766","461",
"1400000US12021010112","Census Tract 101.12; Collier County; Florida","2188","401",
"1400000US12021010113","Census Tract 101.13; Collier County; Florida","2520","533",
"1400000US12021010114","Census Tract 101.14; Collier County; Florida","2065","325",
"1400000US12021010205","Census Tract 102.05; Collier County; Florida","2894","478",
"1400000US12021010208","Census Tract 102.08; Collier County; Florida","3247","378",
"1400000US12021010209","Census Tract 102.09; Collier County; Florida","2655","431",
"1400000US12021010210","Census Tract 102.10; Collier County; Florida","3479","401",
"1400000US12021010211","Census Tract 102.11; Collier County; Florida","1963","306",
"1400000US12021010213","Census Tract 102.13; Collier County; Florida","4530","623",
"1400000US12021010215","Census Tract 102.15; Collier County; Florida","2827","312",
"1400000US12021010216","Census Tract 102.16; Collier County; Florida","3529","775",
"1400000US12021010217","Census Tract 102.17; Collier County; Florida","2686","441",
"1400000US12021010300","Census Tract 103; Collier County; Florida","3911","806",
"1400000US12021010401","Census Tract 104.01; Collier County; Florida","3358","517",
"1400000US12021010408","Census Tract 104.08; Collier County; Florida","3830","1152",
"1400000US12021010411","Census Tract 104.11; Collier County; Florida","7929","1258",
"1400000US12021010416","Census Tract 104.16; Collier County; Florida","6032","855",
"1400000US12021010419","Census Tract 104.19; Collier County; Florida","4667","676",
"1400000US12021010420","Census Tract 104.20; Collier County; Florida","7404","875",
"1400000US12021010421","Census Tract 104.21; Collier County; Florida","5109","997",
"1400000US12021010422","Census Tract 104.22; Collier County; Florida","4125","938",
"1400000US12021010423","Census Tract 104.23; Collier County; Florida","9130","874",
"1400000US12021010424","Census Tract 104.24; Collier County; Florida","5950","648",
"1400000US12021010425","Census Tract 104.25; Collier County; Florida","2829","851",
"1400000US12021010426","Census Tract 104.26; Collier County; Florida","6427","821",
"1400000US12021010427","Census Tract 104.27; Collier County; Florida","1093","238",
"1400000US12021010428","Census Tract 104.28; Collier County; Florida","9764","2364",
"1400000US12021010429","Census Tract 104.29; Collier County; Florida","2018","487",
"1400000US12021010430","Census Tract 104.30; Collier County; Florida","4521","1089",
"1400000US12021010431","Census Tract 104.31; Collier County; Florida","2024","435",
"1400000US12021010432","Census Tract 104.32; Collier County; Florida","3204","385",
"1400000US12021010433","Census Tract 104.33; Collier County; Florida","2340","484",
"1400000US12021010434","Census Tract 104.34; Collier County; Florida","6583","715",
"1400000US12021010435","Census Tract 104.35; Collier County; Florida","4923","640",
"1400000US12021010436","Census Tract 104.36; Collier County; Florida","9284","1099",
"1400000US12021010437","Census Tract 104.37; Collier County; Florida","2448","443",
"1400000US12021010438","Census Tract 104.38; Collier County; Florida","4219","665",
"1400000US12021010508","Census Tract 105.08; Collier County; Florida","4950","1581",
"1400000US12021010511","Census Tract 105.11; Collier County; Florida","4891","753",
"1400000US12021010512","Census Tract 105.12; Collier County; Florida","2549","375",
"1400000US12021010513","Census Tract 105.13; Collier County; Florida","2935","418",
"1400000US12021010514","Census Tract 105.14; Collier County; Florida","2580","281",
"1400000US12021010515","Census Tract 105.15; Collier County; Florida","2200","842",
"1400000US12021010516","Census Tract 105.16; Collier County; Florida","2133","564",
"1400000US12021010517","Census Tract 105.17; Collier County; Florida","1353","331",
"1400000US12021010518","Census Tract 105.18; Collier County; Florida","5143","819",
"1400000US12021010519","Census Tract 105.19; Collier County; Florida","2876","735",
"1400000US12021010520","Census Tract 105.20; Collier County; Florida","2365","327",
"1400000US12021010601","Census Tract 106.01; Collier County; Florida","2188","316",
"1400000US12021010602","Census Tract 106.02; Collier County; Florida","3333","537",
"1400000US12021010604","Census Tract 106.04; Collier County; Florida","3668","639",
"1400000US12021010605","Census Tract 106.05; Collier County; Florida","3403","433",
"1400000US12021010606","Census Tract 106.06; Collier County; Florida","2306","543",
"1400000US12021010701","Census Tract 107.01; Collier County; Florida","3292","652",
"1400000US12021010702","Census Tract 107.02; Collier County; Florida","4505","939",
"1400000US12021010801","Census Tract 108.01; Collier County; Florida","3822","450",
"1400000US12021010804","Census Tract 108.04; Collier County; Florida","5501","896",
"1400000US12021010805","Census Tract 108.05; Collier County; Florida","1885","418",
"1400000US12021010806","Census Tract 108.06; Collier County; Florida","1925","295",
"1400000US12021010807","Census Tract 108.07; Collier County; Florida","6639","1015",
"1400000US12021010808","Census Tract 108.08; Collier County; Florida","4456","639",
"1400000US12021010902","Census Tract 109.02; Collier County; Florida","3631","497",
"1400000US12021010904","Census Tract 109.04; Collier County; Florida","2208","640",
"1400000US12021010905","Census Tract 109.05; Collier County; Florida","2539","480",
"1400000US12021010906","Census Tract 109.06; Collier County; Florida","1509","295",
"1400000US12021010907","Census Tract 109.07; Collier County; Florida","2643","405",
"1400000US12021011003","Census Tract 110.03; Collier County; Florida","3779","492",
"1400000US12021011103","Census Tract 111.03; Collier County; Florida","2200","406",
"1400000US12021011107","Census Tract 111.07; Collier County; Florida","1182","884",
"1400000US12021011108","Census Tract 111.08; Collier County; Florida","7958","1014",
"1400000US12021011109","Census Tract 111.09; Collier County; Florida","2286","561",
"1400000US12021011110","Census Tract 111.10; Collier County; Florida","1830","226",
"1400000US12021011111","Census Tract 111.11; Collier County; Florida","3101","648",
"1400000US12021011112","Census Tract 111.12; Collier County; Florida","1347","216",
"1400000US12021011113","Census Tract 111.13; Collier County; Florida","816","127",
"1400000US12021011114","Census Tract 111.14; Collier County; Florida","4102","867",
"1400000US12021011204","Census Tract 112.04; Collier County; Florida","4103","821",
"1400000US12021011205","Census Tract 112.05; Collier County; Florida","3385","771",
"1400000US12021011206","Census Tract 112.06; Collier County; Florida","8423","1328",
"1400000US12021011207","Census Tract 112.07; Collier County; Florida","2367","256",
"1400000US12021011208","Census Tract 112.08; Collier County; Florida","8325","719",
"1400000US12021011209","Census Tract 112.09; Collier County; Florida","9720","1272",
"1400000US12021011210","Census Tract 112.10; Collier County; Florida","2931","401",
"1400000US12021011211","Census Tract 112.11; Collier County; Florida","5597","834",
"1400000US12021011212","Census Tract 112.12; Collier County; Florida","6084","609",
"1400000US12021011213","Census Tract 112.13; Collier County; Florida","4469","719",
"1400000US12021011214","Census Tract 112.14; Collier County; Florida","4040","943",
"1400000US12021011303","Census Tract 113.03; Collier County; Florida","4239","869",
"1400000US12021011304","Census Tract 113.04; Collier County; Florida","3077","522",
"1400000US12021011305","Census Tract 113.05; Collier County; Florida","2945","371",
"1400000US12021011306","Census Tract 113.06; Collier County; Florida","4378","803",
"1400000US12021011400","Census Tract 114; Collier County; Florida","4341","943",
"1400000US12021990000","Census Tract 9900; Collier County; Florida","0","15",
"1400000US12023110201","Census Tract 1102.01; Columbia County; Florida","3922","547",
"1400000US12023110202","Census Tract 1102.02; Columbia County; Florida","6934","1119",
"1400000US12023110300","Census Tract 1103; Columbia County; Florida","7977","790",
"1400000US12023110400","Census Tract 1104; Columbia County; Florida","3029","582",
"1400000US12023110500","Census Tract 1105; Columbia County; Florida","8172","650",
"1400000US12023110602","Census Tract 1106.02; Columbia County; Florida","4866","692",
"1400000US12023110603","Census Tract 1106.03; Columbia County; Florida","3013","663",
"1400000US12023110604","Census Tract 1106.04; Columbia County; Florida","6829","680",
"1400000US12023110700","Census Tract 1107; Columbia County; Florida","4845","529",
"1400000US12023110800","Census Tract 1108; Columbia County; Florida","6009","745",
"1400000US12023110901","Census Tract 1109.01; Columbia County; Florida","5280","666",
"1400000US12023110903","Census Tract 1109.03; Columbia County; Florida","4547","664",
"1400000US12023110904","Census Tract 1109.04; Columbia County; Florida","6366","728",
"1400000US12027010101","Census Tract 101.01; DeSoto County; Florida","4155","517",
"1400000US12027010102","Census Tract 101.02; DeSoto County; Florida","4957","585",
"1400000US12027010200","Census Tract 102; DeSoto County; Florida","5484","494",
"1400000US12027010301","Census Tract 103.01; DeSoto County; Florida","6752","917",
"1400000US12027010302","Census Tract 103.02; DeSoto County; Florida","2046","437",
"1400000US12027010403","Census Tract 104.03; DeSoto County; Florida","3540","610",
"1400000US12027010404","Census Tract 104.04; DeSoto County; Florida","3331","557",
"1400000US12027010405","Census Tract 104.05; DeSoto County; Florida","1722","333",
"1400000US12027010406","Census Tract 104.06; DeSoto County; Florida","3399","606",
"1400000US12029970101","Census Tract 9701.01; Dixie County; Florida","5097","453",
"1400000US12029970103","Census Tract 9701.03; Dixie County; Florida","3805","508",
"1400000US12029970104","Census Tract 9701.04; Dixie County; Florida","3913","681",
"1400000US12029970201","Census Tract 9702.01; Dixie County; Florida","1928","552",
"1400000US12029970202","Census Tract 9702.02; Dixie County; Florida","2315","398",
"1400000US12029990000","Census Tract 9900; Dixie County; Florida","0","15",
"1400000US12031000101","Census Tract 1.01; Duval County; Florida","2903","819",
"1400000US12031000102","Census Tract 1.02; Duval County; Florida","2196","372",
"1400000US12031000200","Census Tract 2; Duval County; Florida","2578","394",
"1400000US12031000300","Census Tract 3; Duval County; Florida","1837","336",
"1400000US12031000600","Census Tract 6; Duval County; Florida","6074","875",
"1400000US12031000700","Census Tract 7; Duval County; Florida","4292","636",
"1400000US12031000800","Census Tract 8; Duval County; Florida","3318","415",
"1400000US12031001000","Census Tract 10; Duval County; Florida","4105","196",
"1400000US12031001100","Census Tract 11; Duval County; Florida","2287","471",
"1400000US12031001200","Census Tract 12; Duval County; Florida","1967","382",
"1400000US12031001300","Census Tract 13; Duval County; Florida","3616","794",
"1400000US12031001401","Census Tract 14.01; Duval County; Florida","3418","940",
"1400000US12031001402","Census Tract 14.02; Duval County; Florida","2179","453",
"1400000US12031001500","Census Tract 15; Duval County; Florida","2956","647",
"1400000US12031001600","Census Tract 16; Duval County; Florida","1859","333",
"1400000US12031002101","Census Tract 21.01; Duval County; Florida","3394","659",
"1400000US12031002102","Census Tract 21.02; Duval County; Florida","2136","221",
"1400000US12031002200","Census Tract 22; Duval County; Florida","4958","496",
"1400000US12031002300","Census Tract 23; Duval County; Florida","1996","228",
"1400000US12031002400","Census Tract 24; Duval County; Florida","1934","251",
"1400000US12031002501","Census Tract 25.01; Duval County; Florida","3894","417",
"1400000US12031002502","Census Tract 25.02; Duval County; Florida","3509","453",
"1400000US12031002600","Census Tract 26; Duval County; Florida","3458","741",
"1400000US12031002701","Census Tract 27.01; Duval County; Florida","3557","614",
"1400000US12031002702","Census Tract 27.02; Duval County; Florida","4412","865",
"1400000US12031002801","Census Tract 28.01; Duval County; Florida","4480","593",
"1400000US12031002802","Census Tract 28.02; Duval County; Florida","5331","1126",
"1400000US12031002901","Census Tract 29.01; Duval County; Florida","3059","420",
"1400000US12031002902","Census Tract 29.02; Duval County; Florida","3814","987",
"1400000US12031010101","Census Tract 101.01; Duval County; Florida","9881","1109",
"1400000US12031010104","Census Tract 101.04; Duval County; Florida","7500","1071",
"1400000US12031010105","Census Tract 101.05; Duval County; Florida","2525","181",
"1400000US12031010106","Census Tract 101.06; Duval County; Florida","6086","533",
"1400000US12031010107","Census Tract 101.07; Duval County; Florida","5953","1178",
"1400000US12031010202","Census Tract 102.02; Duval County; Florida","3479","487",
"1400000US12031010203","Census Tract 102.03; Duval County; Florida","7919","1551",
"1400000US12031010204","Census Tract 102.04; Duval County; Florida","4843","589",
"1400000US12031010301","Census Tract 103.01; Duval County; Florida","8505","1159",
"1400000US12031010305","Census Tract 103.05; Duval County; Florida","7266","1889",
"1400000US12031010306","Census Tract 103.06; Duval County; Florida","1520","334",
"1400000US12031010307","Census Tract 103.07; Duval County; Florida","3538","1928",
"1400000US12031010308","Census Tract 103.08; Duval County; Florida","5709","875",
"1400000US12031010401","Census Tract 104.01; Duval County; Florida","2811","615",
"1400000US12031010402","Census Tract 104.02; Duval County; Florida","5217","1161",
"1400000US12031010501","Census Tract 105.01; Duval County; Florida","5674","1191",
"1400000US12031010502","Census Tract 105.02; Duval County; Florida","3917","551",
"1400000US12031010503","Census Tract 105.03; Duval County; Florida","6564","1722",
"1400000US12031010601","Census Tract 106.01; Duval County; Florida","4579","612",
"1400000US12031010602","Census Tract 106.02; Duval County; Florida","4108","1310",
"1400000US12031010700","Census Tract 107; Duval County; Florida","4150","1153",
"1400000US12031010800","Census Tract 108; Duval County; Florida","5788","908",
"1400000US12031010900","Census Tract 109; Duval County; Florida","3920","783",
"1400000US12031011000","Census Tract 110; Duval County; Florida","3657","559",
"1400000US12031011100","Census Tract 111; Duval County; Florida","3335","595",
"1400000US12031011200","Census Tract 112; Duval County; Florida","2780","492",
"1400000US12031011300","Census Tract 113; Duval County; Florida","3480","620",
"1400000US12031011400","Census Tract 114; Duval County; Florida","2144","530",
"1400000US12031011500","Census Tract 115; Duval County; Florida","3865","833",
"1400000US12031011600","Census Tract 116; Duval County; Florida","4276","893",
"1400000US12031011700","Census Tract 117; Duval County; Florida","3594","809",
"1400000US12031011800","Census Tract 118; Duval County; Florida","3017","579",
"1400000US12031011901","Census Tract 119.01; Duval County; Florida","7531","1656",
"1400000US12031011903","Census Tract 119.03; Duval County; Florida","5365","801",
"1400000US12031011904","Census Tract 119.04; Duval County; Florida","4244","518",
"1400000US12031011905","Census Tract 119.05; Duval County; Florida","7100","1147",
"1400000US12031012000","Census Tract 120; Duval County; Florida","6095","928",
"1400000US12031012100","Census Tract 121; Duval County; Florida","1622","409",
"1400000US12031012201","Census Tract 122.01; Duval County; Florida","3298","778",
"1400000US12031012202","Census Tract 122.02; Duval County; Florida","4263","625",
"1400000US12031012300","Census Tract 123; Duval County; Florida","3652","430",
"1400000US12031012400","Census Tract 124; Duval County; Florida","2473","502",
"1400000US12031012500","Census Tract 125; Duval County; Florida","4979","786",
"1400000US12031012601","Census Tract 126.01; Duval County; Florida","4588","774",
"1400000US12031012602","Census Tract 126.02; Duval County; Florida","5990","1301",
"1400000US12031012702","Census Tract 127.02; Duval County; Florida","5827","891",
"1400000US12031012703","Census Tract 127.03; Duval County; Florida","6428","1055",
"1400000US12031012704","Census Tract 127.04; Duval County; Florida","5266","954",
"1400000US12031012800","Census Tract 128; Duval County; Florida","7221","957",
"1400000US12031012900","Census Tract 129; Duval County; Florida","2683","479",
"1400000US12031013000","Census Tract 130; Duval County; Florida","2803","375",
"1400000US12031013100","Census Tract 131; Duval County; Florida","2425","330",
"1400000US12031013200","Census Tract 132; Duval County; Florida","2579","355",
"1400000US12031013301","Census Tract 133.01; Duval County; Florida","3338","503",
"1400000US12031013302","Census Tract 133.02; Duval County; Florida","4578","992",
"1400000US12031013402","Census Tract 134.02; Duval County; Florida","5756","985",
"1400000US12031013403","Census Tract 134.03; Duval County; Florida","2948","406",
"1400000US12031013404","Census Tract 134.04; Duval County; Florida","3104","523",
"1400000US12031013502","Census Tract 135.02; Duval County; Florida","3304","538",
"1400000US12031013504","Census Tract 135.04; Duval County; Florida","5443","1137",
"1400000US12031013522","Census Tract 135.22; Duval County; Florida","3947","1141",
"1400000US12031013523","Census Tract 135.23; Duval County; Florida","4722","983",
"1400000US12031013524","Census Tract 135.24; Duval County; Florida","3961","572",
"1400000US12031013525","Census Tract 135.25; Duval County; Florida","6319","1502",
"1400000US12031013526","Census Tract 135.26; Duval County; Florida","8322","1135",
"1400000US12031013723","Census Tract 137.23; Duval County; Florida","12892","1481",
"1400000US12031013728","Census Tract 137.28; Duval County; Florida","6449","1936",
"1400000US12031013729","Census Tract 137.29; Duval County; Florida","5437","787",
"1400000US12031013730","Census Tract 137.30; Duval County; Florida","3477","557",
"1400000US12031013731","Census Tract 137.31; Duval County; Florida","3912","506",
"1400000US12031013732","Census Tract 137.32; Duval County; Florida","5556","870",
"1400000US12031013733","Census Tract 137.33; Duval County; Florida","6954","603",
"1400000US12031013800","Census Tract 138; Duval County; Florida","3784","465",
"1400000US12031013901","Census Tract 139.01; Duval County; Florida","5410","1302",
"1400000US12031013902","Census Tract 139.02; Duval County; Florida","4798","488",
"1400000US12031013904","Census Tract 139.04; Duval County; Florida","5275","761",
"1400000US12031013905","Census Tract 139.05; Duval County; Florida","4295","492",
"1400000US12031013906","Census Tract 139.06; Duval County; Florida","4500","434",
"1400000US12031014001","Census Tract 140.01; Duval County; Florida","4378","385",
"1400000US12031014002","Census Tract 140.02; Duval County; Florida","2790","333",
"1400000US12031014101","Census Tract 141.01; Duval County; Florida","4909","523",
"1400000US12031014103","Census Tract 141.03; Duval County; Florida","2765","394",
"1400000US12031014104","Census Tract 141.04; Duval County; Florida","2114","514",
"1400000US12031014203","Census Tract 142.03; Duval County; Florida","4260","593",
"1400000US12031014204","Census Tract 142.04; Duval County; Florida","5575","1155",
"1400000US12031014205","Census Tract 142.05; Duval County; Florida","2702","489",
"1400000US12031014206","Census Tract 142.06; Duval County; Florida","1329","182",
"1400000US12031014311","Census Tract 143.11; Duval County; Florida","5418","533",
"1400000US12031014312","Census Tract 143.12; Duval County; Florida","7105","1071",
"1400000US12031014328","Census Tract 143.28; Duval County; Florida","7206","1021",
"1400000US12031014329","Census Tract 143.29; Duval County; Florida","3104","434",
"1400000US12031014330","Census Tract 143.30; Duval County; Florida","4482","545",
"1400000US12031014331","Census Tract 143.31; Duval County; Florida","4830","945",
"1400000US12031014333","Census Tract 143.33; Duval County; Florida","3623","427",
"1400000US12031014334","Census Tract 143.34; Duval County; Florida","4894","1271",
"1400000US12031014335","Census Tract 143.35; Duval County; Florida","8741","1099",
"1400000US12031014336","Census Tract 143.36; Duval County; Florida","6853","543",
"1400000US12031014338","Census Tract 143.38; Duval County; Florida","5380","1258",
"1400000US12031014339","Census Tract 143.39; Duval County; Florida","6426","929",
"1400000US12031014340","Census Tract 143.40; Duval County; Florida","5215","636",
"1400000US12031014341","Census Tract 143.41; Duval County; Florida","3424","433",
"1400000US12031014342","Census Tract 143.42; Duval County; Florida","4573","865",
"1400000US12031014343","Census Tract 143.43; Duval County; Florida","7879","2385",
"1400000US12031014344","Census Tract 143.44; Duval County; Florida","4854","961",
"1400000US12031014408","Census Tract 144.08; Duval County; Florida","4342","408",
"1400000US12031014413","Census Tract 144.13; Duval County; Florida","5768","588",
"1400000US12031014414","Census Tract 144.14; Duval County; Florida","7898","1675",
"1400000US12031014415","Census Tract 144.15; Duval County; Florida","6077","531",
"1400000US12031014416","Census Tract 144.16; Duval County; Florida","6638","974",
"1400000US12031014417","Census Tract 144.17; Duval County; Florida","8331","1110",
"1400000US12031014418","Census Tract 144.18; Duval County; Florida","1690","158",
"1400000US12031014419","Census Tract 144.19; Duval County; Florida","5239","649",
"1400000US12031014420","Census Tract 144.20; Duval County; Florida","4132","428",
"1400000US12031014421","Census Tract 144.21; Duval County; Florida","5883","651",
"1400000US12031014422","Census Tract 144.22; Duval County; Florida","2844","418",
"1400000US12031014423","Census Tract 144.23; Duval County; Florida","23561","3487",
"1400000US12031014424","Census Tract 144.24; Duval County; Florida","7402","698",
"1400000US12031014425","Census Tract 144.25; Duval County; Florida","4100","533",
"1400000US12031014426","Census Tract 144.26; Duval County; Florida","4701","762",
"1400000US12031014427","Census Tract 144.27; Duval County; Florida","2024","259",
"1400000US12031014428","Census Tract 144.28; Duval County; Florida","6393","1062",
"1400000US12031014500","Census Tract 145; Duval County; Florida","4683","1092",
"1400000US12031014601","Census Tract 146.01; Duval County; Florida","6123","621",
"1400000US12031014603","Census Tract 146.03; Duval County; Florida","5727","902",
"1400000US12031014604","Census Tract 146.04; Duval County; Florida","6219","1029",
"1400000US12031014702","Census Tract 147.02; Duval County; Florida","3618","927",
"1400000US12031014703","Census Tract 147.03; Duval County; Florida","1537","175",
"1400000US12031014704","Census Tract 147.04; Duval County; Florida","6401","1024",
"1400000US12031014800","Census Tract 148; Duval County; Florida","6925","844",
"1400000US12031014901","Census Tract 149.01; Duval County; Florida","6992","1193",
"1400000US12031014902","Census Tract 149.02; Duval County; Florida","8447","856",
"1400000US12031015001","Census Tract 150.01; Duval County; Florida","6301","733",
"1400000US12031015002","Census Tract 150.02; Duval County; Florida","4508","830",
"1400000US12031015100","Census Tract 151; Duval County; Florida","5084","930",
"1400000US12031015200","Census Tract 152; Duval County; Florida","3219","525",
"1400000US12031015300","Census Tract 153; Duval County; Florida","3374","607",
"1400000US12031015400","Census Tract 154; Duval County; Florida","2641","425",
"1400000US12031015501","Census Tract 155.01; Duval County; Florida","3899","721",
"1400000US12031015502","Census Tract 155.02; Duval County; Florida","5502","750",
"1400000US12031015600","Census Tract 156; Duval County; Florida","4151","804",
"1400000US12031015701","Census Tract 157.01; Duval County; Florida","1720","385",
"1400000US12031015702","Census Tract 157.02; Duval County; Florida","3281","705",
"1400000US12031015803","Census Tract 158.03; Duval County; Florida","3425","825",
"1400000US12031015804","Census Tract 158.04; Duval County; Florida","3329","518",
"1400000US12031015805","Census Tract 158.05; Duval County; Florida","7568","1450",
"1400000US12031015806","Census Tract 158.06; Duval County; Florida","2981","377",
"1400000US12031015922","Census Tract 159.22; Duval County; Florida","4396","609",
"1400000US12031015924","Census Tract 159.24; Duval County; Florida","5440","671",
"1400000US12031015925","Census Tract 159.25; Duval County; Florida","5799","863",
"1400000US12031015926","Census Tract 159.26; Duval County; Florida","9502","911",
"1400000US12031015927","Census Tract 159.27; Duval County; Florida","2841","787",
"1400000US12031015928","Census Tract 159.28; Duval County; Florida","1933","508",
"1400000US12031015929","Census Tract 159.29; Duval County; Florida","5095","767",
"1400000US12031016001","Census Tract 160.01; Duval County; Florida","4360","1364",
"1400000US12031016002","Census Tract 160.02; Duval County; Florida","3650","630",
"1400000US12031016101","Census Tract 161.01; Duval County; Florida","3386","1106",
"1400000US12031016102","Census Tract 161.02; Duval County; Florida","4034","596",
"1400000US12031016200","Census Tract 162; Duval County; Florida","2138","363",
"1400000US12031016300","Census Tract 163; Duval County; Florida","2441","357",
"1400000US12031016400","Census Tract 164; Duval County; Florida","5770","865",
"1400000US12031016500","Census Tract 165; Duval County; Florida","5469","810",
"1400000US12031016603","Census Tract 166.03; Duval County; Florida","3464","667",
"1400000US12031016604","Census Tract 166.04; Duval County; Florida","4445","623",
"1400000US12031016605","Census Tract 166.05; Duval County; Florida","2400","342",
"1400000US12031016606","Census Tract 166.06; Duval County; Florida","5546","1102",
"1400000US12031016711","Census Tract 167.11; Duval County; Florida","4367","784",
"1400000US12031016724","Census Tract 167.24; Duval County; Florida","5434","723",
"1400000US12031016725","Census Tract 167.25; Duval County; Florida","4145","682",
"1400000US12031016726","Census Tract 167.26; Duval County; Florida","3947","754",
"1400000US12031016727","Census Tract 167.27; Duval County; Florida","4084","602",
"1400000US12031016728","Census Tract 167.28; Duval County; Florida","5490","764",
"1400000US12031016729","Census Tract 167.29; Duval County; Florida","6322","592",
"1400000US12031016730","Census Tract 167.30; Duval County; Florida","4168","776",
"1400000US12031016731","Census Tract 167.31; Duval County; Florida","5627","748",
"1400000US12031016801","Census Tract 168.01; Duval County; Florida","2053","300",
"1400000US12031016803","Census Tract 168.03; Duval County; Florida","7015","528",
"1400000US12031016804","Census Tract 168.04; Duval County; Florida","8623","933",
"1400000US12031016807","Census Tract 168.07; Duval County; Florida","4282","510",
"1400000US12031016808","Census Tract 168.08; Duval County; Florida","4187","1127",
"1400000US12031016809","Census Tract 168.09; Duval County; Florida","5693","1124",
"1400000US12031016810","Census Tract 168.10; Duval County; Florida","2630","530",
"1400000US12031016811","Census Tract 168.11; Duval County; Florida","5990","1140",
"1400000US12031016812","Census Tract 168.12; Duval County; Florida","4297","671",
"1400000US12031016813","Census Tract 168.13; Duval County; Florida","8395","1309",
"1400000US12031017101","Census Tract 171.01; Duval County; Florida","4304","710",
"1400000US12031017102","Census Tract 171.02; Duval County; Florida","2902","415",
"1400000US12031017200","Census Tract 172; Duval County; Florida","2958","341",
"1400000US12031017300","Census Tract 173; Duval County; Florida","9791","1381",
"1400000US12031017400","Census Tract 174; Duval County; Florida","2803","772",
"1400000US12031990000","Census Tract 9900; Duval County; Florida","0","15",
"1400000US12033000100","Census Tract 1; Escambia County; Florida","2203","421",
"1400000US12033000300","Census Tract 3; Escambia County; Florida","2765","594",
"1400000US12033000400","Census Tract 4; Escambia County; Florida","3651","644",
"1400000US12033000500","Census Tract 5; Escambia County; Florida","1415","225",
"1400000US12033000600","Census Tract 6; Escambia County; Florida","1516","348",
"1400000US12033000801","Census Tract 8.01; Escambia County; Florida","1940","313",
"1400000US12033000802","Census Tract 8.02; Escambia County; Florida","2957","578",
"1400000US12033000900","Census Tract 9; Escambia County; Florida","2413","306",
"1400000US12033001001","Census Tract 10.01; Escambia County; Florida","5715","595",
"1400000US12033001002","Census Tract 10.02; Escambia County; Florida","2659","278",
"1400000US12033001101","Census Tract 11.01; Escambia County; Florida","6039","800",
"1400000US12033001103","Census Tract 11.03; Escambia County; Florida","3141","447",
"1400000US12033001104","Census Tract 11.04; Escambia County; Florida","5673","491",
"1400000US12033001201","Census Tract 12.01; Escambia County; Florida","4951","795",
"1400000US12033001202","Census Tract 12.02; Escambia County; Florida","4300","663",
"1400000US12033001300","Census Tract 13; Escambia County; Florida","4335","706",
"1400000US12033001401","Census Tract 14.01; Escambia County; Florida","6097","559",
"1400000US12033001402","Census Tract 14.02; Escambia County; Florida","7131","881",
"1400000US12033001500","Census Tract 15; Escambia County; Florida","1103","204",
"1400000US12033001600","Census Tract 16; Escambia County; Florida","2518","511",
"1400000US12033001700","Census Tract 17; Escambia County; Florida","3192","598",
"1400000US12033001800","Census Tract 18; Escambia County; Florida","1679","310",
"1400000US12033001900","Census Tract 19; Escambia County; Florida","1939","488",
"1400000US12033002000","Census Tract 20; Escambia County; Florida","1733","310",
"1400000US12033002100","Census Tract 21; Escambia County; Florida","4739","842",
"1400000US12033002200","Census Tract 22; Escambia County; Florida","3949","666",
"1400000US12033002300","Census Tract 23; Escambia County; Florida","5011","767",
"1400000US12033002400","Census Tract 24; Escambia County; Florida","5281","298",
"1400000US12033002500","Census Tract 25; Escambia County; Florida","2661","450",
"1400000US12033002601","Census Tract 26.01; Escambia County; Florida","3694","829",
"1400000US12033002602","Census Tract 26.02; Escambia County; Florida","1814","313",
"1400000US12033002604","Census Tract 26.04; Escambia County; Florida","4380","477",
"1400000US12033002605","Census Tract 26.05; Escambia County; Florida","4603","678",
"1400000US12033002606","Census Tract 26.06; Escambia County; Florida","3042","642",
"1400000US12033002607","Census Tract 26.07; Escambia County; Florida","5723","1619",
"1400000US12033002701","Census Tract 27.01; Escambia County; Florida","3067","513",
"1400000US12033002703","Census Tract 27.03; Escambia County; Florida","2680","601",
"1400000US12033002704","Census Tract 27.04; Escambia County; Florida","5685","1289",
"1400000US12033002801","Census Tract 28.01; Escambia County; Florida","2645","553",
"1400000US12033002802","Census Tract 28.02; Escambia County; Florida","5054","762",
"1400000US12033002803","Census Tract 28.03; Escambia County; Florida","2939","571",
"1400000US12033002804","Census Tract 28.04; Escambia County; Florida","3562","318",
"1400000US12033002900","Census Tract 29; Escambia County; Florida","4152","676",
"1400000US12033003001","Census Tract 30.01; Escambia County; Florida","3772","562",
"1400000US12033003002","Census Tract 30.02; Escambia County; Florida","3685","773",
"1400000US12033003100","Census Tract 31; Escambia County; Florida","4975","717",
"1400000US12033003201","Census Tract 32.01; Escambia County; Florida","4869","811",
"1400000US12033003203","Census Tract 32.03; Escambia County; Florida","5083","700",
"1400000US12033003204","Census Tract 32.04; Escambia County; Florida","3316","700",
"1400000US12033003301","Census Tract 33.01; Escambia County; Florida","4779","663",
"1400000US12033003305","Census Tract 33.05; Escambia County; Florida","2635","317",
"1400000US12033003307","Census Tract 33.07; Escambia County; Florida","2020","253",
"1400000US12033003308","Census Tract 33.08; Escambia County; Florida","5167","637",
"1400000US12033003310","Census Tract 33.10; Escambia County; Florida","5199","641",
"1400000US12033003311","Census Tract 33.11; Escambia County; Florida","3143","464",
"1400000US12033003312","Census Tract 33.12; Escambia County; Florida","3190","569",
"1400000US12033003313","Census Tract 33.13; Escambia County; Florida","3519","442",
"1400000US12033003400","Census Tract 34; Escambia County; Florida","6913","1375",
"1400000US12033003505","Census Tract 35.05; Escambia County; Florida","3805","414",
"1400000US12033003506","Census Tract 35.06; Escambia County; Florida","5236","1226",
"1400000US12033003507","Census Tract 35.07; Escambia County; Florida","6444","1021",
"1400000US12033003509","Census Tract 35.09; Escambia County; Florida","4880","602",
"1400000US12033003510","Census Tract 35.10; Escambia County; Florida","2526","544",
"1400000US12033003511","Census Tract 35.11; Escambia County; Florida","1947","346",
"1400000US12033003512","Census Tract 35.12; Escambia County; Florida","4430","1116",
"1400000US12033003603","Census Tract 36.03; Escambia County; Florida","11600","1554",
"1400000US12033003607","Census Tract 36.07; Escambia County; Florida","3848","332",
"1400000US12033003608","Census Tract 36.08; Escambia County; Florida","8631","1702",
"1400000US12033003609","Census Tract 36.09; Escambia County; Florida","3460","469",
"1400000US12033003610","Census Tract 36.10; Escambia County; Florida","6570","881",
"1400000US12033003611","Census Tract 36.11; Escambia County; Florida","5634","719",
"1400000US12033003612","Census Tract 36.12; Escambia County; Florida","6691","866",
"1400000US12033003613","Census Tract 36.13; Escambia County; Florida","4164","627",
"1400000US12033003614","Census Tract 36.14; Escambia County; Florida","6426","1042",
"1400000US12033003700","Census Tract 37; Escambia County; Florida","6510","853",
"1400000US12033003800","Census Tract 38; Escambia County; Florida","5314","927",
"1400000US12033003900","Census Tract 39; Escambia County; Florida","4959","840",
"1400000US12033004000","Census Tract 40; Escambia County; Florida","4837","573",
"1400000US12033990000","Census Tract 9900; Escambia County; Florida","0","15",
"1400000US12035060103","Census Tract 601.03; Flagler County; Florida","2423","253",
"1400000US12035060104","Census Tract 601.04; Flagler County; Florida","5042","688",
"1400000US12035060105","Census Tract 601.05; Flagler County; Florida","5021","618",
"1400000US12035060106","Census Tract 601.06; Flagler County; Florida","3999","357",
"1400000US12035060107","Census Tract 601.07; Flagler County; Florida","5162","641",
"1400000US12035060206","Census Tract 602.06; Flagler County; Florida","5985","775",
"1400000US12035060207","Census Tract 602.07; Flagler County; Florida","7321","867",
"1400000US12035060208","Census Tract 602.08; Flagler County; Florida","10490","909",
"1400000US12035060210","Census Tract 602.10; Flagler County; Florida","4457","421",
"1400000US12035060211","Census Tract 602.11; Flagler County; Florida","7748","886",
"1400000US12035060212","Census Tract 602.12; Flagler County; Florida","5544","797",
"1400000US12035060213","Census Tract 602.13; Flagler County; Florida","8945","1334",
"1400000US12035060214","Census Tract 602.14; Flagler County; Florida","9847","1178",
"1400000US12035060215","Census Tract 602.15; Flagler County; Florida","5784","611",
"1400000US12035060216","Census Tract 602.16; Flagler County; Florida","4862","569",
"1400000US12035060217","Census Tract 602.17; Flagler County; Florida","3810","656",
"1400000US12035060218","Census Tract 602.18; Flagler County; Florida","5902","689",
"1400000US12035060219","Census Tract 602.19; Flagler County; Florida","4174","732",
"1400000US12035060220","Census Tract 602.20; Flagler County; Florida","3075","510",
"1400000US12035060301","Census Tract 603.01; Flagler County; Florida","7007","564",
"1400000US12035060302","Census Tract 603.02; Flagler County; Florida","3841","335",
"1400000US12035060303","Census Tract 603.03; Flagler County; Florida","3278","611",
"1400000US12035060304","Census Tract 603.04; Flagler County; Florida","2811","430",
"1400000US12035990000","Census Tract 9900; Flagler County; Florida","0","15",
"1400000US12037970101","Census Tract 9701.01; Franklin County; Florida","1977","89",
"1400000US12037970102","Census Tract 9701.02; Franklin County; Florida","1833","312",
"1400000US12037970200","Census Tract 9702; Franklin County; Florida","3818","448",
"1400000US12037970302","Census Tract 9703.02; Franklin County; Florida","2594","396",
"1400000US12037970304","Census Tract 9703.04; Franklin County; Florida","2331","424",
"1400000US12037990000","Census Tract 9900; Franklin County; Florida","0","15",
"1400000US12037990100","Census Tract 9901; Franklin County; Florida","0","15",
"1400000US12039020101","Census Tract 201.01; Gadsden County; Florida","4618","453",
"1400000US12039020103","Census Tract 201.03; Gadsden County; Florida","2478","420",
"1400000US12039020104","Census Tract 201.04; Gadsden County; Florida","3105","511",
"1400000US12039020300","Census Tract 203; Gadsden County; Florida","4214","625",
"1400000US12039020400","Census Tract 204; Gadsden County; Florida","4575","462",
"1400000US12039020500","Census Tract 205; Gadsden County; Florida","5460","823",
"1400000US12039020600","Census Tract 206; Gadsden County; Florida","5132","379",
"1400000US12039020701","Census Tract 207.01; Gadsden County; Florida","3542","368",
"1400000US12039020702","Census Tract 207.02; Gadsden County; Florida","5922","595",
"1400000US12039020800","Census Tract 208; Gadsden County; Florida","4664","688",
"1400000US12041950100","Census Tract 9501; Gilchrist County; Florida","6354","736",
"1400000US12041950201","Census Tract 9502.01; Gilchrist County; Florida","2757","483",
"1400000US12041950202","Census Tract 9502.02; Gilchrist County; Florida","3086","362",
"1400000US12041950203","Census Tract 9502.03; Gilchrist County; Florida","3280","427",
"1400000US12041950204","Census Tract 9502.04; Gilchrist County; Florida","3563","456",
"1400000US12043000100","Census Tract 1; Glades County; Florida","1986","340",
"1400000US12043000201","Census Tract 2.01; Glades County; Florida","2990","459",
"1400000US12043000202","Census Tract 2.02; Glades County; Florida","4199","452",
"1400000US12043000300","Census Tract 3; Glades County; Florida","3388","431",
"1400000US12043990000","Census Tract 9900; Glades County; Florida","0","15",
"1400000US12045960101","Census Tract 9601.01; Gulf County; Florida","3387","378",
"1400000US12045960102","Census Tract 9601.02; Gulf County; Florida","4114","302",
"1400000US12045960200","Census Tract 9602; Gulf County; Florida","3025","404",
"1400000US12045960301","Census Tract 9603.01; Gulf County; Florida","1238","190",
"1400000US12045960302","Census Tract 9603.02; Gulf County; Florida","3367","307",
"1400000US12045990000","Census Tract 9900; Gulf County; Florida","0","15",
"1400000US12047960101","Census Tract 9601.01; Hamilton County; Florida","2814","372",
"1400000US12047960102","Census Tract 9601.02; Hamilton County; Florida","2387","436",
"1400000US12047960103","Census Tract 9601.03; Hamilton County; Florida","1149","253",
"1400000US12047960201","Census Tract 9602.01; Hamilton County; Florida","1650","306",
"1400000US12047960202","Census Tract 9602.02; Hamilton County; Florida","3452","451",
"1400000US12047960300","Census Tract 9603; Hamilton County; Florida","2164","420",
"1400000US12049970101","Census Tract 9701.01; Hardee County; Florida","3234","398",
"1400000US12049970102","Census Tract 9701.02; Hardee County; Florida","4053","543",
"1400000US12049970201","Census Tract 9702.01; Hardee County; Florida","3032","528",
"1400000US12049970202","Census Tract 9702.02; Hardee County; Florida","1344","434",
"1400000US12049970301","Census Tract 9703.01; Hardee County; Florida","5000","705",
"1400000US12049970302","Census Tract 9703.02; Hardee County; Florida","2625","165",
"1400000US12049970401","Census Tract 9704.01; Hardee County; Florida","4064","559",
"1400000US12049970402","Census Tract 9704.02; Hardee County; Florida","2323","321",
"1400000US12051000101","Census Tract 1.01; Hendry County; Florida","3890","621",
"1400000US12051000102","Census Tract 1.02; Hendry County; Florida","3552","602",
"1400000US12051000200","Census Tract 2; Hendry County; Florida","6574","762",
"1400000US12051000300","Census Tract 3; Hendry County; Florida","10480","969",
"1400000US12051000401","Census Tract 4.01; Hendry County; Florida","3907","702",
"1400000US12051000403","Census Tract 4.03; Hendry County; Florida","4341","756",
"1400000US12051000404","Census Tract 4.04; Hendry County; Florida","4351","575",
"1400000US12051000601","Census Tract 6.01; Hendry County; Florida","1158","229",
"1400000US12051000602","Census Tract 6.02; Hendry County; Florida","4129","670",
"1400000US12051990000","Census Tract 9900; Hendry County; Florida","0","15",
"1400000US12053040101","Census Tract 401.01; Hernando County; Florida","6496","1111",
"1400000US12053040102","Census Tract 401.02; Hernando County; Florida","2159","302",
"1400000US12053040201","Census Tract 402.01; Hernando County; Florida","2639","445",
"1400000US12053040202","Census Tract 402.02; Hernando County; Florida","6531","828",
"1400000US12053040301","Census Tract 403.01; Hernando County; Florida","2054","432",
"1400000US12053040302","Census Tract 403.02; Hernando County; Florida","5033","748",
"1400000US12053040303","Census Tract 403.03; Hernando County; Florida","3019","244",
"1400000US12053040400","Census Tract 404; Hernando County; Florida","3747","732",
"1400000US12053040501","Census Tract 405.01; Hernando County; Florida","4783","1316",
"1400000US12053040502","Census Tract 405.02; Hernando County; Florida","3039","496",
"1400000US12053040601","Census Tract 406.01; Hernando County; Florida","3208","460",
"1400000US12053040602","Census Tract 406.02; Hernando County; Florida","2884","454",
"1400000US12053040701","Census Tract 407.01; Hernando County; Florida","9154","1132",
"1400000US12053040702","Census Tract 407.02; Hernando County; Florida","6334","815",
"1400000US12053040801","Census Tract 408.01; Hernando County; Florida","3548","371",
"1400000US12053040802","Census Tract 408.02; Hernando County; Florida","4923","547",
"1400000US12053040901","Census Tract 409.01; Hernando County; Florida","6475","682",
"1400000US12053040906","Census Tract 409.06; Hernando County; Florida","9120","1049",
"1400000US12053040907","Census Tract 409.07; Hernando County; Florida","3121","421",
"1400000US12053040908","Census Tract 409.08; Hernando County; Florida","9182","1112",
"1400000US12053040909","Census Tract 409.09; Hernando County; Florida","5273","731",
"1400000US12053040910","Census Tract 409.10; Hernando County; Florida","4949","730",
"1400000US12053040911","Census Tract 409.11; Hernando County; Florida","6381","519",
"1400000US12053040912","Census Tract 409.12; Hernando County; Florida","3046","434",
"1400000US12053040913","Census Tract 409.13; Hernando County; Florida","3464","468",
"1400000US12053041003","Census Tract 410.03; Hernando County; Florida","3559","547",
"1400000US12053041004","Census Tract 410.04; Hernando County; Florida","6236","560",
"1400000US12053041005","Census Tract 410.05; Hernando County; Florida","2772","379",
"1400000US12053041006","Census Tract 410.06; Hernando County; Florida","7698","932",
"1400000US12053041103","Census Tract 411.03; Hernando County; Florida","4498","451",
"1400000US12053041104","Census Tract 411.04; Hernando County; Florida","3390","468",
"1400000US12053041105","Census Tract 411.05; Hernando County; Florida","5318","705",
"1400000US12053041106","Census Tract 411.06; Hernando County; Florida","4347","435",
"1400000US12053041201","Census Tract 412.01; Hernando County; Florida","5000","877",
"1400000US12053041203","Census Tract 412.03; Hernando County; Florida","4397","510",
"1400000US12053041204","Census Tract 412.04; Hernando County; Florida","3489","333",
"1400000US12053041302","Census Tract 413.02; Hernando County; Florida","3618","429",
"1400000US12053041303","Census Tract 413.03; Hernando County; Florida","2232","295",
"1400000US12053041304","Census Tract 413.04; Hernando County; Florida","1969","321",
"1400000US12053041305","Census Tract 413.05; Hernando County; Florida","1397","206",
"1400000US12053041401","Census Tract 414.01; Hernando County; Florida","6163","760",
"1400000US12053041402","Census Tract 414.02; Hernando County; Florida","6819","1021",
"1400000US12053041501","Census Tract 415.01; Hernando County; Florida","3428","428",
"1400000US12053041502","Census Tract 415.02; Hernando County; Florida","4458","537",
"1400000US12053041601","Census Tract 416.01; Hernando County; Florida","3455","533",
"1400000US12053041602","Census Tract 416.02; Hernando County; Florida","2213","703",
"1400000US12053990000","Census Tract 9900; Hernando County; Florida","0","15",
"1400000US12055960101","Census Tract 9601.01; Highlands County; Florida","2685","413",
"1400000US12055960102","Census Tract 9601.02; Highlands County; Florida","1324","214",
"1400000US12055960104","Census Tract 9601.04; Highlands County; Florida","3433","708",
"1400000US12055960105","Census Tract 9601.05; Highlands County; Florida","1740","343",
"1400000US12055960200","Census Tract 9602; Highlands County; Florida","4494","625",
"1400000US12055960300","Census Tract 9603; Highlands County; Florida","4442","501",
"1400000US12055960401","Census Tract 9604.01; Highlands County; Florida","3908","524",
"1400000US12055960402","Census Tract 9604.02; Highlands County; Florida","3630","690",
"1400000US12055960501","Census Tract 9605.01; Highlands County; Florida","1554","334",
"1400000US12055960503","Census Tract 9605.03; Highlands County; Florida","5382","714",
"1400000US12055960504","Census Tract 9605.04; Highlands County; Florida","2752","433",
"1400000US12055960601","Census Tract 9606.01; Highlands County; Florida","3051","291",
"1400000US12055960602","Census Tract 9606.02; Highlands County; Florida","5473","666",
"1400000US12055960700","Census Tract 9607; Highlands County; Florida","4061","529",
"1400000US12055960800","Census Tract 9608; Highlands County; Florida","3077","517",
"1400000US12055960900","Census Tract 9609; Highlands County; Florida","2621","452",
"1400000US12055961000","Census Tract 9610; Highlands County; Florida","4564","679",
"1400000US12055961100","Census Tract 9611; Highlands County; Florida","3859","554",
"1400000US12055961201","Census Tract 9612.01; Highlands County; Florida","2698","466",
"1400000US12055961202","Census Tract 9612.02; Highlands County; Florida","2864","628",
"1400000US12055961301","Census Tract 9613.01; Highlands County; Florida","7249","829",
"1400000US12055961303","Census Tract 9613.03; Highlands County; Florida","1864","482",
"1400000US12055961304","Census Tract 9613.04; Highlands County; Florida","3218","453",
"1400000US12055961401","Census Tract 9614.01; Highlands County; Florida","3429","565",
"1400000US12055961402","Census Tract 9614.02; Highlands County; Florida","2592","468",
"1400000US12055961500","Census Tract 9615; Highlands County; Florida","5233","811",
"1400000US12055961601","Census Tract 9616.01; Highlands County; Florida","1184","157",
"1400000US12055961602","Census Tract 9616.02; Highlands County; Florida","1120","225",
"1400000US12055961604","Census Tract 9616.04; Highlands County; Florida","2535","399",
"1400000US12055961605","Census Tract 9616.05; Highlands County; Florida","4608","810",
"1400000US12055961701","Census Tract 9617.01; Highlands County; Florida","3059","454",
"1400000US12055961702","Census Tract 9617.02; Highlands County; Florida","1982","303",
"1400000US12055980000","Census Tract 9800; Highlands County; Florida","17","18",
"1400000US12055980100","Census Tract 9801; Highlands County; Florida","0","15",
"1400000US12055980200","Census Tract 9802; Highlands County; Florida","0","15",
"1400000US12057000101","Census Tract 1.01; Hillsborough County; Florida","4201","566",
"1400000US12057000102","Census Tract 1.02; Hillsborough County; Florida","5553","1120",
"1400000US12057000201","Census Tract 2.01; Hillsborough County; Florida","3409","938",
"1400000US12057000202","Census Tract 2.02; Hillsborough County; Florida","5296","788",
"1400000US12057000301","Census Tract 3.01; Hillsborough County; Florida","4263","960",
"1400000US12057000302","Census Tract 3.02; Hillsborough County; Florida","2561","586",
"1400000US12057000401","Census Tract 4.01; Hillsborough County; Florida","2405","363",
"1400000US12057000402","Census Tract 4.02; Hillsborough County; Florida","2823","657",
"1400000US12057000500","Census Tract 5; Hillsborough County; Florida","4250","522",
"1400000US12057000601","Census Tract 6.01; Hillsborough County; Florida","5061","963",
"1400000US12057000602","Census Tract 6.02; Hillsborough County; Florida","2960","560",
"1400000US12057000701","Census Tract 7.01; Hillsborough County; Florida","3846","639",
"1400000US12057000702","Census Tract 7.02; Hillsborough County; Florida","2773","474",
"1400000US12057000800","Census Tract 8; Hillsborough County; Florida","3564","569",
"1400000US12057000901","Census Tract 9.01; Hillsborough County; Florida","2511","466",
"1400000US12057000902","Census Tract 9.02; Hillsborough County; Florida","4053","797",
"1400000US12057001001","Census Tract 10.01; Hillsborough County; Florida","3706","803",
"1400000US12057001002","Census Tract 10.02; Hillsborough County; Florida","5741","923",
"1400000US12057001100","Census Tract 11; Hillsborough County; Florida","2422","467",
"1400000US12057001200","Census Tract 12; Hillsborough County; Florida","2965","586",
"1400000US12057001300","Census Tract 13; Hillsborough County; Florida","5412","1105",
"1400000US12057001400","Census Tract 14; Hillsborough County; Florida","4810","626",
"1400000US12057001500","Census Tract 15; Hillsborough County; Florida","2833","505",
"1400000US12057001600","Census Tract 16; Hillsborough County; Florida","2321","233",
"1400000US12057001700","Census Tract 17; Hillsborough County; Florida","4934","830",
"1400000US12057001800","Census Tract 18; Hillsborough County; Florida","5193","956",
"1400000US12057001900","Census Tract 19; Hillsborough County; Florida","3305","598",
"1400000US12057002000","Census Tract 20; Hillsborough County; Florida","2784","353",
"1400000US12057002100","Census Tract 21; Hillsborough County; Florida","2771","500",
"1400000US12057002200","Census Tract 22; Hillsborough County; Florida","1623","213",
"1400000US12057002300","Census Tract 23; Hillsborough County; Florida","3340","481",
"1400000US12057002400","Census Tract 24; Hillsborough County; Florida","4276","501",
"1400000US12057002500","Census Tract 25; Hillsborough County; Florida","6878","1379",
"1400000US12057002600","Census Tract 26; Hillsborough County; Florida","1396","227",
"1400000US12057002701","Census Tract 27.01; Hillsborough County; Florida","3887","731",
"1400000US12057002702","Census Tract 27.02; Hillsborough County; Florida","2729","570",
"1400000US12057002800","Census Tract 28; Hillsborough County; Florida","3094","352",
"1400000US12057002900","Census Tract 29; Hillsborough County; Florida","1818","359",
"1400000US12057003000","Census Tract 30; Hillsborough County; Florida","2633","466",
"1400000US12057003100","Census Tract 31; Hillsborough County; Florida","2158","442",
"1400000US12057003200","Census Tract 32; Hillsborough County; Florida","1800","327",
"1400000US12057003300","Census Tract 33; Hillsborough County; Florida","2311","545",
"1400000US12057003400","Census Tract 34; Hillsborough County; Florida","3704","849",
"1400000US12057003500","Census Tract 35; Hillsborough County; Florida","2476","408",
"1400000US12057003600","Census Tract 36; Hillsborough County; Florida","4466","819",
"1400000US12057003700","Census Tract 37; Hillsborough County; Florida","1248","222",
"1400000US12057003800","Census Tract 38; Hillsborough County; Florida","1283","285",
"1400000US12057004100","Census Tract 41; Hillsborough County; Florida","1981","250",
"1400000US12057004200","Census Tract 42; Hillsborough County; Florida","1612","290",
"1400000US12057004300","Census Tract 43; Hillsborough County; Florida","1604","239",
"1400000US12057004400","Census Tract 44; Hillsborough County; Florida","1900","468",
"1400000US12057004500","Census Tract 45; Hillsborough County; Florida","4113","531",
"1400000US12057004601","Census Tract 46.01; Hillsborough County; Florida","4422","599",
"1400000US12057004602","Census Tract 46.02; Hillsborough County; Florida","1935","454",
"1400000US12057004700","Census Tract 47; Hillsborough County; Florida","2444","600",
"1400000US12057004800","Census Tract 48; Hillsborough County; Florida","3821","476",
"1400000US12057004901","Census Tract 49.01; Hillsborough County; Florida","2219","333",
"1400000US12057004902","Census Tract 49.02; Hillsborough County; Florida","3307","591",
"1400000US12057005000","Census Tract 50; Hillsborough County; Florida","8772","744",
"1400000US12057005101","Census Tract 51.01; Hillsborough County; Florida","4329","475",
"1400000US12057005102","Census Tract 51.02; Hillsborough County; Florida","4839","424",
"1400000US12057005301","Census Tract 53.01; Hillsborough County; Florida","5122","671",
"1400000US12057005302","Census Tract 53.02; Hillsborough County; Florida","1785","385",
"1400000US12057005401","Census Tract 54.01; Hillsborough County; Florida","5227","701",
"1400000US12057005500","Census Tract 55; Hillsborough County; Florida","2789","373",
"1400000US12057005700","Census Tract 57; Hillsborough County; Florida","4872","548",
"1400000US12057005800","Census Tract 58; Hillsborough County; Florida","5486","591",
"1400000US12057005900","Census Tract 59; Hillsborough County; Florida","6674","810",
"1400000US12057006000","Census Tract 60; Hillsborough County; Florida","5876","709",
"1400000US12057006101","Census Tract 61.01; Hillsborough County; Florida","3460","560",
"1400000US12057006103","Census Tract 61.03; Hillsborough County; Florida","4130","544",
"1400000US12057006200","Census Tract 62; Hillsborough County; Florida","4380","532",
"1400000US12057006300","Census Tract 63; Hillsborough County; Florida","4725","556",
"1400000US12057006400","Census Tract 64; Hillsborough County; Florida","4321","584",
"1400000US12057006501","Census Tract 65.01; Hillsborough County; Florida","3593","454",
"1400000US12057006503","Census Tract 65.03; Hillsborough County; Florida","1381","281",
"1400000US12057006504","Census Tract 65.04; Hillsborough County; Florida","733","136",
"1400000US12057006600","Census Tract 66; Hillsborough County; Florida","4435","691",
"1400000US12057006700","Census Tract 67; Hillsborough County; Florida","6020","755",
"1400000US12057006801","Census Tract 68.01; Hillsborough County; Florida","5183","663",
"1400000US12057006802","Census Tract 68.02; Hillsborough County; Florida","3582","311",
"1400000US12057006900","Census Tract 69; Hillsborough County; Florida","5781","758",
"1400000US12057007001","Census Tract 70.01; Hillsborough County; Florida","4254","855",
"1400000US12057007002","Census Tract 70.02; Hillsborough County; Florida","3212","515",
"1400000US12057007102","Census Tract 71.02; Hillsborough County; Florida","4906","621",
"1400000US12057007103","Census Tract 71.03; Hillsborough County; Florida","4060","426",
"1400000US12057007200","Census Tract 72; Hillsborough County; Florida","5785","764",
"1400000US12057007300","Census Tract 73; Hillsborough County; Florida","2393","403",
"1400000US12057010105","Census Tract 101.05; Hillsborough County; Florida","5443","1138",
"1400000US12057010106","Census Tract 101.06; Hillsborough County; Florida","4278","488",
"1400000US12057010107","Census Tract 101.07; Hillsborough County; Florida","4438","891",
"1400000US12057010108","Census Tract 101.08; Hillsborough County; Florida","2396","321",
"1400000US12057010203","Census Tract 102.03; Hillsborough County; Florida","2305","288",
"1400000US12057010204","Census Tract 102.04; Hillsborough County; Florida","5039","800",
"1400000US12057010210","Census Tract 102.10; Hillsborough County; Florida","4944","820",
"1400000US12057010211","Census Tract 102.11; Hillsborough County; Florida","5152","911",
"1400000US12057010212","Census Tract 102.12; Hillsborough County; Florida","5436","681",
"1400000US12057010213","Census Tract 102.13; Hillsborough County; Florida","2205","318",
"1400000US12057010215","Census Tract 102.15; Hillsborough County; Florida","9876","1148",
"1400000US12057010216","Census Tract 102.16; Hillsborough County; Florida","7154","1262",
"1400000US12057010217","Census Tract 102.17; Hillsborough County; Florida","4441","635",
"1400000US12057010218","Census Tract 102.18; Hillsborough County; Florida","5091","1090",
"1400000US12057010303","Census Tract 103.03; Hillsborough County; Florida","3660","859",
"1400000US12057010304","Census Tract 103.04; Hillsborough County; Florida","4191","582",
"1400000US12057010305","Census Tract 103.05; Hillsborough County; Florida","5053","757",
"1400000US12057010401","Census Tract 104.01; Hillsborough County; Florida","5455","749",
"1400000US12057010402","Census Tract 104.02; Hillsborough County; Florida","7508","1023",
"1400000US12057010501","Census Tract 105.01; Hillsborough County; Florida","6183","1041",
"1400000US12057010502","Census Tract 105.02; Hillsborough County; Florida","2950","425",
"1400000US12057010600","Census Tract 106; Hillsborough County; Florida","3651","459",
"1400000US12057010701","Census Tract 107.01; Hillsborough County; Florida","5108","610",
"1400000US12057010702","Census Tract 107.02; Hillsborough County; Florida","3785","611",
"1400000US12057010805","Census Tract 108.05; Hillsborough County; Florida","5938","913",
"1400000US12057010808","Census Tract 108.08; Hillsborough County; Florida","3694","726",
"1400000US12057010809","Census Tract 108.09; Hillsborough County; Florida","2299","388",
"1400000US12057010810","Census Tract 108.10; Hillsborough County; Florida","3838","532",
"1400000US12057010811","Census Tract 108.11; Hillsborough County; Florida","6860","945",
"1400000US12057010814","Census Tract 108.14; Hillsborough County; Florida","3248","999",
"1400000US12057010815","Census Tract 108.15; Hillsborough County; Florida","1821","373",
"1400000US12057010816","Census Tract 108.16; Hillsborough County; Florida","3519","700",
"1400000US12057010817","Census Tract 108.17; Hillsborough County; Florida","4371","577",
"1400000US12057010819","Census Tract 108.19; Hillsborough County; Florida","2060","382",
"1400000US12057010820","Census Tract 108.20; Hillsborough County; Florida","3008","517",
"1400000US12057010821","Census Tract 108.21; Hillsborough County; Florida","3068","587",
"1400000US12057010822","Census Tract 108.22; Hillsborough County; Florida","2457","439",
"1400000US12057010823","Census Tract 108.23; Hillsborough County; Florida","2027","436",
"1400000US12057010824","Census Tract 108.24; Hillsborough County; Florida","4168","965",
"1400000US12057010900","Census Tract 109; Hillsborough County; Florida","7744","176",
"1400000US12057011003","Census Tract 110.03; Hillsborough County; Florida","5623","1410",
"1400000US12057011005","Census Tract 110.05; Hillsborough County; Florida","2855","604",
"1400000US12057011006","Census Tract 110.06; Hillsborough County; Florida","7219","959",
"1400000US12057011007","Census Tract 110.07; Hillsborough County; Florida","3625","806",
"1400000US12057011008","Census Tract 110.08; Hillsborough County; Florida","7528","978",
"1400000US12057011010","Census Tract 110.10; Hillsborough County; Florida","4814","553",
"1400000US12057011013","Census Tract 110.13; Hillsborough County; Florida","4277","550",
"1400000US12057011016","Census Tract 110.16; Hillsborough County; Florida","4465","444",
"1400000US12057011017","Census Tract 110.17; Hillsborough County; Florida","2162","253",
"1400000US12057011018","Census Tract 110.18; Hillsborough County; Florida","5605","920",
"1400000US12057011019","Census Tract 110.19; Hillsborough County; Florida","11200","1060",
"1400000US12057011103","Census Tract 111.03; Hillsborough County; Florida","4334","617",
"1400000US12057011106","Census Tract 111.06; Hillsborough County; Florida","2540","530",
"1400000US12057011107","Census Tract 111.07; Hillsborough County; Florida","6136","729",
"1400000US12057011108","Census Tract 111.08; Hillsborough County; Florida","1824","192",
"1400000US12057011109","Census Tract 111.09; Hillsborough County; Florida","5706","657",
"1400000US12057011203","Census Tract 112.03; Hillsborough County; Florida","3358","440",
"1400000US12057011204","Census Tract 112.04; Hillsborough County; Florida","5965","522",
"1400000US12057011205","Census Tract 112.05; Hillsborough County; Florida","3495","816",
"1400000US12057011206","Census Tract 112.06; Hillsborough County; Florida","4011","1018",
"1400000US12057011301","Census Tract 113.01; Hillsborough County; Florida","3434","439",
"1400000US12057011303","Census Tract 113.03; Hillsborough County; Florida","3177","468",
"1400000US12057011304","Census Tract 113.04; Hillsborough County; Florida","6106","794",
"1400000US12057011407","Census Tract 114.07; Hillsborough County; Florida","2152","252",
"1400000US12057011408","Census Tract 114.08; Hillsborough County; Florida","2889","355",
"1400000US12057011409","Census Tract 114.09; Hillsborough County; Florida","3205","486",
"1400000US12057011410","Census Tract 114.10; Hillsborough County; Florida","6319","587",
"1400000US12057011411","Census Tract 114.11; Hillsborough County; Florida","2210","447",
"1400000US12057011412","Census Tract 114.12; Hillsborough County; Florida","3205","306",
"1400000US12057011413","Census Tract 114.13; Hillsborough County; Florida","6217","828",
"1400000US12057011414","Census Tract 114.14; Hillsborough County; Florida","9405","1137",
"1400000US12057011415","Census Tract 114.15; Hillsborough County; Florida","5897","1592",
"1400000US12057011416","Census Tract 114.16; Hillsborough County; Florida","6891","1311",
"1400000US12057011417","Census Tract 114.17; Hillsborough County; Florida","6547","1482",
"1400000US12057011418","Census Tract 114.18; Hillsborough County; Florida","3652","312",
"1400000US12057011504","Census Tract 115.04; Hillsborough County; Florida","2799","567",
"1400000US12057011506","Census Tract 115.06; Hillsborough County; Florida","8784","963",
"1400000US12057011509","Census Tract 115.09; Hillsborough County; Florida","6961","1004",
"1400000US12057011510","Census Tract 115.10; Hillsborough County; Florida","5794","1144",
"1400000US12057011512","Census Tract 115.12; Hillsborough County; Florida","4589","534",
"1400000US12057011514","Census Tract 115.14; Hillsborough County; Florida","6672","1435",
"1400000US12057011515","Census Tract 115.15; Hillsborough County; Florida","4355","644",
"1400000US12057011516","Census Tract 115.16; Hillsborough County; Florida","3150","378",
"1400000US12057011518","Census Tract 115.18; Hillsborough County; Florida","4315","415",
"1400000US12057011519","Census Tract 115.19; Hillsborough County; Florida","1942","143",
"1400000US12057011520","Census Tract 115.20; Hillsborough County; Florida","5713","577",
"1400000US12057011521","Census Tract 115.21; Hillsborough County; Florida","5129","454",
"1400000US12057011522","Census Tract 115.22; Hillsborough County; Florida","5303","691",
"1400000US12057011523","Census Tract 115.23; Hillsborough County; Florida","1995","414",
"1400000US12057011524","Census Tract 115.24; Hillsborough County; Florida","4903","444",
"1400000US12057011525","Census Tract 115.25; Hillsborough County; Florida","3949","474",
"1400000US12057011526","Census Tract 115.26; Hillsborough County; Florida","4497","576",
"1400000US12057011527","Census Tract 115.27; Hillsborough County; Florida","3869","741",
"1400000US12057011528","Census Tract 115.28; Hillsborough County; Florida","5750","569",
"1400000US12057011603","Census Tract 116.03; Hillsborough County; Florida","4309","562",
"1400000US12057011605","Census Tract 116.05; Hillsborough County; Florida","6256","914",
"1400000US12057011610","Census Tract 116.10; Hillsborough County; Florida","6413","1122",
"1400000US12057011611","Census Tract 116.11; Hillsborough County; Florida","4008","821",
"1400000US12057011612","Census Tract 116.12; Hillsborough County; Florida","6216","868",
"1400000US12057011613","Census Tract 116.13; Hillsborough County; Florida","5336","785",
"1400000US12057011614","Census Tract 116.14; Hillsborough County; Florida","7391","1131",
"1400000US12057011615","Census Tract 116.15; Hillsborough County; Florida","5013","1000",
"1400000US12057011616","Census Tract 116.16; Hillsborough County; Florida","9835","1141",
"1400000US12057011617","Census Tract 116.17; Hillsborough County; Florida","3769","618",
"1400000US12057011708","Census Tract 117.08; Hillsborough County; Florida","5079","730",
"1400000US12057011712","Census Tract 117.12; Hillsborough County; Florida","5646","693",
"1400000US12057011713","Census Tract 117.13; Hillsborough County; Florida","5696","742",
"1400000US12057011714","Census Tract 117.14; Hillsborough County; Florida","2329","844",
"1400000US12057011715","Census Tract 117.15; Hillsborough County; Florida","2579","340",
"1400000US12057011716","Census Tract 117.16; Hillsborough County; Florida","6149","836",
"1400000US12057011802","Census Tract 118.02; Hillsborough County; Florida","6129","1241",
"1400000US12057011804","Census Tract 118.04; Hillsborough County; Florida","5428","506",
"1400000US12057011805","Census Tract 118.05; Hillsborough County; Florida","4210","1087",
"1400000US12057011806","Census Tract 118.06; Hillsborough County; Florida","2964","470",
"1400000US12057011905","Census Tract 119.05; Hillsborough County; Florida","1869","1116",
"1400000US12057011907","Census Tract 119.07; Hillsborough County; Florida","2957","468",
"1400000US12057011908","Census Tract 119.08; Hillsborough County; Florida","2457","713",
"1400000US12057011909","Census Tract 119.09; Hillsborough County; Florida","3664","571",
"1400000US12057011910","Census Tract 119.10; Hillsborough County; Florida","3585","703",
"1400000US12057011911","Census Tract 119.11; Hillsborough County; Florida","6593","1251",
"1400000US12057012001","Census Tract 120.01; Hillsborough County; Florida","2665","490",
"1400000US12057012002","Census Tract 120.02; Hillsborough County; Florida","3960","656",
"1400000US12057012103","Census Tract 121.03; Hillsborough County; Florida","7892","1157",
"1400000US12057012106","Census Tract 121.06; Hillsborough County; Florida","4922","749",
"1400000US12057012107","Census Tract 121.07; Hillsborough County; Florida","5132","932",
"1400000US12057012108","Census Tract 121.08; Hillsborough County; Florida","4342","834",
"1400000US12057012109","Census Tract 121.09; Hillsborough County; Florida","3089","533",
"1400000US12057012110","Census Tract 121.10; Hillsborough County; Florida","5649","900",
"1400000US12057012206","Census Tract 122.06; Hillsborough County; Florida","5838","591",
"1400000US12057012207","Census Tract 122.07; Hillsborough County; Florida","8396","1038",
"1400000US12057012208","Census Tract 122.08; Hillsborough County; Florida","6687","615",
"1400000US12057012209","Census Tract 122.09; Hillsborough County; Florida","5510","770",
"1400000US12057012210","Census Tract 122.10; Hillsborough County; Florida","6251","1419",
"1400000US12057012211","Census Tract 122.11; Hillsborough County; Florida","1914","153",
"1400000US12057012212","Census Tract 122.12; Hillsborough County; Florida","4752","753",
"1400000US12057012213","Census Tract 122.13; Hillsborough County; Florida","5192","530",
"1400000US12057012301","Census Tract 123.01; Hillsborough County; Florida","6154","723",
"1400000US12057012303","Census Tract 123.03; Hillsborough County; Florida","4139","794",
"1400000US12057012304","Census Tract 123.04; Hillsborough County; Florida","5233","470",
"1400000US12057012401","Census Tract 124.01; Hillsborough County; Florida","4912","760",
"1400000US12057012402","Census Tract 124.02; Hillsborough County; Florida","3180","559",
"1400000US12057012403","Census Tract 124.03; Hillsborough County; Florida","6318","971",
"1400000US12057012501","Census Tract 125.01; Hillsborough County; Florida","4099","613",
"1400000US12057012503","Census Tract 125.03; Hillsborough County; Florida","4892","627",
"1400000US12057012504","Census Tract 125.04; Hillsborough County; Florida","3666","572",
"1400000US12057012600","Census Tract 126; Hillsborough County; Florida","5290","800",
"1400000US12057012701","Census Tract 127.01; Hillsborough County; Florida","6008","922",
"1400000US12057012702","Census Tract 127.02; Hillsborough County; Florida","4038","705",
"1400000US12057012800","Census Tract 128; Hillsborough County; Florida","3493","665",
"1400000US12057012900","Census Tract 129; Hillsborough County; Florida","3236","513",
"1400000US12057013001","Census Tract 130.01; Hillsborough County; Florida","3987","773",
"1400000US12057013002","Census Tract 130.02; Hillsborough County; Florida","5889","904",
"1400000US12057013003","Census Tract 130.03; Hillsborough County; Florida","4665","619",
"1400000US12057013004","Census Tract 130.04; Hillsborough County; Florida","3854","833",
"1400000US12057013100","Census Tract 131; Hillsborough County; Florida","2776","291",
"1400000US12057013203","Census Tract 132.03; Hillsborough County; Florida","3575","374",
"1400000US12057013204","Census Tract 132.04; Hillsborough County; Florida","3894","586",
"1400000US12057013205","Census Tract 132.05; Hillsborough County; Florida","9579","1640",
"1400000US12057013206","Census Tract 132.06; Hillsborough County; Florida","4935","446",
"1400000US12057013207","Census Tract 132.07; Hillsborough County; Florida","4305","386",
"1400000US12057013208","Census Tract 132.08; Hillsborough County; Florida","5079","502",
"1400000US12057013305","Census Tract 133.05; Hillsborough County; Florida","5312","730",
"1400000US12057013307","Census Tract 133.07; Hillsborough County; Florida","3671","487",
"1400000US12057013310","Census Tract 133.10; Hillsborough County; Florida","2631","318",
"1400000US12057013311","Census Tract 133.11; Hillsborough County; Florida","3408","463",
"1400000US12057013312","Census Tract 133.12; Hillsborough County; Florida","5422","683",
"1400000US12057013313","Census Tract 133.13; Hillsborough County; Florida","5188","682",
"1400000US12057013314","Census Tract 133.14; Hillsborough County; Florida","3657","816",
"1400000US12057013315","Census Tract 133.15; Hillsborough County; Florida","5415","716",
"1400000US12057013316","Census Tract 133.16; Hillsborough County; Florida","3075","577",
"1400000US12057013317","Census Tract 133.17; Hillsborough County; Florida","2865","374",
"1400000US12057013319","Census Tract 133.19; Hillsborough County; Florida","6079","922",
"1400000US12057013320","Census Tract 133.20; Hillsborough County; Florida","4929","888",
"1400000US12057013322","Census Tract 133.22; Hillsborough County; Florida","6903","993",
"1400000US12057013323","Census Tract 133.23; Hillsborough County; Florida","12907","1709",
"1400000US12057013406","Census Tract 134.06; Hillsborough County; Florida","1657","338",
"1400000US12057013407","Census Tract 134.07; Hillsborough County; Florida","7429","1088",
"1400000US12057013409","Census Tract 134.09; Hillsborough County; Florida","5275","1021",
"1400000US12057013410","Census Tract 134.10; Hillsborough County; Florida","4346","611",
"1400000US12057013411","Census Tract 134.11; Hillsborough County; Florida","3412","778",
"1400000US12057013412","Census Tract 134.12; Hillsborough County; Florida","4314","652",
"1400000US12057013413","Census Tract 134.13; Hillsborough County; Florida","3650","359",
"1400000US12057013414","Census Tract 134.14; Hillsborough County; Florida","5640","778",
"1400000US12057013415","Census Tract 134.15; Hillsborough County; Florida","3837","445",
"1400000US12057013501","Census Tract 135.01; Hillsborough County; Florida","4358","1339",
"1400000US12057013503","Census Tract 135.03; Hillsborough County; Florida","3758","769",
"1400000US12057013504","Census Tract 135.04; Hillsborough County; Florida","3096","507",
"1400000US12057013505","Census Tract 135.05; Hillsborough County; Florida","3590","398",
"1400000US12057013602","Census Tract 136.02; Hillsborough County; Florida","4503","838",
"1400000US12057013604","Census Tract 136.04; Hillsborough County; Florida","1478","177",
"1400000US12057013702","Census Tract 137.02; Hillsborough County; Florida","11946","1318",
"1400000US12057013703","Census Tract 137.03; Hillsborough County; Florida","8438","898",
"1400000US12057013705","Census Tract 137.05; Hillsborough County; Florida","7616","1308",
"1400000US12057013706","Census Tract 137.06; Hillsborough County; Florida","2708","831",
"1400000US12057013801","Census Tract 138.01; Hillsborough County; Florida","2310","392",
"1400000US12057013802","Census Tract 138.02; Hillsborough County; Florida","3729","497",
"1400000US12057013803","Census Tract 138.03; Hillsborough County; Florida","1740","272",
"1400000US12057013804","Census Tract 138.04; Hillsborough County; Florida","10792","1456",
"1400000US12057013806","Census Tract 138.06; Hillsborough County; Florida","5166","723",
"1400000US12057013807","Census Tract 138.07; Hillsborough County; Florida","11327","1180",
"1400000US12057013903","Census Tract 139.03; Hillsborough County; Florida","3668","595",
"1400000US12057013907","Census Tract 139.07; Hillsborough County; Florida","3416","2112",
"1400000US12057013912","Census Tract 139.12; Hillsborough County; Florida","10120","1305",
"1400000US12057013913","Census Tract 139.13; Hillsborough County; Florida","17346","1491",
"1400000US12057013914","Census Tract 139.14; Hillsborough County; Florida","11209","2657",
"1400000US12057013915","Census Tract 139.15; Hillsborough County; Florida","10683","1243",
"1400000US12057013916","Census Tract 139.16; Hillsborough County; Florida","19569","2699",
"1400000US12057013917","Census Tract 139.17; Hillsborough County; Florida","7837","1082",
"1400000US12057013918","Census Tract 139.18; Hillsborough County; Florida","1818","258",
"1400000US12057013919","Census Tract 139.19; Hillsborough County; Florida","7494","442",
"1400000US12057013922","Census Tract 139.22; Hillsborough County; Florida","8126","1290",
"1400000US12057013923","Census Tract 139.23; Hillsborough County; Florida","11089","1079",
"1400000US12057013924","Census Tract 139.24; Hillsborough County; Florida","6031","788",
"1400000US12057013925","Census Tract 139.25; Hillsborough County; Florida","4208","629",
"1400000US12057013926","Census Tract 139.26; Hillsborough County; Florida","9974","994",
"1400000US12057014002","Census Tract 140.02; Hillsborough County; Florida","1982","283",
"1400000US12057014003","Census Tract 140.03; Hillsborough County; Florida","1894","630",
"1400000US12057014007","Census Tract 140.07; Hillsborough County; Florida","16539","1496",
"1400000US12057014008","Census Tract 140.08; Hillsborough County; Florida","3087","234",
"1400000US12057014009","Census Tract 140.09; Hillsborough County; Florida","2564","189",
"1400000US12057014010","Census Tract 140.10; Hillsborough County; Florida","2253","225",
"1400000US12057014011","Census Tract 140.11; Hillsborough County; Florida","4357","1024",
"1400000US12057014012","Census Tract 140.12; Hillsborough County; Florida","2929","362",
"1400000US12057014013","Census Tract 140.13; Hillsborough County; Florida","1326","277",
"1400000US12057014014","Census Tract 140.14; Hillsborough County; Florida","2054","290",
"1400000US12057014017","Census Tract 140.17; Hillsborough County; Florida","2949","299",
"1400000US12057014104","Census Tract 141.04; Hillsborough County; Florida","1732","293",
"1400000US12057014106","Census Tract 141.06; Hillsborough County; Florida","3764","727",
"1400000US12057014108","Census Tract 141.08; Hillsborough County; Florida","5949","889",
"1400000US12057014109","Census Tract 141.09; Hillsborough County; Florida","8612","1492",
"1400000US12057014117","Census Tract 141.17; Hillsborough County; Florida","2837","436",
"1400000US12057014118","Census Tract 141.18; Hillsborough County; Florida","4047","418",
"1400000US12057014119","Census Tract 141.19; Hillsborough County; Florida","13958","1456",
"1400000US12057014121","Census Tract 141.21; Hillsborough County; Florida","6735","882",
"1400000US12057014122","Census Tract 141.22; Hillsborough County; Florida","8872","1061",
"1400000US12057014200","Census Tract 142; Hillsborough County; Florida","3050","463",
"1400000US12057014300","Census Tract 143; Hillsborough County; Florida","4991","798",
"1400000US12057014400","Census Tract 144; Hillsborough County; Florida","5060","750",
"1400000US12057980100","Census Tract 9801; Hillsborough County; Florida","0","15",
"1400000US12057980200","Census Tract 9802; Hillsborough County; Florida","0","15",
"1400000US12057980300","Census Tract 9803; Hillsborough County; Florida","0","15",
"1400000US12057980400","Census Tract 9804; Hillsborough County; Florida","87","68",
"1400000US12057980500","Census Tract 9805; Hillsborough County; Florida","0","15",
"1400000US12057980600","Census Tract 9806; Hillsborough County; Florida","0","15",
"1400000US12057980700","Census Tract 9807; Hillsborough County; Florida","0","15",
"1400000US12057990000","Census Tract 9900; Hillsborough County; Florida","0","15",
"1400000US12057990100","Census Tract 9901; Hillsborough County; Florida","0","15",
"1400000US12059960100","Census Tract 9601; Holmes County; Florida","3762","507",
"1400000US12059960201","Census Tract 9602.01; Holmes County; Florida","2939","506",
"1400000US12059960202","Census Tract 9602.02; Holmes County; Florida","2218","399",
"1400000US12059960300","Census Tract 9603; Holmes County; Florida","3077","475",
"1400000US12059960401","Census Tract 9604.01; Holmes County; Florida","1541","65",
"1400000US12059960402","Census Tract 9604.02; Holmes County; Florida","3682","621",
"1400000US12059960403","Census Tract 9604.03; Holmes County; Florida","2294","331",
"1400000US12061050101","Census Tract 501.01; Indian River County; Florida","5194","742",
"1400000US12061050102","Census Tract 501.02; Indian River County; Florida","3695","502",
"1400000US12061050201","Census Tract 502.01; Indian River County; Florida","1461","335",
"1400000US12061050202","Census Tract 502.02; Indian River County; Florida","2875","516",
"1400000US12061050303","Census Tract 503.03; Indian River County; Florida","2815","607",
"1400000US12061050304","Census Tract 503.04; Indian River County; Florida","1787","336",
"1400000US12061050305","Census Tract 503.05; Indian River County; Florida","3817","1002",
"1400000US12061050306","Census Tract 503.06; Indian River County; Florida","1917","262",
"1400000US12061050401","Census Tract 504.01; Indian River County; Florida","4053","743",
"1400000US12061050402","Census Tract 504.02; Indian River County; Florida","2397","372",
"1400000US12061050504","Census Tract 505.04; Indian River County; Florida","1377","253",
"1400000US12061050505","Census Tract 505.05; Indian River County; Florida","3254","397",
"1400000US12061050506","Census Tract 505.06; Indian River County; Florida","4379","626",
"1400000US12061050507","Census Tract 505.07; Indian River County; Florida","1755","307",
"1400000US12061050508","Census Tract 505.08; Indian River County; Florida","2188","331",
"1400000US12061050509","Census Tract 505.09; Indian River County; Florida","1851","375",
"1400000US12061050601","Census Tract 506.01; Indian River County; Florida","2620","429",
"1400000US12061050602","Census Tract 506.02; Indian River County; Florida","5677","910",
"1400000US12061050603","Census Tract 506.03; Indian River County; Florida","7415","947",
"1400000US12061050604","Census Tract 506.04; Indian River County; Florida","1484","210",
"1400000US12061050605","Census Tract 506.05; Indian River County; Florida","1929","309",
"1400000US12061050607","Census Tract 506.07; Indian River County; Florida","6247","743",
"1400000US12061050608","Census Tract 506.08; Indian River County; Florida","5923","1033",
"1400000US12061050702","Census Tract 507.02; Indian River County; Florida","4641","612",
"1400000US12061050704","Census Tract 507.04; Indian River County; Florida","3855","751",
"1400000US12061050706","Census Tract 507.06; Indian River County; Florida","6270","827",
"1400000US12061050707","Census Tract 507.07; Indian River County; Florida","5100","1058",
"1400000US12061050708","Census Tract 507.08; Indian River County; Florida","4160","579",
"1400000US12061050709","Census Tract 507.09; Indian River County; Florida","1973","245",
"1400000US12061050805","Census Tract 508.05; Indian River County; Florida","3943","608",
"1400000US12061050806","Census Tract 508.06; Indian River County; Florida","5472","671",
"1400000US12061050807","Census Tract 508.07; Indian River County; Florida","5109","613",
"1400000US12061050808","Census Tract 508.08; Indian River County; Florida","4459","719",
"1400000US12061050809","Census Tract 508.09; Indian River County; Florida","6624","575",
"1400000US12061050810","Census Tract 508.10; Indian River County; Florida","3537","430",
"1400000US12061050811","Census Tract 508.11; Indian River County; Florida","8282","1074",
"1400000US12061050812","Census Tract 508.12; Indian River County; Florida","3468","354",
"1400000US12061050903","Census Tract 509.03; Indian River County; Florida","7306","963",
"1400000US12061050905","Census Tract 509.05; Indian River County; Florida","4618","707",
"1400000US12061050906","Census Tract 509.06; Indian River County; Florida","2084","549",
"1400000US12061050907","Census Tract 509.07; Indian River County; Florida","1514","259",
"1400000US12061050908","Census Tract 509.08; Indian River County; Florida","4747","635",
"1400000US12061050909","Census Tract 509.09; Indian River County; Florida","3664","582",
"1400000US12061980000","Census Tract 9800; Indian River County; Florida","0","15",
"1400000US12061990000","Census Tract 9900; Indian River County; Florida","0","15",
"1400000US12063210100","Census Tract 2101; Jackson County; Florida","3348","296",
"1400000US12063210200","Census Tract 2102; Jackson County; Florida","1183","291",
"1400000US12063210301","Census Tract 2103.01; Jackson County; Florida","4511","447",
"1400000US12063210302","Census Tract 2103.02; Jackson County; Florida","2259","234",
"1400000US12063210400","Census Tract 2104; Jackson County; Florida","3736","512",
"1400000US12063210500","Census Tract 2105; Jackson County; Florida","3803","560",
"1400000US12063210600","Census Tract 2106; Jackson County; Florida","5564","515",
"1400000US12063210700","Census Tract 2107; Jackson County; Florida","4411","621",
"1400000US12063210800","Census Tract 2108; Jackson County; Florida","4909","532",
"1400000US12063210901","Census Tract 2109.01; Jackson County; Florida","1777","313",
"1400000US12063210902","Census Tract 2109.02; Jackson County; Florida","4272","317",
"1400000US12063211000","Census Tract 2110; Jackson County; Florida","4756","621",
"1400000US12063211100","Census Tract 2111; Jackson County; Florida","3721","423",
"1400000US12065250103","Census Tract 2501.03; Jefferson County; Florida","3122","381",
"1400000US12065250104","Census Tract 2501.04; Jefferson County; Florida","3248","482",
"1400000US12065250105","Census Tract 2501.05; Jefferson County; Florida","1731","211",
"1400000US12065250106","Census Tract 2501.06; Jefferson County; Florida","2487","317",
"1400000US12065250200","Census Tract 2502; Jefferson County; Florida","4503","474",
"1400000US12065990000","Census Tract 9900; Jefferson County; Florida","0","15",
"1400000US12067960100","Census Tract 9601; Lafayette County; Florida","2865","314",
"1400000US12067960201","Census Tract 9602.01; Lafayette County; Florida","2958","443",
"1400000US12067960202","Census Tract 9602.02; Lafayette County; Florida","2338","402",
"1400000US12069030102","Census Tract 301.02; Lake County; Florida","3577","601",
"1400000US12069030104","Census Tract 301.04; Lake County; Florida","1713","253",
"1400000US12069030106","Census Tract 301.06; Lake County; Florida","1560","220",
"1400000US12069030108","Census Tract 301.08; Lake County; Florida","4961","622",
"1400000US12069030109","Census Tract 301.09; Lake County; Florida","3913","532",
"1400000US12069030110","Census Tract 301.10; Lake County; Florida","3925","647",
"1400000US12069030111","Census Tract 301.11; Lake County; Florida","2209","543",
"1400000US12069030112","Census Tract 301.12; Lake County; Florida","6631","1754",
"1400000US12069030203","Census Tract 302.03; Lake County; Florida","12485","1665",
"1400000US12069030204","Census Tract 302.04; Lake County; Florida","4005","526",
"1400000US12069030206","Census Tract 302.06; Lake County; Florida","5071","1012",
"1400000US12069030208","Census Tract 302.08; Lake County; Florida","5837","921",
"1400000US12069030209","Census Tract 302.09; Lake County; Florida","3399","721",
"1400000US12069030210","Census Tract 302.10; Lake County; Florida","2702","450",
"1400000US12069030211","Census Tract 302.11; Lake County; Florida","4407","490",
"1400000US12069030302","Census Tract 303.02; Lake County; Florida","4200","632",
"1400000US12069030305","Census Tract 303.05; Lake County; Florida","2756","542",
"1400000US12069030306","Census Tract 303.06; Lake County; Florida","6071","1072",
"1400000US12069030307","Census Tract 303.07; Lake County; Florida","5322","683",
"1400000US12069030308","Census Tract 303.08; Lake County; Florida","4466","933",
"1400000US12069030405","Census Tract 304.05; Lake County; Florida","6003","768",
"1400000US12069030406","Census Tract 304.06; Lake County; Florida","4146","480",
"1400000US12069030407","Census Tract 304.07; Lake County; Florida","3037","534",
"1400000US12069030408","Census Tract 304.08; Lake County; Florida","3866","555",
"1400000US12069030409","Census Tract 304.09; Lake County; Florida","6164","893",
"1400000US12069030410","Census Tract 304.10; Lake County; Florida","3839","445",
"1400000US12069030411","Census Tract 304.11; Lake County; Florida","6658","895",
"1400000US12069030505","Census Tract 305.05; Lake County; Florida","4588","1097",
"1400000US12069030506","Census Tract 305.06; Lake County; Florida","5435","566",
"1400000US12069030507","Census Tract 305.07; Lake County; Florida","8575","1297",
"1400000US12069030601","Census Tract 306.01; Lake County; Florida","6432","1058",
"1400000US12069030602","Census Tract 306.02; Lake County; Florida","3457","531",
"1400000US12069030701","Census Tract 307.01; Lake County; Florida","2693","447",
"1400000US12069030702","Census Tract 307.02; Lake County; Florida","6414","937",
"1400000US12069030803","Census Tract 308.03; Lake County; Florida","6298","876",
"1400000US12069030804","Census Tract 308.04; Lake County; Florida","1483","239",
"1400000US12069030805","Census Tract 308.05; Lake County; Florida","4281","597",
"1400000US12069030806","Census Tract 308.06; Lake County; Florida","3544","374",
"1400000US12069030807","Census Tract 308.07; Lake County; Florida","5240","851",
"1400000US12069030914","Census Tract 309.14; Lake County; Florida","4924","767",
"1400000US12069030915","Census Tract 309.15; Lake County; Florida","8752","1350",
"1400000US12069030916","Census Tract 309.16; Lake County; Florida","6623","1420",
"1400000US12069030917","Census Tract 309.17; Lake County; Florida","9166","1233",
"1400000US12069030918","Census Tract 309.18; Lake County; Florida","2310","242",
"1400000US12069031001","Census Tract 310.01; Lake County; Florida","2523","585",
"1400000US12069031002","Census Tract 310.02; Lake County; Florida","6335","683",
"1400000US12069031103","Census Tract 311.03; Lake County; Florida","2771","331",
"1400000US12069031104","Census Tract 311.04; Lake County; Florida","1961","468",
"1400000US12069031105","Census Tract 311.05; Lake County; Florida","7712","1027",
"1400000US12069031106","Census Tract 311.06; Lake County; Florida","2326","228",
"1400000US12069031107","Census Tract 311.07; Lake County; Florida","3449","469",
"1400000US12069031108","Census Tract 311.08; Lake County; Florida","2660","335",
"1400000US12069031202","Census Tract 312.02; Lake County; Florida","7427","1070",
"1400000US12069031203","Census Tract 312.03; Lake County; Florida","6860","1049",
"1400000US12069031205","Census Tract 312.05; Lake County; Florida","4020","803",
"1400000US12069031206","Census Tract 312.06; Lake County; Florida","5814","745",
"1400000US12069031207","Census Tract 312.07; Lake County; Florida","15607","1268",
"1400000US12069031208","Census Tract 312.08; Lake County; Florida","4076","483",
"1400000US12069031301","Census Tract 313.01; Lake County; Florida","8075","1199",
"1400000US12069031306","Census Tract 313.06; Lake County; Florida","12331","1377",
"1400000US12069031308","Census Tract 313.08; Lake County; Florida","7120","661",
"1400000US12069031309","Census Tract 313.09; Lake County; Florida","15729","1101",
"1400000US12069031312","Census Tract 313.12; Lake County; Florida","6839","1674",
"1400000US12069031313","Census Tract 313.13; Lake County; Florida","3236","545",
"1400000US12069031314","Census Tract 313.14; Lake County; Florida","12580","1708",
"1400000US12069031315","Census Tract 313.15; Lake County; Florida","7810","988",
"1400000US12069031316","Census Tract 313.16; Lake County; Florida","10863","1116",
"1400000US12069031317","Census Tract 313.17; Lake County; Florida","5898","930",
"1400000US12069031318","Census Tract 313.18; Lake County; Florida","6923","1278",
"1400000US12069031319","Census Tract 313.19; Lake County; Florida","5766","1124",
"1400000US12069031320","Census Tract 313.20; Lake County; Florida","6989","1206",
"1400000US12069031321","Census Tract 313.21; Lake County; Florida","4146","941",
"1400000US12069031322","Census Tract 313.22; Lake County; Florida","3025","369",
"1400000US12069031323","Census Tract 313.23; Lake County; Florida","5331","1206",
"1400000US12069031324","Census Tract 313.24; Lake County; Florida","3584","666",
"1400000US12071000303","Census Tract 3.03; Lee County; Florida","3689","906",
"1400000US12071000304","Census Tract 3.04; Lee County; Florida","1741","556",
"1400000US12071000305","Census Tract 3.05; Lee County; Florida","1709","240",
"1400000US12071000306","Census Tract 3.06; Lee County; Florida","3505","880",
"1400000US12071000401","Census Tract 4.01; Lee County; Florida","2940","397",
"1400000US12071000402","Census Tract 4.02; Lee County; Florida","2520","442",
"1400000US12071000502","Census Tract 5.02; Lee County; Florida","4918","891",
"1400000US12071000503","Census Tract 5.03; Lee County; Florida","4574","834",
"1400000US12071000504","Census Tract 5.04; Lee County; Florida","3083","510",
"1400000US12071000600","Census Tract 6; Lee County; Florida","3754","577",
"1400000US12071000700","Census Tract 7; Lee County; Florida","2604","376",
"1400000US12071000800","Census Tract 8; Lee County; Florida","2202","436",
"1400000US12071000900","Census Tract 9; Lee County; Florida","2674","749",
"1400000US12071001001","Census Tract 10.01; Lee County; Florida","3825","731",
"1400000US12071001002","Census Tract 10.02; Lee County; Florida","3007","608",
"1400000US12071001101","Census Tract 11.01; Lee County; Florida","4654","813",
"1400000US12071001103","Census Tract 11.03; Lee County; Florida","2429","552",
"1400000US12071001104","Census Tract 11.04; Lee County; Florida","2592","444",
"1400000US12071001203","Census Tract 12.03; Lee County; Florida","5310","1290",
"1400000US12071001204","Census Tract 12.04; Lee County; Florida","3514","294",
"1400000US12071001205","Census Tract 12.05; Lee County; Florida","4283","741",
"1400000US12071001206","Census Tract 12.06; Lee County; Florida","2287","338",
"1400000US12071001207","Census Tract 12.07; Lee County; Florida","2276","280",
"1400000US12071001208","Census Tract 12.08; Lee County; Florida","3598","707",
"1400000US12071001209","Census Tract 12.09; Lee County; Florida","3259","592",
"1400000US12071001300","Census Tract 13; Lee County; Florida","3343","573",
"1400000US12071001401","Census Tract 14.01; Lee County; Florida","5331","626",
"1400000US12071001402","Census Tract 14.02; Lee County; Florida","3417","791",
"1400000US12071001501","Census Tract 15.01; Lee County; Florida","2531","394",
"1400000US12071001502","Census Tract 15.02; Lee County; Florida","6008","1160",
"1400000US12071001601","Census Tract 16.01; Lee County; Florida","4580","614",
"1400000US12071001602","Census Tract 16.02; Lee County; Florida","3465","601",
"1400000US12071001701","Census Tract 17.01; Lee County; Florida","3325","353",
"1400000US12071001705","Census Tract 17.05; Lee County; Florida","4499","755",
"1400000US12071001706","Census Tract 17.06; Lee County; Florida","3361","376",
"1400000US12071001708","Census Tract 17.08; Lee County; Florida","3330","1205",
"1400000US12071001709","Census Tract 17.09; Lee County; Florida","2539","301",
"1400000US12071001710","Census Tract 17.10; Lee County; Florida","2273","242",
"1400000US12071001711","Census Tract 17.11; Lee County; Florida","2212","320",
"1400000US12071001801","Census Tract 18.01; Lee County; Florida","5227","514",
"1400000US12071001802","Census Tract 18.02; Lee County; Florida","2726","391",
"1400000US12071001903","Census Tract 19.03; Lee County; Florida","2778","379",
"1400000US12071001908","Census Tract 19.08; Lee County; Florida","734","178",
"1400000US12071001910","Census Tract 19.10; Lee County; Florida","1157","259",
"1400000US12071001911","Census Tract 19.11; Lee County; Florida","731","136",
"1400000US12071001912","Census Tract 19.12; Lee County; Florida","1219","243",
"1400000US12071001913","Census Tract 19.13; Lee County; Florida","1260","239",
"1400000US12071001915","Census Tract 19.15; Lee County; Florida","3044","387",
"1400000US12071001916","Census Tract 19.16; Lee County; Florida","1410","243",
"1400000US12071001917","Census Tract 19.17; Lee County; Florida","2311","451",
"1400000US12071001918","Census Tract 19.18; Lee County; Florida","2421","441",
"1400000US12071001919","Census Tract 19.19; Lee County; Florida","2183","562",
"1400000US12071001920","Census Tract 19.20; Lee County; Florida","3476","888",
"1400000US12071001921","Census Tract 19.21; Lee County; Florida","2996","559",
"1400000US12071001922","Census Tract 19.22; Lee County; Florida","2465","530",
"1400000US12071001923","Census Tract 19.23; Lee County; Florida","2524","533",
"1400000US12071010104","Census Tract 101.04; Lee County; Florida","2245","381",
"1400000US12071010106","Census Tract 101.06; Lee County; Florida","6320","1328",
"1400000US12071010107","Census Tract 101.07; Lee County; Florida","3903","555",
"1400000US12071010108","Census Tract 101.08; Lee County; Florida","4460","757",
"1400000US12071010109","Census Tract 101.09; Lee County; Florida","4209","486",
"1400000US12071010110","Census Tract 101.10; Lee County; Florida","2955","449",
"1400000US12071010111","Census Tract 101.11; Lee County; Florida","6841","765",
"1400000US12071010112","Census Tract 101.12; Lee County; Florida","2280","594",
"1400000US12071010113","Census Tract 101.13; Lee County; Florida","4193","708",
"1400000US12071010203","Census Tract 102.03; Lee County; Florida","8184","1204",
"1400000US12071010205","Census Tract 102.05; Lee County; Florida","5900","827",
"1400000US12071010206","Census Tract 102.06; Lee County; Florida","9868","1266",
"1400000US12071010207","Census Tract 102.07; Lee County; Florida","6024","767",
"1400000US12071010208","Census Tract 102.08; Lee County; Florida","4279","1406",
"1400000US12071010209","Census Tract 102.09; Lee County; Florida","1921","359",
"1400000US12071010210","Census Tract 102.10; Lee County; Florida","3851","552",
"1400000US12071010302","Census Tract 103.02; Lee County; Florida","8053","1012",
"1400000US12071010303","Census Tract 103.03; Lee County; Florida","6199","900",
"1400000US12071010305","Census Tract 103.05; Lee County; Florida","4675","525",
"1400000US12071010306","Census Tract 103.06; Lee County; Florida","7613","1374",
"1400000US12071010307","Census Tract 103.07; Lee County; Florida","8815","1096",
"1400000US12071010308","Census Tract 103.08; Lee County; Florida","5309","737",
"1400000US12071010309","Census Tract 103.09; Lee County; Florida","5178","850",
"1400000US12071010404","Census Tract 104.04; Lee County; Florida","10037","1058",
"1400000US12071010411","Census Tract 104.11; Lee County; Florida","4916","1071",
"1400000US12071010412","Census Tract 104.12; Lee County; Florida","5190","805",
"1400000US12071010413","Census Tract 104.13; Lee County; Florida","5910","789",
"1400000US12071010414","Census Tract 104.14; Lee County; Florida","3215","604",
"1400000US12071010415","Census Tract 104.15; Lee County; Florida","4198","902",
"1400000US12071010416","Census Tract 104.16; Lee County; Florida","4060","761",
"1400000US12071010417","Census Tract 104.17; Lee County; Florida","1932","328",
"1400000US12071010418","Census Tract 104.18; Lee County; Florida","5931","675",
"1400000US12071010419","Census Tract 104.19; Lee County; Florida","5779","1100",
"1400000US12071010420","Census Tract 104.20; Lee County; Florida","8723","1474",
"1400000US12071010421","Census Tract 104.21; Lee County; Florida","7685","1020",
"1400000US12071010422","Census Tract 104.22; Lee County; Florida","4064","567",
"1400000US12071010423","Census Tract 104.23; Lee County; Florida","4326","1119",
"1400000US12071010501","Census Tract 105.01; Lee County; Florida","3974","373",
"1400000US12071010503","Census Tract 105.03; Lee County; Florida","2712","286",
"1400000US12071010504","Census Tract 105.04; Lee County; Florida","3015","968",
"1400000US12071010601","Census Tract 106.01; Lee County; Florida","4428","656",
"1400000US12071010602","Census Tract 106.02; Lee County; Florida","2854","792",
"1400000US12071010701","Census Tract 107.01; Lee County; Florida","4243","542",
"1400000US12071010702","Census Tract 107.02; Lee County; Florida","3062","452",
"1400000US12071010801","Census Tract 108.01; Lee County; Florida","1944","342",
"1400000US12071010802","Census Tract 108.02; Lee County; Florida","3514","626",
"1400000US12071010803","Census Tract 108.03; Lee County; Florida","1585","295",
"1400000US12071020102","Census Tract 201.02; Lee County; Florida","4650","573",
"1400000US12071020103","Census Tract 201.03; Lee County; Florida","2429","604",
"1400000US12071020104","Census Tract 201.04; Lee County; Florida","2900","286",
"1400000US12071020201","Census Tract 202.01; Lee County; Florida","1504","281",
"1400000US12071020202","Census Tract 202.02; Lee County; Florida","4147","497",
"1400000US12071020301","Census Tract 203.01; Lee County; Florida","3265","749",
"1400000US12071020302","Census Tract 203.02; Lee County; Florida","2204","530",
"1400000US12071020400","Census Tract 204; Lee County; Florida","3261","536",
"1400000US12071020501","Census Tract 205.01; Lee County; Florida","2852","587",
"1400000US12071020502","Census Tract 205.02; Lee County; Florida","3806","827",
"1400000US12071020600","Census Tract 206; Lee County; Florida","3609","586",
"1400000US12071020700","Census Tract 207; Lee County; Florida","4245","520",
"1400000US12071020801","Census Tract 208.01; Lee County; Florida","1932","424",
"1400000US12071020802","Census Tract 208.02; Lee County; Florida","1949","390",
"1400000US12071030100","Census Tract 301; Lee County; Florida","2718","525",
"1400000US12071030201","Census Tract 302.01; Lee County; Florida","1962","225",
"1400000US12071030202","Census Tract 302.02; Lee County; Florida","5843","845",
"1400000US12071030205","Census Tract 302.05; Lee County; Florida","3957","838",
"1400000US12071030300","Census Tract 303; Lee County; Florida","3229","474",
"1400000US12071040108","Census Tract 401.08; Lee County; Florida","4765","1469",
"1400000US12071040109","Census Tract 401.09; Lee County; Florida","6313","1128",
"1400000US12071040110","Census Tract 401.10; Lee County; Florida","3809","464",
"1400000US12071040111","Census Tract 401.11; Lee County; Florida","2654","410",
"1400000US12071040113","Census Tract 401.13; Lee County; Florida","1558","163",
"1400000US12071040117","Census Tract 401.17; Lee County; Florida","3848","624",
"1400000US12071040118","Census Tract 401.18; Lee County; Florida","2267","360",
"1400000US12071040120","Census Tract 401.20; Lee County; Florida","2367","252",
"1400000US12071040121","Census Tract 401.21; Lee County; Florida","4935","786",
"1400000US12071040122","Census Tract 401.22; Lee County; Florida","6048","698",
"1400000US12071040123","Census Tract 401.23; Lee County; Florida","5925","974",
"1400000US12071040124","Census Tract 401.24; Lee County; Florida","7295","876",
"1400000US12071040125","Census Tract 401.25; Lee County; Florida","3191","547",
"1400000US12071040126","Census Tract 401.26; Lee County; Florida","4042","467",
"1400000US12071040127","Census Tract 401.27; Lee County; Florida","4304","719",
"1400000US12071040128","Census Tract 401.28; Lee County; Florida","2624","442",
"1400000US12071040129","Census Tract 401.29; Lee County; Florida","2122","248",
"1400000US12071040130","Census Tract 401.30; Lee County; Florida","4264","779",
"1400000US12071040131","Census Tract 401.31; Lee County; Florida","1374","187",
"1400000US12071040132","Census Tract 401.32; Lee County; Florida","1837","222",
"1400000US12071040133","Census Tract 401.33; Lee County; Florida","3567","910",
"1400000US12071040134","Census Tract 401.34; Lee County; Florida","1758","277",
"1400000US12071040135","Census Tract 401.35; Lee County; Florida","2152","360",
"1400000US12071040136","Census Tract 401.36; Lee County; Florida","4564","718",
"1400000US12071040137","Census Tract 401.37; Lee County; Florida","3479","446",
"1400000US12071040138","Census Tract 401.38; Lee County; Florida","7787","638",
"1400000US12071040139","Census Tract 401.39; Lee County; Florida","4836","231",
"1400000US12071040205","Census Tract 402.05; Lee County; Florida","6341","879",
"1400000US12071040206","Census Tract 402.06; Lee County; Florida","5323","704",
"1400000US12071040207","Census Tract 402.07; Lee County; Florida","6557","797",
"1400000US12071040208","Census Tract 402.08; Lee County; Florida","3322","534",
"1400000US12071040209","Census Tract 402.09; Lee County; Florida","3186","656",
"1400000US12071040210","Census Tract 402.10; Lee County; Florida","3213","457",
"1400000US12071040211","Census Tract 402.11; Lee County; Florida","5637","624",
"1400000US12071040212","Census Tract 402.12; Lee County; Florida","6425","1610",
"1400000US12071040301","Census Tract 403.01; Lee County; Florida","9690","1084",
"1400000US12071040302","Census Tract 403.02; Lee County; Florida","5013","730",
"1400000US12071040303","Census Tract 403.03; Lee County; Florida","7362","1063",
"1400000US12071040304","Census Tract 403.04; Lee County; Florida","5795","1083",
"1400000US12071040305","Census Tract 403.05; Lee County; Florida","4207","881",
"1400000US12071040308","Census Tract 403.08; Lee County; Florida","4586","597",
"1400000US12071040310","Census Tract 403.10; Lee County; Florida","3007","470",
"1400000US12071040311","Census Tract 403.11; Lee County; Florida","5772","885",
"1400000US12071040312","Census Tract 403.12; Lee County; Florida","2209","313",
"1400000US12071040313","Census Tract 403.13; Lee County; Florida","2156","363",
"1400000US12071040314","Census Tract 403.14; Lee County; Florida","3453","494",
"1400000US12071040315","Census Tract 403.15; Lee County; Florida","2949","527",
"1400000US12071040316","Census Tract 403.16; Lee County; Florida","4795","1176",
"1400000US12071050103","Census Tract 501.03; Lee County; Florida","1385","221",
"1400000US12071050104","Census Tract 501.04; Lee County; Florida","2798","353",
"1400000US12071050105","Census Tract 501.05; Lee County; Florida","2780","486",
"1400000US12071050106","Census Tract 501.06; Lee County; Florida","4339","790",
"1400000US12071050204","Census Tract 502.04; Lee County; Florida","4452","599",
"1400000US12071050205","Census Tract 502.05; Lee County; Florida","2253","518",
"1400000US12071050206","Census Tract 502.06; Lee County; Florida","3487","1105",
"1400000US12071050207","Census Tract 502.07; Lee County; Florida","2613","327",
"1400000US12071050208","Census Tract 502.08; Lee County; Florida","5652","860",
"1400000US12071050210","Census Tract 502.10; Lee County; Florida","2660","285",
"1400000US12071050211","Census Tract 502.11; Lee County; Florida","2388","368",
"1400000US12071050212","Census Tract 502.12; Lee County; Florida","4712","835",
"1400000US12071050213","Census Tract 502.13; Lee County; Florida","5172","682",
"1400000US12071050305","Census Tract 503.05; Lee County; Florida","3962","612",
"1400000US12071050306","Census Tract 503.06; Lee County; Florida","2546","293",
"1400000US12071050311","Census Tract 503.11; Lee County; Florida","8630","812",
"1400000US12071050312","Census Tract 503.12; Lee County; Florida","4247","707",
"1400000US12071050315","Census Tract 503.15; Lee County; Florida","1537","281",
"1400000US12071050316","Census Tract 503.16; Lee County; Florida","2765","498",
"1400000US12071050317","Census Tract 503.17; Lee County; Florida","2879","790",
"1400000US12071050318","Census Tract 503.18; Lee County; Florida","6036","714",
"1400000US12071050319","Census Tract 503.19; Lee County; Florida","2690","905",
"1400000US12071050320","Census Tract 503.20; Lee County; Florida","5060","794",
"1400000US12071050321","Census Tract 503.21; Lee County; Florida","2304","430",
"1400000US12071050322","Census Tract 503.22; Lee County; Florida","3086","459",
"1400000US12071050323","Census Tract 503.23; Lee County; Florida","1386","282",
"1400000US12071050324","Census Tract 503.24; Lee County; Florida","4047","946",
"1400000US12071050325","Census Tract 503.25; Lee County; Florida","4436","813",
"1400000US12071050401","Census Tract 504.01; Lee County; Florida","3748","651",
"1400000US12071050402","Census Tract 504.02; Lee County; Florida","6475","1191",
"1400000US12071050501","Census Tract 505.01; Lee County; Florida","4331","1167",
"1400000US12071050502","Census Tract 505.02; Lee County; Florida","3475","395",
"1400000US12071050601","Census Tract 506.01; Lee County; Florida","2271","380",
"1400000US12071050603","Census Tract 506.03; Lee County; Florida","4001","1157",
"1400000US12071050604","Census Tract 506.04; Lee County; Florida","2155","354",
"1400000US12071060101","Census Tract 601.01; Lee County; Florida","926","578",
"1400000US12071060102","Census Tract 601.02; Lee County; Florida","1619","374",
"1400000US12071060201","Census Tract 602.01; Lee County; Florida","689","180",
"1400000US12071060202","Census Tract 602.02; Lee County; Florida","1608","264",
"1400000US12071060203","Census Tract 602.03; Lee County; Florida","1597","289",
"1400000US12071060300","Census Tract 603; Lee County; Florida","967","238",
"1400000US12071070101","Census Tract 701.01; Lee County; Florida","1940","387",
"1400000US12071070102","Census Tract 701.02; Lee County; Florida","3158","569",
"1400000US12071070201","Census Tract 702.01; Lee County; Florida","1915","638",
"1400000US12071070202","Census Tract 702.02; Lee County; Florida","1388","274",
"1400000US12071080100","Census Tract 801; Lee County; Florida","109","43",
"1400000US12071080202","Census Tract 802.02; Lee County; Florida","2244","385",
"1400000US12071080203","Census Tract 802.03; Lee County; Florida","1423","321",
"1400000US12071080204","Census Tract 802.04; Lee County; Florida","2751","568",
"1400000US12071080300","Census Tract 803; Lee County; Florida","2643","270",
"1400000US12071090100","Census Tract 901; Lee County; Florida","391","184",
"1400000US12071980000","Census Tract 9800; Lee County; Florida","0","15",
"1400000US12071990000","Census Tract 9900; Lee County; Florida","0","15",
"1400000US12073000200","Census Tract 2; Leon County; Florida","4036","610",
"1400000US12073000301","Census Tract 3.01; Leon County; Florida","1548","393",
"1400000US12073000302","Census Tract 3.02; Leon County; Florida","2112","271",
"1400000US12073000303","Census Tract 3.03; Leon County; Florida","4933","903",
"1400000US12073000400","Census Tract 4; Leon County; Florida","2795","336",
"1400000US12073000501","Census Tract 5.01; Leon County; Florida","1710","465",
"1400000US12073000502","Census Tract 5.02; Leon County; Florida","4285","555",
"1400000US12073000600","Census Tract 6; Leon County; Florida","3293","643",
"1400000US12073000700","Census Tract 7; Leon County; Florida","1957","278",
"1400000US12073000800","Census Tract 8; Leon County; Florida","2719","452",
"1400000US12073000903","Census Tract 9.03; Leon County; Florida","2160","306",
"1400000US12073000904","Census Tract 9.04; Leon County; Florida","3752","492",
"1400000US12073000905","Census Tract 9.05; Leon County; Florida","3022","535",
"1400000US12073000906","Census Tract 9.06; Leon County; Florida","2998","510",
"1400000US12073000907","Census Tract 9.07; Leon County; Florida","5389","509",
"1400000US12073001001","Census Tract 10.01; Leon County; Florida","2596","615",
"1400000US12073001002","Census Tract 10.02; Leon County; Florida","2659","633",
"1400000US12073001101","Census Tract 11.01; Leon County; Florida","2797","316",
"1400000US12073001102","Census Tract 11.02; Leon County; Florida","2661","738",
"1400000US12073001200","Census Tract 12; Leon County; Florida","1662","277",
"1400000US12073001300","Census Tract 13; Leon County; Florida","8566","518",
"1400000US12073001401","Census Tract 14.01; Leon County; Florida","2679","589",
"1400000US12073001402","Census Tract 14.02; Leon County; Florida","5331","922",
"1400000US12073001500","Census Tract 15; Leon County; Florida","5113","957",
"1400000US12073001601","Census Tract 16.01; Leon County; Florida","5001","602",
"1400000US12073001602","Census Tract 16.02; Leon County; Florida","3252","596",
"1400000US12073001701","Census Tract 17.01; Leon County; Florida","2797","288",
"1400000US12073001702","Census Tract 17.02; Leon County; Florida","5578","725",
"1400000US12073001801","Census Tract 18.01; Leon County; Florida","4531","786",
"1400000US12073001803","Census Tract 18.03; Leon County; Florida","1223","146",
"1400000US12073001804","Census Tract 18.04; Leon County; Florida","5213","681",
"1400000US12073001901","Census Tract 19.01; Leon County; Florida","1942","432",
"1400000US12073001902","Census Tract 19.02; Leon County; Florida","3662","617",
"1400000US12073002003","Census Tract 20.03; Leon County; Florida","2968","406",
"1400000US12073002005","Census Tract 20.05; Leon County; Florida","3553","497",
"1400000US12073002006","Census Tract 20.06; Leon County; Florida","3974","552",
"1400000US12073002007","Census Tract 20.07; Leon County; Florida","3703","802",
"1400000US12073002008","Census Tract 20.08; Leon County; Florida","3945","911",
"1400000US12073002101","Census Tract 21.01; Leon County; Florida","4248","930",
"1400000US12073002103","Census Tract 21.03; Leon County; Florida","4375","835",
"1400000US12073002105","Census Tract 21.05; Leon County; Florida","3676","694",
"1400000US12073002106","Census Tract 21.06; Leon County; Florida","2974","768",
"1400000US12073002201","Census Tract 22.01; Leon County; Florida","5618","991",
"1400000US12073002205","Census Tract 22.05; Leon County; Florida","5604","874",
"1400000US12073002206","Census Tract 22.06; Leon County; Florida","3892","483",
"1400000US12073002207","Census Tract 22.07; Leon County; Florida","2316","357",
"1400000US12073002208","Census Tract 22.08; Leon County; Florida","4484","430",
"1400000US12073002302","Census Tract 23.02; Leon County; Florida","2855","479",
"1400000US12073002303","Census Tract 23.03; Leon County; Florida","4730","772",
"1400000US12073002304","Census Tract 23.04; Leon County; Florida","3059","679",
"1400000US12073002403","Census Tract 24.03; Leon County; Florida","2854","491",
"1400000US12073002410","Census Tract 24.10; Leon County; Florida","7408","1277",
"1400000US12073002411","Census Tract 24.11; Leon County; Florida","1548","187",
"1400000US12073002413","Census Tract 24.13; Leon County; Florida","3080","315",
"1400000US12073002414","Census Tract 24.14; Leon County; Florida","4651","661",
"1400000US12073002415","Census Tract 24.15; Leon County; Florida","4861","597",
"1400000US12073002416","Census Tract 24.16; Leon County; Florida","2676","237",
"1400000US12073002418","Census Tract 24.18; Leon County; Florida","4385","453",
"1400000US12073002419","Census Tract 24.19; Leon County; Florida","4436","584",
"1400000US12073002420","Census Tract 24.20; Leon County; Florida","3061","356",
"1400000US12073002421","Census Tract 24.21; Leon County; Florida","4450","521",
"1400000US12073002422","Census Tract 24.22; Leon County; Florida","3976","501",
"1400000US12073002423","Census Tract 24.23; Leon County; Florida","4834","626",
"1400000US12073002505","Census Tract 25.05; Leon County; Florida","6824","687",
"1400000US12073002507","Census Tract 25.07; Leon County; Florida","2437","289",
"1400000US12073002509","Census Tract 25.09; Leon County; Florida","3952","465",
"1400000US12073002511","Census Tract 25.11; Leon County; Florida","2155","217",
"1400000US12073002512","Census Tract 25.12; Leon County; Florida","3891","905",
"1400000US12073002513","Census Tract 25.13; Leon County; Florida","4410","458",
"1400000US12073002514","Census Tract 25.14; Leon County; Florida","2861","255",
"1400000US12073002515","Census Tract 25.15; Leon County; Florida","6002","921",
"1400000US12073002516","Census Tract 25.16; Leon County; Florida","3203","363",
"1400000US12073002517","Census Tract 25.17; Leon County; Florida","3339","623",
"1400000US12073002603","Census Tract 26.03; Leon County; Florida","5516","1190",
"1400000US12073002604","Census Tract 26.04; Leon County; Florida","2655","471",
"1400000US12073002605","Census Tract 26.05; Leon County; Florida","6534","711",
"1400000US12073002606","Census Tract 26.06; Leon County; Florida","3139","296",
"1400000US12073002701","Census Tract 27.01; Leon County; Florida","4448","910",
"1400000US12073002702","Census Tract 27.02; Leon County; Florida","4010","547",
"1400000US12075970101","Census Tract 9701.01; Levy County; Florida","2653","353",
"1400000US12075970103","Census Tract 9701.03; Levy County; Florida","3703","438",
"1400000US12075970104","Census Tract 9701.04; Levy County; Florida","5781","772",
"1400000US12075970200","Census Tract 9702; Levy County; Florida","4067","639",
"1400000US12075970301","Census Tract 9703.01; Levy County; Florida","1703","387",
"1400000US12075970303","Census Tract 9703.03; Levy County; Florida","3823","545",
"1400000US12075970304","Census Tract 9703.04; Levy County; Florida","2939","523",
"1400000US12075970400","Census Tract 9704; Levy County; Florida","2761","495",
"1400000US12075970501","Census Tract 9705.01; Levy County; Florida","3364","450",
"1400000US12075970502","Census Tract 9705.02; Levy County; Florida","5731","897",
"1400000US12075970600","Census Tract 9706; Levy County; Florida","4818","541",
"1400000US12075970700","Census Tract 9707; Levy County; Florida","4048","450",
"1400000US12075990000","Census Tract 9900; Levy County; Florida","0","15",
"1400000US12077950100","Census Tract 9501; Liberty County; Florida","2367","286",
"1400000US12077950201","Census Tract 9502.01; Liberty County; Florida","2633","309",
"1400000US12077950202","Census Tract 9502.02; Liberty County; Florida","1246","249",
"1400000US12077980000","Census Tract 9800; Liberty County; Florida","1441","27",
"1400000US12079110100","Census Tract 1101; Madison County; Florida","2731","383",
"1400000US12079110200","Census Tract 1102; Madison County; Florida","3423","539",
"1400000US12079110301","Census Tract 1103.01; Madison County; Florida","2594","420",
"1400000US12079110302","Census Tract 1103.02; Madison County; Florida","5176","401",
"1400000US12079110400","Census Tract 1104; Madison County; Florida","4165","376",
"1400000US12081000101","Census Tract 1.01; Manatee County; Florida","2306","277",
"1400000US12081000103","Census Tract 1.03; Manatee County; Florida","3676","632",
"1400000US12081000105","Census Tract 1.05; Manatee County; Florida","4282","889",
"1400000US12081000106","Census Tract 1.06; Manatee County; Florida","5434","1345",
"1400000US12081000201","Census Tract 2.01; Manatee County; Florida","4490","843",
"1400000US12081000203","Census Tract 2.03; Manatee County; Florida","1827","265",
"1400000US12081000204","Census Tract 2.04; Manatee County; Florida","1820","455",
"1400000US12081000304","Census Tract 3.04; Manatee County; Florida","3582","902",
"1400000US12081000305","Census Tract 3.05; Manatee County; Florida","7027","1239",
"1400000US12081000307","Census Tract 3.07; Manatee County; Florida","3542","815",
"1400000US12081000309","Census Tract 3.09; Manatee County; Florida","4541","836",
"1400000US12081000310","Census Tract 3.10; Manatee County; Florida","4401","669",
"1400000US12081000311","Census Tract 3.11; Manatee County; Florida","2275","598",
"1400000US12081000312","Census Tract 3.12; Manatee County; Florida","1924","294",
"1400000US12081000313","Census Tract 3.13; Manatee County; Florida","1278","348",
"1400000US12081000314","Census Tract 3.14; Manatee County; Florida","3006","518",
"1400000US12081000403","Census Tract 4.03; Manatee County; Florida","1503","221",
"1400000US12081000405","Census Tract 4.05; Manatee County; Florida","2516","565",
"1400000US12081000406","Census Tract 4.06; Manatee County; Florida","4167","634",
"1400000US12081000407","Census Tract 4.07; Manatee County; Florida","4505","632",
"1400000US12081000409","Census Tract 4.09; Manatee County; Florida","2509","532",
"1400000US12081000410","Census Tract 4.10; Manatee County; Florida","3137","680",
"1400000US12081000501","Census Tract 5.01; Manatee County; Florida","2878","376",
"1400000US12081000503","Census Tract 5.03; Manatee County; Florida","4451","722",
"1400000US12081000504","Census Tract 5.04; Manatee County; Florida","3625","540",
"1400000US12081000601","Census Tract 6.01; Manatee County; Florida","2836","612",
"1400000US12081000603","Census Tract 6.03; Manatee County; Florida","4165","505",
"1400000US12081000604","Census Tract 6.04; Manatee County; Florida","4062","810",
"1400000US12081000703","Census Tract 7.03; Manatee County; Florida","4039","870",
"1400000US12081000704","Census Tract 7.04; Manatee County; Florida","5389","900",
"1400000US12081000705","Census Tract 7.05; Manatee County; Florida","6610","1169",
"1400000US12081000804","Census Tract 8.04; Manatee County; Florida","3648","583",
"1400000US12081000805","Census Tract 8.05; Manatee County; Florida","8845","899",
"1400000US12081000808","Census Tract 8.08; Manatee County; Florida","6162","906",
"1400000US12081000809","Census Tract 8.09; Manatee County; Florida","5335","810",
"1400000US12081000810","Census Tract 8.10; Manatee County; Florida","6289","803",
"1400000US12081000811","Census Tract 8.11; Manatee County; Florida","4279","921",
"1400000US12081000812","Census Tract 8.12; Manatee County; Florida","6074","1032",
"1400000US12081000813","Census Tract 8.13; Manatee County; Florida","4330","764",
"1400000US12081000814","Census Tract 8.14; Manatee County; Florida","4352","710",
"1400000US12081000901","Census Tract 9.01; Manatee County; Florida","4820","710",
"1400000US12081000902","Census Tract 9.02; Manatee County; Florida","5511","1169",
"1400000US12081001001","Census Tract 10.01; Manatee County; Florida","2558","390",
"1400000US12081001002","Census Tract 10.02; Manatee County; Florida","2918","593",
"1400000US12081001104","Census Tract 11.04; Manatee County; Florida","4190","929",
"1400000US12081001105","Census Tract 11.05; Manatee County; Florida","3987","579",
"1400000US12081001106","Census Tract 11.06; Manatee County; Florida","4049","793",
"1400000US12081001107","Census Tract 11.07; Manatee County; Florida","3659","584",
"1400000US12081001108","Census Tract 11.08; Manatee County; Florida","3279","807",
"1400000US12081001202","Census Tract 12.02; Manatee County; Florida","4385","563",
"1400000US12081001203","Census Tract 12.03; Manatee County; Florida","4235","563",
"1400000US12081001204","Census Tract 12.04; Manatee County; Florida","6119","870",
"1400000US12081001300","Census Tract 13; Manatee County; Florida","3667","586",
"1400000US12081001402","Census Tract 14.02; Manatee County; Florida","1876","314",
"1400000US12081001404","Census Tract 14.04; Manatee County; Florida","3125","810",
"1400000US12081001405","Census Tract 14.05; Manatee County; Florida","2342","489",
"1400000US12081001406","Census Tract 14.06; Manatee County; Florida","2401","377",
"1400000US12081001501","Census Tract 15.01; Manatee County; Florida","5050","1021",
"1400000US12081001502","Census Tract 15.02; Manatee County; Florida","6552","930",
"1400000US12081001602","Census Tract 16.02; Manatee County; Florida","4330","570",
"1400000US12081001603","Census Tract 16.03; Manatee County; Florida","1577","290",
"1400000US12081001604","Census Tract 16.04; Manatee County; Florida","4999","821",
"1400000US12081001701","Census Tract 17.01; Manatee County; Florida","1043","169",
"1400000US12081001705","Census Tract 17.05; Manatee County; Florida","2750","22",
"1400000US12081001801","Census Tract 18.01; Manatee County; Florida","2482","140",
"1400000US12081001802","Census Tract 18.02; Manatee County; Florida","1025","259",
"1400000US12081001904","Census Tract 19.04; Manatee County; Florida","10373","1798",
"1400000US12081001907","Census Tract 19.07; Manatee County; Florida","7844","881",
"1400000US12081001908","Census Tract 19.08; Manatee County; Florida","7998","994",
"1400000US12081001909","Census Tract 19.09; Manatee County; Florida","3389","496",
"1400000US12081001910","Census Tract 19.10; Manatee County; Florida","6520","711",
"1400000US12081001911","Census Tract 19.11; Manatee County; Florida","8184","833",
"1400000US12081001913","Census Tract 19.13; Manatee County; Florida","7436","664",
"1400000US12081001914","Census Tract 19.14; Manatee County; Florida","4209","697",
"1400000US12081001915","Census Tract 19.15; Manatee County; Florida","5249","866",
"1400000US12081001916","Census Tract 19.16; Manatee County; Florida","8868","866",
"1400000US12081002003","Census Tract 20.03; Manatee County; Florida","7248","1229",
"1400000US12081002005","Census Tract 20.05; Manatee County; Florida","5898","831",
"1400000US12081002008","Census Tract 20.08; Manatee County; Florida","6763","786",
"1400000US12081002010","Census Tract 20.10; Manatee County; Florida","3686","536",
"1400000US12081002011","Census Tract 20.11; Manatee County; Florida","4222","631",
"1400000US12081002012","Census Tract 20.12; Manatee County; Florida","4881","505",
"1400000US12081002014","Census Tract 20.14; Manatee County; Florida","8277","1202",
"1400000US12081002016","Census Tract 20.16; Manatee County; Florida","5866","477",
"1400000US12081002017","Census Tract 20.17; Manatee County; Florida","3826","538",
"1400000US12081002018","Census Tract 20.18; Manatee County; Florida","7150","811",
"1400000US12081002019","Census Tract 20.19; Manatee County; Florida","8108","1225",
"1400000US12081002020","Census Tract 20.20; Manatee County; Florida","9338","824",
"1400000US12081002021","Census Tract 20.21; Manatee County; Florida","10118","2145",
"1400000US12081002022","Census Tract 20.22; Manatee County; Florida","2488","257",
"1400000US12081002023","Census Tract 20.23; Manatee County; Florida","8416","1274",
"1400000US12081002024","Census Tract 20.24; Manatee County; Florida","3193","593",
"1400000US12081002025","Census Tract 20.25; Manatee County; Florida","6198","729",
"1400000US12081990000","Census Tract 9900; Manatee County; Florida","0","15",
"1400000US12083000101","Census Tract 1.01; Marion County; Florida","2943","962",
"1400000US12083000102","Census Tract 1.02; Marion County; Florida","2422","442",
"1400000US12083000201","Census Tract 2.01; Marion County; Florida","2501","471",
"1400000US12083000202","Census Tract 2.02; Marion County; Florida","3656","836",
"1400000US12083000203","Census Tract 2.03; Marion County; Florida","1129","218",
"1400000US12083000302","Census Tract 3.02; Marion County; Florida","3423","571",
"1400000US12083000303","Census Tract 3.03; Marion County; Florida","2902","1024",
"1400000US12083000304","Census Tract 3.04; Marion County; Florida","5016","211",
"1400000US12083000401","Census Tract 4.01; Marion County; Florida","3166","606",
"1400000US12083000402","Census Tract 4.02; Marion County; Florida","4066","975",
"1400000US12083000501","Census Tract 5.01; Marion County; Florida","1794","355",
"1400000US12083000502","Census Tract 5.02; Marion County; Florida","1428","179",
"1400000US12083000601","Census Tract 6.01; Marion County; Florida","4288","941",
"1400000US12083000604","Census Tract 6.04; Marion County; Florida","2785","488",
"1400000US12083000605","Census Tract 6.05; Marion County; Florida","2546","409",
"1400000US12083000606","Census Tract 6.06; Marion County; Florida","2522","556",
"1400000US12083000607","Census Tract 6.07; Marion County; Florida","3286","518",
"1400000US12083000703","Census Tract 7.03; Marion County; Florida","4570","899",
"1400000US12083000704","Census Tract 7.04; Marion County; Florida","2528","610",
"1400000US12083000705","Census Tract 7.05; Marion County; Florida","1903","427",
"1400000US12083000706","Census Tract 7.06; Marion County; Florida","4200","746",
"1400000US12083000707","Census Tract 7.07; Marion County; Florida","1581","336",
"1400000US12083000803","Census Tract 8.03; Marion County; Florida","3427","515",
"1400000US12083000804","Census Tract 8.04; Marion County; Florida","1289","173",
"1400000US12083000805","Census Tract 8.05; Marion County; Florida","6991","2457",
"1400000US12083000806","Census Tract 8.06; Marion County; Florida","1670","324",
"1400000US12083000807","Census Tract 8.07; Marion County; Florida","2667","445",
"1400000US12083000808","Census Tract 8.08; Marion County; Florida","2665","340",
"1400000US12083000809","Census Tract 8.09; Marion County; Florida","2160","198",
"1400000US12083000810","Census Tract 8.10; Marion County; Florida","3364","622",
"1400000US12083000811","Census Tract 8.11; Marion County; Florida","3719","467",
"1400000US12083000901","Census Tract 9.01; Marion County; Florida","6531","792",
"1400000US12083000903","Census Tract 9.03; Marion County; Florida","3882","665",
"1400000US12083000904","Census Tract 9.04; Marion County; Florida","8573","1464",
"1400000US12083001003","Census Tract 10.03; Marion County; Florida","1711","390",
"1400000US12083001005","Census Tract 10.05; Marion County; Florida","8432","1216",
"1400000US12083001007","Census Tract 10.07; Marion County; Florida","7464","1106",
"1400000US12083001008","Census Tract 10.08; Marion County; Florida","4169","462",
"1400000US12083001009","Census Tract 10.09; Marion County; Florida","8414","1086",
"1400000US12083001010","Census Tract 10.10; Marion County; Florida","3996","554",
"1400000US12083001011","Census Tract 10.11; Marion County; Florida","4646","725",
"1400000US12083001012","Census Tract 10.12; Marion County; Florida","4767","958",
"1400000US12083001013","Census Tract 10.13; Marion County; Florida","10495","1431",
"1400000US12083001102","Census Tract 11.02; Marion County; Florida","3350","626",
"1400000US12083001103","Census Tract 11.03; Marion County; Florida","8322","1008",
"1400000US12083001105","Census Tract 11.05; Marion County; Florida","6179","623",
"1400000US12083001106","Census Tract 11.06; Marion County; Florida","2804","554",
"1400000US12083001204","Census Tract 12.04; Marion County; Florida","8137","1068",
"1400000US12083001205","Census Tract 12.05; Marion County; Florida","4617","534",
"1400000US12083001206","Census Tract 12.06; Marion County; Florida","3833","1619",
"1400000US12083001208","Census Tract 12.08; Marion County; Florida","4187","737",
"1400000US12083001209","Census Tract 12.09; Marion County; Florida","3920","800",
"1400000US12083001210","Census Tract 12.10; Marion County; Florida","7108","1080",
"1400000US12083001211","Census Tract 12.11; Marion County; Florida","3513","341",
"1400000US12083001301","Census Tract 13.01; Marion County; Florida","6643","1005",
"1400000US12083001302","Census Tract 13.02; Marion County; Florida","6866","834",
"1400000US12083001401","Census Tract 14.01; Marion County; Florida","5952","803",
"1400000US12083001403","Census Tract 14.03; Marion County; Florida","5784","828",
"1400000US12083001404","Census Tract 14.04; Marion County; Florida","1210","236",
"1400000US12083001500","Census Tract 15; Marion County; Florida","3429","719",
"1400000US12083001600","Census Tract 16; Marion County; Florida","3959","497",
"1400000US12083001700","Census Tract 17; Marion County; Florida","5561","1086",
"1400000US12083001800","Census Tract 18; Marion County; Florida","1792","351",
"1400000US12083001900","Census Tract 19; Marion County; Florida","3429","582",
"1400000US12083002001","Census Tract 20.01; Marion County; Florida","3041","582",
"1400000US12083002002","Census Tract 20.02; Marion County; Florida","4562","855",
"1400000US12083002100","Census Tract 21; Marion County; Florida","5435","697",
"1400000US12083002201","Census Tract 22.01; Marion County; Florida","3935","454",
"1400000US12083002202","Census Tract 22.02; Marion County; Florida","3962","632",
"1400000US12083002203","Census Tract 22.03; Marion County; Florida","7919","1304",
"1400000US12083002302","Census Tract 23.02; Marion County; Florida","6869","905",
"1400000US12083002303","Census Tract 23.03; Marion County; Florida","1865","339",
"1400000US12083002304","Census Tract 23.04; Marion County; Florida","5193","494",
"1400000US12083002401","Census Tract 24.01; Marion County; Florida","4566","691",
"1400000US12083002402","Census Tract 24.02; Marion County; Florida","6506","949",
"1400000US12083002503","Census Tract 25.03; Marion County; Florida","7482","1016",
"1400000US12083002504","Census Tract 25.04; Marion County; Florida","5517","653",
"1400000US12083002505","Census Tract 25.05; Marion County; Florida","9248","1893",
"1400000US12083002506","Census Tract 25.06; Marion County; Florida","2828","616",
"1400000US12083002507","Census Tract 25.07; Marion County; Florida","5041","679",
"1400000US12083002602","Census Tract 26.02; Marion County; Florida","6399","880",
"1400000US12083002604","Census Tract 26.04; Marion County; Florida","4045","645",
"1400000US12083002605","Census Tract 26.05; Marion County; Florida","8944","687",
"1400000US12083002607","Census Tract 26.07; Marion County; Florida","4727","589",
"1400000US12083002608","Census Tract 26.08; Marion County; Florida","3239","578",
"1400000US12083002609","Census Tract 26.09; Marion County; Florida","3021","473",
"1400000US12083002610","Census Tract 26.10; Marion County; Florida","4967","770",
"1400000US12083002703","Census Tract 27.03; Marion County; Florida","2655","431",
"1400000US12083002704","Census Tract 27.04; Marion County; Florida","4184","486",
"1400000US12083002705","Census Tract 27.05; Marion County; Florida","6252","1012",
"1400000US12083002706","Census Tract 27.06; Marion County; Florida","1394","460",
"1400000US12083980000","Census Tract 9800; Marion County; Florida","0","15",
"1400000US12083980100","Census Tract 9801; Marion County; Florida","0","15",
"1400000US12085000100","Census Tract 1; Martin County; Florida","2629","449",
"1400000US12085000200","Census Tract 2; Martin County; Florida","3881","515",
"1400000US12085000300","Census Tract 3; Martin County; Florida","6586","956",
"1400000US12085000400","Census Tract 4; Martin County; Florida","8325","1026",
"1400000US12085000501","Census Tract 5.01; Martin County; Florida","4829","684",
"1400000US12085000502","Census Tract 5.02; Martin County; Florida","1938","334",
"1400000US12085000603","Census Tract 6.03; Martin County; Florida","6180","689",
"1400000US12085000604","Census Tract 6.04; Martin County; Florida","6438","780",
"1400000US12085000606","Census Tract 6.06; Martin County; Florida","7479","1016",
"1400000US12085000607","Census Tract 6.07; Martin County; Florida","2497","310",
"1400000US12085000610","Census Tract 6.10; Martin County; Florida","3777","483",
"1400000US12085000701","Census Tract 7.01; Martin County; Florida","1895","344",
"1400000US12085000702","Census Tract 7.02; Martin County; Florida","1827","305",
"1400000US12085000800","Census Tract 8; Martin County; Florida","2891","570",
"1400000US12085000901","Census Tract 9.01; Martin County; Florida","2436","283",
"1400000US12085000902","Census Tract 9.02; Martin County; Florida","4534","613",
"1400000US12085001000","Census Tract 10; Martin County; Florida","6557","789",
"1400000US12085001103","Census Tract 11.03; Martin County; Florida","2978","460",
"1400000US12085001105","Census Tract 11.05; Martin County; Florida","4218","654",
"1400000US12085001106","Census Tract 11.06; Martin County; Florida","6269","537",
"1400000US12085001107","Census Tract 11.07; Martin County; Florida","2128","248",
"1400000US12085001108","Census Tract 11.08; Martin County; Florida","4860","573",
"1400000US12085001200","Census Tract 12; Martin County; Florida","2923","594",
"1400000US12085001301","Census Tract 13.01; Martin County; Florida","5057","780",
"1400000US12085001302","Census Tract 13.02; Martin County; Florida","4625","720",
"1400000US12085001404","Census Tract 14.04; Martin County; Florida","5583","584",
"1400000US12085001406","Census Tract 14.06; Martin County; Florida","3548","513",
"1400000US12085001407","Census Tract 14.07; Martin County; Florida","1861","288",
"1400000US12085001408","Census Tract 14.08; Martin County; Florida","4012","992",
"1400000US12085001409","Census Tract 14.09; Martin County; Florida","2948","412",
"1400000US12085001410","Census Tract 14.10; Martin County; Florida","6016","609",
"1400000US12085001500","Census Tract 15; Martin County; Florida","3323","469",
"1400000US12085001601","Census Tract 16.01; Martin County; Florida","4251","868",
"1400000US12085001602","Census Tract 16.02; Martin County; Florida","1463","158",
"1400000US12085001701","Census Tract 17.01; Martin County; Florida","3599","346",
"1400000US12085001702","Census Tract 17.02; Martin County; Florida","2199","232",
"1400000US12085001703","Census Tract 17.03; Martin County; Florida","5765","874",
"1400000US12085001803","Census Tract 18.03; Martin County; Florida","2019","488",
"1400000US12085001804","Census Tract 18.04; Martin County; Florida","4861","483",
"1400000US12085001805","Census Tract 18.05; Martin County; Florida","728","358",
"1400000US12085001806","Census Tract 18.06; Martin County; Florida","2243","189",
"1400000US12085990000","Census Tract 9900; Martin County; Florida","0","15",
"1400000US12085990100","Census Tract 9901; Martin County; Florida","0","15",
"1400000US12086000107","Census Tract 1.07; Miami-Dade County; Florida","3134","591",
"1400000US12086000109","Census Tract 1.09; Miami-Dade County; Florida","3801","589",
"1400000US12086000115","Census Tract 1.15; Miami-Dade County; Florida","1796","405",
"1400000US12086000118","Census Tract 1.18; Miami-Dade County; Florida","1259","344",
"1400000US12086000120","Census Tract 1.20; Miami-Dade County; Florida","3934","485",
"1400000US12086000121","Census Tract 1.21; Miami-Dade County; Florida","1798","454",
"1400000US12086000122","Census Tract 1.22; Miami-Dade County; Florida","3629","505",
"1400000US12086000123","Census Tract 1.23; Miami-Dade County; Florida","4471","522",
"1400000US12086000124","Census Tract 1.24; Miami-Dade County; Florida","3064","545",
"1400000US12086000125","Census Tract 1.25; Miami-Dade County; Florida","4413","740",
"1400000US12086000126","Census Tract 1.26; Miami-Dade County; Florida","1625","344",
"1400000US12086000127","Census Tract 1.27; Miami-Dade County; Florida","3355","566",
"1400000US12086000128","Census Tract 1.28; Miami-Dade County; Florida","4050","919",
"1400000US12086000129","Census Tract 1.29; Miami-Dade County; Florida","1936","356",
"1400000US12086000130","Census Tract 1.30; Miami-Dade County; Florida","2945","494",
"1400000US12086000131","Census Tract 1.31; Miami-Dade County; Florida","4973","678",
"1400000US12086000132","Census Tract 1.32; Miami-Dade County; Florida","5293","832",
"1400000US12086000134","Census Tract 1.34; Miami-Dade County; Florida","3347","587",
"1400000US12086000140","Census Tract 1.40; Miami-Dade County; Florida","3485","844",
"1400000US12086000141","Census Tract 1.41; Miami-Dade County; Florida","2474","485",
"1400000US12086000142","Census Tract 1.42; Miami-Dade County; Florida","4815","676",
"1400000US12086000143","Census Tract 1.43; Miami-Dade County; Florida","2710","516",
"1400000US12086000144","Census Tract 1.44; Miami-Dade County; Florida","1340","320",
"1400000US12086000145","Census Tract 1.45; Miami-Dade County; Florida","2973","1081",
"1400000US12086000146","Census Tract 1.46; Miami-Dade County; Florida","4597","1037",
"1400000US12086000204","Census Tract 2.04; Miami-Dade County; Florida","3667","609",
"1400000US12086000206","Census Tract 2.06; Miami-Dade County; Florida","7277","1646",
"1400000US12086000211","Census Tract 2.11; Miami-Dade County; Florida","2487","318",
"1400000US12086000212","Census Tract 2.12; Miami-Dade County; Florida","4760","716",
"1400000US12086000213","Census Tract 2.13; Miami-Dade County; Florida","5918","729",
"1400000US12086000215","Census Tract 2.15; Miami-Dade County; Florida","5291","1152",
"1400000US12086000216","Census Tract 2.16; Miami-Dade County; Florida","4510","1162",
"1400000US12086000218","Census Tract 2.18; Miami-Dade County; Florida","2691","402",
"1400000US12086000219","Census Tract 2.19; Miami-Dade County; Florida","4808","677",
"1400000US12086000220","Census Tract 2.20; Miami-Dade County; Florida","5651","1471",
"1400000US12086000221","Census Tract 2.21; Miami-Dade County; Florida","2491","651",
"1400000US12086000222","Census Tract 2.22; Miami-Dade County; Florida","3729","590",
"1400000US12086000223","Census Tract 2.23; Miami-Dade County; Florida","3255","645",
"1400000US12086000224","Census Tract 2.24; Miami-Dade County; Florida","4672","692",
"1400000US12086000225","Census Tract 2.25; Miami-Dade County; Florida","3933","913",
"1400000US12086000226","Census Tract 2.26; Miami-Dade County; Florida","2398","415",
"1400000US12086000227","Census Tract 2.27; Miami-Dade County; Florida","2812","680",
"1400000US12086000228","Census Tract 2.28; Miami-Dade County; Florida","3052","474",
"1400000US12086000302","Census Tract 3.02; Miami-Dade County; Florida","2111","357",
"1400000US12086000306","Census Tract 3.06; Miami-Dade County; Florida","4844","682",
"1400000US12086000307","Census Tract 3.07; Miami-Dade County; Florida","4456","787",
"1400000US12086000308","Census Tract 3.08; Miami-Dade County; Florida","4386","586",
"1400000US12086000309","Census Tract 3.09; Miami-Dade County; Florida","3915","865",
"1400000US12086000310","Census Tract 3.10; Miami-Dade County; Florida","4154","839",
"1400000US12086000311","Census Tract 3.11; Miami-Dade County; Florida","4173","1275",
"1400000US12086000312","Census Tract 3.12; Miami-Dade County; Florida","2870","521",
"1400000US12086000402","Census Tract 4.02; Miami-Dade County; Florida","4508","688",
"1400000US12086000405","Census Tract 4.05; Miami-Dade County; Florida","4357","527",
"1400000US12086000408","Census Tract 4.08; Miami-Dade County; Florida","5686","1186",
"1400000US12086000409","Census Tract 4.09; Miami-Dade County; Florida","4840","627",
"1400000US12086000410","Census Tract 4.10; Miami-Dade County; Florida","4858","1147",
"1400000US12086000411","Census Tract 4.11; Miami-Dade County; Florida","6708","1364",
"1400000US12086000413","Census Tract 4.13; Miami-Dade County; Florida","5831","720",
"1400000US12086000414","Census Tract 4.14; Miami-Dade County; Florida","5406","910",
"1400000US12086000415","Census Tract 4.15; Miami-Dade County; Florida","2032","427",
"1400000US12086000416","Census Tract 4.16; Miami-Dade County; Florida","4730","1224",
"1400000US12086000417","Census Tract 4.17; Miami-Dade County; Florida","4450","855",
"1400000US12086000418","Census Tract 4.18; Miami-Dade County; Florida","2337","541",
"1400000US12086000419","Census Tract 4.19; Miami-Dade County; Florida","3924","1269",
"1400000US12086000420","Census Tract 4.20; Miami-Dade County; Florida","4048","826",
"1400000US12086000504","Census Tract 5.04; Miami-Dade County; Florida","4360","772",
"1400000US12086000505","Census Tract 5.05; Miami-Dade County; Florida","5595","558",
"1400000US12086000506","Census Tract 5.06; Miami-Dade County; Florida","2397","502",
"1400000US12086000507","Census Tract 5.07; Miami-Dade County; Florida","4979","815",
"1400000US12086000508","Census Tract 5.08; Miami-Dade County; Florida","3922","582",
"1400000US12086000509","Census Tract 5.09; Miami-Dade County; Florida","3549","736",
"1400000US12086000601","Census Tract 6.01; Miami-Dade County; Florida","4293","575",
"1400000US12086000602","Census Tract 6.02; Miami-Dade County; Florida","5239","942",
"1400000US12086000603","Census Tract 6.03; Miami-Dade County; Florida","5511","552",
"1400000US12086000605","Census Tract 6.05; Miami-Dade County; Florida","4920","1495",
"1400000US12086000607","Census Tract 6.07; Miami-Dade County; Florida","4683","544",
"1400000US12086000609","Census Tract 6.09; Miami-Dade County; Florida","3355","656",
"1400000US12086000610","Census Tract 6.10; Miami-Dade County; Florida","2907","653",
"1400000US12086000611","Census Tract 6.11; Miami-Dade County; Florida","2448","453",
"1400000US12086000612","Census Tract 6.12; Miami-Dade County; Florida","3231","744",
"1400000US12086000705","Census Tract 7.05; Miami-Dade County; Florida","5029","1233",
"1400000US12086000710","Census Tract 7.10; Miami-Dade County; Florida","4901","719",
"1400000US12086000711","Census Tract 7.11; Miami-Dade County; Florida","5923","681",
"1400000US12086000712","Census Tract 7.12; Miami-Dade County; Florida","2327","385",
"1400000US12086000713","Census Tract 7.13; Miami-Dade County; Florida","3032","1008",
"1400000US12086000714","Census Tract 7.14; Miami-Dade County; Florida","4831","816",
"1400000US12086000715","Census Tract 7.15; Miami-Dade County; Florida","3383","609",
"1400000US12086000716","Census Tract 7.16; Miami-Dade County; Florida","2531","567",
"1400000US12086000717","Census Tract 7.17; Miami-Dade County; Florida","2522","541",
"1400000US12086000718","Census Tract 7.18; Miami-Dade County; Florida","4013","1203",
"1400000US12086000719","Census Tract 7.19; Miami-Dade County; Florida","1288","248",
"1400000US12086000720","Census Tract 7.20; Miami-Dade County; Florida","3671","338",
"1400000US12086000804","Census Tract 8.04; Miami-Dade County; Florida","4322","491",
"1400000US12086000805","Census Tract 8.05; Miami-Dade County; Florida","5149","602",
"1400000US12086000806","Census Tract 8.06; Miami-Dade County; Florida","4132","637",
"1400000US12086000807","Census Tract 8.07; Miami-Dade County; Florida","3776","880",
"1400000US12086000808","Census Tract 8.08; Miami-Dade County; Florida","3763","726",
"1400000US12086000903","Census Tract 9.03; Miami-Dade County; Florida","3671","984",
"1400000US12086000904","Census Tract 9.04; Miami-Dade County; Florida","2500","629",
"1400000US12086000905","Census Tract 9.05; Miami-Dade County; Florida","3605","991",
"1400000US12086000906","Census Tract 9.06; Miami-Dade County; Florida","1877","336",
"1400000US12086000907","Census Tract 9.07; Miami-Dade County; Florida","1907","341",
"1400000US12086000908","Census Tract 9.08; Miami-Dade County; Florida","3094","820",
"1400000US12086001003","Census Tract 10.03; Miami-Dade County; Florida","6705","1058",
"1400000US12086001004","Census Tract 10.04; Miami-Dade County; Florida","8911","1452",
"1400000US12086001005","Census Tract 10.05; Miami-Dade County; Florida","1690","298",
"1400000US12086001006","Census Tract 10.06; Miami-Dade County; Florida","4327","819",
"1400000US12086001007","Census Tract 10.07; Miami-Dade County; Florida","4081","789",
"1400000US12086001008","Census Tract 10.08; Miami-Dade County; Florida","3747","679",
"1400000US12086001101","Census Tract 11.01; Miami-Dade County; Florida","5050","932",
"1400000US12086001102","Census Tract 11.02; Miami-Dade County; Florida","5935","601",
"1400000US12086001103","Census Tract 11.03; Miami-Dade County; Florida","4554","1127",
"1400000US12086001104","Census Tract 11.04; Miami-Dade County; Florida","4890","479",
"1400000US12086001204","Census Tract 12.04; Miami-Dade County; Florida","5924","1330",
"1400000US12086001205","Census Tract 12.05; Miami-Dade County; Florida","2413","460",
"1400000US12086001206","Census Tract 12.06; Miami-Dade County; Florida","4322","507",
"1400000US12086001207","Census Tract 12.07; Miami-Dade County; Florida","2032","493",
"1400000US12086001208","Census Tract 12.08; Miami-Dade County; Florida","3146","622",
"1400000US12086001209","Census Tract 12.09; Miami-Dade County; Florida","3842","826",
"1400000US12086001301","Census Tract 13.01; Miami-Dade County; Florida","5463","876",
"1400000US12086001302","Census Tract 13.02; Miami-Dade County; Florida","5568","898",
"1400000US12086001401","Census Tract 14.01; Miami-Dade County; Florida","5761","1183",
"1400000US12086001402","Census Tract 14.02; Miami-Dade County; Florida","5479","1250",
"1400000US12086001501","Census Tract 15.01; Miami-Dade County; Florida","3906","862",
"1400000US12086001502","Census Tract 15.02; Miami-Dade County; Florida","4523","1172",
"1400000US12086001603","Census Tract 16.03; Miami-Dade County; Florida","3397","569",
"1400000US12086001605","Census Tract 16.05; Miami-Dade County; Florida","3712","513",
"1400000US12086001606","Census Tract 16.06; Miami-Dade County; Florida","4395","616",
"1400000US12086001607","Census Tract 16.07; Miami-Dade County; Florida","3101","645",
"1400000US12086001608","Census Tract 16.08; Miami-Dade County; Florida","2829","715",
"1400000US12086001701","Census Tract 17.01; Miami-Dade County; Florida","5180","843",
"1400000US12086001702","Census Tract 17.02; Miami-Dade County; Florida","3689","679",
"1400000US12086001704","Census Tract 17.04; Miami-Dade County; Florida","2626","347",
"1400000US12086001705","Census Tract 17.05; Miami-Dade County; Florida","2226","523",
"1400000US12086001801","Census Tract 18.01; Miami-Dade County; Florida","4324","755",
"1400000US12086001802","Census Tract 18.02; Miami-Dade County; Florida","4697","940",
"1400000US12086001803","Census Tract 18.03; Miami-Dade County; Florida","3161","813",
"1400000US12086001901","Census Tract 19.01; Miami-Dade County; Florida","4690","1245",
"1400000US12086001903","Census Tract 19.03; Miami-Dade County; Florida","3350","627",
"1400000US12086001904","Census Tract 19.04; Miami-Dade County; Florida","4088","600",
"1400000US12086002001","Census Tract 20.01; Miami-Dade County; Florida","3758","1013",
"1400000US12086002003","Census Tract 20.03; Miami-Dade County; Florida","3593","673",
"1400000US12086002004","Census Tract 20.04; Miami-Dade County; Florida","3212","960",
"1400000US12086002100","Census Tract 21; Miami-Dade County; Florida","3181","567",
"1400000US12086002201","Census Tract 22.01; Miami-Dade County; Florida","3186","421",
"1400000US12086002202","Census Tract 22.02; Miami-Dade County; Florida","5074","1412",
"1400000US12086002300","Census Tract 23; Miami-Dade County; Florida","5687","850",
"1400000US12086002402","Census Tract 24.02; Miami-Dade County; Florida","6611","1076",
"1400000US12086002403","Census Tract 24.03; Miami-Dade County; Florida","3629","621",
"1400000US12086002404","Census Tract 24.04; Miami-Dade County; Florida","5156","903",
"1400000US12086002501","Census Tract 25.01; Miami-Dade County; Florida","5785","1502",
"1400000US12086002502","Census Tract 25.02; Miami-Dade County; Florida","3480","751",
"1400000US12086002600","Census Tract 26; Miami-Dade County; Florida","6114","1162",
"1400000US12086002702","Census Tract 27.02; Miami-Dade County; Florida","7715","1232",
"1400000US12086002705","Census Tract 27.05; Miami-Dade County; Florida","5494","1336",
"1400000US12086002707","Census Tract 27.07; Miami-Dade County; Florida","2552","389",
"1400000US12086002708","Census Tract 27.08; Miami-Dade County; Florida","2943","441",
"1400000US12086002709","Census Tract 27.09; Miami-Dade County; Florida","4113","585",
"1400000US12086002710","Census Tract 27.10; Miami-Dade County; Florida","1834","409",
"1400000US12086002800","Census Tract 28; Miami-Dade County; Florida","1353","212",
"1400000US12086002900","Census Tract 29; Miami-Dade County; Florida","5265","808",
"1400000US12086003001","Census Tract 30.01; Miami-Dade County; Florida","3367","658",
"1400000US12086003004","Census Tract 30.04; Miami-Dade County; Florida","5295","496",
"1400000US12086003005","Census Tract 30.05; Miami-Dade County; Florida","1543","353",
"1400000US12086003006","Census Tract 30.06; Miami-Dade County; Florida","5035","909",
"1400000US12086003100","Census Tract 31; Miami-Dade County; Florida","5275","1331",
"1400000US12086003400","Census Tract 34; Miami-Dade County; Florida","3997","772",
"1400000US12086003603","Census Tract 36.03; Miami-Dade County; Florida","2154","617",
"1400000US12086003604","Census Tract 36.04; Miami-Dade County; Florida","3147","772",
"1400000US12086003605","Census Tract 36.05; Miami-Dade County; Florida","2993","341",
"1400000US12086003606","Census Tract 36.06; Miami-Dade County; Florida","2584","385",
"1400000US12086003607","Census Tract 36.07; Miami-Dade County; Florida","1765","318",
"1400000US12086003703","Census Tract 37.03; Miami-Dade County; Florida","2725","557",
"1400000US12086003704","Census Tract 37.04; Miami-Dade County; Florida","1309","217",
"1400000US12086003705","Census Tract 37.05; Miami-Dade County; Florida","1932","268",
"1400000US12086003706","Census Tract 37.06; Miami-Dade County; Florida","2498","269",
"1400000US12086003707","Census Tract 37.07; Miami-Dade County; Florida","1926","298",
"1400000US12086003708","Census Tract 37.08; Miami-Dade County; Florida","953","226",
"1400000US12086003709","Census Tract 37.09; Miami-Dade County; Florida","1322","223",
"1400000US12086003710","Census Tract 37.10; Miami-Dade County; Florida","8380","1075",
"1400000US12086003801","Census Tract 38.01; Miami-Dade County; Florida","5886","61",
"1400000US12086003803","Census Tract 38.03; Miami-Dade County; Florida","3055","12",
"1400000US12086003804","Census Tract 38.04; Miami-Dade County; Florida","5631","23",
"1400000US12086003906","Census Tract 39.06; Miami-Dade County; Florida","2760","535",
"1400000US12086003909","Census Tract 39.09; Miami-Dade County; Florida","1492","285",
"1400000US12086003911","Census Tract 39.11; Miami-Dade County; Florida","4363","1108",
"1400000US12086003912","Census Tract 39.12; Miami-Dade County; Florida","4394","693",
"1400000US12086003913","Census Tract 39.13; Miami-Dade County; Florida","4060","617",
"1400000US12086003914","Census Tract 39.14; Miami-Dade County; Florida","3343","550",
"1400000US12086003915","Census Tract 39.15; Miami-Dade County; Florida","5097","725",
"1400000US12086003916","Census Tract 39.16; Miami-Dade County; Florida","4199","615",
"1400000US12086003917","Census Tract 39.17; Miami-Dade County; Florida","5397","424",
"1400000US12086003918","Census Tract 39.18; Miami-Dade County; Florida","2721","420",
"1400000US12086003919","Census Tract 39.19; Miami-Dade County; Florida","2804","628",
"1400000US12086003921","Census Tract 39.21; Miami-Dade County; Florida","2331","321",
"1400000US12086003922","Census Tract 39.22; Miami-Dade County; Florida","2256","478",
"1400000US12086004000","Census Tract 40; Miami-Dade County; Florida","5449","1072",
"1400000US12086004102","Census Tract 41.02; Miami-Dade County; Florida","2226","374",
"1400000US12086004103","Census Tract 41.03; Miami-Dade County; Florida","2133","661",
"1400000US12086004105","Census Tract 41.05; Miami-Dade County; Florida","2195","579",
"1400000US12086004106","Census Tract 41.06; Miami-Dade County; Florida","3089","635",
"1400000US12086004204","Census Tract 42.04; Miami-Dade County; Florida","2087","366",
"1400000US12086004205","Census Tract 42.05; Miami-Dade County; Florida","1892","399",
"1400000US12086004206","Census Tract 42.06; Miami-Dade County; Florida","2012","908",
"1400000US12086004207","Census Tract 42.07; Miami-Dade County; Florida","1823","480",
"1400000US12086004208","Census Tract 42.08; Miami-Dade County; Florida","1290","243",
"1400000US12086004301","Census Tract 43.01; Miami-Dade County; Florida","2686","546",
"1400000US12086004303","Census Tract 43.03; Miami-Dade County; Florida","2743","627",
"1400000US12086004304","Census Tract 43.04; Miami-Dade County; Florida","2207","326",
"1400000US12086004403","Census Tract 44.03; Miami-Dade County; Florida","2548","382",
"1400000US12086004404","Census Tract 44.04; Miami-Dade County; Florida","2012","320",
"1400000US12086004405","Census Tract 44.05; Miami-Dade County; Florida","2863","500",
"1400000US12086004406","Census Tract 44.06; Miami-Dade County; Florida","2314","290",
"1400000US12086004500","Census Tract 45; Miami-Dade County; Florida","4389","784",
"1400000US12086004602","Census Tract 46.02; Miami-Dade County; Florida","4513","625",
"1400000US12086004605","Census Tract 46.05; Miami-Dade County; Florida","3718","610",
"1400000US12086004607","Census Tract 46.07; Miami-Dade County; Florida","4418","751",
"1400000US12086004608","Census Tract 46.08; Miami-Dade County; Florida","2142","398",
"1400000US12086004701","Census Tract 47.01; Miami-Dade County; Florida","5117","535",
"1400000US12086004703","Census Tract 47.03; Miami-Dade County; Florida","5033","511",
"1400000US12086004704","Census Tract 47.04; Miami-Dade County; Florida","2423","402",
"1400000US12086004705","Census Tract 47.05; Miami-Dade County; Florida","3576","516",
"1400000US12086004901","Census Tract 49.01; Miami-Dade County; Florida","3662","584",
"1400000US12086004903","Census Tract 49.03; Miami-Dade County; Florida","3125","665",
"1400000US12086004904","Census Tract 49.04; Miami-Dade County; Florida","2822","617",
"1400000US12086005002","Census Tract 50.02; Miami-Dade County; Florida","5046","951",
"1400000US12086005003","Census Tract 50.03; Miami-Dade County; Florida","3800","834",
"1400000US12086005004","Census Tract 50.04; Miami-Dade County; Florida","3934","881",
"1400000US12086005102","Census Tract 51.02; Miami-Dade County; Florida","5533","944",
"1400000US12086005103","Census Tract 51.03; Miami-Dade County; Florida","2633","399",
"1400000US12086005104","Census Tract 51.04; Miami-Dade County; Florida","4282","537",
"1400000US12086005201","Census Tract 52.01; Miami-Dade County; Florida","5074","805",
"1400000US12086005202","Census Tract 52.02; Miami-Dade County; Florida","6115","1116",
"1400000US12086005303","Census Tract 53.03; Miami-Dade County; Florida","3504","478",
"1400000US12086005304","Census Tract 53.04; Miami-Dade County; Florida","4197","501",
"1400000US12086005305","Census Tract 53.05; Miami-Dade County; Florida","4047","998",
"1400000US12086005306","Census Tract 53.06; Miami-Dade County; Florida","4275","961",
"1400000US12086005403","Census Tract 54.03; Miami-Dade County; Florida","1950","504",
"1400000US12086005405","Census Tract 54.05; Miami-Dade County; Florida","3883","760",
"1400000US12086005406","Census Tract 54.06; Miami-Dade County; Florida","3976","788",
"1400000US12086005407","Census Tract 54.07; Miami-Dade County; Florida","2779","653",
"1400000US12086005409","Census Tract 54.09; Miami-Dade County; Florida","3580","640",
"1400000US12086005410","Census Tract 54.10; Miami-Dade County; Florida","2994","621",
"1400000US12086005503","Census Tract 55.03; Miami-Dade County; Florida","3834","766",
"1400000US12086005504","Census Tract 55.04; Miami-Dade County; Florida","3354","520",
"1400000US12086005505","Census Tract 55.05; Miami-Dade County; Florida","2297","387",
"1400000US12086005506","Census Tract 55.06; Miami-Dade County; Florida","3660","724",
"1400000US12086005600","Census Tract 56; Miami-Dade County; Florida","4914","780",
"1400000US12086005701","Census Tract 57.01; Miami-Dade County; Florida","5533","1422",
"1400000US12086005705","Census Tract 57.05; Miami-Dade County; Florida","3255","526",
"1400000US12086005706","Census Tract 57.06; Miami-Dade County; Florida","3992","510",
"1400000US12086005707","Census Tract 57.07; Miami-Dade County; Florida","1479","191",
"1400000US12086005708","Census Tract 57.08; Miami-Dade County; Florida","6441","1265",
"1400000US12086005803","Census Tract 58.03; Miami-Dade County; Florida","6461","1455",
"1400000US12086005804","Census Tract 58.04; Miami-Dade County; Florida","3962","619",
"1400000US12086005805","Census Tract 58.05; Miami-Dade County; Florida","2210","301",
"1400000US12086005806","Census Tract 58.06; Miami-Dade County; Florida","3845","1032",
"1400000US12086005901","Census Tract 59.01; Miami-Dade County; Florida","4825","521",
"1400000US12086005902","Census Tract 59.02; Miami-Dade County; Florida","3378","466",
"1400000US12086005903","Census Tract 59.03; Miami-Dade County; Florida","5729","1001",
"1400000US12086005904","Census Tract 59.04; Miami-Dade County; Florida","5672","825",
"1400000US12086006002","Census Tract 60.02; Miami-Dade County; Florida","6689","1646",
"1400000US12086006003","Census Tract 60.03; Miami-Dade County; Florida","3359","532",
"1400000US12086006004","Census Tract 60.04; Miami-Dade County; Florida","2405","330",
"1400000US12086006103","Census Tract 61.03; Miami-Dade County; Florida","1966","675",
"1400000US12086006104","Census Tract 61.04; Miami-Dade County; Florida","4160","467",
"1400000US12086006105","Census Tract 61.05; Miami-Dade County; Florida","2268","276",
"1400000US12086006106","Census Tract 61.06; Miami-Dade County; Florida","2343","390",
"1400000US12086006201","Census Tract 62.01; Miami-Dade County; Florida","3064","503",
"1400000US12086006203","Census Tract 62.03; Miami-Dade County; Florida","2711","572",
"1400000US12086006205","Census Tract 62.05; Miami-Dade County; Florida","3481","375",
"1400000US12086006206","Census Tract 62.06; Miami-Dade County; Florida","3925","502",
"1400000US12086006302","Census Tract 63.02; Miami-Dade County; Florida","5815","869",
"1400000US12086006303","Census Tract 63.03; Miami-Dade County; Florida","3835","714",
"1400000US12086006304","Census Tract 63.04; Miami-Dade County; Florida","3197","450",
"1400000US12086006401","Census Tract 64.01; Miami-Dade County; Florida","3543","611",
"1400000US12086006402","Census Tract 64.02; Miami-Dade County; Florida","4394","677",
"1400000US12086006403","Census Tract 64.03; Miami-Dade County; Florida","3279","532",
"1400000US12086006501","Census Tract 65.01; Miami-Dade County; Florida","3402","704",
"1400000US12086006503","Census Tract 65.03; Miami-Dade County; Florida","2296","234",
"1400000US12086006504","Census Tract 65.04; Miami-Dade County; Florida","1862","226",
"1400000US12086006603","Census Tract 66.03; Miami-Dade County; Florida","2783","653",
"1400000US12086006604","Census Tract 66.04; Miami-Dade County; Florida","2183","356",
"1400000US12086006605","Census Tract 66.05; Miami-Dade County; Florida","1660","407",
"1400000US12086006606","Census Tract 66.06; Miami-Dade County; Florida","1181","199",
"1400000US12086006607","Census Tract 66.07; Miami-Dade County; Florida","3231","943",
"1400000US12086006608","Census Tract 66.08; Miami-Dade County; Florida","3423","1019",
"1400000US12086006705","Census Tract 67.05; Miami-Dade County; Florida","3894","773",
"1400000US12086006706","Census Tract 67.06; Miami-Dade County; Florida","2948","534",
"1400000US12086006707","Census Tract 67.07; Miami-Dade County; Florida","4191","759",
"1400000US12086006709","Census Tract 67.09; Miami-Dade County; Florida","1925","393",
"1400000US12086006713","Census Tract 67.13; Miami-Dade County; Florida","1782","315",
"1400000US12086006714","Census Tract 67.14; Miami-Dade County; Florida","2197","397",
"1400000US12086006715","Census Tract 67.15; Miami-Dade County; Florida","4202","493",
"1400000US12086006716","Census Tract 67.16; Miami-Dade County; Florida","949","228",
"1400000US12086006717","Census Tract 67.17; Miami-Dade County; Florida","2350","852",
"1400000US12086006718","Census Tract 67.18; Miami-Dade County; Florida","3038","634",
"1400000US12086006719","Census Tract 67.19; Miami-Dade County; Florida","2264","531",
"1400000US12086006720","Census Tract 67.20; Miami-Dade County; Florida","2397","331",
"1400000US12086006721","Census Tract 67.21; Miami-Dade County; Florida","3338","1178",
"1400000US12086006722","Census Tract 67.22; Miami-Dade County; Florida","1783","344",
"1400000US12086006801","Census Tract 68.01; Miami-Dade County; Florida","3676","564",
"1400000US12086006802","Census Tract 68.02; Miami-Dade County; Florida","3726","465",
"1400000US12086006901","Census Tract 69.01; Miami-Dade County; Florida","2738","411",
"1400000US12086006902","Census Tract 69.02; Miami-Dade County; Florida","3076","753",
"1400000US12086007003","Census Tract 70.03; Miami-Dade County; Florida","4733","2104",
"1400000US12086007004","Census Tract 70.04; Miami-Dade County; Florida","5111","896",
"1400000US12086007005","Census Tract 70.05; Miami-Dade County; Florida","1860","398",
"1400000US12086007006","Census Tract 70.06; Miami-Dade County; Florida","3240","701",
"1400000US12086007007","Census Tract 70.07; Miami-Dade County; Florida","3698","487",
"1400000US12086007101","Census Tract 71.01; Miami-Dade County; Florida","3002","412",
"1400000US12086007103","Census Tract 71.03; Miami-Dade County; Florida","2121","589",
"1400000US12086007104","Census Tract 71.04; Miami-Dade County; Florida","3280","475",
"1400000US12086007200","Census Tract 72; Miami-Dade County; Florida","2898","499",
"1400000US12086007300","Census Tract 73; Miami-Dade County; Florida","4324","935",
"1400000US12086007401","Census Tract 74.01; Miami-Dade County; Florida","1503","229",
"1400000US12086007402","Census Tract 74.02; Miami-Dade County; Florida","2561","483",
"1400000US12086007403","Census Tract 74.03; Miami-Dade County; Florida","3381","685",
"1400000US12086007501","Census Tract 75.01; Miami-Dade County; Florida","2613","303",
"1400000US12086007503","Census Tract 75.03; Miami-Dade County; Florida","844","149",
"1400000US12086007601","Census Tract 76.01; Miami-Dade County; Florida","2559","476",
"1400000US12086007603","Census Tract 76.03; Miami-Dade County; Florida","3864","534",
"1400000US12086007605","Census Tract 76.05; Miami-Dade County; Florida","3177","410",
"1400000US12086007607","Census Tract 76.07; Miami-Dade County; Florida","2287","409",
"1400000US12086007608","Census Tract 76.08; Miami-Dade County; Florida","2358","396",
"1400000US12086007609","Census Tract 76.09; Miami-Dade County; Florida","1845","264",
"1400000US12086007610","Census Tract 76.10; Miami-Dade County; Florida","4727","948",
"1400000US12086007704","Census Tract 77.04; Miami-Dade County; Florida","6375","848",
"1400000US12086007705","Census Tract 77.05; Miami-Dade County; Florida","5405","634",
"1400000US12086007706","Census Tract 77.06; Miami-Dade County; Florida","3509","561",
"1400000US12086007707","Census Tract 77.07; Miami-Dade County; Florida","3028","1496",
"1400000US12086007708","Census Tract 77.08; Miami-Dade County; Florida","2502","390",
"1400000US12086007709","Census Tract 77.09; Miami-Dade County; Florida","2560","526",
"1400000US12086007801","Census Tract 78.01; Miami-Dade County; Florida","572","184",
"1400000US12086007805","Census Tract 78.05; Miami-Dade County; Florida","4624","446",
"1400000US12086007806","Census Tract 78.06; Miami-Dade County; Florida","3923","518",
"1400000US12086007807","Census Tract 78.07; Miami-Dade County; Florida","5068","860",
"1400000US12086007808","Census Tract 78.08; Miami-Dade County; Florida","4440","652",
"1400000US12086007809","Census Tract 78.09; Miami-Dade County; Florida","4202","524",
"1400000US12086007901","Census Tract 79.01; Miami-Dade County; Florida","4001","471",
"1400000US12086007902","Census Tract 79.02; Miami-Dade County; Florida","3139","317",
"1400000US12086008000","Census Tract 80; Miami-Dade County; Florida","4695","948",
"1400000US12086008101","Census Tract 81.01; Miami-Dade County; Florida","3655","560",
"1400000US12086008102","Census Tract 81.02; Miami-Dade County; Florida","4266","422",
"1400000US12086008202","Census Tract 82.02; Miami-Dade County; Florida","4352","631",
"1400000US12086008205","Census Tract 82.05; Miami-Dade County; Florida","3973","482",
"1400000US12086008206","Census Tract 82.06; Miami-Dade County; Florida","3770","400",
"1400000US12086008207","Census Tract 82.07; Miami-Dade County; Florida","4823","835",
"1400000US12086008208","Census Tract 82.08; Miami-Dade County; Florida","5210","564",
"1400000US12086008209","Census Tract 82.09; Miami-Dade County; Florida","4236","366",
"1400000US12086008305","Census Tract 83.05; Miami-Dade County; Florida","5652","808",
"1400000US12086008308","Census Tract 83.08; Miami-Dade County; Florida","6096","1027",
"1400000US12086008309","Census Tract 83.09; Miami-Dade County; Florida","5066","841",
"1400000US12086008310","Census Tract 83.10; Miami-Dade County; Florida","4167","1368",
"1400000US12086008311","Census Tract 83.11; Miami-Dade County; Florida","4417","547",
"1400000US12086008312","Census Tract 83.12; Miami-Dade County; Florida","3442","881",
"1400000US12086008313","Census Tract 83.13; Miami-Dade County; Florida","5411","957",
"1400000US12086008314","Census Tract 83.14; Miami-Dade County; Florida","2723","384",
"1400000US12086008315","Census Tract 83.15; Miami-Dade County; Florida","4822","1638",
"1400000US12086008409","Census Tract 84.09; Miami-Dade County; Florida","5039","914",
"1400000US12086008415","Census Tract 84.15; Miami-Dade County; Florida","4391","493",
"1400000US12086008416","Census Tract 84.16; Miami-Dade County; Florida","3455","289",
"1400000US12086008418","Census Tract 84.18; Miami-Dade County; Florida","2698","414",
"1400000US12086008419","Census Tract 84.19; Miami-Dade County; Florida","5272","999",
"1400000US12086008420","Census Tract 84.20; Miami-Dade County; Florida","1655","369",
"1400000US12086008421","Census Tract 84.21; Miami-Dade County; Florida","4195","1116",
"1400000US12086008422","Census Tract 84.22; Miami-Dade County; Florida","2250","290",
"1400000US12086008423","Census Tract 84.23; Miami-Dade County; Florida","4991","1244",
"1400000US12086008424","Census Tract 84.24; Miami-Dade County; Florida","3451","501",
"1400000US12086008425","Census Tract 84.25; Miami-Dade County; Florida","2234","507",
"1400000US12086008426","Census Tract 84.26; Miami-Dade County; Florida","4148","541",
"1400000US12086008427","Census Tract 84.27; Miami-Dade County; Florida","1975","267",
"1400000US12086008428","Census Tract 84.28; Miami-Dade County; Florida","2422","222",
"1400000US12086008429","Census Tract 84.29; Miami-Dade County; Florida","4354","2466",
"1400000US12086008430","Census Tract 84.30; Miami-Dade County; Florida","5637","963",
"1400000US12086008431","Census Tract 84.31; Miami-Dade County; Florida","2717","178",
"1400000US12086008502","Census Tract 85.02; Miami-Dade County; Florida","4243","547",
"1400000US12086008503","Census Tract 85.03; Miami-Dade County; Florida","2905","959",
"1400000US12086008504","Census Tract 85.04; Miami-Dade County; Florida","2828","619",
"1400000US12086008601","Census Tract 86.01; Miami-Dade County; Florida","4047","988",
"1400000US12086008603","Census Tract 86.03; Miami-Dade County; Florida","4019","735",
"1400000US12086008604","Census Tract 86.04; Miami-Dade County; Florida","1254","212",
"1400000US12086008702","Census Tract 87.02; Miami-Dade County; Florida","5486","1199",
"1400000US12086008703","Census Tract 87.03; Miami-Dade County; Florida","2279","525",
"1400000US12086008704","Census Tract 87.04; Miami-Dade County; Florida","2788","269",
"1400000US12086008805","Census Tract 88.05; Miami-Dade County; Florida","3722","424",
"1400000US12086008806","Census Tract 88.06; Miami-Dade County; Florida","4526","1074",
"1400000US12086008807","Census Tract 88.07; Miami-Dade County; Florida","3895","1131",
"1400000US12086008808","Census Tract 88.08; Miami-Dade County; Florida","2730","519",
"1400000US12086008809","Census Tract 88.09; Miami-Dade County; Florida","1949","207",
"1400000US12086008810","Census Tract 88.10; Miami-Dade County; Florida","4037","806",
"1400000US12086008904","Census Tract 89.04; Miami-Dade County; Florida","3746","186",
"1400000US12086008906","Census Tract 89.06; Miami-Dade County; Florida","4772","555",
"1400000US12086008907","Census Tract 89.07; Miami-Dade County; Florida","4433","584",
"1400000US12086008908","Census Tract 89.08; Miami-Dade County; Florida","3368","862",
"1400000US12086008909","Census Tract 89.09; Miami-Dade County; Florida","3449","965",
"1400000US12086008910","Census Tract 89.10; Miami-Dade County; Florida","3171","349",
"1400000US12086008911","Census Tract 89.11; Miami-Dade County; Florida","3172","301",
"1400000US12086009010","Census Tract 90.10; Miami-Dade County; Florida","7361","794",
"1400000US12086009014","Census Tract 90.14; Miami-Dade County; Florida","4374","470",
"1400000US12086009015","Census Tract 90.15; Miami-Dade County; Florida","5500","607",
"1400000US12086009020","Census Tract 90.20; Miami-Dade County; Florida","3273","631",
"1400000US12086009021","Census Tract 90.21; Miami-Dade County; Florida","4471","444",
"1400000US12086009022","Census Tract 90.22; Miami-Dade County; Florida","2570","476",
"1400000US12086009024","Census Tract 90.24; Miami-Dade County; Florida","5778","839",
"1400000US12086009026","Census Tract 90.26; Miami-Dade County; Florida","2083","261",
"1400000US12086009027","Census Tract 90.27; Miami-Dade County; Florida","3773","478",
"1400000US12086009028","Census Tract 90.28; Miami-Dade County; Florida","5344","727",
"1400000US12086009029","Census Tract 90.29; Miami-Dade County; Florida","3868","1098",
"1400000US12086009030","Census Tract 90.30; Miami-Dade County; Florida","4289","596",
"1400000US12086009031","Census Tract 90.31; Miami-Dade County; Florida","4516","631",
"1400000US12086009039","Census Tract 90.39; Miami-Dade County; Florida","7775","1602",
"1400000US12086009040","Census Tract 90.40; Miami-Dade County; Florida","8436","926",
"1400000US12086009043","Census Tract 90.43; Miami-Dade County; Florida","5277","677",
"1400000US12086009044","Census Tract 90.44; Miami-Dade County; Florida","3187","468",
"1400000US12086009048","Census Tract 90.48; Miami-Dade County; Florida","3082","383",
"1400000US12086009049","Census Tract 90.49; Miami-Dade County; Florida","4681","745",
"1400000US12086009050","Census Tract 90.50; Miami-Dade County; Florida","5543","878",
"1400000US12086009051","Census Tract 90.51; Miami-Dade County; Florida","2010","240",
"1400000US12086009052","Census Tract 90.52; Miami-Dade County; Florida","3242","1002",
"1400000US12086009053","Census Tract 90.53; Miami-Dade County; Florida","4978","1599",
"1400000US12086009054","Census Tract 90.54; Miami-Dade County; Florida","2017","518",
"1400000US12086009055","Census Tract 90.55; Miami-Dade County; Florida","1823","421",
"1400000US12086009056","Census Tract 90.56; Miami-Dade County; Florida","3037","526",
"1400000US12086009057","Census Tract 90.57; Miami-Dade County; Florida","6686","1086",
"1400000US12086009058","Census Tract 90.58; Miami-Dade County; Florida","3907","398",
"1400000US12086009059","Census Tract 90.59; Miami-Dade County; Florida","3209","414",
"1400000US12086009060","Census Tract 90.60; Miami-Dade County; Florida","4990","943",
"1400000US12086009061","Census Tract 90.61; Miami-Dade County; Florida","3166","529",
"1400000US12086009062","Census Tract 90.62; Miami-Dade County; Florida","2972","465",
"1400000US12086009063","Census Tract 90.63; Miami-Dade County; Florida","2682","473",
"1400000US12086009064","Census Tract 90.64; Miami-Dade County; Florida","2964","565",
"1400000US12086009065","Census Tract 90.65; Miami-Dade County; Florida","5013","934",
"1400000US12086009066","Census Tract 90.66; Miami-Dade County; Florida","7210","1117",
"1400000US12086009101","Census Tract 91.01; Miami-Dade County; Florida","2797","731",
"1400000US12086009102","Census Tract 91.02; Miami-Dade County; Florida","3213","370",
"1400000US12086009200","Census Tract 92; Miami-Dade County; Florida","3387","685",
"1400000US12086009305","Census Tract 93.05; Miami-Dade County; Florida","4852","652",
"1400000US12086009312","Census Tract 93.12; Miami-Dade County; Florida","6376","646",
"1400000US12086009314","Census Tract 93.14; Miami-Dade County; Florida","3819","442",
"1400000US12086009315","Census Tract 93.15; Miami-Dade County; Florida","2782","323",
"1400000US12086009316","Census Tract 93.16; Miami-Dade County; Florida","2391","239",
"1400000US12086009317","Census Tract 93.17; Miami-Dade County; Florida","4888","1105",
"1400000US12086009318","Census Tract 93.18; Miami-Dade County; Florida","1784","194",
"1400000US12086009319","Census Tract 93.19; Miami-Dade County; Florida","4692","1038",
"1400000US12086009320","Census Tract 93.20; Miami-Dade County; Florida","4701","1022",
"1400000US12086009321","Census Tract 93.21; Miami-Dade County; Florida","2920","393",
"1400000US12086009322","Census Tract 93.22; Miami-Dade County; Florida","4032","725",
"1400000US12086009323","Census Tract 93.23; Miami-Dade County; Florida","2412","375",
"1400000US12086009324","Census Tract 93.24; Miami-Dade County; Florida","3997","620",
"1400000US12086009325","Census Tract 93.25; Miami-Dade County; Florida","2568","639",
"1400000US12086009326","Census Tract 93.26; Miami-Dade County; Florida","3046","587",
"1400000US12086009327","Census Tract 93.27; Miami-Dade County; Florida","3528","833",
"1400000US12086009401","Census Tract 94.01; Miami-Dade County; Florida","2582","354",
"1400000US12086009402","Census Tract 94.02; Miami-Dade County; Florida","3849","705",
"1400000US12086009503","Census Tract 95.03; Miami-Dade County; Florida","5357","767",
"1400000US12086009504","Census Tract 95.04; Miami-Dade County; Florida","4521","542",
"1400000US12086009505","Census Tract 95.05; Miami-Dade County; Florida","1643","345",
"1400000US12086009506","Census Tract 95.06; Miami-Dade County; Florida","4497","755",
"1400000US12086009601","Census Tract 96.01; Miami-Dade County; Florida","3113","613",
"1400000US12086009602","Census Tract 96.02; Miami-Dade County; Florida","3698","912",
"1400000US12086009703","Census Tract 97.03; Miami-Dade County; Florida","3455","408",
"1400000US12086009704","Census Tract 97.04; Miami-Dade County; Florida","5729","767",
"1400000US12086009705","Census Tract 97.05; Miami-Dade County; Florida","4981","959",
"1400000US12086009706","Census Tract 97.06; Miami-Dade County; Florida","4130","544",
"1400000US12086009803","Census Tract 98.03; Miami-Dade County; Florida","8539","1159",
"1400000US12086009804","Census Tract 98.04; Miami-Dade County; Florida","3088","374",
"1400000US12086009806","Census Tract 98.06; Miami-Dade County; Florida","3676","701",
"1400000US12086009809","Census Tract 98.09; Miami-Dade County; Florida","4181","859",
"1400000US12086009810","Census Tract 98.10; Miami-Dade County; Florida","4538","815",
"1400000US12086009811","Census Tract 98.11; Miami-Dade County; Florida","1695","356",
"1400000US12086009812","Census Tract 98.12; Miami-Dade County; Florida","5958","1513",
"1400000US12086009903","Census Tract 99.03; Miami-Dade County; Florida","5491","1177",
"1400000US12086009904","Census Tract 99.04; Miami-Dade County; Florida","4505","1084",
"1400000US12086009905","Census Tract 99.05; Miami-Dade County; Florida","6296","857",
"1400000US12086009906","Census Tract 99.06; Miami-Dade County; Florida","5280","677",
"1400000US12086009907","Census Tract 99.07; Miami-Dade County; Florida","4420","962",
"1400000US12086009908","Census Tract 99.08; Miami-Dade County; Florida","4101","711",
"1400000US12086009909","Census Tract 99.09; Miami-Dade County; Florida","3308","750",
"1400000US12086010010","Census Tract 100.10; Miami-Dade County; Florida","3513","425",
"1400000US12086010012","Census Tract 100.12; Miami-Dade County; Florida","6605","1380",
"1400000US12086010013","Census Tract 100.13; Miami-Dade County; Florida","3833","677",
"1400000US12086010015","Census Tract 100.15; Miami-Dade County; Florida","3549","504",
"1400000US12086010016","Census Tract 100.16; Miami-Dade County; Florida","4378","541",
"1400000US12086010017","Census Tract 100.17; Miami-Dade County; Florida","3434","624",
"1400000US12086010018","Census Tract 100.18; Miami-Dade County; Florida","2144","604",
"1400000US12086010019","Census Tract 100.19; Miami-Dade County; Florida","3515","518",
"1400000US12086010020","Census Tract 100.20; Miami-Dade County; Florida","3610","1225",
"1400000US12086010021","Census Tract 100.21; Miami-Dade County; Florida","3919","769",
"1400000US12086010022","Census Tract 100.22; Miami-Dade County; Florida","4096","915",
"1400000US12086010023","Census Tract 100.23; Miami-Dade County; Florida","2042","378",
"1400000US12086010024","Census Tract 100.24; Miami-Dade County; Florida","3983","945",
"1400000US12086010025","Census Tract 100.25; Miami-Dade County; Florida","3736","1171",
"1400000US12086010026","Census Tract 100.26; Miami-Dade County; Florida","1964","567",
"1400000US12086010193","Census Tract 101.93; Miami-Dade County; Florida","5080","710",
"1400000US12086010198","Census Tract 101.98; Miami-Dade County; Florida","4172","762",
"1400000US12086010201","Census Tract 102.01; Miami-Dade County; Florida","4373","622",
"1400000US12086010205","Census Tract 102.05; Miami-Dade County; Florida","4571","537",
"1400000US12086010207","Census Tract 102.07; Miami-Dade County; Florida","4551","565",
"1400000US12086010208","Census Tract 102.08; Miami-Dade County; Florida","4844","715",
"1400000US12086010209","Census Tract 102.09; Miami-Dade County; Florida","6718","840",
"1400000US12086010211","Census Tract 102.11; Miami-Dade County; Florida","4274","700",
"1400000US12086010212","Census Tract 102.12; Miami-Dade County; Florida","3382","1205",
"1400000US12086010213","Census Tract 102.13; Miami-Dade County; Florida","5189","932",
"1400000US12086010214","Census Tract 102.14; Miami-Dade County; Florida","2275","298",
"1400000US12086010301","Census Tract 103.01; Miami-Dade County; Florida","3629","840",
"1400000US12086010302","Census Tract 103.02; Miami-Dade County; Florida","2787","503",
"1400000US12086010303","Census Tract 103.03; Miami-Dade County; Florida","3690","896",
"1400000US12086010400","Census Tract 104; Miami-Dade County; Florida","6477","739",
"1400000US12086010501","Census Tract 105.01; Miami-Dade County; Florida","6982","733",
"1400000US12086010502","Census Tract 105.02; Miami-Dade County; Florida","13172","1745",
"1400000US12086010604","Census Tract 106.04; Miami-Dade County; Florida","4652","649",
"1400000US12086010608","Census Tract 106.08; Miami-Dade County; Florida","5771","854",
"1400000US12086010609","Census Tract 106.09; Miami-Dade County; Florida","6304","1453",
"1400000US12086010610","Census Tract 106.10; Miami-Dade County; Florida","4327","585",
"1400000US12086010613","Census Tract 106.13; Miami-Dade County; Florida","6087","947",
"1400000US12086010618","Census Tract 106.18; Miami-Dade County; Florida","4543","595",
"1400000US12086010619","Census Tract 106.19; Miami-Dade County; Florida","2469","484",
"1400000US12086010620","Census Tract 106.20; Miami-Dade County; Florida","3160","436",
"1400000US12086010621","Census Tract 106.21; Miami-Dade County; Florida","5182","557",
"1400000US12086010622","Census Tract 106.22; Miami-Dade County; Florida","4611","1017",
"1400000US12086010623","Census Tract 106.23; Miami-Dade County; Florida","3161","605",
"1400000US12086010624","Census Tract 106.24; Miami-Dade County; Florida","3276","365",
"1400000US12086010625","Census Tract 106.25; Miami-Dade County; Florida","5647","817",
"1400000US12086010626","Census Tract 106.26; Miami-Dade County; Florida","4309","981",
"1400000US12086010705","Census Tract 107.05; Miami-Dade County; Florida","5745","781",
"1400000US12086010706","Census Tract 107.06; Miami-Dade County; Florida","3963","914",
"1400000US12086010707","Census Tract 107.07; Miami-Dade County; Florida","4381","634",
"1400000US12086010708","Census Tract 107.08; Miami-Dade County; Florida","5726","582",
"1400000US12086010709","Census Tract 107.09; Miami-Dade County; Florida","5974","1444",
"1400000US12086010710","Census Tract 107.10; Miami-Dade County; Florida","6482","1226",
"1400000US12086010803","Census Tract 108.03; Miami-Dade County; Florida","4850","659",
"1400000US12086010804","Census Tract 108.04; Miami-Dade County; Florida","8140","1397",
"1400000US12086010805","Census Tract 108.05; Miami-Dade County; Florida","6205","1688",
"1400000US12086010806","Census Tract 108.06; Miami-Dade County; Florida","4519","901",
"1400000US12086010900","Census Tract 109; Miami-Dade County; Florida","6730","1172",
"1400000US12086011003","Census Tract 110.03; Miami-Dade County; Florida","5065","1228",
"1400000US12086011008","Census Tract 110.08; Miami-Dade County; Florida","5165","840",
"1400000US12086011009","Census Tract 110.09; Miami-Dade County; Florida","7849","1222",
"1400000US12086011010","Census Tract 110.10; Miami-Dade County; Florida","4772","750",
"1400000US12086011011","Census Tract 110.11; Miami-Dade County; Florida","3956","477",
"1400000US12086011012","Census Tract 110.12; Miami-Dade County; Florida","2362","344",
"1400000US12086011013","Census Tract 110.13; Miami-Dade County; Florida","3562","970",
"1400000US12086011014","Census Tract 110.14; Miami-Dade County; Florida","5114","716",
"1400000US12086011015","Census Tract 110.15; Miami-Dade County; Florida","9944","1972",
"1400000US12086011103","Census Tract 111.03; Miami-Dade County; Florida","3449","784",
"1400000US12086011104","Census Tract 111.04; Miami-Dade County; Florida","5559","985",
"1400000US12086011105","Census Tract 111.05; Miami-Dade County; Florida","4346","1199",
"1400000US12086011106","Census Tract 111.06; Miami-Dade County; Florida","4312","1263",
"1400000US12086011203","Census Tract 112.03; Miami-Dade County; Florida","6638","2224",
"1400000US12086011204","Census Tract 112.04; Miami-Dade County; Florida","2104","296",
"1400000US12086011205","Census Tract 112.05; Miami-Dade County; Florida","4103","668",
"1400000US12086011206","Census Tract 112.06; Miami-Dade County; Florida","3407","771",
"1400000US12086011301","Census Tract 113.01; Miami-Dade County; Florida","4562","1512",
"1400000US12086011302","Census Tract 113.02; Miami-Dade County; Florida","5784","880",
"1400000US12086011405","Census Tract 114.05; Miami-Dade County; Florida","3593","684",
"1400000US12086011406","Census Tract 114.06; Miami-Dade County; Florida","3365","813",
"1400000US12086011407","Census Tract 114.07; Miami-Dade County; Florida","4009","604",
"1400000US12086011408","Census Tract 114.08; Miami-Dade County; Florida","5236","2118",
"1400000US12086011409","Census Tract 114.09; Miami-Dade County; Florida","6915","870",
"1400000US12086011410","Census Tract 114.10; Miami-Dade County; Florida","5308","1134",
"1400000US12086011411","Census Tract 114.11; Miami-Dade County; Florida","2380","693",
"1400000US12086011412","Census Tract 114.12; Miami-Dade County; Florida","6499","1725",
"1400000US12086011500","Census Tract 115; Miami-Dade County; Florida","5483","1729",
"1400000US12086011601","Census Tract 116.01; Miami-Dade County; Florida","3571","473",
"1400000US12086011602","Census Tract 116.02; Miami-Dade County; Florida","4410","1011",
"1400000US12086011701","Census Tract 117.01; Miami-Dade County; Florida","2000","646",
"1400000US12086011702","Census Tract 117.02; Miami-Dade County; Florida","4603","499",
"1400000US12086011800","Census Tract 118; Miami-Dade County; Florida","3603","698",
"1400000US12086011900","Census Tract 119; Miami-Dade County; Florida","6212","630",
"1400000US12086012001","Census Tract 120.01; Miami-Dade County; Florida","3413","664",
"1400000US12086012002","Census Tract 120.02; Miami-Dade County; Florida","5512","1002",
"1400000US12086012101","Census Tract 121.01; Miami-Dade County; Florida","2809","831",
"1400000US12086012102","Census Tract 121.02; Miami-Dade County; Florida","5242","954",
"1400000US12086012103","Census Tract 121.03; Miami-Dade County; Florida","3374","1037",
"1400000US12086012104","Census Tract 121.04; Miami-Dade County; Florida","2009","520",
"1400000US12086012105","Census Tract 121.05; Miami-Dade County; Florida","2696","256",
"1400000US12086012200","Census Tract 122; Miami-Dade County; Florida","5410","802",
"1400000US12086012301","Census Tract 123.01; Miami-Dade County; Florida","2537","497",
"1400000US12086012302","Census Tract 123.02; Miami-Dade County; Florida","4471","682",
"1400000US12086012401","Census Tract 124.01; Miami-Dade County; Florida","5177","1138",
"1400000US12086012402","Census Tract 124.02; Miami-Dade County; Florida","3199","343",
"1400000US12086012403","Census Tract 124.03; Miami-Dade County; Florida","1792","289",
"1400000US12086012501","Census Tract 125.01; Miami-Dade County; Florida","1698","264",
"1400000US12086012502","Census Tract 125.02; Miami-Dade County; Florida","4215","480",
"1400000US12086012601","Census Tract 126.01; Miami-Dade County; Florida","3326","461",
"1400000US12086012602","Census Tract 126.02; Miami-Dade County; Florida","3781","817",
"1400000US12086012701","Census Tract 127.01; Miami-Dade County; Florida","14427","1272",
"1400000US12086012702","Census Tract 127.02; Miami-Dade County; Florida","4419","375",
"1400000US12086012801","Census Tract 128.01; Miami-Dade County; Florida","4324","717",
"1400000US12086012802","Census Tract 128.02; Miami-Dade County; Florida","3461","618",
"1400000US12086012900","Census Tract 129; Miami-Dade County; Florida","4149","793",
"1400000US12086013000","Census Tract 130; Miami-Dade County; Florida","4388","710",
"1400000US12086013100","Census Tract 131; Miami-Dade County; Florida","4975","632",
"1400000US12086013201","Census Tract 132.01; Miami-Dade County; Florida","2190","393",
"1400000US12086013202","Census Tract 132.02; Miami-Dade County; Florida","3251","532",
"1400000US12086013301","Census Tract 133.01; Miami-Dade County; Florida","2852","484",
"1400000US12086013302","Census Tract 133.02; Miami-Dade County; Florida","3776","455",
"1400000US12086013400","Census Tract 134; Miami-Dade County; Florida","4886","703",
"1400000US12086013500","Census Tract 135; Miami-Dade County; Florida","5444","818",
"1400000US12086013600","Census Tract 136; Miami-Dade County; Florida","6027","622",
"1400000US12086013700","Census Tract 137; Miami-Dade County; Florida","6284","654",
"1400000US12086013801","Census Tract 138.01; Miami-Dade County; Florida","1987","234",
"1400000US12086013802","Census Tract 138.02; Miami-Dade County; Florida","4506","1061",
"1400000US12086013900","Census Tract 139; Miami-Dade County; Florida","4115","448",
"1400000US12086014100","Census Tract 141; Miami-Dade County; Florida","2475","204",
"1400000US12086014200","Census Tract 142; Miami-Dade County; Florida","4322","800",
"1400000US12086014300","Census Tract 143; Miami-Dade County; Florida","3535","439",
"1400000US12086014400","Census Tract 144; Miami-Dade County; Florida","4407","902",
"1400000US12086014500","Census Tract 145; Miami-Dade County; Florida","4142","558",
"1400000US12086014601","Census Tract 146.01; Miami-Dade County; Florida","2728","691",
"1400000US12086014602","Census Tract 146.02; Miami-Dade County; Florida","3454","748",
"1400000US12086014701","Census Tract 147.01; Miami-Dade County; Florida","2264","383",
"1400000US12086014702","Census Tract 147.02; Miami-Dade County; Florida","4207","770",
"1400000US12086014800","Census Tract 148; Miami-Dade County; Florida","5029","1035",
"1400000US12086014900","Census Tract 149; Miami-Dade County; Florida","5301","916",
"1400000US12086015001","Census Tract 150.01; Miami-Dade County; Florida","4339","789",
"1400000US12086015002","Census Tract 150.02; Miami-Dade County; Florida","4883","949",
"1400000US12086015101","Census Tract 151.01; Miami-Dade County; Florida","4263","1037",
"1400000US12086015102","Census Tract 151.02; Miami-Dade County; Florida","2790","376",
"1400000US12086015103","Census Tract 151.03; Miami-Dade County; Florida","3323","790",
"1400000US12086015201","Census Tract 152.01; Miami-Dade County; Florida","3227","655",
"1400000US12086015202","Census Tract 152.02; Miami-Dade County; Florida","3943","1278",
"1400000US12086015300","Census Tract 153; Miami-Dade County; Florida","6211","874",
"1400000US12086015400","Census Tract 154; Miami-Dade County; Florida","5358","640",
"1400000US12086015501","Census Tract 155.01; Miami-Dade County; Florida","2507","647",
"1400000US12086015502","Census Tract 155.02; Miami-Dade County; Florida","2498","381",
"1400000US12086015600","Census Tract 156; Miami-Dade County; Florida","4509","1016",
"1400000US12086015700","Census Tract 157; Miami-Dade County; Florida","2371","526",
"1400000US12086015800","Census Tract 158; Miami-Dade County; Florida","4451","677",
"1400000US12086015900","Census Tract 159; Miami-Dade County; Florida","2949","415",
"1400000US12086016000","Census Tract 160; Miami-Dade County; Florida","4360","738",
"1400000US12086016100","Census Tract 161; Miami-Dade County; Florida","4689","631",
"1400000US12086016200","Census Tract 162; Miami-Dade County; Florida","3127","350",
"1400000US12086016300","Census Tract 163; Miami-Dade County; Florida","4423","827",
"1400000US12086016401","Census Tract 164.01; Miami-Dade County; Florida","4738","712",
"1400000US12086016402","Census Tract 164.02; Miami-Dade County; Florida","2121","306",
"1400000US12086016501","Census Tract 165.01; Miami-Dade County; Florida","3586","887",
"1400000US12086016502","Census Tract 165.02; Miami-Dade County; Florida","4978","896",
"1400000US12086016600","Census Tract 166; Miami-Dade County; Florida","3473","604",
"1400000US12086016700","Census Tract 167; Miami-Dade County; Florida","4848","656",
"1400000US12086016800","Census Tract 168; Miami-Dade County; Florida","3619","654",
"1400000US12086016900","Census Tract 169; Miami-Dade County; Florida","4806","591",
"1400000US12086017000","Census Tract 170; Miami-Dade County; Florida","4707","811",
"1400000US12086017101","Census Tract 171.01; Miami-Dade County; Florida","3730","515",
"1400000US12086017102","Census Tract 171.02; Miami-Dade County; Florida","2804","1105",
"1400000US12086017200","Census Tract 172; Miami-Dade County; Florida","3816","532",
"1400000US12086017300","Census Tract 173; Miami-Dade County; Florida","4026","586",
"1400000US12086017401","Census Tract 174.01; Miami-Dade County; Florida","1471","587",
"1400000US12086017402","Census Tract 174.02; Miami-Dade County; Florida","4823","825",
"1400000US12086017500","Census Tract 175; Miami-Dade County; Florida","3678","772",
"1400000US12086017600","Census Tract 176; Miami-Dade County; Florida","7016","922",
"1400000US12086017700","Census Tract 177; Miami-Dade County; Florida","4787","635",
"1400000US12086017800","Census Tract 178; Miami-Dade County; Florida","6025","992",
"1400000US12086017901","Census Tract 179.01; Miami-Dade County; Florida","4081","611",
"1400000US12086017902","Census Tract 179.02; Miami-Dade County; Florida","4617","1136",
"1400000US12086018001","Census Tract 180.01; Miami-Dade County; Florida","1687","178",
"1400000US12086018002","Census Tract 180.02; Miami-Dade County; Florida","2378","396",
"1400000US12086018003","Census Tract 180.03; Miami-Dade County; Florida","7617","2152",
"1400000US12086018100","Census Tract 181; Miami-Dade County; Florida","5280","866",
"1400000US12086018200","Census Tract 182; Miami-Dade County; Florida","2696","477",
"1400000US12086018300","Census Tract 183; Miami-Dade County; Florida","4394","462",
"1400000US12086018400","Census Tract 184; Miami-Dade County; Florida","3963","491",
"1400000US12086018500","Census Tract 185; Miami-Dade County; Florida","5147","602",
"1400000US12086018601","Census Tract 186.01; Miami-Dade County; Florida","4309","1522",
"1400000US12086018602","Census Tract 186.02; Miami-Dade County; Florida","3877","423",
"1400000US12086018700","Census Tract 187; Miami-Dade County; Florida","4085","932",
"1400000US12086018801","Census Tract 188.01; Miami-Dade County; Florida","2739","459",
"1400000US12086018802","Census Tract 188.02; Miami-Dade County; Florida","2355","370",
"1400000US12086018803","Census Tract 188.03; Miami-Dade County; Florida","3332","1244",
"1400000US12086018901","Census Tract 189.01; Miami-Dade County; Florida","2881","629",
"1400000US12086018902","Census Tract 189.02; Miami-Dade County; Florida","3521","739",
"1400000US12086019000","Census Tract 190; Miami-Dade County; Florida","5902","625",
"1400000US12086019100","Census Tract 191; Miami-Dade County; Florida","5336","840",
"1400000US12086019200","Census Tract 192; Miami-Dade County; Florida","5323","850",
"1400000US12086019301","Census Tract 193.01; Miami-Dade County; Florida","2881","384",
"1400000US12086019302","Census Tract 193.02; Miami-Dade County; Florida","5060","716",
"1400000US12086019401","Census Tract 194.01; Miami-Dade County; Florida","2942","569",
"1400000US12086019402","Census Tract 194.02; Miami-Dade County; Florida","6005","863",
"1400000US12086019501","Census Tract 195.01; Miami-Dade County; Florida","4134","652",
"1400000US12086019502","Census Tract 195.02; Miami-Dade County; Florida","4608","861",
"1400000US12086019600","Census Tract 196; Miami-Dade County; Florida","6425","877",
"1400000US12086019700","Census Tract 197; Miami-Dade County; Florida","3580","888",
"1400000US12086019801","Census Tract 198.01; Miami-Dade County; Florida","4884","633",
"1400000US12086019802","Census Tract 198.02; Miami-Dade County; Florida","5332","1168",
"1400000US12086019901","Census Tract 199.01; Miami-Dade County; Florida","4236","937",
"1400000US12086019902","Census Tract 199.02; Miami-Dade County; Florida","7173","2039",
"1400000US12086020001","Census Tract 200.01; Miami-Dade County; Florida","2101","231",
"1400000US12086020002","Census Tract 200.02; Miami-Dade County; Florida","4666","758",
"1400000US12086020100","Census Tract 201; Miami-Dade County; Florida","4264","818",
"1400000US12086020200","Census Tract 202; Miami-Dade County; Florida","6281","697",
"1400000US12086020300","Census Tract 203; Miami-Dade County; Florida","3180","453",
"1400000US12086490100","Census Tract 4901; Miami-Dade County; Florida","1319","317",
"1400000US12086980100","Census Tract 9801; Miami-Dade County; Florida","0","15",
"1400000US12086980200","Census Tract 9802; Miami-Dade County; Florida","0","15",
"1400000US12086980300","Census Tract 9803; Miami-Dade County; Florida","5765","310",
"1400000US12086980400","Census Tract 9804; Miami-Dade County; Florida","0","15",
"1400000US12086980500","Census Tract 9805; Miami-Dade County; Florida","575","179",
"1400000US12086980600","Census Tract 9806; Miami-Dade County; Florida","0","15",
"1400000US12086980700","Census Tract 9807; Miami-Dade County; Florida","1125","477",
"1400000US12086980800","Census Tract 9808; Miami-Dade County; Florida","0","15",
"1400000US12086980900","Census Tract 9809; Miami-Dade County; Florida","0","15",
"1400000US12086981000","Census Tract 9810; Miami-Dade County; Florida","0","15",
"1400000US12086981100","Census Tract 9811; Miami-Dade County; Florida","28","32",
"1400000US12086981200","Census Tract 9812; Miami-Dade County; Florida","0","15",
"1400000US12086981300","Census Tract 9813; Miami-Dade County; Florida","2140","256",
"1400000US12086990000","Census Tract 9900; Miami-Dade County; Florida","0","15",
"1400000US12087970400","Census Tract 9704; Monroe County; Florida","4304","609",
"1400000US12087970500","Census Tract 9705; Monroe County; Florida","3576","368",
"1400000US12087970600","Census Tract 9706; Monroe County; Florida","1986","373",
"1400000US12087970700","Census Tract 9707; Monroe County; Florida","2806","486",
"1400000US12087970800","Census Tract 9708; Monroe County; Florida","4497","411",
"1400000US12087970900","Census Tract 9709; Monroe County; Florida","2178","377",
"1400000US12087971001","Census Tract 9710.01; Monroe County; Florida","1298","291",
"1400000US12087971002","Census Tract 9710.02; Monroe County; Florida","1547","239",
"1400000US12087971100","Census Tract 9711; Monroe County; Florida","3812","437",
"1400000US12087971200","Census Tract 9712; Monroe County; Florida","2855","513",
"1400000US12087971300","Census Tract 9713; Monroe County; Florida","1810","382",
"1400000US12087971401","Census Tract 9714.01; Monroe County; Florida","2843","535",
"1400000US12087971402","Census Tract 9714.02; Monroe County; Florida","1455","340",
"1400000US12087971501","Census Tract 9715.01; Monroe County; Florida","2492","386",
"1400000US12087971502","Census Tract 9715.02; Monroe County; Florida","2791","481",
"1400000US12087971600","Census Tract 9716; Monroe County; Florida","1988","377",
"1400000US12087971700","Census Tract 9717; Monroe County; Florida","3438","573",
"1400000US12087971800","Census Tract 9718; Monroe County; Florida","5437","805",
"1400000US12087971900","Census Tract 9719; Monroe County; Florida","7437","794",
"1400000US12087972000","Census Tract 9720; Monroe County; Florida","4217","626",
"1400000US12087972100","Census Tract 9721; Monroe County; Florida","4572","740",
"1400000US12087972200","Census Tract 9722; Monroe County; Florida","3185","690",
"1400000US12087972400","Census Tract 9724; Monroe County; Florida","2604","410",
"1400000US12087972500","Census Tract 9725; Monroe County; Florida","815","231",
"1400000US12087972700","Census Tract 9727; Monroe County; Florida","4968","623",
"1400000US12087972800","Census Tract 9728; Monroe County; Florida","2916","592",
"1400000US12087980000","Census Tract 9800; Monroe County; Florida","29","15",
"1400000US12087980100","Census Tract 9801; Monroe County; Florida","4","2",
"1400000US12087990000","Census Tract 9900; Monroe County; Florida","0","15",
"1400000US12089050102","Census Tract 501.02; Nassau County; Florida","2912","400",
"1400000US12089050103","Census Tract 501.03; Nassau County; Florida","3609","429",
"1400000US12089050104","Census Tract 501.04; Nassau County; Florida","3322","486",
"1400000US12089050201","Census Tract 502.01; Nassau County; Florida","2357","289",
"1400000US12089050203","Census Tract 502.03; Nassau County; Florida","3569","453",
"1400000US12089050204","Census Tract 502.04; Nassau County; Florida","3360","644",
"1400000US12089050205","Census Tract 502.05; Nassau County; Florida","3675","448",
"1400000US12089050304","Census Tract 503.04; Nassau County; Florida","7183","877",
"1400000US12089050305","Census Tract 503.05; Nassau County; Florida","1062","283",
"1400000US12089050306","Census Tract 503.06; Nassau County; Florida","10129","1162",
"1400000US12089050307","Census Tract 503.07; Nassau County; Florida","5472","608",
"1400000US12089050308","Census Tract 503.08; Nassau County; Florida","9333","1942",
"1400000US12089050309","Census Tract 503.09; Nassau County; Florida","6995","972",
"1400000US12089050310","Census Tract 503.10; Nassau County; Florida","5268","491",
"1400000US12089050401","Census Tract 504.01; Nassau County; Florida","2928","402",
"1400000US12089050402","Census Tract 504.02; Nassau County; Florida","2443","400",
"1400000US12089050403","Census Tract 504.03; Nassau County; Florida","4215","802",
"1400000US12089050504","Census Tract 505.04; Nassau County; Florida","4848","482",
"1400000US12089050505","Census Tract 505.05; Nassau County; Florida","4355","589",
"1400000US12089050506","Census Tract 505.06; Nassau County; Florida","3043","455",
"1400000US12089050507","Census Tract 505.07; Nassau County; Florida","2220","265",
"1400000US12089050508","Census Tract 505.08; Nassau County; Florida","2644","997",
"1400000US12089050509","Census Tract 505.09; Nassau County; Florida","2917","574",
"1400000US12089990000","Census Tract 9900; Nassau County; Florida","0","15",
"1400000US12091020101","Census Tract 201.01; Okaloosa County; Florida","4582","566",
"1400000US12091020102","Census Tract 201.02; Okaloosa County; Florida","4978","433",
"1400000US12091020200","Census Tract 202; Okaloosa County; Florida","1880","306",
"1400000US12091020303","Census Tract 203.03; Okaloosa County; Florida","5675","610",
"1400000US12091020304","Census Tract 203.04; Okaloosa County; Florida","5502","1188",
"1400000US12091020305","Census Tract 203.05; Okaloosa County; Florida","4645","459",
"1400000US12091020306","Census Tract 203.06; Okaloosa County; Florida","2731","221",
"1400000US12091020400","Census Tract 204; Okaloosa County; Florida","8436","849",
"1400000US12091020500","Census Tract 205; Okaloosa County; Florida","8572","820",
"1400000US12091020601","Census Tract 206.01; Okaloosa County; Florida","7369","1052",
"1400000US12091020602","Census Tract 206.02; Okaloosa County; Florida","3707","491",
"1400000US12091020701","Census Tract 207.01; Okaloosa County; Florida","5399","850",
"1400000US12091020702","Census Tract 207.02; Okaloosa County; Florida","7996","1016",
"1400000US12091020800","Census Tract 208; Okaloosa County; Florida","5203","734",
"1400000US12091020900","Census Tract 209; Okaloosa County; Florida","7570","751",
"1400000US12091021001","Census Tract 210.01; Okaloosa County; Florida","5546","754",
"1400000US12091021002","Census Tract 210.02; Okaloosa County; Florida","5820","708",
"1400000US12091021101","Census Tract 211.01; Okaloosa County; Florida","3579","597",
"1400000US12091021102","Census Tract 211.02; Okaloosa County; Florida","8318","1043",
"1400000US12091021200","Census Tract 212; Okaloosa County; Florida","6283","482",
"1400000US12091021400","Census Tract 214; Okaloosa County; Florida","2778","349",
"1400000US12091021501","Census Tract 215.01; Okaloosa County; Florida","4007","627",
"1400000US12091021502","Census Tract 215.02; Okaloosa County; Florida","3819","424",
"1400000US12091021600","Census Tract 216; Okaloosa County; Florida","2680","363",
"1400000US12091021700","Census Tract 217; Okaloosa County; Florida","2402","343",
"1400000US12091021801","Census Tract 218.01; Okaloosa County; Florida","5958","1248",
"1400000US12091021802","Census Tract 218.02; Okaloosa County; Florida","6694","959",
"1400000US12091021901","Census Tract 219.01; Okaloosa County; Florida","2112","545",
"1400000US12091021902","Census Tract 219.02; Okaloosa County; Florida","6836","805",
"1400000US12091022001","Census Tract 220.01; Okaloosa County; Florida","5383","962",
"1400000US12091022002","Census Tract 220.02; Okaloosa County; Florida","2999","371",
"1400000US12091022100","Census Tract 221; Okaloosa County; Florida","3636","453",
"1400000US12091022300","Census Tract 223; Okaloosa County; Florida","2422","512",
"1400000US12091022400","Census Tract 224; Okaloosa County; Florida","3951","495",
"1400000US12091022500","Census Tract 225; Okaloosa County; Florida","4521","707",
"1400000US12091022600","Census Tract 226; Okaloosa County; Florida","3552","667",
"1400000US12091022700","Census Tract 227; Okaloosa County; Florida","3764","400",
"1400000US12091022800","Census Tract 228; Okaloosa County; Florida","2344","371",
"1400000US12091022900","Census Tract 229; Okaloosa County; Florida","4255","223",
"1400000US12091023100","Census Tract 231; Okaloosa County; Florida","8002","822",
"1400000US12091023200","Census Tract 232; Okaloosa County; Florida","1838","328",
"1400000US12091023303","Census Tract 233.03; Okaloosa County; Florida","1473","308",
"1400000US12091023304","Census Tract 233.04; Okaloosa County; Florida","3844","503",
"1400000US12091023305","Census Tract 233.05; Okaloosa County; Florida","5291","561",
"1400000US12091023306","Census Tract 233.06; Okaloosa County; Florida","2585","414",
"1400000US12091023307","Census Tract 233.07; Okaloosa County; Florida","2078","270",
"1400000US12091023308","Census Tract 233.08; Okaloosa County; Florida","3584","498",
"1400000US12091990100","Census Tract 9901; Okaloosa County; Florida","0","15",
"1400000US12091990200","Census Tract 9902; Okaloosa County; Florida","0","15",
"1400000US12093910101","Census Tract 9101.01; Okeechobee County; Florida","5749","525",
"1400000US12093910102","Census Tract 9101.02; Okeechobee County; Florida","3220","544",
"1400000US12093910201","Census Tract 9102.01; Okeechobee County; Florida","3711","614",
"1400000US12093910202","Census Tract 9102.02; Okeechobee County; Florida","4215","635",
"1400000US12093910300","Census Tract 9103; Okeechobee County; Florida","2566","382",
"1400000US12093910401","Census Tract 9104.01; Okeechobee County; Florida","3632","533",
"1400000US12093910402","Census Tract 9104.02; Okeechobee County; Florida","2875","461",
"1400000US12093910403","Census Tract 9104.03; Okeechobee County; Florida","4208","739",
"1400000US12093910500","Census Tract 9105; Okeechobee County; Florida","3967","639",
"1400000US12093910601","Census Tract 9106.01; Okeechobee County; Florida","4613","580",
"1400000US12093910602","Census Tract 9106.02; Okeechobee County; Florida","2060","295",
"1400000US12093990000","Census Tract 9900; Okeechobee County; Florida","0","15",
"1400000US12095010201","Census Tract 102.01; Orange County; Florida","1958","312",
"1400000US12095010202","Census Tract 102.02; Orange County; Florida","3988","536",
"1400000US12095010300","Census Tract 103; Orange County; Florida","3355","400",
"1400000US12095010400","Census Tract 104; Orange County; Florida","1141","414",
"1400000US12095010500","Census Tract 105; Orange County; Florida","939","455",
"1400000US12095010802","Census Tract 108.02; Orange County; Florida","3507","400",
"1400000US12095011000","Census Tract 110; Orange County; Florida","3207","443",
"1400000US12095011100","Census Tract 111; Orange County; Florida","3333","505",
"1400000US12095011200","Census Tract 112; Orange County; Florida","3233","441",
"1400000US12095011300","Census Tract 113; Orange County; Florida","4940","992",
"1400000US12095011600","Census Tract 116; Orange County; Florida","3806","927",
"1400000US12095011701","Census Tract 117.01; Orange County; Florida","4372","1030",
"1400000US12095011702","Census Tract 117.02; Orange County; Florida","3854","679",
"1400000US12095012000","Census Tract 120; Orange County; Florida","8577","1868",
"1400000US12095012100","Census Tract 121; Orange County; Florida","7756","1156",
"1400000US12095012201","Census Tract 122.01; Orange County; Florida","6263","668",
"1400000US12095012202","Census Tract 122.02; Orange County; Florida","7266","1314",
"1400000US12095012303","Census Tract 123.03; Orange County; Florida","9190","1765",
"1400000US12095012304","Census Tract 123.04; Orange County; Florida","8471","2041",
"1400000US12095012305","Census Tract 123.05; Orange County; Florida","7344","1445",
"1400000US12095012306","Census Tract 123.06; Orange County; Florida","3993","1049",
"1400000US12095012307","Census Tract 123.07; Orange County; Florida","6889","1031",
"1400000US12095012402","Census Tract 124.02; Orange County; Florida","5130","680",
"1400000US12095012403","Census Tract 124.03; Orange County; Florida","6568","1519",
"1400000US12095012404","Census Tract 124.04; Orange County; Florida","6259","1350",
"1400000US12095012405","Census Tract 124.05; Orange County; Florida","4854","900",
"1400000US12095012500","Census Tract 125; Orange County; Florida","2342","369",
"1400000US12095012600","Census Tract 126; Orange County; Florida","5573","714",
"1400000US12095012701","Census Tract 127.01; Orange County; Florida","5607","720",
"1400000US12095012800","Census Tract 128; Orange County; Florida","3860","605",
"1400000US12095012900","Census Tract 129; Orange County; Florida","4113","501",
"1400000US12095013201","Census Tract 132.01; Orange County; Florida","4648","657",
"1400000US12095013202","Census Tract 132.02; Orange County; Florida","7224","800",
"1400000US12095013300","Census Tract 133; Orange County; Florida","6773","1242",
"1400000US12095013402","Census Tract 134.02; Orange County; Florida","3716","825",
"1400000US12095013403","Census Tract 134.03; Orange County; Florida","3432","567",
"1400000US12095013405","Census Tract 134.05; Orange County; Florida","2476","753",
"1400000US12095013406","Census Tract 134.06; Orange County; Florida","4810","664",
"1400000US12095013503","Census Tract 135.03; Orange County; Florida","2300","511",
"1400000US12095013505","Census Tract 135.05; Orange County; Florida","5849","1817",
"1400000US12095013507","Census Tract 135.07; Orange County; Florida","9445","946",
"1400000US12095013510","Census Tract 135.10; Orange County; Florida","2403","506",
"1400000US12095013511","Census Tract 135.11; Orange County; Florida","6241","1019",
"1400000US12095013512","Census Tract 135.12; Orange County; Florida","5037","663",
"1400000US12095013513","Census Tract 135.13; Orange County; Florida","4490","767",
"1400000US12095013603","Census Tract 136.03; Orange County; Florida","4553","572",
"1400000US12095013604","Census Tract 136.04; Orange County; Florida","6722","759",
"1400000US12095013605","Census Tract 136.05; Orange County; Florida","3746","500",
"1400000US12095013606","Census Tract 136.06; Orange County; Florida","4119","1147",
"1400000US12095013607","Census Tract 136.07; Orange County; Florida","5348","714",
"1400000US12095013701","Census Tract 137.01; Orange County; Florida","4050","684",
"1400000US12095013702","Census Tract 137.02; Orange County; Florida","5533","1384",
"1400000US12095013801","Census Tract 138.01; Orange County; Florida","2247","462",
"1400000US12095013802","Census Tract 138.02; Orange County; Florida","2450","318",
"1400000US12095013803","Census Tract 138.03; Orange County; Florida","2992","635",
"1400000US12095013900","Census Tract 139; Orange County; Florida","4746","543",
"1400000US12095014000","Census Tract 140; Orange County; Florida","6420","509",
"1400000US12095014100","Census Tract 141; Orange County; Florida","6153","464",
"1400000US12095014201","Census Tract 142.01; Orange County; Florida","6711","1661",
"1400000US12095014202","Census Tract 142.02; Orange County; Florida","4580","701",
"1400000US12095014301","Census Tract 143.01; Orange County; Florida","4063","544",
"1400000US12095014302","Census Tract 143.02; Orange County; Florida","5839","1765",
"1400000US12095014400","Census Tract 144; Orange County; Florida","3037","453",
"1400000US12095014502","Census Tract 145.02; Orange County; Florida","5413","1224",
"1400000US12095014503","Census Tract 145.03; Orange County; Florida","5395","619",
"1400000US12095014504","Census Tract 145.04; Orange County; Florida","6641","1201",
"1400000US12095014601","Census Tract 146.01; Orange County; Florida","7662","1131",
"1400000US12095014605","Census Tract 146.05; Orange County; Florida","3892","835",
"1400000US12095014606","Census Tract 146.06; Orange County; Florida","9778","1878",
"1400000US12095014607","Census Tract 146.07; Orange County; Florida","6061","916",
"1400000US12095014608","Census Tract 146.08; Orange County; Florida","4835","895",
"1400000US12095014609","Census Tract 146.09; Orange County; Florida","5940","1183",
"1400000US12095014701","Census Tract 147.01; Orange County; Florida","5271","1292",
"1400000US12095014702","Census Tract 147.02; Orange County; Florida","5960","647",
"1400000US12095014703","Census Tract 147.03; Orange County; Florida","2148","350",
"1400000US12095014705","Census Tract 147.05; Orange County; Florida","9194","1496",
"1400000US12095014706","Census Tract 147.06; Orange County; Florida","5879","765",
"1400000US12095014804","Census Tract 148.04; Orange County; Florida","5666","911",
"1400000US12095014805","Census Tract 148.05; Orange County; Florida","6198","1077",
"1400000US12095014806","Census Tract 148.06; Orange County; Florida","4852","562",
"1400000US12095014807","Census Tract 148.07; Orange County; Florida","8111","1206",
"1400000US12095014809","Census Tract 148.09; Orange County; Florida","2934","435",
"1400000US12095014810","Census Tract 148.10; Orange County; Florida","6599","1333",
"1400000US12095014811","Census Tract 148.11; Orange County; Florida","4514","577",
"1400000US12095014812","Census Tract 148.12; Orange County; Florida","6596","929",
"1400000US12095014813","Census Tract 148.13; Orange County; Florida","4422","592",
"1400000US12095014814","Census Tract 148.14; Orange County; Florida","6131","596",
"1400000US12095014815","Census Tract 148.15; Orange County; Florida","5533","846",
"1400000US12095014904","Census Tract 149.04; Orange County; Florida","7574","1164",
"1400000US12095014906","Census Tract 149.06; Orange County; Florida","6888","768",
"1400000US12095014908","Census Tract 149.08; Orange County; Florida","7611","1165",
"1400000US12095014909","Census Tract 149.09; Orange County; Florida","3742","701",
"1400000US12095015001","Census Tract 150.01; Orange County; Florida","1950","321",
"1400000US12095015002","Census Tract 150.02; Orange County; Florida","6758","980",
"1400000US12095015003","Census Tract 150.03; Orange County; Florida","7374","1254",
"1400000US12095015005","Census Tract 150.05; Orange County; Florida","3155","455",
"1400000US12095015006","Census Tract 150.06; Orange County; Florida","4822","774",
"1400000US12095015103","Census Tract 151.03; Orange County; Florida","6971","1750",
"1400000US12095015104","Census Tract 151.04; Orange County; Florida","6110","1304",
"1400000US12095015105","Census Tract 151.05; Orange County; Florida","4435","829",
"1400000US12095015106","Census Tract 151.06; Orange County; Florida","7559","1282",
"1400000US12095015202","Census Tract 152.02; Orange County; Florida","6887","1419",
"1400000US12095015203","Census Tract 152.03; Orange County; Florida","2897","390",
"1400000US12095015204","Census Tract 152.04; Orange County; Florida","5986","701",
"1400000US12095015300","Census Tract 153; Orange County; Florida","3678","543",
"1400000US12095015501","Census Tract 155.01; Orange County; Florida","6127","592",
"1400000US12095015601","Census Tract 156.01; Orange County; Florida","2481","305",
"1400000US12095015602","Census Tract 156.02; Orange County; Florida","2073","245",
"1400000US12095015701","Census Tract 157.01; Orange County; Florida","2211","457",
"1400000US12095015702","Census Tract 157.02; Orange County; Florida","1520","186",
"1400000US12095015801","Census Tract 158.01; Orange County; Florida","1876","384",
"1400000US12095015802","Census Tract 158.02; Orange County; Florida","2822","352",
"1400000US12095015901","Census Tract 159.01; Orange County; Florida","2460","476",
"1400000US12095016001","Census Tract 160.01; Orange County; Florida","2583","176",
"1400000US12095016002","Census Tract 160.02; Orange County; Florida","2510","389",
"1400000US12095016100","Census Tract 161; Orange County; Florida","5035","584",
"1400000US12095016200","Census Tract 162; Orange County; Florida","6862","837",
"1400000US12095016301","Census Tract 163.01; Orange County; Florida","5487","944",
"1400000US12095016302","Census Tract 163.02; Orange County; Florida","4067","481",
"1400000US12095016402","Census Tract 164.02; Orange County; Florida","2796","605",
"1400000US12095016406","Census Tract 164.06; Orange County; Florida","1690","279",
"1400000US12095016407","Census Tract 164.07; Orange County; Florida","7461","1072",
"1400000US12095016408","Census Tract 164.08; Orange County; Florida","2235","421",
"1400000US12095016409","Census Tract 164.09; Orange County; Florida","3027","566",
"1400000US12095016411","Census Tract 164.11; Orange County; Florida","4715","1871",
"1400000US12095016412","Census Tract 164.12; Orange County; Florida","5132","632",
"1400000US12095016413","Census Tract 164.13; Orange County; Florida","4314","983",
"1400000US12095016414","Census Tract 164.14; Orange County; Florida","3583","564",
"1400000US12095016503","Census Tract 165.03; Orange County; Florida","7850","845",
"1400000US12095016504","Census Tract 165.04; Orange County; Florida","5087","631",
"1400000US12095016505","Census Tract 165.05; Orange County; Florida","2573","324",
"1400000US12095016509","Census Tract 165.09; Orange County; Florida","4548","550",
"1400000US12095016510","Census Tract 165.10; Orange County; Florida","5319","630",
"1400000US12095016511","Census Tract 165.11; Orange County; Florida","5715","621",
"1400000US12095016512","Census Tract 165.12; Orange County; Florida","6359","1708",
"1400000US12095016513","Census Tract 165.13; Orange County; Florida","4582","940",
"1400000US12095016514","Census Tract 165.14; Orange County; Florida","6764","1443",
"1400000US12095016515","Census Tract 165.15; Orange County; Florida","12624","194",
"1400000US12095016603","Census Tract 166.03; Orange County; Florida","8043","1275",
"1400000US12095016604","Census Tract 166.04; Orange County; Florida","4550","531",
"1400000US12095016605","Census Tract 166.05; Orange County; Florida","1613","356",
"1400000US12095016606","Census Tract 166.06; Orange County; Florida","3110","568",
"1400000US12095016607","Census Tract 166.07; Orange County; Florida","6666","818",
"1400000US12095016709","Census Tract 167.09; Orange County; Florida","6692","1000",
"1400000US12095016710","Census Tract 167.10; Orange County; Florida","4359","767",
"1400000US12095016713","Census Tract 167.13; Orange County; Florida","9102","1238",
"1400000US12095016714","Census Tract 167.14; Orange County; Florida","3282","465",
"1400000US12095016715","Census Tract 167.15; Orange County; Florida","6719","741",
"1400000US12095016716","Census Tract 167.16; Orange County; Florida","5411","615",
"1400000US12095016717","Census Tract 167.17; Orange County; Florida","4115","570",
"1400000US12095016723","Census Tract 167.23; Orange County; Florida","5145","918",
"1400000US12095016724","Census Tract 167.24; Orange County; Florida","6734","1508",
"1400000US12095016728","Census Tract 167.28; Orange County; Florida","5237","636",
"1400000US12095016731","Census Tract 167.31; Orange County; Florida","7932","771",
"1400000US12095016733","Census Tract 167.33; Orange County; Florida","5823","887",
"1400000US12095016735","Census Tract 167.35; Orange County; Florida","12767","2229",
"1400000US12095016736","Census Tract 167.36; Orange County; Florida","14231","1860",
"1400000US12095016737","Census Tract 167.37; Orange County; Florida","12795","1585",
"1400000US12095016738","Census Tract 167.38; Orange County; Florida","4447","1247",
"1400000US12095016739","Census Tract 167.39; Orange County; Florida","6988","899",
"1400000US12095016740","Census Tract 167.40; Orange County; Florida","3871","1158",
"1400000US12095016741","Census Tract 167.41; Orange County; Florida","2883","642",
"1400000US12095016742","Census Tract 167.42; Orange County; Florida","3653","426",
"1400000US12095016743","Census Tract 167.43; Orange County; Florida","6981","1493",
"1400000US12095016744","Census Tract 167.44; Orange County; Florida","5373","757",
"1400000US12095016745","Census Tract 167.45; Orange County; Florida","4576","569",
"1400000US12095016746","Census Tract 167.46; Orange County; Florida","4207","960",
"1400000US12095016747","Census Tract 167.47; Orange County; Florida","5719","1763",
"1400000US12095016748","Census Tract 167.48; Orange County; Florida","7250","1609",
"1400000US12095016749","Census Tract 167.49; Orange County; Florida","6330","937",
"1400000US12095016750","Census Tract 167.50; Orange County; Florida","12106","1658",
"1400000US12095016751","Census Tract 167.51; Orange County; Florida","6407","1181",
"1400000US12095016752","Census Tract 167.52; Orange County; Florida","3669","316",
"1400000US12095016753","Census Tract 167.53; Orange County; Florida","8360","1089",
"1400000US12095016754","Census Tract 167.54; Orange County; Florida","5223","1743",
"1400000US12095016755","Census Tract 167.55; Orange County; Florida","6433","859",
"1400000US12095016756","Census Tract 167.56; Orange County; Florida","2664","735",
"1400000US12095016802","Census Tract 168.02; Orange County; Florida","21905","2120",
"1400000US12095016803","Census Tract 168.03; Orange County; Florida","2137","302",
"1400000US12095016804","Census Tract 168.04; Orange County; Florida","8439","1051",
"1400000US12095016808","Census Tract 168.08; Orange County; Florida","1517","146",
"1400000US12095016809","Census Tract 168.09; Orange County; Florida","7837","1115",
"1400000US12095016810","Census Tract 168.10; Orange County; Florida","9083","1443",
"1400000US12095016811","Census Tract 168.11; Orange County; Florida","13170","3530",
"1400000US12095016812","Census Tract 168.12; Orange County; Florida","6597","1286",
"1400000US12095016813","Census Tract 168.13; Orange County; Florida","2523","376",
"1400000US12095016814","Census Tract 168.14; Orange County; Florida","5274","2153",
"1400000US12095016902","Census Tract 169.02; Orange County; Florida","5612","1101",
"1400000US12095016904","Census Tract 169.04; Orange County; Florida","3798","645",
"1400000US12095016906","Census Tract 169.06; Orange County; Florida","3039","494",
"1400000US12095016907","Census Tract 169.07; Orange County; Florida","7546","2201",
"1400000US12095016908","Census Tract 169.08; Orange County; Florida","2146","261",
"1400000US12095016909","Census Tract 169.09; Orange County; Florida","4961","1053",
"1400000US12095016910","Census Tract 169.10; Orange County; Florida","1166","134",
"1400000US12095016911","Census Tract 169.11; Orange County; Florida","9112","2201",
"1400000US12095017001","Census Tract 170.01; Orange County; Florida","5947","1201",
"1400000US12095017004","Census Tract 170.04; Orange County; Florida","6395","908",
"1400000US12095017006","Census Tract 170.06; Orange County; Florida","4515","479",
"1400000US12095017011","Census Tract 170.11; Orange County; Florida","5088","702",
"1400000US12095017012","Census Tract 170.12; Orange County; Florida","2819","333",
"1400000US12095017013","Census Tract 170.13; Orange County; Florida","7473","1376",
"1400000US12095017015","Census Tract 170.15; Orange County; Florida","7525","714",
"1400000US12095017018","Census Tract 170.18; Orange County; Florida","5794","1178",
"1400000US12095017019","Census Tract 170.19; Orange County; Florida","5097","1717",
"1400000US12095017020","Census Tract 170.20; Orange County; Florida","5923","1045",
"1400000US12095017021","Census Tract 170.21; Orange County; Florida","6593","1308",
"1400000US12095017022","Census Tract 170.22; Orange County; Florida","10585","2590",
"1400000US12095017023","Census Tract 170.23; Orange County; Florida","1746","283",
"1400000US12095017024","Census Tract 170.24; Orange County; Florida","2802","411",
"1400000US12095017025","Census Tract 170.25; Orange County; Florida","3654","546",
"1400000US12095017026","Census Tract 170.26; Orange County; Florida","3823","391",
"1400000US12095017108","Census Tract 171.08; Orange County; Florida","10693","1144",
"1400000US12095017109","Census Tract 171.09; Orange County; Florida","5571","495",
"1400000US12095017110","Census Tract 171.10; Orange County; Florida","8228","1473",
"1400000US12095017111","Census Tract 171.11; Orange County; Florida","25639","2553",
"1400000US12095017112","Census Tract 171.12; Orange County; Florida","16409","2705",
"1400000US12095017113","Census Tract 171.13; Orange County; Florida","17717","2570",
"1400000US12095017114","Census Tract 171.14; Orange County; Florida","10387","1062",
"1400000US12095017115","Census Tract 171.15; Orange County; Florida","3781","310",
"1400000US12095017116","Census Tract 171.16; Orange County; Florida","8031","727",
"1400000US12095017117","Census Tract 171.17; Orange County; Florida","6520","1033",
"1400000US12095017118","Census Tract 171.18; Orange County; Florida","5040","1594",
"1400000US12095017119","Census Tract 171.19; Orange County; Florida","2384","431",
"1400000US12095017120","Census Tract 171.20; Orange County; Florida","6402","1086",
"1400000US12095017121","Census Tract 171.21; Orange County; Florida","3380","465",
"1400000US12095017122","Census Tract 171.22; Orange County; Florida","2657","382",
"1400000US12095017123","Census Tract 171.23; Orange County; Florida","5967","840",
"1400000US12095017200","Census Tract 172; Orange County; Florida","5945","639",
"1400000US12095017301","Census Tract 173.01; Orange County; Florida","2684","648",
"1400000US12095017302","Census Tract 173.02; Orange County; Florida","9003","1636",
"1400000US12095017401","Census Tract 174.01; Orange County; Florida","8093","1338",
"1400000US12095017402","Census Tract 174.02; Orange County; Florida","5836","1230",
"1400000US12095017503","Census Tract 175.03; Orange County; Florida","6668","1211",
"1400000US12095017504","Census Tract 175.04; Orange County; Florida","9673","1095",
"1400000US12095017505","Census Tract 175.05; Orange County; Florida","4769","504",
"1400000US12095017506","Census Tract 175.06; Orange County; Florida","12688","1532",
"1400000US12095017600","Census Tract 176; Orange County; Florida","5521","989",
"1400000US12095017701","Census Tract 177.01; Orange County; Florida","6202","1224",
"1400000US12095017702","Census Tract 177.02; Orange County; Florida","2637","395",
"1400000US12095017703","Census Tract 177.03; Orange County; Florida","4414","595",
"1400000US12095017805","Census Tract 178.05; Orange County; Florida","2991","479",
"1400000US12095017806","Census Tract 178.06; Orange County; Florida","5131","548",
"1400000US12095017807","Census Tract 178.07; Orange County; Florida","4251","837",
"1400000US12095017808","Census Tract 178.08; Orange County; Florida","3877","485",
"1400000US12095017809","Census Tract 178.09; Orange County; Florida","3698","637",
"1400000US12095017810","Census Tract 178.10; Orange County; Florida","6336","570",
"1400000US12095017811","Census Tract 178.11; Orange County; Florida","4343","968",
"1400000US12095017812","Census Tract 178.12; Orange County; Florida","8876","1553",
"1400000US12095017813","Census Tract 178.13; Orange County; Florida","2218","258",
"1400000US12095017814","Census Tract 178.14; Orange County; Florida","7218","1122",
"1400000US12095017901","Census Tract 179.01; Orange County; Florida","6455","639",
"1400000US12095017902","Census Tract 179.02; Orange County; Florida","8162","1044",
"1400000US12095018000","Census Tract 180; Orange County; Florida","3932","549",
"1400000US12095018100","Census Tract 181; Orange County; Florida","3228","547",
"1400000US12095018201","Census Tract 182.01; Orange County; Florida","4932","920",
"1400000US12095018202","Census Tract 182.02; Orange County; Florida","4423","559",
"1400000US12095018203","Census Tract 182.03; Orange County; Florida","1939","311",
"1400000US12095018204","Census Tract 182.04; Orange County; Florida","2284","412",
"1400000US12095018300","Census Tract 183; Orange County; Florida","2478","536",
"1400000US12095018400","Census Tract 184; Orange County; Florida","2401","593",
"1400000US12095018500","Census Tract 185; Orange County; Florida","2982","884",
"1400000US12095018700","Census Tract 187; Orange County; Florida","5512","1049",
"1400000US12095018800","Census Tract 188; Orange County; Florida","5625","780",
"1400000US12095018901","Census Tract 189.01; Orange County; Florida","4083","756",
"1400000US12095018902","Census Tract 189.02; Orange County; Florida","5720","762",
"1400000US12095019000","Census Tract 190; Orange County; Florida","4445","435",
"1400000US12095990000","Census Tract 9900; Orange County; Florida","0","15",
"1400000US12097040801","Census Tract 408.01; Osceola County; Florida","1723","305",
"1400000US12097040805","Census Tract 408.05; Osceola County; Florida","2290","407",
"1400000US12097040806","Census Tract 408.06; Osceola County; Florida","4209","736",
"1400000US12097040807","Census Tract 408.07; Osceola County; Florida","5344","906",
"1400000US12097040808","Census Tract 408.08; Osceola County; Florida","9243","1222",
"1400000US12097040809","Census Tract 408.09; Osceola County; Florida","3397","537",
"1400000US12097040810","Census Tract 408.10; Osceola County; Florida","3023","541",
"1400000US12097040811","Census Tract 408.11; Osceola County; Florida","6069","1158",
"1400000US12097040812","Census Tract 408.12; Osceola County; Florida","8764","1266",
"1400000US12097040901","Census Tract 409.01; Osceola County; Florida","5928","708",
"1400000US12097040903","Census Tract 409.03; Osceola County; Florida","4607","1199",
"1400000US12097040904","Census Tract 409.04; Osceola County; Florida","9203","850",
"1400000US12097041003","Census Tract 410.03; Osceola County; Florida","8618","1186",
"1400000US12097041004","Census Tract 410.04; Osceola County; Florida","7590","1467",
"1400000US12097041005","Census Tract 410.05; Osceola County; Florida","3235","478",
"1400000US12097041006","Census Tract 410.06; Osceola County; Florida","11380","1636",
"1400000US12097041101","Census Tract 411.01; Osceola County; Florida","9794","1734",
"1400000US12097041102","Census Tract 411.02; Osceola County; Florida","11382","2189",
"1400000US12097041301","Census Tract 413.01; Osceola County; Florida","9445","1978",
"1400000US12097041302","Census Tract 413.02; Osceola County; Florida","7945","1689",
"1400000US12097041501","Census Tract 415.01; Osceola County; Florida","9775","1571",
"1400000US12097041502","Census Tract 415.02; Osceola County; Florida","10675","1558",
"1400000US12097041600","Census Tract 416; Osceola County; Florida","4890","950",
"1400000US12097041700","Census Tract 417; Osceola County; Florida","5415","1598",
"1400000US12097041800","Census Tract 418; Osceola County; Florida","3137","355",
"1400000US12097041900","Census Tract 419; Osceola County; Florida","7353","1312",
"1400000US12097042000","Census Tract 420; Osceola County; Florida","14264","1806",
"1400000US12097042100","Census Tract 421; Osceola County; Florida","14016","1750",
"1400000US12097042201","Census Tract 422.01; Osceola County; Florida","7440","1243",
"1400000US12097042202","Census Tract 422.02; Osceola County; Florida","3819","587",
"1400000US12097042300","Census Tract 423; Osceola County; Florida","10096","1409",
"1400000US12097042400","Census Tract 424; Osceola County; Florida","6531","854",
"1400000US12097042500","Census Tract 425; Osceola County; Florida","7983","1095",
"1400000US12097042601","Census Tract 426.01; Osceola County; Florida","3255","455",
"1400000US12097042603","Census Tract 426.03; Osceola County; Florida","9457","1855",
"1400000US12097042604","Census Tract 426.04; Osceola County; Florida","5151","847",
"1400000US12097042701","Census Tract 427.01; Osceola County; Florida","7348","1380",
"1400000US12097042702","Census Tract 427.02; Osceola County; Florida","6836","1538",
"1400000US12097042800","Census Tract 428; Osceola County; Florida","17328","1845",
"1400000US12097042901","Census Tract 429.01; Osceola County; Florida","6531","1093",
"1400000US12097042902","Census Tract 429.02; Osceola County; Florida","5817","1140",
"1400000US12097042903","Census Tract 429.03; Osceola County; Florida","3249","482",
"1400000US12097042904","Census Tract 429.04; Osceola County; Florida","6072","1366",
"1400000US12097042905","Census Tract 429.05; Osceola County; Florida","2161","591",
"1400000US12097043100","Census Tract 431; Osceola County; Florida","8387","918",
"1400000US12097043203","Census Tract 432.03; Osceola County; Florida","5024","563",
"1400000US12097043205","Census Tract 432.05; Osceola County; Florida","1722","209",
"1400000US12097043207","Census Tract 432.07; Osceola County; Florida","9956","1322",
"1400000US12097043208","Census Tract 432.08; Osceola County; Florida","11937","1326",
"1400000US12097043209","Census Tract 432.09; Osceola County; Florida","1590","368",
"1400000US12097043301","Census Tract 433.01; Osceola County; Florida","6348","695",
"1400000US12097043303","Census Tract 433.03; Osceola County; Florida","9595","968",
"1400000US12097043304","Census Tract 433.04; Osceola County; Florida","9316","1342",
"1400000US12097043400","Census Tract 434; Osceola County; Florida","5069","767",
"1400000US12097043500","Census Tract 435; Osceola County; Florida","4642","804",
"1400000US12097043600","Census Tract 436; Osceola County; Florida","10831","1241",
"1400000US12097043700","Census Tract 437; Osceola County; Florida","18846","1716",
"1400000US12097043801","Census Tract 438.01; Osceola County; Florida","8099","992",
"1400000US12097043802","Census Tract 438.02; Osceola County; Florida","4265","651",
"1400000US12099000102","Census Tract 1.02; Palm Beach County; Florida","2907","417",
"1400000US12099000103","Census Tract 1.03; Palm Beach County; Florida","1978","319",
"1400000US12099000104","Census Tract 1.04; Palm Beach County; Florida","5021","605",
"1400000US12099000202","Census Tract 2.02; Palm Beach County; Florida","6344","1111",
"1400000US12099000204","Census Tract 2.04; Palm Beach County; Florida","3531","619",
"1400000US12099000208","Census Tract 2.08; Palm Beach County; Florida","4670","792",
"1400000US12099000210","Census Tract 2.10; Palm Beach County; Florida","7019","911",
"1400000US12099000211","Census Tract 2.11; Palm Beach County; Florida","3700","422",
"1400000US12099000213","Census Tract 2.13; Palm Beach County; Florida","2836","341",
"1400000US12099000214","Census Tract 2.14; Palm Beach County; Florida","6491","792",
"1400000US12099000216","Census Tract 2.16; Palm Beach County; Florida","3147","532",
"1400000US12099000217","Census Tract 2.17; Palm Beach County; Florida","4161","510",
"1400000US12099000218","Census Tract 2.18; Palm Beach County; Florida","3732","870",
"1400000US12099000219","Census Tract 2.19; Palm Beach County; Florida","7935","856",
"1400000US12099000220","Census Tract 2.20; Palm Beach County; Florida","5443","919",
"1400000US12099000221","Census Tract 2.21; Palm Beach County; Florida","5710","569",
"1400000US12099000222","Census Tract 2.22; Palm Beach County; Florida","2519","434",
"1400000US12099000223","Census Tract 2.23; Palm Beach County; Florida","3162","616",
"1400000US12099000301","Census Tract 3.01; Palm Beach County; Florida","3748","381",
"1400000US12099000303","Census Tract 3.03; Palm Beach County; Florida","4723","668",
"1400000US12099000304","Census Tract 3.04; Palm Beach County; Florida","5965","731",
"1400000US12099000405","Census Tract 4.05; Palm Beach County; Florida","3141","899",
"1400000US12099000406","Census Tract 4.06; Palm Beach County; Florida","2197","299",
"1400000US12099000407","Census Tract 4.07; Palm Beach County; Florida","1862","381",
"1400000US12099000408","Census Tract 4.08; Palm Beach County; Florida","3345","517",
"1400000US12099000410","Census Tract 4.10; Palm Beach County; Florida","3684","307",
"1400000US12099000505","Census Tract 5.05; Palm Beach County; Florida","2908","404",
"1400000US12099000507","Census Tract 5.07; Palm Beach County; Florida","932","128",
"1400000US12099000509","Census Tract 5.09; Palm Beach County; Florida","1921","303",
"1400000US12099000512","Census Tract 5.12; Palm Beach County; Florida","1277","296",
"1400000US12099000513","Census Tract 5.13; Palm Beach County; Florida","1277","199",
"1400000US12099000600","Census Tract 6; Palm Beach County; Florida","1853","342",
"1400000US12099000702","Census Tract 7.02; Palm Beach County; Florida","3189","520",
"1400000US12099000703","Census Tract 7.03; Palm Beach County; Florida","3673","416",
"1400000US12099000803","Census Tract 8.03; Palm Beach County; Florida","3419","396",
"1400000US12099000805","Census Tract 8.05; Palm Beach County; Florida","5540","682",
"1400000US12099000902","Census Tract 9.02; Palm Beach County; Florida","2755","456",
"1400000US12099000903","Census Tract 9.03; Palm Beach County; Florida","5632","1059",
"1400000US12099000904","Census Tract 9.04; Palm Beach County; Florida","4143","474",
"1400000US12099000905","Census Tract 9.05; Palm Beach County; Florida","3615","325",
"1400000US12099001002","Census Tract 10.02; Palm Beach County; Florida","6346","918",
"1400000US12099001003","Census Tract 10.03; Palm Beach County; Florida","4870","554",
"1400000US12099001004","Census Tract 10.04; Palm Beach County; Florida","6847","1040",
"1400000US12099001101","Census Tract 11.01; Palm Beach County; Florida","7314","572",
"1400000US12099001102","Census Tract 11.02; Palm Beach County; Florida","2677","398",
"1400000US12099001200","Census Tract 12; Palm Beach County; Florida","4844","623",
"1400000US12099001301","Census Tract 13.01; Palm Beach County; Florida","7283","1054",
"1400000US12099001302","Census Tract 13.02; Palm Beach County; Florida","5010","661",
"1400000US12099001402","Census Tract 14.02; Palm Beach County; Florida","2854","187",
"1400000US12099001403","Census Tract 14.03; Palm Beach County; Florida","3143","517",
"1400000US12099001404","Census Tract 14.04; Palm Beach County; Florida","4347","826",
"1400000US12099001500","Census Tract 15; Palm Beach County; Florida","2821","579",
"1400000US12099001600","Census Tract 16; Palm Beach County; Florida","4831","734",
"1400000US12099001700","Census Tract 17; Palm Beach County; Florida","5177","1375",
"1400000US12099001801","Census Tract 18.01; Palm Beach County; Florida","5664","1347",
"1400000US12099001802","Census Tract 18.02; Palm Beach County; Florida","4563","791",
"1400000US12099001904","Census Tract 19.04; Palm Beach County; Florida","3655","483",
"1400000US12099001907","Census Tract 19.07; Palm Beach County; Florida","4513","640",
"1400000US12099001909","Census Tract 19.09; Palm Beach County; Florida","3830","776",
"1400000US12099001910","Census Tract 19.10; Palm Beach County; Florida","1883","277",
"1400000US12099001911","Census Tract 19.11; Palm Beach County; Florida","1087","270",
"1400000US12099001912","Census Tract 19.12; Palm Beach County; Florida","1956","309",
"1400000US12099001913","Census Tract 19.13; Palm Beach County; Florida","2751","731",
"1400000US12099001916","Census Tract 19.16; Palm Beach County; Florida","3936","529",
"1400000US12099001917","Census Tract 19.17; Palm Beach County; Florida","5241","710",
"1400000US12099001918","Census Tract 19.18; Palm Beach County; Florida","3330","620",
"1400000US12099001919","Census Tract 19.19; Palm Beach County; Florida","6434","1273",
"1400000US12099001920","Census Tract 19.20; Palm Beach County; Florida","4379","603",
"1400000US12099001921","Census Tract 19.21; Palm Beach County; Florida","3691","536",
"1400000US12099002005","Census Tract 20.05; Palm Beach County; Florida","5089","598",
"1400000US12099002006","Census Tract 20.06; Palm Beach County; Florida","5331","1033",
"1400000US12099002100","Census Tract 21; Palm Beach County; Florida","5325","872",
"1400000US12099002200","Census Tract 22; Palm Beach County; Florida","2963","454",
"1400000US12099002300","Census Tract 23; Palm Beach County; Florida","3919","621",
"1400000US12099002400","Census Tract 24; Palm Beach County; Florida","2697","547",
"1400000US12099002600","Census Tract 26; Palm Beach County; Florida","2893","387",
"1400000US12099002701","Census Tract 27.01; Palm Beach County; Florida","1525","169",
"1400000US12099002702","Census Tract 27.02; Palm Beach County; Florida","2335","327",
"1400000US12099002703","Census Tract 27.03; Palm Beach County; Florida","2912","570",
"1400000US12099002800","Census Tract 28; Palm Beach County; Florida","2992","636",
"1400000US12099002900","Census Tract 29; Palm Beach County; Florida","6309","1045",
"1400000US12099003000","Census Tract 30; Palm Beach County; Florida","5262","953",
"1400000US12099003101","Census Tract 31.01; Palm Beach County; Florida","7588","1488",
"1400000US12099003102","Census Tract 31.02; Palm Beach County; Florida","6905","907",
"1400000US12099003201","Census Tract 32.01; Palm Beach County; Florida","5190","939",
"1400000US12099003202","Census Tract 32.02; Palm Beach County; Florida","8635","1695",
"1400000US12099003300","Census Tract 33; Palm Beach County; Florida","4007","966",
"1400000US12099003400","Census Tract 34; Palm Beach County; Florida","3873","798",
"1400000US12099003507","Census Tract 35.07; Palm Beach County; Florida","2220","405",
"1400000US12099003512","Census Tract 35.12; Palm Beach County; Florida","1242","282",
"1400000US12099003513","Census Tract 35.13; Palm Beach County; Florida","1377","336",
"1400000US12099003514","Census Tract 35.14; Palm Beach County; Florida","2877","640",
"1400000US12099003600","Census Tract 36; Palm Beach County; Florida","6052","871",
"1400000US12099003700","Census Tract 37; Palm Beach County; Florida","5864","991",
"1400000US12099003801","Census Tract 38.01; Palm Beach County; Florida","2796","489",
"1400000US12099003802","Census Tract 38.02; Palm Beach County; Florida","4831","689",
"1400000US12099003901","Census Tract 39.01; Palm Beach County; Florida","4852","764",
"1400000US12099003902","Census Tract 39.02; Palm Beach County; Florida","6462","1105",
"1400000US12099004005","Census Tract 40.05; Palm Beach County; Florida","4533","624",
"1400000US12099004007","Census Tract 40.07; Palm Beach County; Florida","6654","790",
"1400000US12099004008","Census Tract 40.08; Palm Beach County; Florida","6713","908",
"1400000US12099004009","Census Tract 40.09; Palm Beach County; Florida","3669","720",
"1400000US12099004010","Census Tract 40.10; Palm Beach County; Florida","3461","479",
"1400000US12099004011","Census Tract 40.11; Palm Beach County; Florida","5280","736",
"1400000US12099004012","Census Tract 40.12; Palm Beach County; Florida","4957","818",
"1400000US12099004013","Census Tract 40.13; Palm Beach County; Florida","4496","756",
"1400000US12099004101","Census Tract 41.01; Palm Beach County; Florida","4747","536",
"1400000US12099004102","Census Tract 41.02; Palm Beach County; Florida","4056","905",
"1400000US12099004203","Census Tract 42.03; Palm Beach County; Florida","3638","424",
"1400000US12099004204","Census Tract 42.04; Palm Beach County; Florida","3278","682",
"1400000US12099004205","Census Tract 42.05; Palm Beach County; Florida","5302","1026",
"1400000US12099004206","Census Tract 42.06; Palm Beach County; Florida","2939","834",
"1400000US12099004207","Census Tract 42.07; Palm Beach County; Florida","2613","722",
"1400000US12099004300","Census Tract 43; Palm Beach County; Florida","6051","594",
"1400000US12099004401","Census Tract 44.01; Palm Beach County; Florida","4888","969",
"1400000US12099004402","Census Tract 44.02; Palm Beach County; Florida","5471","863",
"1400000US12099004500","Census Tract 45; Palm Beach County; Florida","8378","1307",
"1400000US12099004601","Census Tract 46.01; Palm Beach County; Florida","4221","729",
"1400000US12099004602","Census Tract 46.02; Palm Beach County; Florida","5323","952",
"1400000US12099004702","Census Tract 47.02; Palm Beach County; Florida","7628","1288",
"1400000US12099004704","Census Tract 47.04; Palm Beach County; Florida","6550","1014",
"1400000US12099004705","Census Tract 47.05; Palm Beach County; Florida","5152","655",
"1400000US12099004706","Census Tract 47.06; Palm Beach County; Florida","2772","460",
"1400000US12099004810","Census Tract 48.10; Palm Beach County; Florida","4878","838",
"1400000US12099004813","Census Tract 48.13; Palm Beach County; Florida","6745","955",
"1400000US12099004815","Census Tract 48.15; Palm Beach County; Florida","8239","1291",
"1400000US12099004816","Census Tract 48.16; Palm Beach County; Florida","3289","394",
"1400000US12099004817","Census Tract 48.17; Palm Beach County; Florida","3881","403",
"1400000US12099004818","Census Tract 48.18; Palm Beach County; Florida","3361","962",
"1400000US12099004819","Census Tract 48.19; Palm Beach County; Florida","4510","562",
"1400000US12099004820","Census Tract 48.20; Palm Beach County; Florida","4118","883",
"1400000US12099004821","Census Tract 48.21; Palm Beach County; Florida","4763","603",
"1400000US12099004822","Census Tract 48.22; Palm Beach County; Florida","3736","519",
"1400000US12099004823","Census Tract 48.23; Palm Beach County; Florida","2621","280",
"1400000US12099004902","Census Tract 49.02; Palm Beach County; Florida","2038","267",
"1400000US12099004903","Census Tract 49.03; Palm Beach County; Florida","5269","744",
"1400000US12099004904","Census Tract 49.04; Palm Beach County; Florida","7685","1067",
"1400000US12099005000","Census Tract 50; Palm Beach County; Florida","5438","847",
"1400000US12099005101","Census Tract 51.01; Palm Beach County; Florida","2739","394",
"1400000US12099005102","Census Tract 51.02; Palm Beach County; Florida","7000","1556",
"1400000US12099005202","Census Tract 52.02; Palm Beach County; Florida","5864","963",
"1400000US12099005203","Census Tract 52.03; Palm Beach County; Florida","2137","357",
"1400000US12099005204","Census Tract 52.04; Palm Beach County; Florida","4353","834",
"1400000US12099005300","Census Tract 53; Palm Beach County; Florida","5209","921",
"1400000US12099005411","Census Tract 54.11; Palm Beach County; Florida","2659","266",
"1400000US12099005412","Census Tract 54.12; Palm Beach County; Florida","2942","472",
"1400000US12099005413","Census Tract 54.13; Palm Beach County; Florida","1632","349",
"1400000US12099005501","Census Tract 55.01; Palm Beach County; Florida","5436","783",
"1400000US12099005502","Census Tract 55.02; Palm Beach County; Florida","5755","764",
"1400000US12099005601","Census Tract 56.01; Palm Beach County; Florida","6170","1039",
"1400000US12099005602","Census Tract 56.02; Palm Beach County; Florida","1675","558",
"1400000US12099005702","Census Tract 57.02; Palm Beach County; Florida","7618","1369",
"1400000US12099005703","Census Tract 57.03; Palm Beach County; Florida","2824","750",
"1400000US12099005704","Census Tract 57.04; Palm Beach County; Florida","1996","576",
"1400000US12099005807","Census Tract 58.07; Palm Beach County; Florida","4257","518",
"1400000US12099005810","Census Tract 58.10; Palm Beach County; Florida","1650","297",
"1400000US12099005811","Census Tract 58.11; Palm Beach County; Florida","3746","544",
"1400000US12099005812","Census Tract 58.12; Palm Beach County; Florida","4843","794",
"1400000US12099005813","Census Tract 58.13; Palm Beach County; Florida","6799","1071",
"1400000US12099005814","Census Tract 58.14; Palm Beach County; Florida","4730","1038",
"1400000US12099005815","Census Tract 58.15; Palm Beach County; Florida","5294","694",
"1400000US12099005818","Census Tract 58.18; Palm Beach County; Florida","4241","829",
"1400000US12099005819","Census Tract 58.19; Palm Beach County; Florida","4352","778",
"1400000US12099005820","Census Tract 58.20; Palm Beach County; Florida","6546","1040",
"1400000US12099005821","Census Tract 58.21; Palm Beach County; Florida","5513","707",
"1400000US12099005916","Census Tract 59.16; Palm Beach County; Florida","7638","1062",
"1400000US12099005917","Census Tract 59.17; Palm Beach County; Florida","4823","777",
"1400000US12099005918","Census Tract 59.18; Palm Beach County; Florida","5440","598",
"1400000US12099005921","Census Tract 59.21; Palm Beach County; Florida","7998","1328",
"1400000US12099005922","Census Tract 59.22; Palm Beach County; Florida","5245","572",
"1400000US12099005923","Census Tract 59.23; Palm Beach County; Florida","3465","470",
"1400000US12099005926","Census Tract 59.26; Palm Beach County; Florida","4929","750",
"1400000US12099005930","Census Tract 59.30; Palm Beach County; Florida","4368","799",
"1400000US12099005931","Census Tract 59.31; Palm Beach County; Florida","2824","344",
"1400000US12099005933","Census Tract 59.33; Palm Beach County; Florida","2693","339",
"1400000US12099005934","Census Tract 59.34; Palm Beach County; Florida","5062","568",
"1400000US12099005936","Census Tract 59.36; Palm Beach County; Florida","2798","439",
"1400000US12099005937","Census Tract 59.37; Palm Beach County; Florida","1495","206",
"1400000US12099005938","Census Tract 59.38; Palm Beach County; Florida","4065","564",
"1400000US12099005939","Census Tract 59.39; Palm Beach County; Florida","1384","260",
"1400000US12099005940","Census Tract 59.40; Palm Beach County; Florida","1818","240",
"1400000US12099005942","Census Tract 59.42; Palm Beach County; Florida","2656","322",
"1400000US12099005943","Census Tract 59.43; Palm Beach County; Florida","1961","242",
"1400000US12099005944","Census Tract 59.44; Palm Beach County; Florida","2342","546",
"1400000US12099005945","Census Tract 59.45; Palm Beach County; Florida","3994","467",
"1400000US12099005946","Census Tract 59.46; Palm Beach County; Florida","9127","1523",
"1400000US12099005947","Census Tract 59.47; Palm Beach County; Florida","4220","736",
"1400000US12099005949","Census Tract 59.49; Palm Beach County; Florida","3334","758",
"1400000US12099005950","Census Tract 59.50; Palm Beach County; Florida","4350","433",
"1400000US12099005951","Census Tract 59.51; Palm Beach County; Florida","4628","944",
"1400000US12099005952","Census Tract 59.52; Palm Beach County; Florida","1189","122",
"1400000US12099005953","Census Tract 59.53; Palm Beach County; Florida","4456","355",
"1400000US12099005954","Census Tract 59.54; Palm Beach County; Florida","4199","559",
"1400000US12099005955","Census Tract 59.55; Palm Beach County; Florida","4919","510",
"1400000US12099005957","Census Tract 59.57; Palm Beach County; Florida","3928","712",
"1400000US12099005958","Census Tract 59.58; Palm Beach County; Florida","1711","257",
"1400000US12099005959","Census Tract 59.59; Palm Beach County; Florida","3620","466",
"1400000US12099005960","Census Tract 59.60; Palm Beach County; Florida","5856","519",
"1400000US12099005961","Census Tract 59.61; Palm Beach County; Florida","2972","894",
"1400000US12099006005","Census Tract 60.05; Palm Beach County; Florida","3912","516",
"1400000US12099006006","Census Tract 60.06; Palm Beach County; Florida","3321","531",
"1400000US12099006007","Census Tract 60.07; Palm Beach County; Florida","4312","701",
"1400000US12099006008","Census Tract 60.08; Palm Beach County; Florida","2703","455",
"1400000US12099006009","Census Tract 60.09; Palm Beach County; Florida","2096","241",
"1400000US12099006010","Census Tract 60.10; Palm Beach County; Florida","2925","553",
"1400000US12099006011","Census Tract 60.11; Palm Beach County; Florida","3534","658",
"1400000US12099006012","Census Tract 60.12; Palm Beach County; Florida","6066","1072",
"1400000US12099006100","Census Tract 61; Palm Beach County; Florida","5464","1445",
"1400000US12099006201","Census Tract 62.01; Palm Beach County; Florida","4811","995",
"1400000US12099006202","Census Tract 62.02; Palm Beach County; Florida","2596","396",
"1400000US12099006203","Census Tract 62.03; Palm Beach County; Florida","1769","368",
"1400000US12099006301","Census Tract 63.01; Palm Beach County; Florida","3278","591",
"1400000US12099006302","Census Tract 63.02; Palm Beach County; Florida","2946","437",
"1400000US12099006401","Census Tract 64.01; Palm Beach County; Florida","1621","262",
"1400000US12099006402","Census Tract 64.02; Palm Beach County; Florida","3564","491",
"1400000US12099006501","Census Tract 65.01; Palm Beach County; Florida","1203","231",
"1400000US12099006502","Census Tract 65.02; Palm Beach County; Florida","4216","641",
"1400000US12099006602","Census Tract 66.02; Palm Beach County; Florida","3174","425",
"1400000US12099006604","Census Tract 66.04; Palm Beach County; Florida","5004","611",
"1400000US12099006606","Census Tract 66.06; Palm Beach County; Florida","4714","1196",
"1400000US12099006607","Census Tract 66.07; Palm Beach County; Florida","6367","915",
"1400000US12099006700","Census Tract 67; Palm Beach County; Florida","2828","661",
"1400000US12099006801","Census Tract 68.01; Palm Beach County; Florida","6358","1347",
"1400000US12099006802","Census Tract 68.02; Palm Beach County; Florida","3458","618",
"1400000US12099006906","Census Tract 69.06; Palm Beach County; Florida","5252","799",
"1400000US12099006907","Census Tract 69.07; Palm Beach County; Florida","3834","442",
"1400000US12099006908","Census Tract 69.08; Palm Beach County; Florida","4995","955",
"1400000US12099006909","Census Tract 69.09; Palm Beach County; Florida","2544","387",
"1400000US12099006910","Census Tract 69.10; Palm Beach County; Florida","2510","501",
"1400000US12099006911","Census Tract 69.11; Palm Beach County; Florida","3414","701",
"1400000US12099006912","Census Tract 69.12; Palm Beach County; Florida","4454","667",
"1400000US12099007005","Census Tract 70.05; Palm Beach County; Florida","4623","992",
"1400000US12099007006","Census Tract 70.06; Palm Beach County; Florida","4355","528",
"1400000US12099007007","Census Tract 70.07; Palm Beach County; Florida","4198","477",
"1400000US12099007008","Census Tract 70.08; Palm Beach County; Florida","5291","525",
"1400000US12099007009","Census Tract 70.09; Palm Beach County; Florida","4091","356",
"1400000US12099007010","Census Tract 70.10; Palm Beach County; Florida","1988","362",
"1400000US12099007011","Census Tract 70.11; Palm Beach County; Florida","2729","233",
"1400000US12099007012","Census Tract 70.12; Palm Beach County; Florida","2551","325",
"1400000US12099007013","Census Tract 70.13; Palm Beach County; Florida","5279","1051",
"1400000US12099007100","Census Tract 71; Palm Beach County; Florida","4349","888",
"1400000US12099007202","Census Tract 72.02; Palm Beach County; Florida","5893","2268",
"1400000US12099007204","Census Tract 72.04; Palm Beach County; Florida","2843","643",
"1400000US12099007205","Census Tract 72.05; Palm Beach County; Florida","3201","573",
"1400000US12099007206","Census Tract 72.06; Palm Beach County; Florida","1837","245",
"1400000US12099007207","Census Tract 72.07; Palm Beach County; Florida","1894","464",
"1400000US12099007208","Census Tract 72.08; Palm Beach County; Florida","1700","242",
"1400000US12099007301","Census Tract 73.01; Palm Beach County; Florida","4181","657",
"1400000US12099007302","Census Tract 73.02; Palm Beach County; Florida","5533","766",
"1400000US12099007407","Census Tract 74.07; Palm Beach County; Florida","2152","304",
"1400000US12099007410","Census Tract 74.10; Palm Beach County; Florida","2318","596",
"1400000US12099007412","Census Tract 74.12; Palm Beach County; Florida","1315","273",
"1400000US12099007414","Census Tract 74.14; Palm Beach County; Florida","2159","300",
"1400000US12099007420","Census Tract 74.20; Palm Beach County; Florida","3578","1079",
"1400000US12099007421","Census Tract 74.21; Palm Beach County; Florida","3756","403",
"1400000US12099007501","Census Tract 75.01; Palm Beach County; Florida","3618","462",
"1400000US12099007504","Census Tract 75.04; Palm Beach County; Florida","2979","558",
"1400000US12099007505","Census Tract 75.05; Palm Beach County; Florida","3810","758",
"1400000US12099007603","Census Tract 76.03; Palm Beach County; Florida","2101","233",
"1400000US12099007604","Census Tract 76.04; Palm Beach County; Florida","6734","1069",
"1400000US12099007605","Census Tract 76.05; Palm Beach County; Florida","3713","360",
"1400000US12099007610","Census Tract 76.10; Palm Beach County; Florida","5077","561",
"1400000US12099007612","Census Tract 76.12; Palm Beach County; Florida","5530","660",
"1400000US12099007613","Census Tract 76.13; Palm Beach County; Florida","3738","440",
"1400000US12099007614","Census Tract 76.14; Palm Beach County; Florida","4900","566",
"1400000US12099007615","Census Tract 76.15; Palm Beach County; Florida","3969","648",
"1400000US12099007616","Census Tract 76.16; Palm Beach County; Florida","3500","401",
"1400000US12099007619","Census Tract 76.19; Palm Beach County; Florida","1684","337",
"1400000US12099007620","Census Tract 76.20; Palm Beach County; Florida","2806","688",
"1400000US12099007621","Census Tract 76.21; Palm Beach County; Florida","2053","246",
"1400000US12099007622","Census Tract 76.22; Palm Beach County; Florida","4328","1000",
"1400000US12099007623","Census Tract 76.23; Palm Beach County; Florida","4619","697",
"1400000US12099007624","Census Tract 76.24; Palm Beach County; Florida","3361","374",
"1400000US12099007705","Census Tract 77.05; Palm Beach County; Florida","4053","740",
"1400000US12099007710","Census Tract 77.10; Palm Beach County; Florida","9257","1064",
"1400000US12099007716","Census Tract 77.16; Palm Beach County; Florida","5103","650",
"1400000US12099007721","Census Tract 77.21; Palm Beach County; Florida","5208","654",
"1400000US12099007723","Census Tract 77.23; Palm Beach County; Florida","2736","303",
"1400000US12099007724","Census Tract 77.24; Palm Beach County; Florida","7585","1200",
"1400000US12099007725","Census Tract 77.25; Palm Beach County; Florida","5688","1222",
"1400000US12099007730","Census Tract 77.30; Palm Beach County; Florida","6643","936",
"1400000US12099007731","Census Tract 77.31; Palm Beach County; Florida","5761","741",
"1400000US12099007732","Census Tract 77.32; Palm Beach County; Florida","8508","1191",
"1400000US12099007735","Census Tract 77.35; Palm Beach County; Florida","6797","1189",
"1400000US12099007736","Census Tract 77.36; Palm Beach County; Florida","4372","781",
"1400000US12099007738","Census Tract 77.38; Palm Beach County; Florida","4518","1047",
"1400000US12099007739","Census Tract 77.39; Palm Beach County; Florida","3200","779",
"1400000US12099007740","Census Tract 77.40; Palm Beach County; Florida","7176","821",
"1400000US12099007741","Census Tract 77.41; Palm Beach County; Florida","5026","1269",
"1400000US12099007742","Census Tract 77.42; Palm Beach County; Florida","4051","522",
"1400000US12099007743","Census Tract 77.43; Palm Beach County; Florida","5737","1066",
"1400000US12099007746","Census Tract 77.46; Palm Beach County; Florida","1488","404",
"1400000US12099007747","Census Tract 77.47; Palm Beach County; Florida","2984","499",
"1400000US12099007748","Census Tract 77.48; Palm Beach County; Florida","5396","1446",
"1400000US12099007749","Census Tract 77.49; Palm Beach County; Florida","6795","932",
"1400000US12099007750","Census Tract 77.50; Palm Beach County; Florida","4479","434",
"1400000US12099007751","Census Tract 77.51; Palm Beach County; Florida","4151","1036",
"1400000US12099007752","Census Tract 77.52; Palm Beach County; Florida","6346","660",
"1400000US12099007754","Census Tract 77.54; Palm Beach County; Florida","4704","431",
"1400000US12099007757","Census Tract 77.57; Palm Beach County; Florida","4771","460",
"1400000US12099007758","Census Tract 77.58; Palm Beach County; Florida","5355","803",
"1400000US12099007759","Census Tract 77.59; Palm Beach County; Florida","1571","348",
"1400000US12099007763","Census Tract 77.63; Palm Beach County; Florida","8506","1203",
"1400000US12099007764","Census Tract 77.64; Palm Beach County; Florida","2117","223",
"1400000US12099007766","Census Tract 77.66; Palm Beach County; Florida","4329","813",
"1400000US12099007767","Census Tract 77.67; Palm Beach County; Florida","4668","743",
"1400000US12099007768","Census Tract 77.68; Palm Beach County; Florida","1581","247",
"1400000US12099007769","Census Tract 77.69; Palm Beach County; Florida","1835","461",
"1400000US12099007770","Census Tract 77.70; Palm Beach County; Florida","2871","335",
"1400000US12099007771","Census Tract 77.71; Palm Beach County; Florida","3623","468",
"1400000US12099007772","Census Tract 77.72; Palm Beach County; Florida","5459","794",
"1400000US12099007773","Census Tract 77.73; Palm Beach County; Florida","7216","953",
"1400000US12099007774","Census Tract 77.74; Palm Beach County; Florida","10095","1076",
"1400000US12099007775","Census Tract 77.75; Palm Beach County; Florida","6832","796",
"1400000US12099007776","Census Tract 77.76; Palm Beach County; Florida","1100","122",
"1400000US12099007777","Census Tract 77.77; Palm Beach County; Florida","4333","390",
"1400000US12099007778","Census Tract 77.78; Palm Beach County; Florida","8902","1278",
"1400000US12099007779","Census Tract 77.79; Palm Beach County; Florida","3802","405",
"1400000US12099007780","Census Tract 77.80; Palm Beach County; Florida","1881","689",
"1400000US12099007805","Census Tract 78.05; Palm Beach County; Florida","7241","577",
"1400000US12099007812","Census Tract 78.12; Palm Beach County; Florida","5241","526",
"1400000US12099007813","Census Tract 78.13; Palm Beach County; Florida","7765","1008",
"1400000US12099007814","Census Tract 78.14; Palm Beach County; Florida","2252","547",
"1400000US12099007818","Census Tract 78.18; Palm Beach County; Florida","1882","229",
"1400000US12099007820","Census Tract 78.20; Palm Beach County; Florida","3013","756",
"1400000US12099007821","Census Tract 78.21; Palm Beach County; Florida","2876","484",
"1400000US12099007823","Census Tract 78.23; Palm Beach County; Florida","3817","267",
"1400000US12099007830","Census Tract 78.30; Palm Beach County; Florida","3624","420",
"1400000US12099007831","Census Tract 78.31; Palm Beach County; Florida","3424","449",
"1400000US12099007832","Census Tract 78.32; Palm Beach County; Florida","3331","340",
"1400000US12099007833","Census Tract 78.33; Palm Beach County; Florida","5784","1067",
"1400000US12099007834","Census Tract 78.34; Palm Beach County; Florida","1769","199",
"1400000US12099007835","Census Tract 78.35; Palm Beach County; Florida","5219","1199",
"1400000US12099007837","Census Tract 78.37; Palm Beach County; Florida","6932","850",
"1400000US12099007838","Census Tract 78.38; Palm Beach County; Florida","8207","992",
"1400000US12099007840","Census Tract 78.40; Palm Beach County; Florida","1929","219",
"1400000US12099007841","Census Tract 78.41; Palm Beach County; Florida","6355","848",
"1400000US12099007842","Census Tract 78.42; Palm Beach County; Florida","2942","359",
"1400000US12099007843","Census Tract 78.43; Palm Beach County; Florida","5822","849",
"1400000US12099007844","Census Tract 78.44; Palm Beach County; Florida","4922","564",
"1400000US12099007845","Census Tract 78.45; Palm Beach County; Florida","2436","253",
"1400000US12099007846","Census Tract 78.46; Palm Beach County; Florida","1104","210",
"1400000US12099007847","Census Tract 78.47; Palm Beach County; Florida","8646","1197",
"1400000US12099007848","Census Tract 78.48; Palm Beach County; Florida","3424","887",
"1400000US12099007849","Census Tract 78.49; Palm Beach County; Florida","3106","405",
"1400000US12099007850","Census Tract 78.50; Palm Beach County; Florida","4237","22",
"1400000US12099007851","Census Tract 78.51; Palm Beach County; Florida","3815","523",
"1400000US12099007852","Census Tract 78.52; Palm Beach County; Florida","0","15",
"1400000US12099007853","Census Tract 78.53; Palm Beach County; Florida","2310","234",
"1400000US12099007909","Census Tract 79.09; Palm Beach County; Florida","4592","428",
"1400000US12099007913","Census Tract 79.13; Palm Beach County; Florida","2612","532",
"1400000US12099007914","Census Tract 79.14; Palm Beach County; Florida","5492","942",
"1400000US12099007915","Census Tract 79.15; Palm Beach County; Florida","1143","168",
"1400000US12099007916","Census Tract 79.16; Palm Beach County; Florida","4529","469",
"1400000US12099007917","Census Tract 79.17; Palm Beach County; Florida","5013","738",
"1400000US12099007918","Census Tract 79.18; Palm Beach County; Florida","3281","475",
"1400000US12099007919","Census Tract 79.19; Palm Beach County; Florida","5187","1100",
"1400000US12099008001","Census Tract 80.01; Palm Beach County; Florida","3596","1006",
"1400000US12099008002","Census Tract 80.02; Palm Beach County; Florida","3896","981",
"1400000US12099008101","Census Tract 81.01; Palm Beach County; Florida","6225","908",
"1400000US12099008102","Census Tract 81.02; Palm Beach County; Florida","0","15",
"1400000US12099008201","Census Tract 82.01; Palm Beach County; Florida","4086","857",
"1400000US12099008202","Census Tract 82.02; Palm Beach County; Florida","3008","778",
"1400000US12099008203","Census Tract 82.03; Palm Beach County; Florida","3958","665",
"1400000US12099008301","Census Tract 83.01; Palm Beach County; Florida","1899","892",
"1400000US12099008302","Census Tract 83.02; Palm Beach County; Florida","6145","492",
"1400000US12099980000","Census Tract 9800; Palm Beach County; Florida","0","15",
"1400000US12099980100","Census Tract 9801; Palm Beach County; Florida","0","15",
"1400000US12099980200","Census Tract 9802; Palm Beach County; Florida","0","15",
"1400000US12099980400","Census Tract 9804; Palm Beach County; Florida","0","15",
"1400000US12099980500","Census Tract 9805; Palm Beach County; Florida","0","15",
"1400000US12099990000","Census Tract 9900; Palm Beach County; Florida","0","15",
"1400000US12099990100","Census Tract 9901; Palm Beach County; Florida","0","15",
"1400000US12101030101","Census Tract 301.01; Pasco County; Florida","3076","474",
"1400000US12101030102","Census Tract 301.02; Pasco County; Florida","2470","599",
"1400000US12101030202","Census Tract 302.02; Pasco County; Florida","2234","349",
"1400000US12101030203","Census Tract 302.03; Pasco County; Florida","1798","811",
"1400000US12101030204","Census Tract 302.04; Pasco County; Florida","1605","243",
"1400000US12101030205","Census Tract 302.05; Pasco County; Florida","2427","253",
"1400000US12101030303","Census Tract 303.03; Pasco County; Florida","3135","432",
"1400000US12101030304","Census Tract 303.04; Pasco County; Florida","5301","740",
"1400000US12101030404","Census Tract 304.04; Pasco County; Florida","2820","358",
"1400000US12101030405","Census Tract 304.05; Pasco County; Florida","2034","361",
"1400000US12101030406","Census Tract 304.06; Pasco County; Florida","3023","576",
"1400000US12101030407","Census Tract 304.07; Pasco County; Florida","2838","568",
"1400000US12101030408","Census Tract 304.08; Pasco County; Florida","3473","661",
"1400000US12101030409","Census Tract 304.09; Pasco County; Florida","2505","410",
"1400000US12101030410","Census Tract 304.10; Pasco County; Florida","1889","457",
"1400000US12101030411","Census Tract 304.11; Pasco County; Florida","3532","751",
"1400000US12101030412","Census Tract 304.12; Pasco County; Florida","2447","536",
"1400000US12101030501","Census Tract 305.01; Pasco County; Florida","1906","339",
"1400000US12101030502","Census Tract 305.02; Pasco County; Florida","4545","630",
"1400000US12101030601","Census Tract 306.01; Pasco County; Florida","2293","552",
"1400000US12101030602","Census Tract 306.02; Pasco County; Florida","2334","378",
"1400000US12101030700","Census Tract 307; Pasco County; Florida","4242","670",
"1400000US12101030800","Census Tract 308; Pasco County; Florida","3876","619",
"1400000US12101030901","Census Tract 309.01; Pasco County; Florida","4193","548",
"1400000US12101030905","Census Tract 309.05; Pasco County; Florida","3565","728",
"1400000US12101030906","Census Tract 309.06; Pasco County; Florida","5852","715",
"1400000US12101031003","Census Tract 310.03; Pasco County; Florida","5898","756",
"1400000US12101031005","Census Tract 310.05; Pasco County; Florida","4746","929",
"1400000US12101031006","Census Tract 310.06; Pasco County; Florida","1933","453",
"1400000US12101031007","Census Tract 310.07; Pasco County; Florida","5616","915",
"1400000US12101031008","Census Tract 310.08; Pasco County; Florida","2718","870",
"1400000US12101031009","Census Tract 310.09; Pasco County; Florida","2497","326",
"1400000US12101031010","Census Tract 310.10; Pasco County; Florida","4188","465",
"1400000US12101031011","Census Tract 310.11; Pasco County; Florida","2823","453",
"1400000US12101031012","Census Tract 310.12; Pasco County; Florida","5520","1155",
"1400000US12101031013","Census Tract 310.13; Pasco County; Florida","3353","583",
"1400000US12101031014","Census Tract 310.14; Pasco County; Florida","3591","583",
"1400000US12101031101","Census Tract 311.01; Pasco County; Florida","3940","553",
"1400000US12101031103","Census Tract 311.03; Pasco County; Florida","1334","175",
"1400000US12101031104","Census Tract 311.04; Pasco County; Florida","3860","875",
"1400000US12101031203","Census Tract 312.03; Pasco County; Florida","2547","394",
"1400000US12101031204","Census Tract 312.04; Pasco County; Florida","3011","412",
"1400000US12101031205","Census Tract 312.05; Pasco County; Florida","3450","532",
"1400000US12101031206","Census Tract 312.06; Pasco County; Florida","3245","544",
"1400000US12101031207","Census Tract 312.07; Pasco County; Florida","2787","627",
"1400000US12101031208","Census Tract 312.08; Pasco County; Florida","5380","640",
"1400000US12101031301","Census Tract 313.01; Pasco County; Florida","3603","501",
"1400000US12101031302","Census Tract 313.02; Pasco County; Florida","6308","890",
"1400000US12101031401","Census Tract 314.01; Pasco County; Florida","4899","566",
"1400000US12101031404","Census Tract 314.04; Pasco County; Florida","3762","578",
"1400000US12101031406","Census Tract 314.06; Pasco County; Florida","3306","319",
"1400000US12101031407","Census Tract 314.07; Pasco County; Florida","3475","635",
"1400000US12101031410","Census Tract 314.10; Pasco County; Florida","4610","1187",
"1400000US12101031411","Census Tract 314.11; Pasco County; Florida","1508","130",
"1400000US12101031412","Census Tract 314.12; Pasco County; Florida","4797","562",
"1400000US12101031503","Census Tract 315.03; Pasco County; Florida","3402","450",
"1400000US12101031504","Census Tract 315.04; Pasco County; Florida","2477","415",
"1400000US12101031505","Census Tract 315.05; Pasco County; Florida","5625","567",
"1400000US12101031506","Census Tract 315.06; Pasco County; Florida","4661","391",
"1400000US12101031507","Census Tract 315.07; Pasco County; Florida","8581","1394",
"1400000US12101031508","Census Tract 315.08; Pasco County; Florida","5962","1107",
"1400000US12101031601","Census Tract 316.01; Pasco County; Florida","8811","1138",
"1400000US12101031602","Census Tract 316.02; Pasco County; Florida","12027","965",
"1400000US12101031603","Census Tract 316.03; Pasco County; Florida","12678","1696",
"1400000US12101031604","Census Tract 316.04; Pasco County; Florida","7611","817",
"1400000US12101031605","Census Tract 316.05; Pasco County; Florida","8798","833",
"1400000US12101031701","Census Tract 317.01; Pasco County; Florida","14262","1137",
"1400000US12101031703","Census Tract 317.03; Pasco County; Florida","5261","921",
"1400000US12101031704","Census Tract 317.04; Pasco County; Florida","6311","733",
"1400000US12101031705","Census Tract 317.05; Pasco County; Florida","4622","766",
"1400000US12101031706","Census Tract 317.06; Pasco County; Florida","4605","493",
"1400000US12101031707","Census Tract 317.07; Pasco County; Florida","3661","819",
"1400000US12101031708","Census Tract 317.08; Pasco County; Florida","5757","727",
"1400000US12101031804","Census Tract 318.04; Pasco County; Florida","3503","467",
"1400000US12101031805","Census Tract 318.05; Pasco County; Florida","3907","496",
"1400000US12101031806","Census Tract 318.06; Pasco County; Florida","4805","582",
"1400000US12101031807","Census Tract 318.07; Pasco County; Florida","3017","570",
"1400000US12101031808","Census Tract 318.08; Pasco County; Florida","4859","1319",
"1400000US12101031809","Census Tract 318.09; Pasco County; Florida","2810","520",
"1400000US12101031901","Census Tract 319.01; Pasco County; Florida","4563","703",
"1400000US12101031902","Census Tract 319.02; Pasco County; Florida","12076","1309",
"1400000US12101031903","Census Tract 319.03; Pasco County; Florida","8409","770",
"1400000US12101032001","Census Tract 320.01; Pasco County; Florida","7790","957",
"1400000US12101032005","Census Tract 320.05; Pasco County; Florida","4474","307",
"1400000US12101032006","Census Tract 320.06; Pasco County; Florida","9495","1202",
"1400000US12101032007","Census Tract 320.07; Pasco County; Florida","3115","333",
"1400000US12101032008","Census Tract 320.08; Pasco County; Florida","5559","758",
"1400000US12101032009","Census Tract 320.09; Pasco County; Florida","9242","1131",
"1400000US12101032010","Census Tract 320.10; Pasco County; Florida","4146","654",
"1400000US12101032011","Census Tract 320.11; Pasco County; Florida","5092","491",
"1400000US12101032012","Census Tract 320.12; Pasco County; Florida","4269","832",
"1400000US12101032013","Census Tract 320.13; Pasco County; Florida","5718","569",
"1400000US12101032014","Census Tract 320.14; Pasco County; Florida","7155","740",
"1400000US12101032103","Census Tract 321.03; Pasco County; Florida","13453","1566",
"1400000US12101032104","Census Tract 321.04; Pasco County; Florida","6986","1271",
"1400000US12101032105","Census Tract 321.05; Pasco County; Florida","11333","1238",
"1400000US12101032106","Census Tract 321.06; Pasco County; Florida","8815","819",
"1400000US12101032107","Census Tract 321.07; Pasco County; Florida","13168","1159",
"1400000US12101032108","Census Tract 321.08; Pasco County; Florida","9989","916",
"1400000US12101032109","Census Tract 321.09; Pasco County; Florida","5070","613",
"1400000US12101032110","Census Tract 321.10; Pasco County; Florida","3085","448",
"1400000US12101032111","Census Tract 321.11; Pasco County; Florida","6231","620",
"1400000US12101032112","Census Tract 321.12; Pasco County; Florida","4072","525",
"1400000US12101032113","Census Tract 321.13; Pasco County; Florida","4103","325",
"1400000US12101032200","Census Tract 322; Pasco County; Florida","7407","840",
"1400000US12101032300","Census Tract 323; Pasco County; Florida","2743","417",
"1400000US12101032401","Census Tract 324.01; Pasco County; Florida","2540","403",
"1400000US12101032402","Census Tract 324.02; Pasco County; Florida","3189","1138",
"1400000US12101032500","Census Tract 325; Pasco County; Florida","8412","1107",
"1400000US12101032601","Census Tract 326.01; Pasco County; Florida","3195","574",
"1400000US12101032602","Census Tract 326.02; Pasco County; Florida","3653","609",
"1400000US12101032700","Census Tract 327; Pasco County; Florida","3232","501",
"1400000US12101032802","Census Tract 328.02; Pasco County; Florida","3112","543",
"1400000US12101032804","Census Tract 328.04; Pasco County; Florida","2837","392",
"1400000US12101032805","Census Tract 328.05; Pasco County; Florida","4620","451",
"1400000US12101032901","Census Tract 329.01; Pasco County; Florida","9611","1311",
"1400000US12101032902","Census Tract 329.02; Pasco County; Florida","1786","198",
"1400000US12101032905","Census Tract 329.05; Pasco County; Florida","5411","597",
"1400000US12101033005","Census Tract 330.05; Pasco County; Florida","4798","765",
"1400000US12101033006","Census Tract 330.06; Pasco County; Florida","3587","695",
"1400000US12101033007","Census Tract 330.07; Pasco County; Florida","2088","573",
"1400000US12101033008","Census Tract 330.08; Pasco County; Florida","2922","424",
"1400000US12101033009","Census Tract 330.09; Pasco County; Florida","2932","503",
"1400000US12101033010","Census Tract 330.10; Pasco County; Florida","4336","824",
"1400000US12101033011","Census Tract 330.11; Pasco County; Florida","1878","307",
"1400000US12101033012","Census Tract 330.12; Pasco County; Florida","2301","319",
"1400000US12101033013","Census Tract 330.13; Pasco County; Florida","2921","442",
"1400000US12101033014","Census Tract 330.14; Pasco County; Florida","3737","519",
"1400000US12101033101","Census Tract 331.01; Pasco County; Florida","2326","382",
"1400000US12101033102","Census Tract 331.02; Pasco County; Florida","2331","311",
"1400000US12101990000","Census Tract 9900; Pasco County; Florida","0","15",
"1400000US12103020105","Census Tract 201.05; Pinellas County; Florida","5986","492",
"1400000US12103020106","Census Tract 201.06; Pinellas County; Florida","4171","805",
"1400000US12103020107","Census Tract 201.07; Pinellas County; Florida","1743","244",
"1400000US12103020108","Census Tract 201.08; Pinellas County; Florida","2118","509",
"1400000US12103020109","Census Tract 201.09; Pinellas County; Florida","4231","635",
"1400000US12103020110","Census Tract 201.10; Pinellas County; Florida","1633","347",
"1400000US12103020201","Census Tract 202.01; Pinellas County; Florida","4849","407",
"1400000US12103020202","Census Tract 202.02; Pinellas County; Florida","4000","903",
"1400000US12103020206","Census Tract 202.06; Pinellas County; Florida","4595","1004",
"1400000US12103020207","Census Tract 202.07; Pinellas County; Florida","2627","353",
"1400000US12103020208","Census Tract 202.08; Pinellas County; Florida","2656","378",
"1400000US12103020209","Census Tract 202.09; Pinellas County; Florida","4725","783",
"1400000US12103020301","Census Tract 203.01; Pinellas County; Florida","4813","573",
"1400000US12103020302","Census Tract 203.02; Pinellas County; Florida","3258","571",
"1400000US12103020400","Census Tract 204; Pinellas County; Florida","2510","527",
"1400000US12103020500","Census Tract 205; Pinellas County; Florida","3280","833",
"1400000US12103020600","Census Tract 206; Pinellas County; Florida","4493","734",
"1400000US12103020700","Census Tract 207; Pinellas County; Florida","3425","698",
"1400000US12103020800","Census Tract 208; Pinellas County; Florida","4795","1080",
"1400000US12103021200","Census Tract 212; Pinellas County; Florida","3720","1076",
"1400000US12103021501","Census Tract 215.01; Pinellas County; Florida","2467","344",
"1400000US12103021502","Census Tract 215.02; Pinellas County; Florida","1537","373",
"1400000US12103021600","Census Tract 216; Pinellas County; Florida","2025","413",
"1400000US12103021800","Census Tract 218; Pinellas County; Florida","2486","382",
"1400000US12103021900","Census Tract 219; Pinellas County; Florida","3197","736",
"1400000US12103022000","Census Tract 220; Pinellas County; Florida","3062","773",
"1400000US12103022101","Census Tract 221.01; Pinellas County; Florida","1818","238",
"1400000US12103022102","Census Tract 221.02; Pinellas County; Florida","2770","586",
"1400000US12103022200","Census Tract 222; Pinellas County; Florida","3884","664",
"1400000US12103022301","Census Tract 223.01; Pinellas County; Florida","2434","376",
"1400000US12103022302","Census Tract 223.02; Pinellas County; Florida","3907","637",
"1400000US12103022401","Census Tract 224.01; Pinellas County; Florida","3691","453",
"1400000US12103022402","Census Tract 224.02; Pinellas County; Florida","5256","705",
"1400000US12103022501","Census Tract 225.01; Pinellas County; Florida","4785","878",
"1400000US12103022502","Census Tract 225.02; Pinellas County; Florida","3146","307",
"1400000US12103022503","Census Tract 225.03; Pinellas County; Florida","6072","1133",
"1400000US12103022601","Census Tract 226.01; Pinellas County; Florida","2945","369",
"1400000US12103022602","Census Tract 226.02; Pinellas County; Florida","4573","662",
"1400000US12103022700","Census Tract 227; Pinellas County; Florida","4286","559",
"1400000US12103022801","Census Tract 228.01; Pinellas County; Florida","4863","539",
"1400000US12103022802","Census Tract 228.02; Pinellas County; Florida","3313","763",
"1400000US12103022901","Census Tract 229.01; Pinellas County; Florida","2616","515",
"1400000US12103022902","Census Tract 229.02; Pinellas County; Florida","2504","441",
"1400000US12103023000","Census Tract 230; Pinellas County; Florida","2752","442",
"1400000US12103023100","Census Tract 231; Pinellas County; Florida","2637","461",
"1400000US12103023200","Census Tract 232; Pinellas County; Florida","3022","405",
"1400000US12103023300","Census Tract 233; Pinellas County; Florida","2019","459",
"1400000US12103023400","Census Tract 234; Pinellas County; Florida","2015","336",
"1400000US12103023501","Census Tract 235.01; Pinellas County; Florida","2360","452",
"1400000US12103023502","Census Tract 235.02; Pinellas County; Florida","1233","182",
"1400000US12103023601","Census Tract 236.01; Pinellas County; Florida","2029","313",
"1400000US12103023602","Census Tract 236.02; Pinellas County; Florida","1681","452",
"1400000US12103023700","Census Tract 237; Pinellas County; Florida","2438","390",
"1400000US12103023800","Census Tract 238; Pinellas County; Florida","2332","315",
"1400000US12103023900","Census Tract 239; Pinellas County; Florida","2073","381",
"1400000US12103024001","Census Tract 240.01; Pinellas County; Florida","3313","414",
"1400000US12103024002","Census Tract 240.02; Pinellas County; Florida","5798","764",
"1400000US12103024004","Census Tract 240.04; Pinellas County; Florida","4251","479",
"1400000US12103024005","Census Tract 240.05; Pinellas County; Florida","3458","965",
"1400000US12103024100","Census Tract 241; Pinellas County; Florida","5044","764",
"1400000US12103024201","Census Tract 242.01; Pinellas County; Florida","2857","419",
"1400000US12103024202","Census Tract 242.02; Pinellas County; Florida","2973","598",
"1400000US12103024301","Census Tract 243.01; Pinellas County; Florida","4739","826",
"1400000US12103024302","Census Tract 243.02; Pinellas County; Florida","4317","486",
"1400000US12103024403","Census Tract 244.03; Pinellas County; Florida","4544","671",
"1400000US12103024406","Census Tract 244.06; Pinellas County; Florida","5904","723",
"1400000US12103024408","Census Tract 244.08; Pinellas County; Florida","4265","638",
"1400000US12103024409","Census Tract 244.09; Pinellas County; Florida","3129","362",
"1400000US12103024410","Census Tract 244.10; Pinellas County; Florida","3946","500",
"1400000US12103024411","Census Tract 244.11; Pinellas County; Florida","4090","375",
"1400000US12103024412","Census Tract 244.12; Pinellas County; Florida","5362","750",
"1400000US12103024413","Census Tract 244.13; Pinellas County; Florida","4746","568",
"1400000US12103024505","Census Tract 245.05; Pinellas County; Florida","6957","775",
"1400000US12103024507","Census Tract 245.07; Pinellas County; Florida","3831","657",
"1400000US12103024508","Census Tract 245.08; Pinellas County; Florida","5333","695",
"1400000US12103024509","Census Tract 245.09; Pinellas County; Florida","3476","334",
"1400000US12103024510","Census Tract 245.10; Pinellas County; Florida","4617","420",
"1400000US12103024512","Census Tract 245.12; Pinellas County; Florida","2754","326",
"1400000US12103024514","Census Tract 245.14; Pinellas County; Florida","6134","1133",
"1400000US12103024515","Census Tract 245.15; Pinellas County; Florida","1993","509",
"1400000US12103024516","Census Tract 245.16; Pinellas County; Florida","2415","368",
"1400000US12103024517","Census Tract 245.17; Pinellas County; Florida","3295","437",
"1400000US12103024518","Census Tract 245.18; Pinellas County; Florida","1757","229",
"1400000US12103024519","Census Tract 245.19; Pinellas County; Florida","3660","727",
"1400000US12103024601","Census Tract 246.01; Pinellas County; Florida","4397","771",
"1400000US12103024603","Census Tract 246.03; Pinellas County; Florida","3429","613",
"1400000US12103024604","Census Tract 246.04; Pinellas County; Florida","2454","355",
"1400000US12103024701","Census Tract 247.01; Pinellas County; Florida","2965","328",
"1400000US12103024702","Census Tract 247.02; Pinellas County; Florida","2366","347",
"1400000US12103024703","Census Tract 247.03; Pinellas County; Florida","3038","768",
"1400000US12103024801","Census Tract 248.01; Pinellas County; Florida","4031","290",
"1400000US12103024803","Census Tract 248.03; Pinellas County; Florida","2242","342",
"1400000US12103024804","Census Tract 248.04; Pinellas County; Florida","2802","468",
"1400000US12103024805","Census Tract 248.05; Pinellas County; Florida","2660","308",
"1400000US12103024901","Census Tract 249.01; Pinellas County; Florida","6015","1010",
"1400000US12103024904","Census Tract 249.04; Pinellas County; Florida","3758","550",
"1400000US12103024905","Census Tract 249.05; Pinellas County; Florida","6557","1126",
"1400000US12103024906","Census Tract 249.06; Pinellas County; Florida","3924","439",
"1400000US12103024907","Census Tract 249.07; Pinellas County; Florida","3757","654",
"1400000US12103024908","Census Tract 249.08; Pinellas County; Florida","3654","769",
"1400000US12103025004","Census Tract 250.04; Pinellas County; Florida","6640","786",
"1400000US12103025007","Census Tract 250.07; Pinellas County; Florida","4953","688",
"1400000US12103025009","Census Tract 250.09; Pinellas County; Florida","3359","356",
"1400000US12103025011","Census Tract 250.11; Pinellas County; Florida","5331","697",
"1400000US12103025012","Census Tract 250.12; Pinellas County; Florida","5189","517",
"1400000US12103025013","Census Tract 250.13; Pinellas County; Florida","5103","1090",
"1400000US12103025014","Census Tract 250.14; Pinellas County; Florida","4850","576",
"1400000US12103025015","Census Tract 250.15; Pinellas County; Florida","2829","348",
"1400000US12103025016","Census Tract 250.16; Pinellas County; Florida","2006","273",
"1400000US12103025017","Census Tract 250.17; Pinellas County; Florida","2694","382",
"1400000US12103025018","Census Tract 250.18; Pinellas County; Florida","2416","472",
"1400000US12103025019","Census Tract 250.19; Pinellas County; Florida","2388","409",
"1400000US12103025020","Census Tract 250.20; Pinellas County; Florida","3136","1025",
"1400000US12103025021","Census Tract 250.21; Pinellas County; Florida","2641","369",
"1400000US12103025106","Census Tract 251.06; Pinellas County; Florida","2696","343",
"1400000US12103025107","Census Tract 251.07; Pinellas County; Florida","4184","470",
"1400000US12103025108","Census Tract 251.08; Pinellas County; Florida","2297","319",
"1400000US12103025109","Census Tract 251.09; Pinellas County; Florida","3927","646",
"1400000US12103025110","Census Tract 251.10; Pinellas County; Florida","5183","605",
"1400000US12103025111","Census Tract 251.11; Pinellas County; Florida","2660","361",
"1400000US12103025112","Census Tract 251.12; Pinellas County; Florida","3395","372",
"1400000US12103025113","Census Tract 251.13; Pinellas County; Florida","3107","791",
"1400000US12103025114","Census Tract 251.14; Pinellas County; Florida","3540","953",
"1400000US12103025115","Census Tract 251.15; Pinellas County; Florida","3030","432",
"1400000US12103025116","Census Tract 251.16; Pinellas County; Florida","2008","216",
"1400000US12103025119","Census Tract 251.19; Pinellas County; Florida","6128","1296",
"1400000US12103025120","Census Tract 251.20; Pinellas County; Florida","3767","402",
"1400000US12103025121","Census Tract 251.21; Pinellas County; Florida","5209","592",
"1400000US12103025122","Census Tract 251.22; Pinellas County; Florida","4887","671",
"1400000US12103025123","Census Tract 251.23; Pinellas County; Florida","1752","178",
"1400000US12103025204","Census Tract 252.04; Pinellas County; Florida","2869","389",
"1400000US12103025205","Census Tract 252.05; Pinellas County; Florida","4417","701",
"1400000US12103025207","Census Tract 252.07; Pinellas County; Florida","6753","1114",
"1400000US12103025208","Census Tract 252.08; Pinellas County; Florida","1450","203",
"1400000US12103025209","Census Tract 252.09; Pinellas County; Florida","4803","941",
"1400000US12103025210","Census Tract 252.10; Pinellas County; Florida","3368","809",
"1400000US12103025211","Census Tract 252.11; Pinellas County; Florida","2115","220",
"1400000US12103025303","Census Tract 253.03; Pinellas County; Florida","4622","591",
"1400000US12103025305","Census Tract 253.05; Pinellas County; Florida","2458","508",
"1400000US12103025307","Census Tract 253.07; Pinellas County; Florida","5256","1334",
"1400000US12103025309","Census Tract 253.09; Pinellas County; Florida","2146","312",
"1400000US12103025310","Census Tract 253.10; Pinellas County; Florida","1350","211",
"1400000US12103025311","Census Tract 253.11; Pinellas County; Florida","4052","624",
"1400000US12103025401","Census Tract 254.01; Pinellas County; Florida","4789","647",
"1400000US12103025407","Census Tract 254.07; Pinellas County; Florida","4912","536",
"1400000US12103025411","Census Tract 254.11; Pinellas County; Florida","2004","313",
"1400000US12103025412","Census Tract 254.12; Pinellas County; Florida","4852","542",
"1400000US12103025413","Census Tract 254.13; Pinellas County; Florida","3840","545",
"1400000US12103025414","Census Tract 254.14; Pinellas County; Florida","2743","374",
"1400000US12103025415","Census Tract 254.15; Pinellas County; Florida","2692","466",
"1400000US12103025416","Census Tract 254.16; Pinellas County; Florida","3683","558",
"1400000US12103025417","Census Tract 254.17; Pinellas County; Florida","2312","408",
"1400000US12103025418","Census Tract 254.18; Pinellas County; Florida","2492","497",
"1400000US12103025419","Census Tract 254.19; Pinellas County; Florida","4323","1165",
"1400000US12103025420","Census Tract 254.20; Pinellas County; Florida","2249","286",
"1400000US12103025421","Census Tract 254.21; Pinellas County; Florida","3643","737",
"1400000US12103025501","Census Tract 255.01; Pinellas County; Florida","4272","598",
"1400000US12103025505","Census Tract 255.05; Pinellas County; Florida","2326","542",
"1400000US12103025507","Census Tract 255.07; Pinellas County; Florida","3214","362",
"1400000US12103025508","Census Tract 255.08; Pinellas County; Florida","1331","225",
"1400000US12103025509","Census Tract 255.09; Pinellas County; Florida","3615","1414",
"1400000US12103025510","Census Tract 255.10; Pinellas County; Florida","2892","349",
"1400000US12103025602","Census Tract 256.02; Pinellas County; Florida","3336","662",
"1400000US12103025603","Census Tract 256.03; Pinellas County; Florida","2592","808",
"1400000US12103025604","Census Tract 256.04; Pinellas County; Florida","1536","225",
"1400000US12103025700","Census Tract 257; Pinellas County; Florida","4275","156",
"1400000US12103025800","Census Tract 258; Pinellas County; Florida","3797","848",
"1400000US12103025901","Census Tract 259.01; Pinellas County; Florida","3326","621",
"1400000US12103025902","Census Tract 259.02; Pinellas County; Florida","2246","440",
"1400000US12103026001","Census Tract 260.01; Pinellas County; Florida","3079","586",
"1400000US12103026003","Census Tract 260.03; Pinellas County; Florida","1499","235",
"1400000US12103026004","Census Tract 260.04; Pinellas County; Florida","913","174",
"1400000US12103026101","Census Tract 261.01; Pinellas County; Florida","2528","565",
"1400000US12103026102","Census Tract 261.02; Pinellas County; Florida","1193","192",
"1400000US12103026200","Census Tract 262; Pinellas County; Florida","2500","461",
"1400000US12103026300","Census Tract 263; Pinellas County; Florida","7335","1117",
"1400000US12103026401","Census Tract 264.01; Pinellas County; Florida","3320","519",
"1400000US12103026402","Census Tract 264.02; Pinellas County; Florida","3321","1270",
"1400000US12103026501","Census Tract 265.01; Pinellas County; Florida","3281","720",
"1400000US12103026502","Census Tract 265.02; Pinellas County; Florida","3968","588",
"1400000US12103026601","Census Tract 266.01; Pinellas County; Florida","3082","353",
"1400000US12103026602","Census Tract 266.02; Pinellas County; Florida","4261","1149",
"1400000US12103026701","Census Tract 267.01; Pinellas County; Florida","4016","469",
"1400000US12103026703","Census Tract 267.03; Pinellas County; Florida","6225","1070",
"1400000US12103026704","Census Tract 267.04; Pinellas County; Florida","3648","691",
"1400000US12103026705","Census Tract 267.05; Pinellas County; Florida","3355","486",
"1400000US12103026804","Census Tract 268.04; Pinellas County; Florida","4980","538",
"1400000US12103026809","Census Tract 268.09; Pinellas County; Florida","2568","341",
"1400000US12103026811","Census Tract 268.11; Pinellas County; Florida","6117","464",
"1400000US12103026812","Census Tract 268.12; Pinellas County; Florida","4678","1022",
"1400000US12103026813","Census Tract 268.13; Pinellas County; Florida","3959","1179",
"1400000US12103026814","Census Tract 268.14; Pinellas County; Florida","1887","242",
"1400000US12103026815","Census Tract 268.15; Pinellas County; Florida","4621","437",
"1400000US12103026816","Census Tract 268.16; Pinellas County; Florida","6337","639",
"1400000US12103026817","Census Tract 268.17; Pinellas County; Florida","5183","617",
"1400000US12103026818","Census Tract 268.18; Pinellas County; Florida","3836","694",
"1400000US12103026819","Census Tract 268.19; Pinellas County; Florida","2638","542",
"1400000US12103026820","Census Tract 268.20; Pinellas County; Florida","4087","731",
"1400000US12103026821","Census Tract 268.21; Pinellas County; Florida","2755","472",
"1400000US12103026904","Census Tract 269.04; Pinellas County; Florida","4543","737",
"1400000US12103026908","Census Tract 269.08; Pinellas County; Florida","4093","687",
"1400000US12103026909","Census Tract 269.09; Pinellas County; Florida","4704","604",
"1400000US12103026911","Census Tract 269.11; Pinellas County; Florida","4160","542",
"1400000US12103026912","Census Tract 269.12; Pinellas County; Florida","4841","565",
"1400000US12103026913","Census Tract 269.13; Pinellas County; Florida","3498","414",
"1400000US12103026914","Census Tract 269.14; Pinellas County; Florida","4057","697",
"1400000US12103026915","Census Tract 269.15; Pinellas County; Florida","2616","383",
"1400000US12103026916","Census Tract 269.16; Pinellas County; Florida","3883","437",
"1400000US12103026917","Census Tract 269.17; Pinellas County; Florida","1530","415",
"1400000US12103027000","Census Tract 270; Pinellas County; Florida","4906","676",
"1400000US12103027105","Census Tract 271.05; Pinellas County; Florida","3831","463",
"1400000US12103027106","Census Tract 271.06; Pinellas County; Florida","4150","417",
"1400000US12103027107","Census Tract 271.07; Pinellas County; Florida","1722","372",
"1400000US12103027108","Census Tract 271.08; Pinellas County; Florida","2290","331",
"1400000US12103027202","Census Tract 272.02; Pinellas County; Florida","6663","839",
"1400000US12103027204","Census Tract 272.04; Pinellas County; Florida","4235","555",
"1400000US12103027206","Census Tract 272.06; Pinellas County; Florida","6859","761",
"1400000US12103027207","Census Tract 272.07; Pinellas County; Florida","4692","539",
"1400000US12103027208","Census Tract 272.08; Pinellas County; Florida","6628","745",
"1400000US12103027209","Census Tract 272.09; Pinellas County; Florida","1362","232",
"1400000US12103027210","Census Tract 272.10; Pinellas County; Florida","4079","594",
"1400000US12103027211","Census Tract 272.11; Pinellas County; Florida","4527","827",
"1400000US12103027212","Census Tract 272.12; Pinellas County; Florida","3427","301",
"1400000US12103027308","Census Tract 273.08; Pinellas County; Florida","4807","440",
"1400000US12103027309","Census Tract 273.09; Pinellas County; Florida","2363","304",
"1400000US12103027314","Census Tract 273.14; Pinellas County; Florida","3076","370",
"1400000US12103027316","Census Tract 273.16; Pinellas County; Florida","3589","491",
"1400000US12103027317","Census Tract 273.17; Pinellas County; Florida","5427","663",
"1400000US12103027318","Census Tract 273.18; Pinellas County; Florida","4100","578",
"1400000US12103027319","Census Tract 273.19; Pinellas County; Florida","4482","641",
"1400000US12103027320","Census Tract 273.20; Pinellas County; Florida","4936","670",
"1400000US12103027321","Census Tract 273.21; Pinellas County; Florida","1752","335",
"1400000US12103027323","Census Tract 273.23; Pinellas County; Florida","3182","747",
"1400000US12103027324","Census Tract 273.24; Pinellas County; Florida","4435","453",
"1400000US12103027325","Census Tract 273.25; Pinellas County; Florida","3535","327",
"1400000US12103027326","Census Tract 273.26; Pinellas County; Florida","4301","770",
"1400000US12103027327","Census Tract 273.27; Pinellas County; Florida","5045","662",
"1400000US12103027328","Census Tract 273.28; Pinellas County; Florida","4099","341",
"1400000US12103027329","Census Tract 273.29; Pinellas County; Florida","3984","508",
"1400000US12103027330","Census Tract 273.30; Pinellas County; Florida","2437","388",
"1400000US12103027331","Census Tract 273.31; Pinellas County; Florida","3203","522",
"1400000US12103027332","Census Tract 273.32; Pinellas County; Florida","2607","354",
"1400000US12103027333","Census Tract 273.33; Pinellas County; Florida","3609","566",
"1400000US12103027401","Census Tract 274.01; Pinellas County; Florida","2813","344",
"1400000US12103027404","Census Tract 274.04; Pinellas County; Florida","8008","883",
"1400000US12103027501","Census Tract 275.01; Pinellas County; Florida","6406","661",
"1400000US12103027503","Census Tract 275.03; Pinellas County; Florida","3861","655",
"1400000US12103027504","Census Tract 275.04; Pinellas County; Florida","2515","359",
"1400000US12103027603","Census Tract 276.03; Pinellas County; Florida","2096","205",
"1400000US12103027604","Census Tract 276.04; Pinellas County; Florida","2590","454",
"1400000US12103027605","Census Tract 276.05; Pinellas County; Florida","1582","154",
"1400000US12103027606","Census Tract 276.06; Pinellas County; Florida","1568","203",
"1400000US12103027701","Census Tract 277.01; Pinellas County; Florida","2621","309",
"1400000US12103027703","Census Tract 277.03; Pinellas County; Florida","1142","203",
"1400000US12103027704","Census Tract 277.04; Pinellas County; Florida","2164","232",
"1400000US12103027801","Census Tract 278.01; Pinellas County; Florida","1004","242",
"1400000US12103027802","Census Tract 278.02; Pinellas County; Florida","2936","241",
"1400000US12103027901","Census Tract 279.01; Pinellas County; Florida","1975","329",
"1400000US12103027905","Census Tract 279.05; Pinellas County; Florida","4578","329",
"1400000US12103028002","Census Tract 280.02; Pinellas County; Florida","3746","433",
"1400000US12103028004","Census Tract 280.04; Pinellas County; Florida","1721","363",
"1400000US12103028005","Census Tract 280.05; Pinellas County; Florida","1569","244",
"1400000US12103028006","Census Tract 280.06; Pinellas County; Florida","1709","483",
"1400000US12103028102","Census Tract 281.02; Pinellas County; Florida","3903","613",
"1400000US12103028103","Census Tract 281.03; Pinellas County; Florida","2059","300",
"1400000US12103028104","Census Tract 281.04; Pinellas County; Florida","3220","330",
"1400000US12103028200","Census Tract 282; Pinellas County; Florida","2375","364",
"1400000US12103028300","Census Tract 283; Pinellas County; Florida","2825","434",
"1400000US12103028403","Census Tract 284.03; Pinellas County; Florida","2978","323",
"1400000US12103028500","Census Tract 285; Pinellas County; Florida","1894","303",
"1400000US12103028601","Census Tract 286.01; Pinellas County; Florida","3277","427",
"1400000US12103028602","Census Tract 286.02; Pinellas County; Florida","2933","598",
"1400000US12103028700","Census Tract 287; Pinellas County; Florida","2859","869",
"1400000US12103990000","Census Tract 9900; Pinellas County; Florida","0","15",
"1400000US12103990100","Census Tract 9901; Pinellas County; Florida","0","15",
"1400000US12105010300","Census Tract 103; Polk County; Florida","4337","860",
"1400000US12105010401","Census Tract 104.01; Polk County; Florida","2619","246",
"1400000US12105010402","Census Tract 104.02; Polk County; Florida","6145","504",
"1400000US12105010501","Census Tract 105.01; Polk County; Florida","1940","447",
"1400000US12105010502","Census Tract 105.02; Polk County; Florida","4068","458",
"1400000US12105010601","Census Tract 106.01; Polk County; Florida","4441","734",
"1400000US12105010603","Census Tract 106.03; Polk County; Florida","3236","300",
"1400000US12105010604","Census Tract 106.04; Polk County; Florida","3687","656",
"1400000US12105010701","Census Tract 107.01; Polk County; Florida","3853","494",
"1400000US12105010702","Census Tract 107.02; Polk County; Florida","3768","602",
"1400000US12105010800","Census Tract 108; Polk County; Florida","3261","591",
"1400000US12105010900","Census Tract 109; Polk County; Florida","4425","1075",
"1400000US12105011000","Census Tract 110; Polk County; Florida","3202","692",
"1400000US12105011100","Census Tract 111; Polk County; Florida","3496","844",
"1400000US12105011202","Census Tract 112.02; Polk County; Florida","2110","647",
"1400000US12105011203","Census Tract 112.03; Polk County; Florida","3360","543",
"1400000US12105011204","Census Tract 112.04; Polk County; Florida","1427","449",
"1400000US12105011300","Census Tract 113; Polk County; Florida","1638","382",
"1400000US12105011400","Census Tract 114; Polk County; Florida","5494","830",
"1400000US12105011501","Census Tract 115.01; Polk County; Florida","5242","848",
"1400000US12105011502","Census Tract 115.02; Polk County; Florida","8461","1130",
"1400000US12105011603","Census Tract 116.03; Polk County; Florida","2406","327",
"1400000US12105011604","Census Tract 116.04; Polk County; Florida","5568","1053",
"1400000US12105011605","Census Tract 116.05; Polk County; Florida","4172","495",
"1400000US12105011606","Census Tract 116.06; Polk County; Florida","2554","343",
"1400000US12105011704","Census Tract 117.04; Polk County; Florida","4889","662",
"1400000US12105011721","Census Tract 117.21; Polk County; Florida","3287","469",
"1400000US12105011722","Census Tract 117.22; Polk County; Florida","2472","455",
"1400000US12105011731","Census Tract 117.31; Polk County; Florida","5049","760",
"1400000US12105011732","Census Tract 117.32; Polk County; Florida","4149","983",
"1400000US12105011821","Census Tract 118.21; Polk County; Florida","2591","227",
"1400000US12105011822","Census Tract 118.22; Polk County; Florida","4610","979",
"1400000US12105011832","Census Tract 118.32; Polk County; Florida","4944","535",
"1400000US12105011834","Census Tract 118.34; Polk County; Florida","7927","1288",
"1400000US12105011835","Census Tract 118.35; Polk County; Florida","5268","604",
"1400000US12105011836","Census Tract 118.36; Polk County; Florida","3372","286",
"1400000US12105011837","Census Tract 118.37; Polk County; Florida","5045","864",
"1400000US12105011838","Census Tract 118.38; Polk County; Florida","3928","484",
"1400000US12105011901","Census Tract 119.01; Polk County; Florida","5014","752",
"1400000US12105011902","Census Tract 119.02; Polk County; Florida","3343","300",
"1400000US12105011908","Census Tract 119.08; Polk County; Florida","4608","539",
"1400000US12105011909","Census Tract 119.09; Polk County; Florida","4528","1028",
"1400000US12105011910","Census Tract 119.10; Polk County; Florida","1835","226",
"1400000US12105011911","Census Tract 119.11; Polk County; Florida","5612","451",
"1400000US12105011912","Census Tract 119.12; Polk County; Florida","2710","589",
"1400000US12105011913","Census Tract 119.13; Polk County; Florida","2416","396",
"1400000US12105012001","Census Tract 120.01; Polk County; Florida","5562","796",
"1400000US12105012002","Census Tract 120.02; Polk County; Florida","3190","431",
"1400000US12105012003","Census Tract 120.03; Polk County; Florida","6456","743",
"1400000US12105012004","Census Tract 120.04; Polk County; Florida","2858","871",
"1400000US12105012113","Census Tract 121.13; Polk County; Florida","6335","867",
"1400000US12105012124","Census Tract 121.24; Polk County; Florida","6811","897",
"1400000US12105012125","Census Tract 121.25; Polk County; Florida","3241","434",
"1400000US12105012126","Census Tract 121.26; Polk County; Florida","4914","746",
"1400000US12105012127","Census Tract 121.27; Polk County; Florida","9147","1031",
"1400000US12105012128","Census Tract 121.28; Polk County; Florida","5743","590",
"1400000US12105012130","Census Tract 121.30; Polk County; Florida","2396","271",
"1400000US12105012131","Census Tract 121.31; Polk County; Florida","3275","475",
"1400000US12105012132","Census Tract 121.32; Polk County; Florida","3264","819",
"1400000US12105012133","Census Tract 121.33; Polk County; Florida","5002","893",
"1400000US12105012203","Census Tract 122.03; Polk County; Florida","3568","782",
"1400000US12105012207","Census Tract 122.07; Polk County; Florida","3041","432",
"1400000US12105012208","Census Tract 122.08; Polk County; Florida","3245","771",
"1400000US12105012209","Census Tract 122.09; Polk County; Florida","6678","742",
"1400000US12105012303","Census Tract 123.03; Polk County; Florida","4424","612",
"1400000US12105012304","Census Tract 123.04; Polk County; Florida","5750","621",
"1400000US12105012305","Census Tract 123.05; Polk County; Florida","1979","798",
"1400000US12105012306","Census Tract 123.06; Polk County; Florida","1972","326",
"1400000US12105012307","Census Tract 123.07; Polk County; Florida","2866","450",
"1400000US12105012309","Census Tract 123.09; Polk County; Florida","2316","933",
"1400000US12105012404","Census Tract 124.04; Polk County; Florida","2134","291",
"1400000US12105012405","Census Tract 124.05; Polk County; Florida","13508","1429",
"1400000US12105012407","Census Tract 124.07; Polk County; Florida","1208","245",
"1400000US12105012408","Census Tract 124.08; Polk County; Florida","6997","1011",
"1400000US12105012409","Census Tract 124.09; Polk County; Florida","4016","400",
"1400000US12105012410","Census Tract 124.10; Polk County; Florida","3871","553",
"1400000US12105012411","Census Tract 124.11; Polk County; Florida","10056","1381",
"1400000US12105012412","Census Tract 124.12; Polk County; Florida","8246","1217",
"1400000US12105012413","Census Tract 124.13; Polk County; Florida","11079","1382",
"1400000US12105012414","Census Tract 124.14; Polk County; Florida","1439","374",
"1400000US12105012415","Census Tract 124.15; Polk County; Florida","3871","660",
"1400000US12105012502","Census Tract 125.02; Polk County; Florida","20375","1721",
"1400000US12105012506","Census Tract 125.06; Polk County; Florida","12783","1512",
"1400000US12105012508","Census Tract 125.08; Polk County; Florida","4350","593",
"1400000US12105012509","Census Tract 125.09; Polk County; Florida","2793","352",
"1400000US12105012510","Census Tract 125.10; Polk County; Florida","4291","1250",
"1400000US12105012511","Census Tract 125.11; Polk County; Florida","5150","1416",
"1400000US12105012512","Census Tract 125.12; Polk County; Florida","4923","659",
"1400000US12105012513","Census Tract 125.13; Polk County; Florida","5147","798",
"1400000US12105012514","Census Tract 125.14; Polk County; Florida","13218","1211",
"1400000US12105012515","Census Tract 125.15; Polk County; Florida","9125","1307",
"1400000US12105012601","Census Tract 126.01; Polk County; Florida","6197","837",
"1400000US12105012602","Census Tract 126.02; Polk County; Florida","6162","989",
"1400000US12105012701","Census Tract 127.01; Polk County; Florida","4101","655",
"1400000US12105012702","Census Tract 127.02; Polk County; Florida","4148","796",
"1400000US12105012802","Census Tract 128.02; Polk County; Florida","5782","638",
"1400000US12105012803","Census Tract 128.03; Polk County; Florida","4879","645",
"1400000US12105012804","Census Tract 128.04; Polk County; Florida","7224","1892",
"1400000US12105012900","Census Tract 129; Polk County; Florida","7412","452",
"1400000US12105013001","Census Tract 130.01; Polk County; Florida","4357","581",
"1400000US12105013002","Census Tract 130.02; Polk County; Florida","6126","1023",
"1400000US12105013101","Census Tract 131.01; Polk County; Florida","5019","554",
"1400000US12105013102","Census Tract 131.02; Polk County; Florida","4209","853",
"1400000US12105013103","Census Tract 131.03; Polk County; Florida","1422","389",
"1400000US12105013200","Census Tract 132; Polk County; Florida","2087","425",
"1400000US12105013300","Census Tract 133; Polk County; Florida","2520","394",
"1400000US12105013400","Census Tract 134; Polk County; Florida","6100","1195",
"1400000US12105013500","Census Tract 135; Polk County; Florida","3436","698",
"1400000US12105013601","Census Tract 136.01; Polk County; Florida","2701","992",
"1400000US12105013602","Census Tract 136.02; Polk County; Florida","4751","831",
"1400000US12105013701","Census Tract 137.01; Polk County; Florida","1976","706",
"1400000US12105013702","Census Tract 137.02; Polk County; Florida","6121","833",
"1400000US12105013801","Census Tract 138.01; Polk County; Florida","4377","924",
"1400000US12105013802","Census Tract 138.02; Polk County; Florida","6836","1017",
"1400000US12105013901","Census Tract 139.01; Polk County; Florida","2976","609",
"1400000US12105013902","Census Tract 139.02; Polk County; Florida","5766","853",
"1400000US12105014001","Census Tract 140.01; Polk County; Florida","6641","1119",
"1400000US12105014003","Census Tract 140.03; Polk County; Florida","3585","478",
"1400000US12105014005","Census Tract 140.05; Polk County; Florida","4017","471",
"1400000US12105014006","Census Tract 140.06; Polk County; Florida","3493","559",
"1400000US12105014104","Census Tract 141.04; Polk County; Florida","3697","611",
"1400000US12105014121","Census Tract 141.21; Polk County; Florida","4267","746",
"1400000US12105014123","Census Tract 141.23; Polk County; Florida","7500","778",
"1400000US12105014124","Census Tract 141.24; Polk County; Florida","2450","424",
"1400000US12105014126","Census Tract 141.26; Polk County; Florida","4684","818",
"1400000US12105014127","Census Tract 141.27; Polk County; Florida","9183","1703",
"1400000US12105014128","Census Tract 141.28; Polk County; Florida","7151","1429",
"1400000US12105014129","Census Tract 141.29; Polk County; Florida","3479","578",
"1400000US12105014130","Census Tract 141.30; Polk County; Florida","3666","495",
"1400000US12105014131","Census Tract 141.31; Polk County; Florida","2985","599",
"1400000US12105014201","Census Tract 142.01; Polk County; Florida","5560","808",
"1400000US12105014202","Census Tract 142.02; Polk County; Florida","3456","658",
"1400000US12105014203","Census Tract 142.03; Polk County; Florida","3003","472",
"1400000US12105014301","Census Tract 143.01; Polk County; Florida","1885","461",
"1400000US12105014303","Census Tract 143.03; Polk County; Florida","3732","827",
"1400000US12105014304","Census Tract 143.04; Polk County; Florida","2646","524",
"1400000US12105014401","Census Tract 144.01; Polk County; Florida","8698","935",
"1400000US12105014402","Census Tract 144.02; Polk County; Florida","955","356",
"1400000US12105014501","Census Tract 145.01; Polk County; Florida","11380","1241",
"1400000US12105014502","Census Tract 145.02; Polk County; Florida","2792","783",
"1400000US12105014600","Census Tract 146; Polk County; Florida","5208","698",
"1400000US12105014701","Census Tract 147.01; Polk County; Florida","6375","1430",
"1400000US12105014703","Census Tract 147.03; Polk County; Florida","4361","431",
"1400000US12105014704","Census Tract 147.04; Polk County; Florida","6858","1450",
"1400000US12105014802","Census Tract 148.02; Polk County; Florida","2744","608",
"1400000US12105014803","Census Tract 148.03; Polk County; Florida","4547","559",
"1400000US12105014804","Census Tract 148.04; Polk County; Florida","11433","1164",
"1400000US12105014903","Census Tract 149.03; Polk County; Florida","2532","411",
"1400000US12105014904","Census Tract 149.04; Polk County; Florida","5390","1004",
"1400000US12105014905","Census Tract 149.05; Polk County; Florida","2386","417",
"1400000US12105014906","Census Tract 149.06; Polk County; Florida","7697","1384",
"1400000US12105015000","Census Tract 150; Polk County; Florida","6031","771",
"1400000US12105015101","Census Tract 151.01; Polk County; Florida","4236","792",
"1400000US12105015102","Census Tract 151.02; Polk County; Florida","2610","283",
"1400000US12105015200","Census Tract 152; Polk County; Florida","4725","551",
"1400000US12105015301","Census Tract 153.01; Polk County; Florida","5234","884",
"1400000US12105015302","Census Tract 153.02; Polk County; Florida","3028","576",
"1400000US12105015401","Census Tract 154.01; Polk County; Florida","3052","571",
"1400000US12105015402","Census Tract 154.02; Polk County; Florida","2741","375",
"1400000US12105015404","Census Tract 154.04; Polk County; Florida","1149","424",
"1400000US12105015405","Census Tract 154.05; Polk County; Florida","3374","486",
"1400000US12105015500","Census Tract 155; Polk County; Florida","4701","583",
"1400000US12105015600","Census Tract 156; Polk County; Florida","3397","481",
"1400000US12105015701","Census Tract 157.01; Polk County; Florida","2948","652",
"1400000US12105015702","Census Tract 157.02; Polk County; Florida","3768","487",
"1400000US12105015801","Census Tract 158.01; Polk County; Florida","2446","430",
"1400000US12105015802","Census Tract 158.02; Polk County; Florida","2564","610",
"1400000US12105015900","Census Tract 159; Polk County; Florida","2257","339",
"1400000US12105016001","Census Tract 160.01; Polk County; Florida","2078","234",
"1400000US12105016002","Census Tract 160.02; Polk County; Florida","1687","299",
"1400000US12105016003","Census Tract 160.03; Polk County; Florida","2899","873",
"1400000US12105016100","Census Tract 161; Polk County; Florida","1079","293",
"1400000US12105016400","Census Tract 164; Polk County; Florida","2449","391",
"1400000US12105980000","Census Tract 9800; Polk County; Florida","0","15",
"1400000US12107950100","Census Tract 9501; Putnam County; Florida","4202","680",
"1400000US12107950201","Census Tract 9502.01; Putnam County; Florida","5905","667",
"1400000US12107950202","Census Tract 9502.02; Putnam County; Florida","3440","554",
"1400000US12107950300","Census Tract 9503; Putnam County; Florida","7226","956",
"1400000US12107950400","Census Tract 9504; Putnam County; Florida","3193","515",
"1400000US12107950500","Census Tract 9505; Putnam County; Florida","6523","713",
"1400000US12107950600","Census Tract 9506; Putnam County; Florida","6172","831",
"1400000US12107950700","Census Tract 9507; Putnam County; Florida","4035","634",
"1400000US12107950800","Census Tract 9508; Putnam County; Florida","2882","434",
"1400000US12107950900","Census Tract 9509; Putnam County; Florida","6142","791",
"1400000US12107951000","Census Tract 9510; Putnam County; Florida","4336","500",
"1400000US12107951100","Census Tract 9511; Putnam County; Florida","4157","606",
"1400000US12107951200","Census Tract 9512; Putnam County; Florida","5531","771",
"1400000US12107951300","Census Tract 9513; Putnam County; Florida","3849","544",
"1400000US12107951401","Census Tract 9514.01; Putnam County; Florida","3277","432",
"1400000US12107951402","Census Tract 9514.02; Putnam County; Florida","4294","730",
"1400000US12107980000","Census Tract 9800; Putnam County; Florida","0","15",
"1400000US12109020200","Census Tract 202; St. Johns County; Florida","2660","480",
"1400000US12109020300","Census Tract 203; St. Johns County; Florida","3333","536",
"1400000US12109020400","Census Tract 204; St. Johns County; Florida","3486","964",
"1400000US12109020500","Census Tract 205; St. Johns County; Florida","4191","685",
"1400000US12109020603","Census Tract 206.03; St. Johns County; Florida","1843","234",
"1400000US12109020604","Census Tract 206.04; St. Johns County; Florida","2851","283",
"1400000US12109020605","Census Tract 206.05; St. Johns County; Florida","21048","1515",
"1400000US12109020606","Census Tract 206.06; St. Johns County; Florida","12307","1275",
"1400000US12109020704","Census Tract 207.04; St. Johns County; Florida","3371","256",
"1400000US12109020705","Census Tract 207.05; St. Johns County; Florida","5856","842",
"1400000US12109020706","Census Tract 207.06; St. Johns County; Florida","3357","702",
"1400000US12109020707","Census Tract 207.07; St. Johns County; Florida","4538","639",
"1400000US12109020708","Census Tract 207.08; St. Johns County; Florida","9090","1474",
"1400000US12109020710","Census Tract 207.10; St. Johns County; Florida","2409","312",
"1400000US12109020712","Census Tract 207.12; St. Johns County; Florida","2580","496",
"1400000US12109020713","Census Tract 207.13; St. Johns County; Florida","2349","242",
"1400000US12109020801","Census Tract 208.01; St. Johns County; Florida","9057","823",
"1400000US12109020802","Census Tract 208.02; St. Johns County; Florida","4223","538",
"1400000US12109020803","Census Tract 208.03; St. Johns County; Florida","5814","1447",
"1400000US12109020804","Census Tract 208.04; St. Johns County; Florida","6418","1013",
"1400000US12109020807","Census Tract 208.07; St. Johns County; Florida","7857","599",
"1400000US12109020808","Census Tract 208.08; St. Johns County; Florida","13529","1781",
"1400000US12109020809","Census Tract 208.09; St. Johns County; Florida","9845","2480",
"1400000US12109020810","Census Tract 208.10; St. Johns County; Florida","9599","1221",
"1400000US12109020811","Census Tract 208.11; St. Johns County; Florida","3154","265",
"1400000US12109020903","Census Tract 209.03; St. Johns County; Florida","4530","678",
"1400000US12109020904","Census Tract 209.04; St. Johns County; Florida","16117","1240",
"1400000US12109020905","Census Tract 209.05; St. Johns County; Florida","11858","1430",
"1400000US12109020906","Census Tract 209.06; St. Johns County; Florida","12616","1171",
"1400000US12109020907","Census Tract 209.07; St. Johns County; Florida","12713","1365",
"1400000US12109020908","Census Tract 209.08; St. Johns County; Florida","12362","1034",
"1400000US12109021002","Census Tract 210.02; St. Johns County; Florida","5843","1062",
"1400000US12109021003","Census Tract 210.03; St. Johns County; Florida","6246","708",
"1400000US12109021004","Census Tract 210.04; St. Johns County; Florida","3413","484",
"1400000US12109021101","Census Tract 211.01; St. Johns County; Florida","5939","1044",
"1400000US12109021102","Census Tract 211.02; St. Johns County; Florida","4665","788",
"1400000US12109021103","Census Tract 211.03; St. Johns County; Florida","3182","478",
"1400000US12109021207","Census Tract 212.07; St. Johns County; Florida","4970","400",
"1400000US12109021208","Census Tract 212.08; St. Johns County; Florida","5251","588",
"1400000US12109021209","Census Tract 212.09; St. Johns County; Florida","3023","737",
"1400000US12109021210","Census Tract 212.10; St. Johns County; Florida","4512","486",
"1400000US12109021211","Census Tract 212.11; St. Johns County; Florida","4167","1519",
"1400000US12109021301","Census Tract 213.01; St. Johns County; Florida","9368","1130",
"1400000US12109021302","Census Tract 213.02; St. Johns County; Florida","4925","527",
"1400000US12109021403","Census Tract 214.03; St. Johns County; Florida","1932","394",
"1400000US12109021404","Census Tract 214.04; St. Johns County; Florida","2636","320",
"1400000US12109021408","Census Tract 214.08; St. Johns County; Florida","6313","762",
"1400000US12109021409","Census Tract 214.09; St. Johns County; Florida","3039","430",
"1400000US12109021410","Census Tract 214.10; St. Johns County; Florida","2549","395",
"1400000US12109990100","Census Tract 9901; St. Johns County; Florida","0","15",
"1400000US12109990200","Census Tract 9902; St. Johns County; Florida","0","15",
"1400000US12111380100","Census Tract 3801; St. Lucie County; Florida","935","188",
"1400000US12111380200","Census Tract 3802; St. Lucie County; Florida","3632","1008",
"1400000US12111380300","Census Tract 3803; St. Lucie County; Florida","5461","1033",
"1400000US12111380400","Census Tract 3804; St. Lucie County; Florida","6971","1166",
"1400000US12111380500","Census Tract 3805; St. Lucie County; Florida","6962","1633",
"1400000US12111380600","Census Tract 3806; St. Lucie County; Florida","4173","711",
"1400000US12111380700","Census Tract 3807; St. Lucie County; Florida","9931","1397",
"1400000US12111380800","Census Tract 3808; St. Lucie County; Florida","3421","255",
"1400000US12111380901","Census Tract 3809.01; St. Lucie County; Florida","2976","758",
"1400000US12111380902","Census Tract 3809.02; St. Lucie County; Florida","5144","920",
"1400000US12111381000","Census Tract 3810; St. Lucie County; Florida","1797","213",
"1400000US12111381103","Census Tract 3811.03; St. Lucie County; Florida","3482","484",
"1400000US12111381104","Census Tract 3811.04; St. Lucie County; Florida","2257","391",
"1400000US12111381105","Census Tract 3811.05; St. Lucie County; Florida","3022","365",
"1400000US12111381106","Census Tract 3811.06; St. Lucie County; Florida","2828","918",
"1400000US12111381107","Census Tract 3811.07; St. Lucie County; Florida","2577","291",
"1400000US12111381204","Census Tract 3812.04; St. Lucie County; Florida","3436","644",
"1400000US12111381300","Census Tract 3813; St. Lucie County; Florida","4034","678",
"1400000US12111381401","Census Tract 3814.01; St. Lucie County; Florida","4873","852",
"1400000US12111381402","Census Tract 3814.02; St. Lucie County; Florida","8621","1261",
"1400000US12111381504","Census Tract 3815.04; St. Lucie County; Florida","3977","427",
"1400000US12111381505","Census Tract 3815.05; St. Lucie County; Florida","8850","1165",
"1400000US12111381506","Census Tract 3815.06; St. Lucie County; Florida","4447","814",
"1400000US12111381507","Census Tract 3815.07; St. Lucie County; Florida","6243","1527",
"1400000US12111381508","Census Tract 3815.08; St. Lucie County; Florida","3556","369",
"1400000US12111381602","Census Tract 3816.02; St. Lucie County; Florida","4086","866",
"1400000US12111381603","Census Tract 3816.03; St. Lucie County; Florida","5332","631",
"1400000US12111381604","Census Tract 3816.04; St. Lucie County; Florida","1674","227",
"1400000US12111381605","Census Tract 3816.05; St. Lucie County; Florida","5692","1106",
"1400000US12111381701","Census Tract 3817.01; St. Lucie County; Florida","2139","303",
"1400000US12111381702","Census Tract 3817.02; St. Lucie County; Florida","2036","509",
"1400000US12111381802","Census Tract 3818.02; St. Lucie County; Florida","4625","599",
"1400000US12111381803","Census Tract 3818.03; St. Lucie County; Florida","6674","810",
"1400000US12111381804","Census Tract 3818.04; St. Lucie County; Florida","7048","1175",
"1400000US12111381900","Census Tract 3819; St. Lucie County; Florida","6444","585",
"1400000US12111382007","Census Tract 3820.07; St. Lucie County; Florida","5889","797",
"1400000US12111382008","Census Tract 3820.08; St. Lucie County; Florida","9325","1059",
"1400000US12111382009","Census Tract 3820.09; St. Lucie County; Florida","5663","1130",
"1400000US12111382010","Census Tract 3820.10; St. Lucie County; Florida","1694","371",
"1400000US12111382011","Census Tract 3820.11; St. Lucie County; Florida","2927","395",
"1400000US12111382012","Census Tract 3820.12; St. Lucie County; Florida","5964","766",
"1400000US12111382013","Census Tract 3820.13; St. Lucie County; Florida","3350","383",
"1400000US12111382014","Census Tract 3820.14; St. Lucie County; Florida","8279","1088",
"1400000US12111382015","Census Tract 3820.15; St. Lucie County; Florida","5296","1251",
"1400000US12111382016","Census Tract 3820.16; St. Lucie County; Florida","7091","738",
"1400000US12111382110","Census Tract 3821.10; St. Lucie County; Florida","7484","697",
"1400000US12111382112","Census Tract 3821.12; St. Lucie County; Florida","14870","2335",
"1400000US12111382114","Census Tract 3821.14; St. Lucie County; Florida","6837","806",
"1400000US12111382115","Census Tract 3821.15; St. Lucie County; Florida","9037","1712",
"1400000US12111382116","Census Tract 3821.16; St. Lucie County; Florida","6632","812",
"1400000US12111382117","Census Tract 3821.17; St. Lucie County; Florida","8066","652",
"1400000US12111382118","Census Tract 3821.18; St. Lucie County; Florida","5311","985",
"1400000US12111382119","Census Tract 3821.19; St. Lucie County; Florida","9275","1144",
"1400000US12111382120","Census Tract 3821.20; St. Lucie County; Florida","3499","508",
"1400000US12111382121","Census Tract 3821.21; St. Lucie County; Florida","4250","968",
"1400000US12111382122","Census Tract 3821.22; St. Lucie County; Florida","5813","1528",
"1400000US12111382123","Census Tract 3821.23; St. Lucie County; Florida","4722","1039",
"1400000US12111382124","Census Tract 3821.24; St. Lucie County; Florida","3070","414",
"1400000US12111382125","Census Tract 3821.25; St. Lucie County; Florida","4121","884",
"1400000US12111382126","Census Tract 3821.26; St. Lucie County; Florida","19359","2071",
"1400000US12111382127","Census Tract 3821.27; St. Lucie County; Florida","5240","763",
"1400000US12111382128","Census Tract 3821.28; St. Lucie County; Florida","5286","989",
"1400000US12111382129","Census Tract 3821.29; St. Lucie County; Florida","9206","1181",
"1400000US12111382130","Census Tract 3821.30; St. Lucie County; Florida","4871","757",
"1400000US12111382201","Census Tract 3822.01; St. Lucie County; Florida","3820","431",
"1400000US12111382202","Census Tract 3822.02; St. Lucie County; Florida","4897","592",
"1400000US12111980000","Census Tract 9800; St. Lucie County; Florida","0","15",
"1400000US12111990000","Census Tract 9900; St. Lucie County; Florida","0","15",
"1400000US12113010100","Census Tract 101; Santa Rosa County; Florida","3647","531",
"1400000US12113010200","Census Tract 102; Santa Rosa County; Florida","4879","700",
"1400000US12113010301","Census Tract 103.01; Santa Rosa County; Florida","7538","759",
"1400000US12113010302","Census Tract 103.02; Santa Rosa County; Florida","5421","613",
"1400000US12113010303","Census Tract 103.03; Santa Rosa County; Florida","5699","1112",
"1400000US12113010400","Census Tract 104; Santa Rosa County; Florida","2851","488",
"1400000US12113010503","Census Tract 105.03; Santa Rosa County; Florida","7137","1012",
"1400000US12113010504","Census Tract 105.04; Santa Rosa County; Florida","6895","700",
"1400000US12113010505","Census Tract 105.05; Santa Rosa County; Florida","4789","738",
"1400000US12113010506","Census Tract 105.06; Santa Rosa County; Florida","5094","628",
"1400000US12113010601","Census Tract 106.01; Santa Rosa County; Florida","4981","829",
"1400000US12113010602","Census Tract 106.02; Santa Rosa County; Florida","1692","454",
"1400000US12113010704","Census Tract 107.04; Santa Rosa County; Florida","7903","1009",
"1400000US12113010705","Census Tract 107.05; Santa Rosa County; Florida","3950","536",
"1400000US12113010707","Census Tract 107.07; Santa Rosa County; Florida","4221","476",
"1400000US12113010708","Census Tract 107.08; Santa Rosa County; Florida","6850","916",
"1400000US12113010709","Census Tract 107.09; Santa Rosa County; Florida","5944","750",
"1400000US12113010710","Census Tract 107.10; Santa Rosa County; Florida","2317","299",
"1400000US12113010711","Census Tract 107.11; Santa Rosa County; Florida","4700","590",
"1400000US12113010712","Census Tract 107.12; Santa Rosa County; Florida","5197","1068",
"1400000US12113010802","Census Tract 108.02; Santa Rosa County; Florida","5440","609",
"1400000US12113010808","Census Tract 108.08; Santa Rosa County; Florida","9638","611",
"1400000US12113010809","Census Tract 108.09; Santa Rosa County; Florida","6222","1266",
"1400000US12113010812","Census Tract 108.12; Santa Rosa County; Florida","5053","748",
"1400000US12113010813","Census Tract 108.13; Santa Rosa County; Florida","6254","1042",
"1400000US12113010814","Census Tract 108.14; Santa Rosa County; Florida","6422","892",
"1400000US12113010820","Census Tract 108.20; Santa Rosa County; Florida","7692","1983",
"1400000US12113010821","Census Tract 108.21; Santa Rosa County; Florida","5409","580",
"1400000US12113010822","Census Tract 108.22; Santa Rosa County; Florida","5581","884",
"1400000US12113010823","Census Tract 108.23; Santa Rosa County; Florida","5928","1002",
"1400000US12113010824","Census Tract 108.24; Santa Rosa County; Florida","6047","1190",
"1400000US12113010825","Census Tract 108.25; Santa Rosa County; Florida","3030","689",
"1400000US12113010826","Census Tract 108.26; Santa Rosa County; Florida","3021","450",
"1400000US12113010827","Census Tract 108.27; Santa Rosa County; Florida","8326","898",
"1400000US12113010828","Census Tract 108.28; Santa Rosa County; Florida","6044","1427",
"1400000US12113010900","Census Tract 109; Santa Rosa County; Florida","6660","17",
"1400000US12113990000","Census Tract 9900; Santa Rosa County; Florida","0","15",
"1400000US12115000102","Census Tract 1.02; Sarasota County; Florida","4611","424",
"1400000US12115000103","Census Tract 1.03; Sarasota County; Florida","4382","634",
"1400000US12115000104","Census Tract 1.04; Sarasota County; Florida","1539","242",
"1400000US12115000200","Census Tract 2; Sarasota County; Florida","5402","456",
"1400000US12115000300","Census Tract 3; Sarasota County; Florida","4450","539",
"1400000US12115000401","Census Tract 4.01; Sarasota County; Florida","4193","550",
"1400000US12115000404","Census Tract 4.04; Sarasota County; Florida","1185","120",
"1400000US12115000405","Census Tract 4.05; Sarasota County; Florida","2863","446",
"1400000US12115000406","Census Tract 4.06; Sarasota County; Florida","3148","342",
"1400000US12115000407","Census Tract 4.07; Sarasota County; Florida","5015","782",
"1400000US12115000501","Census Tract 5.01; Sarasota County; Florida","1706","235",
"1400000US12115000502","Census Tract 5.02; Sarasota County; Florida","3420","465",
"1400000US12115000503","Census Tract 5.03; Sarasota County; Florida","3220","500",
"1400000US12115000601","Census Tract 6.01; Sarasota County; Florida","2191","289",
"1400000US12115000602","Census Tract 6.02; Sarasota County; Florida","3283","305",
"1400000US12115000700","Census Tract 7; Sarasota County; Florida","3383","616",
"1400000US12115000801","Census Tract 8.01; Sarasota County; Florida","1919","239",
"1400000US12115000802","Census Tract 8.02; Sarasota County; Florida","2870","239",
"1400000US12115000900","Census Tract 9; Sarasota County; Florida","2418","369",
"1400000US12115001000","Census Tract 10; Sarasota County; Florida","3737","496",
"1400000US12115001101","Census Tract 11.01; Sarasota County; Florida","4274","800",
"1400000US12115001102","Census Tract 11.02; Sarasota County; Florida","6238","985",
"1400000US12115001202","Census Tract 12.02; Sarasota County; Florida","4197","509",
"1400000US12115001203","Census Tract 12.03; Sarasota County; Florida","4630","437",
"1400000US12115001204","Census Tract 12.04; Sarasota County; Florida","5078","605",
"1400000US12115001205","Census Tract 12.05; Sarasota County; Florida","3972","697",
"1400000US12115001206","Census Tract 12.06; Sarasota County; Florida","3396","489",
"1400000US12115001301","Census Tract 13.01; Sarasota County; Florida","3858","450",
"1400000US12115001302","Census Tract 13.02; Sarasota County; Florida","3842","492",
"1400000US12115001303","Census Tract 13.03; Sarasota County; Florida","3501","409",
"1400000US12115001304","Census Tract 13.04; Sarasota County; Florida","2035","367",
"1400000US12115001402","Census Tract 14.02; Sarasota County; Florida","4622","676",
"1400000US12115001403","Census Tract 14.03; Sarasota County; Florida","7639","1129",
"1400000US12115001404","Census Tract 14.04; Sarasota County; Florida","5281","918",
"1400000US12115001405","Census Tract 14.05; Sarasota County; Florida","5363","557",
"1400000US12115001503","Census Tract 15.03; Sarasota County; Florida","3545","727",
"1400000US12115001504","Census Tract 15.04; Sarasota County; Florida","2998","396",
"1400000US12115001505","Census Tract 15.05; Sarasota County; Florida","4284","650",
"1400000US12115001508","Census Tract 15.08; Sarasota County; Florida","2481","488",
"1400000US12115001509","Census Tract 15.09; Sarasota County; Florida","3261","290",
"1400000US12115001510","Census Tract 15.10; Sarasota County; Florida","4859","547",
"1400000US12115001511","Census Tract 15.11; Sarasota County; Florida","3378","710",
"1400000US12115001601","Census Tract 16.01; Sarasota County; Florida","3620","455",
"1400000US12115001602","Census Tract 16.02; Sarasota County; Florida","3909","535",
"1400000US12115001702","Census Tract 17.02; Sarasota County; Florida","5617","622",
"1400000US12115001703","Census Tract 17.03; Sarasota County; Florida","3624","469",
"1400000US12115001704","Census Tract 17.04; Sarasota County; Florida","3359","455",
"1400000US12115001801","Census Tract 18.01; Sarasota County; Florida","3648","465",
"1400000US12115001803","Census Tract 18.03; Sarasota County; Florida","2944","394",
"1400000US12115001804","Census Tract 18.04; Sarasota County; Florida","2499","395",
"1400000US12115001805","Census Tract 18.05; Sarasota County; Florida","2148","538",
"1400000US12115001903","Census Tract 19.03; Sarasota County; Florida","1670","334",
"1400000US12115001904","Census Tract 19.04; Sarasota County; Florida","2515","353",
"1400000US12115001905","Census Tract 19.05; Sarasota County; Florida","1380","244",
"1400000US12115001909","Census Tract 19.09; Sarasota County; Florida","1964","378",
"1400000US12115002003","Census Tract 20.03; Sarasota County; Florida","5259","1088",
"1400000US12115002004","Census Tract 20.04; Sarasota County; Florida","4660","780",
"1400000US12115002007","Census Tract 20.07; Sarasota County; Florida","2232","264",
"1400000US12115002008","Census Tract 20.08; Sarasota County; Florida","2737","521",
"1400000US12115002011","Census Tract 20.11; Sarasota County; Florida","738","141",
"1400000US12115002012","Census Tract 20.12; Sarasota County; Florida","3828","747",
"1400000US12115002013","Census Tract 20.13; Sarasota County; Florida","4088","766",
"1400000US12115002014","Census Tract 20.14; Sarasota County; Florida","7611","876",
"1400000US12115002015","Census Tract 20.15; Sarasota County; Florida","2383","358",
"1400000US12115002016","Census Tract 20.16; Sarasota County; Florida","4694","525",
"1400000US12115002101","Census Tract 21.01; Sarasota County; Florida","3022","331",
"1400000US12115002102","Census Tract 21.02; Sarasota County; Florida","2980","339",
"1400000US12115002201","Census Tract 22.01; Sarasota County; Florida","3394","290",
"1400000US12115002203","Census Tract 22.03; Sarasota County; Florida","3624","649",
"1400000US12115002204","Census Tract 22.04; Sarasota County; Florida","2419","556",
"1400000US12115002205","Census Tract 22.05; Sarasota County; Florida","2134","402",
"1400000US12115002302","Census Tract 23.02; Sarasota County; Florida","4011","493",
"1400000US12115002304","Census Tract 23.04; Sarasota County; Florida","2543","304",
"1400000US12115002305","Census Tract 23.05; Sarasota County; Florida","1821","259",
"1400000US12115002306","Census Tract 23.06; Sarasota County; Florida","3274","536",
"1400000US12115002307","Census Tract 23.07; Sarasota County; Florida","1656","217",
"1400000US12115002401","Census Tract 24.01; Sarasota County; Florida","3177","426",
"1400000US12115002403","Census Tract 24.03; Sarasota County; Florida","1397","221",
"1400000US12115002404","Census Tract 24.04; Sarasota County; Florida","2207","371",
"1400000US12115002504","Census Tract 25.04; Sarasota County; Florida","2935","412",
"1400000US12115002505","Census Tract 25.05; Sarasota County; Florida","2278","262",
"1400000US12115002507","Census Tract 25.07; Sarasota County; Florida","5701","791",
"1400000US12115002508","Census Tract 25.08; Sarasota County; Florida","3086","545",
"1400000US12115002509","Census Tract 25.09; Sarasota County; Florida","6225","1498",
"1400000US12115002510","Census Tract 25.10; Sarasota County; Florida","3281","318",
"1400000US12115002511","Census Tract 25.11; Sarasota County; Florida","2655","362",
"1400000US12115002601","Census Tract 26.01; Sarasota County; Florida","2561","251",
"1400000US12115002602","Census Tract 26.02; Sarasota County; Florida","2564","276",
"1400000US12115002603","Census Tract 26.03; Sarasota County; Florida","1792","283",
"1400000US12115002604","Census Tract 26.04; Sarasota County; Florida","3009","537",
"1400000US12115002605","Census Tract 26.05; Sarasota County; Florida","2328","298",
"1400000US12115002710","Census Tract 27.10; Sarasota County; Florida","2337","359",
"1400000US12115002714","Census Tract 27.14; Sarasota County; Florida","6001","766",
"1400000US12115002716","Census Tract 27.16; Sarasota County; Florida","8191","600",
"1400000US12115002720","Census Tract 27.20; Sarasota County; Florida","3071","416",
"1400000US12115002721","Census Tract 27.21; Sarasota County; Florida","4385","802",
"1400000US12115002723","Census Tract 27.23; Sarasota County; Florida","2608","376",
"1400000US12115002724","Census Tract 27.24; Sarasota County; Florida","2143","388",
"1400000US12115002725","Census Tract 27.25; Sarasota County; Florida","9406","1144",
"1400000US12115002726","Census Tract 27.26; Sarasota County; Florida","6432","611",
"1400000US12115002727","Census Tract 27.27; Sarasota County; Florida","2662","636",
"1400000US12115002728","Census Tract 27.28; Sarasota County; Florida","2911","703",
"1400000US12115002729","Census Tract 27.29; Sarasota County; Florida","1703","307",
"1400000US12115002730","Census Tract 27.30; Sarasota County; Florida","2735","224",
"1400000US12115002731","Census Tract 27.31; Sarasota County; Florida","5068","1007",
"1400000US12115002732","Census Tract 27.32; Sarasota County; Florida","4418","581",
"1400000US12115002733","Census Tract 27.33; Sarasota County; Florida","4431","430",
"1400000US12115002734","Census Tract 27.34; Sarasota County; Florida","9902","1359",
"1400000US12115002735","Census Tract 27.35; Sarasota County; Florida","1983","263",
"1400000US12115002736","Census Tract 27.36; Sarasota County; Florida","4071","480",
"1400000US12115002737","Census Tract 27.37; Sarasota County; Florida","6461","1180",
"1400000US12115002738","Census Tract 27.38; Sarasota County; Florida","5514","632",
"1400000US12115002739","Census Tract 27.39; Sarasota County; Florida","4092","909",
"1400000US12115002740","Census Tract 27.40; Sarasota County; Florida","5278","731",
"1400000US12115002741","Census Tract 27.41; Sarasota County; Florida","5228","965",
"1400000US12115002742","Census Tract 27.42; Sarasota County; Florida","7950","1522",
"1400000US12115002743","Census Tract 27.43; Sarasota County; Florida","4574","765",
"1400000US12115002744","Census Tract 27.44; Sarasota County; Florida","3990","412",
"1400000US12115002745","Census Tract 27.45; Sarasota County; Florida","6412","778",
"1400000US12115002746","Census Tract 27.46; Sarasota County; Florida","7895","1242",
"1400000US12115002747","Census Tract 27.47; Sarasota County; Florida","2386","213",
"1400000US12115002748","Census Tract 27.48; Sarasota County; Florida","4441","1314",
"1400000US12115990000","Census Tract 9900; Sarasota County; Florida","0","15",
"1400000US12117020101","Census Tract 201.01; Seminole County; Florida","1283","289",
"1400000US12117020102","Census Tract 201.02; Seminole County; Florida","1169","181",
"1400000US12117020201","Census Tract 202.01; Seminole County; Florida","2675","405",
"1400000US12117020202","Census Tract 202.02; Seminole County; Florida","4678","720",
"1400000US12117020301","Census Tract 203.01; Seminole County; Florida","2520","511",
"1400000US12117020302","Census Tract 203.02; Seminole County; Florida","1877","322",
"1400000US12117020401","Census Tract 204.01; Seminole County; Florida","1533","506",
"1400000US12117020402","Census Tract 204.02; Seminole County; Florida","3244","909",
"1400000US12117020500","Census Tract 205; Seminole County; Florida","3183","564",
"1400000US12117020601","Census Tract 206.01; Seminole County; Florida","10308","1428",
"1400000US12117020602","Census Tract 206.02; Seminole County; Florida","6626","1086",
"1400000US12117020703","Census Tract 207.03; Seminole County; Florida","6072","435",
"1400000US12117020704","Census Tract 207.04; Seminole County; Florida","7697","590",
"1400000US12117020705","Census Tract 207.05; Seminole County; Florida","2966","424",
"1400000US12117020706","Census Tract 207.06; Seminole County; Florida","9045","1148",
"1400000US12117020707","Census Tract 207.07; Seminole County; Florida","10395","1708",
"1400000US12117020803","Census Tract 208.03; Seminole County; Florida","6717","693",
"1400000US12117020805","Census Tract 208.05; Seminole County; Florida","8477","637",
"1400000US12117020806","Census Tract 208.06; Seminole County; Florida","6203","1068",
"1400000US12117020807","Census Tract 208.07; Seminole County; Florida","7198","766",
"1400000US12117020808","Census Tract 208.08; Seminole County; Florida","3903","384",
"1400000US12117020810","Census Tract 208.10; Seminole County; Florida","3462","418",
"1400000US12117020811","Census Tract 208.11; Seminole County; Florida","6886","992",
"1400000US12117020812","Census Tract 208.12; Seminole County; Florida","4868","730",
"1400000US12117020901","Census Tract 209.01; Seminole County; Florida","4833","766",
"1400000US12117020902","Census Tract 209.02; Seminole County; Florida","2566","566",
"1400000US12117020904","Census Tract 209.04; Seminole County; Florida","5432","681",
"1400000US12117020905","Census Tract 209.05; Seminole County; Florida","4949","718",
"1400000US12117021000","Census Tract 210; Seminole County; Florida","6659","714",
"1400000US12117021100","Census Tract 211; Seminole County; Florida","5954","807",
"1400000US12117021201","Census Tract 212.01; Seminole County; Florida","6463","860",
"1400000US12117021203","Census Tract 212.03; Seminole County; Florida","6149","655",
"1400000US12117021205","Census Tract 212.05; Seminole County; Florida","4410","645",
"1400000US12117021206","Census Tract 212.06; Seminole County; Florida","5662","620",
"1400000US12117021306","Census Tract 213.06; Seminole County; Florida","9470","931",
"1400000US12117021307","Census Tract 213.07; Seminole County; Florida","7103","1523",
"1400000US12117021311","Census Tract 213.11; Seminole County; Florida","6019","662",
"1400000US12117021312","Census Tract 213.12; Seminole County; Florida","5316","948",
"1400000US12117021313","Census Tract 213.13; Seminole County; Florida","8655","1449",
"1400000US12117021314","Census Tract 213.14; Seminole County; Florida","5095","619",
"1400000US12117021315","Census Tract 213.15; Seminole County; Florida","7660","1112",
"1400000US12117021316","Census Tract 213.16; Seminole County; Florida","5228","552",
"1400000US12117021317","Census Tract 213.17; Seminole County; Florida","8284","791",
"1400000US12117021318","Census Tract 213.18; Seminole County; Florida","8129","920",
"1400000US12117021319","Census Tract 213.19; Seminole County; Florida","1520","197",
"1400000US12117021320","Census Tract 213.20; Seminole County; Florida","7440","1006",
"1400000US12117021321","Census Tract 213.21; Seminole County; Florida","2689","285",
"1400000US12117021401","Census Tract 214.01; Seminole County; Florida","8866","873",
"1400000US12117021403","Census Tract 214.03; Seminole County; Florida","8308","694",
"1400000US12117021404","Census Tract 214.04; Seminole County; Florida","9714","1154",
"1400000US12117021504","Census Tract 215.04; Seminole County; Florida","3380","436",
"1400000US12117021505","Census Tract 215.05; Seminole County; Florida","4869","588",
"1400000US12117021506","Census Tract 215.06; Seminole County; Florida","4200","490",
"1400000US12117021507","Census Tract 215.07; Seminole County; Florida","7807","670",
"1400000US12117021604","Census Tract 216.04; Seminole County; Florida","4353","530",
"1400000US12117021606","Census Tract 216.06; Seminole County; Florida","7061","925",
"1400000US12117021608","Census Tract 216.08; Seminole County; Florida","6614","1023",
"1400000US12117021609","Census Tract 216.09; Seminole County; Florida","3125","600",
"1400000US12117021611","Census Tract 216.11; Seminole County; Florida","4430","345",
"1400000US12117021612","Census Tract 216.12; Seminole County; Florida","5228","1010",
"1400000US12117021613","Census Tract 216.13; Seminole County; Florida","4096","651",
"1400000US12117021614","Census Tract 216.14; Seminole County; Florida","4766","897",
"1400000US12117021617","Census Tract 216.17; Seminole County; Florida","6779","818",
"1400000US12117021704","Census Tract 217.04; Seminole County; Florida","5107","592",
"1400000US12117021705","Census Tract 217.05; Seminole County; Florida","6122","887",
"1400000US12117021706","Census Tract 217.06; Seminole County; Florida","3743","494",
"1400000US12117021707","Census Tract 217.07; Seminole County; Florida","6538","913",
"1400000US12117021708","Census Tract 217.08; Seminole County; Florida","6441","685",
"1400000US12117021802","Census Tract 218.02; Seminole County; Florida","4636","872",
"1400000US12117021803","Census Tract 218.03; Seminole County; Florida","4128","958",
"1400000US12117021805","Census Tract 218.05; Seminole County; Florida","1683","309",
"1400000US12117021806","Census Tract 218.06; Seminole County; Florida","5875","898",
"1400000US12117021901","Census Tract 219.01; Seminole County; Florida","5565","716",
"1400000US12117021902","Census Tract 219.02; Seminole County; Florida","4572","707",
"1400000US12117022001","Census Tract 220.01; Seminole County; Florida","2751","432",
"1400000US12117022002","Census Tract 220.02; Seminole County; Florida","5305","652",
"1400000US12117022004","Census Tract 220.04; Seminole County; Florida","2204","191",
"1400000US12117022006","Census Tract 220.06; Seminole County; Florida","3386","479",
"1400000US12117022007","Census Tract 220.07; Seminole County; Florida","3722","698",
"1400000US12117022101","Census Tract 221.01; Seminole County; Florida","8261","839",
"1400000US12117022104","Census Tract 221.04; Seminole County; Florida","6502","776",
"1400000US12117022105","Census Tract 221.05; Seminole County; Florida","3210","305",
"1400000US12117022106","Census Tract 221.06; Seminole County; Florida","8939","924",
"1400000US12117022201","Census Tract 222.01; Seminole County; Florida","5545","767",
"1400000US12117022205","Census Tract 222.05; Seminole County; Florida","3401","382",
"1400000US12117022206","Census Tract 222.06; Seminole County; Florida","6774","781",
"1400000US12117022207","Census Tract 222.07; Seminole County; Florida","6457","1283",
"1400000US12117022208","Census Tract 222.08; Seminole County; Florida","4124","520",
"1400000US12117022209","Census Tract 222.09; Seminole County; Florida","4213","425",
"1400000US12119910100","Census Tract 9101; Sumter County; Florida","4644","660",
"1400000US12119910300","Census Tract 9103; Sumter County; Florida","7777","703",
"1400000US12119910401","Census Tract 9104.01; Sumter County; Florida","3898","607",
"1400000US12119910402","Census Tract 9104.02; Sumter County; Florida","2730","552",
"1400000US12119910500","Census Tract 9105; Sumter County; Florida","6535","930",
"1400000US12119910601","Census Tract 9106.01; Sumter County; Florida","6479","847",
"1400000US12119910602","Census Tract 9106.02; Sumter County; Florida","3828","642",
"1400000US12119910701","Census Tract 9107.01; Sumter County; Florida","2275","488",
"1400000US12119910702","Census Tract 9107.02; Sumter County; Florida","4694","796",
"1400000US12119910800","Census Tract 9108; Sumter County; Florida","4251","602",
"1400000US12119911000","Census Tract 9110; Sumter County; Florida","1800","205",
"1400000US12119911201","Census Tract 9112.01; Sumter County; Florida","4617","1016",
"1400000US12119911202","Census Tract 9112.02; Sumter County; Florida","4281","1047",
"1400000US12119911203","Census Tract 9112.03; Sumter County; Florida","4740","501",
"1400000US12119911204","Census Tract 9112.04; Sumter County; Florida","11742","1259",
"1400000US12119911205","Census Tract 9112.05; Sumter County; Florida","3217","330",
"1400000US12119911206","Census Tract 9112.06; Sumter County; Florida","6332","1327",
"1400000US12119911207","Census Tract 9112.07; Sumter County; Florida","5729","1445",
"1400000US12119911301","Census Tract 9113.01; Sumter County; Florida","7492","632",
"1400000US12119911302","Census Tract 9113.02; Sumter County; Florida","1162","375",
"1400000US12119911401","Census Tract 9114.01; Sumter County; Florida","6363","529",
"1400000US12119911402","Census Tract 9114.02; Sumter County; Florida","14613","1249",
"1400000US12119911500","Census Tract 9115; Sumter County; Florida","2852","598",
"1400000US12119911702","Census Tract 9117.02; Sumter County; Florida","5643","1092",
"1400000US12119911703","Census Tract 9117.03; Sumter County; Florida","4561","726",
"1400000US12119911704","Census Tract 9117.04; Sumter County; Florida","5729","624",
"1400000US12119980000","Census Tract 9800; Sumter County; Florida","0","15",
"1400000US12119980100","Census Tract 9801; Sumter County; Florida","5424","171",
"1400000US12121970100","Census Tract 9701; Suwannee County; Florida","6230","1003",
"1400000US12121970200","Census Tract 9702; Suwannee County; Florida","4994","684",
"1400000US12121970301","Census Tract 9703.01; Suwannee County; Florida","2307","561",
"1400000US12121970303","Census Tract 9703.03; Suwannee County; Florida","2224","393",
"1400000US12121970304","Census Tract 9703.04; Suwannee County; Florida","4870","705",
"1400000US12121970401","Census Tract 9704.01; Suwannee County; Florida","3143","511",
"1400000US12121970402","Census Tract 9704.02; Suwannee County; Florida","3965","665",
"1400000US12121970501","Census Tract 9705.01; Suwannee County; Florida","3895","640",
"1400000US12121970502","Census Tract 9705.02; Suwannee County; Florida","6574","922",
"1400000US12121970601","Census Tract 9706.01; Suwannee County; Florida","3494","737",
"1400000US12121970602","Census Tract 9706.02; Suwannee County; Florida","3646","380",
"1400000US12123950100","Census Tract 9501; Taylor County; Florida","3444","562",
"1400000US12123950201","Census Tract 9502.01; Taylor County; Florida","1653","412",
"1400000US12123950202","Census Tract 9502.02; Taylor County; Florida","3138","499",
"1400000US12123950301","Census Tract 9503.01; Taylor County; Florida","2992","567",
"1400000US12123950302","Census Tract 9503.02; Taylor County; Florida","3492","584",
"1400000US12123950401","Census Tract 9504.01; Taylor County; Florida","4984","493",
"1400000US12123950402","Census Tract 9504.02; Taylor County; Florida","1800","533",
"1400000US12123990000","Census Tract 9900; Taylor County; Florida","0","15",
"1400000US12125960100","Census Tract 9601; Union County; Florida","3815","425",
"1400000US12125960201","Census Tract 9602.01; Union County; Florida","1623","250",
"1400000US12125960202","Census Tract 9602.02; Union County; Florida","5346","529",
"1400000US12125960300","Census Tract 9603; Union County; Florida","4917","541",
"1400000US12127080101","Census Tract 801.01; Volusia County; Florida","4333","617",
"1400000US12127080102","Census Tract 801.02; Volusia County; Florida","6538","805",
"1400000US12127080201","Census Tract 802.01; Volusia County; Florida","2670","315",
"1400000US12127080202","Census Tract 802.02; Volusia County; Florida","2513","333",
"1400000US12127080300","Census Tract 803; Volusia County; Florida","3271","541",
"1400000US12127080400","Census Tract 804; Volusia County; Florida","3594","530",
"1400000US12127080500","Census Tract 805; Volusia County; Florida","2872","577",
"1400000US12127080600","Census Tract 806; Volusia County; Florida","4008","948",
"1400000US12127080700","Census Tract 807; Volusia County; Florida","4447","451",
"1400000US12127080803","Census Tract 808.03; Volusia County; Florida","4964","660",
"1400000US12127080805","Census Tract 808.05; Volusia County; Florida","6417","957",
"1400000US12127080806","Census Tract 808.06; Volusia County; Florida","2426","361",
"1400000US12127080807","Census Tract 808.07; Volusia County; Florida","5301","576",
"1400000US12127080808","Census Tract 808.08; Volusia County; Florida","7069","1560",
"1400000US12127080809","Census Tract 808.09; Volusia County; Florida","3749","931",
"1400000US12127080901","Census Tract 809.01; Volusia County; Florida","4513","829",
"1400000US12127080902","Census Tract 809.02; Volusia County; Florida","3898","611",
"1400000US12127081001","Census Tract 810.01; Volusia County; Florida","2061","351",
"1400000US12127081002","Census Tract 810.02; Volusia County; Florida","2342","362",
"1400000US12127081101","Census Tract 811.01; Volusia County; Florida","2708","408",
"1400000US12127081102","Census Tract 811.02; Volusia County; Florida","1840","332",
"1400000US12127081201","Census Tract 812.01; Volusia County; Florida","3082","507",
"1400000US12127081202","Census Tract 812.02; Volusia County; Florida","1000","209",
"1400000US12127081300","Census Tract 813; Volusia County; Florida","1752","334",
"1400000US12127081500","Census Tract 815; Volusia County; Florida","1747","424",
"1400000US12127081600","Census Tract 816; Volusia County; Florida","2146","418",
"1400000US12127081701","Census Tract 817.01; Volusia County; Florida","2864","489",
"1400000US12127081702","Census Tract 817.02; Volusia County; Florida","4888","805",
"1400000US12127081800","Census Tract 818; Volusia County; Florida","3115","464",
"1400000US12127081900","Census Tract 819; Volusia County; Florida","4119","714",
"1400000US12127082000","Census Tract 820; Volusia County; Florida","3010","355",
"1400000US12127082100","Census Tract 821; Volusia County; Florida","4852","671",
"1400000US12127082201","Census Tract 822.01; Volusia County; Florida","3765","656",
"1400000US12127082202","Census Tract 822.02; Volusia County; Florida","1676","225",
"1400000US12127082302","Census Tract 823.02; Volusia County; Florida","5937","787",
"1400000US12127082303","Census Tract 823.03; Volusia County; Florida","4264","474",
"1400000US12127082401","Census Tract 824.01; Volusia County; Florida","3776","413",
"1400000US12127082404","Census Tract 824.04; Volusia County; Florida","2707","400",
"1400000US12127082405","Census Tract 824.05; Volusia County; Florida","4446","517",
"1400000US12127082406","Census Tract 824.06; Volusia County; Florida","2729","497",
"1400000US12127082410","Census Tract 824.10; Volusia County; Florida","6736","1192",
"1400000US12127082411","Census Tract 824.11; Volusia County; Florida","3159","480",
"1400000US12127082412","Census Tract 824.12; Volusia County; Florida","2989","285",
"1400000US12127082413","Census Tract 824.13; Volusia County; Florida","3531","419",
"1400000US12127082414","Census Tract 824.14; Volusia County; Florida","4501","631",
"1400000US12127082415","Census Tract 824.15; Volusia County; Florida","2686","517",
"1400000US12127082503","Census Tract 825.03; Volusia County; Florida","5542","635",
"1400000US12127082506","Census Tract 825.06; Volusia County; Florida","5047","1129",
"1400000US12127082508","Census Tract 825.08; Volusia County; Florida","4988","480",
"1400000US12127082509","Census Tract 825.09; Volusia County; Florida","4090","380",
"1400000US12127082510","Census Tract 825.10; Volusia County; Florida","4070","533",
"1400000US12127082511","Census Tract 825.11; Volusia County; Florida","2462","443",
"1400000US12127082512","Census Tract 825.12; Volusia County; Florida","5541","709",
"1400000US12127082513","Census Tract 825.13; Volusia County; Florida","1481","310",
"1400000US12127082604","Census Tract 826.04; Volusia County; Florida","3173","533",
"1400000US12127082605","Census Tract 826.05; Volusia County; Florida","3918","614",
"1400000US12127082606","Census Tract 826.06; Volusia County; Florida","3435","14",
"1400000US12127082607","Census Tract 826.07; Volusia County; Florida","2149","399",
"1400000US12127082701","Census Tract 827.01; Volusia County; Florida","1708","400",
"1400000US12127082703","Census Tract 827.03; Volusia County; Florida","3227","553",
"1400000US12127082704","Census Tract 827.04; Volusia County; Florida","2297","355",
"1400000US12127082705","Census Tract 827.05; Volusia County; Florida","2099","355",
"1400000US12127082801","Census Tract 828.01; Volusia County; Florida","3016","458",
"1400000US12127082802","Census Tract 828.02; Volusia County; Florida","4176","559",
"1400000US12127082902","Census Tract 829.02; Volusia County; Florida","6222","650",
"1400000US12127082903","Census Tract 829.03; Volusia County; Florida","6061","763",
"1400000US12127082904","Census Tract 829.04; Volusia County; Florida","5178","565",
"1400000US12127083003","Census Tract 830.03; Volusia County; Florida","6792","1105",
"1400000US12127083005","Census Tract 830.05; Volusia County; Florida","3600","398",
"1400000US12127083006","Census Tract 830.06; Volusia County; Florida","6552","929",
"1400000US12127083007","Census Tract 830.07; Volusia County; Florida","4998","905",
"1400000US12127083008","Census Tract 830.08; Volusia County; Florida","3721","465",
"1400000US12127083009","Census Tract 830.09; Volusia County; Florida","3521","443",
"1400000US12127083203","Census Tract 832.03; Volusia County; Florida","8279","1225",
"1400000US12127083205","Census Tract 832.05; Volusia County; Florida","7564","638",
"1400000US12127083206","Census Tract 832.06; Volusia County; Florida","4270","161",
"1400000US12127083207","Census Tract 832.07; Volusia County; Florida","9561","1057",
"1400000US12127083209","Census Tract 832.09; Volusia County; Florida","9428","1056",
"1400000US12127083210","Census Tract 832.10; Volusia County; Florida","6893","1204",
"1400000US12127083211","Census Tract 832.11; Volusia County; Florida","6561","1240",
"1400000US12127090101","Census Tract 901.01; Volusia County; Florida","4726","742",
"1400000US12127090102","Census Tract 901.02; Volusia County; Florida","3761","982",
"1400000US12127090202","Census Tract 902.02; Volusia County; Florida","6682","747",
"1400000US12127090203","Census Tract 902.03; Volusia County; Florida","5392","819",
"1400000US12127090204","Census Tract 902.04; Volusia County; Florida","8955","1147",
"1400000US12127090303","Census Tract 903.03; Volusia County; Florida","2708","486",
"1400000US12127090304","Census Tract 903.04; Volusia County; Florida","5302","1071",
"1400000US12127090305","Census Tract 903.05; Volusia County; Florida","4899","662",
"1400000US12127090306","Census Tract 903.06; Volusia County; Florida","10474","762",
"1400000US12127090307","Census Tract 903.07; Volusia County; Florida","8159","1028",
"1400000US12127090401","Census Tract 904.01; Volusia County; Florida","2396","605",
"1400000US12127090402","Census Tract 904.02; Volusia County; Florida","4218","290",
"1400000US12127090500","Census Tract 905; Volusia County; Florida","2820","616",
"1400000US12127090600","Census Tract 906; Volusia County; Florida","6533","1146",
"1400000US12127090701","Census Tract 907.01; Volusia County; Florida","5999","838",
"1400000US12127090702","Census Tract 907.02; Volusia County; Florida","5446","739",
"1400000US12127090803","Census Tract 908.03; Volusia County; Florida","5832","715",
"1400000US12127090804","Census Tract 908.04; Volusia County; Florida","6853","712",
"1400000US12127090806","Census Tract 908.06; Volusia County; Florida","5955","734",
"1400000US12127090807","Census Tract 908.07; Volusia County; Florida","4670","669",
"1400000US12127090808","Census Tract 908.08; Volusia County; Florida","1795","684",
"1400000US12127090903","Census Tract 909.03; Volusia County; Florida","4980","629",
"1400000US12127090904","Census Tract 909.04; Volusia County; Florida","7367","735",
"1400000US12127090905","Census Tract 909.05; Volusia County; Florida","7348","887",
"1400000US12127090906","Census Tract 909.06; Volusia County; Florida","3402","497",
"1400000US12127091001","Census Tract 910.01; Volusia County; Florida","8455","1539",
"1400000US12127091005","Census Tract 910.05; Volusia County; Florida","1881","265",
"1400000US12127091015","Census Tract 910.15; Volusia County; Florida","5292","472",
"1400000US12127091016","Census Tract 910.16; Volusia County; Florida","6710","947",
"1400000US12127091017","Census Tract 910.17; Volusia County; Florida","3665","310",
"1400000US12127091018","Census Tract 910.18; Volusia County; Florida","7829","878",
"1400000US12127091019","Census Tract 910.19; Volusia County; Florida","6608","846",
"1400000US12127091020","Census Tract 910.20; Volusia County; Florida","8323","1369",
"1400000US12127091021","Census Tract 910.21; Volusia County; Florida","2592","372",
"1400000US12127091023","Census Tract 910.23; Volusia County; Florida","3232","443",
"1400000US12127091025","Census Tract 910.25; Volusia County; Florida","4670","711",
"1400000US12127091028","Census Tract 910.28; Volusia County; Florida","5118","737",
"1400000US12127091029","Census Tract 910.29; Volusia County; Florida","5028","552",
"1400000US12127091030","Census Tract 910.30; Volusia County; Florida","2376","378",
"1400000US12127091031","Census Tract 910.31; Volusia County; Florida","5719","621",
"1400000US12127091032","Census Tract 910.32; Volusia County; Florida","3450","385",
"1400000US12127091033","Census Tract 910.33; Volusia County; Florida","4187","696",
"1400000US12127091034","Census Tract 910.34; Volusia County; Florida","4646","782",
"1400000US12127091035","Census Tract 910.35; Volusia County; Florida","4411","668",
"1400000US12127091036","Census Tract 910.36; Volusia County; Florida","3096","729",
"1400000US12127091037","Census Tract 910.37; Volusia County; Florida","3870","732",
"1400000US12127091038","Census Tract 910.38; Volusia County; Florida","3826","778",
"1400000US12127091039","Census Tract 910.39; Volusia County; Florida","2775","623",
"1400000US12127092500","Census Tract 925; Volusia County; Florida","6560","897",
"1400000US12127990000","Census Tract 9900; Volusia County; Florida","0","15",
"1400000US12129010101","Census Tract 101.01; Wakulla County; Florida","2145","370",
"1400000US12129010102","Census Tract 101.02; Wakulla County; Florida","3434","563",
"1400000US12129010204","Census Tract 102.04; Wakulla County; Florida","4526","671",
"1400000US12129010205","Census Tract 102.05; Wakulla County; Florida","6116","832",
"1400000US12129010206","Census Tract 102.06; Wakulla County; Florida","2895","107",
"1400000US12129010207","Census Tract 102.07; Wakulla County; Florida","4854","640",
"1400000US12129010208","Census Tract 102.08; Wakulla County; Florida","6036","818",
"1400000US12129010209","Census Tract 102.09; Wakulla County; Florida","5381","793",
"1400000US12129990000","Census Tract 9900; Wakulla County; Florida","0","15",
"1400000US12131950102","Census Tract 9501.02; Walton County; Florida","4306","739",
"1400000US12131950103","Census Tract 9501.03; Walton County; Florida","3330","760",
"1400000US12131950104","Census Tract 9501.04; Walton County; Florida","3940","682",
"1400000US12131950201","Census Tract 9502.01; Walton County; Florida","2399","584",
"1400000US12131950202","Census Tract 9502.02; Walton County; Florida","4161","654",
"1400000US12131950303","Census Tract 9503.03; Walton County; Florida","2644","606",
"1400000US12131950304","Census Tract 9503.04; Walton County; Florida","4600","742",
"1400000US12131950305","Census Tract 9503.05; Walton County; Florida","3084","577",
"1400000US12131950306","Census Tract 9503.06; Walton County; Florida","2720","566",
"1400000US12131950400","Census Tract 9504; Walton County; Florida","2131","353",
"1400000US12131950501","Census Tract 9505.01; Walton County; Florida","5256","613",
"1400000US12131950502","Census Tract 9505.02; Walton County; Florida","8612","999",
"1400000US12131950604","Census Tract 9506.04; Walton County; Florida","6385","930",
"1400000US12131950605","Census Tract 9506.05; Walton County; Florida","6939","815",
"1400000US12131950606","Census Tract 9506.06; Walton County; Florida","3473","563",
"1400000US12131950607","Census Tract 9506.07; Walton County; Florida","5904","853",
"1400000US12131950608","Census Tract 9506.08; Walton County; Florida","2721","426",
"1400000US12131950609","Census Tract 9506.09; Walton County; Florida","3204","670",
"1400000US12131950610","Census Tract 9506.10; Walton County; Florida","5767","642",
"1400000US12131950611","Census Tract 9506.11; Walton County; Florida","1372","209",
"1400000US12131990000","Census Tract 9900; Walton County; Florida","0","15",
"1400000US12133970102","Census Tract 9701.02; Washington County; Florida","1927","379",
"1400000US12133970103","Census Tract 9701.03; Washington County; Florida","3737","307",
"1400000US12133970104","Census Tract 9701.04; Washington County; Florida","2329","304",
"1400000US12133970200","Census Tract 9702; Washington County; Florida","3234","388",
"1400000US12133970301","Census Tract 9703.01; Washington County; Florida","3041","540",
"1400000US12133970302","Census Tract 9703.02; Washington County; Florida","7336","390",
"1400000US12133970303","Census Tract 9703.03; Washington County; Florida","3925","476",
"1400000US12095010201","Census Tract 102.01; Orange County; Florida","1958","312",
"1400000US12095010202","Census Tract 102.02; Orange County; Florida","3988","536",
"1400000US12095010300","Census Tract 103; Orange County; Florida","3355","400",
"1400000US12095010400","Census Tract 104; Orange County; Florida","1141","414",
"1400000US12095010500","Census Tract 105; Orange County; Florida","939","455",
"1400000US12095010802","Census Tract 108.02; Orange County; Florida","3507","400",
"1400000US12095011000","Census Tract 110; Orange County; Florida","3207","443",
"1400000US12095011100","Census Tract 111; Orange County; Florida","3333","505",
"1400000US12095011200","Census Tract 112; Orange County; Florida","3233","441",
"1400000US12095011300","Census Tract 113; Orange County; Florida","4940","992",
"1400000US12095011600","Census Tract 116; Orange County; Florida","3806","927",
"1400000US12095011701","Census Tract 117.01; Orange County; Florida","4372","1030",
"1400000US12095011702","Census Tract 117.02; Orange County; Florida","3854","679",
"1400000US12095012000","Census Tract 120; Orange County; Florida","8577","1868",
"1400000US12095012100","Census Tract 121; Orange County; Florida","7756","1156",
"1400000US12095012201","Census Tract 122.01; Orange County; Florida","6263","668",
"1400000US12095012202","Census Tract 122.02; Orange County; Florida","7266","1314",
"1400000US12095012303","Census Tract 123.03; Orange County; Florida","9190","1765",
"1400000US12095012304","Census Tract 123.04; Orange County; Florida","8471","2041",
"1400000US12095012305","Census Tract 123.05; Orange County; Florida","7344","1445",
"1400000US12095012306","Census Tract 123.06; Orange County; Florida","3993","1049",
"1400000US12095012307","Census Tract 123.07; Orange County; Florida","6889","1031",
"1400000US12095012402","Census Tract 124.02; Orange County; Florida","5130","680",
"1400000US12095012403","Census Tract 124.03; Orange County; Florida","6568","1519",
"1400000US12095012404","Census Tract 124.04; Orange County; Florida","6259","1350",
"1400000US12095012405","Census Tract 124.05; Orange County; Florida","4854","900",
"1400000US12095012500","Census Tract 125; Orange County; Florida","2342","369",
"1400000US12095012600","Census Tract 126; Orange County; Florida","5573","714",
"1400000US12095012701","Census Tract 127.01; Orange County; Florida","5607","720",
"1400000US12095012800","Census Tract 128; Orange County; Florida","3860","605",
"1400000US12095012900","Census Tract 129; Orange County; Florida","4113","501",
"1400000US12095013201","Census Tract 132.01; Orange County; Florida","4648","657",
"1400000US12095013202","Census Tract 132.02; Orange County; Florida","7224","800",
"1400000US12095013300","Census Tract 133; Orange County; Florida","6773","1242",
"1400000US12095013402","Census Tract 134.02; Orange County; Florida","3716","825",
"1400000US12095013403","Census Tract 134.03; Orange County; Florida","3432","567",
"1400000US12095013405","Census Tract 134.05; Orange County; Florida","2476","753",
"1400000US12095013406","Census Tract 134.06; Orange County; Florida","4810","664",
"1400000US12095013503","Census Tract 135.03; Orange County; Florida","2300","511",
"1400000US12095013505","Census Tract 135.05; Orange County; Florida","5849","1817",
"1400000US12095013507","Census Tract 135.07; Orange County; Florida","9445","946",
"1400000US12095013510","Census Tract 135.10; Orange County; Florida","2403","506",
"1400000US12095013511","Census Tract 135.11; Orange County; Florida","6241","1019",
"1400000US12095013512","Census Tract 135.12; Orange County; Florida","5037","663",
"1400000US12095013513","Census Tract 135.13; Orange County; Florida","4490","767",
"1400000US12095013603","Census Tract 136.03; Orange County; Florida","4553","572",
"1400000US12095013604","Census Tract 136.04; Orange County; Florida","6722","759",
"1400000US12095013605","Census Tract 136.05; Orange County; Florida","3746","500",
"1400000US12095013606","Census Tract 136.06; Orange County; Florida","4119","1147",
"1400000US12095013607","Census Tract 136.07; Orange County; Florida","5348","714",
"1400000US12095013701","Census Tract 137.01; Orange County; Florida","4050","684",
"1400000US12095013702","Census Tract 137.02; Orange County; Florida","5533","1384",
"1400000US12095013801","Census Tract 138.01; Orange County; Florida","2247","462",
"1400000US12095013802","Census Tract 138.02; Orange County; Florida","2450","318",
"1400000US12095013803","Census Tract 138.03; Orange County; Florida","2992","635",
"1400000US12095013900","Census Tract 139; Orange County; Florida","4746","543",
"1400000US12095014000","Census Tract 140; Orange County; Florida","6420","509",
"1400000US12095014100","Census Tract 141; Orange County; Florida","6153","464",
"1400000US12095014201","Census Tract 142.01; Orange County; Florida","6711","1661",
"1400000US12095014202","Census Tract 142.02; Orange County; Florida","4580","701",
"1400000US12095014301","Census Tract 143.01; Orange County; Florida","4063","544",
"1400000US12095014302","Census Tract 143.02; Orange County; Florida","5839","1765",
"1400000US12095014400","Census Tract 144; Orange County; Florida","3037","453",
"1400000US12095014502","Census Tract 145.02; Orange County; Florida","5413","1224",
"1400000US12095014503","Census Tract 145.03; Orange County; Florida","5395","619",
"1400000US12095014504","Census Tract 145.04; Orange County; Florida","6641","1201",
"1400000US12095014601","Census Tract 146.01; Orange County; Florida","7662","1131",
"1400000US12095014605","Census Tract 146.05; Orange County; Florida","3892","835",
"1400000US12095014606","Census Tract 146.06; Orange County; Florida","9778","1878",
"1400000US12095014607","Census Tract 146.07; Orange County; Florida","6061","916",
"1400000US12095014608","Census Tract 146.08; Orange County; Florida","4835","895",
"1400000US12095014609","Census Tract 146.09; Orange County; Florida","5940","1183",
"1400000US12095014701","Census Tract 147.01; Orange County; Florida","5271","1292",
"1400000US12095014702","Census Tract 147.02; Orange County; Florida","5960","647",
"1400000US12095014703","Census Tract 147.03; Orange County; Florida","2148","350",
"1400000US12095014705","Census Tract 147.05; Orange County; Florida","9194","1496",
"1400000US12095014706","Census Tract 147.06; Orange County; Florida","5879","765",
"1400000US12095014804","Census Tract 148.04; Orange County; Florida","5666","911",
"1400000US12095014805","Census Tract 148.05; Orange County; Florida","6198","1077",
"1400000US12095014806","Census Tract 148.06; Orange County; Florida","4852","562",
"1400000US12095014807","Census Tract 148.07; Orange County; Florida","8111","1206",
"1400000US12095014809","Census Tract 148.09; Orange County; Florida","2934","435",
"1400000US12095014810","Census Tract 148.10; Orange County; Florida","6599","1333",
"1400000US12095014811","Census Tract 148.11; Orange County; Florida","4514","577",
"1400000US12095014812","Census Tract 148.12; Orange County; Florida","6596","929",
"1400000US12095014813","Census Tract 148.13; Orange County; Florida","4422","592",
"1400000US12095014814","Census Tract 148.14; Orange County; Florida","6131","596",
"1400000US12095014815","Census Tract 148.15; Orange County; Florida","5533","846",
"1400000US12095014904","Census Tract 149.04; Orange County; Florida","7574","1164",
"1400000US12095014906","Census Tract 149.06; Orange County; Florida","6888","768",
"1400000US12095014908","Census Tract 149.08; Orange County; Florida","7611","1165",
"1400000US12095014909","Census Tract 149.09; Orange County; Florida","3742","701",
"1400000US12095015001","Census Tract 150.01; Orange County; Florida","1950","321",
"1400000US12095015002","Census Tract 150.02; Orange County; Florida","6758","980",
"1400000US12095015003","Census Tract 150.03; Orange County; Florida","7374","1254",
"1400000US12095015005","Census Tract 150.05; Orange County; Florida","3155","455",
"1400000US12095015006","Census Tract 150.06; Orange County; Florida","4822","774",
"1400000US12095015103","Census Tract 151.03; Orange County; Florida","6971","1750",
"1400000US12095015104","Census Tract 151.04; Orange County; Florida","6110","1304",
"1400000US12095015105","Census Tract 151.05; Orange County; Florida","4435","829",
"1400000US12095015106","Census Tract 151.06; Orange County; Florida","7559","1282",
"1400000US12095015202","Census Tract 152.02; Orange County; Florida","6887","1419",
"1400000US12095015203","Census Tract 152.03; Orange County; Florida","2897","390",
"1400000US12095015204","Census Tract 152.04; Orange County; Florida","5986","701",
"1400000US12095015300","Census Tract 153; Orange County; Florida","3678","543",
"1400000US12095015501","Census Tract 155.01; Orange County; Florida","6127","592",
"1400000US12095015601","Census Tract 156.01; Orange County; Florida","2481","305",
"1400000US12095015602","Census Tract 156.02; Orange County; Florida","2073","245",
"1400000US12095015701","Census Tract 157.01; Orange County; Florida","2211","457",
"1400000US12095015702","Census Tract 157.02; Orange County; Florida","1520","186",
"1400000US12095015801","Census Tract 158.01; Orange County; Florida","1876","384",
"1400000US12095015802","Census Tract 158.02; Orange County; Florida","2822","352",
"1400000US12095015901","Census Tract 159.01; Orange County; Florida","2460","476",
"1400000US12095016001","Census Tract 160.01; Orange County; Florida","2583","176",
"1400000US12095016002","Census Tract 160.02; Orange County; Florida","2510","389",
"1400000US12095016100","Census Tract 161; Orange County; Florida","5035","584",
"1400000US12095016200","Census Tract 162; Orange County; Florida","6862","837",
"1400000US12095016301","Census Tract 163.01; Orange County; Florida","5487","944",
"1400000US12095016302","Census Tract 163.02; Orange County; Florida","4067","481",
"1400000US12095016402","Census Tract 164.02; Orange County; Florida","2796","605",
"1400000US12095016406","Census Tract 164.06; Orange County; Florida","1690","279",
"1400000US12095016407","Census Tract 164.07; Orange County; Florida","7461","1072",
"1400000US12095016408","Census Tract 164.08; Orange County; Florida","2235","421",
"1400000US12095016409","Census Tract 164.09; Orange County; Florida","3027","566",
"1400000US12095016411","Census Tract 164.11; Orange County; Florida","4715","1871",
"1400000US12095016412","Census Tract 164.12; Orange County; Florida","5132","632",
"1400000US12095016413","Census Tract 164.13; Orange County; Florida","4314","983",
"1400000US12095016414","Census Tract 164.14; Orange County; Florida","3583","564",
"1400000US12095016503","Census Tract 165.03; Orange County; Florida","7850","845",
"1400000US12095016504","Census Tract 165.04; Orange County; Florida","5087","631",
"1400000US12095016505","Census Tract 165.05; Orange County; Florida","2573","324",
"1400000US12095016509","Census Tract 165.09; Orange County; Florida","4548","550",
"1400000US12095016510","Census Tract 165.10; Orange County; Florida","5319","630",
"1400000US12095016511","Census Tract 165.11; Orange County; Florida","5715","621",
"1400000US12095016512","Census Tract 165.12; Orange County; Florida","6359","1708",
"1400000US12095016513","Census Tract 165.13; Orange County; Florida","4582","940",
"1400000US12095016514","Census Tract 165.14; Orange County; Florida","6764","1443",
"1400000US12095016515","Census Tract 165.15; Orange County; Florida","12624","194",
"1400000US12095016603","Census Tract 166.03; Orange County; Florida","8043","1275",
"1400000US12095016604","Census Tract 166.04; Orange County; Florida","4550","531",
"1400000US12095016605","Census Tract 166.05; Orange County; Florida","1613","356",
"1400000US12095016606","Census Tract 166.06; Orange County; Florida","3110","568",
"1400000US12095016607","Census Tract 166.07; Orange County; Florida","6666","818",
"1400000US12095016709","Census Tract 167.09; Orange County; Florida","6692","1000",
"1400000US12095016710","Census Tract 167.10; Orange County; Florida","4359","767",
"1400000US12095016713","Census Tract 167.13; Orange County; Florida","9102","1238",
"1400000US12095016714","Census Tract 167.14; Orange County; Florida","3282","465",
"1400000US12095016715","Census Tract 167.15; Orange County; Florida","6719","741",
"1400000US12095016716","Census Tract 167.16; Orange County; Florida","5411","615",
"1400000US12095016717","Census Tract 167.17; Orange County; Florida","4115","570",
"1400000US12095016723","Census Tract 167.23; Orange County; Florida","5145","918",
"1400000US12095016724","Census Tract 167.24; Orange County; Florida","6734","1508",
"1400000US12095016728","Census Tract 167.28; Orange County; Florida","5237","636",
"1400000US12095016731","Census Tract 167.31; Orange County; Florida","7932","771",
"1400000US12095016733","Census Tract 167.33; Orange County; Florida","5823","887",
"1400000US12095016735","Census Tract 167.35; Orange County; Florida","12767","2229",
"1400000US12095016736","Census Tract 167.36; Orange County; Florida","14231","1860",
"1400000US12095016737","Census Tract 167.37; Orange County; Florida","12795","1585",
"1400000US12095016738","Census Tract 167.38; Orange County; Florida","4447","1247",
"1400000US12095016739","Census Tract 167.39; Orange County; Florida","6988","899",
"1400000US12095016740","Census Tract 167.40; Orange County; Florida","3871","1158",
"1400000US12095016741","Census Tract 167.41; Orange County; Florida","2883","642",
"1400000US12095016742","Census Tract 167.42; Orange County; Florida","3653","426",
"1400000US12095016743","Census Tract 167.43; Orange County; Florida","6981","1493",
"1400000US12095016744","Census Tract 167.44; Orange County; Florida","5373","757",
"1400000US12095016745","Census Tract 167.45; Orange County; Florida","4576","569",
"1400000US12095016746","Census Tract 167.46; Orange County; Florida","4207","960",
"1400000US12095016747","Census Tract 167.47; Orange County; Florida","5719","1763",
"1400000US12095016748","Census Tract 167.48; Orange County; Florida","7250","1609",
"1400000US12095016749","Census Tract 167.49; Orange County; Florida","6330","937",
"1400000US12095016750","Census Tract 167.50; Orange County; Florida","12106","1658",
"1400000US12095016751","Census Tract 167.51; Orange County; Florida","6407","1181",
"1400000US12095016752","Census Tract 167.52; Orange County; Florida","3669","316",
"1400000US12095016753","Census Tract 167.53; Orange County; Florida","8360","1089",
"1400000US12095016754","Census Tract 167.54; Orange County; Florida","5223","1743",
"1400000US12095016755","Census Tract 167.55; Orange County; Florida","6433","859",
"1400000US12095016756","Census Tract 167.56; Orange County; Florida","2664","735",
"1400000US12095016802","Census Tract 168.02; Orange County; Florida","21905","2120",
"1400000US12095016803","Census Tract 168.03; Orange County; Florida","2137","302",
"1400000US12095016804","Census Tract 168.04; Orange County; Florida","8439","1051",
"1400000US12095016808","Census Tract 168.08; Orange County; Florida","1517","146",
"1400000US12095016809","Census Tract 168.09; Orange County; Florida","7837","1115",
"1400000US12095016810","Census Tract 168.10; Orange County; Florida","9083","1443",
"1400000US12095016811","Census Tract 168.11; Orange County; Florida","13170","3530",
"1400000US12095016812","Census Tract 168.12; Orange County; Florida","6597","1286",
"1400000US12095016813","Census Tract 168.13; Orange County; Florida","2523","376",
"1400000US12095016814","Census Tract 168.14; Orange County; Florida","5274","2153",
"1400000US12095016902","Census Tract 169.02; Orange County; Florida","5612","1101",
"1400000US12095016904","Census Tract 169.04; Orange County; Florida","3798","645",
"1400000US12095016906","Census Tract 169.06; Orange County; Florida","3039","494",
"1400000US12095016907","Census Tract 169.07; Orange County; Florida","7546","2201",
"1400000US12095016908","Census Tract 169.08; Orange County; Florida","2146","261",
"1400000US12095016909","Census Tract 169.09; Orange County; Florida","4961","1053",
"1400000US12095016910","Census Tract 169.10; Orange County; Florida","1166","134",
"1400000US12095016911","Census Tract 169.11; Orange County; Florida","9112","2201",
"1400000US12095017001","Census Tract 170.01; Orange County; Florida","5947","1201",
"1400000US12095017004","Census Tract 170.04; Orange County; Florida","6395","908",
"1400000US12095017006","Census Tract 170.06; Orange County; Florida","4515","479",
"1400000US12095017011","Census Tract 170.11; Orange County; Florida","5088","702",
"1400000US12095017012","Census Tract 170.12; Orange County; Florida","2819","333",
"1400000US12095017013","Census Tract 170.13; Orange County; Florida","7473","1376",
"1400000US12095017015","Census Tract 170.15; Orange County; Florida","7525","714",
"1400000US12095017018","Census Tract 170.18; Orange County; Florida","5794","1178",
"1400000US12095017019","Census Tract 170.19; Orange County; Florida","5097","1717",
"1400000US12095017020","Census Tract 170.20; Orange County; Florida","5923","1045",
"1400000US12095017021","Census Tract 170.21; Orange County; Florida","6593","1308",
"1400000US12095017022","Census Tract 170.22; Orange County; Florida","10585","2590",
"1400000US12095017023","Census Tract 170.23; Orange County; Florida","1746","283",
"1400000US12095017024","Census Tract 170.24; Orange County; Florida","2802","411",
"1400000US12095017025","Census Tract 170.25; Orange County; Florida","3654","546",
"1400000US12095017026","Census Tract 170.26; Orange County; Florida","3823","391",
"1400000US12095017108","Census Tract 171.08; Orange County; Florida","10693","1144",
"1400000US12095017109","Census Tract 171.09; Orange County; Florida","5571","495",
"1400000US12095017110","Census Tract 171.10; Orange County; Florida","8228","1473",
"1400000US12095017111","Census Tract 171.11; Orange County; Florida","25639","2553",
"1400000US12095017112","Census Tract 171.12; Orange County; Florida","16409","2705",
"1400000US12095017113","Census Tract 171.13; Orange County; Florida","17717","2570",
"1400000US12095017114","Census Tract 171.14; Orange County; Florida","10387","1062",
"1400000US12095017115","Census Tract 171.15; Orange County; Florida","3781","310",
"1400000US12095017116","Census Tract 171.16; Orange County; Florida","8031","727",
"1400000US12095017117","Census Tract 171.17; Orange County; Florida","6520","1033",
"1400000US12095017118","Census Tract 171.18; Orange County; Florida","5040","1594",
"1400000US12095017119","Census Tract 171.19; Orange County; Florida","2384","431",
"1400000US12095017120","Census Tract 171.20; Orange County; Florida","6402","1086",
"1400000US12095017121","Census Tract 171.21; Orange County; Florida","3380","465",
"1400000US12095017122","Census Tract 171.22; Orange County; Florida","2657","382",
"1400000US12095017123","Census Tract 171.23; Orange County; Florida","5967","840",
"1400000US12095017200","Census Tract 172; Orange County; Florida","5945","639",
"1400000US12095017301","Census Tract 173.01; Orange County; Florida","2684","648",
"1400000US12095017302","Census Tract 173.02; Orange County; Florida","9003","1636",
"1400000US12095017401","Census Tract 174.01; Orange County; Florida","8093","1338",
"1400000US12095017402","Census Tract 174.02; Orange County; Florida","5836","1230",
"1400000US12095017503","Census Tract 175.03; Orange County; Florida","6668","1211",
"1400000US12095017504","Census Tract 175.04; Orange County; Florida","9673","1095",
"1400000US12095017505","Census Tract 175.05; Orange County; Florida","4769","504",
"1400000US12095017506","Census Tract 175.06; Orange County; Florida","12688","1532",
"1400000US12095017600","Census Tract 176; Orange County; Florida","5521","989",
"1400000US12095017701","Census Tract 177.01; Orange County; Florida","6202","1224",
"1400000US12095017702","Census Tract 177.02; Orange County; Florida","2637","395",
"1400000US12095017703","Census Tract 177.03; Orange County; Florida","4414","595",
"1400000US12095017805","Census Tract 178.05; Orange County; Florida","2991","479",
"1400000US12095017806","Census Tract 178.06; Orange County; Florida","5131","548",
"1400000US12095017807","Census Tract 178.07; Orange County; Florida","4251","837",
"1400000US12095017808","Census Tract 178.08; Orange County; Florida","3877","485",
"1400000US12095017809","Census Tract 178.09; Orange County; Florida","3698","637",
"1400000US12095017810","Census Tract 178.10; Orange County; Florida","6336","570",
"1400000US12095017811","Census Tract 178.11; Orange County; Florida","4343","968",
"1400000US12095017812","Census Tract 178.12; Orange County; Florida","8876","1553",
"1400000US12095017813","Census Tract 178.13; Orange County; Florida","2218","258",
"1400000US12095017814","Census Tract 178.14; Orange County; Florida","7218","1122",
"1400000US12095017901","Census Tract 179.01; Orange County; Florida","6455","639",
"1400000US12095017902","Census Tract 179.02; Orange County; Florida","8162","1044",
"1400000US12095018000","Census Tract 180; Orange County; Florida","3932","549",
"1400000US12095018100","Census Tract 181; Orange County; Florida","3228","547",
"1400000US12095018201","Census Tract 182.01; Orange County; Florida","4932","920",
"1400000US12095018202","Census Tract 182.02; Orange County; Florida","4423","559",
"1400000US12095018203","Census Tract 182.03; Orange County; Florida","1939","311",
"1400000US12095018204","Census Tract 182.04; Orange County; Florida","2284","412",
"1400000US12095018300","Census Tract 183; Orange County; Florida","2478","536",
"1400000US12095018400","Census Tract 184; Orange County; Florida","2401","593",
"1400000US12095018500","Census Tract 185; Orange County; Florida","2982","884",
"1400000US12095018700","Census Tract 187; Orange County; Florida","5512","1049",
"1400000US12095018800","Census Tract 188; Orange County; Florida","5625","780",
"1400000US12095018901","Census Tract 189.01; Orange County; Florida","4083","756",
"1400000US12095018902","Census Tract 189.02; Orange County; Florida","5720","762",
"1400000US12095019000","Census Tract 190; Orange County; Florida","4445","435",
"1400000US12095990000","Census Tract 9900; Orange County; Florida","0","15",
