"GEO_ID","NAME","B25001_001E","B25001_001M",
"Geography","Geographic Area Name","Estimate!!Total","Margin of Error!!Total",
"0400000US12","Florida","10256470","942",
"1400000US12001000201","Census Tract 2.01; Alachua County; Florida","2499","320",
"1400000US12001000202","Census Tract 2.02; Alachua County; Florida","1987","346",
"1400000US12001000301","Census Tract 3.01; Alachua County; Florida","2170","268",
"1400000US12001000302","Census Tract 3.02; Alachua County; Florida","1408","157",
"1400000US12001000400","Census Tract 4; Alachua County; Florida","2544","400",
"1400000US12001000500","Census Tract 5; Alachua County; Florida","2980","175",
"1400000US12001000600","Census Tract 6; Alachua County; Florida","1928","304",
"1400000US12001000700","Census Tract 7; Alachua County; Florida","2795","258",
"1400000US12001000806","Census Tract 8.06; Alachua County; Florida","1700","181",
"1400000US12001000808","Census Tract 8.08; Alachua County; Florida","1857","148",
"1400000US12001000809","Census Tract 8.09; Alachua County; Florida","980","159",
"1400000US12001000901","Census Tract 9.01; Alachua County; Florida","589","120",
"1400000US12001000902","Census Tract 9.02; Alachua County; Florida","178","55",
"1400000US12001001000","Census Tract 10; Alachua County; Florida","3886","361",
"1400000US12001001100","Census Tract 11; Alachua County; Florida","3208","199",
"1400000US12001001201","Census Tract 12.01; Alachua County; Florida","1407","245",
"1400000US12001001202","Census Tract 12.02; Alachua County; Florida","3362","220",
"1400000US12001001203","Census Tract 12.03; Alachua County; Florida","1823","169",
"1400000US12001001400","Census Tract 14; Alachua County; Florida","989","92",
"1400000US12001001514","Census Tract 15.14; Alachua County; Florida","1285","159",
"1400000US12001001515","Census Tract 15.15; Alachua County; Florida","3337","326",
"1400000US12001001516","Census Tract 15.16; Alachua County; Florida","1728","181",
"1400000US12001001517","Census Tract 15.17; Alachua County; Florida","2972","287",
"1400000US12001001519","Census Tract 15.19; Alachua County; Florida","996","136",
"1400000US12001001522","Census Tract 15.22; Alachua County; Florida","4699","370",
"1400000US12001001605","Census Tract 16.05; Alachua County; Florida","4829","388",
"1400000US12001001701","Census Tract 17.01; Alachua County; Florida","3661","341",
"1400000US12001001702","Census Tract 17.02; Alachua County; Florida","2497","437",
"1400000US12001001802","Census Tract 18.02; Alachua County; Florida","1355","194",
"1400000US12001001803","Census Tract 18.03; Alachua County; Florida","3009","241",
"1400000US12001001811","Census Tract 18.11; Alachua County; Florida","3208","358",
"1400000US12001001813","Census Tract 18.13; Alachua County; Florida","1648","231",
"1400000US12001001815","Census Tract 18.15; Alachua County; Florida","881","110",
"1400000US12001001816","Census Tract 18.16; Alachua County; Florida","2223","215",
"1400000US12001001817","Census Tract 18.17; Alachua County; Florida","2228","226",
"1400000US12001001818","Census Tract 18.18; Alachua County; Florida","1907","229",
"1400000US12001001819","Census Tract 18.19; Alachua County; Florida","2326","303",
"1400000US12001001902","Census Tract 19.02; Alachua County; Florida","1562","203",
"1400000US12001001907","Census Tract 19.07; Alachua County; Florida","1472","256",
"1400000US12001001908","Census Tract 19.08; Alachua County; Florida","2412","402",
"1400000US12001002001","Census Tract 20.01; Alachua County; Florida","772","141",
"1400000US12001002002","Census Tract 20.02; Alachua County; Florida","1838","188",
"1400000US12001002101","Census Tract 21.01; Alachua County; Florida","1043","174",
"1400000US12001002102","Census Tract 21.02; Alachua County; Florida","593","134",
"1400000US12001002201","Census Tract 22.01; Alachua County; Florida","2436","239",
"1400000US12001002202","Census Tract 22.02; Alachua County; Florida","2813","321",
"1400000US12001002204","Census Tract 22.04; Alachua County; Florida","5476","476",
"1400000US12001002207","Census Tract 22.07; Alachua County; Florida","1480","211",
"1400000US12001002208","Census Tract 22.08; Alachua County; Florida","1164","143",
"1400000US12001002209","Census Tract 22.09; Alachua County; Florida","3506","388",
"1400000US12001002210","Census Tract 22.10; Alachua County; Florida","2248","250",
"1400000US12001002217","Census Tract 22.17; Alachua County; Florida","3411","551",
"1400000US12001002218","Census Tract 22.18; Alachua County; Florida","1605","173",
"1400000US12001002219","Census Tract 22.19; Alachua County; Florida","3141","335",
"1400000US12001002220","Census Tract 22.20; Alachua County; Florida","1209","135",
"1400000US12001002221","Census Tract 22.21; Alachua County; Florida","2327","344",
"1400000US12001002222","Census Tract 22.22; Alachua County; Florida","3149","353",
"1400000US12001110800","Census Tract 1108; Alachua County; Florida","995","117",
"1400000US12003040101","Census Tract 401.01; Baker County; Florida","2811","381",
"1400000US12003040102","Census Tract 401.02; Baker County; Florida","3205","287",
"1400000US12003040201","Census Tract 402.01; Baker County; Florida","2048","296",
"1400000US12003040202","Census Tract 402.02; Baker County; Florida","2084","233",
"1400000US12005000201","Census Tract 2.01; Bay County; Florida","2455","287",
"1400000US12005000203","Census Tract 2.03; Bay County; Florida","1419","243",
"1400000US12005000204","Census Tract 2.04; Bay County; Florida","1662","212",
"1400000US12005000301","Census Tract 3.01; Bay County; Florida","1097","321",
"1400000US12005000302","Census Tract 3.02; Bay County; Florida","2855","279",
"1400000US12005000401","Census Tract 4.01; Bay County; Florida","781","93",
"1400000US12005000402","Census Tract 4.02; Bay County; Florida","2828","236",
"1400000US12005000500","Census Tract 5; Bay County; Florida","3594","478",
"1400000US12005000600","Census Tract 6; Bay County; Florida","1320","146",
"1400000US12005000700","Census Tract 7; Bay County; Florida","104","29",
"1400000US12005000803","Census Tract 8.03; Bay County; Florida","2118","355",
"1400000US12005000804","Census Tract 8.04; Bay County; Florida","1057","150",
"1400000US12005000805","Census Tract 8.05; Bay County; Florida","1868","263",
"1400000US12005000806","Census Tract 8.06; Bay County; Florida","1648","185",
"1400000US12005000900","Census Tract 9; Bay County; Florida","2370","217",
"1400000US12005001000","Census Tract 10; Bay County; Florida","827","126",
"1400000US12005001100","Census Tract 11; Bay County; Florida","2026","270",
"1400000US12005001200","Census Tract 12; Bay County; Florida","1088","175",
"1400000US12005001301","Census Tract 13.01; Bay County; Florida","2365","245",
"1400000US12005001302","Census Tract 13.02; Bay County; Florida","3105","324",
"1400000US12005001402","Census Tract 14.02; Bay County; Florida","2986","365",
"1400000US12005001403","Census Tract 14.03; Bay County; Florida","843","111",
"1400000US12005001404","Census Tract 14.04; Bay County; Florida","3221","301",
"1400000US12005001501","Census Tract 15.01; Bay County; Florida","2528","277",
"1400000US12005001502","Census Tract 15.02; Bay County; Florida","2661","344",
"1400000US12005001600","Census Tract 16; Bay County; Florida","1561","306",
"1400000US12005001700","Census Tract 17; Bay County; Florida","1340","222",
"1400000US12005001800","Census Tract 18; Bay County; Florida","703","156",
"1400000US12005001900","Census Tract 19; Bay County; Florida","2099","187",
"1400000US12005002000","Census Tract 20; Bay County; Florida","932","145",
"1400000US12005002200","Census Tract 22; Bay County; Florida","1884","174",
"1400000US12005002300","Census Tract 23; Bay County; Florida","2030","261",
"1400000US12005002400","Census Tract 24; Bay County; Florida","1986","180",
"1400000US12005002500","Census Tract 25; Bay County; Florida","1528","195",
"1400000US12005002604","Census Tract 26.04; Bay County; Florida","4184","406",
"1400000US12005002605","Census Tract 26.05; Bay County; Florida","2103","210",
"1400000US12005002606","Census Tract 26.06; Bay County; Florida","2747","250",
"1400000US12005002607","Census Tract 26.07; Bay County; Florida","2470","180",
"1400000US12005002608","Census Tract 26.08; Bay County; Florida","2281","252",
"1400000US12005002609","Census Tract 26.09; Bay County; Florida","2938","314",
"1400000US12005002703","Census Tract 27.03; Bay County; Florida","3812","288",
"1400000US12005002706","Census Tract 27.06; Bay County; Florida","1419","177",
"1400000US12005002707","Census Tract 27.07; Bay County; Florida","3771","415",
"1400000US12005002708","Census Tract 27.08; Bay County; Florida","1203","217",
"1400000US12005002709","Census Tract 27.09; Bay County; Florida","4401","363",
"1400000US12005002710","Census Tract 27.10; Bay County; Florida","4661","458",
"1400000US12005002711","Census Tract 27.11; Bay County; Florida","2510","269",
"1400000US12005002712","Census Tract 27.12; Bay County; Florida","1248","161",
"1400000US12005002713","Census Tract 27.13; Bay County; Florida","5725","364",
"1400000US12005990000","Census Tract 9900; Bay County; Florida","0","15",
"1400000US12007000100","Census Tract 1; Bradford County; Florida","2380","229",
"1400000US12007000201","Census Tract 2.01; Bradford County; Florida","1494","216",
"1400000US12007000202","Census Tract 2.02; Bradford County; Florida","1538","216",
"1400000US12007000301","Census Tract 3.01; Bradford County; Florida","2271","255",
"1400000US12007000302","Census Tract 3.02; Bradford County; Florida","1431","188",
"1400000US12007000400","Census Tract 4; Bradford County; Florida","1773","222",
"1400000US12009060103","Census Tract 601.03; Brevard County; Florida","1601","187",
"1400000US12009060104","Census Tract 601.04; Brevard County; Florida","707","250",
"1400000US12009060105","Census Tract 601.05; Brevard County; Florida","1242","148",
"1400000US12009060106","Census Tract 601.06; Brevard County; Florida","610","80",
"1400000US12009060201","Census Tract 602.01; Brevard County; Florida","1216","164",
"1400000US12009060202","Census Tract 602.02; Brevard County; Florida","1317","188",
"1400000US12009060301","Census Tract 603.01; Brevard County; Florida","903","135",
"1400000US12009060302","Census Tract 603.02; Brevard County; Florida","1475","244",
"1400000US12009060400","Census Tract 604; Brevard County; Florida","2152","294",
"1400000US12009060500","Census Tract 605; Brevard County; Florida","2282","279",
"1400000US12009060600","Census Tract 606; Brevard County; Florida","2547","290",
"1400000US12009060700","Census Tract 607; Brevard County; Florida","1641","208",
"1400000US12009061001","Census Tract 610.01; Brevard County; Florida","3269","442",
"1400000US12009061002","Census Tract 610.02; Brevard County; Florida","1418","153",
"1400000US12009061100","Census Tract 611; Brevard County; Florida","2853","247",
"1400000US12009061201","Census Tract 612.01; Brevard County; Florida","3726","371",
"1400000US12009061202","Census Tract 612.02; Brevard County; Florida","1927","171",
"1400000US12009062106","Census Tract 621.06; Brevard County; Florida","1697","176",
"1400000US12009062108","Census Tract 621.08; Brevard County; Florida","3143","457",
"1400000US12009062109","Census Tract 621.09; Brevard County; Florida","1527","136",
"1400000US12009062110","Census Tract 621.10; Brevard County; Florida","1395","152",
"1400000US12009062111","Census Tract 621.11; Brevard County; Florida","1379","134",
"1400000US12009062112","Census Tract 621.12; Brevard County; Florida","627","60",
"1400000US12009062113","Census Tract 621.13; Brevard County; Florida","2619","182",
"1400000US12009062114","Census Tract 621.14; Brevard County; Florida","1127","180",
"1400000US12009062115","Census Tract 621.15; Brevard County; Florida","908","207",
"1400000US12009062301","Census Tract 623.01; Brevard County; Florida","1851","264",
"1400000US12009062302","Census Tract 623.02; Brevard County; Florida","2073","324",
"1400000US12009062401","Census Tract 624.01; Brevard County; Florida","988","179",
"1400000US12009062402","Census Tract 624.02; Brevard County; Florida","2706","333",
"1400000US12009062500","Census Tract 625; Brevard County; Florida","2238","207",
"1400000US12009062600","Census Tract 626; Brevard County; Florida","1634","222",
"1400000US12009062800","Census Tract 628; Brevard County; Florida","2257","319",
"1400000US12009062900","Census Tract 629; Brevard County; Florida","3015","296",
"1400000US12009063000","Census Tract 630; Brevard County; Florida","2153","285",
"1400000US12009063102","Census Tract 631.02; Brevard County; Florida","4709","490",
"1400000US12009063104","Census Tract 631.04; Brevard County; Florida","1737","139",
"1400000US12009063105","Census Tract 631.05; Brevard County; Florida","4096","276",
"1400000US12009063106","Census Tract 631.06; Brevard County; Florida","1924","261",
"1400000US12009063108","Census Tract 631.08; Brevard County; Florida","2424","179",
"1400000US12009063109","Census Tract 631.09; Brevard County; Florida","2481","291",
"1400000US12009064102","Census Tract 641.02; Brevard County; Florida","2516","207",
"1400000US12009064123","Census Tract 641.23; Brevard County; Florida","3587","253",
"1400000US12009064124","Census Tract 641.24; Brevard County; Florida","2073","164",
"1400000US12009064126","Census Tract 641.26; Brevard County; Florida","1810","191",
"1400000US12009064127","Census Tract 641.27; Brevard County; Florida","4131","424",
"1400000US12009064128","Census Tract 641.28; Brevard County; Florida","5207","475",
"1400000US12009064129","Census Tract 641.29; Brevard County; Florida","1116","274",
"1400000US12009064130","Census Tract 641.30; Brevard County; Florida","1308","77",
"1400000US12009064201","Census Tract 642.01; Brevard County; Florida","1273","146",
"1400000US12009064202","Census Tract 642.02; Brevard County; Florida","1954","206",
"1400000US12009064301","Census Tract 643.01; Brevard County; Florida","2807","243",
"1400000US12009064302","Census Tract 643.02; Brevard County; Florida","2649","226",
"1400000US12009064400","Census Tract 644; Brevard County; Florida","2256","289",
"1400000US12009064500","Census Tract 645; Brevard County; Florida","2008","245",
"1400000US12009064601","Census Tract 646.01; Brevard County; Florida","3431","305",
"1400000US12009064602","Census Tract 646.02; Brevard County; Florida","1326","146",
"1400000US12009064701","Census Tract 647.01; Brevard County; Florida","1670","208",
"1400000US12009064702","Census Tract 647.02; Brevard County; Florida","1328","328",
"1400000US12009064800","Census Tract 648; Brevard County; Florida","1674","192",
"1400000US12009064901","Census Tract 649.01; Brevard County; Florida","2751","281",
"1400000US12009064902","Census Tract 649.02; Brevard County; Florida","2013","240",
"1400000US12009065001","Census Tract 650.01; Brevard County; Florida","1610","125",
"1400000US12009065022","Census Tract 650.22; Brevard County; Florida","2303","306",
"1400000US12009065023","Census Tract 650.23; Brevard County; Florida","2367","241",
"1400000US12009065024","Census Tract 650.24; Brevard County; Florida","2653","378",
"1400000US12009065025","Census Tract 650.25; Brevard County; Florida","867","78",
"1400000US12009065123","Census Tract 651.23; Brevard County; Florida","2365","292",
"1400000US12009065124","Census Tract 651.24; Brevard County; Florida","1301","145",
"1400000US12009065126","Census Tract 651.26; Brevard County; Florida","1863","197",
"1400000US12009065127","Census Tract 651.27; Brevard County; Florida","2039","358",
"1400000US12009065128","Census Tract 651.28; Brevard County; Florida","1721","121",
"1400000US12009065129","Census Tract 651.29; Brevard County; Florida","1965","218",
"1400000US12009065130","Census Tract 651.30; Brevard County; Florida","1749","214",
"1400000US12009065131","Census Tract 651.31; Brevard County; Florida","1574","109",
"1400000US12009065201","Census Tract 652.01; Brevard County; Florida","2707","223",
"1400000US12009065202","Census Tract 652.02; Brevard County; Florida","2445","356",
"1400000US12009065231","Census Tract 652.31; Brevard County; Florida","2840","225",
"1400000US12009065236","Census Tract 652.36; Brevard County; Florida","1066","154",
"1400000US12009065237","Census Tract 652.37; Brevard County; Florida","2523","360",
"1400000US12009065238","Census Tract 652.38; Brevard County; Florida","334","181",
"1400000US12009065239","Census Tract 652.39; Brevard County; Florida","2383","260",
"1400000US12009065240","Census Tract 652.40; Brevard County; Florida","1735","185",
"1400000US12009066101","Census Tract 661.01; Brevard County; Florida","2624","237",
"1400000US12009066103","Census Tract 661.03; Brevard County; Florida","2016","363",
"1400000US12009066104","Census Tract 661.04; Brevard County; Florida","3228","287",
"1400000US12009066200","Census Tract 662; Brevard County; Florida","1589","153",
"1400000US12009066301","Census Tract 663.01; Brevard County; Florida","3668","302",
"1400000US12009066302","Census Tract 663.02; Brevard County; Florida","2390","317",
"1400000US12009066400","Census Tract 664; Brevard County; Florida","3048","221",
"1400000US12009066500","Census Tract 665; Brevard County; Florida","1825","177",
"1400000US12009066600","Census Tract 666; Brevard County; Florida","1842","186",
"1400000US12009066700","Census Tract 667; Brevard County; Florida","2483","157",
"1400000US12009066800","Census Tract 668; Brevard County; Florida","724","81",
"1400000US12009066900","Census Tract 669; Brevard County; Florida","3389","237",
"1400000US12009067100","Census Tract 671; Brevard County; Florida","508","64",
"1400000US12009068101","Census Tract 681.01; Brevard County; Florida","2100","153",
"1400000US12009068102","Census Tract 681.02; Brevard County; Florida","1453","204",
"1400000US12009068400","Census Tract 684; Brevard County; Florida","1845","226",
"1400000US12009068501","Census Tract 685.01; Brevard County; Florida","1894","226",
"1400000US12009068502","Census Tract 685.02; Brevard County; Florida","2431","256",
"1400000US12009068601","Census Tract 686.01; Brevard County; Florida","1913","234",
"1400000US12009068603","Census Tract 686.03; Brevard County; Florida","1327","240",
"1400000US12009068604","Census Tract 686.04; Brevard County; Florida","2264","243",
"1400000US12009069100","Census Tract 691; Brevard County; Florida","2082","153",
"1400000US12009069200","Census Tract 692; Brevard County; Florida","1503","246",
"1400000US12009069300","Census Tract 693; Brevard County; Florida","1548","198",
"1400000US12009069400","Census Tract 694; Brevard County; Florida","2916","320",
"1400000US12009069700","Census Tract 697; Brevard County; Florida","1336","135",
"1400000US12009069801","Census Tract 698.01; Brevard County; Florida","1615","146",
"1400000US12009069802","Census Tract 698.02; Brevard County; Florida","2246","232",
"1400000US12009069903","Census Tract 699.03; Brevard County; Florida","1218","154",
"1400000US12009069904","Census Tract 699.04; Brevard County; Florida","2675","231",
"1400000US12009069905","Census Tract 699.05; Brevard County; Florida","0","15",
"1400000US12009069906","Census Tract 699.06; Brevard County; Florida","845","179",
"1400000US12009069907","Census Tract 699.07; Brevard County; Florida","1363","178",
"1400000US12009071100","Census Tract 711; Brevard County; Florida","2448","232",
"1400000US12009071201","Census Tract 712.01; Brevard County; Florida","4541","533",
"1400000US12009071202","Census Tract 712.02; Brevard County; Florida","778","130",
"1400000US12009071203","Census Tract 712.03; Brevard County; Florida","1377","487",
"1400000US12009071204","Census Tract 712.04; Brevard County; Florida","206","199",
"1400000US12009071205","Census Tract 712.05; Brevard County; Florida","2422","419",
"1400000US12009071335","Census Tract 713.35; Brevard County; Florida","2328","278",
"1400000US12009071337","Census Tract 713.37; Brevard County; Florida","2885","326",
"1400000US12009071339","Census Tract 713.39; Brevard County; Florida","3372","353",
"1400000US12009071341","Census Tract 713.41; Brevard County; Florida","2744","212",
"1400000US12009071342","Census Tract 713.42; Brevard County; Florida","1617","202",
"1400000US12009071343","Census Tract 713.43; Brevard County; Florida","1709","347",
"1400000US12009071344","Census Tract 713.44; Brevard County; Florida","1784","106",
"1400000US12009071345","Census Tract 713.45; Brevard County; Florida","2909","217",
"1400000US12009071346","Census Tract 713.46; Brevard County; Florida","3004","367",
"1400000US12009071347","Census Tract 713.47; Brevard County; Florida","2608","410",
"1400000US12009071348","Census Tract 713.48; Brevard County; Florida","3215","413",
"1400000US12009071349","Census Tract 713.49; Brevard County; Florida","1592","238",
"1400000US12009071350","Census Tract 713.50; Brevard County; Florida","1995","109",
"1400000US12009071351","Census Tract 713.51; Brevard County; Florida","1497","274",
"1400000US12009071352","Census Tract 713.52; Brevard County; Florida","1874","334",
"1400000US12009071353","Census Tract 713.53; Brevard County; Florida","3297","172",
"1400000US12009071354","Census Tract 713.54; Brevard County; Florida","2938","365",
"1400000US12009071401","Census Tract 714.01; Brevard County; Florida","942","144",
"1400000US12009071402","Census Tract 714.02; Brevard County; Florida","1215","190",
"1400000US12009071500","Census Tract 715; Brevard County; Florida","1732","230",
"1400000US12009071601","Census Tract 716.01; Brevard County; Florida","1084","95",
"1400000US12009071602","Census Tract 716.02; Brevard County; Florida","1435","174",
"1400000US12009071700","Census Tract 717; Brevard County; Florida","4957","343",
"1400000US12009980000","Census Tract 9800; Brevard County; Florida","0","15",
"1400000US12009980100","Census Tract 9801; Brevard County; Florida","0","15",
"1400000US12009990000","Census Tract 9900; Brevard County; Florida","0","15",
"1400000US12011010102","Census Tract 101.02; Broward County; Florida","1585","167",
"1400000US12011010103","Census Tract 101.03; Broward County; Florida","2219","279",
"1400000US12011010104","Census Tract 101.04; Broward County; Florida","2285","214",
"1400000US12011010201","Census Tract 102.01; Broward County; Florida","1562","464",
"1400000US12011010202","Census Tract 102.02; Broward County; Florida","2161","493",
"1400000US12011010304","Census Tract 103.04; Broward County; Florida","1283","158",
"1400000US12011010305","Census Tract 103.05; Broward County; Florida","2874","295",
"1400000US12011010306","Census Tract 103.06; Broward County; Florida","1162","157",
"1400000US12011010307","Census Tract 103.07; Broward County; Florida","2326","347",
"1400000US12011010308","Census Tract 103.08; Broward County; Florida","3152","293",
"1400000US12011010401","Census Tract 104.01; Broward County; Florida","2038","237",
"1400000US12011010402","Census Tract 104.02; Broward County; Florida","3049","260",
"1400000US12011010403","Census Tract 104.03; Broward County; Florida","6724","460",
"1400000US12011010405","Census Tract 104.05; Broward County; Florida","4018","512",
"1400000US12011010406","Census Tract 104.06; Broward County; Florida","1927","154",
"1400000US12011010407","Census Tract 104.07; Broward County; Florida","3310","408",
"1400000US12011010502","Census Tract 105.02; Broward County; Florida","1347","77",
"1400000US12011010503","Census Tract 105.03; Broward County; Florida","7453","393",
"1400000US12011010504","Census Tract 105.04; Broward County; Florida","1915","182",
"1400000US12011010601","Census Tract 106.01; Broward County; Florida","3042","394",
"1400000US12011010603","Census Tract 106.03; Broward County; Florida","1801","180",
"1400000US12011010604","Census Tract 106.04; Broward County; Florida","1372","129",
"1400000US12011010605","Census Tract 106.05; Broward County; Florida","2247","265",
"1400000US12011010606","Census Tract 106.06; Broward County; Florida","3106","360",
"1400000US12011010609","Census Tract 106.09; Broward County; Florida","2119","274",
"1400000US12011010610","Census Tract 106.10; Broward County; Florida","2605","262",
"1400000US12011010611","Census Tract 106.11; Broward County; Florida","1106","77",
"1400000US12011010612","Census Tract 106.12; Broward County; Florida","2325","349",
"1400000US12011010613","Census Tract 106.13; Broward County; Florida","1110","197",
"1400000US12011010614","Census Tract 106.14; Broward County; Florida","976","59",
"1400000US12011010615","Census Tract 106.15; Broward County; Florida","1607","299",
"1400000US12011010701","Census Tract 107.01; Broward County; Florida","2273","264",
"1400000US12011010702","Census Tract 107.02; Broward County; Florida","3162","373",
"1400000US12011010800","Census Tract 108; Broward County; Florida","3166","399",
"1400000US12011010901","Census Tract 109.01; Broward County; Florida","1365","122",
"1400000US12011010902","Census Tract 109.02; Broward County; Florida","2169","229",
"1400000US12011011000","Census Tract 110; Broward County; Florida","2685","260",
"1400000US12011020101","Census Tract 201.01; Broward County; Florida","4033","531",
"1400000US12011020103","Census Tract 201.03; Broward County; Florida","2771","261",
"1400000US12011020104","Census Tract 201.04; Broward County; Florida","1363","210",
"1400000US12011020204","Census Tract 202.04; Broward County; Florida","2871","290",
"1400000US12011020205","Census Tract 202.05; Broward County; Florida","3042","323",
"1400000US12011020206","Census Tract 202.06; Broward County; Florida","1640","196",
"1400000US12011020209","Census Tract 202.09; Broward County; Florida","981","108",
"1400000US12011020210","Census Tract 202.10; Broward County; Florida","2473","331",
"1400000US12011020211","Census Tract 202.11; Broward County; Florida","1290","241",
"1400000US12011020212","Census Tract 202.12; Broward County; Florida","2665","762",
"1400000US12011020213","Census Tract 202.13; Broward County; Florida","2873","739",
"1400000US12011020214","Census Tract 202.14; Broward County; Florida","812","80",
"1400000US12011020302","Census Tract 203.02; Broward County; Florida","3430","338",
"1400000US12011020308","Census Tract 203.08; Broward County; Florida","1704","252",
"1400000US12011020309","Census Tract 203.09; Broward County; Florida","2102","213",
"1400000US12011020311","Census Tract 203.11; Broward County; Florida","1259","149",
"1400000US12011020312","Census Tract 203.12; Broward County; Florida","1667","119",
"1400000US12011020313","Census Tract 203.13; Broward County; Florida","2425","196",
"1400000US12011020314","Census Tract 203.14; Broward County; Florida","2201","268",
"1400000US12011020315","Census Tract 203.15; Broward County; Florida","1851","258",
"1400000US12011020316","Census Tract 203.16; Broward County; Florida","1765","235",
"1400000US12011020317","Census Tract 203.17; Broward County; Florida","1046","86",
"1400000US12011020318","Census Tract 203.18; Broward County; Florida","3334","313",
"1400000US12011020319","Census Tract 203.19; Broward County; Florida","2421","424",
"1400000US12011020320","Census Tract 203.20; Broward County; Florida","2040","167",
"1400000US12011020321","Census Tract 203.21; Broward County; Florida","672","180",
"1400000US12011020322","Census Tract 203.22; Broward County; Florida","1220","196",
"1400000US12011020323","Census Tract 203.23; Broward County; Florida","1681","247",
"1400000US12011020324","Census Tract 203.24; Broward County; Florida","3254","330",
"1400000US12011020325","Census Tract 203.25; Broward County; Florida","1498","391",
"1400000US12011020326","Census Tract 203.26; Broward County; Florida","1925","204",
"1400000US12011020404","Census Tract 204.04; Broward County; Florida","2883","318",
"1400000US12011020405","Census Tract 204.05; Broward County; Florida","1795","254",
"1400000US12011020406","Census Tract 204.06; Broward County; Florida","2883","533",
"1400000US12011020407","Census Tract 204.07; Broward County; Florida","2568","221",
"1400000US12011020412","Census Tract 204.12; Broward County; Florida","1245","102",
"1400000US12011020414","Census Tract 204.14; Broward County; Florida","2615","430",
"1400000US12011020415","Census Tract 204.15; Broward County; Florida","1807","182",
"1400000US12011020416","Census Tract 204.16; Broward County; Florida","1480","256",
"1400000US12011020417","Census Tract 204.17; Broward County; Florida","3482","487",
"1400000US12011020418","Census Tract 204.18; Broward County; Florida","1384","165",
"1400000US12011020419","Census Tract 204.19; Broward County; Florida","1482","206",
"1400000US12011020420","Census Tract 204.20; Broward County; Florida","1312","164",
"1400000US12011020421","Census Tract 204.21; Broward County; Florida","1921","212",
"1400000US12011020501","Census Tract 205.01; Broward County; Florida","1659","251",
"1400000US12011020502","Census Tract 205.02; Broward County; Florida","3159","280",
"1400000US12011030100","Census Tract 301; Broward County; Florida","2250","190",
"1400000US12011030201","Census Tract 302.01; Broward County; Florida","1584","102",
"1400000US12011030202","Census Tract 302.02; Broward County; Florida","800","72",
"1400000US12011030203","Census Tract 302.03; Broward County; Florida","1935","246",
"1400000US12011030301","Census Tract 303.01; Broward County; Florida","1457","113",
"1400000US12011030302","Census Tract 303.02; Broward County; Florida","2921","284",
"1400000US12011030401","Census Tract 304.01; Broward County; Florida","1038","131",
"1400000US12011030402","Census Tract 304.02; Broward County; Florida","1929","185",
"1400000US12011030500","Census Tract 305; Broward County; Florida","2254","195",
"1400000US12011030601","Census Tract 306.01; Broward County; Florida","762","60",
"1400000US12011030602","Census Tract 306.02; Broward County; Florida","1918","214",
"1400000US12011030702","Census Tract 307.02; Broward County; Florida","1296","202",
"1400000US12011030703","Census Tract 307.03; Broward County; Florida","2722","227",
"1400000US12011030704","Census Tract 307.04; Broward County; Florida","2944","214",
"1400000US12011030705","Census Tract 307.05; Broward County; Florida","3626","402",
"1400000US12011030803","Census Tract 308.03; Broward County; Florida","2221","240",
"1400000US12011030804","Census Tract 308.04; Broward County; Florida","1064","107",
"1400000US12011030805","Census Tract 308.05; Broward County; Florida","1912","245",
"1400000US12011030806","Census Tract 308.06; Broward County; Florida","3585","267",
"1400000US12011030902","Census Tract 309.02; Broward County; Florida","2246","276",
"1400000US12011030903","Census Tract 309.03; Broward County; Florida","2102","204",
"1400000US12011030904","Census Tract 309.04; Broward County; Florida","2376","290",
"1400000US12011031001","Census Tract 310.01; Broward County; Florida","1620","167",
"1400000US12011031002","Census Tract 310.02; Broward County; Florida","3152","498",
"1400000US12011031101","Census Tract 311.01; Broward County; Florida","1638","99",
"1400000US12011031102","Census Tract 311.02; Broward County; Florida","2405","185",
"1400000US12011031203","Census Tract 312.03; Broward County; Florida","1572","163",
"1400000US12011031204","Census Tract 312.04; Broward County; Florida","3267","266",
"1400000US12011031205","Census Tract 312.05; Broward County; Florida","1376","125",
"1400000US12011031206","Census Tract 312.06; Broward County; Florida","3172","245",
"1400000US12011031207","Census Tract 312.07; Broward County; Florida","4096","435",
"1400000US12011040101","Census Tract 401.01; Broward County; Florida","1400","209",
"1400000US12011040102","Census Tract 401.02; Broward County; Florida","2694","298",
"1400000US12011040203","Census Tract 402.03; Broward County; Florida","1208","175",
"1400000US12011040204","Census Tract 402.04; Broward County; Florida","2367","266",
"1400000US12011040205","Census Tract 402.05; Broward County; Florida","2632","330",
"1400000US12011040206","Census Tract 402.06; Broward County; Florida","2019","259",
"1400000US12011040300","Census Tract 403; Broward County; Florida","2178","242",
"1400000US12011040401","Census Tract 404.01; Broward County; Florida","1618","171",
"1400000US12011040402","Census Tract 404.02; Broward County; Florida","1669","223",
"1400000US12011040502","Census Tract 405.02; Broward County; Florida","3437","372",
"1400000US12011040503","Census Tract 405.03; Broward County; Florida","1758","124",
"1400000US12011040505","Census Tract 405.05; Broward County; Florida","1794","331",
"1400000US12011040506","Census Tract 405.06; Broward County; Florida","2787","286",
"1400000US12011040601","Census Tract 406.01; Broward County; Florida","2470","222",
"1400000US12011040602","Census Tract 406.02; Broward County; Florida","1575","198",
"1400000US12011040701","Census Tract 407.01; Broward County; Florida","1623","174",
"1400000US12011040702","Census Tract 407.02; Broward County; Florida","2526","317",
"1400000US12011040801","Census Tract 408.01; Broward County; Florida","1936","143",
"1400000US12011040802","Census Tract 408.02; Broward County; Florida","2547","214",
"1400000US12011040901","Census Tract 409.01; Broward County; Florida","1604","173",
"1400000US12011040902","Census Tract 409.02; Broward County; Florida","1420","555",
"1400000US12011041000","Census Tract 410; Broward County; Florida","1137","185",
"1400000US12011041100","Census Tract 411; Broward County; Florida","2103","281",
"1400000US12011041200","Census Tract 412; Broward County; Florida","1598","163",
"1400000US12011041300","Census Tract 413; Broward County; Florida","2285","217",
"1400000US12011041400","Census Tract 414; Broward County; Florida","1349","172",
"1400000US12011041500","Census Tract 415; Broward County; Florida","1598","132",
"1400000US12011041601","Census Tract 416.01; Broward County; Florida","1227","115",
"1400000US12011041602","Census Tract 416.02; Broward County; Florida","1309","186",
"1400000US12011041700","Census Tract 417; Broward County; Florida","2056","351",
"1400000US12011041801","Census Tract 418.01; Broward County; Florida","1129","123",
"1400000US12011041802","Census Tract 418.02; Broward County; Florida","2610","516",
"1400000US12011041900","Census Tract 419; Broward County; Florida","3327","448",
"1400000US12011042000","Census Tract 420; Broward County; Florida","2172","165",
"1400000US12011042100","Census Tract 421; Broward County; Florida","3088","270",
"1400000US12011042200","Census Tract 422; Broward County; Florida","2988","281",
"1400000US12011042301","Census Tract 423.01; Broward County; Florida","2971","293",
"1400000US12011042302","Census Tract 423.02; Broward County; Florida","1134","133",
"1400000US12011042400","Census Tract 424; Broward County; Florida","591","105",
"1400000US12011042501","Census Tract 425.01; Broward County; Florida","3967","322",
"1400000US12011042502","Census Tract 425.02; Broward County; Florida","4767","452",
"1400000US12011042601","Census Tract 426.01; Broward County; Florida","2226","197",
"1400000US12011042602","Census Tract 426.02; Broward County; Florida","1385","226",
"1400000US12011042700","Census Tract 427; Broward County; Florida","2550","337",
"1400000US12011042801","Census Tract 428.01; Broward County; Florida","1500","212",
"1400000US12011042802","Census Tract 428.02; Broward County; Florida","753","63",
"1400000US12011042900","Census Tract 429; Broward County; Florida","2583","335",
"1400000US12011043001","Census Tract 430.01; Broward County; Florida","823","195",
"1400000US12011043002","Census Tract 430.02; Broward County; Florida","2224","287",
"1400000US12011043100","Census Tract 431; Broward County; Florida","1849","187",
"1400000US12011043301","Census Tract 433.01; Broward County; Florida","2350","266",
"1400000US12011043302","Census Tract 433.02; Broward County; Florida","1029","126",
"1400000US12011050100","Census Tract 501; Broward County; Florida","1527","257",
"1400000US12011050204","Census Tract 502.04; Broward County; Florida","2887","576",
"1400000US12011050205","Census Tract 502.05; Broward County; Florida","2189","195",
"1400000US12011050206","Census Tract 502.06; Broward County; Florida","2735","274",
"1400000US12011050207","Census Tract 502.07; Broward County; Florida","3239","224",
"1400000US12011050208","Census Tract 502.08; Broward County; Florida","1674","316",
"1400000US12011050301","Census Tract 503.01; Broward County; Florida","2287","312",
"1400000US12011050306","Census Tract 503.06; Broward County; Florida","1882","238",
"1400000US12011050308","Census Tract 503.08; Broward County; Florida","865","80",
"1400000US12011050309","Census Tract 503.09; Broward County; Florida","1080","252",
"1400000US12011050311","Census Tract 503.11; Broward County; Florida","2804","350",
"1400000US12011050312","Census Tract 503.12; Broward County; Florida","1643","158",
"1400000US12011050313","Census Tract 503.13; Broward County; Florida","1696","485",
"1400000US12011050314","Census Tract 503.14; Broward County; Florida","1829","328",
"1400000US12011050315","Census Tract 503.15; Broward County; Florida","1327","128",
"1400000US12011050316","Census Tract 503.16; Broward County; Florida","1501","204",
"1400000US12011050401","Census Tract 504.01; Broward County; Florida","2004","187",
"1400000US12011050402","Census Tract 504.02; Broward County; Florida","1885","235",
"1400000US12011050501","Census Tract 505.01; Broward County; Florida","1376","121",
"1400000US12011050502","Census Tract 505.02; Broward County; Florida","1932","173",
"1400000US12011050601","Census Tract 506.01; Broward County; Florida","1672","153",
"1400000US12011050602","Census Tract 506.02; Broward County; Florida","2156","193",
"1400000US12011050701","Census Tract 507.01; Broward County; Florida","1316","111",
"1400000US12011050702","Census Tract 507.02; Broward County; Florida","2741","255",
"1400000US12011050800","Census Tract 508; Broward County; Florida","2055","279",
"1400000US12011050900","Census Tract 509; Broward County; Florida","3187","283",
"1400000US12011051001","Census Tract 510.01; Broward County; Florida","2485","224",
"1400000US12011051002","Census Tract 510.02; Broward County; Florida","1729","212",
"1400000US12011060105","Census Tract 601.05; Broward County; Florida","3191","329",
"1400000US12011060107","Census Tract 601.07; Broward County; Florida","2138","223",
"1400000US12011060109","Census Tract 601.09; Broward County; Florida","1799","278",
"1400000US12011060111","Census Tract 601.11; Broward County; Florida","3490","311",
"1400000US12011060113","Census Tract 601.13; Broward County; Florida","2318","246",
"1400000US12011060114","Census Tract 601.14; Broward County; Florida","2757","522",
"1400000US12011060115","Census Tract 601.15; Broward County; Florida","2823","293",
"1400000US12011060116","Census Tract 601.16; Broward County; Florida","2743","201",
"1400000US12011060117","Census Tract 601.17; Broward County; Florida","2834","252",
"1400000US12011060118","Census Tract 601.18; Broward County; Florida","1770","219",
"1400000US12011060119","Census Tract 601.19; Broward County; Florida","2981","321",
"1400000US12011060120","Census Tract 601.20; Broward County; Florida","3516","305",
"1400000US12011060121","Census Tract 601.21; Broward County; Florida","1787","123",
"1400000US12011060122","Census Tract 601.22; Broward County; Florida","2596","286",
"1400000US12011060123","Census Tract 601.23; Broward County; Florida","2026","229",
"1400000US12011060124","Census Tract 601.24; Broward County; Florida","3553","316",
"1400000US12011060125","Census Tract 601.25; Broward County; Florida","780","68",
"1400000US12011060126","Census Tract 601.26; Broward County; Florida","2140","352",
"1400000US12011060127","Census Tract 601.27; Broward County; Florida","1681","165",
"1400000US12011060128","Census Tract 601.28; Broward County; Florida","2882","240",
"1400000US12011060129","Census Tract 601.29; Broward County; Florida","1097","141",
"1400000US12011060130","Census Tract 601.30; Broward County; Florida","2576","283",
"1400000US12011060203","Census Tract 602.03; Broward County; Florida","1945","242",
"1400000US12011060206","Census Tract 602.06; Broward County; Florida","2135","248",
"1400000US12011060207","Census Tract 602.07; Broward County; Florida","2762","435",
"1400000US12011060208","Census Tract 602.08; Broward County; Florida","1893","219",
"1400000US12011060209","Census Tract 602.09; Broward County; Florida","768","85",
"1400000US12011060210","Census Tract 602.10; Broward County; Florida","1017","110",
"1400000US12011060211","Census Tract 602.11; Broward County; Florida","3026","439",
"1400000US12011060212","Census Tract 602.12; Broward County; Florida","988","104",
"1400000US12011060214","Census Tract 602.14; Broward County; Florida","1979","344",
"1400000US12011060215","Census Tract 602.15; Broward County; Florida","1871","384",
"1400000US12011060302","Census Tract 603.02; Broward County; Florida","2508","282",
"1400000US12011060303","Census Tract 603.03; Broward County; Florida","2825","210",
"1400000US12011060304","Census Tract 603.04; Broward County; Florida","1031","142",
"1400000US12011060305","Census Tract 603.05; Broward County; Florida","1116","85",
"1400000US12011060306","Census Tract 603.06; Broward County; Florida","1418","135",
"1400000US12011060401","Census Tract 604.01; Broward County; Florida","1999","199",
"1400000US12011060402","Census Tract 604.02; Broward County; Florida","2646","275",
"1400000US12011060404","Census Tract 604.04; Broward County; Florida","913","96",
"1400000US12011060405","Census Tract 604.05; Broward County; Florida","1985","437",
"1400000US12011060501","Census Tract 605.01; Broward County; Florida","2757","241",
"1400000US12011060503","Census Tract 605.03; Broward County; Florida","2017","220",
"1400000US12011060504","Census Tract 605.04; Broward County; Florida","1829","206",
"1400000US12011060505","Census Tract 605.05; Broward County; Florida","2774","310",
"1400000US12011060603","Census Tract 606.03; Broward County; Florida","2000","233",
"1400000US12011060605","Census Tract 606.05; Broward County; Florida","2304","329",
"1400000US12011060606","Census Tract 606.06; Broward County; Florida","2553","209",
"1400000US12011060607","Census Tract 606.07; Broward County; Florida","947","78",
"1400000US12011060608","Census Tract 606.08; Broward County; Florida","3499","356",
"1400000US12011060609","Census Tract 606.09; Broward County; Florida","1551","185",
"1400000US12011060700","Census Tract 607; Broward County; Florida","1218","115",
"1400000US12011060801","Census Tract 608.01; Broward County; Florida","604","42",
"1400000US12011060802","Census Tract 608.02; Broward County; Florida","2873","297",
"1400000US12011060900","Census Tract 609; Broward County; Florida","1512","207",
"1400000US12011061001","Census Tract 610.01; Broward County; Florida","2245","312",
"1400000US12011061003","Census Tract 610.03; Broward County; Florida","1295","112",
"1400000US12011061004","Census Tract 610.04; Broward County; Florida","3554","246",
"1400000US12011061100","Census Tract 611; Broward County; Florida","2749","288",
"1400000US12011070102","Census Tract 701.02; Broward County; Florida","546","72",
"1400000US12011070103","Census Tract 701.03; Broward County; Florida","2857","411",
"1400000US12011070104","Census Tract 701.04; Broward County; Florida","2368","292",
"1400000US12011070204","Census Tract 702.04; Broward County; Florida","2099","185",
"1400000US12011070205","Census Tract 702.05; Broward County; Florida","2239","371",
"1400000US12011070208","Census Tract 702.08; Broward County; Florida","2719","296",
"1400000US12011070209","Census Tract 702.09; Broward County; Florida","1776","163",
"1400000US12011070210","Census Tract 702.10; Broward County; Florida","2079","208",
"1400000US12011070211","Census Tract 702.11; Broward County; Florida","2547","328",
"1400000US12011070212","Census Tract 702.12; Broward County; Florida","2093","266",
"1400000US12011070213","Census Tract 702.13; Broward County; Florida","1347","178",
"1400000US12011070304","Census Tract 703.04; Broward County; Florida","2766","502",
"1400000US12011070306","Census Tract 703.06; Broward County; Florida","2558","297",
"1400000US12011070310","Census Tract 703.10; Broward County; Florida","1479","312",
"1400000US12011070311","Census Tract 703.11; Broward County; Florida","1951","174",
"1400000US12011070312","Census Tract 703.12; Broward County; Florida","2621","241",
"1400000US12011070314","Census Tract 703.14; Broward County; Florida","1532","190",
"1400000US12011070315","Census Tract 703.15; Broward County; Florida","1626","114",
"1400000US12011070316","Census Tract 703.16; Broward County; Florida","1881","161",
"1400000US12011070318","Census Tract 703.18; Broward County; Florida","2133","246",
"1400000US12011070319","Census Tract 703.19; Broward County; Florida","1266","89",
"1400000US12011070320","Census Tract 703.20; Broward County; Florida","2409","338",
"1400000US12011070321","Census Tract 703.21; Broward County; Florida","1393","151",
"1400000US12011070323","Census Tract 703.23; Broward County; Florida","1086","182",
"1400000US12011070324","Census Tract 703.24; Broward County; Florida","2139","198",
"1400000US12011070325","Census Tract 703.25; Broward County; Florida","1870","409",
"1400000US12011070326","Census Tract 703.26; Broward County; Florida","1983","223",
"1400000US12011070327","Census Tract 703.27; Broward County; Florida","2319","285",
"1400000US12011070328","Census Tract 703.28; Broward County; Florida","1102","240",
"1400000US12011070329","Census Tract 703.29; Broward County; Florida","931","140",
"1400000US12011070330","Census Tract 703.30; Broward County; Florida","1028","105",
"1400000US12011070331","Census Tract 703.31; Broward County; Florida","2340","407",
"1400000US12011070401","Census Tract 704.01; Broward County; Florida","2024","197",
"1400000US12011070402","Census Tract 704.02; Broward County; Florida","1150","115",
"1400000US12011070403","Census Tract 704.03; Broward County; Florida","1875","207",
"1400000US12011070404","Census Tract 704.04; Broward County; Florida","1233","178",
"1400000US12011070405","Census Tract 704.05; Broward County; Florida","1826","226",
"1400000US12011070501","Census Tract 705.01; Broward County; Florida","1849","174",
"1400000US12011070503","Census Tract 705.03; Broward County; Florida","2526","204",
"1400000US12011070504","Census Tract 705.04; Broward County; Florida","1843","326",
"1400000US12011070601","Census Tract 706.01; Broward County; Florida","2001","208",
"1400000US12011070602","Census Tract 706.02; Broward County; Florida","3365","359",
"1400000US12011080102","Census Tract 801.02; Broward County; Florida","2325","215",
"1400000US12011080103","Census Tract 801.03; Broward County; Florida","855","64",
"1400000US12011080104","Census Tract 801.04; Broward County; Florida","1438","173",
"1400000US12011080105","Census Tract 801.05; Broward County; Florida","1975","349",
"1400000US12011080200","Census Tract 802; Broward County; Florida","974","96",
"1400000US12011080402","Census Tract 804.02; Broward County; Florida","1838","266",
"1400000US12011080403","Census Tract 804.03; Broward County; Florida","2556","180",
"1400000US12011080405","Census Tract 804.05; Broward County; Florida","1242","175",
"1400000US12011080406","Census Tract 804.06; Broward County; Florida","2517","350",
"1400000US12011080500","Census Tract 805; Broward County; Florida","3305","581",
"1400000US12011090102","Census Tract 901.02; Broward County; Florida","2021","230",
"1400000US12011090103","Census Tract 901.03; Broward County; Florida","2923","277",
"1400000US12011090104","Census Tract 901.04; Broward County; Florida","4360","276",
"1400000US12011090200","Census Tract 902; Broward County; Florida","2021","200",
"1400000US12011090301","Census Tract 903.01; Broward County; Florida","1234","157",
"1400000US12011090303","Census Tract 903.03; Broward County; Florida","1396","160",
"1400000US12011090304","Census Tract 903.04; Broward County; Florida","2938","567",
"1400000US12011090401","Census Tract 904.01; Broward County; Florida","2178","205",
"1400000US12011090403","Census Tract 904.03; Broward County; Florida","1880","221",
"1400000US12011090404","Census Tract 904.04; Broward County; Florida","1953","261",
"1400000US12011090502","Census Tract 905.02; Broward County; Florida","2887","307",
"1400000US12011090503","Census Tract 905.03; Broward County; Florida","1201","192",
"1400000US12011090504","Census Tract 905.04; Broward County; Florida","1306","161",
"1400000US12011090601","Census Tract 906.01; Broward County; Florida","992","107",
"1400000US12011090602","Census Tract 906.02; Broward County; Florida","2875","287",
"1400000US12011090700","Census Tract 907; Broward County; Florida","2754","350",
"1400000US12011090801","Census Tract 908.01; Broward County; Florida","1397","91",
"1400000US12011090802","Census Tract 908.02; Broward County; Florida","2318","476",
"1400000US12011090900","Census Tract 909; Broward County; Florida","1863","172",
"1400000US12011091000","Census Tract 910; Broward County; Florida","1653","164",
"1400000US12011091100","Census Tract 911; Broward County; Florida","2766","263",
"1400000US12011091201","Census Tract 912.01; Broward County; Florida","2101","341",
"1400000US12011091202","Census Tract 912.02; Broward County; Florida","1589","179",
"1400000US12011091300","Census Tract 913; Broward County; Florida","1297","212",
"1400000US12011091400","Census Tract 914; Broward County; Florida","2083","154",
"1400000US12011091500","Census Tract 915; Broward County; Florida","1730","205",
"1400000US12011091601","Census Tract 916.01; Broward County; Florida","2868","208",
"1400000US12011091602","Census Tract 916.02; Broward County; Florida","1838","230",
"1400000US12011091701","Census Tract 917.01; Broward County; Florida","1594","219",
"1400000US12011091702","Census Tract 917.02; Broward County; Florida","2446","365",
"1400000US12011091802","Census Tract 918.02; Broward County; Florida","1125","81",
"1400000US12011091803","Census Tract 918.03; Broward County; Florida","1770","330",
"1400000US12011091804","Census Tract 918.04; Broward County; Florida","1207","159",
"1400000US12011091901","Census Tract 919.01; Broward County; Florida","2121","254",
"1400000US12011091903","Census Tract 919.03; Broward County; Florida","2229","258",
"1400000US12011091904","Census Tract 919.04; Broward County; Florida","974","183",
"1400000US12011092000","Census Tract 920; Broward County; Florida","1635","140",
"1400000US12011100103","Census Tract 1001.03; Broward County; Florida","3493","447",
"1400000US12011100104","Census Tract 1001.04; Broward County; Florida","3715","260",
"1400000US12011100105","Census Tract 1001.05; Broward County; Florida","4111","299",
"1400000US12011100106","Census Tract 1001.06; Broward County; Florida","2347","300",
"1400000US12011100107","Census Tract 1001.07; Broward County; Florida","1648","218",
"1400000US12011100108","Census Tract 1001.08; Broward County; Florida","1707","151",
"1400000US12011100201","Census Tract 1002.01; Broward County; Florida","1166","153",
"1400000US12011100203","Census Tract 1002.03; Broward County; Florida","1865","267",
"1400000US12011100204","Census Tract 1002.04; Broward County; Florida","1698","175",
"1400000US12011100301","Census Tract 1003.01; Broward County; Florida","1581","328",
"1400000US12011100302","Census Tract 1003.02; Broward County; Florida","1208","200",
"1400000US12011100400","Census Tract 1004; Broward County; Florida","2372","277",
"1400000US12011100501","Census Tract 1005.01; Broward County; Florida","560","92",
"1400000US12011100502","Census Tract 1005.02; Broward County; Florida","3141","264",
"1400000US12011100600","Census Tract 1006; Broward County; Florida","1688","189",
"1400000US12011100700","Census Tract 1007; Broward County; Florida","2458","230",
"1400000US12011100801","Census Tract 1008.01; Broward County; Florida","1260","168",
"1400000US12011100803","Census Tract 1008.03; Broward County; Florida","1024","123",
"1400000US12011100804","Census Tract 1008.04; Broward County; Florida","1653","194",
"1400000US12011110100","Census Tract 1101; Broward County; Florida","1988","200",
"1400000US12011110301","Census Tract 1103.01; Broward County; Florida","2122","162",
"1400000US12011110303","Census Tract 1103.03; Broward County; Florida","1280","96",
"1400000US12011110307","Census Tract 1103.07; Broward County; Florida","2018","213",
"1400000US12011110308","Census Tract 1103.08; Broward County; Florida","2346","234",
"1400000US12011110309","Census Tract 1103.09; Broward County; Florida","3097","490",
"1400000US12011110311","Census Tract 1103.11; Broward County; Florida","2729","495",
"1400000US12011110312","Census Tract 1103.12; Broward County; Florida","2640","267",
"1400000US12011110313","Census Tract 1103.13; Broward County; Florida","1879","111",
"1400000US12011110319","Census Tract 1103.19; Broward County; Florida","1950","165",
"1400000US12011110321","Census Tract 1103.21; Broward County; Florida","1722","199",
"1400000US12011110323","Census Tract 1103.23; Broward County; Florida","2622","344",
"1400000US12011110326","Census Tract 1103.26; Broward County; Florida","1410","203",
"1400000US12011110327","Census Tract 1103.27; Broward County; Florida","2019","128",
"1400000US12011110328","Census Tract 1103.28; Broward County; Florida","2147","200",
"1400000US12011110330","Census Tract 1103.30; Broward County; Florida","1202","173",
"1400000US12011110332","Census Tract 1103.32; Broward County; Florida","2235","195",
"1400000US12011110333","Census Tract 1103.33; Broward County; Florida","2041","322",
"1400000US12011110334","Census Tract 1103.34; Broward County; Florida","2389","256",
"1400000US12011110337","Census Tract 1103.37; Broward County; Florida","3740","282",
"1400000US12011110338","Census Tract 1103.38; Broward County; Florida","1783","234",
"1400000US12011110339","Census Tract 1103.39; Broward County; Florida","2233","221",
"1400000US12011110341","Census Tract 1103.41; Broward County; Florida","1489","130",
"1400000US12011110344","Census Tract 1103.44; Broward County; Florida","1246","283",
"1400000US12011110345","Census Tract 1103.45; Broward County; Florida","1491","110",
"1400000US12011110346","Census Tract 1103.46; Broward County; Florida","2028","272",
"1400000US12011110347","Census Tract 1103.47; Broward County; Florida","1861","458",
"1400000US12011110348","Census Tract 1103.48; Broward County; Florida","2433","190",
"1400000US12011110349","Census Tract 1103.49; Broward County; Florida","1549","163",
"1400000US12011110350","Census Tract 1103.50; Broward County; Florida","914","163",
"1400000US12011110351","Census Tract 1103.51; Broward County; Florida","2385","229",
"1400000US12011110352","Census Tract 1103.52; Broward County; Florida","1225","130",
"1400000US12011110353","Census Tract 1103.53; Broward County; Florida","2761","508",
"1400000US12011110354","Census Tract 1103.54; Broward County; Florida","3453","450",
"1400000US12011110355","Census Tract 1103.55; Broward County; Florida","3725","843",
"1400000US12011110356","Census Tract 1103.56; Broward County; Florida","1733","442",
"1400000US12011110357","Census Tract 1103.57; Broward County; Florida","2207","284",
"1400000US12011110358","Census Tract 1103.58; Broward County; Florida","1801","385",
"1400000US12011110359","Census Tract 1103.59; Broward County; Florida","1754","175",
"1400000US12011110360","Census Tract 1103.60; Broward County; Florida","1509","242",
"1400000US12011110361","Census Tract 1103.61; Broward County; Florida","3226","351",
"1400000US12011110362","Census Tract 1103.62; Broward County; Florida","2748","701",
"1400000US12011110363","Census Tract 1103.63; Broward County; Florida","1554","510",
"1400000US12011110364","Census Tract 1103.64; Broward County; Florida","2378","293",
"1400000US12011110365","Census Tract 1103.65; Broward County; Florida","2535","207",
"1400000US12011110366","Census Tract 1103.66; Broward County; Florida","1962","604",
"1400000US12011110367","Census Tract 1103.67; Broward County; Florida","2848","383",
"1400000US12011110368","Census Tract 1103.68; Broward County; Florida","964","81",
"1400000US12011110402","Census Tract 1104.02; Broward County; Florida","1492","221",
"1400000US12011110403","Census Tract 1104.03; Broward County; Florida","1445","79",
"1400000US12011110404","Census Tract 1104.04; Broward County; Florida","2118","322",
"1400000US12011110501","Census Tract 1105.01; Broward County; Florida","1118","166",
"1400000US12011110502","Census Tract 1105.02; Broward County; Florida","1761","221",
"1400000US12011110600","Census Tract 1106; Broward County; Florida","2619","401",
"1400000US12011980000","Census Tract 9800; Broward County; Florida","0","15",
"1400000US12011990000","Census Tract 9900; Broward County; Florida","0","15",
"1400000US12013010100","Census Tract 101; Calhoun County; Florida","1018","132",
"1400000US12013010200","Census Tract 102; Calhoun County; Florida","1849","147",
"1400000US12013010301","Census Tract 103.01; Calhoun County; Florida","1556","187",
"1400000US12013010302","Census Tract 103.02; Calhoun County; Florida","1260","179",
"1400000US12015010100","Census Tract 101; Charlotte County; Florida","3116","249",
"1400000US12015010200","Census Tract 102; Charlotte County; Florida","2983","383",
"1400000US12015010301","Census Tract 103.01; Charlotte County; Florida","2608","142",
"1400000US12015010302","Census Tract 103.02; Charlotte County; Florida","2868","260",
"1400000US12015010401","Census Tract 104.01; Charlotte County; Florida","2274","185",
"1400000US12015010402","Census Tract 104.02; Charlotte County; Florida","1953","199",
"1400000US12015010405","Census Tract 104.05; Charlotte County; Florida","5089","389",
"1400000US12015010503","Census Tract 105.03; Charlotte County; Florida","1887","340",
"1400000US12015010504","Census Tract 105.04; Charlotte County; Florida","1246","159",
"1400000US12015010505","Census Tract 105.05; Charlotte County; Florida","3419","285",
"1400000US12015010506","Census Tract 105.06; Charlotte County; Florida","1690","163",
"1400000US12015020101","Census Tract 201.01; Charlotte County; Florida","4623","432",
"1400000US12015020103","Census Tract 201.03; Charlotte County; Florida","3306","263",
"1400000US12015020104","Census Tract 201.04; Charlotte County; Florida","2330","207",
"1400000US12015020203","Census Tract 202.03; Charlotte County; Florida","1973","185",
"1400000US12015020204","Census Tract 202.04; Charlotte County; Florida","1856","240",
"1400000US12015020205","Census Tract 202.05; Charlotte County; Florida","2376","434",
"1400000US12015020206","Census Tract 202.06; Charlotte County; Florida","1456","120",
"1400000US12015020301","Census Tract 203.01; Charlotte County; Florida","3573","259",
"1400000US12015020302","Census Tract 203.02; Charlotte County; Florida","2093","226",
"1400000US12015020303","Census Tract 203.03; Charlotte County; Florida","2474","233",
"1400000US12015020401","Census Tract 204.01; Charlotte County; Florida","3050","436",
"1400000US12015020402","Census Tract 204.02; Charlotte County; Florida","3541","221",
"1400000US12015020501","Census Tract 205.01; Charlotte County; Florida","2874","194",
"1400000US12015020502","Census Tract 205.02; Charlotte County; Florida","1039","235",
"1400000US12015020601","Census Tract 206.01; Charlotte County; Florida","1506","142",
"1400000US12015020602","Census Tract 206.02; Charlotte County; Florida","1924","251",
"1400000US12015020700","Census Tract 207; Charlotte County; Florida","3246","373",
"1400000US12015020800","Census Tract 208; Charlotte County; Florida","2388","261",
"1400000US12015020900","Census Tract 209; Charlotte County; Florida","3097","297",
"1400000US12015021001","Census Tract 210.01; Charlotte County; Florida","987","124",
"1400000US12015021002","Census Tract 210.02; Charlotte County; Florida","2707","191",
"1400000US12015021003","Census Tract 210.03; Charlotte County; Florida","2470","323",
"1400000US12015030101","Census Tract 301.01; Charlotte County; Florida","2026","313",
"1400000US12015030102","Census Tract 301.02; Charlotte County; Florida","2317","178",
"1400000US12015030201","Census Tract 302.01; Charlotte County; Florida","3001","230",
"1400000US12015030202","Census Tract 302.02; Charlotte County; Florida","1649","175",
"1400000US12015030301","Census Tract 303.01; Charlotte County; Florida","3545","329",
"1400000US12015030302","Census Tract 303.02; Charlotte County; Florida","3033","230",
"1400000US12015030401","Census Tract 304.01; Charlotte County; Florida","1826","160",
"1400000US12015030402","Census Tract 304.02; Charlotte County; Florida","3035","361",
"1400000US12015030501","Census Tract 305.01; Charlotte County; Florida","4096","301",
"1400000US12015030504","Census Tract 305.04; Charlotte County; Florida","1055","257",
"1400000US12015030505","Census Tract 305.05; Charlotte County; Florida","4298","401",
"1400000US12015030506","Census Tract 305.06; Charlotte County; Florida","2679","238",
"1400000US12015030507","Census Tract 305.07; Charlotte County; Florida","2097","139",
"1400000US12015990000","Census Tract 9900; Charlotte County; Florida","0","15",
"1400000US12017450103","Census Tract 4501.03; Citrus County; Florida","2421","270",
"1400000US12017450104","Census Tract 4501.04; Citrus County; Florida","1483","160",
"1400000US12017450105","Census Tract 4501.05; Citrus County; Florida","1533","186",
"1400000US12017450106","Census Tract 4501.06; Citrus County; Florida","1588","267",
"1400000US12017450201","Census Tract 4502.01; Citrus County; Florida","2100","192",
"1400000US12017450202","Census Tract 4502.02; Citrus County; Florida","3092","285",
"1400000US12017450305","Census Tract 4503.05; Citrus County; Florida","1579","154",
"1400000US12017450306","Census Tract 4503.06; Citrus County; Florida","1647","193",
"1400000US12017450307","Census Tract 4503.07; Citrus County; Florida","2525","174",
"1400000US12017450308","Census Tract 4503.08; Citrus County; Florida","2785","425",
"1400000US12017450309","Census Tract 4503.09; Citrus County; Florida","2949","268",
"1400000US12017450310","Census Tract 4503.10; Citrus County; Florida","2041","131",
"1400000US12017450401","Census Tract 4504.01; Citrus County; Florida","1798","218",
"1400000US12017450402","Census Tract 4504.02; Citrus County; Florida","2232","363",
"1400000US12017450501","Census Tract 4505.01; Citrus County; Florida","1571","221",
"1400000US12017450502","Census Tract 4505.02; Citrus County; Florida","1921","267",
"1400000US12017450601","Census Tract 4506.01; Citrus County; Florida","2733","252",
"1400000US12017450602","Census Tract 4506.02; Citrus County; Florida","2616","395",
"1400000US12017450703","Census Tract 4507.03; Citrus County; Florida","3283","358",
"1400000US12017450704","Census Tract 4507.04; Citrus County; Florida","1795","499",
"1400000US12017450705","Census Tract 4507.05; Citrus County; Florida","2559","164",
"1400000US12017450706","Census Tract 4507.06; Citrus County; Florida","1748","168",
"1400000US12017450800","Census Tract 4508; Citrus County; Florida","2920","335",
"1400000US12017450901","Census Tract 4509.01; Citrus County; Florida","1957","183",
"1400000US12017450902","Census Tract 4509.02; Citrus County; Florida","1620","204",
"1400000US12017451001","Census Tract 4510.01; Citrus County; Florida","1493","205",
"1400000US12017451002","Census Tract 4510.02; Citrus County; Florida","1964","224",
"1400000US12017451101","Census Tract 4511.01; Citrus County; Florida","1163","125",
"1400000US12017451103","Census Tract 4511.03; Citrus County; Florida","1604","246",
"1400000US12017451104","Census Tract 4511.04; Citrus County; Florida","1766","193",
"1400000US12017451200","Census Tract 4512; Citrus County; Florida","2674","270",
"1400000US12017451300","Census Tract 4513; Citrus County; Florida","1901","303",
"1400000US12017451400","Census Tract 4514; Citrus County; Florida","2287","247",
"1400000US12017451501","Census Tract 4515.01; Citrus County; Florida","1555","125",
"1400000US12017451502","Census Tract 4515.02; Citrus County; Florida","3331","347",
"1400000US12017451603","Census Tract 4516.03; Citrus County; Florida","880","102",
"1400000US12017451604","Census Tract 4516.04; Citrus County; Florida","2214","172",
"1400000US12017451605","Census Tract 4516.05; Citrus County; Florida","1318","180",
"1400000US12017451606","Census Tract 4516.06; Citrus County; Florida","2801","196",
"1400000US12017451701","Census Tract 4517.01; Citrus County; Florida","1818","263",
"1400000US12017451702","Census Tract 4517.02; Citrus County; Florida","1664","230",
"1400000US12017990000","Census Tract 9900; Citrus County; Florida","0","15",
"1400000US12019030103","Census Tract 301.03; Clay County; Florida","2401","238",
"1400000US12019030104","Census Tract 301.04; Clay County; Florida","1388","168",
"1400000US12019030105","Census Tract 301.05; Clay County; Florida","1467","370",
"1400000US12019030106","Census Tract 301.06; Clay County; Florida","2103","293",
"1400000US12019030204","Census Tract 302.04; Clay County; Florida","2800","274",
"1400000US12019030205","Census Tract 302.05; Clay County; Florida","6017","552",
"1400000US12019030206","Census Tract 302.06; Clay County; Florida","2583","355",
"1400000US12019030207","Census Tract 302.07; Clay County; Florida","2454","220",
"1400000US12019030208","Census Tract 302.08; Clay County; Florida","1356","234",
"1400000US12019030209","Census Tract 302.09; Clay County; Florida","1847","179",
"1400000US12019030210","Census Tract 302.10; Clay County; Florida","1907","469",
"1400000US12019030303","Census Tract 303.03; Clay County; Florida","1337","200",
"1400000US12019030304","Census Tract 303.04; Clay County; Florida","1990","179",
"1400000US12019030305","Census Tract 303.05; Clay County; Florida","2651","375",
"1400000US12019030306","Census Tract 303.06; Clay County; Florida","1041","226",
"1400000US12019030400","Census Tract 304; Clay County; Florida","861","111",
"1400000US12019030500","Census Tract 305; Clay County; Florida","1134","137",
"1400000US12019030600","Census Tract 306; Clay County; Florida","2112","304",
"1400000US12019030701","Census Tract 307.01; Clay County; Florida","3533","410",
"1400000US12019030704","Census Tract 307.04; Clay County; Florida","1962","236",
"1400000US12019030705","Census Tract 307.05; Clay County; Florida","2288","229",
"1400000US12019030706","Census Tract 307.06; Clay County; Florida","1482","232",
"1400000US12019030707","Census Tract 307.07; Clay County; Florida","3087","415",
"1400000US12019030708","Census Tract 307.08; Clay County; Florida","1533","248",
"1400000US12019030801","Census Tract 308.01; Clay County; Florida","2267","382",
"1400000US12019030802","Census Tract 308.02; Clay County; Florida","2509","229",
"1400000US12019030903","Census Tract 309.03; Clay County; Florida","1728","241",
"1400000US12019030904","Census Tract 309.04; Clay County; Florida","2781","224",
"1400000US12019030905","Census Tract 309.05; Clay County; Florida","2041","151",
"1400000US12019030906","Census Tract 309.06; Clay County; Florida","2094","258",
"1400000US12019031101","Census Tract 311.01; Clay County; Florida","1284","135",
"1400000US12019031104","Census Tract 311.04; Clay County; Florida","1752","216",
"1400000US12019031105","Census Tract 311.05; Clay County; Florida","864","85",
"1400000US12019031108","Census Tract 311.08; Clay County; Florida","825","120",
"1400000US12019031109","Census Tract 311.09; Clay County; Florida","1347","154",
"1400000US12019031110","Census Tract 311.10; Clay County; Florida","2157","270",
"1400000US12019031201","Census Tract 312.01; Clay County; Florida","1257","165",
"1400000US12019031202","Census Tract 312.02; Clay County; Florida","4062","476",
"1400000US12019031203","Census Tract 312.03; Clay County; Florida","2452","623",
"1400000US12019031301","Census Tract 313.01; Clay County; Florida","1232","249",
"1400000US12019031302","Census Tract 313.02; Clay County; Florida","1385","138",
"1400000US12019031303","Census Tract 313.03; Clay County; Florida","1432","263",
"1400000US12019031400","Census Tract 314; Clay County; Florida","2404","219",
"1400000US12019031500","Census Tract 315; Clay County; Florida","1393","243",
"1400000US12019980000","Census Tract 9800; Clay County; Florida","369","136",
"1400000US12021000101","Census Tract 1.01; Collier County; Florida","2059","275",
"1400000US12021000102","Census Tract 1.02; Collier County; Florida","1505","153",
"1400000US12021000200","Census Tract 2; Collier County; Florida","1068","185",
"1400000US12021000301","Census Tract 3.01; Collier County; Florida","2543","218",
"1400000US12021000302","Census Tract 3.02; Collier County; Florida","945","108",
"1400000US12021000401","Census Tract 4.01; Collier County; Florida","3484","209",
"1400000US12021000402","Census Tract 4.02; Collier County; Florida","2707","402",
"1400000US12021000500","Census Tract 5; Collier County; Florida","1303","194",
"1400000US12021000600","Census Tract 6; Collier County; Florida","1072","121",
"1400000US12021000700","Census Tract 7; Collier County; Florida","972","115",
"1400000US12021010102","Census Tract 101.02; Collier County; Florida","3981","354",
"1400000US12021010107","Census Tract 101.07; Collier County; Florida","2504","366",
"1400000US12021010108","Census Tract 101.08; Collier County; Florida","1830","309",
"1400000US12021010109","Census Tract 101.09; Collier County; Florida","1459","129",
"1400000US12021010110","Census Tract 101.10; Collier County; Florida","2384","232",
"1400000US12021010111","Census Tract 101.11; Collier County; Florida","2374","332",
"1400000US12021010112","Census Tract 101.12; Collier County; Florida","1303","140",
"1400000US12021010113","Census Tract 101.13; Collier County; Florida","2460","320",
"1400000US12021010114","Census Tract 101.14; Collier County; Florida","1654","157",
"1400000US12021010205","Census Tract 102.05; Collier County; Florida","1950","236",
"1400000US12021010208","Census Tract 102.08; Collier County; Florida","3395","257",
"1400000US12021010209","Census Tract 102.09; Collier County; Florida","3498","262",
"1400000US12021010210","Census Tract 102.10; Collier County; Florida","2640","244",
"1400000US12021010211","Census Tract 102.11; Collier County; Florida","1977","186",
"1400000US12021010213","Census Tract 102.13; Collier County; Florida","3147","231",
"1400000US12021010215","Census Tract 102.15; Collier County; Florida","3323","196",
"1400000US12021010216","Census Tract 102.16; Collier County; Florida","1904","156",
"1400000US12021010217","Census Tract 102.17; Collier County; Florida","1667","202",
"1400000US12021010300","Census Tract 103; Collier County; Florida","2280","229",
"1400000US12021010401","Census Tract 104.01; Collier County; Florida","2195","206",
"1400000US12021010408","Census Tract 104.08; Collier County; Florida","1212","202",
"1400000US12021010411","Census Tract 104.11; Collier County; Florida","2444","233",
"1400000US12021010416","Census Tract 104.16; Collier County; Florida","3647","263",
"1400000US12021010419","Census Tract 104.19; Collier County; Florida","1159","123",
"1400000US12021010420","Census Tract 104.20; Collier County; Florida","2154","278",
"1400000US12021010421","Census Tract 104.21; Collier County; Florida","1480","194",
"1400000US12021010422","Census Tract 104.22; Collier County; Florida","1293","284",
"1400000US12021010423","Census Tract 104.23; Collier County; Florida","4599","403",
"1400000US12021010424","Census Tract 104.24; Collier County; Florida","2234","445",
"1400000US12021010425","Census Tract 104.25; Collier County; Florida","905","161",
"1400000US12021010426","Census Tract 104.26; Collier County; Florida","1875","68",
"1400000US12021010427","Census Tract 104.27; Collier County; Florida","483","47",
"1400000US12021010428","Census Tract 104.28; Collier County; Florida","2706","615",
"1400000US12021010429","Census Tract 104.29; Collier County; Florida","1706","217",
"1400000US12021010430","Census Tract 104.30; Collier County; Florida","2244","406",
"1400000US12021010431","Census Tract 104.31; Collier County; Florida","1639","206",
"1400000US12021010432","Census Tract 104.32; Collier County; Florida","2464","212",
"1400000US12021010433","Census Tract 104.33; Collier County; Florida","1208","228",
"1400000US12021010434","Census Tract 104.34; Collier County; Florida","3945","403",
"1400000US12021010435","Census Tract 104.35; Collier County; Florida","3363","460",
"1400000US12021010436","Census Tract 104.36; Collier County; Florida","3405","323",
"1400000US12021010437","Census Tract 104.37; Collier County; Florida","1355","154",
"1400000US12021010438","Census Tract 104.38; Collier County; Florida","2534","347",
"1400000US12021010508","Census Tract 105.08; Collier County; Florida","2945","334",
"1400000US12021010511","Census Tract 105.11; Collier County; Florida","2852","193",
"1400000US12021010512","Census Tract 105.12; Collier County; Florida","1254","91",
"1400000US12021010513","Census Tract 105.13; Collier County; Florida","1240","92",
"1400000US12021010514","Census Tract 105.14; Collier County; Florida","1788","196",
"1400000US12021010515","Census Tract 105.15; Collier County; Florida","1958","402",
"1400000US12021010516","Census Tract 105.16; Collier County; Florida","1790","288",
"1400000US12021010517","Census Tract 105.17; Collier County; Florida","1165","217",
"1400000US12021010518","Census Tract 105.18; Collier County; Florida","4355","382",
"1400000US12021010519","Census Tract 105.19; Collier County; Florida","1410","200",
"1400000US12021010520","Census Tract 105.20; Collier County; Florida","2148","217",
"1400000US12021010601","Census Tract 106.01; Collier County; Florida","1170","129",
"1400000US12021010602","Census Tract 106.02; Collier County; Florida","2171","332",
"1400000US12021010604","Census Tract 106.04; Collier County; Florida","2611","240",
"1400000US12021010605","Census Tract 106.05; Collier County; Florida","1795","156",
"1400000US12021010606","Census Tract 106.06; Collier County; Florida","1837","237",
"1400000US12021010701","Census Tract 107.01; Collier County; Florida","3078","284",
"1400000US12021010702","Census Tract 107.02; Collier County; Florida","3229","371",
"1400000US12021010801","Census Tract 108.01; Collier County; Florida","2754","187",
"1400000US12021010804","Census Tract 108.04; Collier County; Florida","1494","230",
"1400000US12021010805","Census Tract 108.05; Collier County; Florida","1746","330",
"1400000US12021010806","Census Tract 108.06; Collier County; Florida","1285","141",
"1400000US12021010807","Census Tract 108.07; Collier County; Florida","4819","450",
"1400000US12021010808","Census Tract 108.08; Collier County; Florida","3781","356",
"1400000US12021010902","Census Tract 109.02; Collier County; Florida","2364","231",
"1400000US12021010904","Census Tract 109.04; Collier County; Florida","2521","335",
"1400000US12021010905","Census Tract 109.05; Collier County; Florida","3248","308",
"1400000US12021010906","Census Tract 109.06; Collier County; Florida","1253","218",
"1400000US12021010907","Census Tract 109.07; Collier County; Florida","2640","265",
"1400000US12021011003","Census Tract 110.03; Collier County; Florida","6671","365",
"1400000US12021011103","Census Tract 111.03; Collier County; Florida","1695","206",
"1400000US12021011107","Census Tract 111.07; Collier County; Florida","1077","369",
"1400000US12021011108","Census Tract 111.08; Collier County; Florida","5062","333",
"1400000US12021011109","Census Tract 111.09; Collier County; Florida","1929","230",
"1400000US12021011110","Census Tract 111.10; Collier County; Florida","1439","160",
"1400000US12021011111","Census Tract 111.11; Collier County; Florida","2340","231",
"1400000US12021011112","Census Tract 111.12; Collier County; Florida","1690","157",
"1400000US12021011113","Census Tract 111.13; Collier County; Florida","688","43",
"1400000US12021011114","Census Tract 111.14; Collier County; Florida","2738","326",
"1400000US12021011204","Census Tract 112.04; Collier County; Florida","1326","230",
"1400000US12021011205","Census Tract 112.05; Collier County; Florida","1065","163",
"1400000US12021011206","Census Tract 112.06; Collier County; Florida","2549","418",
"1400000US12021011207","Census Tract 112.07; Collier County; Florida","1472","93",
"1400000US12021011208","Census Tract 112.08; Collier County; Florida","3154","374",
"1400000US12021011209","Census Tract 112.09; Collier County; Florida","3993","486",
"1400000US12021011210","Census Tract 112.10; Collier County; Florida","3261","514",
"1400000US12021011211","Census Tract 112.11; Collier County; Florida","2183","452",
"1400000US12021011212","Census Tract 112.12; Collier County; Florida","2298","250",
"1400000US12021011213","Census Tract 112.13; Collier County; Florida","3876","288",
"1400000US12021011214","Census Tract 112.14; Collier County; Florida","1544","469",
"1400000US12021011303","Census Tract 113.03; Collier County; Florida","1164","155",
"1400000US12021011304","Census Tract 113.04; Collier County; Florida","801","70",
"1400000US12021011305","Census Tract 113.05; Collier County; Florida","821","132",
"1400000US12021011306","Census Tract 113.06; Collier County; Florida","1013","120",
"1400000US12021011400","Census Tract 114; Collier County; Florida","1219","161",
"1400000US12021990000","Census Tract 9900; Collier County; Florida","0","15",
"1400000US12023110201","Census Tract 1102.01; Columbia County; Florida","1952","214",
"1400000US12023110202","Census Tract 1102.02; Columbia County; Florida","2692","356",
"1400000US12023110300","Census Tract 1103; Columbia County; Florida","2551","375",
"1400000US12023110400","Census Tract 1104; Columbia County; Florida","1193","170",
"1400000US12023110500","Census Tract 1105; Columbia County; Florida","3382","312",
"1400000US12023110602","Census Tract 1106.02; Columbia County; Florida","1852","200",
"1400000US12023110603","Census Tract 1106.03; Columbia County; Florida","1321","285",
"1400000US12023110604","Census Tract 1106.04; Columbia County; Florida","2986","217",
"1400000US12023110700","Census Tract 1107; Columbia County; Florida","2118","192",
"1400000US12023110800","Census Tract 1108; Columbia County; Florida","2834","268",
"1400000US12023110901","Census Tract 1109.01; Columbia County; Florida","2303","200",
"1400000US12023110903","Census Tract 1109.03; Columbia County; Florida","2137","273",
"1400000US12023110904","Census Tract 1109.04; Columbia County; Florida","2979","264",
"1400000US12027010101","Census Tract 101.01; DeSoto County; Florida","2585","218",
"1400000US12027010102","Census Tract 101.02; DeSoto County; Florida","1143","191",
"1400000US12027010200","Census Tract 102; DeSoto County; Florida","2513","296",
"1400000US12027010301","Census Tract 103.01; DeSoto County; Florida","2777","302",
"1400000US12027010302","Census Tract 103.02; DeSoto County; Florida","923","164",
"1400000US12027010403","Census Tract 104.03; DeSoto County; Florida","1947","201",
"1400000US12027010404","Census Tract 104.04; DeSoto County; Florida","1342","286",
"1400000US12027010405","Census Tract 104.05; DeSoto County; Florida","1224","165",
"1400000US12027010406","Census Tract 104.06; DeSoto County; Florida","1418","170",
"1400000US12029970101","Census Tract 9701.01; Dixie County; Florida","1936","251",
"1400000US12029970103","Census Tract 9701.03; Dixie County; Florida","2422","285",
"1400000US12029970104","Census Tract 9701.04; Dixie County; Florida","1900","214",
"1400000US12029970201","Census Tract 9702.01; Dixie County; Florida","1753","234",
"1400000US12029970202","Census Tract 9702.02; Dixie County; Florida","1421","172",
"1400000US12029990000","Census Tract 9900; Dixie County; Florida","0","15",
"1400000US12031000101","Census Tract 1.01; Duval County; Florida","1763","508",
"1400000US12031000102","Census Tract 1.02; Duval County; Florida","1460","196",
"1400000US12031000200","Census Tract 2; Duval County; Florida","1298","148",
"1400000US12031000300","Census Tract 3; Duval County; Florida","996","84",
"1400000US12031000600","Census Tract 6; Duval County; Florida","3413","363",
"1400000US12031000700","Census Tract 7; Duval County; Florida","2058","204",
"1400000US12031000800","Census Tract 8; Duval County; Florida","2842","304",
"1400000US12031001000","Census Tract 10; Duval County; Florida","1066","166",
"1400000US12031001100","Census Tract 11; Duval County; Florida","1166","141",
"1400000US12031001200","Census Tract 12; Duval County; Florida","1273","143",
"1400000US12031001300","Census Tract 13; Duval County; Florida","1866","171",
"1400000US12031001401","Census Tract 14.01; Duval County; Florida","1616","227",
"1400000US12031001402","Census Tract 14.02; Duval County; Florida","1127","98",
"1400000US12031001500","Census Tract 15; Duval County; Florida","2213","240",
"1400000US12031001600","Census Tract 16; Duval County; Florida","847","188",
"1400000US12031002101","Census Tract 21.01; Duval County; Florida","2062","274",
"1400000US12031002102","Census Tract 21.02; Duval County; Florida","1435","95",
"1400000US12031002200","Census Tract 22; Duval County; Florida","2579","240",
"1400000US12031002300","Census Tract 23; Duval County; Florida","999","134",
"1400000US12031002400","Census Tract 24; Duval County; Florida","847","84",
"1400000US12031002501","Census Tract 25.01; Duval County; Florida","2399","300",
"1400000US12031002502","Census Tract 25.02; Duval County; Florida","2099","261",
"1400000US12031002600","Census Tract 26; Duval County; Florida","1811","275",
"1400000US12031002701","Census Tract 27.01; Duval County; Florida","1497","221",
"1400000US12031002702","Census Tract 27.02; Duval County; Florida","1718","192",
"1400000US12031002801","Census Tract 28.01; Duval County; Florida","2305","264",
"1400000US12031002802","Census Tract 28.02; Duval County; Florida","2396","283",
"1400000US12031002901","Census Tract 29.01; Duval County; Florida","1959","193",
"1400000US12031002902","Census Tract 29.02; Duval County; Florida","2114","403",
"1400000US12031010101","Census Tract 101.01; Duval County; Florida","3639","334",
"1400000US12031010104","Census Tract 101.04; Duval County; Florida","2595","279",
"1400000US12031010105","Census Tract 101.05; Duval County; Florida","1101","93",
"1400000US12031010106","Census Tract 101.06; Duval County; Florida","2276","210",
"1400000US12031010107","Census Tract 101.07; Duval County; Florida","2184","323",
"1400000US12031010202","Census Tract 102.02; Duval County; Florida","1486","225",
"1400000US12031010203","Census Tract 102.03; Duval County; Florida","3083","414",
"1400000US12031010204","Census Tract 102.04; Duval County; Florida","1899","150",
"1400000US12031010301","Census Tract 103.01; Duval County; Florida","3410","281",
"1400000US12031010305","Census Tract 103.05; Duval County; Florida","3104","533",
"1400000US12031010306","Census Tract 103.06; Duval County; Florida","670","29",
"1400000US12031010307","Census Tract 103.07; Duval County; Florida","912","52",
"1400000US12031010308","Census Tract 103.08; Duval County; Florida","2059","242",
"1400000US12031010401","Census Tract 104.01; Duval County; Florida","1550","186",
"1400000US12031010402","Census Tract 104.02; Duval County; Florida","2083","299",
"1400000US12031010501","Census Tract 105.01; Duval County; Florida","1860","245",
"1400000US12031010502","Census Tract 105.02; Duval County; Florida","1751","303",
"1400000US12031010503","Census Tract 105.03; Duval County; Florida","2901","449",
"1400000US12031010601","Census Tract 106.01; Duval County; Florida","1771","197",
"1400000US12031010602","Census Tract 106.02; Duval County; Florida","1411","360",
"1400000US12031010700","Census Tract 107; Duval County; Florida","2252","435",
"1400000US12031010800","Census Tract 108; Duval County; Florida","1975","146",
"1400000US12031010900","Census Tract 109; Duval County; Florida","1781","281",
"1400000US12031011000","Census Tract 110; Duval County; Florida","1954","265",
"1400000US12031011100","Census Tract 111; Duval County; Florida","1413","194",
"1400000US12031011200","Census Tract 112; Duval County; Florida","1225","229",
"1400000US12031011300","Census Tract 113; Duval County; Florida","1350","196",
"1400000US12031011400","Census Tract 114; Duval County; Florida","1030","147",
"1400000US12031011500","Census Tract 115; Duval County; Florida","1890","188",
"1400000US12031011600","Census Tract 116; Duval County; Florida","1707","185",
"1400000US12031011700","Census Tract 117; Duval County; Florida","1465","196",
"1400000US12031011800","Census Tract 118; Duval County; Florida","1291","164",
"1400000US12031011901","Census Tract 119.01; Duval County; Florida","3436","459",
"1400000US12031011903","Census Tract 119.03; Duval County; Florida","1963","194",
"1400000US12031011904","Census Tract 119.04; Duval County; Florida","1622","86",
"1400000US12031011905","Census Tract 119.05; Duval County; Florida","2581","299",
"1400000US12031012000","Census Tract 120; Duval County; Florida","2115","183",
"1400000US12031012100","Census Tract 121; Duval County; Florida","697","168",
"1400000US12031012201","Census Tract 122.01; Duval County; Florida","1538","232",
"1400000US12031012202","Census Tract 122.02; Duval County; Florida","2416","335",
"1400000US12031012300","Census Tract 123; Duval County; Florida","1915","205",
"1400000US12031012400","Census Tract 124; Duval County; Florida","1367","163",
"1400000US12031012500","Census Tract 125; Duval County; Florida","2090","210",
"1400000US12031012601","Census Tract 126.01; Duval County; Florida","1973","265",
"1400000US12031012602","Census Tract 126.02; Duval County; Florida","2996","510",
"1400000US12031012702","Census Tract 127.02; Duval County; Florida","2352","238",
"1400000US12031012703","Census Tract 127.03; Duval County; Florida","2501","410",
"1400000US12031012704","Census Tract 127.04; Duval County; Florida","2292","200",
"1400000US12031012800","Census Tract 128; Duval County; Florida","3131","353",
"1400000US12031012900","Census Tract 129; Duval County; Florida","1070","177",
"1400000US12031013000","Census Tract 130; Duval County; Florida","966","80",
"1400000US12031013100","Census Tract 131; Duval County; Florida","1192","171",
"1400000US12031013200","Census Tract 132; Duval County; Florida","360","80",
"1400000US12031013301","Census Tract 133.01; Duval County; Florida","1246","160",
"1400000US12031013302","Census Tract 133.02; Duval County; Florida","2544","305",
"1400000US12031013402","Census Tract 134.02; Duval County; Florida","2471","225",
"1400000US12031013403","Census Tract 134.03; Duval County; Florida","1753","239",
"1400000US12031013404","Census Tract 134.04; Duval County; Florida","1763","199",
"1400000US12031013502","Census Tract 135.02; Duval County; Florida","1257","148",
"1400000US12031013504","Census Tract 135.04; Duval County; Florida","2507","402",
"1400000US12031013522","Census Tract 135.22; Duval County; Florida","1809","497",
"1400000US12031013523","Census Tract 135.23; Duval County; Florida","1895","240",
"1400000US12031013524","Census Tract 135.24; Duval County; Florida","1809","218",
"1400000US12031013525","Census Tract 135.25; Duval County; Florida","2501","332",
"1400000US12031013526","Census Tract 135.26; Duval County; Florida","3729","410",
"1400000US12031013723","Census Tract 137.23; Duval County; Florida","5840","660",
"1400000US12031013728","Census Tract 137.28; Duval County; Florida","2087","441",
"1400000US12031013729","Census Tract 137.29; Duval County; Florida","1917","177",
"1400000US12031013730","Census Tract 137.30; Duval County; Florida","1364","128",
"1400000US12031013731","Census Tract 137.31; Duval County; Florida","1568","149",
"1400000US12031013732","Census Tract 137.32; Duval County; Florida","2403","338",
"1400000US12031013733","Census Tract 137.33; Duval County; Florida","2339","253",
"1400000US12031013800","Census Tract 138; Duval County; Florida","781","133",
"1400000US12031013901","Census Tract 139.01; Duval County; Florida","1978","289",
"1400000US12031013902","Census Tract 139.02; Duval County; Florida","2262","245",
"1400000US12031013904","Census Tract 139.04; Duval County; Florida","2513","386",
"1400000US12031013905","Census Tract 139.05; Duval County; Florida","2219","195",
"1400000US12031013906","Census Tract 139.06; Duval County; Florida","2252","188",
"1400000US12031014001","Census Tract 140.01; Duval County; Florida","2527","223",
"1400000US12031014002","Census Tract 140.02; Duval County; Florida","1182","158",
"1400000US12031014101","Census Tract 141.01; Duval County; Florida","2082","235",
"1400000US12031014103","Census Tract 141.03; Duval County; Florida","1576","199",
"1400000US12031014104","Census Tract 141.04; Duval County; Florida","1560","227",
"1400000US12031014203","Census Tract 142.03; Duval County; Florida","2975","299",
"1400000US12031014204","Census Tract 142.04; Duval County; Florida","2288","328",
"1400000US12031014205","Census Tract 142.05; Duval County; Florida","1664","252",
"1400000US12031014206","Census Tract 142.06; Duval County; Florida","863","104",
"1400000US12031014311","Census Tract 143.11; Duval County; Florida","2271","186",
"1400000US12031014312","Census Tract 143.12; Duval County; Florida","3112","360",
"1400000US12031014328","Census Tract 143.28; Duval County; Florida","2872","207",
"1400000US12031014329","Census Tract 143.29; Duval County; Florida","1257","177",
"1400000US12031014330","Census Tract 143.30; Duval County; Florida","1915","96",
"1400000US12031014331","Census Tract 143.31; Duval County; Florida","2094","273",
"1400000US12031014333","Census Tract 143.33; Duval County; Florida","1618","242",
"1400000US12031014334","Census Tract 143.34; Duval County; Florida","1835","255",
"1400000US12031014335","Census Tract 143.35; Duval County; Florida","3226","318",
"1400000US12031014336","Census Tract 143.36; Duval County; Florida","2224","134",
"1400000US12031014338","Census Tract 143.38; Duval County; Florida","1942","315",
"1400000US12031014339","Census Tract 143.39; Duval County; Florida","2729","390",
"1400000US12031014340","Census Tract 143.40; Duval County; Florida","1952","115",
"1400000US12031014341","Census Tract 143.41; Duval County; Florida","1768","144",
"1400000US12031014342","Census Tract 143.42; Duval County; Florida","2316","209",
"1400000US12031014343","Census Tract 143.43; Duval County; Florida","2423","481",
"1400000US12031014344","Census Tract 143.44; Duval County; Florida","1625","279",
"1400000US12031014408","Census Tract 144.08; Duval County; Florida","2101","112",
"1400000US12031014413","Census Tract 144.13; Duval County; Florida","2597","275",
"1400000US12031014414","Census Tract 144.14; Duval County; Florida","3832","467",
"1400000US12031014415","Census Tract 144.15; Duval County; Florida","1059","217",
"1400000US12031014416","Census Tract 144.16; Duval County; Florida","2256","191",
"1400000US12031014417","Census Tract 144.17; Duval County; Florida","4436","426",
"1400000US12031014418","Census Tract 144.18; Duval County; Florida","693","49",
"1400000US12031014419","Census Tract 144.19; Duval County; Florida","2360","179",
"1400000US12031014420","Census Tract 144.20; Duval County; Florida","1872","166",
"1400000US12031014421","Census Tract 144.21; Duval County; Florida","2593","237",
"1400000US12031014422","Census Tract 144.22; Duval County; Florida","1852","185",
"1400000US12031014423","Census Tract 144.23; Duval County; Florida","9669","883",
"1400000US12031014424","Census Tract 144.24; Duval County; Florida","3959","309",
"1400000US12031014425","Census Tract 144.25; Duval County; Florida","1821","130",
"1400000US12031014426","Census Tract 144.26; Duval County; Florida","2242","195",
"1400000US12031014427","Census Tract 144.27; Duval County; Florida","1042","247",
"1400000US12031014428","Census Tract 144.28; Duval County; Florida","4229","706",
"1400000US12031014500","Census Tract 145; Duval County; Florida","1684","225",
"1400000US12031014601","Census Tract 146.01; Duval County; Florida","2560","322",
"1400000US12031014603","Census Tract 146.03; Duval County; Florida","2669","279",
"1400000US12031014604","Census Tract 146.04; Duval County; Florida","3543","369",
"1400000US12031014702","Census Tract 147.02; Duval County; Florida","1183","175",
"1400000US12031014703","Census Tract 147.03; Duval County; Florida","540","33",
"1400000US12031014704","Census Tract 147.04; Duval County; Florida","2866","294",
"1400000US12031014800","Census Tract 148; Duval County; Florida","2460","271",
"1400000US12031014901","Census Tract 149.01; Duval County; Florida","2587","490",
"1400000US12031014902","Census Tract 149.02; Duval County; Florida","3427","309",
"1400000US12031015001","Census Tract 150.01; Duval County; Florida","2870","257",
"1400000US12031015002","Census Tract 150.02; Duval County; Florida","1765","281",
"1400000US12031015100","Census Tract 151; Duval County; Florida","1881","260",
"1400000US12031015200","Census Tract 152; Duval County; Florida","1660","303",
"1400000US12031015300","Census Tract 153; Duval County; Florida","1631","194",
"1400000US12031015400","Census Tract 154; Duval County; Florida","1131","126",
"1400000US12031015501","Census Tract 155.01; Duval County; Florida","1706","244",
"1400000US12031015502","Census Tract 155.02; Duval County; Florida","1999","173",
"1400000US12031015600","Census Tract 156; Duval County; Florida","1983","232",
"1400000US12031015701","Census Tract 157.01; Duval County; Florida","1216","230",
"1400000US12031015702","Census Tract 157.02; Duval County; Florida","1723","216",
"1400000US12031015803","Census Tract 158.03; Duval County; Florida","1436","105",
"1400000US12031015804","Census Tract 158.04; Duval County; Florida","1556","160",
"1400000US12031015805","Census Tract 158.05; Duval County; Florida","3318","418",
"1400000US12031015806","Census Tract 158.06; Duval County; Florida","1485","257",
"1400000US12031015922","Census Tract 159.22; Duval County; Florida","2710","262",
"1400000US12031015924","Census Tract 159.24; Duval County; Florida","2469","302",
"1400000US12031015925","Census Tract 159.25; Duval County; Florida","3233","490",
"1400000US12031015926","Census Tract 159.26; Duval County; Florida","5304","390",
"1400000US12031015927","Census Tract 159.27; Duval County; Florida","1320","335",
"1400000US12031015928","Census Tract 159.28; Duval County; Florida","1488","407",
"1400000US12031015929","Census Tract 159.29; Duval County; Florida","2752","224",
"1400000US12031016001","Census Tract 160.01; Duval County; Florida","1860","345",
"1400000US12031016002","Census Tract 160.02; Duval County; Florida","1318","90",
"1400000US12031016101","Census Tract 161.01; Duval County; Florida","1306","197",
"1400000US12031016102","Census Tract 161.02; Duval County; Florida","1794","321",
"1400000US12031016200","Census Tract 162; Duval County; Florida","1293","181",
"1400000US12031016300","Census Tract 163; Duval County; Florida","1109","138",
"1400000US12031016400","Census Tract 164; Duval County; Florida","2721","315",
"1400000US12031016500","Census Tract 165; Duval County; Florida","2422","285",
"1400000US12031016603","Census Tract 166.03; Duval County; Florida","1647","213",
"1400000US12031016604","Census Tract 166.04; Duval County; Florida","1937","160",
"1400000US12031016605","Census Tract 166.05; Duval County; Florida","1063","84",
"1400000US12031016606","Census Tract 166.06; Duval County; Florida","2634","328",
"1400000US12031016711","Census Tract 167.11; Duval County; Florida","1798","215",
"1400000US12031016724","Census Tract 167.24; Duval County; Florida","2870","299",
"1400000US12031016725","Census Tract 167.25; Duval County; Florida","1897","176",
"1400000US12031016726","Census Tract 167.26; Duval County; Florida","1748","184",
"1400000US12031016727","Census Tract 167.27; Duval County; Florida","2033","421",
"1400000US12031016728","Census Tract 167.28; Duval County; Florida","2187","321",
"1400000US12031016729","Census Tract 167.29; Duval County; Florida","2659","258",
"1400000US12031016730","Census Tract 167.30; Duval County; Florida","1419","200",
"1400000US12031016731","Census Tract 167.31; Duval County; Florida","2796","391",
"1400000US12031016801","Census Tract 168.01; Duval County; Florida","1032","145",
"1400000US12031016803","Census Tract 168.03; Duval County; Florida","2787","298",
"1400000US12031016804","Census Tract 168.04; Duval County; Florida","3433","355",
"1400000US12031016807","Census Tract 168.07; Duval County; Florida","1802","177",
"1400000US12031016808","Census Tract 168.08; Duval County; Florida","1713","198",
"1400000US12031016809","Census Tract 168.09; Duval County; Florida","1755","188",
"1400000US12031016810","Census Tract 168.10; Duval County; Florida","1073","129",
"1400000US12031016811","Census Tract 168.11; Duval County; Florida","2265","372",
"1400000US12031016812","Census Tract 168.12; Duval County; Florida","2171","329",
"1400000US12031016813","Census Tract 168.13; Duval County; Florida","3855","348",
"1400000US12031017101","Census Tract 171.01; Duval County; Florida","2659","508",
"1400000US12031017102","Census Tract 171.02; Duval County; Florida","2146","209",
"1400000US12031017200","Census Tract 172; Duval County; Florida","2138","338",
"1400000US12031017300","Census Tract 173; Duval County; Florida","3535","273",
"1400000US12031017400","Census Tract 174; Duval County; Florida","1519","227",
"1400000US12031990000","Census Tract 9900; Duval County; Florida","0","15",
"1400000US12033000100","Census Tract 1; Escambia County; Florida","1348","124",
"1400000US12033000300","Census Tract 3; Escambia County; Florida","1711","162",
"1400000US12033000400","Census Tract 4; Escambia County; Florida","1941","178",
"1400000US12033000500","Census Tract 5; Escambia County; Florida","816","120",
"1400000US12033000600","Census Tract 6; Escambia County; Florida","1034","197",
"1400000US12033000801","Census Tract 8.01; Escambia County; Florida","1220","155",
"1400000US12033000802","Census Tract 8.02; Escambia County; Florida","1735","219",
"1400000US12033000900","Census Tract 9; Escambia County; Florida","1333","180",
"1400000US12033001001","Census Tract 10.01; Escambia County; Florida","2732","293",
"1400000US12033001002","Census Tract 10.02; Escambia County; Florida","1807","151",
"1400000US12033001101","Census Tract 11.01; Escambia County; Florida","2613","307",
"1400000US12033001103","Census Tract 11.03; Escambia County; Florida","1347","171",
"1400000US12033001104","Census Tract 11.04; Escambia County; Florida","2853","283",
"1400000US12033001201","Census Tract 12.01; Escambia County; Florida","2552","282",
"1400000US12033001202","Census Tract 12.02; Escambia County; Florida","2014","173",
"1400000US12033001300","Census Tract 13; Escambia County; Florida","1892","243",
"1400000US12033001401","Census Tract 14.01; Escambia County; Florida","714","223",
"1400000US12033001402","Census Tract 14.02; Escambia County; Florida","3024","330",
"1400000US12033001500","Census Tract 15; Escambia County; Florida","601","70",
"1400000US12033001600","Census Tract 16; Escambia County; Florida","613","165",
"1400000US12033001700","Census Tract 17; Escambia County; Florida","1279","121",
"1400000US12033001800","Census Tract 18; Escambia County; Florida","1004","171",
"1400000US12033001900","Census Tract 19; Escambia County; Florida","939","110",
"1400000US12033002000","Census Tract 20; Escambia County; Florida","1043","137",
"1400000US12033002100","Census Tract 21; Escambia County; Florida","2432","236",
"1400000US12033002200","Census Tract 22; Escambia County; Florida","2050","211",
"1400000US12033002300","Census Tract 23; Escambia County; Florida","3057","405",
"1400000US12033002400","Census Tract 24; Escambia County; Florida","504","106",
"1400000US12033002500","Census Tract 25; Escambia County; Florida","3332","310",
"1400000US12033002601","Census Tract 26.01; Escambia County; Florida","1402","250",
"1400000US12033002602","Census Tract 26.02; Escambia County; Florida","3720","263",
"1400000US12033002604","Census Tract 26.04; Escambia County; Florida","2316","211",
"1400000US12033002605","Census Tract 26.05; Escambia County; Florida","2109","227",
"1400000US12033002606","Census Tract 26.06; Escambia County; Florida","1696","313",
"1400000US12033002607","Census Tract 26.07; Escambia County; Florida","2244","387",
"1400000US12033002701","Census Tract 27.01; Escambia County; Florida","1278","104",
"1400000US12033002703","Census Tract 27.03; Escambia County; Florida","1398","201",
"1400000US12033002704","Census Tract 27.04; Escambia County; Florida","2807","343",
"1400000US12033002801","Census Tract 28.01; Escambia County; Florida","1189","127",
"1400000US12033002802","Census Tract 28.02; Escambia County; Florida","2835","301",
"1400000US12033002803","Census Tract 28.03; Escambia County; Florida","1547","180",
"1400000US12033002804","Census Tract 28.04; Escambia County; Florida","854","131",
"1400000US12033002900","Census Tract 29; Escambia County; Florida","2147","262",
"1400000US12033003001","Census Tract 30.01; Escambia County; Florida","1461","202",
"1400000US12033003002","Census Tract 30.02; Escambia County; Florida","1608","220",
"1400000US12033003100","Census Tract 31; Escambia County; Florida","2194","303",
"1400000US12033003201","Census Tract 32.01; Escambia County; Florida","2195","245",
"1400000US12033003203","Census Tract 32.03; Escambia County; Florida","2080","233",
"1400000US12033003204","Census Tract 32.04; Escambia County; Florida","1443","233",
"1400000US12033003301","Census Tract 33.01; Escambia County; Florida","1884","185",
"1400000US12033003305","Census Tract 33.05; Escambia County; Florida","900","102",
"1400000US12033003307","Census Tract 33.07; Escambia County; Florida","881","106",
"1400000US12033003308","Census Tract 33.08; Escambia County; Florida","2205","263",
"1400000US12033003310","Census Tract 33.10; Escambia County; Florida","2051","199",
"1400000US12033003311","Census Tract 33.11; Escambia County; Florida","1619","120",
"1400000US12033003312","Census Tract 33.12; Escambia County; Florida","1425","195",
"1400000US12033003313","Census Tract 33.13; Escambia County; Florida","1722","124",
"1400000US12033003400","Census Tract 34; Escambia County; Florida","3139","346",
"1400000US12033003505","Census Tract 35.05; Escambia County; Florida","1829","150",
"1400000US12033003506","Census Tract 35.06; Escambia County; Florida","2487","414",
"1400000US12033003507","Census Tract 35.07; Escambia County; Florida","3372","538",
"1400000US12033003509","Census Tract 35.09; Escambia County; Florida","2123","218",
"1400000US12033003510","Census Tract 35.10; Escambia County; Florida","1458","219",
"1400000US12033003511","Census Tract 35.11; Escambia County; Florida","1104","147",
"1400000US12033003512","Census Tract 35.12; Escambia County; Florida","1771","296",
"1400000US12033003603","Census Tract 36.03; Escambia County; Florida","5252","480",
"1400000US12033003607","Census Tract 36.07; Escambia County; Florida","1061","194",
"1400000US12033003608","Census Tract 36.08; Escambia County; Florida","3478","408",
"1400000US12033003609","Census Tract 36.09; Escambia County; Florida","1711","159",
"1400000US12033003610","Census Tract 36.10; Escambia County; Florida","2684","292",
"1400000US12033003611","Census Tract 36.11; Escambia County; Florida","2614","295",
"1400000US12033003612","Census Tract 36.12; Escambia County; Florida","2609","312",
"1400000US12033003613","Census Tract 36.13; Escambia County; Florida","1704","191",
"1400000US12033003614","Census Tract 36.14; Escambia County; Florida","2259","214",
"1400000US12033003700","Census Tract 37; Escambia County; Florida","2252","259",
"1400000US12033003800","Census Tract 38; Escambia County; Florida","1976","237",
"1400000US12033003900","Census Tract 39; Escambia County; Florida","2046","236",
"1400000US12033004000","Census Tract 40; Escambia County; Florida","1538","182",
"1400000US12033990000","Census Tract 9900; Escambia County; Florida","0","15",
"1400000US12035060103","Census Tract 601.03; Flagler County; Florida","1770","136",
"1400000US12035060104","Census Tract 601.04; Flagler County; Florida","2467","274",
"1400000US12035060105","Census Tract 601.05; Flagler County; Florida","2550","232",
"1400000US12035060106","Census Tract 601.06; Flagler County; Florida","3667","357",
"1400000US12035060107","Census Tract 601.07; Flagler County; Florida","2483","220",
"1400000US12035060206","Census Tract 602.06; Flagler County; Florida","2544","231",
"1400000US12035060207","Census Tract 602.07; Flagler County; Florida","3374","356",
"1400000US12035060208","Census Tract 602.08; Flagler County; Florida","4074","356",
"1400000US12035060210","Census Tract 602.10; Flagler County; Florida","1845","124",
"1400000US12035060211","Census Tract 602.11; Flagler County; Florida","3754","397",
"1400000US12035060212","Census Tract 602.12; Flagler County; Florida","2536","209",
"1400000US12035060213","Census Tract 602.13; Flagler County; Florida","3882","306",
"1400000US12035060214","Census Tract 602.14; Flagler County; Florida","3915","450",
"1400000US12035060215","Census Tract 602.15; Flagler County; Florida","2078","143",
"1400000US12035060216","Census Tract 602.16; Flagler County; Florida","1711","111",
"1400000US12035060217","Census Tract 602.17; Flagler County; Florida","1539","235",
"1400000US12035060218","Census Tract 602.18; Flagler County; Florida","2922","263",
"1400000US12035060219","Census Tract 602.19; Flagler County; Florida","2394","254",
"1400000US12035060220","Census Tract 602.20; Flagler County; Florida","1359","112",
"1400000US12035060301","Census Tract 603.01; Flagler County; Florida","3700","289",
"1400000US12035060302","Census Tract 603.02; Flagler County; Florida","2693","293",
"1400000US12035060303","Census Tract 603.03; Flagler County; Florida","2140","248",
"1400000US12035060304","Census Tract 603.04; Flagler County; Florida","1537","253",
"1400000US12035990000","Census Tract 9900; Flagler County; Florida","0","15",
"1400000US12037970101","Census Tract 9701.01; Franklin County; Florida","452","69",
"1400000US12037970102","Census Tract 9701.02; Franklin County; Florida","2100","185",
"1400000US12037970200","Census Tract 9702; Franklin County; Florida","1834","198",
"1400000US12037970302","Census Tract 9703.02; Franklin County; Florida","1294","190",
"1400000US12037970304","Census Tract 9703.04; Franklin County; Florida","2882","191",
"1400000US12037990000","Census Tract 9900; Franklin County; Florida","0","15",
"1400000US12037990100","Census Tract 9901; Franklin County; Florida","0","15",
"1400000US12039020101","Census Tract 201.01; Gadsden County; Florida","2351","248",
"1400000US12039020103","Census Tract 201.03; Gadsden County; Florida","1122","162",
"1400000US12039020104","Census Tract 201.04; Gadsden County; Florida","1624","206",
"1400000US12039020300","Census Tract 203; Gadsden County; Florida","2338","270",
"1400000US12039020400","Census Tract 204; Gadsden County; Florida","1726","210",
"1400000US12039020500","Census Tract 205; Gadsden County; Florida","2245","286",
"1400000US12039020600","Census Tract 206; Gadsden County; Florida","1935","267",
"1400000US12039020701","Census Tract 207.01; Gadsden County; Florida","1230","162",
"1400000US12039020702","Census Tract 207.02; Gadsden County; Florida","2274","254",
"1400000US12039020800","Census Tract 208; Gadsden County; Florida","2299","247",
"1400000US12041950100","Census Tract 9501; Gilchrist County; Florida","2804","237",
"1400000US12041950201","Census Tract 9502.01; Gilchrist County; Florida","1192","150",
"1400000US12041950202","Census Tract 9502.02; Gilchrist County; Florida","1122","144",
"1400000US12041950203","Census Tract 9502.03; Gilchrist County; Florida","1375","152",
"1400000US12041950204","Census Tract 9502.04; Gilchrist County; Florida","1370","136",
"1400000US12043000100","Census Tract 1; Glades County; Florida","2010","232",
"1400000US12043000201","Census Tract 2.01; Glades County; Florida","1423","226",
"1400000US12043000202","Census Tract 2.02; Glades County; Florida","1987","267",
"1400000US12043000300","Census Tract 3; Glades County; Florida","1270","193",
"1400000US12043990000","Census Tract 9900; Glades County; Florida","0","15",
"1400000US12045960101","Census Tract 9601.01; Gulf County; Florida","1975","234",
"1400000US12045960102","Census Tract 9601.02; Gulf County; Florida","1004","164",
"1400000US12045960200","Census Tract 9602; Gulf County; Florida","2261","216",
"1400000US12045960301","Census Tract 9603.01; Gulf County; Florida","779","125",
"1400000US12045960302","Census Tract 9603.02; Gulf County; Florida","3343","227",
"1400000US12045990000","Census Tract 9900; Gulf County; Florida","0","15",
"1400000US12047960101","Census Tract 9601.01; Hamilton County; Florida","178","96",
"1400000US12047960102","Census Tract 9601.02; Hamilton County; Florida","1321","199",
"1400000US12047960103","Census Tract 9601.03; Hamilton County; Florida","604","96",
"1400000US12047960201","Census Tract 9602.01; Hamilton County; Florida","944","177",
"1400000US12047960202","Census Tract 9602.02; Hamilton County; Florida","1585","174",
"1400000US12047960300","Census Tract 9603; Hamilton County; Florida","1021","145",
"1400000US12049970101","Census Tract 9701.01; Hardee County; Florida","1365","140",
"1400000US12049970102","Census Tract 9701.02; Hardee County; Florida","1691","172",
"1400000US12049970201","Census Tract 9702.01; Hardee County; Florida","1397","170",
"1400000US12049970202","Census Tract 9702.02; Hardee County; Florida","505","136",
"1400000US12049970301","Census Tract 9703.01; Hardee County; Florida","2078","280",
"1400000US12049970302","Census Tract 9703.02; Hardee County; Florida","501","105",
"1400000US12049970401","Census Tract 9704.01; Hardee County; Florida","1397","240",
"1400000US12049970402","Census Tract 9704.02; Hardee County; Florida","1008","159",
"1400000US12051000101","Census Tract 1.01; Hendry County; Florida","1497","280",
"1400000US12051000102","Census Tract 1.02; Hendry County; Florida","1538","279",
"1400000US12051000200","Census Tract 2; Hendry County; Florida","2221","298",
"1400000US12051000300","Census Tract 3; Hendry County; Florida","3569","411",
"1400000US12051000401","Census Tract 4.01; Hendry County; Florida","1455","301",
"1400000US12051000403","Census Tract 4.03; Hendry County; Florida","1746","353",
"1400000US12051000404","Census Tract 4.04; Hendry County; Florida","2062","297",
"1400000US12051000601","Census Tract 6.01; Hendry County; Florida","397","130",
"1400000US12051000602","Census Tract 6.02; Hendry County; Florida","1664","276",
"1400000US12051990000","Census Tract 9900; Hendry County; Florida","0","15",
"1400000US12053040101","Census Tract 401.01; Hernando County; Florida","2811","313",
"1400000US12053040102","Census Tract 401.02; Hernando County; Florida","1131","136",
"1400000US12053040201","Census Tract 402.01; Hernando County; Florida","1329","223",
"1400000US12053040202","Census Tract 402.02; Hernando County; Florida","2944","273",
"1400000US12053040301","Census Tract 403.01; Hernando County; Florida","813","92",
"1400000US12053040302","Census Tract 403.02; Hernando County; Florida","2175","251",
"1400000US12053040303","Census Tract 403.03; Hernando County; Florida","1414","132",
"1400000US12053040400","Census Tract 404; Hernando County; Florida","2145","246",
"1400000US12053040501","Census Tract 405.01; Hernando County; Florida","2685","369",
"1400000US12053040502","Census Tract 405.02; Hernando County; Florida","1509","143",
"1400000US12053040601","Census Tract 406.01; Hernando County; Florida","1206","115",
"1400000US12053040602","Census Tract 406.02; Hernando County; Florida","1457","180",
"1400000US12053040701","Census Tract 407.01; Hernando County; Florida","3136","267",
"1400000US12053040702","Census Tract 407.02; Hernando County; Florida","2315","186",
"1400000US12053040801","Census Tract 408.01; Hernando County; Florida","2418","231",
"1400000US12053040802","Census Tract 408.02; Hernando County; Florida","3099","300",
"1400000US12053040901","Census Tract 409.01; Hernando County; Florida","2462","176",
"1400000US12053040906","Census Tract 409.06; Hernando County; Florida","3307","243",
"1400000US12053040907","Census Tract 409.07; Hernando County; Florida","1307","153",
"1400000US12053040908","Census Tract 409.08; Hernando County; Florida","3615","367",
"1400000US12053040909","Census Tract 409.09; Hernando County; Florida","2342","247",
"1400000US12053040910","Census Tract 409.10; Hernando County; Florida","1922","220",
"1400000US12053040911","Census Tract 409.11; Hernando County; Florida","2126","217",
"1400000US12053040912","Census Tract 409.12; Hernando County; Florida","1203","152",
"1400000US12053040913","Census Tract 409.13; Hernando County; Florida","1871","195",
"1400000US12053041003","Census Tract 410.03; Hernando County; Florida","1237","151",
"1400000US12053041004","Census Tract 410.04; Hernando County; Florida","2834","234",
"1400000US12053041005","Census Tract 410.05; Hernando County; Florida","1023","84",
"1400000US12053041006","Census Tract 410.06; Hernando County; Florida","2885","266",
"1400000US12053041103","Census Tract 411.03; Hernando County; Florida","2029","194",
"1400000US12053041104","Census Tract 411.04; Hernando County; Florida","1268","156",
"1400000US12053041105","Census Tract 411.05; Hernando County; Florida","2311","288",
"1400000US12053041106","Census Tract 411.06; Hernando County; Florida","1816","166",
"1400000US12053041201","Census Tract 412.01; Hernando County; Florida","1951","263",
"1400000US12053041203","Census Tract 412.03; Hernando County; Florida","1894","251",
"1400000US12053041204","Census Tract 412.04; Hernando County; Florida","1668","117",
"1400000US12053041302","Census Tract 413.02; Hernando County; Florida","1532","137",
"1400000US12053041303","Census Tract 413.03; Hernando County; Florida","1576","134",
"1400000US12053041304","Census Tract 413.04; Hernando County; Florida","1240","224",
"1400000US12053041305","Census Tract 413.05; Hernando County; Florida","1051","134",
"1400000US12053041401","Census Tract 414.01; Hernando County; Florida","2655","248",
"1400000US12053041402","Census Tract 414.02; Hernando County; Florida","3114","362",
"1400000US12053041501","Census Tract 415.01; Hernando County; Florida","2022","163",
"1400000US12053041502","Census Tract 415.02; Hernando County; Florida","1806","193",
"1400000US12053041601","Census Tract 416.01; Hernando County; Florida","2292","272",
"1400000US12053041602","Census Tract 416.02; Hernando County; Florida","1589","242",
"1400000US12053990000","Census Tract 9900; Hernando County; Florida","0","15",
"1400000US12055960101","Census Tract 9601.01; Highlands County; Florida","1752","162",
"1400000US12055960102","Census Tract 9601.02; Highlands County; Florida","768","135",
"1400000US12055960104","Census Tract 9601.04; Highlands County; Florida","1765","294",
"1400000US12055960105","Census Tract 9601.05; Highlands County; Florida","1157","251",
"1400000US12055960200","Census Tract 9602; Highlands County; Florida","2198","287",
"1400000US12055960300","Census Tract 9603; Highlands County; Florida","2480","337",
"1400000US12055960401","Census Tract 9604.01; Highlands County; Florida","1660","195",
"1400000US12055960402","Census Tract 9604.02; Highlands County; Florida","1662","277",
"1400000US12055960501","Census Tract 9605.01; Highlands County; Florida","1010","110",
"1400000US12055960503","Census Tract 9605.03; Highlands County; Florida","2693","311",
"1400000US12055960504","Census Tract 9605.04; Highlands County; Florida","2108","240",
"1400000US12055960601","Census Tract 9606.01; Highlands County; Florida","1433","106",
"1400000US12055960602","Census Tract 9606.02; Highlands County; Florida","3780","227",
"1400000US12055960700","Census Tract 9607; Highlands County; Florida","2292","219",
"1400000US12055960800","Census Tract 9608; Highlands County; Florida","1200","154",
"1400000US12055960900","Census Tract 9609; Highlands County; Florida","1425","220",
"1400000US12055961000","Census Tract 9610; Highlands County; Florida","2973","232",
"1400000US12055961100","Census Tract 9611; Highlands County; Florida","2410","217",
"1400000US12055961201","Census Tract 9612.01; Highlands County; Florida","1140","174",
"1400000US12055961202","Census Tract 9612.02; Highlands County; Florida","1664","262",
"1400000US12055961301","Census Tract 9613.01; Highlands County; Florida","3104","229",
"1400000US12055961303","Census Tract 9613.03; Highlands County; Florida","1249","147",
"1400000US12055961304","Census Tract 9613.04; Highlands County; Florida","2095","253",
"1400000US12055961401","Census Tract 9614.01; Highlands County; Florida","1576","200",
"1400000US12055961402","Census Tract 9614.02; Highlands County; Florida","1862","420",
"1400000US12055961500","Census Tract 9615; Highlands County; Florida","3038","322",
"1400000US12055961601","Census Tract 9616.01; Highlands County; Florida","792","134",
"1400000US12055961602","Census Tract 9616.02; Highlands County; Florida","751","94",
"1400000US12055961604","Census Tract 9616.04; Highlands County; Florida","1192","169",
"1400000US12055961605","Census Tract 9616.05; Highlands County; Florida","2045","210",
"1400000US12055961701","Census Tract 9617.01; Highlands County; Florida","2502","352",
"1400000US12055961702","Census Tract 9617.02; Highlands County; Florida","851","127",
"1400000US12055980000","Census Tract 9800; Highlands County; Florida","8","10",
"1400000US12055980100","Census Tract 9801; Highlands County; Florida","0","15",
"1400000US12055980200","Census Tract 9802; Highlands County; Florida","0","15",
"1400000US12057000101","Census Tract 1.01; Hillsborough County; Florida","1883","171",
"1400000US12057000102","Census Tract 1.02; Hillsborough County; Florida","2793","375",
"1400000US12057000201","Census Tract 2.01; Hillsborough County; Florida","1592","176",
"1400000US12057000202","Census Tract 2.02; Hillsborough County; Florida","2111","291",
"1400000US12057000301","Census Tract 3.01; Hillsborough County; Florida","1884","221",
"1400000US12057000302","Census Tract 3.02; Hillsborough County; Florida","1185","492",
"1400000US12057000401","Census Tract 4.01; Hillsborough County; Florida","1123","170",
"1400000US12057000402","Census Tract 4.02; Hillsborough County; Florida","1212","112",
"1400000US12057000500","Census Tract 5; Hillsborough County; Florida","1671","174",
"1400000US12057000601","Census Tract 6.01; Hillsborough County; Florida","2110","196",
"1400000US12057000602","Census Tract 6.02; Hillsborough County; Florida","1114","122",
"1400000US12057000701","Census Tract 7.01; Hillsborough County; Florida","1316","112",
"1400000US12057000702","Census Tract 7.02; Hillsborough County; Florida","1198","109",
"1400000US12057000800","Census Tract 8; Hillsborough County; Florida","1468","146",
"1400000US12057000901","Census Tract 9.01; Hillsborough County; Florida","1163","114",
"1400000US12057000902","Census Tract 9.02; Hillsborough County; Florida","2789","359",
"1400000US12057001001","Census Tract 10.01; Hillsborough County; Florida","1421","175",
"1400000US12057001002","Census Tract 10.02; Hillsborough County; Florida","2211","280",
"1400000US12057001100","Census Tract 11; Hillsborough County; Florida","1059","96",
"1400000US12057001200","Census Tract 12; Hillsborough County; Florida","1587","413",
"1400000US12057001300","Census Tract 13; Hillsborough County; Florida","2391","209",
"1400000US12057001400","Census Tract 14; Hillsborough County; Florida","2011","211",
"1400000US12057001500","Census Tract 15; Hillsborough County; Florida","1326","190",
"1400000US12057001600","Census Tract 16; Hillsborough County; Florida","1079","109",
"1400000US12057001700","Census Tract 17; Hillsborough County; Florida","2078","178",
"1400000US12057001800","Census Tract 18; Hillsborough County; Florida","1966","191",
"1400000US12057001900","Census Tract 19; Hillsborough County; Florida","1116","101",
"1400000US12057002000","Census Tract 20; Hillsborough County; Florida","1014","76",
"1400000US12057002100","Census Tract 21; Hillsborough County; Florida","1456","258",
"1400000US12057002200","Census Tract 22; Hillsborough County; Florida","898","117",
"1400000US12057002300","Census Tract 23; Hillsborough County; Florida","1562","126",
"1400000US12057002400","Census Tract 24; Hillsborough County; Florida","1834","153",
"1400000US12057002500","Census Tract 25; Hillsborough County; Florida","3096","377",
"1400000US12057002600","Census Tract 26; Hillsborough County; Florida","689","107",
"1400000US12057002701","Census Tract 27.01; Hillsborough County; Florida","1672","154",
"1400000US12057002702","Census Tract 27.02; Hillsborough County; Florida","1273","161",
"1400000US12057002800","Census Tract 28; Hillsborough County; Florida","1548","224",
"1400000US12057002900","Census Tract 29; Hillsborough County; Florida","1004","111",
"1400000US12057003000","Census Tract 30; Hillsborough County; Florida","1304","104",
"1400000US12057003100","Census Tract 31; Hillsborough County; Florida","1471","338",
"1400000US12057003200","Census Tract 32; Hillsborough County; Florida","1094","209",
"1400000US12057003300","Census Tract 33; Hillsborough County; Florida","1136","134",
"1400000US12057003400","Census Tract 34; Hillsborough County; Florida","1281","101",
"1400000US12057003500","Census Tract 35; Hillsborough County; Florida","1157","108",
"1400000US12057003600","Census Tract 36; Hillsborough County; Florida","1760","318",
"1400000US12057003700","Census Tract 37; Hillsborough County; Florida","352","59",
"1400000US12057003800","Census Tract 38; Hillsborough County; Florida","733","125",
"1400000US12057004100","Census Tract 41; Hillsborough County; Florida","912","51",
"1400000US12057004200","Census Tract 42; Hillsborough County; Florida","701","90",
"1400000US12057004300","Census Tract 43; Hillsborough County; Florida","938","155",
"1400000US12057004400","Census Tract 44; Hillsborough County; Florida","957","159",
"1400000US12057004500","Census Tract 45; Hillsborough County; Florida","1786","212",
"1400000US12057004601","Census Tract 46.01; Hillsborough County; Florida","2685","202",
"1400000US12057004602","Census Tract 46.02; Hillsborough County; Florida","1283","242",
"1400000US12057004700","Census Tract 47; Hillsborough County; Florida","1410","141",
"1400000US12057004800","Census Tract 48; Hillsborough County; Florida","1794","197",
"1400000US12057004901","Census Tract 49.01; Hillsborough County; Florida","1245","190",
"1400000US12057004902","Census Tract 49.02; Hillsborough County; Florida","2170","319",
"1400000US12057005000","Census Tract 50; Hillsborough County; Florida","2302","236",
"1400000US12057005101","Census Tract 51.01; Hillsborough County; Florida","3119","315",
"1400000US12057005102","Census Tract 51.02; Hillsborough County; Florida","3077","207",
"1400000US12057005301","Census Tract 53.01; Hillsborough County; Florida","3289","163",
"1400000US12057005302","Census Tract 53.02; Hillsborough County; Florida","852","92",
"1400000US12057005401","Census Tract 54.01; Hillsborough County; Florida","2784","263",
"1400000US12057005500","Census Tract 55; Hillsborough County; Florida","1696","171",
"1400000US12057005700","Census Tract 57; Hillsborough County; Florida","2604","264",
"1400000US12057005800","Census Tract 58; Hillsborough County; Florida","2337","208",
"1400000US12057005900","Census Tract 59; Hillsborough County; Florida","2729","237",
"1400000US12057006000","Census Tract 60; Hillsborough County; Florida","2585","221",
"1400000US12057006101","Census Tract 61.01; Hillsborough County; Florida","2007","262",
"1400000US12057006103","Census Tract 61.03; Hillsborough County; Florida","2501","219",
"1400000US12057006200","Census Tract 62; Hillsborough County; Florida","1757","200",
"1400000US12057006300","Census Tract 63; Hillsborough County; Florida","1736","170",
"1400000US12057006400","Census Tract 64; Hillsborough County; Florida","1552","178",
"1400000US12057006501","Census Tract 65.01; Hillsborough County; Florida","2030","310",
"1400000US12057006503","Census Tract 65.03; Hillsborough County; Florida","1102","196",
"1400000US12057006504","Census Tract 65.04; Hillsborough County; Florida","699","81",
"1400000US12057006600","Census Tract 66; Hillsborough County; Florida","2526","284",
"1400000US12057006700","Census Tract 67; Hillsborough County; Florida","2595","231",
"1400000US12057006801","Census Tract 68.01; Hillsborough County; Florida","2612","326",
"1400000US12057006802","Census Tract 68.02; Hillsborough County; Florida","1842","186",
"1400000US12057006900","Census Tract 69; Hillsborough County; Florida","2591","252",
"1400000US12057007001","Census Tract 70.01; Hillsborough County; Florida","2149","214",
"1400000US12057007002","Census Tract 70.02; Hillsborough County; Florida","1508","171",
"1400000US12057007102","Census Tract 71.02; Hillsborough County; Florida","2857","289",
"1400000US12057007103","Census Tract 71.03; Hillsborough County; Florida","1735","137",
"1400000US12057007200","Census Tract 72; Hillsborough County; Florida","2727","154",
"1400000US12057007300","Census Tract 73; Hillsborough County; Florida","565","98",
"1400000US12057010105","Census Tract 101.05; Hillsborough County; Florida","1867","263",
"1400000US12057010106","Census Tract 101.06; Hillsborough County; Florida","1668","151",
"1400000US12057010107","Census Tract 101.07; Hillsborough County; Florida","2283","223",
"1400000US12057010108","Census Tract 101.08; Hillsborough County; Florida","1128","138",
"1400000US12057010203","Census Tract 102.03; Hillsborough County; Florida","1140","116",
"1400000US12057010204","Census Tract 102.04; Hillsborough County; Florida","2061","277",
"1400000US12057010210","Census Tract 102.10; Hillsborough County; Florida","1841","219",
"1400000US12057010211","Census Tract 102.11; Hillsborough County; Florida","2168","273",
"1400000US12057010212","Census Tract 102.12; Hillsborough County; Florida","1988","190",
"1400000US12057010213","Census Tract 102.13; Hillsborough County; Florida","887","89",
"1400000US12057010215","Census Tract 102.15; Hillsborough County; Florida","3208","237",
"1400000US12057010216","Census Tract 102.16; Hillsborough County; Florida","2056","264",
"1400000US12057010217","Census Tract 102.17; Hillsborough County; Florida","1529","228",
"1400000US12057010218","Census Tract 102.18; Hillsborough County; Florida","2164","222",
"1400000US12057010303","Census Tract 103.03; Hillsborough County; Florida","1324","110",
"1400000US12057010304","Census Tract 103.04; Hillsborough County; Florida","1590","128",
"1400000US12057010305","Census Tract 103.05; Hillsborough County; Florida","1791","189",
"1400000US12057010401","Census Tract 104.01; Hillsborough County; Florida","2590","236",
"1400000US12057010402","Census Tract 104.02; Hillsborough County; Florida","2892","350",
"1400000US12057010501","Census Tract 105.01; Hillsborough County; Florida","2971","405",
"1400000US12057010502","Census Tract 105.02; Hillsborough County; Florida","1213","188",
"1400000US12057010600","Census Tract 106; Hillsborough County; Florida","1301","170",
"1400000US12057010701","Census Tract 107.01; Hillsborough County; Florida","2289","266",
"1400000US12057010702","Census Tract 107.02; Hillsborough County; Florida","1228","142",
"1400000US12057010805","Census Tract 108.05; Hillsborough County; Florida","2317","180",
"1400000US12057010808","Census Tract 108.08; Hillsborough County; Florida","1631","193",
"1400000US12057010809","Census Tract 108.09; Hillsborough County; Florida","1175","190",
"1400000US12057010810","Census Tract 108.10; Hillsborough County; Florida","2107","348",
"1400000US12057010811","Census Tract 108.11; Hillsborough County; Florida","3571","396",
"1400000US12057010814","Census Tract 108.14; Hillsborough County; Florida","1763","274",
"1400000US12057010815","Census Tract 108.15; Hillsborough County; Florida","908","112",
"1400000US12057010816","Census Tract 108.16; Hillsborough County; Florida","1865","221",
"1400000US12057010817","Census Tract 108.17; Hillsborough County; Florida","2073","248",
"1400000US12057010819","Census Tract 108.19; Hillsborough County; Florida","944","121",
"1400000US12057010820","Census Tract 108.20; Hillsborough County; Florida","1529","401",
"1400000US12057010821","Census Tract 108.21; Hillsborough County; Florida","1221","171",
"1400000US12057010822","Census Tract 108.22; Hillsborough County; Florida","1264","239",
"1400000US12057010823","Census Tract 108.23; Hillsborough County; Florida","1404","176",
"1400000US12057010824","Census Tract 108.24; Hillsborough County; Florida","2190","299",
"1400000US12057010900","Census Tract 109; Hillsborough County; Florida","34","39",
"1400000US12057011003","Census Tract 110.03; Hillsborough County; Florida","3053","457",
"1400000US12057011005","Census Tract 110.05; Hillsborough County; Florida","1042","102",
"1400000US12057011006","Census Tract 110.06; Hillsborough County; Florida","2672","387",
"1400000US12057011007","Census Tract 110.07; Hillsborough County; Florida","1309","227",
"1400000US12057011008","Census Tract 110.08; Hillsborough County; Florida","2772","210",
"1400000US12057011010","Census Tract 110.10; Hillsborough County; Florida","2265","195",
"1400000US12057011013","Census Tract 110.13; Hillsborough County; Florida","2026","127",
"1400000US12057011016","Census Tract 110.16; Hillsborough County; Florida","1818","152",
"1400000US12057011017","Census Tract 110.17; Hillsborough County; Florida","1001","79",
"1400000US12057011018","Census Tract 110.18; Hillsborough County; Florida","2925","392",
"1400000US12057011019","Census Tract 110.19; Hillsborough County; Florida","4103","329",
"1400000US12057011103","Census Tract 111.03; Hillsborough County; Florida","1366","172",
"1400000US12057011106","Census Tract 111.06; Hillsborough County; Florida","1131","92",
"1400000US12057011107","Census Tract 111.07; Hillsborough County; Florida","2730","324",
"1400000US12057011108","Census Tract 111.08; Hillsborough County; Florida","922","96",
"1400000US12057011109","Census Tract 111.09; Hillsborough County; Florida","2038","202",
"1400000US12057011203","Census Tract 112.03; Hillsborough County; Florida","1606","140",
"1400000US12057011204","Census Tract 112.04; Hillsborough County; Florida","2539","165",
"1400000US12057011205","Census Tract 112.05; Hillsborough County; Florida","1470","205",
"1400000US12057011206","Census Tract 112.06; Hillsborough County; Florida","1591","233",
"1400000US12057011301","Census Tract 113.01; Hillsborough County; Florida","1394","196",
"1400000US12057011303","Census Tract 113.03; Hillsborough County; Florida","1548","225",
"1400000US12057011304","Census Tract 113.04; Hillsborough County; Florida","2505","284",
"1400000US12057011407","Census Tract 114.07; Hillsborough County; Florida","1143","107",
"1400000US12057011408","Census Tract 114.08; Hillsborough County; Florida","1112","142",
"1400000US12057011409","Census Tract 114.09; Hillsborough County; Florida","1366","159",
"1400000US12057011410","Census Tract 114.10; Hillsborough County; Florida","2607","199",
"1400000US12057011411","Census Tract 114.11; Hillsborough County; Florida","689","140",
"1400000US12057011412","Census Tract 114.12; Hillsborough County; Florida","1534","121",
"1400000US12057011413","Census Tract 114.13; Hillsborough County; Florida","2579","292",
"1400000US12057011414","Census Tract 114.14; Hillsborough County; Florida","3459","408",
"1400000US12057011415","Census Tract 114.15; Hillsborough County; Florida","2272","546",
"1400000US12057011416","Census Tract 114.16; Hillsborough County; Florida","2710","200",
"1400000US12057011417","Census Tract 114.17; Hillsborough County; Florida","2179","227",
"1400000US12057011418","Census Tract 114.18; Hillsborough County; Florida","1693","148",
"1400000US12057011504","Census Tract 115.04; Hillsborough County; Florida","1068","147",
"1400000US12057011506","Census Tract 115.06; Hillsborough County; Florida","3833","326",
"1400000US12057011509","Census Tract 115.09; Hillsborough County; Florida","2705","434",
"1400000US12057011510","Census Tract 115.10; Hillsborough County; Florida","1796","258",
"1400000US12057011512","Census Tract 115.12; Hillsborough County; Florida","1599","117",
"1400000US12057011514","Census Tract 115.14; Hillsborough County; Florida","2428","498",
"1400000US12057011515","Census Tract 115.15; Hillsborough County; Florida","1487","192",
"1400000US12057011516","Census Tract 115.16; Hillsborough County; Florida","1318","95",
"1400000US12057011518","Census Tract 115.18; Hillsborough County; Florida","1566","110",
"1400000US12057011519","Census Tract 115.19; Hillsborough County; Florida","794","64",
"1400000US12057011520","Census Tract 115.20; Hillsborough County; Florida","2304","256",
"1400000US12057011521","Census Tract 115.21; Hillsborough County; Florida","2196","146",
"1400000US12057011522","Census Tract 115.22; Hillsborough County; Florida","1980","213",
"1400000US12057011523","Census Tract 115.23; Hillsborough County; Florida","665","85",
"1400000US12057011524","Census Tract 115.24; Hillsborough County; Florida","2240","184",
"1400000US12057011525","Census Tract 115.25; Hillsborough County; Florida","1545","137",
"1400000US12057011526","Census Tract 115.26; Hillsborough County; Florida","1997","229",
"1400000US12057011527","Census Tract 115.27; Hillsborough County; Florida","1542","212",
"1400000US12057011528","Census Tract 115.28; Hillsborough County; Florida","2062","133",
"1400000US12057011603","Census Tract 116.03; Hillsborough County; Florida","1526","152",
"1400000US12057011605","Census Tract 116.05; Hillsborough County; Florida","2120","223",
"1400000US12057011610","Census Tract 116.10; Hillsborough County; Florida","2621","366",
"1400000US12057011611","Census Tract 116.11; Hillsborough County; Florida","1649","190",
"1400000US12057011612","Census Tract 116.12; Hillsborough County; Florida","2697","442",
"1400000US12057011613","Census Tract 116.13; Hillsborough County; Florida","2130","198",
"1400000US12057011614","Census Tract 116.14; Hillsborough County; Florida","2664","316",
"1400000US12057011615","Census Tract 116.15; Hillsborough County; Florida","1876","224",
"1400000US12057011616","Census Tract 116.16; Hillsborough County; Florida","4096","387",
"1400000US12057011617","Census Tract 116.17; Hillsborough County; Florida","1844","253",
"1400000US12057011708","Census Tract 117.08; Hillsborough County; Florida","2823","237",
"1400000US12057011712","Census Tract 117.12; Hillsborough County; Florida","2700","226",
"1400000US12057011713","Census Tract 117.13; Hillsborough County; Florida","2813","287",
"1400000US12057011714","Census Tract 117.14; Hillsborough County; Florida","1141","247",
"1400000US12057011715","Census Tract 117.15; Hillsborough County; Florida","893","103",
"1400000US12057011716","Census Tract 117.16; Hillsborough County; Florida","2538","197",
"1400000US12057011802","Census Tract 118.02; Hillsborough County; Florida","2156","219",
"1400000US12057011804","Census Tract 118.04; Hillsborough County; Florida","1912","133",
"1400000US12057011805","Census Tract 118.05; Hillsborough County; Florida","1800","338",
"1400000US12057011806","Census Tract 118.06; Hillsborough County; Florida","1485","92",
"1400000US12057011905","Census Tract 119.05; Hillsborough County; Florida","632","141",
"1400000US12057011907","Census Tract 119.07; Hillsborough County; Florida","1581","160",
"1400000US12057011908","Census Tract 119.08; Hillsborough County; Florida","1382","242",
"1400000US12057011909","Census Tract 119.09; Hillsborough County; Florida","1386","194",
"1400000US12057011910","Census Tract 119.10; Hillsborough County; Florida","1511","95",
"1400000US12057011911","Census Tract 119.11; Hillsborough County; Florida","2910","231",
"1400000US12057012001","Census Tract 120.01; Hillsborough County; Florida","1188","169",
"1400000US12057012002","Census Tract 120.02; Hillsborough County; Florida","1444","140",
"1400000US12057012103","Census Tract 121.03; Hillsborough County; Florida","3137","350",
"1400000US12057012106","Census Tract 121.06; Hillsborough County; Florida","2252","204",
"1400000US12057012107","Census Tract 121.07; Hillsborough County; Florida","2368","288",
"1400000US12057012108","Census Tract 121.08; Hillsborough County; Florida","1279","111",
"1400000US12057012109","Census Tract 121.09; Hillsborough County; Florida","1416","243",
"1400000US12057012110","Census Tract 121.10; Hillsborough County; Florida","2194","326",
"1400000US12057012206","Census Tract 122.06; Hillsborough County; Florida","2318","311",
"1400000US12057012207","Census Tract 122.07; Hillsborough County; Florida","3023","423",
"1400000US12057012208","Census Tract 122.08; Hillsborough County; Florida","2302","190",
"1400000US12057012209","Census Tract 122.09; Hillsborough County; Florida","1893","229",
"1400000US12057012210","Census Tract 122.10; Hillsborough County; Florida","2432","300",
"1400000US12057012211","Census Tract 122.11; Hillsborough County; Florida","36","34",
"1400000US12057012212","Census Tract 122.12; Hillsborough County; Florida","1736","96",
"1400000US12057012213","Census Tract 122.13; Hillsborough County; Florida","2090","167",
"1400000US12057012301","Census Tract 123.01; Hillsborough County; Florida","2660","282",
"1400000US12057012303","Census Tract 123.03; Hillsborough County; Florida","1679","346",
"1400000US12057012304","Census Tract 123.04; Hillsborough County; Florida","1988","190",
"1400000US12057012401","Census Tract 124.01; Hillsborough County; Florida","1868","311",
"1400000US12057012402","Census Tract 124.02; Hillsborough County; Florida","946","115",
"1400000US12057012403","Census Tract 124.03; Hillsborough County; Florida","2047","148",
"1400000US12057012501","Census Tract 125.01; Hillsborough County; Florida","1709","223",
"1400000US12057012503","Census Tract 125.03; Hillsborough County; Florida","1929","195",
"1400000US12057012504","Census Tract 125.04; Hillsborough County; Florida","1365","225",
"1400000US12057012600","Census Tract 126; Hillsborough County; Florida","2231","321",
"1400000US12057012701","Census Tract 127.01; Hillsborough County; Florida","2221","258",
"1400000US12057012702","Census Tract 127.02; Hillsborough County; Florida","1468","155",
"1400000US12057012800","Census Tract 128; Hillsborough County; Florida","1443","171",
"1400000US12057012900","Census Tract 129; Hillsborough County; Florida","1227","162",
"1400000US12057013001","Census Tract 130.01; Hillsborough County; Florida","1388","177",
"1400000US12057013002","Census Tract 130.02; Hillsborough County; Florida","1879","138",
"1400000US12057013003","Census Tract 130.03; Hillsborough County; Florida","1421","110",
"1400000US12057013004","Census Tract 130.04; Hillsborough County; Florida","1499","272",
"1400000US12057013100","Census Tract 131; Hillsborough County; Florida","1036","112",
"1400000US12057013203","Census Tract 132.03; Hillsborough County; Florida","1166","91",
"1400000US12057013204","Census Tract 132.04; Hillsborough County; Florida","2068","202",
"1400000US12057013205","Census Tract 132.05; Hillsborough County; Florida","3307","526",
"1400000US12057013206","Census Tract 132.06; Hillsborough County; Florida","1899","120",
"1400000US12057013207","Census Tract 132.07; Hillsborough County; Florida","1649","132",
"1400000US12057013208","Census Tract 132.08; Hillsborough County; Florida","1928","216",
"1400000US12057013305","Census Tract 133.05; Hillsborough County; Florida","1970","178",
"1400000US12057013307","Census Tract 133.07; Hillsborough County; Florida","1768","213",
"1400000US12057013310","Census Tract 133.10; Hillsborough County; Florida","1133","152",
"1400000US12057013311","Census Tract 133.11; Hillsborough County; Florida","1475","157",
"1400000US12057013312","Census Tract 133.12; Hillsborough County; Florida","2104","246",
"1400000US12057013313","Census Tract 133.13; Hillsborough County; Florida","2018","231",
"1400000US12057013314","Census Tract 133.14; Hillsborough County; Florida","1238","244",
"1400000US12057013315","Census Tract 133.15; Hillsborough County; Florida","3341","253",
"1400000US12057013316","Census Tract 133.16; Hillsborough County; Florida","1400","146",
"1400000US12057013317","Census Tract 133.17; Hillsborough County; Florida","1543","136",
"1400000US12057013319","Census Tract 133.19; Hillsborough County; Florida","3205","417",
"1400000US12057013320","Census Tract 133.20; Hillsborough County; Florida","1974","165",
"1400000US12057013322","Census Tract 133.22; Hillsborough County; Florida","3161","251",
"1400000US12057013323","Census Tract 133.23; Hillsborough County; Florida","4791","365",
"1400000US12057013406","Census Tract 134.06; Hillsborough County; Florida","532","83",
"1400000US12057013407","Census Tract 134.07; Hillsborough County; Florida","2571","300",
"1400000US12057013409","Census Tract 134.09; Hillsborough County; Florida","1827","232",
"1400000US12057013410","Census Tract 134.10; Hillsborough County; Florida","1907","149",
"1400000US12057013411","Census Tract 134.11; Hillsborough County; Florida","1475","250",
"1400000US12057013412","Census Tract 134.12; Hillsborough County; Florida","1605","127",
"1400000US12057013413","Census Tract 134.13; Hillsborough County; Florida","1407","115",
"1400000US12057013414","Census Tract 134.14; Hillsborough County; Florida","2386","308",
"1400000US12057013415","Census Tract 134.15; Hillsborough County; Florida","1311","144",
"1400000US12057013501","Census Tract 135.01; Hillsborough County; Florida","1648","296",
"1400000US12057013503","Census Tract 135.03; Hillsborough County; Florida","1277","127",
"1400000US12057013504","Census Tract 135.04; Hillsborough County; Florida","1144","86",
"1400000US12057013505","Census Tract 135.05; Hillsborough County; Florida","1242","140",
"1400000US12057013602","Census Tract 136.02; Hillsborough County; Florida","1493","117",
"1400000US12057013604","Census Tract 136.04; Hillsborough County; Florida","684","86",
"1400000US12057013702","Census Tract 137.02; Hillsborough County; Florida","5311","367",
"1400000US12057013703","Census Tract 137.03; Hillsborough County; Florida","3880","387",
"1400000US12057013705","Census Tract 137.05; Hillsborough County; Florida","2798","276",
"1400000US12057013706","Census Tract 137.06; Hillsborough County; Florida","1264","427",
"1400000US12057013801","Census Tract 138.01; Hillsborough County; Florida","863","106",
"1400000US12057013802","Census Tract 138.02; Hillsborough County; Florida","1609","173",
"1400000US12057013803","Census Tract 138.03; Hillsborough County; Florida","681","60",
"1400000US12057013804","Census Tract 138.04; Hillsborough County; Florida","3650","380",
"1400000US12057013806","Census Tract 138.06; Hillsborough County; Florida","1755","124",
"1400000US12057013807","Census Tract 138.07; Hillsborough County; Florida","4227","255",
"1400000US12057013903","Census Tract 139.03; Hillsborough County; Florida","1264","239",
"1400000US12057013907","Census Tract 139.07; Hillsborough County; Florida","832","235",
"1400000US12057013912","Census Tract 139.12; Hillsborough County; Florida","2863","325",
"1400000US12057013913","Census Tract 139.13; Hillsborough County; Florida","5686","349",
"1400000US12057013914","Census Tract 139.14; Hillsborough County; Florida","3312","630",
"1400000US12057013915","Census Tract 139.15; Hillsborough County; Florida","3777","259",
"1400000US12057013916","Census Tract 139.16; Hillsborough County; Florida","6705","613",
"1400000US12057013917","Census Tract 139.17; Hillsborough County; Florida","2524","330",
"1400000US12057013918","Census Tract 139.18; Hillsborough County; Florida","697","98",
"1400000US12057013919","Census Tract 139.19; Hillsborough County; Florida","2699","186",
"1400000US12057013922","Census Tract 139.22; Hillsborough County; Florida","2547","334",
"1400000US12057013923","Census Tract 139.23; Hillsborough County; Florida","3638","388",
"1400000US12057013924","Census Tract 139.24; Hillsborough County; Florida","1969","213",
"1400000US12057013925","Census Tract 139.25; Hillsborough County; Florida","2662","257",
"1400000US12057013926","Census Tract 139.26; Hillsborough County; Florida","2978","180",
"1400000US12057014002","Census Tract 140.02; Hillsborough County; Florida","1790","230",
"1400000US12057014003","Census Tract 140.03; Hillsborough County; Florida","708","119",
"1400000US12057014007","Census Tract 140.07; Hillsborough County; Florida","5342","355",
"1400000US12057014008","Census Tract 140.08; Hillsborough County; Florida","2121","157",
"1400000US12057014009","Census Tract 140.09; Hillsborough County; Florida","1196","104",
"1400000US12057014010","Census Tract 140.10; Hillsborough County; Florida","1664","90",
"1400000US12057014011","Census Tract 140.11; Hillsborough County; Florida","3017","475",
"1400000US12057014012","Census Tract 140.12; Hillsborough County; Florida","2086","219",
"1400000US12057014013","Census Tract 140.13; Hillsborough County; Florida","382","41",
"1400000US12057014014","Census Tract 140.14; Hillsborough County; Florida","1602","122",
"1400000US12057014017","Census Tract 140.17; Hillsborough County; Florida","1813","147",
"1400000US12057014104","Census Tract 141.04; Hillsborough County; Florida","1616","148",
"1400000US12057014106","Census Tract 141.06; Hillsborough County; Florida","1826","245",
"1400000US12057014108","Census Tract 141.08; Hillsborough County; Florida","2400","220",
"1400000US12057014109","Census Tract 141.09; Hillsborough County; Florida","3271","283",
"1400000US12057014117","Census Tract 141.17; Hillsborough County; Florida","1651","131",
"1400000US12057014118","Census Tract 141.18; Hillsborough County; Florida","2116","130",
"1400000US12057014119","Census Tract 141.19; Hillsborough County; Florida","4646","358",
"1400000US12057014121","Census Tract 141.21; Hillsborough County; Florida","3243","293",
"1400000US12057014122","Census Tract 141.22; Hillsborough County; Florida","2964","145",
"1400000US12057014200","Census Tract 142; Hillsborough County; Florida","2440","205",
"1400000US12057014300","Census Tract 143; Hillsborough County; Florida","1731","166",
"1400000US12057014400","Census Tract 144; Hillsborough County; Florida","2186","230",
"1400000US12057980100","Census Tract 9801; Hillsborough County; Florida","0","15",
"1400000US12057980200","Census Tract 9802; Hillsborough County; Florida","0","15",
"1400000US12057980300","Census Tract 9803; Hillsborough County; Florida","0","15",
"1400000US12057980400","Census Tract 9804; Hillsborough County; Florida","41","33",
"1400000US12057980500","Census Tract 9805; Hillsborough County; Florida","0","15",
"1400000US12057980600","Census Tract 9806; Hillsborough County; Florida","0","15",
"1400000US12057980700","Census Tract 9807; Hillsborough County; Florida","0","15",
"1400000US12057990000","Census Tract 9900; Hillsborough County; Florida","0","15",
"1400000US12057990100","Census Tract 9901; Hillsborough County; Florida","0","15",
"1400000US12059960100","Census Tract 9601; Holmes County; Florida","1797","151",
"1400000US12059960201","Census Tract 9602.01; Holmes County; Florida","1471","221",
"1400000US12059960202","Census Tract 9602.02; Holmes County; Florida","1080","103",
"1400000US12059960300","Census Tract 9603; Holmes County; Florida","1571","151",
"1400000US12059960401","Census Tract 9604.01; Holmes County; Florida","7","11",
"1400000US12059960402","Census Tract 9604.02; Holmes County; Florida","1604","165",
"1400000US12059960403","Census Tract 9604.03; Holmes County; Florida","1129","136",
"1400000US12061050101","Census Tract 501.01; Indian River County; Florida","1930","245",
"1400000US12061050102","Census Tract 501.02; Indian River County; Florida","1683","180",
"1400000US12061050201","Census Tract 502.01; Indian River County; Florida","731","90",
"1400000US12061050202","Census Tract 502.02; Indian River County; Florida","1097","165",
"1400000US12061050303","Census Tract 503.03; Indian River County; Florida","1099","183",
"1400000US12061050304","Census Tract 503.04; Indian River County; Florida","851","133",
"1400000US12061050305","Census Tract 503.05; Indian River County; Florida","1898","422",
"1400000US12061050306","Census Tract 503.06; Indian River County; Florida","1603","172",
"1400000US12061050401","Census Tract 504.01; Indian River County; Florida","2225","252",
"1400000US12061050402","Census Tract 504.02; Indian River County; Florida","1629","177",
"1400000US12061050504","Census Tract 505.04; Indian River County; Florida","1249","176",
"1400000US12061050505","Census Tract 505.05; Indian River County; Florida","2808","248",
"1400000US12061050506","Census Tract 505.06; Indian River County; Florida","3203","307",
"1400000US12061050507","Census Tract 505.07; Indian River County; Florida","1628","205",
"1400000US12061050508","Census Tract 505.08; Indian River County; Florida","1876","246",
"1400000US12061050509","Census Tract 505.09; Indian River County; Florida","1432","178",
"1400000US12061050601","Census Tract 506.01; Indian River County; Florida","2294","230",
"1400000US12061050602","Census Tract 506.02; Indian River County; Florida","2191","202",
"1400000US12061050603","Census Tract 506.03; Indian River County; Florida","2879","310",
"1400000US12061050604","Census Tract 506.04; Indian River County; Florida","1865","143",
"1400000US12061050605","Census Tract 506.05; Indian River County; Florida","1341","167",
"1400000US12061050607","Census Tract 506.07; Indian River County; Florida","2543","271",
"1400000US12061050608","Census Tract 506.08; Indian River County; Florida","2212","374",
"1400000US12061050702","Census Tract 507.02; Indian River County; Florida","2232","215",
"1400000US12061050704","Census Tract 507.04; Indian River County; Florida","1796","191",
"1400000US12061050706","Census Tract 507.06; Indian River County; Florida","2933","273",
"1400000US12061050707","Census Tract 507.07; Indian River County; Florida","1991","376",
"1400000US12061050708","Census Tract 507.08; Indian River County; Florida","2703","214",
"1400000US12061050709","Census Tract 507.09; Indian River County; Florida","1474","167",
"1400000US12061050805","Census Tract 508.05; Indian River County; Florida","2730","317",
"1400000US12061050806","Census Tract 508.06; Indian River County; Florida","2831","332",
"1400000US12061050807","Census Tract 508.07; Indian River County; Florida","2779","315",
"1400000US12061050808","Census Tract 508.08; Indian River County; Florida","2555","344",
"1400000US12061050809","Census Tract 508.09; Indian River County; Florida","2954","254",
"1400000US12061050810","Census Tract 508.10; Indian River County; Florida","1662","170",
"1400000US12061050811","Census Tract 508.11; Indian River County; Florida","3539","295",
"1400000US12061050812","Census Tract 508.12; Indian River County; Florida","1526","119",
"1400000US12061050903","Census Tract 509.03; Indian River County; Florida","2823","262",
"1400000US12061050905","Census Tract 509.05; Indian River County; Florida","2220","266",
"1400000US12061050906","Census Tract 509.06; Indian River County; Florida","1662","204",
"1400000US12061050907","Census Tract 509.07; Indian River County; Florida","866","150",
"1400000US12061050908","Census Tract 509.08; Indian River County; Florida","1716","233",
"1400000US12061050909","Census Tract 509.09; Indian River County; Florida","1181","163",
"1400000US12061980000","Census Tract 9800; Indian River County; Florida","0","15",
"1400000US12061990000","Census Tract 9900; Indian River County; Florida","0","15",
"1400000US12063210100","Census Tract 2101; Jackson County; Florida","1147","158",
"1400000US12063210200","Census Tract 2102; Jackson County; Florida","562","97",
"1400000US12063210301","Census Tract 2103.01; Jackson County; Florida","986","133",
"1400000US12063210302","Census Tract 2103.02; Jackson County; Florida","940","105",
"1400000US12063210400","Census Tract 2104; Jackson County; Florida","1824","162",
"1400000US12063210500","Census Tract 2105; Jackson County; Florida","1789","262",
"1400000US12063210600","Census Tract 2106; Jackson County; Florida","2725","279",
"1400000US12063210700","Census Tract 2107; Jackson County; Florida","1752","182",
"1400000US12063210800","Census Tract 2108; Jackson County; Florida","1916","184",
"1400000US12063210901","Census Tract 2109.01; Jackson County; Florida","870","111",
"1400000US12063210902","Census Tract 2109.02; Jackson County; Florida","1162","162",
"1400000US12063211000","Census Tract 2110; Jackson County; Florida","2131","264",
"1400000US12063211100","Census Tract 2111; Jackson County; Florida","2341","280",
"1400000US12065250103","Census Tract 2501.03; Jefferson County; Florida","1202","157",
"1400000US12065250104","Census Tract 2501.04; Jefferson County; Florida","1275","140",
"1400000US12065250105","Census Tract 2501.05; Jefferson County; Florida","855","117",
"1400000US12065250106","Census Tract 2501.06; Jefferson County; Florida","1341","149",
"1400000US12065250200","Census Tract 2502; Jefferson County; Florida","2213","187",
"1400000US12065990000","Census Tract 9900; Jefferson County; Florida","0","15",
"1400000US12067960100","Census Tract 9601; Lafayette County; Florida","466","80",
"1400000US12067960201","Census Tract 9602.01; Lafayette County; Florida","1759","213",
"1400000US12067960202","Census Tract 9602.02; Lafayette County; Florida","1122","227",
"1400000US12069030102","Census Tract 301.02; Lake County; Florida","2181","192",
"1400000US12069030104","Census Tract 301.04; Lake County; Florida","986","124",
"1400000US12069030106","Census Tract 301.06; Lake County; Florida","748","98",
"1400000US12069030108","Census Tract 301.08; Lake County; Florida","1806","176",
"1400000US12069030109","Census Tract 301.09; Lake County; Florida","1651","180",
"1400000US12069030110","Census Tract 301.10; Lake County; Florida","2052","274",
"1400000US12069030111","Census Tract 301.11; Lake County; Florida","860","165",
"1400000US12069030112","Census Tract 301.12; Lake County; Florida","2129","360",
"1400000US12069030203","Census Tract 302.03; Lake County; Florida","5066","624",
"1400000US12069030204","Census Tract 302.04; Lake County; Florida","1944","186",
"1400000US12069030206","Census Tract 302.06; Lake County; Florida","2149","233",
"1400000US12069030208","Census Tract 302.08; Lake County; Florida","2359","476",
"1400000US12069030209","Census Tract 302.09; Lake County; Florida","2337","451",
"1400000US12069030210","Census Tract 302.10; Lake County; Florida","1305","245",
"1400000US12069030211","Census Tract 302.11; Lake County; Florida","2025","161",
"1400000US12069030302","Census Tract 303.02; Lake County; Florida","2447","198",
"1400000US12069030305","Census Tract 303.05; Lake County; Florida","1596","163",
"1400000US12069030306","Census Tract 303.06; Lake County; Florida","3064","494",
"1400000US12069030307","Census Tract 303.07; Lake County; Florida","2503","243",
"1400000US12069030308","Census Tract 303.08; Lake County; Florida","2167","215",
"1400000US12069030405","Census Tract 304.05; Lake County; Florida","2726","284",
"1400000US12069030406","Census Tract 304.06; Lake County; Florida","2432","226",
"1400000US12069030407","Census Tract 304.07; Lake County; Florida","1461","185",
"1400000US12069030408","Census Tract 304.08; Lake County; Florida","3137","425",
"1400000US12069030409","Census Tract 304.09; Lake County; Florida","4433","515",
"1400000US12069030410","Census Tract 304.10; Lake County; Florida","1601","185",
"1400000US12069030411","Census Tract 304.11; Lake County; Florida","3866","410",
"1400000US12069030505","Census Tract 305.05; Lake County; Florida","2169","311",
"1400000US12069030506","Census Tract 305.06; Lake County; Florida","3448","441",
"1400000US12069030507","Census Tract 305.07; Lake County; Florida","4141","303",
"1400000US12069030601","Census Tract 306.01; Lake County; Florida","3233","390",
"1400000US12069030602","Census Tract 306.02; Lake County; Florida","1676","314",
"1400000US12069030701","Census Tract 307.01; Lake County; Florida","1608","237",
"1400000US12069030702","Census Tract 307.02; Lake County; Florida","2563","281",
"1400000US12069030803","Census Tract 308.03; Lake County; Florida","3181","482",
"1400000US12069030804","Census Tract 308.04; Lake County; Florida","773","124",
"1400000US12069030805","Census Tract 308.05; Lake County; Florida","1856","258",
"1400000US12069030806","Census Tract 308.06; Lake County; Florida","2282","199",
"1400000US12069030807","Census Tract 308.07; Lake County; Florida","2362","300",
"1400000US12069030914","Census Tract 309.14; Lake County; Florida","2893","393",
"1400000US12069030915","Census Tract 309.15; Lake County; Florida","4322","388",
"1400000US12069030916","Census Tract 309.16; Lake County; Florida","2519","612",
"1400000US12069030917","Census Tract 309.17; Lake County; Florida","3388","386",
"1400000US12069030918","Census Tract 309.18; Lake County; Florida","909","168",
"1400000US12069031001","Census Tract 310.01; Lake County; Florida","961","173",
"1400000US12069031002","Census Tract 310.02; Lake County; Florida","2999","301",
"1400000US12069031103","Census Tract 311.03; Lake County; Florida","1124","99",
"1400000US12069031104","Census Tract 311.04; Lake County; Florida","1542","275",
"1400000US12069031105","Census Tract 311.05; Lake County; Florida","4132","439",
"1400000US12069031106","Census Tract 311.06; Lake County; Florida","1561","107",
"1400000US12069031107","Census Tract 311.07; Lake County; Florida","2231","302",
"1400000US12069031108","Census Tract 311.08; Lake County; Florida","1711","233",
"1400000US12069031202","Census Tract 312.02; Lake County; Florida","3204","490",
"1400000US12069031203","Census Tract 312.03; Lake County; Florida","3030","342",
"1400000US12069031205","Census Tract 312.05; Lake County; Florida","1271","221",
"1400000US12069031206","Census Tract 312.06; Lake County; Florida","2339","485",
"1400000US12069031207","Census Tract 312.07; Lake County; Florida","5513","408",
"1400000US12069031208","Census Tract 312.08; Lake County; Florida","1885","284",
"1400000US12069031301","Census Tract 313.01; Lake County; Florida","3149","557",
"1400000US12069031306","Census Tract 313.06; Lake County; Florida","5055","387",
"1400000US12069031308","Census Tract 313.08; Lake County; Florida","3183","281",
"1400000US12069031309","Census Tract 313.09; Lake County; Florida","5777","470",
"1400000US12069031312","Census Tract 313.12; Lake County; Florida","2341","289",
"1400000US12069031313","Census Tract 313.13; Lake County; Florida","1217","173",
"1400000US12069031314","Census Tract 313.14; Lake County; Florida","5005","381",
"1400000US12069031315","Census Tract 313.15; Lake County; Florida","2930","398",
"1400000US12069031316","Census Tract 313.16; Lake County; Florida","4215","433",
"1400000US12069031317","Census Tract 313.17; Lake County; Florida","1940","175",
"1400000US12069031318","Census Tract 313.18; Lake County; Florida","3574","438",
"1400000US12069031319","Census Tract 313.19; Lake County; Florida","2590","410",
"1400000US12069031320","Census Tract 313.20; Lake County; Florida","2761","287",
"1400000US12069031321","Census Tract 313.21; Lake County; Florida","1256","119",
"1400000US12069031322","Census Tract 313.22; Lake County; Florida","1117","65",
"1400000US12069031323","Census Tract 313.23; Lake County; Florida","1990","384",
"1400000US12069031324","Census Tract 313.24; Lake County; Florida","1623","273",
"1400000US12071000303","Census Tract 3.03; Lee County; Florida","1446","156",
"1400000US12071000304","Census Tract 3.04; Lee County; Florida","1160","198",
"1400000US12071000305","Census Tract 3.05; Lee County; Florida","810","77",
"1400000US12071000306","Census Tract 3.06; Lee County; Florida","1234","198",
"1400000US12071000401","Census Tract 4.01; Lee County; Florida","988","116",
"1400000US12071000402","Census Tract 4.02; Lee County; Florida","1536","198",
"1400000US12071000502","Census Tract 5.02; Lee County; Florida","1528","207",
"1400000US12071000503","Census Tract 5.03; Lee County; Florida","1502","206",
"1400000US12071000504","Census Tract 5.04; Lee County; Florida","1502","197",
"1400000US12071000600","Census Tract 6; Lee County; Florida","1693","267",
"1400000US12071000700","Census Tract 7; Lee County; Florida","1042","91",
"1400000US12071000800","Census Tract 8; Lee County; Florida","1567","234",
"1400000US12071000900","Census Tract 9; Lee County; Florida","1191","92",
"1400000US12071001001","Census Tract 10.01; Lee County; Florida","1515","229",
"1400000US12071001002","Census Tract 10.02; Lee County; Florida","1502","203",
"1400000US12071001101","Census Tract 11.01; Lee County; Florida","1691","301",
"1400000US12071001103","Census Tract 11.03; Lee County; Florida","1310","213",
"1400000US12071001104","Census Tract 11.04; Lee County; Florida","1373","183",
"1400000US12071001203","Census Tract 12.03; Lee County; Florida","2199","374",
"1400000US12071001204","Census Tract 12.04; Lee County; Florida","1422","81",
"1400000US12071001205","Census Tract 12.05; Lee County; Florida","2170","246",
"1400000US12071001206","Census Tract 12.06; Lee County; Florida","1395","93",
"1400000US12071001207","Census Tract 12.07; Lee County; Florida","1261","144",
"1400000US12071001208","Census Tract 12.08; Lee County; Florida","2643","341",
"1400000US12071001209","Census Tract 12.09; Lee County; Florida","2039","166",
"1400000US12071001300","Census Tract 13; Lee County; Florida","1492","156",
"1400000US12071001401","Census Tract 14.01; Lee County; Florida","3183","258",
"1400000US12071001402","Census Tract 14.02; Lee County; Florida","1362","239",
"1400000US12071001501","Census Tract 15.01; Lee County; Florida","1697","190",
"1400000US12071001502","Census Tract 15.02; Lee County; Florida","2737","292",
"1400000US12071001601","Census Tract 16.01; Lee County; Florida","2229","241",
"1400000US12071001602","Census Tract 16.02; Lee County; Florida","2336","261",
"1400000US12071001701","Census Tract 17.01; Lee County; Florida","2053","112",
"1400000US12071001705","Census Tract 17.05; Lee County; Florida","3214","309",
"1400000US12071001706","Census Tract 17.06; Lee County; Florida","2419","301",
"1400000US12071001708","Census Tract 17.08; Lee County; Florida","2892","540",
"1400000US12071001709","Census Tract 17.09; Lee County; Florida","1802","224",
"1400000US12071001710","Census Tract 17.10; Lee County; Florida","1513","154",
"1400000US12071001711","Census Tract 17.11; Lee County; Florida","2174","207",
"1400000US12071001801","Census Tract 18.01; Lee County; Florida","2853","306",
"1400000US12071001802","Census Tract 18.02; Lee County; Florida","2013","192",
"1400000US12071001903","Census Tract 19.03; Lee County; Florida","2706","199",
"1400000US12071001908","Census Tract 19.08; Lee County; Florida","1022","91",
"1400000US12071001910","Census Tract 19.10; Lee County; Florida","2510","260",
"1400000US12071001911","Census Tract 19.11; Lee County; Florida","1288","104",
"1400000US12071001912","Census Tract 19.12; Lee County; Florida","1960","205",
"1400000US12071001913","Census Tract 19.13; Lee County; Florida","2150","136",
"1400000US12071001915","Census Tract 19.15; Lee County; Florida","2431","217",
"1400000US12071001916","Census Tract 19.16; Lee County; Florida","1746","99",
"1400000US12071001917","Census Tract 19.17; Lee County; Florida","1939","212",
"1400000US12071001918","Census Tract 19.18; Lee County; Florida","1379","316",
"1400000US12071001919","Census Tract 19.19; Lee County; Florida","1359","236",
"1400000US12071001920","Census Tract 19.20; Lee County; Florida","2067","364",
"1400000US12071001921","Census Tract 19.21; Lee County; Florida","2446","330",
"1400000US12071001922","Census Tract 19.22; Lee County; Florida","1800","284",
"1400000US12071001923","Census Tract 19.23; Lee County; Florida","1746","247",
"1400000US12071010104","Census Tract 101.04; Lee County; Florida","2052","188",
"1400000US12071010106","Census Tract 101.06; Lee County; Florida","2037","207",
"1400000US12071010107","Census Tract 101.07; Lee County; Florida","1340","98",
"1400000US12071010108","Census Tract 101.08; Lee County; Florida","1838","232",
"1400000US12071010109","Census Tract 101.09; Lee County; Florida","2324","234",
"1400000US12071010110","Census Tract 101.10; Lee County; Florida","1489","141",
"1400000US12071010111","Census Tract 101.11; Lee County; Florida","2346","166",
"1400000US12071010112","Census Tract 101.12; Lee County; Florida","2039","230",
"1400000US12071010113","Census Tract 101.13; Lee County; Florida","1599","520",
"1400000US12071010203","Census Tract 102.03; Lee County; Florida","3316","435",
"1400000US12071010205","Census Tract 102.05; Lee County; Florida","2119","213",
"1400000US12071010206","Census Tract 102.06; Lee County; Florida","3943","543",
"1400000US12071010207","Census Tract 102.07; Lee County; Florida","2074","208",
"1400000US12071010208","Census Tract 102.08; Lee County; Florida","1649","295",
"1400000US12071010209","Census Tract 102.09; Lee County; Florida","1814","255",
"1400000US12071010210","Census Tract 102.10; Lee County; Florida","2111","154",
"1400000US12071010302","Census Tract 103.02; Lee County; Florida","3261","366",
"1400000US12071010303","Census Tract 103.03; Lee County; Florida","2815","318",
"1400000US12071010305","Census Tract 103.05; Lee County; Florida","2051","233",
"1400000US12071010306","Census Tract 103.06; Lee County; Florida","2933","274",
"1400000US12071010307","Census Tract 103.07; Lee County; Florida","3828","546",
"1400000US12071010308","Census Tract 103.08; Lee County; Florida","2504","138",
"1400000US12071010309","Census Tract 103.09; Lee County; Florida","2576","440",
"1400000US12071010404","Census Tract 104.04; Lee County; Florida","4172","416",
"1400000US12071010411","Census Tract 104.11; Lee County; Florida","2442","289",
"1400000US12071010412","Census Tract 104.12; Lee County; Florida","2767","462",
"1400000US12071010413","Census Tract 104.13; Lee County; Florida","2701","398",
"1400000US12071010414","Census Tract 104.14; Lee County; Florida","1545","239",
"1400000US12071010415","Census Tract 104.15; Lee County; Florida","2424","342",
"1400000US12071010416","Census Tract 104.16; Lee County; Florida","2267","254",
"1400000US12071010417","Census Tract 104.17; Lee County; Florida","1839","247",
"1400000US12071010418","Census Tract 104.18; Lee County; Florida","3187","246",
"1400000US12071010419","Census Tract 104.19; Lee County; Florida","2781","405",
"1400000US12071010420","Census Tract 104.20; Lee County; Florida","3975","454",
"1400000US12071010421","Census Tract 104.21; Lee County; Florida","3076","219",
"1400000US12071010422","Census Tract 104.22; Lee County; Florida","2686","255",
"1400000US12071010423","Census Tract 104.23; Lee County; Florida","1670","194",
"1400000US12071010501","Census Tract 105.01; Lee County; Florida","1793","151",
"1400000US12071010503","Census Tract 105.03; Lee County; Florida","1654","126",
"1400000US12071010504","Census Tract 105.04; Lee County; Florida","1579","244",
"1400000US12071010601","Census Tract 106.01; Lee County; Florida","2231","160",
"1400000US12071010602","Census Tract 106.02; Lee County; Florida","1721","177",
"1400000US12071010701","Census Tract 107.01; Lee County; Florida","2368","200",
"1400000US12071010702","Census Tract 107.02; Lee County; Florida","2478","221",
"1400000US12071010801","Census Tract 108.01; Lee County; Florida","1634","143",
"1400000US12071010802","Census Tract 108.02; Lee County; Florida","2716","280",
"1400000US12071010803","Census Tract 108.03; Lee County; Florida","1380","144",
"1400000US12071020102","Census Tract 201.02; Lee County; Florida","2612","294",
"1400000US12071020103","Census Tract 201.03; Lee County; Florida","1821","303",
"1400000US12071020104","Census Tract 201.04; Lee County; Florida","1998","214",
"1400000US12071020201","Census Tract 202.01; Lee County; Florida","655","89",
"1400000US12071020202","Census Tract 202.02; Lee County; Florida","1321","103",
"1400000US12071020301","Census Tract 203.01; Lee County; Florida","1936","533",
"1400000US12071020302","Census Tract 203.02; Lee County; Florida","1158","251",
"1400000US12071020400","Census Tract 204; Lee County; Florida","1993","233",
"1400000US12071020501","Census Tract 205.01; Lee County; Florida","2166","204",
"1400000US12071020502","Census Tract 205.02; Lee County; Florida","2589","222",
"1400000US12071020600","Census Tract 206; Lee County; Florida","2806","394",
"1400000US12071020700","Census Tract 207; Lee County; Florida","2260","154",
"1400000US12071020801","Census Tract 208.01; Lee County; Florida","1595","347",
"1400000US12071020802","Census Tract 208.02; Lee County; Florida","1308","171",
"1400000US12071030100","Census Tract 301; Lee County; Florida","1184","190",
"1400000US12071030201","Census Tract 302.01; Lee County; Florida","1555","103",
"1400000US12071030202","Census Tract 302.02; Lee County; Florida","2629","398",
"1400000US12071030205","Census Tract 302.05; Lee County; Florida","1402","180",
"1400000US12071030300","Census Tract 303; Lee County; Florida","1347","136",
"1400000US12071040108","Census Tract 401.08; Lee County; Florida","2310","387",
"1400000US12071040109","Census Tract 401.09; Lee County; Florida","2078","248",
"1400000US12071040110","Census Tract 401.10; Lee County; Florida","1735","146",
"1400000US12071040111","Census Tract 401.11; Lee County; Florida","2409","199",
"1400000US12071040113","Census Tract 401.13; Lee County; Florida","602","66",
"1400000US12071040117","Census Tract 401.17; Lee County; Florida","2459","314",
"1400000US12071040118","Census Tract 401.18; Lee County; Florida","1875","151",
"1400000US12071040120","Census Tract 401.20; Lee County; Florida","746","86",
"1400000US12071040121","Census Tract 401.21; Lee County; Florida","1164","141",
"1400000US12071040122","Census Tract 401.22; Lee County; Florida","1779","138",
"1400000US12071040123","Census Tract 401.23; Lee County; Florida","2507","299",
"1400000US12071040124","Census Tract 401.24; Lee County; Florida","2068","198",
"1400000US12071040125","Census Tract 401.25; Lee County; Florida","903","111",
"1400000US12071040126","Census Tract 401.26; Lee County; Florida","1080","79",
"1400000US12071040127","Census Tract 401.27; Lee County; Florida","1400","175",
"1400000US12071040128","Census Tract 401.28; Lee County; Florida","1790","176",
"1400000US12071040129","Census Tract 401.29; Lee County; Florida","1498","146",
"1400000US12071040130","Census Tract 401.30; Lee County; Florida","2559","387",
"1400000US12071040131","Census Tract 401.31; Lee County; Florida","1150","135",
"1400000US12071040132","Census Tract 401.32; Lee County; Florida","2021","198",
"1400000US12071040133","Census Tract 401.33; Lee County; Florida","1622","254",
"1400000US12071040134","Census Tract 401.34; Lee County; Florida","953","108",
"1400000US12071040135","Census Tract 401.35; Lee County; Florida","1693","135",
"1400000US12071040136","Census Tract 401.36; Lee County; Florida","2299","174",
"1400000US12071040137","Census Tract 401.37; Lee County; Florida","1157","56",
"1400000US12071040138","Census Tract 401.38; Lee County; Florida","3473","212",
"1400000US12071040139","Census Tract 401.39; Lee County; Florida","109","45",
"1400000US12071040205","Census Tract 402.05; Lee County; Florida","2019","128",
"1400000US12071040206","Census Tract 402.06; Lee County; Florida","2180","211",
"1400000US12071040207","Census Tract 402.07; Lee County; Florida","2072","179",
"1400000US12071040208","Census Tract 402.08; Lee County; Florida","927","87",
"1400000US12071040209","Census Tract 402.09; Lee County; Florida","1171","125",
"1400000US12071040210","Census Tract 402.10; Lee County; Florida","934","107",
"1400000US12071040211","Census Tract 402.11; Lee County; Florida","2294","214",
"1400000US12071040212","Census Tract 402.12; Lee County; Florida","2386","185",
"1400000US12071040301","Census Tract 403.01; Lee County; Florida","2685","251",
"1400000US12071040302","Census Tract 403.02; Lee County; Florida","1506","159",
"1400000US12071040303","Census Tract 403.03; Lee County; Florida","2143","135",
"1400000US12071040304","Census Tract 403.04; Lee County; Florida","2736","298",
"1400000US12071040305","Census Tract 403.05; Lee County; Florida","1551","165",
"1400000US12071040308","Census Tract 403.08; Lee County; Florida","1393","142",
"1400000US12071040310","Census Tract 403.10; Lee County; Florida","892","82",
"1400000US12071040311","Census Tract 403.11; Lee County; Florida","2200","213",
"1400000US12071040312","Census Tract 403.12; Lee County; Florida","606","73",
"1400000US12071040313","Census Tract 403.13; Lee County; Florida","566","68",
"1400000US12071040314","Census Tract 403.14; Lee County; Florida","1003","102",
"1400000US12071040315","Census Tract 403.15; Lee County; Florida","1035","83",
"1400000US12071040316","Census Tract 403.16; Lee County; Florida","1465","190",
"1400000US12071050103","Census Tract 501.03; Lee County; Florida","993","90",
"1400000US12071050104","Census Tract 501.04; Lee County; Florida","2681","219",
"1400000US12071050105","Census Tract 501.05; Lee County; Florida","1765","215",
"1400000US12071050106","Census Tract 501.06; Lee County; Florida","3519","459",
"1400000US12071050204","Census Tract 502.04; Lee County; Florida","1804","219",
"1400000US12071050205","Census Tract 502.05; Lee County; Florida","1094","94",
"1400000US12071050206","Census Tract 502.06; Lee County; Florida","1248","243",
"1400000US12071050207","Census Tract 502.07; Lee County; Florida","1624","147",
"1400000US12071050208","Census Tract 502.08; Lee County; Florida","2414","223",
"1400000US12071050210","Census Tract 502.10; Lee County; Florida","2078","212",
"1400000US12071050211","Census Tract 502.11; Lee County; Florida","1471","181",
"1400000US12071050212","Census Tract 502.12; Lee County; Florida","1786","292",
"1400000US12071050213","Census Tract 502.13; Lee County; Florida","1976","157",
"1400000US12071050305","Census Tract 503.05; Lee County; Florida","3667","308",
"1400000US12071050306","Census Tract 503.06; Lee County; Florida","1835","175",
"1400000US12071050311","Census Tract 503.11; Lee County; Florida","4232","345",
"1400000US12071050312","Census Tract 503.12; Lee County; Florida","2956","238",
"1400000US12071050315","Census Tract 503.15; Lee County; Florida","1646","145",
"1400000US12071050316","Census Tract 503.16; Lee County; Florida","2749","386",
"1400000US12071050317","Census Tract 503.17; Lee County; Florida","2523","269",
"1400000US12071050318","Census Tract 503.18; Lee County; Florida","3932","325",
"1400000US12071050319","Census Tract 503.19; Lee County; Florida","1547","418",
"1400000US12071050320","Census Tract 503.20; Lee County; Florida","3329","340",
"1400000US12071050321","Census Tract 503.21; Lee County; Florida","1783","120",
"1400000US12071050322","Census Tract 503.22; Lee County; Florida","2873","272",
"1400000US12071050323","Census Tract 503.23; Lee County; Florida","1247","166",
"1400000US12071050324","Census Tract 503.24; Lee County; Florida","2984","476",
"1400000US12071050325","Census Tract 503.25; Lee County; Florida","2959","251",
"1400000US12071050401","Census Tract 504.01; Lee County; Florida","2244","166",
"1400000US12071050402","Census Tract 504.02; Lee County; Florida","3303","353",
"1400000US12071050501","Census Tract 505.01; Lee County; Florida","1740","232",
"1400000US12071050502","Census Tract 505.02; Lee County; Florida","2256","149",
"1400000US12071050601","Census Tract 506.01; Lee County; Florida","2417","198",
"1400000US12071050603","Census Tract 506.03; Lee County; Florida","1975","323",
"1400000US12071050604","Census Tract 506.04; Lee County; Florida","1869","174",
"1400000US12071060101","Census Tract 601.01; Lee County; Florida","1015","240",
"1400000US12071060102","Census Tract 601.02; Lee County; Florida","2946","207",
"1400000US12071060201","Census Tract 602.01; Lee County; Florida","2501","150",
"1400000US12071060202","Census Tract 602.02; Lee County; Florida","2794","170",
"1400000US12071060203","Census Tract 602.03; Lee County; Florida","1645","193",
"1400000US12071060300","Census Tract 603; Lee County; Florida","2177","149",
"1400000US12071070101","Census Tract 701.01; Lee County; Florida","1407","125",
"1400000US12071070102","Census Tract 701.02; Lee County; Florida","2295","230",
"1400000US12071070201","Census Tract 702.01; Lee County; Florida","2231","339",
"1400000US12071070202","Census Tract 702.02; Lee County; Florida","1258","208",
"1400000US12071080100","Census Tract 801; Lee County; Florida","1723","145",
"1400000US12071080202","Census Tract 802.02; Lee County; Florida","4559","316",
"1400000US12071080203","Census Tract 802.03; Lee County; Florida","1810","203",
"1400000US12071080204","Census Tract 802.04; Lee County; Florida","2195","264",
"1400000US12071080300","Census Tract 803; Lee County; Florida","2049","191",
"1400000US12071090100","Census Tract 901; Lee County; Florida","1151","113",
"1400000US12071980000","Census Tract 9800; Lee County; Florida","0","15",
"1400000US12071990000","Census Tract 9900; Lee County; Florida","0","15",
"1400000US12073000200","Census Tract 2; Leon County; Florida","3129","264",
"1400000US12073000301","Census Tract 3.01; Leon County; Florida","1024","117",
"1400000US12073000302","Census Tract 3.02; Leon County; Florida","1177","106",
"1400000US12073000303","Census Tract 3.03; Leon County; Florida","2144","238",
"1400000US12073000400","Census Tract 4; Leon County; Florida","638","114",
"1400000US12073000501","Census Tract 5.01; Leon County; Florida","1079","126",
"1400000US12073000502","Census Tract 5.02; Leon County; Florida","1392","174",
"1400000US12073000600","Census Tract 6; Leon County; Florida","1887","215",
"1400000US12073000700","Census Tract 7; Leon County; Florida","1268","163",
"1400000US12073000800","Census Tract 8; Leon County; Florida","1784","261",
"1400000US12073000903","Census Tract 9.03; Leon County; Florida","1318","124",
"1400000US12073000904","Census Tract 9.04; Leon County; Florida","2256","214",
"1400000US12073000905","Census Tract 9.05; Leon County; Florida","1965","301",
"1400000US12073000906","Census Tract 9.06; Leon County; Florida","1402","183",
"1400000US12073000907","Census Tract 9.07; Leon County; Florida","2914","279",
"1400000US12073001001","Census Tract 10.01; Leon County; Florida","1412","225",
"1400000US12073001002","Census Tract 10.02; Leon County; Florida","1104","204",
"1400000US12073001101","Census Tract 11.01; Leon County; Florida","865","83",
"1400000US12073001102","Census Tract 11.02; Leon County; Florida","1205","230",
"1400000US12073001200","Census Tract 12; Leon County; Florida","1045","179",
"1400000US12073001300","Census Tract 13; Leon County; Florida","7","10",
"1400000US12073001401","Census Tract 14.01; Leon County; Florida","1624","369",
"1400000US12073001402","Census Tract 14.02; Leon County; Florida","3267","337",
"1400000US12073001500","Census Tract 15; Leon County; Florida","2274","180",
"1400000US12073001601","Census Tract 16.01; Leon County; Florida","2608","175",
"1400000US12073001602","Census Tract 16.02; Leon County; Florida","1578","290",
"1400000US12073001701","Census Tract 17.01; Leon County; Florida","1051","81",
"1400000US12073001702","Census Tract 17.02; Leon County; Florida","2926","353",
"1400000US12073001801","Census Tract 18.01; Leon County; Florida","1842","165",
"1400000US12073001803","Census Tract 18.03; Leon County; Florida","860","100",
"1400000US12073001804","Census Tract 18.04; Leon County; Florida","2652","233",
"1400000US12073001901","Census Tract 19.01; Leon County; Florida","1255","197",
"1400000US12073001902","Census Tract 19.02; Leon County; Florida","1976","331",
"1400000US12073002003","Census Tract 20.03; Leon County; Florida","774","144",
"1400000US12073002005","Census Tract 20.05; Leon County; Florida","1810","226",
"1400000US12073002006","Census Tract 20.06; Leon County; Florida","2527","364",
"1400000US12073002007","Census Tract 20.07; Leon County; Florida","2112","261",
"1400000US12073002008","Census Tract 20.08; Leon County; Florida","2171","385",
"1400000US12073002101","Census Tract 21.01; Leon County; Florida","2418","399",
"1400000US12073002103","Census Tract 21.03; Leon County; Florida","2209","324",
"1400000US12073002105","Census Tract 21.05; Leon County; Florida","2133","358",
"1400000US12073002106","Census Tract 21.06; Leon County; Florida","1579","202",
"1400000US12073002201","Census Tract 22.01; Leon County; Florida","3160","311",
"1400000US12073002205","Census Tract 22.05; Leon County; Florida","2800","289",
"1400000US12073002206","Census Tract 22.06; Leon County; Florida","1599","154",
"1400000US12073002207","Census Tract 22.07; Leon County; Florida","1185","159",
"1400000US12073002208","Census Tract 22.08; Leon County; Florida","2029","196",
"1400000US12073002302","Census Tract 23.02; Leon County; Florida","1225","141",
"1400000US12073002303","Census Tract 23.03; Leon County; Florida","1847","227",
"1400000US12073002304","Census Tract 23.04; Leon County; Florida","1297","149",
"1400000US12073002403","Census Tract 24.03; Leon County; Florida","1366","211",
"1400000US12073002410","Census Tract 24.10; Leon County; Florida","3049","330",
"1400000US12073002411","Census Tract 24.11; Leon County; Florida","675","118",
"1400000US12073002413","Census Tract 24.13; Leon County; Florida","1046","90",
"1400000US12073002414","Census Tract 24.14; Leon County; Florida","2237","274",
"1400000US12073002415","Census Tract 24.15; Leon County; Florida","1971","211",
"1400000US12073002416","Census Tract 24.16; Leon County; Florida","1194","101",
"1400000US12073002418","Census Tract 24.18; Leon County; Florida","1645","140",
"1400000US12073002419","Census Tract 24.19; Leon County; Florida","1566","164",
"1400000US12073002420","Census Tract 24.20; Leon County; Florida","1160","105",
"1400000US12073002421","Census Tract 24.21; Leon County; Florida","2009","342",
"1400000US12073002422","Census Tract 24.22; Leon County; Florida","1220","122",
"1400000US12073002423","Census Tract 24.23; Leon County; Florida","1946","284",
"1400000US12073002505","Census Tract 25.05; Leon County; Florida","3236","286",
"1400000US12073002507","Census Tract 25.07; Leon County; Florida","1059","153",
"1400000US12073002509","Census Tract 25.09; Leon County; Florida","1900","159",
"1400000US12073002511","Census Tract 25.11; Leon County; Florida","1027","100",
"1400000US12073002512","Census Tract 25.12; Leon County; Florida","1374","141",
"1400000US12073002513","Census Tract 25.13; Leon County; Florida","1646","157",
"1400000US12073002514","Census Tract 25.14; Leon County; Florida","1144","112",
"1400000US12073002515","Census Tract 25.15; Leon County; Florida","2275","339",
"1400000US12073002516","Census Tract 25.16; Leon County; Florida","1585","159",
"1400000US12073002517","Census Tract 25.17; Leon County; Florida","1542","223",
"1400000US12073002603","Census Tract 26.03; Leon County; Florida","2165","345",
"1400000US12073002604","Census Tract 26.04; Leon County; Florida","1175","215",
"1400000US12073002605","Census Tract 26.05; Leon County; Florida","2909","290",
"1400000US12073002606","Census Tract 26.06; Leon County; Florida","1532","127",
"1400000US12073002701","Census Tract 27.01; Leon County; Florida","2263","233",
"1400000US12073002702","Census Tract 27.02; Leon County; Florida","2074","211",
"1400000US12075970101","Census Tract 9701.01; Levy County; Florida","1197","184",
"1400000US12075970103","Census Tract 9701.03; Levy County; Florida","1669","240",
"1400000US12075970104","Census Tract 9701.04; Levy County; Florida","2584","271",
"1400000US12075970200","Census Tract 9702; Levy County; Florida","1942","202",
"1400000US12075970301","Census Tract 9703.01; Levy County; Florida","940","177",
"1400000US12075970303","Census Tract 9703.03; Levy County; Florida","1788","195",
"1400000US12075970304","Census Tract 9703.04; Levy County; Florida","1223","180",
"1400000US12075970400","Census Tract 9704; Levy County; Florida","1890","201",
"1400000US12075970501","Census Tract 9705.01; Levy County; Florida","1663","165",
"1400000US12075970502","Census Tract 9705.02; Levy County; Florida","2276","303",
"1400000US12075970600","Census Tract 9706; Levy County; Florida","1917","205",
"1400000US12075970700","Census Tract 9707; Levy County; Florida","2383","181",
"1400000US12075990000","Census Tract 9900; Levy County; Florida","0","15",
"1400000US12077950100","Census Tract 9501; Liberty County; Florida","1059","136",
"1400000US12077950201","Census Tract 9502.01; Liberty County; Florida","1527","132",
"1400000US12077950202","Census Tract 9502.02; Liberty County; Florida","652","131",
"1400000US12077980000","Census Tract 9800; Liberty County; Florida","0","15",
"1400000US12079110100","Census Tract 1101; Madison County; Florida","1567","169",
"1400000US12079110200","Census Tract 1102; Madison County; Florida","1657","191",
"1400000US12079110301","Census Tract 1103.01; Madison County; Florida","1189","159",
"1400000US12079110302","Census Tract 1103.02; Madison County; Florida","1988","228",
"1400000US12079110400","Census Tract 1104; Madison County; Florida","2017","215",
"1400000US12081000101","Census Tract 1.01; Manatee County; Florida","1748","159",
"1400000US12081000103","Census Tract 1.03; Manatee County; Florida","1930","170",
"1400000US12081000105","Census Tract 1.05; Manatee County; Florida","2212","243",
"1400000US12081000106","Census Tract 1.06; Manatee County; Florida","1666","354",
"1400000US12081000201","Census Tract 2.01; Manatee County; Florida","3067","329",
"1400000US12081000203","Census Tract 2.03; Manatee County; Florida","1091","145",
"1400000US12081000204","Census Tract 2.04; Manatee County; Florida","2003","390",
"1400000US12081000304","Census Tract 3.04; Manatee County; Florida","1913","261",
"1400000US12081000305","Census Tract 3.05; Manatee County; Florida","2486","352",
"1400000US12081000307","Census Tract 3.07; Manatee County; Florida","1564","237",
"1400000US12081000309","Census Tract 3.09; Manatee County; Florida","2011","184",
"1400000US12081000310","Census Tract 3.10; Manatee County; Florida","2235","262",
"1400000US12081000311","Census Tract 3.11; Manatee County; Florida","1880","185",
"1400000US12081000312","Census Tract 3.12; Manatee County; Florida","1329","126",
"1400000US12081000313","Census Tract 3.13; Manatee County; Florida","815","43",
"1400000US12081000314","Census Tract 3.14; Manatee County; Florida","2031","252",
"1400000US12081000403","Census Tract 4.03; Manatee County; Florida","885","190",
"1400000US12081000405","Census Tract 4.05; Manatee County; Florida","1416","194",
"1400000US12081000406","Census Tract 4.06; Manatee County; Florida","2532","175",
"1400000US12081000407","Census Tract 4.07; Manatee County; Florida","2658","241",
"1400000US12081000409","Census Tract 4.09; Manatee County; Florida","1665","149",
"1400000US12081000410","Census Tract 4.10; Manatee County; Florida","1872","173",
"1400000US12081000501","Census Tract 5.01; Manatee County; Florida","1267","162",
"1400000US12081000503","Census Tract 5.03; Manatee County; Florida","1923","273",
"1400000US12081000504","Census Tract 5.04; Manatee County; Florida","1378","119",
"1400000US12081000601","Census Tract 6.01; Manatee County; Florida","1358","196",
"1400000US12081000603","Census Tract 6.03; Manatee County; Florida","1897","176",
"1400000US12081000604","Census Tract 6.04; Manatee County; Florida","3400","312",
"1400000US12081000703","Census Tract 7.03; Manatee County; Florida","1392","233",
"1400000US12081000704","Census Tract 7.04; Manatee County; Florida","2500","298",
"1400000US12081000705","Census Tract 7.05; Manatee County; Florida","2563","306",
"1400000US12081000804","Census Tract 8.04; Manatee County; Florida","2032","162",
"1400000US12081000805","Census Tract 8.05; Manatee County; Florida","4186","499",
"1400000US12081000808","Census Tract 8.08; Manatee County; Florida","3688","366",
"1400000US12081000809","Census Tract 8.09; Manatee County; Florida","2746","193",
"1400000US12081000810","Census Tract 8.10; Manatee County; Florida","3659","202",
"1400000US12081000811","Census Tract 8.11; Manatee County; Florida","1403","241",
"1400000US12081000812","Census Tract 8.12; Manatee County; Florida","1992","278",
"1400000US12081000813","Census Tract 8.13; Manatee County; Florida","1490","187",
"1400000US12081000814","Census Tract 8.14; Manatee County; Florida","2609","348",
"1400000US12081000901","Census Tract 9.01; Manatee County; Florida","2111","179",
"1400000US12081000902","Census Tract 9.02; Manatee County; Florida","2584","332",
"1400000US12081001001","Census Tract 10.01; Manatee County; Florida","1003","123",
"1400000US12081001002","Census Tract 10.02; Manatee County; Florida","2151","373",
"1400000US12081001104","Census Tract 11.04; Manatee County; Florida","3209","287",
"1400000US12081001105","Census Tract 11.05; Manatee County; Florida","2449","225",
"1400000US12081001106","Census Tract 11.06; Manatee County; Florida","2587","325",
"1400000US12081001107","Census Tract 11.07; Manatee County; Florida","2593","313",
"1400000US12081001108","Census Tract 11.08; Manatee County; Florida","2510","247",
"1400000US12081001202","Census Tract 12.02; Manatee County; Florida","1803","229",
"1400000US12081001203","Census Tract 12.03; Manatee County; Florida","2022","235",
"1400000US12081001204","Census Tract 12.04; Manatee County; Florida","3800","260",
"1400000US12081001300","Census Tract 13; Manatee County; Florida","1720","219",
"1400000US12081001402","Census Tract 14.02; Manatee County; Florida","1172","163",
"1400000US12081001404","Census Tract 14.04; Manatee County; Florida","1454","397",
"1400000US12081001405","Census Tract 14.05; Manatee County; Florida","1202","154",
"1400000US12081001406","Census Tract 14.06; Manatee County; Florida","1617","163",
"1400000US12081001501","Census Tract 15.01; Manatee County; Florida","1960","263",
"1400000US12081001502","Census Tract 15.02; Manatee County; Florida","2848","346",
"1400000US12081001602","Census Tract 16.02; Manatee County; Florida","2000","197",
"1400000US12081001603","Census Tract 16.03; Manatee County; Florida","1274","211",
"1400000US12081001604","Census Tract 16.04; Manatee County; Florida","2659","549",
"1400000US12081001701","Census Tract 17.01; Manatee County; Florida","2661","204",
"1400000US12081001705","Census Tract 17.05; Manatee County; Florida","3687","228",
"1400000US12081001801","Census Tract 18.01; Manatee County; Florida","2902","269",
"1400000US12081001802","Census Tract 18.02; Manatee County; Florida","2225","185",
"1400000US12081001904","Census Tract 19.04; Manatee County; Florida","4043","407",
"1400000US12081001907","Census Tract 19.07; Manatee County; Florida","3572","342",
"1400000US12081001908","Census Tract 19.08; Manatee County; Florida","4593","459",
"1400000US12081001909","Census Tract 19.09; Manatee County; Florida","1681","203",
"1400000US12081001910","Census Tract 19.10; Manatee County; Florida","2809","247",
"1400000US12081001911","Census Tract 19.11; Manatee County; Florida","3248","258",
"1400000US12081001913","Census Tract 19.13; Manatee County; Florida","2947","176",
"1400000US12081001914","Census Tract 19.14; Manatee County; Florida","1438","197",
"1400000US12081001915","Census Tract 19.15; Manatee County; Florida","2299","341",
"1400000US12081001916","Census Tract 19.16; Manatee County; Florida","3656","187",
"1400000US12081002003","Census Tract 20.03; Manatee County; Florida","3611","407",
"1400000US12081002005","Census Tract 20.05; Manatee County; Florida","3385","374",
"1400000US12081002008","Census Tract 20.08; Manatee County; Florida","2449","206",
"1400000US12081002010","Census Tract 20.10; Manatee County; Florida","1484","153",
"1400000US12081002011","Census Tract 20.11; Manatee County; Florida","2281","336",
"1400000US12081002012","Census Tract 20.12; Manatee County; Florida","2126","200",
"1400000US12081002014","Census Tract 20.14; Manatee County; Florida","3201","376",
"1400000US12081002016","Census Tract 20.16; Manatee County; Florida","3292","231",
"1400000US12081002017","Census Tract 20.17; Manatee County; Florida","2177","121",
"1400000US12081002018","Census Tract 20.18; Manatee County; Florida","2768","277",
"1400000US12081002019","Census Tract 20.19; Manatee County; Florida","3965","182",
"1400000US12081002020","Census Tract 20.20; Manatee County; Florida","4581","265",
"1400000US12081002021","Census Tract 20.21; Manatee County; Florida","4274","622",
"1400000US12081002022","Census Tract 20.22; Manatee County; Florida","1121","129",
"1400000US12081002023","Census Tract 20.23; Manatee County; Florida","3786","183",
"1400000US12081002024","Census Tract 20.24; Manatee County; Florida","2636","387",
"1400000US12081002025","Census Tract 20.25; Manatee County; Florida","3116","386",
"1400000US12081990000","Census Tract 9900; Manatee County; Florida","0","15",
"1400000US12083000101","Census Tract 1.01; Marion County; Florida","1645","315",
"1400000US12083000102","Census Tract 1.02; Marion County; Florida","995","119",
"1400000US12083000201","Census Tract 2.01; Marion County; Florida","1112","193",
"1400000US12083000202","Census Tract 2.02; Marion County; Florida","1828","363",
"1400000US12083000203","Census Tract 2.03; Marion County; Florida","629","50",
"1400000US12083000302","Census Tract 3.02; Marion County; Florida","1672","170",
"1400000US12083000303","Census Tract 3.03; Marion County; Florida","1292","217",
"1400000US12083000304","Census Tract 3.04; Marion County; Florida","277","69",
"1400000US12083000401","Census Tract 4.01; Marion County; Florida","1322","192",
"1400000US12083000402","Census Tract 4.02; Marion County; Florida","2488","258",
"1400000US12083000501","Census Tract 5.01; Marion County; Florida","1673","188",
"1400000US12083000502","Census Tract 5.02; Marion County; Florida","1281","128",
"1400000US12083000601","Census Tract 6.01; Marion County; Florida","2704","383",
"1400000US12083000604","Census Tract 6.04; Marion County; Florida","1650","189",
"1400000US12083000605","Census Tract 6.05; Marion County; Florida","1739","240",
"1400000US12083000606","Census Tract 6.06; Marion County; Florida","1867","245",
"1400000US12083000607","Census Tract 6.07; Marion County; Florida","1556","252",
"1400000US12083000703","Census Tract 7.03; Marion County; Florida","2041","398",
"1400000US12083000704","Census Tract 7.04; Marion County; Florida","1069","197",
"1400000US12083000705","Census Tract 7.05; Marion County; Florida","993","226",
"1400000US12083000706","Census Tract 7.06; Marion County; Florida","2404","194",
"1400000US12083000707","Census Tract 7.07; Marion County; Florida","1070","141",
"1400000US12083000803","Census Tract 8.03; Marion County; Florida","1561","111",
"1400000US12083000804","Census Tract 8.04; Marion County; Florida","760","66",
"1400000US12083000805","Census Tract 8.05; Marion County; Florida","2833","452",
"1400000US12083000806","Census Tract 8.06; Marion County; Florida","1464","147",
"1400000US12083000807","Census Tract 8.07; Marion County; Florida","1676","325",
"1400000US12083000808","Census Tract 8.08; Marion County; Florida","1912","279",
"1400000US12083000809","Census Tract 8.09; Marion County; Florida","1269","61",
"1400000US12083000810","Census Tract 8.10; Marion County; Florida","1803","308",
"1400000US12083000811","Census Tract 8.11; Marion County; Florida","2313","226",
"1400000US12083000901","Census Tract 9.01; Marion County; Florida","3309","316",
"1400000US12083000903","Census Tract 9.03; Marion County; Florida","1599","215",
"1400000US12083000904","Census Tract 9.04; Marion County; Florida","3169","345",
"1400000US12083001003","Census Tract 10.03; Marion County; Florida","679","94",
"1400000US12083001005","Census Tract 10.05; Marion County; Florida","3619","309",
"1400000US12083001007","Census Tract 10.07; Marion County; Florida","3481","360",
"1400000US12083001008","Census Tract 10.08; Marion County; Florida","2585","178",
"1400000US12083001009","Census Tract 10.09; Marion County; Florida","3299","328",
"1400000US12083001010","Census Tract 10.10; Marion County; Florida","2184","317",
"1400000US12083001011","Census Tract 10.11; Marion County; Florida","2257","246",
"1400000US12083001012","Census Tract 10.12; Marion County; Florida","1869","332",
"1400000US12083001013","Census Tract 10.13; Marion County; Florida","3638","290",
"1400000US12083001102","Census Tract 11.02; Marion County; Florida","1395","172",
"1400000US12083001103","Census Tract 11.03; Marion County; Florida","3773","449",
"1400000US12083001105","Census Tract 11.05; Marion County; Florida","2557","341",
"1400000US12083001106","Census Tract 11.06; Marion County; Florida","1183","215",
"1400000US12083001204","Census Tract 12.04; Marion County; Florida","3069","322",
"1400000US12083001205","Census Tract 12.05; Marion County; Florida","2231","209",
"1400000US12083001206","Census Tract 12.06; Marion County; Florida","1173","298",
"1400000US12083001208","Census Tract 12.08; Marion County; Florida","1853","159",
"1400000US12083001209","Census Tract 12.09; Marion County; Florida","1322","180",
"1400000US12083001210","Census Tract 12.10; Marion County; Florida","2886","335",
"1400000US12083001211","Census Tract 12.11; Marion County; Florida","1398","169",
"1400000US12083001301","Census Tract 13.01; Marion County; Florida","2637","295",
"1400000US12083001302","Census Tract 13.02; Marion County; Florida","2994","289",
"1400000US12083001401","Census Tract 14.01; Marion County; Florida","2444","269",
"1400000US12083001403","Census Tract 14.03; Marion County; Florida","3371","392",
"1400000US12083001404","Census Tract 14.04; Marion County; Florida","599","110",
"1400000US12083001500","Census Tract 15; Marion County; Florida","1766","186",
"1400000US12083001600","Census Tract 16; Marion County; Florida","1184","132",
"1400000US12083001700","Census Tract 17; Marion County; Florida","2690","328",
"1400000US12083001800","Census Tract 18; Marion County; Florida","907","140",
"1400000US12083001900","Census Tract 19; Marion County; Florida","1549","315",
"1400000US12083002001","Census Tract 20.01; Marion County; Florida","1658","193",
"1400000US12083002002","Census Tract 20.02; Marion County; Florida","2139","236",
"1400000US12083002100","Census Tract 21; Marion County; Florida","2170","254",
"1400000US12083002201","Census Tract 22.01; Marion County; Florida","1684","141",
"1400000US12083002202","Census Tract 22.02; Marion County; Florida","1650","258",
"1400000US12083002203","Census Tract 22.03; Marion County; Florida","3152","447",
"1400000US12083002302","Census Tract 23.02; Marion County; Florida","2958","348",
"1400000US12083002303","Census Tract 23.03; Marion County; Florida","881","217",
"1400000US12083002304","Census Tract 23.04; Marion County; Florida","2687","256",
"1400000US12083002401","Census Tract 24.01; Marion County; Florida","2572","251",
"1400000US12083002402","Census Tract 24.02; Marion County; Florida","2611","302",
"1400000US12083002503","Census Tract 25.03; Marion County; Florida","3820","383",
"1400000US12083002504","Census Tract 25.04; Marion County; Florida","3053","204",
"1400000US12083002505","Census Tract 25.05; Marion County; Florida","4038","399",
"1400000US12083002506","Census Tract 25.06; Marion County; Florida","1130","210",
"1400000US12083002507","Census Tract 25.07; Marion County; Florida","2410","219",
"1400000US12083002602","Census Tract 26.02; Marion County; Florida","2880","269",
"1400000US12083002604","Census Tract 26.04; Marion County; Florida","1768","188",
"1400000US12083002605","Census Tract 26.05; Marion County; Florida","4891","403",
"1400000US12083002607","Census Tract 26.07; Marion County; Florida","1797","155",
"1400000US12083002608","Census Tract 26.08; Marion County; Florida","1648","238",
"1400000US12083002609","Census Tract 26.09; Marion County; Florida","2233","362",
"1400000US12083002610","Census Tract 26.10; Marion County; Florida","3044","367",
"1400000US12083002703","Census Tract 27.03; Marion County; Florida","1941","247",
"1400000US12083002704","Census Tract 27.04; Marion County; Florida","2447","222",
"1400000US12083002705","Census Tract 27.05; Marion County; Florida","2689","335",
"1400000US12083002706","Census Tract 27.06; Marion County; Florida","759","228",
"1400000US12083980000","Census Tract 9800; Marion County; Florida","0","15",
"1400000US12083980100","Census Tract 9801; Marion County; Florida","0","15",
"1400000US12085000100","Census Tract 1; Martin County; Florida","3136","207",
"1400000US12085000200","Census Tract 2; Martin County; Florida","2230","199",
"1400000US12085000300","Census Tract 3; Martin County; Florida","3579","195",
"1400000US12085000400","Census Tract 4; Martin County; Florida","3883","304",
"1400000US12085000501","Census Tract 5.01; Martin County; Florida","3198","223",
"1400000US12085000502","Census Tract 5.02; Martin County; Florida","1014","200",
"1400000US12085000603","Census Tract 6.03; Martin County; Florida","2790","230",
"1400000US12085000604","Census Tract 6.04; Martin County; Florida","2361","253",
"1400000US12085000606","Census Tract 6.06; Martin County; Florida","2907","382",
"1400000US12085000607","Census Tract 6.07; Martin County; Florida","1642","160",
"1400000US12085000610","Census Tract 6.10; Martin County; Florida","1907","228",
"1400000US12085000701","Census Tract 7.01; Martin County; Florida","1369","164",
"1400000US12085000702","Census Tract 7.02; Martin County; Florida","1486","142",
"1400000US12085000800","Census Tract 8; Martin County; Florida","1040","138",
"1400000US12085000901","Census Tract 9.01; Martin County; Florida","2422","261",
"1400000US12085000902","Census Tract 9.02; Martin County; Florida","3002","252",
"1400000US12085001000","Census Tract 10; Martin County; Florida","3259","331",
"1400000US12085001103","Census Tract 11.03; Martin County; Florida","1639","186",
"1400000US12085001105","Census Tract 11.05; Martin County; Florida","1692","179",
"1400000US12085001106","Census Tract 11.06; Martin County; Florida","2702","189",
"1400000US12085001107","Census Tract 11.07; Martin County; Florida","826","92",
"1400000US12085001108","Census Tract 11.08; Martin County; Florida","2789","303",
"1400000US12085001200","Census Tract 12; Martin County; Florida","1055","132",
"1400000US12085001301","Census Tract 13.01; Martin County; Florida","2561","255",
"1400000US12085001302","Census Tract 13.02; Martin County; Florida","2550","264",
"1400000US12085001404","Census Tract 14.04; Martin County; Florida","3084","230",
"1400000US12085001406","Census Tract 14.06; Martin County; Florida","1579","118",
"1400000US12085001407","Census Tract 14.07; Martin County; Florida","1597","144",
"1400000US12085001408","Census Tract 14.08; Martin County; Florida","1945","428",
"1400000US12085001409","Census Tract 14.09; Martin County; Florida","1609","161",
"1400000US12085001410","Census Tract 14.10; Martin County; Florida","3597","291",
"1400000US12085001500","Census Tract 15; Martin County; Florida","2460","270",
"1400000US12085001601","Census Tract 16.01; Martin County; Florida","2578","379",
"1400000US12085001602","Census Tract 16.02; Martin County; Florida","593","82",
"1400000US12085001701","Census Tract 17.01; Martin County; Florida","1481","102",
"1400000US12085001702","Census Tract 17.02; Martin County; Florida","918","55",
"1400000US12085001703","Census Tract 17.03; Martin County; Florida","2112","202",
"1400000US12085001803","Census Tract 18.03; Martin County; Florida","540","131",
"1400000US12085001804","Census Tract 18.04; Martin County; Florida","1357","278",
"1400000US12085001805","Census Tract 18.05; Martin County; Florida","404","67",
"1400000US12085001806","Census Tract 18.06; Martin County; Florida","228","68",
"1400000US12085990000","Census Tract 9900; Martin County; Florida","0","15",
"1400000US12085990100","Census Tract 9901; Martin County; Florida","0","15",
"1400000US12086000107","Census Tract 1.07; Miami-Dade County; Florida","2543","312",
"1400000US12086000109","Census Tract 1.09; Miami-Dade County; Florida","1842","202",
"1400000US12086000115","Census Tract 1.15; Miami-Dade County; Florida","2296","191",
"1400000US12086000118","Census Tract 1.18; Miami-Dade County; Florida","1716","138",
"1400000US12086000120","Census Tract 1.20; Miami-Dade County; Florida","2150","327",
"1400000US12086000121","Census Tract 1.21; Miami-Dade County; Florida","1527","117",
"1400000US12086000122","Census Tract 1.22; Miami-Dade County; Florida","2839","276",
"1400000US12086000123","Census Tract 1.23; Miami-Dade County; Florida","3877","359",
"1400000US12086000124","Census Tract 1.24; Miami-Dade County; Florida","1399","188",
"1400000US12086000125","Census Tract 1.25; Miami-Dade County; Florida","2811","415",
"1400000US12086000126","Census Tract 1.26; Miami-Dade County; Florida","1938","248",
"1400000US12086000127","Census Tract 1.27; Miami-Dade County; Florida","1838","227",
"1400000US12086000128","Census Tract 1.28; Miami-Dade County; Florida","2666","327",
"1400000US12086000129","Census Tract 1.29; Miami-Dade County; Florida","1994","170",
"1400000US12086000130","Census Tract 1.30; Miami-Dade County; Florida","2844","247",
"1400000US12086000131","Census Tract 1.31; Miami-Dade County; Florida","2953","268",
"1400000US12086000132","Census Tract 1.32; Miami-Dade County; Florida","3451","396",
"1400000US12086000134","Census Tract 1.34; Miami-Dade County; Florida","1880","246",
"1400000US12086000140","Census Tract 1.40; Miami-Dade County; Florida","1977","289",
"1400000US12086000141","Census Tract 1.41; Miami-Dade County; Florida","1321","119",
"1400000US12086000142","Census Tract 1.42; Miami-Dade County; Florida","3917","250",
"1400000US12086000143","Census Tract 1.43; Miami-Dade County; Florida","2067","287",
"1400000US12086000144","Census Tract 1.44; Miami-Dade County; Florida","816","131",
"1400000US12086000145","Census Tract 1.45; Miami-Dade County; Florida","985","356",
"1400000US12086000146","Census Tract 1.46; Miami-Dade County; Florida","2615","367",
"1400000US12086000204","Census Tract 2.04; Miami-Dade County; Florida","1237","150",
"1400000US12086000206","Census Tract 2.06; Miami-Dade County; Florida","2010","311",
"1400000US12086000211","Census Tract 2.11; Miami-Dade County; Florida","1068","90",
"1400000US12086000212","Census Tract 2.12; Miami-Dade County; Florida","2138","160",
"1400000US12086000213","Census Tract 2.13; Miami-Dade County; Florida","1751","186",
"1400000US12086000215","Census Tract 2.15; Miami-Dade County; Florida","1752","329",
"1400000US12086000216","Census Tract 2.16; Miami-Dade County; Florida","1306","190",
"1400000US12086000218","Census Tract 2.18; Miami-Dade County; Florida","1049","108",
"1400000US12086000219","Census Tract 2.19; Miami-Dade County; Florida","1773","166",
"1400000US12086000220","Census Tract 2.20; Miami-Dade County; Florida","1796","293",
"1400000US12086000221","Census Tract 2.21; Miami-Dade County; Florida","757","163",
"1400000US12086000222","Census Tract 2.22; Miami-Dade County; Florida","1422","172",
"1400000US12086000223","Census Tract 2.23; Miami-Dade County; Florida","1116","197",
"1400000US12086000224","Census Tract 2.24; Miami-Dade County; Florida","1886","196",
"1400000US12086000225","Census Tract 2.25; Miami-Dade County; Florida","1979","277",
"1400000US12086000226","Census Tract 2.26; Miami-Dade County; Florida","1022","186",
"1400000US12086000227","Census Tract 2.27; Miami-Dade County; Florida","859","139",
"1400000US12086000228","Census Tract 2.28; Miami-Dade County; Florida","1090","163",
"1400000US12086000302","Census Tract 3.02; Miami-Dade County; Florida","733","114",
"1400000US12086000306","Census Tract 3.06; Miami-Dade County; Florida","1940","181",
"1400000US12086000307","Census Tract 3.07; Miami-Dade County; Florida","1223","116",
"1400000US12086000308","Census Tract 3.08; Miami-Dade County; Florida","1338","127",
"1400000US12086000309","Census Tract 3.09; Miami-Dade County; Florida","1259","150",
"1400000US12086000310","Census Tract 3.10; Miami-Dade County; Florida","1362","172",
"1400000US12086000311","Census Tract 3.11; Miami-Dade County; Florida","1300","385",
"1400000US12086000312","Census Tract 3.12; Miami-Dade County; Florida","1382","233",
"1400000US12086000402","Census Tract 4.02; Miami-Dade County; Florida","1369","208",
"1400000US12086000405","Census Tract 4.05; Miami-Dade County; Florida","1145","145",
"1400000US12086000408","Census Tract 4.08; Miami-Dade County; Florida","1963","161",
"1400000US12086000409","Census Tract 4.09; Miami-Dade County; Florida","1247","143",
"1400000US12086000410","Census Tract 4.10; Miami-Dade County; Florida","1209","210",
"1400000US12086000411","Census Tract 4.11; Miami-Dade County; Florida","2184","360",
"1400000US12086000413","Census Tract 4.13; Miami-Dade County; Florida","1560","194",
"1400000US12086000414","Census Tract 4.14; Miami-Dade County; Florida","2100","166",
"1400000US12086000415","Census Tract 4.15; Miami-Dade County; Florida","696","111",
"1400000US12086000416","Census Tract 4.16; Miami-Dade County; Florida","1898","457",
"1400000US12086000417","Census Tract 4.17; Miami-Dade County; Florida","1750","263",
"1400000US12086000418","Census Tract 4.18; Miami-Dade County; Florida","847","96",
"1400000US12086000419","Census Tract 4.19; Miami-Dade County; Florida","1168","254",
"1400000US12086000420","Census Tract 4.20; Miami-Dade County; Florida","1064","99",
"1400000US12086000504","Census Tract 5.04; Miami-Dade County; Florida","1626","214",
"1400000US12086000505","Census Tract 5.05; Miami-Dade County; Florida","1951","101",
"1400000US12086000506","Census Tract 5.06; Miami-Dade County; Florida","750","110",
"1400000US12086000507","Census Tract 5.07; Miami-Dade County; Florida","1336","134",
"1400000US12086000508","Census Tract 5.08; Miami-Dade County; Florida","1339","157",
"1400000US12086000509","Census Tract 5.09; Miami-Dade County; Florida","1076","139",
"1400000US12086000601","Census Tract 6.01; Miami-Dade County; Florida","1254","74",
"1400000US12086000602","Census Tract 6.02; Miami-Dade County; Florida","1725","344",
"1400000US12086000603","Census Tract 6.03; Miami-Dade County; Florida","1612","259",
"1400000US12086000605","Census Tract 6.05; Miami-Dade County; Florida","1401","381",
"1400000US12086000607","Census Tract 6.07; Miami-Dade County; Florida","1550","188",
"1400000US12086000609","Census Tract 6.09; Miami-Dade County; Florida","1330","194",
"1400000US12086000610","Census Tract 6.10; Miami-Dade County; Florida","927","153",
"1400000US12086000611","Census Tract 6.11; Miami-Dade County; Florida","826","123",
"1400000US12086000612","Census Tract 6.12; Miami-Dade County; Florida","923","191",
"1400000US12086000705","Census Tract 7.05; Miami-Dade County; Florida","2192","329",
"1400000US12086000710","Census Tract 7.10; Miami-Dade County; Florida","1935","139",
"1400000US12086000711","Census Tract 7.11; Miami-Dade County; Florida","2077","127",
"1400000US12086000712","Census Tract 7.12; Miami-Dade County; Florida","877","130",
"1400000US12086000713","Census Tract 7.13; Miami-Dade County; Florida","1457","389",
"1400000US12086000714","Census Tract 7.14; Miami-Dade County; Florida","1634","213",
"1400000US12086000715","Census Tract 7.15; Miami-Dade County; Florida","1057","136",
"1400000US12086000716","Census Tract 7.16; Miami-Dade County; Florida","852","133",
"1400000US12086000717","Census Tract 7.17; Miami-Dade County; Florida","848","155",
"1400000US12086000718","Census Tract 7.18; Miami-Dade County; Florida","1384","396",
"1400000US12086000719","Census Tract 7.19; Miami-Dade County; Florida","494","52",
"1400000US12086000720","Census Tract 7.20; Miami-Dade County; Florida","1336","93",
"1400000US12086000804","Census Tract 8.04; Miami-Dade County; Florida","1548","283",
"1400000US12086000805","Census Tract 8.05; Miami-Dade County; Florida","1661","137",
"1400000US12086000806","Census Tract 8.06; Miami-Dade County; Florida","1640","205",
"1400000US12086000807","Census Tract 8.07; Miami-Dade County; Florida","1622","276",
"1400000US12086000808","Census Tract 8.08; Miami-Dade County; Florida","1463","265",
"1400000US12086000903","Census Tract 9.03; Miami-Dade County; Florida","1343","164",
"1400000US12086000904","Census Tract 9.04; Miami-Dade County; Florida","799","147",
"1400000US12086000905","Census Tract 9.05; Miami-Dade County; Florida","1200","168",
"1400000US12086000906","Census Tract 9.06; Miami-Dade County; Florida","585","154",
"1400000US12086000907","Census Tract 9.07; Miami-Dade County; Florida","511","101",
"1400000US12086000908","Census Tract 9.08; Miami-Dade County; Florida","965","173",
"1400000US12086001003","Census Tract 10.03; Miami-Dade County; Florida","2214","292",
"1400000US12086001004","Census Tract 10.04; Miami-Dade County; Florida","2907","331",
"1400000US12086001005","Census Tract 10.05; Miami-Dade County; Florida","934","95",
"1400000US12086001006","Census Tract 10.06; Miami-Dade County; Florida","1822","369",
"1400000US12086001007","Census Tract 10.07; Miami-Dade County; Florida","1096","51",
"1400000US12086001008","Census Tract 10.08; Miami-Dade County; Florida","1210","318",
"1400000US12086001101","Census Tract 11.01; Miami-Dade County; Florida","1459","180",
"1400000US12086001102","Census Tract 11.02; Miami-Dade County; Florida","1282","122",
"1400000US12086001103","Census Tract 11.03; Miami-Dade County; Florida","1572","277",
"1400000US12086001104","Census Tract 11.04; Miami-Dade County; Florida","1821","220",
"1400000US12086001204","Census Tract 12.04; Miami-Dade County; Florida","2853","266",
"1400000US12086001205","Census Tract 12.05; Miami-Dade County; Florida","1065","213",
"1400000US12086001206","Census Tract 12.06; Miami-Dade County; Florida","2250","182",
"1400000US12086001207","Census Tract 12.07; Miami-Dade County; Florida","604","113",
"1400000US12086001208","Census Tract 12.08; Miami-Dade County; Florida","1354","257",
"1400000US12086001209","Census Tract 12.09; Miami-Dade County; Florida","1531","171",
"1400000US12086001301","Census Tract 13.01; Miami-Dade County; Florida","2776","280",
"1400000US12086001302","Census Tract 13.02; Miami-Dade County; Florida","3430","477",
"1400000US12086001401","Census Tract 14.01; Miami-Dade County; Florida","2358","286",
"1400000US12086001402","Census Tract 14.02; Miami-Dade County; Florida","2648","449",
"1400000US12086001501","Census Tract 15.01; Miami-Dade County; Florida","1436","201",
"1400000US12086001502","Census Tract 15.02; Miami-Dade County; Florida","1558","234",
"1400000US12086001603","Census Tract 16.03; Miami-Dade County; Florida","1186","127",
"1400000US12086001605","Census Tract 16.05; Miami-Dade County; Florida","1846","250",
"1400000US12086001606","Census Tract 16.06; Miami-Dade County; Florida","1695","221",
"1400000US12086001607","Census Tract 16.07; Miami-Dade County; Florida","1161","383",
"1400000US12086001608","Census Tract 16.08; Miami-Dade County; Florida","920","160",
"1400000US12086001701","Census Tract 17.01; Miami-Dade County; Florida","1799","286",
"1400000US12086001702","Census Tract 17.02; Miami-Dade County; Florida","1492","236",
"1400000US12086001704","Census Tract 17.04; Miami-Dade County; Florida","909","92",
"1400000US12086001705","Census Tract 17.05; Miami-Dade County; Florida","682","146",
"1400000US12086001801","Census Tract 18.01; Miami-Dade County; Florida","1895","385",
"1400000US12086001802","Census Tract 18.02; Miami-Dade County; Florida","1608","253",
"1400000US12086001803","Census Tract 18.03; Miami-Dade County; Florida","1822","325",
"1400000US12086001901","Census Tract 19.01; Miami-Dade County; Florida","2432","266",
"1400000US12086001903","Census Tract 19.03; Miami-Dade County; Florida","1544","171",
"1400000US12086001904","Census Tract 19.04; Miami-Dade County; Florida","1830","137",
"1400000US12086002001","Census Tract 20.01; Miami-Dade County; Florida","1530","163",
"1400000US12086002003","Census Tract 20.03; Miami-Dade County; Florida","1529","161",
"1400000US12086002004","Census Tract 20.04; Miami-Dade County; Florida","1171","126",
"1400000US12086002100","Census Tract 21; Miami-Dade County; Florida","1697","219",
"1400000US12086002201","Census Tract 22.01; Miami-Dade County; Florida","1214","98",
"1400000US12086002202","Census Tract 22.02; Miami-Dade County; Florida","2007","355",
"1400000US12086002300","Census Tract 23; Miami-Dade County; Florida","2146","215",
"1400000US12086002402","Census Tract 24.02; Miami-Dade County; Florida","2008","157",
"1400000US12086002403","Census Tract 24.03; Miami-Dade County; Florida","1389","126",
"1400000US12086002404","Census Tract 24.04; Miami-Dade County; Florida","2576","345",
"1400000US12086002501","Census Tract 25.01; Miami-Dade County; Florida","1988","408",
"1400000US12086002502","Census Tract 25.02; Miami-Dade County; Florida","1212","203",
"1400000US12086002600","Census Tract 26; Miami-Dade County; Florida","3785","276",
"1400000US12086002702","Census Tract 27.02; Miami-Dade County; Florida","3882","175",
"1400000US12086002705","Census Tract 27.05; Miami-Dade County; Florida","3034","424",
"1400000US12086002707","Census Tract 27.07; Miami-Dade County; Florida","1855","145",
"1400000US12086002708","Census Tract 27.08; Miami-Dade County; Florida","1624","196",
"1400000US12086002709","Census Tract 27.09; Miami-Dade County; Florida","3756","412",
"1400000US12086002710","Census Tract 27.10; Miami-Dade County; Florida","1656","351",
"1400000US12086002800","Census Tract 28; Miami-Dade County; Florida","683","91",
"1400000US12086002900","Census Tract 29; Miami-Dade County; Florida","1726","131",
"1400000US12086003001","Census Tract 30.01; Miami-Dade County; Florida","1786","305",
"1400000US12086003004","Census Tract 30.04; Miami-Dade County; Florida","2810","234",
"1400000US12086003005","Census Tract 30.05; Miami-Dade County; Florida","723","186",
"1400000US12086003006","Census Tract 30.06; Miami-Dade County; Florida","1839","216",
"1400000US12086003100","Census Tract 31; Miami-Dade County; Florida","2072","334",
"1400000US12086003400","Census Tract 34; Miami-Dade County; Florida","2142","227",
"1400000US12086003603","Census Tract 36.03; Miami-Dade County; Florida","1256","203",
"1400000US12086003604","Census Tract 36.04; Miami-Dade County; Florida","1546","209",
"1400000US12086003605","Census Tract 36.05; Miami-Dade County; Florida","1860","181",
"1400000US12086003606","Census Tract 36.06; Miami-Dade County; Florida","1505","170",
"1400000US12086003607","Census Tract 36.07; Miami-Dade County; Florida","904","121",
"1400000US12086003703","Census Tract 37.03; Miami-Dade County; Florida","2389","197",
"1400000US12086003704","Census Tract 37.04; Miami-Dade County; Florida","1378","169",
"1400000US12086003705","Census Tract 37.05; Miami-Dade County; Florida","1431","92",
"1400000US12086003706","Census Tract 37.06; Miami-Dade County; Florida","1327","48",
"1400000US12086003707","Census Tract 37.07; Miami-Dade County; Florida","1623","197",
"1400000US12086003708","Census Tract 37.08; Miami-Dade County; Florida","826","80",
"1400000US12086003709","Census Tract 37.09; Miami-Dade County; Florida","845","93",
"1400000US12086003710","Census Tract 37.10; Miami-Dade County; Florida","4772","320",
"1400000US12086003801","Census Tract 38.01; Miami-Dade County; Florida","2602","282",
"1400000US12086003803","Census Tract 38.03; Miami-Dade County; Florida","3741","318",
"1400000US12086003804","Census Tract 38.04; Miami-Dade County; Florida","3782","241",
"1400000US12086003906","Census Tract 39.06; Miami-Dade County; Florida","1178","144",
"1400000US12086003909","Census Tract 39.09; Miami-Dade County; Florida","1101","158",
"1400000US12086003911","Census Tract 39.11; Miami-Dade County; Florida","2711","339",
"1400000US12086003912","Census Tract 39.12; Miami-Dade County; Florida","1922","290",
"1400000US12086003913","Census Tract 39.13; Miami-Dade County; Florida","2388","306",
"1400000US12086003914","Census Tract 39.14; Miami-Dade County; Florida","3537","410",
"1400000US12086003915","Census Tract 39.15; Miami-Dade County; Florida","2536","263",
"1400000US12086003916","Census Tract 39.16; Miami-Dade County; Florida","2094","214",
"1400000US12086003917","Census Tract 39.17; Miami-Dade County; Florida","2776","268",
"1400000US12086003918","Census Tract 39.18; Miami-Dade County; Florida","1721","198",
"1400000US12086003919","Census Tract 39.19; Miami-Dade County; Florida","2330","195",
"1400000US12086003921","Census Tract 39.21; Miami-Dade County; Florida","2925","224",
"1400000US12086003922","Census Tract 39.22; Miami-Dade County; Florida","2671","244",
"1400000US12086004000","Census Tract 40; Miami-Dade County; Florida","2724","344",
"1400000US12086004102","Census Tract 41.02; Miami-Dade County; Florida","1809","179",
"1400000US12086004103","Census Tract 41.03; Miami-Dade County; Florida","2075","278",
"1400000US12086004105","Census Tract 41.05; Miami-Dade County; Florida","2757","498",
"1400000US12086004106","Census Tract 41.06; Miami-Dade County; Florida","1637","133",
"1400000US12086004204","Census Tract 42.04; Miami-Dade County; Florida","1748","150",
"1400000US12086004205","Census Tract 42.05; Miami-Dade County; Florida","2227","246",
"1400000US12086004206","Census Tract 42.06; Miami-Dade County; Florida","1401","355",
"1400000US12086004207","Census Tract 42.07; Miami-Dade County; Florida","1771","198",
"1400000US12086004208","Census Tract 42.08; Miami-Dade County; Florida","1214","169",
"1400000US12086004301","Census Tract 43.01; Miami-Dade County; Florida","2263","226",
"1400000US12086004303","Census Tract 43.03; Miami-Dade County; Florida","1871","197",
"1400000US12086004304","Census Tract 43.04; Miami-Dade County; Florida","1645","198",
"1400000US12086004403","Census Tract 44.03; Miami-Dade County; Florida","2189","181",
"1400000US12086004404","Census Tract 44.04; Miami-Dade County; Florida","2141","200",
"1400000US12086004405","Census Tract 44.05; Miami-Dade County; Florida","2210","249",
"1400000US12086004406","Census Tract 44.06; Miami-Dade County; Florida","2068","144",
"1400000US12086004500","Census Tract 45; Miami-Dade County; Florida","4763","436",
"1400000US12086004602","Census Tract 46.02; Miami-Dade County; Florida","1389","145",
"1400000US12086004605","Census Tract 46.05; Miami-Dade County; Florida","2218","217",
"1400000US12086004607","Census Tract 46.07; Miami-Dade County; Florida","2629","210",
"1400000US12086004608","Census Tract 46.08; Miami-Dade County; Florida","1074","155",
"1400000US12086004701","Census Tract 47.01; Miami-Dade County; Florida","2103","252",
"1400000US12086004703","Census Tract 47.03; Miami-Dade County; Florida","1885","162",
"1400000US12086004704","Census Tract 47.04; Miami-Dade County; Florida","895","78",
"1400000US12086004705","Census Tract 47.05; Miami-Dade County; Florida","1660","425",
"1400000US12086004901","Census Tract 49.01; Miami-Dade County; Florida","1768","401",
"1400000US12086004903","Census Tract 49.03; Miami-Dade County; Florida","1584","284",
"1400000US12086004904","Census Tract 49.04; Miami-Dade County; Florida","1076","160",
"1400000US12086005002","Census Tract 50.02; Miami-Dade County; Florida","1818","248",
"1400000US12086005003","Census Tract 50.03; Miami-Dade County; Florida","1290","369",
"1400000US12086005004","Census Tract 50.04; Miami-Dade County; Florida","1148","159",
"1400000US12086005102","Census Tract 51.02; Miami-Dade County; Florida","2927","425",
"1400000US12086005103","Census Tract 51.03; Miami-Dade County; Florida","1003","100",
"1400000US12086005104","Census Tract 51.04; Miami-Dade County; Florida","1850","129",
"1400000US12086005201","Census Tract 52.01; Miami-Dade County; Florida","2437","281",
"1400000US12086005202","Census Tract 52.02; Miami-Dade County; Florida","2241","277",
"1400000US12086005303","Census Tract 53.03; Miami-Dade County; Florida","1387","117",
"1400000US12086005304","Census Tract 53.04; Miami-Dade County; Florida","1767","127",
"1400000US12086005305","Census Tract 53.05; Miami-Dade County; Florida","1997","503",
"1400000US12086005306","Census Tract 53.06; Miami-Dade County; Florida","2200","463",
"1400000US12086005403","Census Tract 54.03; Miami-Dade County; Florida","541","109",
"1400000US12086005405","Census Tract 54.05; Miami-Dade County; Florida","1218","194",
"1400000US12086005406","Census Tract 54.06; Miami-Dade County; Florida","1517","322",
"1400000US12086005407","Census Tract 54.07; Miami-Dade County; Florida","1065","120",
"1400000US12086005409","Census Tract 54.09; Miami-Dade County; Florida","1937","261",
"1400000US12086005410","Census Tract 54.10; Miami-Dade County; Florida","1368","157",
"1400000US12086005503","Census Tract 55.03; Miami-Dade County; Florida","1368","133",
"1400000US12086005504","Census Tract 55.04; Miami-Dade County; Florida","1191","152",
"1400000US12086005505","Census Tract 55.05; Miami-Dade County; Florida","918","86",
"1400000US12086005506","Census Tract 55.06; Miami-Dade County; Florida","1181","169",
"1400000US12086005600","Census Tract 56; Miami-Dade County; Florida","1910","316",
"1400000US12086005701","Census Tract 57.01; Miami-Dade County; Florida","2638","534",
"1400000US12086005705","Census Tract 57.05; Miami-Dade County; Florida","1677","136",
"1400000US12086005706","Census Tract 57.06; Miami-Dade County; Florida","2087","122",
"1400000US12086005707","Census Tract 57.07; Miami-Dade County; Florida","674","32",
"1400000US12086005708","Census Tract 57.08; Miami-Dade County; Florida","2286","340",
"1400000US12086005803","Census Tract 58.03; Miami-Dade County; Florida","2168","402",
"1400000US12086005804","Census Tract 58.04; Miami-Dade County; Florida","1246","167",
"1400000US12086005805","Census Tract 58.05; Miami-Dade County; Florida","851","92",
"1400000US12086005806","Census Tract 58.06; Miami-Dade County; Florida","1456","275",
"1400000US12086005901","Census Tract 59.01; Miami-Dade County; Florida","2069","250",
"1400000US12086005902","Census Tract 59.02; Miami-Dade County; Florida","1240","123",
"1400000US12086005903","Census Tract 59.03; Miami-Dade County; Florida","1891","277",
"1400000US12086005904","Census Tract 59.04; Miami-Dade County; Florida","2250","235",
"1400000US12086006002","Census Tract 60.02; Miami-Dade County; Florida","2123","369",
"1400000US12086006003","Census Tract 60.03; Miami-Dade County; Florida","1062","59",
"1400000US12086006004","Census Tract 60.04; Miami-Dade County; Florida","1013","65",
"1400000US12086006103","Census Tract 61.03; Miami-Dade County; Florida","787","194",
"1400000US12086006104","Census Tract 61.04; Miami-Dade County; Florida","2124","186",
"1400000US12086006105","Census Tract 61.05; Miami-Dade County; Florida","867","95",
"1400000US12086006106","Census Tract 61.06; Miami-Dade County; Florida","950","104",
"1400000US12086006201","Census Tract 62.01; Miami-Dade County; Florida","1396","316",
"1400000US12086006203","Census Tract 62.03; Miami-Dade County; Florida","1501","186",
"1400000US12086006205","Census Tract 62.05; Miami-Dade County; Florida","2386","253",
"1400000US12086006206","Census Tract 62.06; Miami-Dade County; Florida","2153","165",
"1400000US12086006302","Census Tract 63.02; Miami-Dade County; Florida","2242","315",
"1400000US12086006303","Census Tract 63.03; Miami-Dade County; Florida","1892","229",
"1400000US12086006304","Census Tract 63.04; Miami-Dade County; Florida","1450","150",
"1400000US12086006401","Census Tract 64.01; Miami-Dade County; Florida","1447","227",
"1400000US12086006402","Census Tract 64.02; Miami-Dade County; Florida","1960","189",
"1400000US12086006403","Census Tract 64.03; Miami-Dade County; Florida","1695","387",
"1400000US12086006501","Census Tract 65.01; Miami-Dade County; Florida","1360","241",
"1400000US12086006503","Census Tract 65.03; Miami-Dade County; Florida","876","53",
"1400000US12086006504","Census Tract 65.04; Miami-Dade County; Florida","920","89",
"1400000US12086006603","Census Tract 66.03; Miami-Dade County; Florida","1345","231",
"1400000US12086006604","Census Tract 66.04; Miami-Dade County; Florida","1579","302",
"1400000US12086006605","Census Tract 66.05; Miami-Dade County; Florida","1074","221",
"1400000US12086006606","Census Tract 66.06; Miami-Dade County; Florida","583","111",
"1400000US12086006607","Census Tract 66.07; Miami-Dade County; Florida","1672","362",
"1400000US12086006608","Census Tract 66.08; Miami-Dade County; Florida","1584","294",
"1400000US12086006705","Census Tract 67.05; Miami-Dade County; Florida","2511","395",
"1400000US12086006706","Census Tract 67.06; Miami-Dade County; Florida","1882","364",
"1400000US12086006707","Census Tract 67.07; Miami-Dade County; Florida","3198","327",
"1400000US12086006709","Census Tract 67.09; Miami-Dade County; Florida","1715","145",
"1400000US12086006713","Census Tract 67.13; Miami-Dade County; Florida","1817","157",
"1400000US12086006714","Census Tract 67.14; Miami-Dade County; Florida","1988","193",
"1400000US12086006715","Census Tract 67.15; Miami-Dade County; Florida","2004","161",
"1400000US12086006716","Census Tract 67.16; Miami-Dade County; Florida","1100","208",
"1400000US12086006717","Census Tract 67.17; Miami-Dade County; Florida","1527","380",
"1400000US12086006718","Census Tract 67.18; Miami-Dade County; Florida","2423","268",
"1400000US12086006719","Census Tract 67.19; Miami-Dade County; Florida","1954","413",
"1400000US12086006720","Census Tract 67.20; Miami-Dade County; Florida","1905","283",
"1400000US12086006721","Census Tract 67.21; Miami-Dade County; Florida","2263","666",
"1400000US12086006722","Census Tract 67.22; Miami-Dade County; Florida","964","112",
"1400000US12086006801","Census Tract 68.01; Miami-Dade County; Florida","1934","165",
"1400000US12086006802","Census Tract 68.02; Miami-Dade County; Florida","1834","140",
"1400000US12086006901","Census Tract 69.01; Miami-Dade County; Florida","1309","247",
"1400000US12086006902","Census Tract 69.02; Miami-Dade County; Florida","1545","345",
"1400000US12086007003","Census Tract 70.03; Miami-Dade County; Florida","1820","434",
"1400000US12086007004","Census Tract 70.04; Miami-Dade County; Florida","2353","349",
"1400000US12086007005","Census Tract 70.05; Miami-Dade County; Florida","1226","236",
"1400000US12086007006","Census Tract 70.06; Miami-Dade County; Florida","1402","189",
"1400000US12086007007","Census Tract 70.07; Miami-Dade County; Florida","1724","126",
"1400000US12086007101","Census Tract 71.01; Miami-Dade County; Florida","1339","165",
"1400000US12086007103","Census Tract 71.03; Miami-Dade County; Florida","1499","324",
"1400000US12086007104","Census Tract 71.04; Miami-Dade County; Florida","1698","160",
"1400000US12086007200","Census Tract 72; Miami-Dade County; Florida","1390","198",
"1400000US12086007300","Census Tract 73; Miami-Dade County; Florida","1780","266",
"1400000US12086007401","Census Tract 74.01; Miami-Dade County; Florida","585","69",
"1400000US12086007402","Census Tract 74.02; Miami-Dade County; Florida","1304","170",
"1400000US12086007403","Census Tract 74.03; Miami-Dade County; Florida","2482","445",
"1400000US12086007501","Census Tract 75.01; Miami-Dade County; Florida","993","71",
"1400000US12086007503","Census Tract 75.03; Miami-Dade County; Florida","414","57",
"1400000US12086007601","Census Tract 76.01; Miami-Dade County; Florida","915","84",
"1400000US12086007603","Census Tract 76.03; Miami-Dade County; Florida","1964","237",
"1400000US12086007605","Census Tract 76.05; Miami-Dade County; Florida","1801","162",
"1400000US12086007607","Census Tract 76.07; Miami-Dade County; Florida","1040","235",
"1400000US12086007608","Census Tract 76.08; Miami-Dade County; Florida","846","128",
"1400000US12086007609","Census Tract 76.09; Miami-Dade County; Florida","929","90",
"1400000US12086007610","Census Tract 76.10; Miami-Dade County; Florida","1994","246",
"1400000US12086007704","Census Tract 77.04; Miami-Dade County; Florida","3406","430",
"1400000US12086007705","Census Tract 77.05; Miami-Dade County; Florida","2779","256",
"1400000US12086007706","Census Tract 77.06; Miami-Dade County; Florida","1426","175",
"1400000US12086007707","Census Tract 77.07; Miami-Dade County; Florida","887","328",
"1400000US12086007708","Census Tract 77.08; Miami-Dade County; Florida","913","53",
"1400000US12086007709","Census Tract 77.09; Miami-Dade County; Florida","1048","131",
"1400000US12086007801","Census Tract 78.01; Miami-Dade County; Florida","229","69",
"1400000US12086007805","Census Tract 78.05; Miami-Dade County; Florida","1809","123",
"1400000US12086007806","Census Tract 78.06; Miami-Dade County; Florida","1230","164",
"1400000US12086007807","Census Tract 78.07; Miami-Dade County; Florida","1810","191",
"1400000US12086007808","Census Tract 78.08; Miami-Dade County; Florida","2808","281",
"1400000US12086007809","Census Tract 78.09; Miami-Dade County; Florida","1859","224",
"1400000US12086007901","Census Tract 79.01; Miami-Dade County; Florida","1851","351",
"1400000US12086007902","Census Tract 79.02; Miami-Dade County; Florida","1219","116",
"1400000US12086008000","Census Tract 80; Miami-Dade County; Florida","2194","262",
"1400000US12086008101","Census Tract 81.01; Miami-Dade County; Florida","1119","121",
"1400000US12086008102","Census Tract 81.02; Miami-Dade County; Florida","1679","210",
"1400000US12086008202","Census Tract 82.02; Miami-Dade County; Florida","1468","159",
"1400000US12086008205","Census Tract 82.05; Miami-Dade County; Florida","1485","226",
"1400000US12086008206","Census Tract 82.06; Miami-Dade County; Florida","1435","288",
"1400000US12086008207","Census Tract 82.07; Miami-Dade County; Florida","1470","163",
"1400000US12086008208","Census Tract 82.08; Miami-Dade County; Florida","2121","154",
"1400000US12086008209","Census Tract 82.09; Miami-Dade County; Florida","1383","104",
"1400000US12086008305","Census Tract 83.05; Miami-Dade County; Florida","2000","183",
"1400000US12086008308","Census Tract 83.08; Miami-Dade County; Florida","1926","230",
"1400000US12086008309","Census Tract 83.09; Miami-Dade County; Florida","1639","154",
"1400000US12086008310","Census Tract 83.10; Miami-Dade County; Florida","1195","320",
"1400000US12086008311","Census Tract 83.11; Miami-Dade County; Florida","1188","112",
"1400000US12086008312","Census Tract 83.12; Miami-Dade County; Florida","1084","194",
"1400000US12086008313","Census Tract 83.13; Miami-Dade County; Florida","1757","248",
"1400000US12086008314","Census Tract 83.14; Miami-Dade County; Florida","763","55",
"1400000US12086008315","Census Tract 83.15; Miami-Dade County; Florida","1122","173",
"1400000US12086008409","Census Tract 84.09; Miami-Dade County; Florida","2179","298",
"1400000US12086008415","Census Tract 84.15; Miami-Dade County; Florida","1537","113",
"1400000US12086008416","Census Tract 84.16; Miami-Dade County; Florida","1361","186",
"1400000US12086008418","Census Tract 84.18; Miami-Dade County; Florida","1124","131",
"1400000US12086008419","Census Tract 84.19; Miami-Dade County; Florida","2295","323",
"1400000US12086008420","Census Tract 84.20; Miami-Dade County; Florida","688","104",
"1400000US12086008421","Census Tract 84.21; Miami-Dade County; Florida","1864","510",
"1400000US12086008422","Census Tract 84.22; Miami-Dade County; Florida","901","76",
"1400000US12086008423","Census Tract 84.23; Miami-Dade County; Florida","1730","416",
"1400000US12086008424","Census Tract 84.24; Miami-Dade County; Florida","1957","341",
"1400000US12086008425","Census Tract 84.25; Miami-Dade County; Florida","1015","227",
"1400000US12086008426","Census Tract 84.26; Miami-Dade County; Florida","1302","76",
"1400000US12086008427","Census Tract 84.27; Miami-Dade County; Florida","825","78",
"1400000US12086008428","Census Tract 84.28; Miami-Dade County; Florida","859","100",
"1400000US12086008429","Census Tract 84.29; Miami-Dade County; Florida","1346","222",
"1400000US12086008430","Census Tract 84.30; Miami-Dade County; Florida","2460","251",
"1400000US12086008431","Census Tract 84.31; Miami-Dade County; Florida","546","63",
"1400000US12086008502","Census Tract 85.02; Miami-Dade County; Florida","1506","109",
"1400000US12086008503","Census Tract 85.03; Miami-Dade County; Florida","1074","193",
"1400000US12086008504","Census Tract 85.04; Miami-Dade County; Florida","934","96",
"1400000US12086008601","Census Tract 86.01; Miami-Dade County; Florida","1510","248",
"1400000US12086008603","Census Tract 86.03; Miami-Dade County; Florida","1600","335",
"1400000US12086008604","Census Tract 86.04; Miami-Dade County; Florida","524","26",
"1400000US12086008702","Census Tract 87.02; Miami-Dade County; Florida","1782","306",
"1400000US12086008703","Census Tract 87.03; Miami-Dade County; Florida","708","118",
"1400000US12086008704","Census Tract 87.04; Miami-Dade County; Florida","892","64",
"1400000US12086008805","Census Tract 88.05; Miami-Dade County; Florida","1536","86",
"1400000US12086008806","Census Tract 88.06; Miami-Dade County; Florida","1464","277",
"1400000US12086008807","Census Tract 88.07; Miami-Dade County; Florida","1594","639",
"1400000US12086008808","Census Tract 88.08; Miami-Dade County; Florida","1206","130",
"1400000US12086008809","Census Tract 88.09; Miami-Dade County; Florida","710","21",
"1400000US12086008810","Census Tract 88.10; Miami-Dade County; Florida","1576","461",
"1400000US12086008904","Census Tract 89.04; Miami-Dade County; Florida","4","4",
"1400000US12086008906","Census Tract 89.06; Miami-Dade County; Florida","1825","135",
"1400000US12086008907","Census Tract 89.07; Miami-Dade County; Florida","1892","309",
"1400000US12086008908","Census Tract 89.08; Miami-Dade County; Florida","1196","190",
"1400000US12086008909","Census Tract 89.09; Miami-Dade County; Florida","1337","174",
"1400000US12086008910","Census Tract 89.10; Miami-Dade County; Florida","1114","84",
"1400000US12086008911","Census Tract 89.11; Miami-Dade County; Florida","935","119",
"1400000US12086009010","Census Tract 90.10; Miami-Dade County; Florida","3429","165",
"1400000US12086009014","Census Tract 90.14; Miami-Dade County; Florida","1495","116",
"1400000US12086009015","Census Tract 90.15; Miami-Dade County; Florida","2725","134",
"1400000US12086009020","Census Tract 90.20; Miami-Dade County; Florida","1220","166",
"1400000US12086009021","Census Tract 90.21; Miami-Dade County; Florida","1473","126",
"1400000US12086009022","Census Tract 90.22; Miami-Dade County; Florida","803","152",
"1400000US12086009024","Census Tract 90.24; Miami-Dade County; Florida","2331","161",
"1400000US12086009026","Census Tract 90.26; Miami-Dade County; Florida","973","79",
"1400000US12086009027","Census Tract 90.27; Miami-Dade County; Florida","1723","147",
"1400000US12086009028","Census Tract 90.28; Miami-Dade County; Florida","2280","350",
"1400000US12086009029","Census Tract 90.29; Miami-Dade County; Florida","1609","229",
"1400000US12086009030","Census Tract 90.30; Miami-Dade County; Florida","2058","192",
"1400000US12086009031","Census Tract 90.31; Miami-Dade County; Florida","1712","155",
"1400000US12086009039","Census Tract 90.39; Miami-Dade County; Florida","2616","333",
"1400000US12086009040","Census Tract 90.40; Miami-Dade County; Florida","3147","176",
"1400000US12086009043","Census Tract 90.43; Miami-Dade County; Florida","1516","153",
"1400000US12086009044","Census Tract 90.44; Miami-Dade County; Florida","987","119",
"1400000US12086009048","Census Tract 90.48; Miami-Dade County; Florida","1062","57",
"1400000US12086009049","Census Tract 90.49; Miami-Dade County; Florida","1550","178",
"1400000US12086009050","Census Tract 90.50; Miami-Dade County; Florida","1649","195",
"1400000US12086009051","Census Tract 90.51; Miami-Dade County; Florida","697","52",
"1400000US12086009052","Census Tract 90.52; Miami-Dade County; Florida","1642","475",
"1400000US12086009053","Census Tract 90.53; Miami-Dade County; Florida","1841","501",
"1400000US12086009054","Census Tract 90.54; Miami-Dade County; Florida","574","127",
"1400000US12086009055","Census Tract 90.55; Miami-Dade County; Florida","727","126",
"1400000US12086009056","Census Tract 90.56; Miami-Dade County; Florida","1174","350",
"1400000US12086009057","Census Tract 90.57; Miami-Dade County; Florida","2322","326",
"1400000US12086009058","Census Tract 90.58; Miami-Dade County; Florida","1674","107",
"1400000US12086009059","Census Tract 90.59; Miami-Dade County; Florida","998","86",
"1400000US12086009060","Census Tract 90.60; Miami-Dade County; Florida","1570","174",
"1400000US12086009061","Census Tract 90.61; Miami-Dade County; Florida","1169","98",
"1400000US12086009062","Census Tract 90.62; Miami-Dade County; Florida","967","75",
"1400000US12086009063","Census Tract 90.63; Miami-Dade County; Florida","1129","210",
"1400000US12086009064","Census Tract 90.64; Miami-Dade County; Florida","1102","170",
"1400000US12086009065","Census Tract 90.65; Miami-Dade County; Florida","1993","156",
"1400000US12086009066","Census Tract 90.66; Miami-Dade County; Florida","3206","295",
"1400000US12086009101","Census Tract 91.01; Miami-Dade County; Florida","897","157",
"1400000US12086009102","Census Tract 91.02; Miami-Dade County; Florida","1096","108",
"1400000US12086009200","Census Tract 92; Miami-Dade County; Florida","977","137",
"1400000US12086009305","Census Tract 93.05; Miami-Dade County; Florida","1897","239",
"1400000US12086009312","Census Tract 93.12; Miami-Dade County; Florida","2906","251",
"1400000US12086009314","Census Tract 93.14; Miami-Dade County; Florida","1464","134",
"1400000US12086009315","Census Tract 93.15; Miami-Dade County; Florida","1211","126",
"1400000US12086009316","Census Tract 93.16; Miami-Dade County; Florida","782","60",
"1400000US12086009317","Census Tract 93.17; Miami-Dade County; Florida","1458","184",
"1400000US12086009318","Census Tract 93.18; Miami-Dade County; Florida","548","41",
"1400000US12086009319","Census Tract 93.19; Miami-Dade County; Florida","1521","221",
"1400000US12086009320","Census Tract 93.20; Miami-Dade County; Florida","1587","277",
"1400000US12086009321","Census Tract 93.21; Miami-Dade County; Florida","1085","81",
"1400000US12086009322","Census Tract 93.22; Miami-Dade County; Florida","1698","431",
"1400000US12086009323","Census Tract 93.23; Miami-Dade County; Florida","795","36",
"1400000US12086009324","Census Tract 93.24; Miami-Dade County; Florida","1513","136",
"1400000US12086009325","Census Tract 93.25; Miami-Dade County; Florida","901","243",
"1400000US12086009326","Census Tract 93.26; Miami-Dade County; Florida","1268","322",
"1400000US12086009327","Census Tract 93.27; Miami-Dade County; Florida","859","96",
"1400000US12086009401","Census Tract 94.01; Miami-Dade County; Florida","691","141",
"1400000US12086009402","Census Tract 94.02; Miami-Dade County; Florida","1050","124",
"1400000US12086009503","Census Tract 95.03; Miami-Dade County; Florida","1668","174",
"1400000US12086009504","Census Tract 95.04; Miami-Dade County; Florida","1341","80",
"1400000US12086009505","Census Tract 95.05; Miami-Dade County; Florida","570","56",
"1400000US12086009506","Census Tract 95.06; Miami-Dade County; Florida","1567","239",
"1400000US12086009601","Census Tract 96.01; Miami-Dade County; Florida","1534","452",
"1400000US12086009602","Census Tract 96.02; Miami-Dade County; Florida","1627","307",
"1400000US12086009703","Census Tract 97.03; Miami-Dade County; Florida","1170","136",
"1400000US12086009704","Census Tract 97.04; Miami-Dade County; Florida","2023","253",
"1400000US12086009705","Census Tract 97.05; Miami-Dade County; Florida","2669","370",
"1400000US12086009706","Census Tract 97.06; Miami-Dade County; Florida","2004","219",
"1400000US12086009803","Census Tract 98.03; Miami-Dade County; Florida","3024","193",
"1400000US12086009804","Census Tract 98.04; Miami-Dade County; Florida","911","68",
"1400000US12086009806","Census Tract 98.06; Miami-Dade County; Florida","1772","505",
"1400000US12086009809","Census Tract 98.09; Miami-Dade County; Florida","1526","257",
"1400000US12086009810","Census Tract 98.10; Miami-Dade County; Florida","1661","119",
"1400000US12086009811","Census Tract 98.11; Miami-Dade County; Florida","1224","97",
"1400000US12086009812","Census Tract 98.12; Miami-Dade County; Florida","2164","290",
"1400000US12086009903","Census Tract 99.03; Miami-Dade County; Florida","1556","208",
"1400000US12086009904","Census Tract 99.04; Miami-Dade County; Florida","1606","222",
"1400000US12086009905","Census Tract 99.05; Miami-Dade County; Florida","1589","158",
"1400000US12086009906","Census Tract 99.06; Miami-Dade County; Florida","1607","143",
"1400000US12086009907","Census Tract 99.07; Miami-Dade County; Florida","1325","195",
"1400000US12086009908","Census Tract 99.08; Miami-Dade County; Florida","1815","176",
"1400000US12086009909","Census Tract 99.09; Miami-Dade County; Florida","1127","328",
"1400000US12086010010","Census Tract 100.10; Miami-Dade County; Florida","1307","114",
"1400000US12086010012","Census Tract 100.12; Miami-Dade County; Florida","1932","272",
"1400000US12086010013","Census Tract 100.13; Miami-Dade County; Florida","1123","95",
"1400000US12086010015","Census Tract 100.15; Miami-Dade County; Florida","1152","87",
"1400000US12086010016","Census Tract 100.16; Miami-Dade County; Florida","1340","92",
"1400000US12086010017","Census Tract 100.17; Miami-Dade County; Florida","1035","133",
"1400000US12086010018","Census Tract 100.18; Miami-Dade County; Florida","983","77",
"1400000US12086010019","Census Tract 100.19; Miami-Dade County; Florida","1169","179",
"1400000US12086010020","Census Tract 100.20; Miami-Dade County; Florida","1118","261",
"1400000US12086010021","Census Tract 100.21; Miami-Dade County; Florida","1134","137",
"1400000US12086010022","Census Tract 100.22; Miami-Dade County; Florida","1270","435",
"1400000US12086010023","Census Tract 100.23; Miami-Dade County; Florida","981","150",
"1400000US12086010024","Census Tract 100.24; Miami-Dade County; Florida","1736","298",
"1400000US12086010025","Census Tract 100.25; Miami-Dade County; Florida","1281","152",
"1400000US12086010026","Census Tract 100.26; Miami-Dade County; Florida","706","85",
"1400000US12086010193","Census Tract 101.93; Miami-Dade County; Florida","1530","215",
"1400000US12086010198","Census Tract 101.98; Miami-Dade County; Florida","1146","214",
"1400000US12086010201","Census Tract 102.01; Miami-Dade County; Florida","1352","159",
"1400000US12086010205","Census Tract 102.05; Miami-Dade County; Florida","1421","152",
"1400000US12086010207","Census Tract 102.07; Miami-Dade County; Florida","2031","175",
"1400000US12086010208","Census Tract 102.08; Miami-Dade County; Florida","1765","170",
"1400000US12086010209","Census Tract 102.09; Miami-Dade County; Florida","1804","247",
"1400000US12086010211","Census Tract 102.11; Miami-Dade County; Florida","1453","198",
"1400000US12086010212","Census Tract 102.12; Miami-Dade County; Florida","903","232",
"1400000US12086010213","Census Tract 102.13; Miami-Dade County; Florida","1501","162",
"1400000US12086010214","Census Tract 102.14; Miami-Dade County; Florida","734","63",
"1400000US12086010301","Census Tract 103.01; Miami-Dade County; Florida","1056","157",
"1400000US12086010302","Census Tract 103.02; Miami-Dade County; Florida","844","79",
"1400000US12086010303","Census Tract 103.03; Miami-Dade County; Florida","1232","240",
"1400000US12086010400","Census Tract 104; Miami-Dade County; Florida","2129","278",
"1400000US12086010501","Census Tract 105.01; Miami-Dade County; Florida","2203","222",
"1400000US12086010502","Census Tract 105.02; Miami-Dade County; Florida","3505","408",
"1400000US12086010604","Census Tract 106.04; Miami-Dade County; Florida","1540","177",
"1400000US12086010608","Census Tract 106.08; Miami-Dade County; Florida","1738","201",
"1400000US12086010609","Census Tract 106.09; Miami-Dade County; Florida","2265","276",
"1400000US12086010610","Census Tract 106.10; Miami-Dade County; Florida","1577","148",
"1400000US12086010613","Census Tract 106.13; Miami-Dade County; Florida","2425","356",
"1400000US12086010618","Census Tract 106.18; Miami-Dade County; Florida","1379","157",
"1400000US12086010619","Census Tract 106.19; Miami-Dade County; Florida","845","106",
"1400000US12086010620","Census Tract 106.20; Miami-Dade County; Florida","1004","131",
"1400000US12086010621","Census Tract 106.21; Miami-Dade County; Florida","1514","163",
"1400000US12086010622","Census Tract 106.22; Miami-Dade County; Florida","1465","231",
"1400000US12086010623","Census Tract 106.23; Miami-Dade County; Florida","1045","125",
"1400000US12086010624","Census Tract 106.24; Miami-Dade County; Florida","1017","94",
"1400000US12086010625","Census Tract 106.25; Miami-Dade County; Florida","1769","222",
"1400000US12086010626","Census Tract 106.26; Miami-Dade County; Florida","1390","246",
"1400000US12086010705","Census Tract 107.05; Miami-Dade County; Florida","1723","155",
"1400000US12086010706","Census Tract 107.06; Miami-Dade County; Florida","1096","131",
"1400000US12086010707","Census Tract 107.07; Miami-Dade County; Florida","1067","126",
"1400000US12086010708","Census Tract 107.08; Miami-Dade County; Florida","1700","96",
"1400000US12086010709","Census Tract 107.09; Miami-Dade County; Florida","1811","399",
"1400000US12086010710","Census Tract 107.10; Miami-Dade County; Florida","2302","486",
"1400000US12086010803","Census Tract 108.03; Miami-Dade County; Florida","1687","128",
"1400000US12086010804","Census Tract 108.04; Miami-Dade County; Florida","2924","340",
"1400000US12086010805","Census Tract 108.05; Miami-Dade County; Florida","2122","521",
"1400000US12086010806","Census Tract 108.06; Miami-Dade County; Florida","1397","198",
"1400000US12086010900","Census Tract 109; Miami-Dade County; Florida","2405","321",
"1400000US12086011003","Census Tract 110.03; Miami-Dade County; Florida","1293","206",
"1400000US12086011008","Census Tract 110.08; Miami-Dade County; Florida","1479","179",
"1400000US12086011009","Census Tract 110.09; Miami-Dade County; Florida","2333","358",
"1400000US12086011010","Census Tract 110.10; Miami-Dade County; Florida","1921","333",
"1400000US12086011011","Census Tract 110.11; Miami-Dade County; Florida","1377","94",
"1400000US12086011012","Census Tract 110.12; Miami-Dade County; Florida","670","47",
"1400000US12086011013","Census Tract 110.13; Miami-Dade County; Florida","1033","206",
"1400000US12086011014","Census Tract 110.14; Miami-Dade County; Florida","1662","183",
"1400000US12086011015","Census Tract 110.15; Miami-Dade County; Florida","3215","354",
"1400000US12086011103","Census Tract 111.03; Miami-Dade County; Florida","1121","231",
"1400000US12086011104","Census Tract 111.04; Miami-Dade County; Florida","1609","186",
"1400000US12086011105","Census Tract 111.05; Miami-Dade County; Florida","1275","212",
"1400000US12086011106","Census Tract 111.06; Miami-Dade County; Florida","1163","272",
"1400000US12086011203","Census Tract 112.03; Miami-Dade County; Florida","1799","484",
"1400000US12086011204","Census Tract 112.04; Miami-Dade County; Florida","655","58",
"1400000US12086011205","Census Tract 112.05; Miami-Dade County; Florida","1217","149",
"1400000US12086011206","Census Tract 112.06; Miami-Dade County; Florida","938","142",
"1400000US12086011301","Census Tract 113.01; Miami-Dade County; Florida","1564","412",
"1400000US12086011302","Census Tract 113.02; Miami-Dade County; Florida","2041","286",
"1400000US12086011405","Census Tract 114.05; Miami-Dade County; Florida","1251","317",
"1400000US12086011406","Census Tract 114.06; Miami-Dade County; Florida","1130","127",
"1400000US12086011407","Census Tract 114.07; Miami-Dade County; Florida","1103","123",
"1400000US12086011408","Census Tract 114.08; Miami-Dade County; Florida","751","402",
"1400000US12086011409","Census Tract 114.09; Miami-Dade County; Florida","2475","230",
"1400000US12086011410","Census Tract 114.10; Miami-Dade County; Florida","1955","206",
"1400000US12086011411","Census Tract 114.11; Miami-Dade County; Florida","829","215",
"1400000US12086011412","Census Tract 114.12; Miami-Dade County; Florida","2712","596",
"1400000US12086011500","Census Tract 115; Miami-Dade County; Florida","2123","575",
"1400000US12086011601","Census Tract 116.01; Miami-Dade County; Florida","1198","73",
"1400000US12086011602","Census Tract 116.02; Miami-Dade County; Florida","1594","280",
"1400000US12086011701","Census Tract 117.01; Miami-Dade County; Florida","620","197",
"1400000US12086011702","Census Tract 117.02; Miami-Dade County; Florida","1834","281",
"1400000US12086011800","Census Tract 118; Miami-Dade County; Florida","1108","169",
"1400000US12086011900","Census Tract 119; Miami-Dade County; Florida","2095","270",
"1400000US12086012001","Census Tract 120.01; Miami-Dade County; Florida","1404","237",
"1400000US12086012002","Census Tract 120.02; Miami-Dade County; Florida","2529","335",
"1400000US12086012101","Census Tract 121.01; Miami-Dade County; Florida","1258","393",
"1400000US12086012102","Census Tract 121.02; Miami-Dade County; Florida","1916","259",
"1400000US12086012103","Census Tract 121.03; Miami-Dade County; Florida","1266","318",
"1400000US12086012104","Census Tract 121.04; Miami-Dade County; Florida","584","101",
"1400000US12086012105","Census Tract 121.05; Miami-Dade County; Florida","920","33",
"1400000US12086012200","Census Tract 122; Miami-Dade County; Florida","1560","195",
"1400000US12086012301","Census Tract 123.01; Miami-Dade County; Florida","741","109",
"1400000US12086012302","Census Tract 123.02; Miami-Dade County; Florida","1275","168",
"1400000US12086012401","Census Tract 124.01; Miami-Dade County; Florida","1354","315",
"1400000US12086012402","Census Tract 124.02; Miami-Dade County; Florida","942","95",
"1400000US12086012403","Census Tract 124.03; Miami-Dade County; Florida","560","76",
"1400000US12086012501","Census Tract 125.01; Miami-Dade County; Florida","573","74",
"1400000US12086012502","Census Tract 125.02; Miami-Dade County; Florida","1262","166",
"1400000US12086012601","Census Tract 126.01; Miami-Dade County; Florida","1032","103",
"1400000US12086012602","Census Tract 126.02; Miami-Dade County; Florida","1031","200",
"1400000US12086012701","Census Tract 127.01; Miami-Dade County; Florida","4312","346",
"1400000US12086012702","Census Tract 127.02; Miami-Dade County; Florida","1384","94",
"1400000US12086012801","Census Tract 128.01; Miami-Dade County; Florida","1355","220",
"1400000US12086012802","Census Tract 128.02; Miami-Dade County; Florida","1250","137",
"1400000US12086012900","Census Tract 129; Miami-Dade County; Florida","1641","235",
"1400000US12086013000","Census Tract 130; Miami-Dade County; Florida","1405","200",
"1400000US12086013100","Census Tract 131; Miami-Dade County; Florida","1783","174",
"1400000US12086013201","Census Tract 132.01; Miami-Dade County; Florida","713","84",
"1400000US12086013202","Census Tract 132.02; Miami-Dade County; Florida","984","123",
"1400000US12086013301","Census Tract 133.01; Miami-Dade County; Florida","953","241",
"1400000US12086013302","Census Tract 133.02; Miami-Dade County; Florida","1142","113",
"1400000US12086013400","Census Tract 134; Miami-Dade County; Florida","1740","195",
"1400000US12086013500","Census Tract 135; Miami-Dade County; Florida","1813","265",
"1400000US12086013600","Census Tract 136; Miami-Dade County; Florida","2044","180",
"1400000US12086013700","Census Tract 137; Miami-Dade County; Florida","2303","268",
"1400000US12086013801","Census Tract 138.01; Miami-Dade County; Florida","701","38",
"1400000US12086013802","Census Tract 138.02; Miami-Dade County; Florida","1723","509",
"1400000US12086013900","Census Tract 139; Miami-Dade County; Florida","1415","170",
"1400000US12086014100","Census Tract 141; Miami-Dade County; Florida","19","18",
"1400000US12086014200","Census Tract 142; Miami-Dade County; Florida","1460","256",
"1400000US12086014300","Census Tract 143; Miami-Dade County; Florida","1169","161",
"1400000US12086014400","Census Tract 144; Miami-Dade County; Florida","1515","390",
"1400000US12086014500","Census Tract 145; Miami-Dade County; Florida","1375","141",
"1400000US12086014601","Census Tract 146.01; Miami-Dade County; Florida","1402","326",
"1400000US12086014602","Census Tract 146.02; Miami-Dade County; Florida","1503","425",
"1400000US12086014701","Census Tract 147.01; Miami-Dade County; Florida","893","241",
"1400000US12086014702","Census Tract 147.02; Miami-Dade County; Florida","1591","214",
"1400000US12086014800","Census Tract 148; Miami-Dade County; Florida","1902","252",
"1400000US12086014900","Census Tract 149; Miami-Dade County; Florida","1736","224",
"1400000US12086015001","Census Tract 150.01; Miami-Dade County; Florida","1529","129",
"1400000US12086015002","Census Tract 150.02; Miami-Dade County; Florida","1403","201",
"1400000US12086015101","Census Tract 151.01; Miami-Dade County; Florida","1383","340",
"1400000US12086015102","Census Tract 151.02; Miami-Dade County; Florida","869","275",
"1400000US12086015103","Census Tract 151.03; Miami-Dade County; Florida","986","281",
"1400000US12086015201","Census Tract 152.01; Miami-Dade County; Florida","967","140",
"1400000US12086015202","Census Tract 152.02; Miami-Dade County; Florida","1220","262",
"1400000US12086015300","Census Tract 153; Miami-Dade County; Florida","1937","240",
"1400000US12086015400","Census Tract 154; Miami-Dade County; Florida","1835","151",
"1400000US12086015501","Census Tract 155.01; Miami-Dade County; Florida","981","218",
"1400000US12086015502","Census Tract 155.02; Miami-Dade County; Florida","966","97",
"1400000US12086015600","Census Tract 156; Miami-Dade County; Florida","1727","282",
"1400000US12086015700","Census Tract 157; Miami-Dade County; Florida","748","106",
"1400000US12086015800","Census Tract 158; Miami-Dade County; Florida","1682","179",
"1400000US12086015900","Census Tract 159; Miami-Dade County; Florida","1095","119",
"1400000US12086016000","Census Tract 160; Miami-Dade County; Florida","1679","229",
"1400000US12086016100","Census Tract 161; Miami-Dade County; Florida","1567","246",
"1400000US12086016200","Census Tract 162; Miami-Dade County; Florida","1204","110",
"1400000US12086016300","Census Tract 163; Miami-Dade County; Florida","1544","287",
"1400000US12086016401","Census Tract 164.01; Miami-Dade County; Florida","1507","300",
"1400000US12086016402","Census Tract 164.02; Miami-Dade County; Florida","667","83",
"1400000US12086016501","Census Tract 165.01; Miami-Dade County; Florida","936","140",
"1400000US12086016502","Census Tract 165.02; Miami-Dade County; Florida","1521","260",
"1400000US12086016600","Census Tract 166; Miami-Dade County; Florida","1432","463",
"1400000US12086016700","Census Tract 167; Miami-Dade County; Florida","1399","176",
"1400000US12086016800","Census Tract 168; Miami-Dade County; Florida","1313","135",
"1400000US12086016900","Census Tract 169; Miami-Dade County; Florida","1898","269",
"1400000US12086017000","Census Tract 170; Miami-Dade County; Florida","1916","331",
"1400000US12086017101","Census Tract 171.01; Miami-Dade County; Florida","1485","103",
"1400000US12086017102","Census Tract 171.02; Miami-Dade County; Florida","945","254",
"1400000US12086017200","Census Tract 172; Miami-Dade County; Florida","1314","320",
"1400000US12086017300","Census Tract 173; Miami-Dade County; Florida","1704","369",
"1400000US12086017401","Census Tract 174.01; Miami-Dade County; Florida","479","103",
"1400000US12086017402","Census Tract 174.02; Miami-Dade County; Florida","2089","311",
"1400000US12086017500","Census Tract 175; Miami-Dade County; Florida","1452","216",
"1400000US12086017600","Census Tract 176; Miami-Dade County; Florida","2673","341",
"1400000US12086017700","Census Tract 177; Miami-Dade County; Florida","1702","180",
"1400000US12086017800","Census Tract 178; Miami-Dade County; Florida","2356","248",
"1400000US12086017901","Census Tract 179.01; Miami-Dade County; Florida","1211","150",
"1400000US12086017902","Census Tract 179.02; Miami-Dade County; Florida","1374","269",
"1400000US12086018001","Census Tract 180.01; Miami-Dade County; Florida","569","28",
"1400000US12086018002","Census Tract 180.02; Miami-Dade County; Florida","828","61",
"1400000US12086018003","Census Tract 180.03; Miami-Dade County; Florida","2646","457",
"1400000US12086018100","Census Tract 181; Miami-Dade County; Florida","1758","188",
"1400000US12086018200","Census Tract 182; Miami-Dade County; Florida","847","133",
"1400000US12086018300","Census Tract 183; Miami-Dade County; Florida","1458","36",
"1400000US12086018400","Census Tract 184; Miami-Dade County; Florida","1728","237",
"1400000US12086018500","Census Tract 185; Miami-Dade County; Florida","1891","267",
"1400000US12086018601","Census Tract 186.01; Miami-Dade County; Florida","1280","336",
"1400000US12086018602","Census Tract 186.02; Miami-Dade County; Florida","1299","78",
"1400000US12086018700","Census Tract 187; Miami-Dade County; Florida","1253","169",
"1400000US12086018801","Census Tract 188.01; Miami-Dade County; Florida","854","113",
"1400000US12086018802","Census Tract 188.02; Miami-Dade County; Florida","1147","63",
"1400000US12086018803","Census Tract 188.03; Miami-Dade County; Florida","1281","304",
"1400000US12086018901","Census Tract 189.01; Miami-Dade County; Florida","1155","111",
"1400000US12086018902","Census Tract 189.02; Miami-Dade County; Florida","1084","228",
"1400000US12086019000","Census Tract 190; Miami-Dade County; Florida","2139","221",
"1400000US12086019100","Census Tract 191; Miami-Dade County; Florida","2379","185",
"1400000US12086019200","Census Tract 192; Miami-Dade County; Florida","1735","175",
"1400000US12086019301","Census Tract 193.01; Miami-Dade County; Florida","994","93",
"1400000US12086019302","Census Tract 193.02; Miami-Dade County; Florida","1767","214",
"1400000US12086019401","Census Tract 194.01; Miami-Dade County; Florida","954","159",
"1400000US12086019402","Census Tract 194.02; Miami-Dade County; Florida","1832","200",
"1400000US12086019501","Census Tract 195.01; Miami-Dade County; Florida","1412","102",
"1400000US12086019502","Census Tract 195.02; Miami-Dade County; Florida","1306","212",
"1400000US12086019600","Census Tract 196; Miami-Dade County; Florida","1903","277",
"1400000US12086019700","Census Tract 197; Miami-Dade County; Florida","1097","195",
"1400000US12086019801","Census Tract 198.01; Miami-Dade County; Florida","1444","185",
"1400000US12086019802","Census Tract 198.02; Miami-Dade County; Florida","1746","444",
"1400000US12086019901","Census Tract 199.01; Miami-Dade County; Florida","1289","252",
"1400000US12086019902","Census Tract 199.02; Miami-Dade County; Florida","2163","354",
"1400000US12086020001","Census Tract 200.01; Miami-Dade County; Florida","618","23",
"1400000US12086020002","Census Tract 200.02; Miami-Dade County; Florida","1430","211",
"1400000US12086020100","Census Tract 201; Miami-Dade County; Florida","1145","133",
"1400000US12086020200","Census Tract 202; Miami-Dade County; Florida","1746","152",
"1400000US12086020300","Census Tract 203; Miami-Dade County; Florida","1057","151",
"1400000US12086490100","Census Tract 4901; Miami-Dade County; Florida","520","109",
"1400000US12086980100","Census Tract 9801; Miami-Dade County; Florida","0","15",
"1400000US12086980200","Census Tract 9802; Miami-Dade County; Florida","0","15",
"1400000US12086980300","Census Tract 9803; Miami-Dade County; Florida","12","14",
"1400000US12086980400","Census Tract 9804; Miami-Dade County; Florida","0","15",
"1400000US12086980500","Census Tract 9805; Miami-Dade County; Florida","264","75",
"1400000US12086980600","Census Tract 9806; Miami-Dade County; Florida","0","15",
"1400000US12086980700","Census Tract 9807; Miami-Dade County; Florida","231","106",
"1400000US12086980800","Census Tract 9808; Miami-Dade County; Florida","0","15",
"1400000US12086980900","Census Tract 9809; Miami-Dade County; Florida","0","15",
"1400000US12086981000","Census Tract 9810; Miami-Dade County; Florida","0","15",
"1400000US12086981100","Census Tract 9811; Miami-Dade County; Florida","8","10",
"1400000US12086981200","Census Tract 9812; Miami-Dade County; Florida","0","15",
"1400000US12086981300","Census Tract 9813; Miami-Dade County; Florida","71","71",
"1400000US12086990000","Census Tract 9900; Miami-Dade County; Florida","0","15",
"1400000US12087970400","Census Tract 9704; Monroe County; Florida","2926","198",
"1400000US12087970500","Census Tract 9705; Monroe County; Florida","2161","166",
"1400000US12087970600","Census Tract 9706; Monroe County; Florida","1965","166",
"1400000US12087970700","Census Tract 9707; Monroe County; Florida","2320","254",
"1400000US12087970800","Census Tract 9708; Monroe County; Florida","3557","280",
"1400000US12087970900","Census Tract 9709; Monroe County; Florida","2182","200",
"1400000US12087971001","Census Tract 9710.01; Monroe County; Florida","1885","181",
"1400000US12087971002","Census Tract 9710.02; Monroe County; Florida","1886","179",
"1400000US12087971100","Census Tract 9711; Monroe County; Florida","2297","263",
"1400000US12087971200","Census Tract 9712; Monroe County; Florida","1733","218",
"1400000US12087971300","Census Tract 9713; Monroe County; Florida","1227","141",
"1400000US12087971401","Census Tract 9714.01; Monroe County; Florida","1973","224",
"1400000US12087971402","Census Tract 9714.02; Monroe County; Florida","1013","110",
"1400000US12087971501","Census Tract 9715.01; Monroe County; Florida","1644","125",
"1400000US12087971502","Census Tract 9715.02; Monroe County; Florida","2207","206",
"1400000US12087971600","Census Tract 9716; Monroe County; Florida","1231","137",
"1400000US12087971700","Census Tract 9717; Monroe County; Florida","1759","179",
"1400000US12087971800","Census Tract 9718; Monroe County; Florida","2732","272",
"1400000US12087971900","Census Tract 9719; Monroe County; Florida","2733","309",
"1400000US12087972000","Census Tract 9720; Monroe County; Florida","2565","243",
"1400000US12087972100","Census Tract 9721; Monroe County; Florida","2271","262",
"1400000US12087972200","Census Tract 9722; Monroe County; Florida","1429","119",
"1400000US12087972400","Census Tract 9724; Monroe County; Florida","2198","221",
"1400000US12087972500","Census Tract 9725; Monroe County; Florida","1088","121",
"1400000US12087972700","Census Tract 9727; Monroe County; Florida","3554","273",
"1400000US12087972800","Census Tract 9728; Monroe County; Florida","2290","241",
"1400000US12087980000","Census Tract 9800; Monroe County; Florida","8","8",
"1400000US12087980100","Census Tract 9801; Monroe County; Florida","0","15",
"1400000US12087990000","Census Tract 9900; Monroe County; Florida","0","15",
"1400000US12089050102","Census Tract 501.02; Nassau County; Florida","2082","297",
"1400000US12089050103","Census Tract 501.03; Nassau County; Florida","1945","207",
"1400000US12089050104","Census Tract 501.04; Nassau County; Florida","1858","239",
"1400000US12089050201","Census Tract 502.01; Nassau County; Florida","2153","200",
"1400000US12089050203","Census Tract 502.03; Nassau County; Florida","2750","241",
"1400000US12089050204","Census Tract 502.04; Nassau County; Florida","1690","263",
"1400000US12089050205","Census Tract 502.05; Nassau County; Florida","2354","243",
"1400000US12089050304","Census Tract 503.04; Nassau County; Florida","2687","202",
"1400000US12089050305","Census Tract 503.05; Nassau County; Florida","492","115",
"1400000US12089050306","Census Tract 503.06; Nassau County; Florida","4108","310",
"1400000US12089050307","Census Tract 503.07; Nassau County; Florida","2243","142",
"1400000US12089050308","Census Tract 503.08; Nassau County; Florida","3459","400",
"1400000US12089050309","Census Tract 503.09; Nassau County; Florida","3297","418",
"1400000US12089050310","Census Tract 503.10; Nassau County; Florida","2285","182",
"1400000US12089050401","Census Tract 504.01; Nassau County; Florida","1212","176",
"1400000US12089050402","Census Tract 504.02; Nassau County; Florida","1106","157",
"1400000US12089050403","Census Tract 504.03; Nassau County; Florida","1431","238",
"1400000US12089050504","Census Tract 505.04; Nassau County; Florida","1926","219",
"1400000US12089050505","Census Tract 505.05; Nassau County; Florida","1992","263",
"1400000US12089050506","Census Tract 505.06; Nassau County; Florida","1158","139",
"1400000US12089050507","Census Tract 505.07; Nassau County; Florida","876","97",
"1400000US12089050508","Census Tract 505.08; Nassau County; Florida","805","181",
"1400000US12089050509","Census Tract 505.09; Nassau County; Florida","1149","156",
"1400000US12089990000","Census Tract 9900; Nassau County; Florida","0","15",
"1400000US12091020101","Census Tract 201.01; Okaloosa County; Florida","1852","198",
"1400000US12091020102","Census Tract 201.02; Okaloosa County; Florida","2321","292",
"1400000US12091020200","Census Tract 202; Okaloosa County; Florida","1005","99",
"1400000US12091020303","Census Tract 203.03; Okaloosa County; Florida","1896","175",
"1400000US12091020304","Census Tract 203.04; Okaloosa County; Florida","1736","245",
"1400000US12091020305","Census Tract 203.05; Okaloosa County; Florida","1874","192",
"1400000US12091020306","Census Tract 203.06; Okaloosa County; Florida","634","52",
"1400000US12091020400","Census Tract 204; Okaloosa County; Florida","3179","421",
"1400000US12091020500","Census Tract 205; Okaloosa County; Florida","3216","271",
"1400000US12091020601","Census Tract 206.01; Okaloosa County; Florida","3144","358",
"1400000US12091020602","Census Tract 206.02; Okaloosa County; Florida","1547","212",
"1400000US12091020701","Census Tract 207.01; Okaloosa County; Florida","2302","367",
"1400000US12091020702","Census Tract 207.02; Okaloosa County; Florida","3334","363",
"1400000US12091020800","Census Tract 208; Okaloosa County; Florida","1586","202",
"1400000US12091020900","Census Tract 209; Okaloosa County; Florida","3000","270",
"1400000US12091021001","Census Tract 210.01; Okaloosa County; Florida","2339","248",
"1400000US12091021002","Census Tract 210.02; Okaloosa County; Florida","2805","347",
"1400000US12091021101","Census Tract 211.01; Okaloosa County; Florida","1541","186",
"1400000US12091021102","Census Tract 211.02; Okaloosa County; Florida","3612","421",
"1400000US12091021200","Census Tract 212; Okaloosa County; Florida","2658","272",
"1400000US12091021400","Census Tract 214; Okaloosa County; Florida","884","120",
"1400000US12091021501","Census Tract 215.01; Okaloosa County; Florida","2106","226",
"1400000US12091021502","Census Tract 215.02; Okaloosa County; Florida","1739","143",
"1400000US12091021600","Census Tract 216; Okaloosa County; Florida","1290","156",
"1400000US12091021700","Census Tract 217; Okaloosa County; Florida","1117","100",
"1400000US12091021801","Census Tract 218.01; Okaloosa County; Florida","2547","322",
"1400000US12091021802","Census Tract 218.02; Okaloosa County; Florida","2805","290",
"1400000US12091021901","Census Tract 219.01; Okaloosa County; Florida","658","103",
"1400000US12091021902","Census Tract 219.02; Okaloosa County; Florida","3286","267",
"1400000US12091022001","Census Tract 220.01; Okaloosa County; Florida","2082","229",
"1400000US12091022002","Census Tract 220.02; Okaloosa County; Florida","1584","109",
"1400000US12091022100","Census Tract 221; Okaloosa County; Florida","1775","238",
"1400000US12091022300","Census Tract 223; Okaloosa County; Florida","1286","140",
"1400000US12091022400","Census Tract 224; Okaloosa County; Florida","1862","159",
"1400000US12091022500","Census Tract 225; Okaloosa County; Florida","1836","179",
"1400000US12091022600","Census Tract 226; Okaloosa County; Florida","1969","180",
"1400000US12091022700","Census Tract 227; Okaloosa County; Florida","1945","189",
"1400000US12091022800","Census Tract 228; Okaloosa County; Florida","1140","187",
"1400000US12091022900","Census Tract 229; Okaloosa County; Florida","2020","207",
"1400000US12091023100","Census Tract 231; Okaloosa County; Florida","3765","292",
"1400000US12091023200","Census Tract 232; Okaloosa County; Florida","4091","248",
"1400000US12091023303","Census Tract 233.03; Okaloosa County; Florida","5306","243",
"1400000US12091023304","Census Tract 233.04; Okaloosa County; Florida","3806","289",
"1400000US12091023305","Census Tract 233.05; Okaloosa County; Florida","2389","213",
"1400000US12091023306","Census Tract 233.06; Okaloosa County; Florida","1431","220",
"1400000US12091023307","Census Tract 233.07; Okaloosa County; Florida","1051","165",
"1400000US12091023308","Census Tract 233.08; Okaloosa County; Florida","2513","214",
"1400000US12091990100","Census Tract 9901; Okaloosa County; Florida","0","15",
"1400000US12091990200","Census Tract 9902; Okaloosa County; Florida","0","15",
"1400000US12093910101","Census Tract 9101.01; Okeechobee County; Florida","1762","195",
"1400000US12093910102","Census Tract 9101.02; Okeechobee County; Florida","1349","159",
"1400000US12093910201","Census Tract 9102.01; Okeechobee County; Florida","1378","170",
"1400000US12093910202","Census Tract 9102.02; Okeechobee County; Florida","1598","229",
"1400000US12093910300","Census Tract 9103; Okeechobee County; Florida","832","163",
"1400000US12093910401","Census Tract 9104.01; Okeechobee County; Florida","2265","216",
"1400000US12093910402","Census Tract 9104.02; Okeechobee County; Florida","914","105",
"1400000US12093910403","Census Tract 9104.03; Okeechobee County; Florida","2421","254",
"1400000US12093910500","Census Tract 9105; Okeechobee County; Florida","2434","159",
"1400000US12093910601","Census Tract 9106.01; Okeechobee County; Florida","2206","213",
"1400000US12093910602","Census Tract 9106.02; Okeechobee County; Florida","1413","177",
"1400000US12093990000","Census Tract 9900; Okeechobee County; Florida","0","15",
"1400000US12095010201","Census Tract 102.01; Orange County; Florida","1557","251",
"1400000US12095010202","Census Tract 102.02; Orange County; Florida","2872","218",
"1400000US12095010300","Census Tract 103; Orange County; Florida","2257","182",
"1400000US12095010400","Census Tract 104; Orange County; Florida","558","84",
"1400000US12095010500","Census Tract 105; Orange County; Florida","714","185",
"1400000US12095010802","Census Tract 108.02; Orange County; Florida","1737","151",
"1400000US12095011000","Census Tract 110; Orange County; Florida","1843","236",
"1400000US12095011100","Census Tract 111; Orange County; Florida","1857","303",
"1400000US12095011200","Census Tract 112; Orange County; Florida","1747","297",
"1400000US12095011300","Census Tract 113; Orange County; Florida","2424","387",
"1400000US12095011600","Census Tract 116; Orange County; Florida","1914","245",
"1400000US12095011701","Census Tract 117.01; Orange County; Florida","1779","267",
"1400000US12095011702","Census Tract 117.02; Orange County; Florida","1849","182",
"1400000US12095012000","Census Tract 120; Orange County; Florida","2437","170",
"1400000US12095012100","Census Tract 121; Orange County; Florida","2515","199",
"1400000US12095012201","Census Tract 122.01; Orange County; Florida","1971","239",
"1400000US12095012202","Census Tract 122.02; Orange County; Florida","2159","310",
"1400000US12095012303","Census Tract 123.03; Orange County; Florida","2568","355",
"1400000US12095012304","Census Tract 123.04; Orange County; Florida","2373","422",
"1400000US12095012305","Census Tract 123.05; Orange County; Florida","2588","233",
"1400000US12095012306","Census Tract 123.06; Orange County; Florida","1154","155",
"1400000US12095012307","Census Tract 123.07; Orange County; Florida","2352","191",
"1400000US12095012402","Census Tract 124.02; Orange County; Florida","2633","244",
"1400000US12095012403","Census Tract 124.03; Orange County; Florida","2277","283",
"1400000US12095012404","Census Tract 124.04; Orange County; Florida","1983","406",
"1400000US12095012405","Census Tract 124.05; Orange County; Florida","2087","373",
"1400000US12095012500","Census Tract 125; Orange County; Florida","1298","212",
"1400000US12095012600","Census Tract 126; Orange County; Florida","2608","239",
"1400000US12095012701","Census Tract 127.01; Orange County; Florida","2655","208",
"1400000US12095012800","Census Tract 128; Orange County; Florida","1717","208",
"1400000US12095012900","Census Tract 129; Orange County; Florida","2243","241",
"1400000US12095013201","Census Tract 132.01; Orange County; Florida","1648","185",
"1400000US12095013202","Census Tract 132.02; Orange County; Florida","3033","424",
"1400000US12095013300","Census Tract 133; Orange County; Florida","2902","299",
"1400000US12095013402","Census Tract 134.02; Orange County; Florida","1512","415",
"1400000US12095013403","Census Tract 134.03; Orange County; Florida","1393","207",
"1400000US12095013405","Census Tract 134.05; Orange County; Florida","1006","131",
"1400000US12095013406","Census Tract 134.06; Orange County; Florida","1483","134",
"1400000US12095013503","Census Tract 135.03; Orange County; Florida","1078","96",
"1400000US12095013505","Census Tract 135.05; Orange County; Florida","2456","274",
"1400000US12095013507","Census Tract 135.07; Orange County; Florida","4189","434",
"1400000US12095013510","Census Tract 135.10; Orange County; Florida","1167","109",
"1400000US12095013511","Census Tract 135.11; Orange County; Florida","2535","224",
"1400000US12095013512","Census Tract 135.12; Orange County; Florida","1950","161",
"1400000US12095013513","Census Tract 135.13; Orange County; Florida","2270","225",
"1400000US12095013603","Census Tract 136.03; Orange County; Florida","2257","173",
"1400000US12095013604","Census Tract 136.04; Orange County; Florida","3213","350",
"1400000US12095013605","Census Tract 136.05; Orange County; Florida","1660","178",
"1400000US12095013606","Census Tract 136.06; Orange County; Florida","1587","187",
"1400000US12095013607","Census Tract 136.07; Orange County; Florida","2133","199",
"1400000US12095013701","Census Tract 137.01; Orange County; Florida","2332","352",
"1400000US12095013702","Census Tract 137.02; Orange County; Florida","2447","240",
"1400000US12095013801","Census Tract 138.01; Orange County; Florida","1193","281",
"1400000US12095013802","Census Tract 138.02; Orange County; Florida","1104","117",
"1400000US12095013803","Census Tract 138.03; Orange County; Florida","1155","145",
"1400000US12095013900","Census Tract 139; Orange County; Florida","2222","154",
"1400000US12095014000","Census Tract 140; Orange County; Florida","2792","230",
"1400000US12095014100","Census Tract 141; Orange County; Florida","2591","243",
"1400000US12095014201","Census Tract 142.01; Orange County; Florida","2051","389",
"1400000US12095014202","Census Tract 142.02; Orange County; Florida","1747","213",
"1400000US12095014301","Census Tract 143.01; Orange County; Florida","1875","198",
"1400000US12095014302","Census Tract 143.02; Orange County; Florida","1909","189",
"1400000US12095014400","Census Tract 144; Orange County; Florida","1458","142",
"1400000US12095014502","Census Tract 145.02; Orange County; Florida","2678","210",
"1400000US12095014503","Census Tract 145.03; Orange County; Florida","2234","489",
"1400000US12095014504","Census Tract 145.04; Orange County; Florida","3730","356",
"1400000US12095014601","Census Tract 146.01; Orange County; Florida","2945","336",
"1400000US12095014605","Census Tract 146.05; Orange County; Florida","1622","153",
"1400000US12095014606","Census Tract 146.06; Orange County; Florida","3822","469",
"1400000US12095014607","Census Tract 146.07; Orange County; Florida","3638","363",
"1400000US12095014608","Census Tract 146.08; Orange County; Florida","2086","266",
"1400000US12095014609","Census Tract 146.09; Orange County; Florida","2547","220",
"1400000US12095014701","Census Tract 147.01; Orange County; Florida","2189","302",
"1400000US12095014702","Census Tract 147.02; Orange County; Florida","2818","224",
"1400000US12095014703","Census Tract 147.03; Orange County; Florida","1122","149",
"1400000US12095014705","Census Tract 147.05; Orange County; Florida","3665","337",
"1400000US12095014706","Census Tract 147.06; Orange County; Florida","2766","279",
"1400000US12095014804","Census Tract 148.04; Orange County; Florida","2256","212",
"1400000US12095014805","Census Tract 148.05; Orange County; Florida","2307","255",
"1400000US12095014806","Census Tract 148.06; Orange County; Florida","1821","205",
"1400000US12095014807","Census Tract 148.07; Orange County; Florida","2914","300",
"1400000US12095014809","Census Tract 148.09; Orange County; Florida","1413","251",
"1400000US12095014810","Census Tract 148.10; Orange County; Florida","2129","212",
"1400000US12095014811","Census Tract 148.11; Orange County; Florida","2143","198",
"1400000US12095014812","Census Tract 148.12; Orange County; Florida","2855","320",
"1400000US12095014813","Census Tract 148.13; Orange County; Florida","2620","218",
"1400000US12095014814","Census Tract 148.14; Orange County; Florida","2261","185",
"1400000US12095014815","Census Tract 148.15; Orange County; Florida","1742","136",
"1400000US12095014904","Census Tract 149.04; Orange County; Florida","2617","311",
"1400000US12095014906","Census Tract 149.06; Orange County; Florida","2375","165",
"1400000US12095014908","Census Tract 149.08; Orange County; Florida","2279","223",
"1400000US12095014909","Census Tract 149.09; Orange County; Florida","1011","121",
"1400000US12095015001","Census Tract 150.01; Orange County; Florida","474","44",
"1400000US12095015002","Census Tract 150.02; Orange County; Florida","2284","205",
"1400000US12095015003","Census Tract 150.03; Orange County; Florida","2088","298",
"1400000US12095015005","Census Tract 150.05; Orange County; Florida","1162","153",
"1400000US12095015006","Census Tract 150.06; Orange County; Florida","1575","145",
"1400000US12095015103","Census Tract 151.03; Orange County; Florida","3041","403",
"1400000US12095015104","Census Tract 151.04; Orange County; Florida","2110","161",
"1400000US12095015105","Census Tract 151.05; Orange County; Florida","1360","131",
"1400000US12095015106","Census Tract 151.06; Orange County; Florida","2641","284",
"1400000US12095015202","Census Tract 152.02; Orange County; Florida","2589","279",
"1400000US12095015203","Census Tract 152.03; Orange County; Florida","1725","165",
"1400000US12095015204","Census Tract 152.04; Orange County; Florida","2920","297",
"1400000US12095015300","Census Tract 153; Orange County; Florida","1812","211",
"1400000US12095015501","Census Tract 155.01; Orange County; Florida","3563","298",
"1400000US12095015601","Census Tract 156.01; Orange County; Florida","1059","117",
"1400000US12095015602","Census Tract 156.02; Orange County; Florida","753","74",
"1400000US12095015701","Census Tract 157.01; Orange County; Florida","1065","107",
"1400000US12095015702","Census Tract 157.02; Orange County; Florida","676","57",
"1400000US12095015801","Census Tract 158.01; Orange County; Florida","710","66",
"1400000US12095015802","Census Tract 158.02; Orange County; Florida","1027","88",
"1400000US12095015901","Census Tract 159.01; Orange County; Florida","1488","156",
"1400000US12095016001","Census Tract 160.01; Orange County; Florida","707","82",
"1400000US12095016002","Census Tract 160.02; Orange County; Florida","1135","195",
"1400000US12095016100","Census Tract 161; Orange County; Florida","2280","180",
"1400000US12095016200","Census Tract 162; Orange County; Florida","3206","317",
"1400000US12095016301","Census Tract 163.01; Orange County; Florida","2946","268",
"1400000US12095016302","Census Tract 163.02; Orange County; Florida","1838","171",
"1400000US12095016402","Census Tract 164.02; Orange County; Florida","1112","156",
"1400000US12095016406","Census Tract 164.06; Orange County; Florida","1104","120",
"1400000US12095016407","Census Tract 164.07; Orange County; Florida","3292","334",
"1400000US12095016408","Census Tract 164.08; Orange County; Florida","1088","95",
"1400000US12095016409","Census Tract 164.09; Orange County; Florida","1178","128",
"1400000US12095016411","Census Tract 164.11; Orange County; Florida","1651","303",
"1400000US12095016412","Census Tract 164.12; Orange County; Florida","1789","130",
"1400000US12095016413","Census Tract 164.13; Orange County; Florida","1823","313",
"1400000US12095016414","Census Tract 164.14; Orange County; Florida","1730","119",
"1400000US12095016503","Census Tract 165.03; Orange County; Florida","2693","342",
"1400000US12095016504","Census Tract 165.04; Orange County; Florida","2027","137",
"1400000US12095016505","Census Tract 165.05; Orange County; Florida","1250","105",
"1400000US12095016509","Census Tract 165.09; Orange County; Florida","2537","266",
"1400000US12095016510","Census Tract 165.10; Orange County; Florida","1767","188",
"1400000US12095016511","Census Tract 165.11; Orange County; Florida","1686","344",
"1400000US12095016512","Census Tract 165.12; Orange County; Florida","2170","614",
"1400000US12095016513","Census Tract 165.13; Orange County; Florida","2025","376",
"1400000US12095016514","Census Tract 165.14; Orange County; Florida","2535","408",
"1400000US12095016515","Census Tract 165.15; Orange County; Florida","0","24",
"1400000US12095016603","Census Tract 166.03; Orange County; Florida","2531","398",
"1400000US12095016604","Census Tract 166.04; Orange County; Florida","1857","140",
"1400000US12095016605","Census Tract 166.05; Orange County; Florida","648","135",
"1400000US12095016606","Census Tract 166.06; Orange County; Florida","940","89",
"1400000US12095016607","Census Tract 166.07; Orange County; Florida","2404","259",
"1400000US12095016709","Census Tract 167.09; Orange County; Florida","2463","249",
"1400000US12095016710","Census Tract 167.10; Orange County; Florida","1559","190",
"1400000US12095016713","Census Tract 167.13; Orange County; Florida","3198","237",
"1400000US12095016714","Census Tract 167.14; Orange County; Florida","1061","117",
"1400000US12095016715","Census Tract 167.15; Orange County; Florida","2256","200",
"1400000US12095016716","Census Tract 167.16; Orange County; Florida","1970","155",
"1400000US12095016717","Census Tract 167.17; Orange County; Florida","1312","133",
"1400000US12095016723","Census Tract 167.23; Orange County; Florida","1700","112",
"1400000US12095016724","Census Tract 167.24; Orange County; Florida","2459","308",
"1400000US12095016728","Census Tract 167.28; Orange County; Florida","2101","220",
"1400000US12095016731","Census Tract 167.31; Orange County; Florida","2222","222",
"1400000US12095016733","Census Tract 167.33; Orange County; Florida","2420","283",
"1400000US12095016735","Census Tract 167.35; Orange County; Florida","4846","677",
"1400000US12095016736","Census Tract 167.36; Orange County; Florida","5133","565",
"1400000US12095016737","Census Tract 167.37; Orange County; Florida","4184","401",
"1400000US12095016738","Census Tract 167.38; Orange County; Florida","1849","425",
"1400000US12095016739","Census Tract 167.39; Orange County; Florida","2484","186",
"1400000US12095016740","Census Tract 167.40; Orange County; Florida","1458","133",
"1400000US12095016741","Census Tract 167.41; Orange County; Florida","1941","439",
"1400000US12095016742","Census Tract 167.42; Orange County; Florida","2130","346",
"1400000US12095016743","Census Tract 167.43; Orange County; Florida","2463","423",
"1400000US12095016744","Census Tract 167.44; Orange County; Florida","1851","180",
"1400000US12095016745","Census Tract 167.45; Orange County; Florida","1422","121",
"1400000US12095016746","Census Tract 167.46; Orange County; Florida","1497","269",
"1400000US12095016747","Census Tract 167.47; Orange County; Florida","1970","444",
"1400000US12095016748","Census Tract 167.48; Orange County; Florida","2265","507",
"1400000US12095016749","Census Tract 167.49; Orange County; Florida","2113","237",
"1400000US12095016750","Census Tract 167.50; Orange County; Florida","4233","554",
"1400000US12095016751","Census Tract 167.51; Orange County; Florida","2173","317",
"1400000US12095016752","Census Tract 167.52; Orange County; Florida","1364","88",
"1400000US12095016753","Census Tract 167.53; Orange County; Florida","2961","428",
"1400000US12095016754","Census Tract 167.54; Orange County; Florida","1566","451",
"1400000US12095016755","Census Tract 167.55; Orange County; Florida","2549","284",
"1400000US12095016756","Census Tract 167.56; Orange County; Florida","1032","224",
"1400000US12095016802","Census Tract 168.02; Orange County; Florida","8046","587",
"1400000US12095016803","Census Tract 168.03; Orange County; Florida","982","84",
"1400000US12095016804","Census Tract 168.04; Orange County; Florida","2579","167",
"1400000US12095016808","Census Tract 168.08; Orange County; Florida","561","39",
"1400000US12095016809","Census Tract 168.09; Orange County; Florida","2850","329",
"1400000US12095016810","Census Tract 168.10; Orange County; Florida","3889","486",
"1400000US12095016811","Census Tract 168.11; Orange County; Florida","4265","818",
"1400000US12095016812","Census Tract 168.12; Orange County; Florida","2415","415",
"1400000US12095016813","Census Tract 168.13; Orange County; Florida","1034","58",
"1400000US12095016814","Census Tract 168.14; Orange County; Florida","1909","335",
"1400000US12095016902","Census Tract 169.02; Orange County; Florida","1995","273",
"1400000US12095016904","Census Tract 169.04; Orange County; Florida","1351","83",
"1400000US12095016906","Census Tract 169.06; Orange County; Florida","2211","141",
"1400000US12095016907","Census Tract 169.07; Orange County; Florida","2994","312",
"1400000US12095016908","Census Tract 169.08; Orange County; Florida","1043","155",
"1400000US12095016909","Census Tract 169.09; Orange County; Florida","1850","164",
"1400000US12095016910","Census Tract 169.10; Orange County; Florida","435","70",
"1400000US12095016911","Census Tract 169.11; Orange County; Florida","4085","514",
"1400000US12095017001","Census Tract 170.01; Orange County; Florida","3350","292",
"1400000US12095017004","Census Tract 170.04; Orange County; Florida","2911","242",
"1400000US12095017006","Census Tract 170.06; Orange County; Florida","1622","171",
"1400000US12095017011","Census Tract 170.11; Orange County; Florida","1827","155",
"1400000US12095017012","Census Tract 170.12; Orange County; Florida","1044","81",
"1400000US12095017013","Census Tract 170.13; Orange County; Florida","3215","635",
"1400000US12095017015","Census Tract 170.15; Orange County; Florida","3111","228",
"1400000US12095017018","Census Tract 170.18; Orange County; Florida","2752","428",
"1400000US12095017019","Census Tract 170.19; Orange County; Florida","1687","330",
"1400000US12095017020","Census Tract 170.20; Orange County; Florida","3037","365",
"1400000US12095017021","Census Tract 170.21; Orange County; Florida","2055","248",
"1400000US12095017022","Census Tract 170.22; Orange County; Florida","6832","643",
"1400000US12095017023","Census Tract 170.23; Orange County; Florida","955","188",
"1400000US12095017024","Census Tract 170.24; Orange County; Florida","1543","145",
"1400000US12095017025","Census Tract 170.25; Orange County; Florida","1505","245",
"1400000US12095017026","Census Tract 170.26; Orange County; Florida","2237","279",
"1400000US12095017108","Census Tract 171.08; Orange County; Florida","4588","333",
"1400000US12095017109","Census Tract 171.09; Orange County; Florida","2357","132",
"1400000US12095017110","Census Tract 171.10; Orange County; Florida","2725","325",
"1400000US12095017111","Census Tract 171.11; Orange County; Florida","8951","423",
"1400000US12095017112","Census Tract 171.12; Orange County; Florida","6342","697",
"1400000US12095017113","Census Tract 171.13; Orange County; Florida","5986","475",
"1400000US12095017114","Census Tract 171.14; Orange County; Florida","3768","364",
"1400000US12095017115","Census Tract 171.15; Orange County; Florida","1587","320",
"1400000US12095017116","Census Tract 171.16; Orange County; Florida","2995","279",
"1400000US12095017117","Census Tract 171.17; Orange County; Florida","2429","335",
"1400000US12095017118","Census Tract 171.18; Orange County; Florida","1796","466",
"1400000US12095017119","Census Tract 171.19; Orange County; Florida","759","148",
"1400000US12095017120","Census Tract 171.20; Orange County; Florida","2563","566",
"1400000US12095017121","Census Tract 171.21; Orange County; Florida","2153","292",
"1400000US12095017122","Census Tract 171.22; Orange County; Florida","1668","290",
"1400000US12095017123","Census Tract 171.23; Orange County; Florida","2593","334",
"1400000US12095017200","Census Tract 172; Orange County; Florida","2544","289",
"1400000US12095017301","Census Tract 173.01; Orange County; Florida","1338","173",
"1400000US12095017302","Census Tract 173.02; Orange County; Florida","3299","547",
"1400000US12095017401","Census Tract 174.01; Orange County; Florida","2871","386",
"1400000US12095017402","Census Tract 174.02; Orange County; Florida","1875","253",
"1400000US12095017503","Census Tract 175.03; Orange County; Florida","2273","351",
"1400000US12095017504","Census Tract 175.04; Orange County; Florida","3502","430",
"1400000US12095017505","Census Tract 175.05; Orange County; Florida","1899","170",
"1400000US12095017506","Census Tract 175.06; Orange County; Florida","4844","673",
"1400000US12095017600","Census Tract 176; Orange County; Florida","2042","233",
"1400000US12095017701","Census Tract 177.01; Orange County; Florida","1897","281",
"1400000US12095017702","Census Tract 177.02; Orange County; Florida","884","90",
"1400000US12095017703","Census Tract 177.03; Orange County; Florida","1708","253",
"1400000US12095017805","Census Tract 178.05; Orange County; Florida","1130","157",
"1400000US12095017806","Census Tract 178.06; Orange County; Florida","1918","172",
"1400000US12095017807","Census Tract 178.07; Orange County; Florida","1521","198",
"1400000US12095017808","Census Tract 178.08; Orange County; Florida","1695","209",
"1400000US12095017809","Census Tract 178.09; Orange County; Florida","1241","241",
"1400000US12095017810","Census Tract 178.10; Orange County; Florida","2315","256",
"1400000US12095017811","Census Tract 178.11; Orange County; Florida","1244","135",
"1400000US12095017812","Census Tract 178.12; Orange County; Florida","3037","316",
"1400000US12095017813","Census Tract 178.13; Orange County; Florida","729","103",
"1400000US12095017814","Census Tract 178.14; Orange County; Florida","2282","299",
"1400000US12095017901","Census Tract 179.01; Orange County; Florida","2420","251",
"1400000US12095017902","Census Tract 179.02; Orange County; Florida","3595","358",
"1400000US12095018000","Census Tract 180; Orange County; Florida","1979","291",
"1400000US12095018100","Census Tract 181; Orange County; Florida","1136","116",
"1400000US12095018201","Census Tract 182.01; Orange County; Florida","2441","365",
"1400000US12095018202","Census Tract 182.02; Orange County; Florida","2103","253",
"1400000US12095018203","Census Tract 182.03; Orange County; Florida","910","118",
"1400000US12095018204","Census Tract 182.04; Orange County; Florida","975","101",
"1400000US12095018300","Census Tract 183; Orange County; Florida","1402","233",
"1400000US12095018400","Census Tract 184; Orange County; Florida","1195","135",
"1400000US12095018500","Census Tract 185; Orange County; Florida","1385","248",
"1400000US12095018700","Census Tract 187; Orange County; Florida","2389","284",
"1400000US12095018800","Census Tract 188; Orange County; Florida","3773","369",
"1400000US12095018901","Census Tract 189.01; Orange County; Florida","2180","306",
"1400000US12095018902","Census Tract 189.02; Orange County; Florida","4580","575",
"1400000US12095019000","Census Tract 190; Orange County; Florida","2862","249",
"1400000US12095990000","Census Tract 9900; Orange County; Florida","0","15",
"1400000US12097040801","Census Tract 408.01; Osceola County; Florida","1924","249",
"1400000US12097040805","Census Tract 408.05; Osceola County; Florida","3310","436",
"1400000US12097040806","Census Tract 408.06; Osceola County; Florida","2762","373",
"1400000US12097040807","Census Tract 408.07; Osceola County; Florida","3442","436",
"1400000US12097040808","Census Tract 408.08; Osceola County; Florida","4754","382",
"1400000US12097040809","Census Tract 408.09; Osceola County; Florida","2084","273",
"1400000US12097040810","Census Tract 408.10; Osceola County; Florida","2089","351",
"1400000US12097040811","Census Tract 408.11; Osceola County; Florida","5183","513",
"1400000US12097040812","Census Tract 408.12; Osceola County; Florida","5570","366",
"1400000US12097040901","Census Tract 409.01; Osceola County; Florida","3218","301",
"1400000US12097040903","Census Tract 409.03; Osceola County; Florida","2025","296",
"1400000US12097040904","Census Tract 409.04; Osceola County; Florida","4099","391",
"1400000US12097041003","Census Tract 410.03; Osceola County; Florida","3054","361",
"1400000US12097041004","Census Tract 410.04; Osceola County; Florida","2558","185",
"1400000US12097041005","Census Tract 410.05; Osceola County; Florida","1643","300",
"1400000US12097041006","Census Tract 410.06; Osceola County; Florida","3548","265",
"1400000US12097041101","Census Tract 411.01; Osceola County; Florida","3782","488",
"1400000US12097041102","Census Tract 411.02; Osceola County; Florida","3406","445",
"1400000US12097041301","Census Tract 413.01; Osceola County; Florida","2934","437",
"1400000US12097041302","Census Tract 413.02; Osceola County; Florida","2644","391",
"1400000US12097041501","Census Tract 415.01; Osceola County; Florida","3764","486",
"1400000US12097041502","Census Tract 415.02; Osceola County; Florida","4042","414",
"1400000US12097041600","Census Tract 416; Osceola County; Florida","1731","220",
"1400000US12097041700","Census Tract 417; Osceola County; Florida","2046","260",
"1400000US12097041800","Census Tract 418; Osceola County; Florida","1178","134",
"1400000US12097041900","Census Tract 419; Osceola County; Florida","2682","269",
"1400000US12097042000","Census Tract 420; Osceola County; Florida","5179","365",
"1400000US12097042100","Census Tract 421; Osceola County; Florida","4779","328",
"1400000US12097042201","Census Tract 422.01; Osceola County; Florida","3464","585",
"1400000US12097042202","Census Tract 422.02; Osceola County; Florida","1918","216",
"1400000US12097042300","Census Tract 423; Osceola County; Florida","3660","432",
"1400000US12097042400","Census Tract 424; Osceola County; Florida","2535","277",
"1400000US12097042500","Census Tract 425; Osceola County; Florida","2408","174",
"1400000US12097042601","Census Tract 426.01; Osceola County; Florida","1086","107",
"1400000US12097042603","Census Tract 426.03; Osceola County; Florida","3115","452",
"1400000US12097042604","Census Tract 426.04; Osceola County; Florida","1859","254",
"1400000US12097042701","Census Tract 427.01; Osceola County; Florida","2594","215",
"1400000US12097042702","Census Tract 427.02; Osceola County; Florida","2466","310",
"1400000US12097042800","Census Tract 428; Osceola County; Florida","5618","498",
"1400000US12097042901","Census Tract 429.01; Osceola County; Florida","2284","258",
"1400000US12097042902","Census Tract 429.02; Osceola County; Florida","2575","321",
"1400000US12097042903","Census Tract 429.03; Osceola County; Florida","1273","162",
"1400000US12097042904","Census Tract 429.04; Osceola County; Florida","1939","382",
"1400000US12097042905","Census Tract 429.05; Osceola County; Florida","979","406",
"1400000US12097043100","Census Tract 431; Osceola County; Florida","3079","276",
"1400000US12097043203","Census Tract 432.03; Osceola County; Florida","2082","173",
"1400000US12097043205","Census Tract 432.05; Osceola County; Florida","772","83",
"1400000US12097043207","Census Tract 432.07; Osceola County; Florida","2962","356",
"1400000US12097043208","Census Tract 432.08; Osceola County; Florida","3901","308",
"1400000US12097043209","Census Tract 432.09; Osceola County; Florida","683","196",
"1400000US12097043301","Census Tract 433.01; Osceola County; Florida","2368","243",
"1400000US12097043303","Census Tract 433.03; Osceola County; Florida","3107","277",
"1400000US12097043304","Census Tract 433.04; Osceola County; Florida","3359","392",
"1400000US12097043400","Census Tract 434; Osceola County; Florida","2086","242",
"1400000US12097043500","Census Tract 435; Osceola County; Florida","2366","287",
"1400000US12097043600","Census Tract 436; Osceola County; Florida","4162","351",
"1400000US12097043700","Census Tract 437; Osceola County; Florida","6514","386",
"1400000US12097043801","Census Tract 438.01; Osceola County; Florida","3001","291",
"1400000US12097043802","Census Tract 438.02; Osceola County; Florida","1765","260",
"1400000US12099000102","Census Tract 1.02; Palm Beach County; Florida","2271","198",
"1400000US12099000103","Census Tract 1.03; Palm Beach County; Florida","857","131",
"1400000US12099000104","Census Tract 1.04; Palm Beach County; Florida","2345","362",
"1400000US12099000202","Census Tract 2.02; Palm Beach County; Florida","2550","294",
"1400000US12099000204","Census Tract 2.04; Palm Beach County; Florida","1722","143",
"1400000US12099000208","Census Tract 2.08; Palm Beach County; Florida","2105","332",
"1400000US12099000210","Census Tract 2.10; Palm Beach County; Florida","2367","255",
"1400000US12099000211","Census Tract 2.11; Palm Beach County; Florida","1472","185",
"1400000US12099000213","Census Tract 2.13; Palm Beach County; Florida","1699","167",
"1400000US12099000214","Census Tract 2.14; Palm Beach County; Florida","2364","308",
"1400000US12099000216","Census Tract 2.16; Palm Beach County; Florida","1444","230",
"1400000US12099000217","Census Tract 2.17; Palm Beach County; Florida","2071","301",
"1400000US12099000218","Census Tract 2.18; Palm Beach County; Florida","1747","292",
"1400000US12099000219","Census Tract 2.19; Palm Beach County; Florida","3861","315",
"1400000US12099000220","Census Tract 2.20; Palm Beach County; Florida","2064","169",
"1400000US12099000221","Census Tract 2.21; Palm Beach County; Florida","2625","153",
"1400000US12099000222","Census Tract 2.22; Palm Beach County; Florida","895","115",
"1400000US12099000223","Census Tract 2.23; Palm Beach County; Florida","1302","207",
"1400000US12099000301","Census Tract 3.01; Palm Beach County; Florida","2618","200",
"1400000US12099000303","Census Tract 3.03; Palm Beach County; Florida","2760","404",
"1400000US12099000304","Census Tract 3.04; Palm Beach County; Florida","3071","225",
"1400000US12099000405","Census Tract 4.05; Palm Beach County; Florida","1961","255",
"1400000US12099000406","Census Tract 4.06; Palm Beach County; Florida","2121","156",
"1400000US12099000407","Census Tract 4.07; Palm Beach County; Florida","2277","272",
"1400000US12099000408","Census Tract 4.08; Palm Beach County; Florida","3172","295",
"1400000US12099000410","Census Tract 4.10; Palm Beach County; Florida","3185","260",
"1400000US12099000505","Census Tract 5.05; Palm Beach County; Florida","2794","273",
"1400000US12099000507","Census Tract 5.07; Palm Beach County; Florida","768","66",
"1400000US12099000509","Census Tract 5.09; Palm Beach County; Florida","2918","173",
"1400000US12099000512","Census Tract 5.12; Palm Beach County; Florida","1081","229",
"1400000US12099000513","Census Tract 5.13; Palm Beach County; Florida","1385","111",
"1400000US12099000600","Census Tract 6; Palm Beach County; Florida","1160","190",
"1400000US12099000702","Census Tract 7.02; Palm Beach County; Florida","1772","201",
"1400000US12099000703","Census Tract 7.03; Palm Beach County; Florida","1729","155",
"1400000US12099000803","Census Tract 8.03; Palm Beach County; Florida","2035","217",
"1400000US12099000805","Census Tract 8.05; Palm Beach County; Florida","2898","306",
"1400000US12099000902","Census Tract 9.02; Palm Beach County; Florida","1094","158",
"1400000US12099000903","Census Tract 9.03; Palm Beach County; Florida","2297","253",
"1400000US12099000904","Census Tract 9.04; Palm Beach County; Florida","2255","212",
"1400000US12099000905","Census Tract 9.05; Palm Beach County; Florida","1712","151",
"1400000US12099001002","Census Tract 10.02; Palm Beach County; Florida","2575","246",
"1400000US12099001003","Census Tract 10.03; Palm Beach County; Florida","1841","172",
"1400000US12099001004","Census Tract 10.04; Palm Beach County; Florida","2856","237",
"1400000US12099001101","Census Tract 11.01; Palm Beach County; Florida","2343","400",
"1400000US12099001102","Census Tract 11.02; Palm Beach County; Florida","2179","218",
"1400000US12099001200","Census Tract 12; Palm Beach County; Florida","2224","256",
"1400000US12099001301","Census Tract 13.01; Palm Beach County; Florida","2626","245",
"1400000US12099001302","Census Tract 13.02; Palm Beach County; Florida","1956","231",
"1400000US12099001402","Census Tract 14.02; Palm Beach County; Florida","1099","109",
"1400000US12099001403","Census Tract 14.03; Palm Beach County; Florida","1348","206",
"1400000US12099001404","Census Tract 14.04; Palm Beach County; Florida","1457","142",
"1400000US12099001500","Census Tract 15; Palm Beach County; Florida","1024","172",
"1400000US12099001600","Census Tract 16; Palm Beach County; Florida","2166","272",
"1400000US12099001700","Census Tract 17; Palm Beach County; Florida","2703","289",
"1400000US12099001801","Census Tract 18.01; Palm Beach County; Florida","2107","262",
"1400000US12099001802","Census Tract 18.02; Palm Beach County; Florida","2990","287",
"1400000US12099001904","Census Tract 19.04; Palm Beach County; Florida","1782","156",
"1400000US12099001907","Census Tract 19.07; Palm Beach County; Florida","2505","349",
"1400000US12099001909","Census Tract 19.09; Palm Beach County; Florida","1291","137",
"1400000US12099001910","Census Tract 19.10; Palm Beach County; Florida","2082","182",
"1400000US12099001911","Census Tract 19.11; Palm Beach County; Florida","1273","127",
"1400000US12099001912","Census Tract 19.12; Palm Beach County; Florida","2234","203",
"1400000US12099001913","Census Tract 19.13; Palm Beach County; Florida","2531","367",
"1400000US12099001916","Census Tract 19.16; Palm Beach County; Florida","2445","166",
"1400000US12099001917","Census Tract 19.17; Palm Beach County; Florida","2529","169",
"1400000US12099001918","Census Tract 19.18; Palm Beach County; Florida","1891","230",
"1400000US12099001919","Census Tract 19.19; Palm Beach County; Florida","2594","346",
"1400000US12099001920","Census Tract 19.20; Palm Beach County; Florida","1944","367",
"1400000US12099001921","Census Tract 19.21; Palm Beach County; Florida","1607","145",
"1400000US12099002005","Census Tract 20.05; Palm Beach County; Florida","2008","245",
"1400000US12099002006","Census Tract 20.06; Palm Beach County; Florida","2970","312",
"1400000US12099002100","Census Tract 21; Palm Beach County; Florida","2114","232",
"1400000US12099002200","Census Tract 22; Palm Beach County; Florida","1313","142",
"1400000US12099002300","Census Tract 23; Palm Beach County; Florida","2454","332",
"1400000US12099002400","Census Tract 24; Palm Beach County; Florida","1051","181",
"1400000US12099002600","Census Tract 26; Palm Beach County; Florida","2381","155",
"1400000US12099002701","Census Tract 27.01; Palm Beach County; Florida","1214","86",
"1400000US12099002702","Census Tract 27.02; Palm Beach County; Florida","1297","206",
"1400000US12099002703","Census Tract 27.03; Palm Beach County; Florida","2485","413",
"1400000US12099002800","Census Tract 28; Palm Beach County; Florida","1729","140",
"1400000US12099002900","Census Tract 29; Palm Beach County; Florida","1798","185",
"1400000US12099003000","Census Tract 30; Palm Beach County; Florida","1707","149",
"1400000US12099003101","Census Tract 31.01; Palm Beach County; Florida","2582","459",
"1400000US12099003102","Census Tract 31.02; Palm Beach County; Florida","2731","251",
"1400000US12099003201","Census Tract 32.01; Palm Beach County; Florida","1728","100",
"1400000US12099003202","Census Tract 32.02; Palm Beach County; Florida","2399","511",
"1400000US12099003300","Census Tract 33; Palm Beach County; Florida","1898","418",
"1400000US12099003400","Census Tract 34; Palm Beach County; Florida","2697","384",
"1400000US12099003507","Census Tract 35.07; Palm Beach County; Florida","1767","232",
"1400000US12099003512","Census Tract 35.12; Palm Beach County; Florida","1559","187",
"1400000US12099003513","Census Tract 35.13; Palm Beach County; Florida","1904","209",
"1400000US12099003514","Census Tract 35.14; Palm Beach County; Florida","3357","328",
"1400000US12099003600","Census Tract 36; Palm Beach County; Florida","2469","270",
"1400000US12099003700","Census Tract 37; Palm Beach County; Florida","2597","514",
"1400000US12099003801","Census Tract 38.01; Palm Beach County; Florida","1145","175",
"1400000US12099003802","Census Tract 38.02; Palm Beach County; Florida","1459","274",
"1400000US12099003901","Census Tract 39.01; Palm Beach County; Florida","1790","310",
"1400000US12099003902","Census Tract 39.02; Palm Beach County; Florida","2110","195",
"1400000US12099004005","Census Tract 40.05; Palm Beach County; Florida","1405","140",
"1400000US12099004007","Census Tract 40.07; Palm Beach County; Florida","1935","182",
"1400000US12099004008","Census Tract 40.08; Palm Beach County; Florida","2287","279",
"1400000US12099004009","Census Tract 40.09; Palm Beach County; Florida","1161","140",
"1400000US12099004010","Census Tract 40.10; Palm Beach County; Florida","1105","146",
"1400000US12099004011","Census Tract 40.11; Palm Beach County; Florida","2033","283",
"1400000US12099004012","Census Tract 40.12; Palm Beach County; Florida","3068","384",
"1400000US12099004013","Census Tract 40.13; Palm Beach County; Florida","2666","388",
"1400000US12099004101","Census Tract 41.01; Palm Beach County; Florida","1858","118",
"1400000US12099004102","Census Tract 41.02; Palm Beach County; Florida","1144","119",
"1400000US12099004203","Census Tract 42.03; Palm Beach County; Florida","2136","268",
"1400000US12099004204","Census Tract 42.04; Palm Beach County; Florida","1508","125",
"1400000US12099004205","Census Tract 42.05; Palm Beach County; Florida","1626","283",
"1400000US12099004206","Census Tract 42.06; Palm Beach County; Florida","1396","337",
"1400000US12099004207","Census Tract 42.07; Palm Beach County; Florida","1193","153",
"1400000US12099004300","Census Tract 43; Palm Beach County; Florida","2481","310",
"1400000US12099004401","Census Tract 44.01; Palm Beach County; Florida","1549","204",
"1400000US12099004402","Census Tract 44.02; Palm Beach County; Florida","1939","270",
"1400000US12099004500","Census Tract 45; Palm Beach County; Florida","2726","190",
"1400000US12099004601","Census Tract 46.01; Palm Beach County; Florida","1275","170",
"1400000US12099004602","Census Tract 46.02; Palm Beach County; Florida","1530","198",
"1400000US12099004702","Census Tract 47.02; Palm Beach County; Florida","2148","205",
"1400000US12099004704","Census Tract 47.04; Palm Beach County; Florida","2082","160",
"1400000US12099004705","Census Tract 47.05; Palm Beach County; Florida","2377","290",
"1400000US12099004706","Census Tract 47.06; Palm Beach County; Florida","1351","224",
"1400000US12099004810","Census Tract 48.10; Palm Beach County; Florida","2986","423",
"1400000US12099004813","Census Tract 48.13; Palm Beach County; Florida","1887","159",
"1400000US12099004815","Census Tract 48.15; Palm Beach County; Florida","3124","413",
"1400000US12099004816","Census Tract 48.16; Palm Beach County; Florida","2004","218",
"1400000US12099004817","Census Tract 48.17; Palm Beach County; Florida","2962","249",
"1400000US12099004818","Census Tract 48.18; Palm Beach County; Florida","2140","325",
"1400000US12099004819","Census Tract 48.19; Palm Beach County; Florida","1568","187",
"1400000US12099004820","Census Tract 48.20; Palm Beach County; Florida","989","172",
"1400000US12099004821","Census Tract 48.21; Palm Beach County; Florida","1104","133",
"1400000US12099004822","Census Tract 48.22; Palm Beach County; Florida","2125","330",
"1400000US12099004823","Census Tract 48.23; Palm Beach County; Florida","960","105",
"1400000US12099004902","Census Tract 49.02; Palm Beach County; Florida","1222","90",
"1400000US12099004903","Census Tract 49.03; Palm Beach County; Florida","1601","218",
"1400000US12099004904","Census Tract 49.04; Palm Beach County; Florida","1970","177",
"1400000US12099005000","Census Tract 50; Palm Beach County; Florida","2773","396",
"1400000US12099005101","Census Tract 51.01; Palm Beach County; Florida","892","80",
"1400000US12099005102","Census Tract 51.02; Palm Beach County; Florida","1878","216",
"1400000US12099005202","Census Tract 52.02; Palm Beach County; Florida","2290","153",
"1400000US12099005203","Census Tract 52.03; Palm Beach County; Florida","1340","177",
"1400000US12099005204","Census Tract 52.04; Palm Beach County; Florida","2116","281",
"1400000US12099005300","Census Tract 53; Palm Beach County; Florida","3056","327",
"1400000US12099005411","Census Tract 54.11; Palm Beach County; Florida","2915","175",
"1400000US12099005412","Census Tract 54.12; Palm Beach County; Florida","2940","285",
"1400000US12099005413","Census Tract 54.13; Palm Beach County; Florida","1920","194",
"1400000US12099005501","Census Tract 55.01; Palm Beach County; Florida","2813","226",
"1400000US12099005502","Census Tract 55.02; Palm Beach County; Florida","2553","343",
"1400000US12099005601","Census Tract 56.01; Palm Beach County; Florida","2032","227",
"1400000US12099005602","Census Tract 56.02; Palm Beach County; Florida","1491","345",
"1400000US12099005702","Census Tract 57.02; Palm Beach County; Florida","2927","328",
"1400000US12099005703","Census Tract 57.03; Palm Beach County; Florida","1101","141",
"1400000US12099005704","Census Tract 57.04; Palm Beach County; Florida","1331","122",
"1400000US12099005807","Census Tract 58.07; Palm Beach County; Florida","2280","149",
"1400000US12099005810","Census Tract 58.10; Palm Beach County; Florida","1906","250",
"1400000US12099005811","Census Tract 58.11; Palm Beach County; Florida","1664","216",
"1400000US12099005812","Census Tract 58.12; Palm Beach County; Florida","1972","377",
"1400000US12099005813","Census Tract 58.13; Palm Beach County; Florida","2712","293",
"1400000US12099005814","Census Tract 58.14; Palm Beach County; Florida","1523","287",
"1400000US12099005815","Census Tract 58.15; Palm Beach County; Florida","2098","234",
"1400000US12099005818","Census Tract 58.18; Palm Beach County; Florida","2157","259",
"1400000US12099005819","Census Tract 58.19; Palm Beach County; Florida","1208","144",
"1400000US12099005820","Census Tract 58.20; Palm Beach County; Florida","2672","284",
"1400000US12099005821","Census Tract 58.21; Palm Beach County; Florida","2619","227",
"1400000US12099005916","Census Tract 59.16; Palm Beach County; Florida","2737","432",
"1400000US12099005917","Census Tract 59.17; Palm Beach County; Florida","1647","181",
"1400000US12099005918","Census Tract 59.18; Palm Beach County; Florida","2100","305",
"1400000US12099005921","Census Tract 59.21; Palm Beach County; Florida","3188","482",
"1400000US12099005922","Census Tract 59.22; Palm Beach County; Florida","2802","218",
"1400000US12099005923","Census Tract 59.23; Palm Beach County; Florida","2337","289",
"1400000US12099005926","Census Tract 59.26; Palm Beach County; Florida","3167","335",
"1400000US12099005930","Census Tract 59.30; Palm Beach County; Florida","2742","338",
"1400000US12099005931","Census Tract 59.31; Palm Beach County; Florida","2333","260",
"1400000US12099005933","Census Tract 59.33; Palm Beach County; Florida","2868","259",
"1400000US12099005934","Census Tract 59.34; Palm Beach County; Florida","2932","170",
"1400000US12099005936","Census Tract 59.36; Palm Beach County; Florida","1975","137",
"1400000US12099005937","Census Tract 59.37; Palm Beach County; Florida","848","64",
"1400000US12099005938","Census Tract 59.38; Palm Beach County; Florida","2759","327",
"1400000US12099005939","Census Tract 59.39; Palm Beach County; Florida","1331","130",
"1400000US12099005940","Census Tract 59.40; Palm Beach County; Florida","1956","171",
"1400000US12099005942","Census Tract 59.42; Palm Beach County; Florida","1382","120",
"1400000US12099005943","Census Tract 59.43; Palm Beach County; Florida","2087","188",
"1400000US12099005944","Census Tract 59.44; Palm Beach County; Florida","2406","381",
"1400000US12099005945","Census Tract 59.45; Palm Beach County; Florida","2555","218",
"1400000US12099005946","Census Tract 59.46; Palm Beach County; Florida","2910","498",
"1400000US12099005947","Census Tract 59.47; Palm Beach County; Florida","2888","437",
"1400000US12099005949","Census Tract 59.49; Palm Beach County; Florida","1759","154",
"1400000US12099005950","Census Tract 59.50; Palm Beach County; Florida","1759","129",
"1400000US12099005951","Census Tract 59.51; Palm Beach County; Florida","2427","420",
"1400000US12099005952","Census Tract 59.52; Palm Beach County; Florida","887","56",
"1400000US12099005953","Census Tract 59.53; Palm Beach County; Florida","2478","215",
"1400000US12099005954","Census Tract 59.54; Palm Beach County; Florida","2565","145",
"1400000US12099005955","Census Tract 59.55; Palm Beach County; Florida","2828","234",
"1400000US12099005957","Census Tract 59.57; Palm Beach County; Florida","2242","235",
"1400000US12099005958","Census Tract 59.58; Palm Beach County; Florida","826","75",
"1400000US12099005959","Census Tract 59.59; Palm Beach County; Florida","2766","202",
"1400000US12099005960","Census Tract 59.60; Palm Beach County; Florida","1854","108",
"1400000US12099005961","Census Tract 59.61; Palm Beach County; Florida","878","269",
"1400000US12099006005","Census Tract 60.05; Palm Beach County; Florida","2030","208",
"1400000US12099006006","Census Tract 60.06; Palm Beach County; Florida","2185","462",
"1400000US12099006007","Census Tract 60.07; Palm Beach County; Florida","1886","184",
"1400000US12099006008","Census Tract 60.08; Palm Beach County; Florida","1907","225",
"1400000US12099006009","Census Tract 60.09; Palm Beach County; Florida","1575","111",
"1400000US12099006010","Census Tract 60.10; Palm Beach County; Florida","1656","130",
"1400000US12099006011","Census Tract 60.11; Palm Beach County; Florida","1929","172",
"1400000US12099006012","Census Tract 60.12; Palm Beach County; Florida","2792","347",
"1400000US12099006100","Census Tract 61; Palm Beach County; Florida","2629","461",
"1400000US12099006201","Census Tract 62.01; Palm Beach County; Florida","1797","218",
"1400000US12099006202","Census Tract 62.02; Palm Beach County; Florida","2372","224",
"1400000US12099006203","Census Tract 62.03; Palm Beach County; Florida","1595","124",
"1400000US12099006301","Census Tract 63.01; Palm Beach County; Florida","2437","245",
"1400000US12099006302","Census Tract 63.02; Palm Beach County; Florida","1334","167",
"1400000US12099006401","Census Tract 64.01; Palm Beach County; Florida","1316","135",
"1400000US12099006402","Census Tract 64.02; Palm Beach County; Florida","2469","259",
"1400000US12099006501","Census Tract 65.01; Palm Beach County; Florida","749","113",
"1400000US12099006502","Census Tract 65.02; Palm Beach County; Florida","2476","227",
"1400000US12099006602","Census Tract 66.02; Palm Beach County; Florida","1512","70",
"1400000US12099006604","Census Tract 66.04; Palm Beach County; Florida","1662","108",
"1400000US12099006606","Census Tract 66.06; Palm Beach County; Florida","2706","388",
"1400000US12099006607","Census Tract 66.07; Palm Beach County; Florida","3024","326",
"1400000US12099006700","Census Tract 67; Palm Beach County; Florida","1171","107",
"1400000US12099006801","Census Tract 68.01; Palm Beach County; Florida","2200","220",
"1400000US12099006802","Census Tract 68.02; Palm Beach County; Florida","1205","225",
"1400000US12099006906","Census Tract 69.06; Palm Beach County; Florida","3282","348",
"1400000US12099006907","Census Tract 69.07; Palm Beach County; Florida","2134","168",
"1400000US12099006908","Census Tract 69.08; Palm Beach County; Florida","3074","314",
"1400000US12099006909","Census Tract 69.09; Palm Beach County; Florida","1770","189",
"1400000US12099006910","Census Tract 69.10; Palm Beach County; Florida","1809","192",
"1400000US12099006911","Census Tract 69.11; Palm Beach County; Florida","2034","210",
"1400000US12099006912","Census Tract 69.12; Palm Beach County; Florida","2455","265",
"1400000US12099007005","Census Tract 70.05; Palm Beach County; Florida","2258","289",
"1400000US12099007006","Census Tract 70.06; Palm Beach County; Florida","2425","241",
"1400000US12099007007","Census Tract 70.07; Palm Beach County; Florida","1779","202",
"1400000US12099007008","Census Tract 70.08; Palm Beach County; Florida","1507","171",
"1400000US12099007009","Census Tract 70.09; Palm Beach County; Florida","1280","100",
"1400000US12099007010","Census Tract 70.10; Palm Beach County; Florida","1792","144",
"1400000US12099007011","Census Tract 70.11; Palm Beach County; Florida","1946","125",
"1400000US12099007012","Census Tract 70.12; Palm Beach County; Florida","1626","96",
"1400000US12099007013","Census Tract 70.13; Palm Beach County; Florida","2174","284",
"1400000US12099007100","Census Tract 71; Palm Beach County; Florida","0","15",
"1400000US12099007202","Census Tract 72.02; Palm Beach County; Florida","2191","549",
"1400000US12099007204","Census Tract 72.04; Palm Beach County; Florida","1548","368",
"1400000US12099007205","Census Tract 72.05; Palm Beach County; Florida","1444","157",
"1400000US12099007206","Census Tract 72.06; Palm Beach County; Florida","903","137",
"1400000US12099007207","Census Tract 72.07; Palm Beach County; Florida","1309","313",
"1400000US12099007208","Census Tract 72.08; Palm Beach County; Florida","1072","86",
"1400000US12099007301","Census Tract 73.01; Palm Beach County; Florida","2682","327",
"1400000US12099007302","Census Tract 73.02; Palm Beach County; Florida","2529","224",
"1400000US12099007407","Census Tract 74.07; Palm Beach County; Florida","1918","183",
"1400000US12099007410","Census Tract 74.10; Palm Beach County; Florida","1864","271",
"1400000US12099007412","Census Tract 74.12; Palm Beach County; Florida","1304","138",
"1400000US12099007414","Census Tract 74.14; Palm Beach County; Florida","2695","230",
"1400000US12099007420","Census Tract 74.20; Palm Beach County; Florida","3051","262",
"1400000US12099007421","Census Tract 74.21; Palm Beach County; Florida","3722","173",
"1400000US12099007501","Census Tract 75.01; Palm Beach County; Florida","2138","199",
"1400000US12099007504","Census Tract 75.04; Palm Beach County; Florida","2112","380",
"1400000US12099007505","Census Tract 75.05; Palm Beach County; Florida","2700","330",
"1400000US12099007603","Census Tract 76.03; Palm Beach County; Florida","841","84",
"1400000US12099007604","Census Tract 76.04; Palm Beach County; Florida","2821","406",
"1400000US12099007605","Census Tract 76.05; Palm Beach County; Florida","1396","76",
"1400000US12099007610","Census Tract 76.10; Palm Beach County; Florida","1890","169",
"1400000US12099007612","Census Tract 76.12; Palm Beach County; Florida","2560","262",
"1400000US12099007613","Census Tract 76.13; Palm Beach County; Florida","2254","179",
"1400000US12099007614","Census Tract 76.14; Palm Beach County; Florida","2474","358",
"1400000US12099007615","Census Tract 76.15; Palm Beach County; Florida","2160","193",
"1400000US12099007616","Census Tract 76.16; Palm Beach County; Florida","1888","155",
"1400000US12099007619","Census Tract 76.19; Palm Beach County; Florida","721","210",
"1400000US12099007620","Census Tract 76.20; Palm Beach County; Florida","1291","165",
"1400000US12099007621","Census Tract 76.21; Palm Beach County; Florida","1003","116",
"1400000US12099007622","Census Tract 76.22; Palm Beach County; Florida","2236","477",
"1400000US12099007623","Census Tract 76.23; Palm Beach County; Florida","1303","119",
"1400000US12099007624","Census Tract 76.24; Palm Beach County; Florida","2213","273",
"1400000US12099007705","Census Tract 77.05; Palm Beach County; Florida","1437","128",
"1400000US12099007710","Census Tract 77.10; Palm Beach County; Florida","3169","273",
"1400000US12099007716","Census Tract 77.16; Palm Beach County; Florida","1837","203",
"1400000US12099007721","Census Tract 77.21; Palm Beach County; Florida","1925","225",
"1400000US12099007723","Census Tract 77.23; Palm Beach County; Florida","932","84",
"1400000US12099007724","Census Tract 77.24; Palm Beach County; Florida","2712","420",
"1400000US12099007725","Census Tract 77.25; Palm Beach County; Florida","2188","335",
"1400000US12099007730","Census Tract 77.30; Palm Beach County; Florida","2171","159",
"1400000US12099007731","Census Tract 77.31; Palm Beach County; Florida","2130","196",
"1400000US12099007732","Census Tract 77.32; Palm Beach County; Florida","2536","368",
"1400000US12099007735","Census Tract 77.35; Palm Beach County; Florida","2138","403",
"1400000US12099007736","Census Tract 77.36; Palm Beach County; Florida","1364","222",
"1400000US12099007738","Census Tract 77.38; Palm Beach County; Florida","1688","253",
"1400000US12099007739","Census Tract 77.39; Palm Beach County; Florida","1830","229",
"1400000US12099007740","Census Tract 77.40; Palm Beach County; Florida","3368","453",
"1400000US12099007741","Census Tract 77.41; Palm Beach County; Florida","2884","443",
"1400000US12099007742","Census Tract 77.42; Palm Beach County; Florida","2354","163",
"1400000US12099007743","Census Tract 77.43; Palm Beach County; Florida","2213","258",
"1400000US12099007746","Census Tract 77.46; Palm Beach County; Florida","1374","214",
"1400000US12099007747","Census Tract 77.47; Palm Beach County; Florida","3011","225",
"1400000US12099007748","Census Tract 77.48; Palm Beach County; Florida","1680","273",
"1400000US12099007749","Census Tract 77.49; Palm Beach County; Florida","2596","345",
"1400000US12099007750","Census Tract 77.50; Palm Beach County; Florida","1675","198",
"1400000US12099007751","Census Tract 77.51; Palm Beach County; Florida","1905","281",
"1400000US12099007752","Census Tract 77.52; Palm Beach County; Florida","2542","165",
"1400000US12099007754","Census Tract 77.54; Palm Beach County; Florida","2551","213",
"1400000US12099007757","Census Tract 77.57; Palm Beach County; Florida","2209","203",
"1400000US12099007758","Census Tract 77.58; Palm Beach County; Florida","2173","173",
"1400000US12099007759","Census Tract 77.59; Palm Beach County; Florida","1098","146",
"1400000US12099007763","Census Tract 77.63; Palm Beach County; Florida","3060","349",
"1400000US12099007764","Census Tract 77.64; Palm Beach County; Florida","770","88",
"1400000US12099007766","Census Tract 77.66; Palm Beach County; Florida","2088","268",
"1400000US12099007767","Census Tract 77.67; Palm Beach County; Florida","1723","166",
"1400000US12099007768","Census Tract 77.68; Palm Beach County; Florida","738","67",
"1400000US12099007769","Census Tract 77.69; Palm Beach County; Florida","1486","232",
"1400000US12099007770","Census Tract 77.70; Palm Beach County; Florida","996","125",
"1400000US12099007771","Census Tract 77.71; Palm Beach County; Florida","1570","104",
"1400000US12099007772","Census Tract 77.72; Palm Beach County; Florida","2154","291",
"1400000US12099007773","Census Tract 77.73; Palm Beach County; Florida","2830","369",
"1400000US12099007774","Census Tract 77.74; Palm Beach County; Florida","3561","201",
"1400000US12099007775","Census Tract 77.75; Palm Beach County; Florida","2576","207",
"1400000US12099007776","Census Tract 77.76; Palm Beach County; Florida","425","38",
"1400000US12099007777","Census Tract 77.77; Palm Beach County; Florida","1664","147",
"1400000US12099007778","Census Tract 77.78; Palm Beach County; Florida","3010","434",
"1400000US12099007779","Census Tract 77.79; Palm Beach County; Florida","1832","210",
"1400000US12099007780","Census Tract 77.80; Palm Beach County; Florida","644","339",
"1400000US12099007805","Census Tract 78.05; Palm Beach County; Florida","2737","212",
"1400000US12099007812","Census Tract 78.12; Palm Beach County; Florida","2409","202",
"1400000US12099007813","Census Tract 78.13; Palm Beach County; Florida","2247","266",
"1400000US12099007814","Census Tract 78.14; Palm Beach County; Florida","1413","257",
"1400000US12099007818","Census Tract 78.18; Palm Beach County; Florida","623","51",
"1400000US12099007820","Census Tract 78.20; Palm Beach County; Florida","919","163",
"1400000US12099007821","Census Tract 78.21; Palm Beach County; Florida","921","103",
"1400000US12099007823","Census Tract 78.23; Palm Beach County; Florida","1467","86",
"1400000US12099007830","Census Tract 78.30; Palm Beach County; Florida","2522","162",
"1400000US12099007831","Census Tract 78.31; Palm Beach County; Florida","2181","203",
"1400000US12099007832","Census Tract 78.32; Palm Beach County; Florida","2228","163",
"1400000US12099007833","Census Tract 78.33; Palm Beach County; Florida","2398","227",
"1400000US12099007834","Census Tract 78.34; Palm Beach County; Florida","1054","84",
"1400000US12099007835","Census Tract 78.35; Palm Beach County; Florida","2300","318",
"1400000US12099007837","Census Tract 78.37; Palm Beach County; Florida","3499","428",
"1400000US12099007838","Census Tract 78.38; Palm Beach County; Florida","3247","497",
"1400000US12099007840","Census Tract 78.40; Palm Beach County; Florida","627","61",
"1400000US12099007841","Census Tract 78.41; Palm Beach County; Florida","2392","317",
"1400000US12099007842","Census Tract 78.42; Palm Beach County; Florida","1553","192",
"1400000US12099007843","Census Tract 78.43; Palm Beach County; Florida","2206","179",
"1400000US12099007844","Census Tract 78.44; Palm Beach County; Florida","1724","186",
"1400000US12099007845","Census Tract 78.45; Palm Beach County; Florida","778","59",
"1400000US12099007846","Census Tract 78.46; Palm Beach County; Florida","538","123",
"1400000US12099007847","Census Tract 78.47; Palm Beach County; Florida","3069","350",
"1400000US12099007848","Census Tract 78.48; Palm Beach County; Florida","1159","218",
"1400000US12099007849","Census Tract 78.49; Palm Beach County; Florida","883","131",
"1400000US12099007850","Census Tract 78.50; Palm Beach County; Florida","1467","69",
"1400000US12099007851","Census Tract 78.51; Palm Beach County; Florida","1427","196",
"1400000US12099007852","Census Tract 78.52; Palm Beach County; Florida","0","15",
"1400000US12099007853","Census Tract 78.53; Palm Beach County; Florida","814","48",
"1400000US12099007909","Census Tract 79.09; Palm Beach County; Florida","2650","199",
"1400000US12099007913","Census Tract 79.13; Palm Beach County; Florida","767","96",
"1400000US12099007914","Census Tract 79.14; Palm Beach County; Florida","1894","378",
"1400000US12099007915","Census Tract 79.15; Palm Beach County; Florida","381","36",
"1400000US12099007916","Census Tract 79.16; Palm Beach County; Florida","1437","116",
"1400000US12099007917","Census Tract 79.17; Palm Beach County; Florida","1844","208",
"1400000US12099007918","Census Tract 79.18; Palm Beach County; Florida","1108","135",
"1400000US12099007919","Census Tract 79.19; Palm Beach County; Florida","1792","346",
"1400000US12099008001","Census Tract 80.01; Palm Beach County; Florida","1193","173",
"1400000US12099008002","Census Tract 80.02; Palm Beach County; Florida","1462","346",
"1400000US12099008101","Census Tract 81.01; Palm Beach County; Florida","1940","295",
"1400000US12099008102","Census Tract 81.02; Palm Beach County; Florida","0","15",
"1400000US12099008201","Census Tract 82.01; Palm Beach County; Florida","1603","243",
"1400000US12099008202","Census Tract 82.02; Palm Beach County; Florida","1220","166",
"1400000US12099008203","Census Tract 82.03; Palm Beach County; Florida","1538","203",
"1400000US12099008301","Census Tract 83.01; Palm Beach County; Florida","757","392",
"1400000US12099008302","Census Tract 83.02; Palm Beach County; Florida","1308","148",
"1400000US12099980000","Census Tract 9800; Palm Beach County; Florida","0","15",
"1400000US12099980100","Census Tract 9801; Palm Beach County; Florida","0","15",
"1400000US12099980200","Census Tract 9802; Palm Beach County; Florida","0","15",
"1400000US12099980400","Census Tract 9804; Palm Beach County; Florida","0","15",
"1400000US12099980500","Census Tract 9805; Palm Beach County; Florida","0","15",
"1400000US12099990000","Census Tract 9900; Palm Beach County; Florida","0","15",
"1400000US12099990100","Census Tract 9901; Palm Beach County; Florida","0","15",
"1400000US12101030101","Census Tract 301.01; Pasco County; Florida","1540","180",
"1400000US12101030102","Census Tract 301.02; Pasco County; Florida","1613","176",
"1400000US12101030202","Census Tract 302.02; Pasco County; Florida","2375","244",
"1400000US12101030203","Census Tract 302.03; Pasco County; Florida","1594","229",
"1400000US12101030204","Census Tract 302.04; Pasco County; Florida","852","85",
"1400000US12101030205","Census Tract 302.05; Pasco County; Florida","1286","200",
"1400000US12101030303","Census Tract 303.03; Pasco County; Florida","2026","249",
"1400000US12101030304","Census Tract 303.04; Pasco County; Florida","3836","364",
"1400000US12101030404","Census Tract 304.04; Pasco County; Florida","1604","266",
"1400000US12101030405","Census Tract 304.05; Pasco County; Florida","1134","96",
"1400000US12101030406","Census Tract 304.06; Pasco County; Florida","1675","183",
"1400000US12101030407","Census Tract 304.07; Pasco County; Florida","1408","185",
"1400000US12101030408","Census Tract 304.08; Pasco County; Florida","1805","236",
"1400000US12101030409","Census Tract 304.09; Pasco County; Florida","1456","144",
"1400000US12101030410","Census Tract 304.10; Pasco County; Florida","1826","199",
"1400000US12101030411","Census Tract 304.11; Pasco County; Florida","1668","253",
"1400000US12101030412","Census Tract 304.12; Pasco County; Florida","1429","181",
"1400000US12101030501","Census Tract 305.01; Pasco County; Florida","1371","107",
"1400000US12101030502","Census Tract 305.02; Pasco County; Florida","2324","177",
"1400000US12101030601","Census Tract 306.01; Pasco County; Florida","1395","149",
"1400000US12101030602","Census Tract 306.02; Pasco County; Florida","1257","101",
"1400000US12101030700","Census Tract 307; Pasco County; Florida","1786","142",
"1400000US12101030800","Census Tract 308; Pasco County; Florida","1884","218",
"1400000US12101030901","Census Tract 309.01; Pasco County; Florida","2312","336",
"1400000US12101030905","Census Tract 309.05; Pasco County; Florida","1815","322",
"1400000US12101030906","Census Tract 309.06; Pasco County; Florida","3177","384",
"1400000US12101031003","Census Tract 310.03; Pasco County; Florida","2647","225",
"1400000US12101031005","Census Tract 310.05; Pasco County; Florida","1990","238",
"1400000US12101031006","Census Tract 310.06; Pasco County; Florida","953","186",
"1400000US12101031007","Census Tract 310.07; Pasco County; Florida","2523","235",
"1400000US12101031008","Census Tract 310.08; Pasco County; Florida","1152","217",
"1400000US12101031009","Census Tract 310.09; Pasco County; Florida","1437","131",
"1400000US12101031010","Census Tract 310.10; Pasco County; Florida","2003","193",
"1400000US12101031011","Census Tract 310.11; Pasco County; Florida","1415","313",
"1400000US12101031012","Census Tract 310.12; Pasco County; Florida","2823","381",
"1400000US12101031013","Census Tract 310.13; Pasco County; Florida","1241","111",
"1400000US12101031014","Census Tract 310.14; Pasco County; Florida","1583","199",
"1400000US12101031101","Census Tract 311.01; Pasco County; Florida","2477","347",
"1400000US12101031103","Census Tract 311.03; Pasco County; Florida","920","152",
"1400000US12101031104","Census Tract 311.04; Pasco County; Florida","2565","391",
"1400000US12101031203","Census Tract 312.03; Pasco County; Florida","1868","180",
"1400000US12101031204","Census Tract 312.04; Pasco County; Florida","1394","170",
"1400000US12101031205","Census Tract 312.05; Pasco County; Florida","1958","190",
"1400000US12101031206","Census Tract 312.06; Pasco County; Florida","1281","157",
"1400000US12101031207","Census Tract 312.07; Pasco County; Florida","1377","349",
"1400000US12101031208","Census Tract 312.08; Pasco County; Florida","2470","179",
"1400000US12101031301","Census Tract 313.01; Pasco County; Florida","2083","199",
"1400000US12101031302","Census Tract 313.02; Pasco County; Florida","2600","417",
"1400000US12101031401","Census Tract 314.01; Pasco County; Florida","2232","225",
"1400000US12101031404","Census Tract 314.04; Pasco County; Florida","1682","113",
"1400000US12101031406","Census Tract 314.06; Pasco County; Florida","1815","182",
"1400000US12101031407","Census Tract 314.07; Pasco County; Florida","1727","241",
"1400000US12101031410","Census Tract 314.10; Pasco County; Florida","1523","196",
"1400000US12101031411","Census Tract 314.11; Pasco County; Florida","782","75",
"1400000US12101031412","Census Tract 314.12; Pasco County; Florida","2703","220",
"1400000US12101031503","Census Tract 315.03; Pasco County; Florida","1457","96",
"1400000US12101031504","Census Tract 315.04; Pasco County; Florida","948","145",
"1400000US12101031505","Census Tract 315.05; Pasco County; Florida","2476","90",
"1400000US12101031506","Census Tract 315.06; Pasco County; Florida","1897","122",
"1400000US12101031507","Census Tract 315.07; Pasco County; Florida","3324","555",
"1400000US12101031508","Census Tract 315.08; Pasco County; Florida","1821","242",
"1400000US12101031601","Census Tract 316.01; Pasco County; Florida","3797","429",
"1400000US12101031602","Census Tract 316.02; Pasco County; Florida","4220","204",
"1400000US12101031603","Census Tract 316.03; Pasco County; Florida","3718","328",
"1400000US12101031604","Census Tract 316.04; Pasco County; Florida","3063","391",
"1400000US12101031605","Census Tract 316.05; Pasco County; Florida","3583","177",
"1400000US12101031701","Census Tract 317.01; Pasco County; Florida","5209","303",
"1400000US12101031703","Census Tract 317.03; Pasco County; Florida","1993","246",
"1400000US12101031704","Census Tract 317.04; Pasco County; Florida","2260","205",
"1400000US12101031705","Census Tract 317.05; Pasco County; Florida","1922","195",
"1400000US12101031706","Census Tract 317.06; Pasco County; Florida","1869","128",
"1400000US12101031707","Census Tract 317.07; Pasco County; Florida","1759","313",
"1400000US12101031708","Census Tract 317.08; Pasco County; Florida","2858","233",
"1400000US12101031804","Census Tract 318.04; Pasco County; Florida","2288","241",
"1400000US12101031805","Census Tract 318.05; Pasco County; Florida","1577","154",
"1400000US12101031806","Census Tract 318.06; Pasco County; Florida","1907","143",
"1400000US12101031807","Census Tract 318.07; Pasco County; Florida","1566","221",
"1400000US12101031808","Census Tract 318.08; Pasco County; Florida","1573","368",
"1400000US12101031809","Census Tract 318.09; Pasco County; Florida","1064","121",
"1400000US12101031901","Census Tract 319.01; Pasco County; Florida","2147","342",
"1400000US12101031902","Census Tract 319.02; Pasco County; Florida","3902","349",
"1400000US12101031903","Census Tract 319.03; Pasco County; Florida","2752","186",
"1400000US12101032001","Census Tract 320.01; Pasco County; Florida","2543","232",
"1400000US12101032005","Census Tract 320.05; Pasco County; Florida","2391","156",
"1400000US12101032006","Census Tract 320.06; Pasco County; Florida","3515","408",
"1400000US12101032007","Census Tract 320.07; Pasco County; Florida","1174","92",
"1400000US12101032008","Census Tract 320.08; Pasco County; Florida","1850","173",
"1400000US12101032009","Census Tract 320.09; Pasco County; Florida","3497","391",
"1400000US12101032010","Census Tract 320.10; Pasco County; Florida","1540","184",
"1400000US12101032011","Census Tract 320.11; Pasco County; Florida","1847","155",
"1400000US12101032012","Census Tract 320.12; Pasco County; Florida","1497","179",
"1400000US12101032013","Census Tract 320.13; Pasco County; Florida","2572","152",
"1400000US12101032014","Census Tract 320.14; Pasco County; Florida","2678","285",
"1400000US12101032103","Census Tract 321.03; Pasco County; Florida","4624","315",
"1400000US12101032104","Census Tract 321.04; Pasco County; Florida","2340","336",
"1400000US12101032105","Census Tract 321.05; Pasco County; Florida","4063","256",
"1400000US12101032106","Census Tract 321.06; Pasco County; Florida","2965","223",
"1400000US12101032107","Census Tract 321.07; Pasco County; Florida","4566","335",
"1400000US12101032108","Census Tract 321.08; Pasco County; Florida","4152","270",
"1400000US12101032109","Census Tract 321.09; Pasco County; Florida","1863","206",
"1400000US12101032110","Census Tract 321.10; Pasco County; Florida","1224","132",
"1400000US12101032111","Census Tract 321.11; Pasco County; Florida","2016","182",
"1400000US12101032112","Census Tract 321.12; Pasco County; Florida","1687","216",
"1400000US12101032113","Census Tract 321.13; Pasco County; Florida","1556","117",
"1400000US12101032200","Census Tract 322; Pasco County; Florida","2104","173",
"1400000US12101032300","Census Tract 323; Pasco County; Florida","1026","121",
"1400000US12101032401","Census Tract 324.01; Pasco County; Florida","1170","70",
"1400000US12101032402","Census Tract 324.02; Pasco County; Florida","984","195",
"1400000US12101032500","Census Tract 325; Pasco County; Florida","2805","317",
"1400000US12101032601","Census Tract 326.01; Pasco County; Florida","1294","183",
"1400000US12101032602","Census Tract 326.02; Pasco County; Florida","1408","161",
"1400000US12101032700","Census Tract 327; Pasco County; Florida","1983","218",
"1400000US12101032802","Census Tract 328.02; Pasco County; Florida","1443","226",
"1400000US12101032804","Census Tract 328.04; Pasco County; Florida","2079","351",
"1400000US12101032805","Census Tract 328.05; Pasco County; Florida","2152","172",
"1400000US12101032901","Census Tract 329.01; Pasco County; Florida","3921","328",
"1400000US12101032902","Census Tract 329.02; Pasco County; Florida","1286","144",
"1400000US12101032905","Census Tract 329.05; Pasco County; Florida","3635","372",
"1400000US12101033005","Census Tract 330.05; Pasco County; Florida","2756","374",
"1400000US12101033006","Census Tract 330.06; Pasco County; Florida","1621","198",
"1400000US12101033007","Census Tract 330.07; Pasco County; Florida","1660","243",
"1400000US12101033008","Census Tract 330.08; Pasco County; Florida","1639","150",
"1400000US12101033009","Census Tract 330.09; Pasco County; Florida","1648","182",
"1400000US12101033010","Census Tract 330.10; Pasco County; Florida","2303","157",
"1400000US12101033011","Census Tract 330.11; Pasco County; Florida","1293","137",
"1400000US12101033012","Census Tract 330.12; Pasco County; Florida","1555","132",
"1400000US12101033013","Census Tract 330.13; Pasco County; Florida","1633","213",
"1400000US12101033014","Census Tract 330.14; Pasco County; Florida","2747","240",
"1400000US12101033101","Census Tract 331.01; Pasco County; Florida","1750","157",
"1400000US12101033102","Census Tract 331.02; Pasco County; Florida","1167","143",
"1400000US12101990000","Census Tract 9900; Pasco County; Florida","0","15",
"1400000US12103020105","Census Tract 201.05; Pinellas County; Florida","2400","127",
"1400000US12103020106","Census Tract 201.06; Pinellas County; Florida","2497","262",
"1400000US12103020107","Census Tract 201.07; Pinellas County; Florida","1491","193",
"1400000US12103020108","Census Tract 201.08; Pinellas County; Florida","3081","279",
"1400000US12103020109","Census Tract 201.09; Pinellas County; Florida","2410","219",
"1400000US12103020110","Census Tract 201.10; Pinellas County; Florida","614","65",
"1400000US12103020201","Census Tract 202.01; Pinellas County; Florida","2010","137",
"1400000US12103020202","Census Tract 202.02; Pinellas County; Florida","2038","458",
"1400000US12103020206","Census Tract 202.06; Pinellas County; Florida","2579","302",
"1400000US12103020207","Census Tract 202.07; Pinellas County; Florida","1673","152",
"1400000US12103020208","Census Tract 202.08; Pinellas County; Florida","1345","127",
"1400000US12103020209","Census Tract 202.09; Pinellas County; Florida","2153","246",
"1400000US12103020301","Census Tract 203.01; Pinellas County; Florida","2156","210",
"1400000US12103020302","Census Tract 203.02; Pinellas County; Florida","2238","251",
"1400000US12103020400","Census Tract 204; Pinellas County; Florida","1335","138",
"1400000US12103020500","Census Tract 205; Pinellas County; Florida","1899","257",
"1400000US12103020600","Census Tract 206; Pinellas County; Florida","1945","270",
"1400000US12103020700","Census Tract 207; Pinellas County; Florida","1755","224",
"1400000US12103020800","Census Tract 208; Pinellas County; Florida","2184","249",
"1400000US12103021200","Census Tract 212; Pinellas County; Florida","1821","228",
"1400000US12103021501","Census Tract 215.01; Pinellas County; Florida","2000","172",
"1400000US12103021502","Census Tract 215.02; Pinellas County; Florida","1499","383",
"1400000US12103021600","Census Tract 216; Pinellas County; Florida","1967","307",
"1400000US12103021800","Census Tract 218; Pinellas County; Florida","1615","149",
"1400000US12103021900","Census Tract 219; Pinellas County; Florida","1576","136",
"1400000US12103022000","Census Tract 220; Pinellas County; Florida","1416","155",
"1400000US12103022101","Census Tract 221.01; Pinellas County; Florida","977","64",
"1400000US12103022102","Census Tract 221.02; Pinellas County; Florida","1590","357",
"1400000US12103022200","Census Tract 222; Pinellas County; Florida","2186","264",
"1400000US12103022301","Census Tract 223.01; Pinellas County; Florida","1378","166",
"1400000US12103022302","Census Tract 223.02; Pinellas County; Florida","1872","181",
"1400000US12103022401","Census Tract 224.01; Pinellas County; Florida","1748","159",
"1400000US12103022402","Census Tract 224.02; Pinellas County; Florida","2477","328",
"1400000US12103022501","Census Tract 225.01; Pinellas County; Florida","2807","248",
"1400000US12103022502","Census Tract 225.02; Pinellas County; Florida","1504","139",
"1400000US12103022503","Census Tract 225.03; Pinellas County; Florida","2429","318",
"1400000US12103022601","Census Tract 226.01; Pinellas County; Florida","1691","194",
"1400000US12103022602","Census Tract 226.02; Pinellas County; Florida","2128","223",
"1400000US12103022700","Census Tract 227; Pinellas County; Florida","2016","170",
"1400000US12103022801","Census Tract 228.01; Pinellas County; Florida","2293","339",
"1400000US12103022802","Census Tract 228.02; Pinellas County; Florida","1409","170",
"1400000US12103022901","Census Tract 229.01; Pinellas County; Florida","1533","284",
"1400000US12103022902","Census Tract 229.02; Pinellas County; Florida","1323","163",
"1400000US12103023000","Census Tract 230; Pinellas County; Florida","1221","268",
"1400000US12103023100","Census Tract 231; Pinellas County; Florida","1367","193",
"1400000US12103023200","Census Tract 232; Pinellas County; Florida","1582","136",
"1400000US12103023300","Census Tract 233; Pinellas County; Florida","1155","165",
"1400000US12103023400","Census Tract 234; Pinellas County; Florida","887","74",
"1400000US12103023501","Census Tract 235.01; Pinellas County; Florida","1273","170",
"1400000US12103023502","Census Tract 235.02; Pinellas County; Florida","893","108",
"1400000US12103023601","Census Tract 236.01; Pinellas County; Florida","1789","230",
"1400000US12103023602","Census Tract 236.02; Pinellas County; Florida","963","123",
"1400000US12103023700","Census Tract 237; Pinellas County; Florida","1342","318",
"1400000US12103023800","Census Tract 238; Pinellas County; Florida","1278","135",
"1400000US12103023900","Census Tract 239; Pinellas County; Florida","1279","289",
"1400000US12103024001","Census Tract 240.01; Pinellas County; Florida","1698","178",
"1400000US12103024002","Census Tract 240.02; Pinellas County; Florida","3192","404",
"1400000US12103024004","Census Tract 240.04; Pinellas County; Florida","2085","149",
"1400000US12103024005","Census Tract 240.05; Pinellas County; Florida","1417","290",
"1400000US12103024100","Census Tract 241; Pinellas County; Florida","2948","321",
"1400000US12103024201","Census Tract 242.01; Pinellas County; Florida","1198","179",
"1400000US12103024202","Census Tract 242.02; Pinellas County; Florida","1290","295",
"1400000US12103024301","Census Tract 243.01; Pinellas County; Florida","1688","139",
"1400000US12103024302","Census Tract 243.02; Pinellas County; Florida","2312","145",
"1400000US12103024403","Census Tract 244.03; Pinellas County; Florida","2174","328",
"1400000US12103024406","Census Tract 244.06; Pinellas County; Florida","3652","270",
"1400000US12103024408","Census Tract 244.08; Pinellas County; Florida","2218","165",
"1400000US12103024409","Census Tract 244.09; Pinellas County; Florida","1748","168",
"1400000US12103024410","Census Tract 244.10; Pinellas County; Florida","1895","224",
"1400000US12103024411","Census Tract 244.11; Pinellas County; Florida","2152","235",
"1400000US12103024412","Census Tract 244.12; Pinellas County; Florida","3133","266",
"1400000US12103024413","Census Tract 244.13; Pinellas County; Florida","2846","258",
"1400000US12103024505","Census Tract 245.05; Pinellas County; Florida","3379","250",
"1400000US12103024507","Census Tract 245.07; Pinellas County; Florida","2293","162",
"1400000US12103024508","Census Tract 245.08; Pinellas County; Florida","2745","319",
"1400000US12103024509","Census Tract 245.09; Pinellas County; Florida","2016","168",
"1400000US12103024510","Census Tract 245.10; Pinellas County; Florida","901","170",
"1400000US12103024512","Census Tract 245.12; Pinellas County; Florida","1898","233",
"1400000US12103024514","Census Tract 245.14; Pinellas County; Florida","2556","292",
"1400000US12103024515","Census Tract 245.15; Pinellas County; Florida","1672","309",
"1400000US12103024516","Census Tract 245.16; Pinellas County; Florida","1654","225",
"1400000US12103024517","Census Tract 245.17; Pinellas County; Florida","1813","221",
"1400000US12103024518","Census Tract 245.18; Pinellas County; Florida","1199","195",
"1400000US12103024519","Census Tract 245.19; Pinellas County; Florida","2589","320",
"1400000US12103024601","Census Tract 246.01; Pinellas County; Florida","2032","234",
"1400000US12103024603","Census Tract 246.03; Pinellas County; Florida","1570","232",
"1400000US12103024604","Census Tract 246.04; Pinellas County; Florida","1592","209",
"1400000US12103024701","Census Tract 247.01; Pinellas County; Florida","1668","182",
"1400000US12103024702","Census Tract 247.02; Pinellas County; Florida","1219","121",
"1400000US12103024703","Census Tract 247.03; Pinellas County; Florida","1322","312",
"1400000US12103024801","Census Tract 248.01; Pinellas County; Florida","2103","198",
"1400000US12103024803","Census Tract 248.03; Pinellas County; Florida","1083","148",
"1400000US12103024804","Census Tract 248.04; Pinellas County; Florida","948","162",
"1400000US12103024805","Census Tract 248.05; Pinellas County; Florida","1118","147",
"1400000US12103024901","Census Tract 249.01; Pinellas County; Florida","2230","242",
"1400000US12103024904","Census Tract 249.04; Pinellas County; Florida","1661","161",
"1400000US12103024905","Census Tract 249.05; Pinellas County; Florida","2832","320",
"1400000US12103024906","Census Tract 249.06; Pinellas County; Florida","1672","120",
"1400000US12103024907","Census Tract 249.07; Pinellas County; Florida","1707","162",
"1400000US12103024908","Census Tract 249.08; Pinellas County; Florida","1276","125",
"1400000US12103025004","Census Tract 250.04; Pinellas County; Florida","2956","314",
"1400000US12103025007","Census Tract 250.07; Pinellas County; Florida","2256","320",
"1400000US12103025009","Census Tract 250.09; Pinellas County; Florida","1585","170",
"1400000US12103025011","Census Tract 250.11; Pinellas County; Florida","2022","263",
"1400000US12103025012","Census Tract 250.12; Pinellas County; Florida","2558","258",
"1400000US12103025013","Census Tract 250.13; Pinellas County; Florida","1873","301",
"1400000US12103025014","Census Tract 250.14; Pinellas County; Florida","1925","132",
"1400000US12103025015","Census Tract 250.15; Pinellas County; Florida","2141","185",
"1400000US12103025016","Census Tract 250.16; Pinellas County; Florida","1053","118",
"1400000US12103025017","Census Tract 250.17; Pinellas County; Florida","1827","144",
"1400000US12103025018","Census Tract 250.18; Pinellas County; Florida","1240","189",
"1400000US12103025019","Census Tract 250.19; Pinellas County; Florida","1782","180",
"1400000US12103025020","Census Tract 250.20; Pinellas County; Florida","2006","362",
"1400000US12103025021","Census Tract 250.21; Pinellas County; Florida","1663","189",
"1400000US12103025106","Census Tract 251.06; Pinellas County; Florida","1685","165",
"1400000US12103025107","Census Tract 251.07; Pinellas County; Florida","2265","193",
"1400000US12103025108","Census Tract 251.08; Pinellas County; Florida","1831","137",
"1400000US12103025109","Census Tract 251.09; Pinellas County; Florida","2277","142",
"1400000US12103025110","Census Tract 251.10; Pinellas County; Florida","2495","167",
"1400000US12103025111","Census Tract 251.11; Pinellas County; Florida","2552","239",
"1400000US12103025112","Census Tract 251.12; Pinellas County; Florida","1667","139",
"1400000US12103025113","Census Tract 251.13; Pinellas County; Florida","1302","202",
"1400000US12103025114","Census Tract 251.14; Pinellas County; Florida","1656","141",
"1400000US12103025115","Census Tract 251.15; Pinellas County; Florida","1772","196",
"1400000US12103025116","Census Tract 251.16; Pinellas County; Florida","1035","57",
"1400000US12103025119","Census Tract 251.19; Pinellas County; Florida","2603","344",
"1400000US12103025120","Census Tract 251.20; Pinellas County; Florida","1462","190",
"1400000US12103025121","Census Tract 251.21; Pinellas County; Florida","2006","149",
"1400000US12103025122","Census Tract 251.22; Pinellas County; Florida","2380","111",
"1400000US12103025123","Census Tract 251.23; Pinellas County; Florida","691","51",
"1400000US12103025204","Census Tract 252.04; Pinellas County; Florida","1969","207",
"1400000US12103025205","Census Tract 252.05; Pinellas County; Florida","2518","282",
"1400000US12103025207","Census Tract 252.07; Pinellas County; Florida","3132","440",
"1400000US12103025208","Census Tract 252.08; Pinellas County; Florida","1331","151",
"1400000US12103025209","Census Tract 252.09; Pinellas County; Florida","2370","246",
"1400000US12103025210","Census Tract 252.10; Pinellas County; Florida","1475","202",
"1400000US12103025211","Census Tract 252.11; Pinellas County; Florida","1316","84",
"1400000US12103025303","Census Tract 253.03; Pinellas County; Florida","3302","321",
"1400000US12103025305","Census Tract 253.05; Pinellas County; Florida","1818","104",
"1400000US12103025307","Census Tract 253.07; Pinellas County; Florida","1894","205",
"1400000US12103025309","Census Tract 253.09; Pinellas County; Florida","1406","131",
"1400000US12103025310","Census Tract 253.10; Pinellas County; Florida","1142","195",
"1400000US12103025311","Census Tract 253.11; Pinellas County; Florida","2497","230",
"1400000US12103025401","Census Tract 254.01; Pinellas County; Florida","2164","395",
"1400000US12103025407","Census Tract 254.07; Pinellas County; Florida","2417","240",
"1400000US12103025411","Census Tract 254.11; Pinellas County; Florida","699","80",
"1400000US12103025412","Census Tract 254.12; Pinellas County; Florida","2552","339",
"1400000US12103025413","Census Tract 254.13; Pinellas County; Florida","1915","184",
"1400000US12103025414","Census Tract 254.14; Pinellas County; Florida","1606","132",
"1400000US12103025415","Census Tract 254.15; Pinellas County; Florida","1628","147",
"1400000US12103025416","Census Tract 254.16; Pinellas County; Florida","1932","284",
"1400000US12103025417","Census Tract 254.17; Pinellas County; Florida","2077","306",
"1400000US12103025418","Census Tract 254.18; Pinellas County; Florida","1782","241",
"1400000US12103025419","Census Tract 254.19; Pinellas County; Florida","2047","327",
"1400000US12103025420","Census Tract 254.20; Pinellas County; Florida","1556","114",
"1400000US12103025421","Census Tract 254.21; Pinellas County; Florida","2708","273",
"1400000US12103025501","Census Tract 255.01; Pinellas County; Florida","1873","207",
"1400000US12103025505","Census Tract 255.05; Pinellas County; Florida","929","143",
"1400000US12103025507","Census Tract 255.07; Pinellas County; Florida","1757","170",
"1400000US12103025508","Census Tract 255.08; Pinellas County; Florida","979","105",
"1400000US12103025509","Census Tract 255.09; Pinellas County; Florida","1561","279",
"1400000US12103025510","Census Tract 255.10; Pinellas County; Florida","1091","84",
"1400000US12103025602","Census Tract 256.02; Pinellas County; Florida","1890","197",
"1400000US12103025603","Census Tract 256.03; Pinellas County; Florida","1274","249",
"1400000US12103025604","Census Tract 256.04; Pinellas County; Florida","744","99",
"1400000US12103025700","Census Tract 257; Pinellas County; Florida","2219","159",
"1400000US12103025800","Census Tract 258; Pinellas County; Florida","1754","237",
"1400000US12103025901","Census Tract 259.01; Pinellas County; Florida","2400","274",
"1400000US12103025902","Census Tract 259.02; Pinellas County; Florida","1643","198",
"1400000US12103026001","Census Tract 260.01; Pinellas County; Florida","2530","331",
"1400000US12103026003","Census Tract 260.03; Pinellas County; Florida","2169","251",
"1400000US12103026004","Census Tract 260.04; Pinellas County; Florida","1075","135",
"1400000US12103026101","Census Tract 261.01; Pinellas County; Florida","1180","116",
"1400000US12103026102","Census Tract 261.02; Pinellas County; Florida","799","145",
"1400000US12103026200","Census Tract 262; Pinellas County; Florida","992","169",
"1400000US12103026300","Census Tract 263; Pinellas County; Florida","3021","320",
"1400000US12103026401","Census Tract 264.01; Pinellas County; Florida","1237","117",
"1400000US12103026402","Census Tract 264.02; Pinellas County; Florida","1530","181",
"1400000US12103026501","Census Tract 265.01; Pinellas County; Florida","1568","393",
"1400000US12103026502","Census Tract 265.02; Pinellas County; Florida","1326","142",
"1400000US12103026601","Census Tract 266.01; Pinellas County; Florida","1322","77",
"1400000US12103026602","Census Tract 266.02; Pinellas County; Florida","1293","300",
"1400000US12103026701","Census Tract 267.01; Pinellas County; Florida","1998","158",
"1400000US12103026703","Census Tract 267.03; Pinellas County; Florida","2983","358",
"1400000US12103026704","Census Tract 267.04; Pinellas County; Florida","1689","344",
"1400000US12103026705","Census Tract 267.05; Pinellas County; Florida","1619","257",
"1400000US12103026804","Census Tract 268.04; Pinellas County; Florida","2403","253",
"1400000US12103026809","Census Tract 268.09; Pinellas County; Florida","1534","129",
"1400000US12103026811","Census Tract 268.11; Pinellas County; Florida","2598","165",
"1400000US12103026812","Census Tract 268.12; Pinellas County; Florida","2287","237",
"1400000US12103026813","Census Tract 268.13; Pinellas County; Florida","1667","342",
"1400000US12103026814","Census Tract 268.14; Pinellas County; Florida","1154","127",
"1400000US12103026815","Census Tract 268.15; Pinellas County; Florida","2033","208",
"1400000US12103026816","Census Tract 268.16; Pinellas County; Florida","2610","210",
"1400000US12103026817","Census Tract 268.17; Pinellas County; Florida","2352","260",
"1400000US12103026818","Census Tract 268.18; Pinellas County; Florida","1532","158",
"1400000US12103026819","Census Tract 268.19; Pinellas County; Florida","1363","171",
"1400000US12103026820","Census Tract 268.20; Pinellas County; Florida","3066","405",
"1400000US12103026821","Census Tract 268.21; Pinellas County; Florida","1059","128",
"1400000US12103026904","Census Tract 269.04; Pinellas County; Florida","2331","252",
"1400000US12103026908","Census Tract 269.08; Pinellas County; Florida","2037","173",
"1400000US12103026909","Census Tract 269.09; Pinellas County; Florida","2406","204",
"1400000US12103026911","Census Tract 269.11; Pinellas County; Florida","2391","267",
"1400000US12103026912","Census Tract 269.12; Pinellas County; Florida","2780","226",
"1400000US12103026913","Census Tract 269.13; Pinellas County; Florida","2166","153",
"1400000US12103026914","Census Tract 269.14; Pinellas County; Florida","2622","363",
"1400000US12103026915","Census Tract 269.15; Pinellas County; Florida","1210","101",
"1400000US12103026916","Census Tract 269.16; Pinellas County; Florida","2015","184",
"1400000US12103026917","Census Tract 269.17; Pinellas County; Florida","958","175",
"1400000US12103027000","Census Tract 270; Pinellas County; Florida","3003","327",
"1400000US12103027105","Census Tract 271.05; Pinellas County; Florida","1970","286",
"1400000US12103027106","Census Tract 271.06; Pinellas County; Florida","2342","220",
"1400000US12103027107","Census Tract 271.07; Pinellas County; Florida","1050","163",
"1400000US12103027108","Census Tract 271.08; Pinellas County; Florida","1764","177",
"1400000US12103027202","Census Tract 272.02; Pinellas County; Florida","3181","207",
"1400000US12103027204","Census Tract 272.04; Pinellas County; Florida","2135","105",
"1400000US12103027206","Census Tract 272.06; Pinellas County; Florida","2571","240",
"1400000US12103027207","Census Tract 272.07; Pinellas County; Florida","1858","152",
"1400000US12103027208","Census Tract 272.08; Pinellas County; Florida","2784","287",
"1400000US12103027209","Census Tract 272.09; Pinellas County; Florida","1129","98",
"1400000US12103027210","Census Tract 272.10; Pinellas County; Florida","2785","276",
"1400000US12103027211","Census Tract 272.11; Pinellas County; Florida","2696","369",
"1400000US12103027212","Census Tract 272.12; Pinellas County; Florida","2070","200",
"1400000US12103027308","Census Tract 273.08; Pinellas County; Florida","2072","156",
"1400000US12103027309","Census Tract 273.09; Pinellas County; Florida","950","87",
"1400000US12103027314","Census Tract 273.14; Pinellas County; Florida","1522","120",
"1400000US12103027316","Census Tract 273.16; Pinellas County; Florida","2136","141",
"1400000US12103027317","Census Tract 273.17; Pinellas County; Florida","2254","189",
"1400000US12103027318","Census Tract 273.18; Pinellas County; Florida","2102","297",
"1400000US12103027319","Census Tract 273.19; Pinellas County; Florida","2149","186",
"1400000US12103027320","Census Tract 273.20; Pinellas County; Florida","1966","222",
"1400000US12103027321","Census Tract 273.21; Pinellas County; Florida","578","84",
"1400000US12103027323","Census Tract 273.23; Pinellas County; Florida","1520","327",
"1400000US12103027324","Census Tract 273.24; Pinellas County; Florida","1890","188",
"1400000US12103027325","Census Tract 273.25; Pinellas County; Florida","1537","123",
"1400000US12103027326","Census Tract 273.26; Pinellas County; Florida","2254","260",
"1400000US12103027327","Census Tract 273.27; Pinellas County; Florida","2146","213",
"1400000US12103027328","Census Tract 273.28; Pinellas County; Florida","1654","193",
"1400000US12103027329","Census Tract 273.29; Pinellas County; Florida","1399","155",
"1400000US12103027330","Census Tract 273.30; Pinellas County; Florida","1600","316",
"1400000US12103027331","Census Tract 273.31; Pinellas County; Florida","1905","336",
"1400000US12103027332","Census Tract 273.32; Pinellas County; Florida","1272","97",
"1400000US12103027333","Census Tract 273.33; Pinellas County; Florida","2104","227",
"1400000US12103027401","Census Tract 274.01; Pinellas County; Florida","1502","118",
"1400000US12103027404","Census Tract 274.04; Pinellas County; Florida","4367","399",
"1400000US12103027501","Census Tract 275.01; Pinellas County; Florida","3268","393",
"1400000US12103027503","Census Tract 275.03; Pinellas County; Florida","2324","373",
"1400000US12103027504","Census Tract 275.04; Pinellas County; Florida","1231","125",
"1400000US12103027603","Census Tract 276.03; Pinellas County; Florida","1717","139",
"1400000US12103027604","Census Tract 276.04; Pinellas County; Florida","3068","232",
"1400000US12103027605","Census Tract 276.05; Pinellas County; Florida","1187","85",
"1400000US12103027606","Census Tract 276.06; Pinellas County; Florida","1698","118",
"1400000US12103027701","Census Tract 277.01; Pinellas County; Florida","2260","128",
"1400000US12103027703","Census Tract 277.03; Pinellas County; Florida","2124","144",
"1400000US12103027704","Census Tract 277.04; Pinellas County; Florida","2810","201",
"1400000US12103027801","Census Tract 278.01; Pinellas County; Florida","1661","259",
"1400000US12103027802","Census Tract 278.02; Pinellas County; Florida","2334","147",
"1400000US12103027901","Census Tract 279.01; Pinellas County; Florida","2531","246",
"1400000US12103027905","Census Tract 279.05; Pinellas County; Florida","3661","312",
"1400000US12103028002","Census Tract 280.02; Pinellas County; Florida","2908","266",
"1400000US12103028004","Census Tract 280.04; Pinellas County; Florida","1784","275",
"1400000US12103028005","Census Tract 280.05; Pinellas County; Florida","1524","207",
"1400000US12103028006","Census Tract 280.06; Pinellas County; Florida","2016","288",
"1400000US12103028102","Census Tract 281.02; Pinellas County; Florida","2245","217",
"1400000US12103028103","Census Tract 281.03; Pinellas County; Florida","1835","214",
"1400000US12103028104","Census Tract 281.04; Pinellas County; Florida","3304","347",
"1400000US12103028200","Census Tract 282; Pinellas County; Florida","1140","167",
"1400000US12103028300","Census Tract 283; Pinellas County; Florida","2010","220",
"1400000US12103028403","Census Tract 284.03; Pinellas County; Florida","2573","203",
"1400000US12103028500","Census Tract 285; Pinellas County; Florida","1388","147",
"1400000US12103028601","Census Tract 286.01; Pinellas County; Florida","2954","260",
"1400000US12103028602","Census Tract 286.02; Pinellas County; Florida","1778","331",
"1400000US12103028700","Census Tract 287; Pinellas County; Florida","1238","186",
"1400000US12103990000","Census Tract 9900; Pinellas County; Florida","0","15",
"1400000US12103990100","Census Tract 9901; Pinellas County; Florida","0","15",
"1400000US12105010300","Census Tract 103; Polk County; Florida","2114","170",
"1400000US12105010401","Census Tract 104.01; Polk County; Florida","1138","128",
"1400000US12105010402","Census Tract 104.02; Polk County; Florida","1706","150",
"1400000US12105010501","Census Tract 105.01; Polk County; Florida","772","111",
"1400000US12105010502","Census Tract 105.02; Polk County; Florida","1973","147",
"1400000US12105010601","Census Tract 106.01; Polk County; Florida","1820","199",
"1400000US12105010603","Census Tract 106.03; Polk County; Florida","1348","111",
"1400000US12105010604","Census Tract 106.04; Polk County; Florida","1684","227",
"1400000US12105010701","Census Tract 107.01; Polk County; Florida","2430","190",
"1400000US12105010702","Census Tract 107.02; Polk County; Florida","1961","198",
"1400000US12105010800","Census Tract 108; Polk County; Florida","1853","184",
"1400000US12105010900","Census Tract 109; Polk County; Florida","2211","262",
"1400000US12105011000","Census Tract 110; Polk County; Florida","1603","86",
"1400000US12105011100","Census Tract 111; Polk County; Florida","1341","116",
"1400000US12105011202","Census Tract 112.02; Polk County; Florida","752","106",
"1400000US12105011203","Census Tract 112.03; Polk County; Florida","1578","148",
"1400000US12105011204","Census Tract 112.04; Polk County; Florida","800","174",
"1400000US12105011300","Census Tract 113; Polk County; Florida","803","120",
"1400000US12105011400","Census Tract 114; Polk County; Florida","2194","176",
"1400000US12105011501","Census Tract 115.01; Polk County; Florida","2322","260",
"1400000US12105011502","Census Tract 115.02; Polk County; Florida","4047","418",
"1400000US12105011603","Census Tract 116.03; Polk County; Florida","1338","126",
"1400000US12105011604","Census Tract 116.04; Polk County; Florida","2666","223",
"1400000US12105011605","Census Tract 116.05; Polk County; Florida","1832","187",
"1400000US12105011606","Census Tract 116.06; Polk County; Florida","825","102",
"1400000US12105011704","Census Tract 117.04; Polk County; Florida","2168","202",
"1400000US12105011721","Census Tract 117.21; Polk County; Florida","1250","144",
"1400000US12105011722","Census Tract 117.22; Polk County; Florida","1707","168",
"1400000US12105011731","Census Tract 117.31; Polk County; Florida","1597","140",
"1400000US12105011732","Census Tract 117.32; Polk County; Florida","1646","377",
"1400000US12105011821","Census Tract 118.21; Polk County; Florida","1013","76",
"1400000US12105011822","Census Tract 118.22; Polk County; Florida","1541","176",
"1400000US12105011832","Census Tract 118.32; Polk County; Florida","2014","136",
"1400000US12105011834","Census Tract 118.34; Polk County; Florida","3207","338",
"1400000US12105011835","Census Tract 118.35; Polk County; Florida","1977","108",
"1400000US12105011836","Census Tract 118.36; Polk County; Florida","1438","101",
"1400000US12105011837","Census Tract 118.37; Polk County; Florida","1731","206",
"1400000US12105011838","Census Tract 118.38; Polk County; Florida","1399","199",
"1400000US12105011901","Census Tract 119.01; Polk County; Florida","2156","202",
"1400000US12105011902","Census Tract 119.02; Polk County; Florida","1488","127",
"1400000US12105011908","Census Tract 119.08; Polk County; Florida","1990","161",
"1400000US12105011909","Census Tract 119.09; Polk County; Florida","1459","228",
"1400000US12105011910","Census Tract 119.10; Polk County; Florida","576","35",
"1400000US12105011911","Census Tract 119.11; Polk County; Florida","2032","81",
"1400000US12105011912","Census Tract 119.12; Polk County; Florida","1191","144",
"1400000US12105011913","Census Tract 119.13; Polk County; Florida","1036","77",
"1400000US12105012001","Census Tract 120.01; Polk County; Florida","2080","173",
"1400000US12105012002","Census Tract 120.02; Polk County; Florida","2022","250",
"1400000US12105012003","Census Tract 120.03; Polk County; Florida","3491","306",
"1400000US12105012004","Census Tract 120.04; Polk County; Florida","1390","257",
"1400000US12105012113","Census Tract 121.13; Polk County; Florida","2632","257",
"1400000US12105012124","Census Tract 121.24; Polk County; Florida","2200","223",
"1400000US12105012125","Census Tract 121.25; Polk County; Florida","1111","121",
"1400000US12105012126","Census Tract 121.26; Polk County; Florida","1946","266",
"1400000US12105012127","Census Tract 121.27; Polk County; Florida","4018","312",
"1400000US12105012128","Census Tract 121.28; Polk County; Florida","2210","207",
"1400000US12105012130","Census Tract 121.30; Polk County; Florida","947","121",
"1400000US12105012131","Census Tract 121.31; Polk County; Florida","2027","228",
"1400000US12105012132","Census Tract 121.32; Polk County; Florida","1217","304",
"1400000US12105012133","Census Tract 121.33; Polk County; Florida","1830","314",
"1400000US12105012203","Census Tract 122.03; Polk County; Florida","1221","230",
"1400000US12105012207","Census Tract 122.07; Polk County; Florida","1678","210",
"1400000US12105012208","Census Tract 122.08; Polk County; Florida","1432","292",
"1400000US12105012209","Census Tract 122.09; Polk County; Florida","3257","219",
"1400000US12105012303","Census Tract 123.03; Polk County; Florida","1594","184",
"1400000US12105012304","Census Tract 123.04; Polk County; Florida","1976","151",
"1400000US12105012305","Census Tract 123.05; Polk County; Florida","559","78",
"1400000US12105012306","Census Tract 123.06; Polk County; Florida","926","90",
"1400000US12105012307","Census Tract 123.07; Polk County; Florida","1103","72",
"1400000US12105012309","Census Tract 123.09; Polk County; Florida","818","241",
"1400000US12105012404","Census Tract 124.04; Polk County; Florida","340","84",
"1400000US12105012405","Census Tract 124.05; Polk County; Florida","6461","517",
"1400000US12105012407","Census Tract 124.07; Polk County; Florida","640","103",
"1400000US12105012408","Census Tract 124.08; Polk County; Florida","2827","325",
"1400000US12105012409","Census Tract 124.09; Polk County; Florida","1369","151",
"1400000US12105012410","Census Tract 124.10; Polk County; Florida","1465","197",
"1400000US12105012411","Census Tract 124.11; Polk County; Florida","4059","405",
"1400000US12105012412","Census Tract 124.12; Polk County; Florida","3975","224",
"1400000US12105012413","Census Tract 124.13; Polk County; Florida","4798","519",
"1400000US12105012414","Census Tract 124.14; Polk County; Florida","1251","262",
"1400000US12105012415","Census Tract 124.15; Polk County; Florida","1937","246",
"1400000US12105012502","Census Tract 125.02; Polk County; Florida","6978","491",
"1400000US12105012506","Census Tract 125.06; Polk County; Florida","6373","579",
"1400000US12105012508","Census Tract 125.08; Polk County; Florida","1901","182",
"1400000US12105012509","Census Tract 125.09; Polk County; Florida","1611","221",
"1400000US12105012510","Census Tract 125.10; Polk County; Florida","1507","197",
"1400000US12105012511","Census Tract 125.11; Polk County; Florida","1923","277",
"1400000US12105012512","Census Tract 125.12; Polk County; Florida","2489","172",
"1400000US12105012513","Census Tract 125.13; Polk County; Florida","3241","437",
"1400000US12105012514","Census Tract 125.14; Polk County; Florida","5212","476",
"1400000US12105012515","Census Tract 125.15; Polk County; Florida","3369","327",
"1400000US12105012601","Census Tract 126.01; Polk County; Florida","3316","347",
"1400000US12105012602","Census Tract 126.02; Polk County; Florida","2083","233",
"1400000US12105012701","Census Tract 127.01; Polk County; Florida","1441","267",
"1400000US12105012702","Census Tract 127.02; Polk County; Florida","2454","378",
"1400000US12105012802","Census Tract 128.02; Polk County; Florida","2405","244",
"1400000US12105012803","Census Tract 128.03; Polk County; Florida","3093","367",
"1400000US12105012804","Census Tract 128.04; Polk County; Florida","3770","422",
"1400000US12105012900","Census Tract 129; Polk County; Florida","3089","348",
"1400000US12105013001","Census Tract 130.01; Polk County; Florida","1518","171",
"1400000US12105013002","Census Tract 130.02; Polk County; Florida","2622","290",
"1400000US12105013101","Census Tract 131.01; Polk County; Florida","1954","190",
"1400000US12105013102","Census Tract 131.02; Polk County; Florida","2027","198",
"1400000US12105013103","Census Tract 131.03; Polk County; Florida","508","107",
"1400000US12105013200","Census Tract 132; Polk County; Florida","893","128",
"1400000US12105013300","Census Tract 133; Polk County; Florida","1037","117",
"1400000US12105013400","Census Tract 134; Polk County; Florida","2477","307",
"1400000US12105013500","Census Tract 135; Polk County; Florida","1740","149",
"1400000US12105013601","Census Tract 136.01; Polk County; Florida","882","135",
"1400000US12105013602","Census Tract 136.02; Polk County; Florida","1747","206",
"1400000US12105013701","Census Tract 137.01; Polk County; Florida","1196","210",
"1400000US12105013702","Census Tract 137.02; Polk County; Florida","2872","311",
"1400000US12105013801","Census Tract 138.01; Polk County; Florida","1892","247",
"1400000US12105013802","Census Tract 138.02; Polk County; Florida","2918","326",
"1400000US12105013901","Census Tract 139.01; Polk County; Florida","1436","149",
"1400000US12105013902","Census Tract 139.02; Polk County; Florida","2155","183",
"1400000US12105014001","Census Tract 140.01; Polk County; Florida","2710","221",
"1400000US12105014003","Census Tract 140.03; Polk County; Florida","1721","179",
"1400000US12105014005","Census Tract 140.05; Polk County; Florida","1865","223",
"1400000US12105014006","Census Tract 140.06; Polk County; Florida","1468","193",
"1400000US12105014104","Census Tract 141.04; Polk County; Florida","1396","137",
"1400000US12105014121","Census Tract 141.21; Polk County; Florida","1491","267",
"1400000US12105014123","Census Tract 141.23; Polk County; Florida","3430","456",
"1400000US12105014124","Census Tract 141.24; Polk County; Florida","1484","198",
"1400000US12105014126","Census Tract 141.26; Polk County; Florida","2378","285",
"1400000US12105014127","Census Tract 141.27; Polk County; Florida","3254","423",
"1400000US12105014128","Census Tract 141.28; Polk County; Florida","3060","318",
"1400000US12105014129","Census Tract 141.29; Polk County; Florida","1731","218",
"1400000US12105014130","Census Tract 141.30; Polk County; Florida","1594","277",
"1400000US12105014131","Census Tract 141.31; Polk County; Florida","1178","170",
"1400000US12105014201","Census Tract 142.01; Polk County; Florida","2776","197",
"1400000US12105014202","Census Tract 142.02; Polk County; Florida","1330","175",
"1400000US12105014203","Census Tract 142.03; Polk County; Florida","3110","329",
"1400000US12105014301","Census Tract 143.01; Polk County; Florida","902","144",
"1400000US12105014303","Census Tract 143.03; Polk County; Florida","1477","162",
"1400000US12105014304","Census Tract 143.04; Polk County; Florida","1204","234",
"1400000US12105014401","Census Tract 144.01; Polk County; Florida","4760","497",
"1400000US12105014402","Census Tract 144.02; Polk County; Florida","635","121",
"1400000US12105014501","Census Tract 145.01; Polk County; Florida","4437","324",
"1400000US12105014502","Census Tract 145.02; Polk County; Florida","1039","115",
"1400000US12105014600","Census Tract 146; Polk County; Florida","1806","220",
"1400000US12105014701","Census Tract 147.01; Polk County; Florida","2541","237",
"1400000US12105014703","Census Tract 147.03; Polk County; Florida","1772","193",
"1400000US12105014704","Census Tract 147.04; Polk County; Florida","2487","341",
"1400000US12105014802","Census Tract 148.02; Polk County; Florida","1173","157",
"1400000US12105014803","Census Tract 148.03; Polk County; Florida","1729","178",
"1400000US12105014804","Census Tract 148.04; Polk County; Florida","4485","419",
"1400000US12105014903","Census Tract 149.03; Polk County; Florida","752","74",
"1400000US12105014904","Census Tract 149.04; Polk County; Florida","1604","217",
"1400000US12105014905","Census Tract 149.05; Polk County; Florida","799","84",
"1400000US12105014906","Census Tract 149.06; Polk County; Florida","3459","332",
"1400000US12105015000","Census Tract 150; Polk County; Florida","2299","242",
"1400000US12105015101","Census Tract 151.01; Polk County; Florida","1779","198",
"1400000US12105015102","Census Tract 151.02; Polk County; Florida","1036","128",
"1400000US12105015200","Census Tract 152; Polk County; Florida","1654","197",
"1400000US12105015301","Census Tract 153.01; Polk County; Florida","1779","172",
"1400000US12105015302","Census Tract 153.02; Polk County; Florida","1165","150",
"1400000US12105015401","Census Tract 154.01; Polk County; Florida","1306","156",
"1400000US12105015402","Census Tract 154.02; Polk County; Florida","1327","149",
"1400000US12105015404","Census Tract 154.04; Polk County; Florida","922","208",
"1400000US12105015405","Census Tract 154.05; Polk County; Florida","1486","110",
"1400000US12105015500","Census Tract 155; Polk County; Florida","2244","276",
"1400000US12105015600","Census Tract 156; Polk County; Florida","2544","188",
"1400000US12105015701","Census Tract 157.01; Polk County; Florida","1291","235",
"1400000US12105015702","Census Tract 157.02; Polk County; Florida","1583","219",
"1400000US12105015801","Census Tract 158.01; Polk County; Florida","1549","164",
"1400000US12105015802","Census Tract 158.02; Polk County; Florida","1100","194",
"1400000US12105015900","Census Tract 159; Polk County; Florida","880","98",
"1400000US12105016001","Census Tract 160.01; Polk County; Florida","1054","142",
"1400000US12105016002","Census Tract 160.02; Polk County; Florida","662","97",
"1400000US12105016003","Census Tract 160.03; Polk County; Florida","1359","226",
"1400000US12105016100","Census Tract 161; Polk County; Florida","568","128",
"1400000US12105016400","Census Tract 164; Polk County; Florida","1461","127",
"1400000US12105980000","Census Tract 9800; Polk County; Florida","0","15",
"1400000US12107950100","Census Tract 9501; Putnam County; Florida","2318","346",
"1400000US12107950201","Census Tract 9502.01; Putnam County; Florida","2978","265",
"1400000US12107950202","Census Tract 9502.02; Putnam County; Florida","1677","192",
"1400000US12107950300","Census Tract 9503; Putnam County; Florida","3405","322",
"1400000US12107950400","Census Tract 9504; Putnam County; Florida","1751","183",
"1400000US12107950500","Census Tract 9505; Putnam County; Florida","3037","246",
"1400000US12107950600","Census Tract 9506; Putnam County; Florida","2423","256",
"1400000US12107950700","Census Tract 9507; Putnam County; Florida","1600","238",
"1400000US12107950800","Census Tract 9508; Putnam County; Florida","1573","256",
"1400000US12107950900","Census Tract 9509; Putnam County; Florida","2660","356",
"1400000US12107951000","Census Tract 9510; Putnam County; Florida","1763","236",
"1400000US12107951100","Census Tract 9511; Putnam County; Florida","2728","305",
"1400000US12107951200","Census Tract 9512; Putnam County; Florida","3148","229",
"1400000US12107951300","Census Tract 9513; Putnam County; Florida","2511","279",
"1400000US12107951401","Census Tract 9514.01; Putnam County; Florida","1467","138",
"1400000US12107951402","Census Tract 9514.02; Putnam County; Florida","2026","190",
"1400000US12107980000","Census Tract 9800; Putnam County; Florida","0","15",
"1400000US12109020200","Census Tract 202; St. Johns County; Florida","1761","228",
"1400000US12109020300","Census Tract 203; St. Johns County; Florida","1909","233",
"1400000US12109020400","Census Tract 204; St. Johns County; Florida","1451","213",
"1400000US12109020500","Census Tract 205; St. Johns County; Florida","2218","280",
"1400000US12109020603","Census Tract 206.03; St. Johns County; Florida","1283","180",
"1400000US12109020604","Census Tract 206.04; St. Johns County; Florida","1699","194",
"1400000US12109020605","Census Tract 206.05; St. Johns County; Florida","7894","412",
"1400000US12109020606","Census Tract 206.06; St. Johns County; Florida","4753","445",
"1400000US12109020704","Census Tract 207.04; St. Johns County; Florida","1487","97",
"1400000US12109020705","Census Tract 207.05; St. Johns County; Florida","3260","326",
"1400000US12109020706","Census Tract 207.06; St. Johns County; Florida","1044","145",
"1400000US12109020707","Census Tract 207.07; St. Johns County; Florida","2957","216",
"1400000US12109020708","Census Tract 207.08; St. Johns County; Florida","3185","471",
"1400000US12109020710","Census Tract 207.10; St. Johns County; Florida","958","94",
"1400000US12109020712","Census Tract 207.12; St. Johns County; Florida","1180","140",
"1400000US12109020713","Census Tract 207.13; St. Johns County; Florida","1990","222",
"1400000US12109020801","Census Tract 208.01; St. Johns County; Florida","3551","310",
"1400000US12109020802","Census Tract 208.02; St. Johns County; Florida","1669","169",
"1400000US12109020803","Census Tract 208.03; St. Johns County; Florida","1925","292",
"1400000US12109020804","Census Tract 208.04; St. Johns County; Florida","1958","240",
"1400000US12109020807","Census Tract 208.07; St. Johns County; Florida","2680","240",
"1400000US12109020808","Census Tract 208.08; St. Johns County; Florida","4013","208",
"1400000US12109020809","Census Tract 208.09; St. Johns County; Florida","3169","606",
"1400000US12109020810","Census Tract 208.10; St. Johns County; Florida","3104","322",
"1400000US12109020811","Census Tract 208.11; St. Johns County; Florida","1033","111",
"1400000US12109020903","Census Tract 209.03; St. Johns County; Florida","2054","203",
"1400000US12109020904","Census Tract 209.04; St. Johns County; Florida","6658","469",
"1400000US12109020905","Census Tract 209.05; St. Johns County; Florida","4579","675",
"1400000US12109020906","Census Tract 209.06; St. Johns County; Florida","4400","452",
"1400000US12109020907","Census Tract 209.07; St. Johns County; Florida","4104","438",
"1400000US12109020908","Census Tract 209.08; St. Johns County; Florida","5438","644",
"1400000US12109021002","Census Tract 210.02; St. Johns County; Florida","2572","411",
"1400000US12109021003","Census Tract 210.03; St. Johns County; Florida","2792","258",
"1400000US12109021004","Census Tract 210.04; St. Johns County; Florida","1581","250",
"1400000US12109021101","Census Tract 211.01; St. Johns County; Florida","2521","389",
"1400000US12109021102","Census Tract 211.02; St. Johns County; Florida","2526","414",
"1400000US12109021103","Census Tract 211.03; St. Johns County; Florida","1317","148",
"1400000US12109021207","Census Tract 212.07; St. Johns County; Florida","1934","120",
"1400000US12109021208","Census Tract 212.08; St. Johns County; Florida","2890","328",
"1400000US12109021209","Census Tract 212.09; St. Johns County; Florida","2749","317",
"1400000US12109021210","Census Tract 212.10; St. Johns County; Florida","2229","216",
"1400000US12109021211","Census Tract 212.11; St. Johns County; Florida","2173","417",
"1400000US12109021301","Census Tract 213.01; St. Johns County; Florida","3601","333",
"1400000US12109021302","Census Tract 213.02; St. Johns County; Florida","2574","230",
"1400000US12109021403","Census Tract 214.03; St. Johns County; Florida","3028","400",
"1400000US12109021404","Census Tract 214.04; St. Johns County; Florida","1891","146",
"1400000US12109021408","Census Tract 214.08; St. Johns County; Florida","3850","351",
"1400000US12109021409","Census Tract 214.09; St. Johns County; Florida","1691","208",
"1400000US12109021410","Census Tract 214.10; St. Johns County; Florida","2221","298",
"1400000US12109990100","Census Tract 9901; St. Johns County; Florida","0","15",
"1400000US12109990200","Census Tract 9902; St. Johns County; Florida","0","15",
"1400000US12111380100","Census Tract 3801; St. Lucie County; Florida","628","93",
"1400000US12111380200","Census Tract 3802; St. Lucie County; Florida","1526","203",
"1400000US12111380300","Census Tract 3803; St. Lucie County; Florida","2704","318",
"1400000US12111380400","Census Tract 3804; St. Lucie County; Florida","2819","430",
"1400000US12111380500","Census Tract 3805; St. Lucie County; Florida","2521","260",
"1400000US12111380600","Census Tract 3806; St. Lucie County; Florida","1437","222",
"1400000US12111380700","Census Tract 3807; St. Lucie County; Florida","3931","433",
"1400000US12111380800","Census Tract 3808; St. Lucie County; Florida","1177","104",
"1400000US12111380901","Census Tract 3809.01; St. Lucie County; Florida","1726","543",
"1400000US12111380902","Census Tract 3809.02; St. Lucie County; Florida","1836","205",
"1400000US12111381000","Census Tract 3810; St. Lucie County; Florida","872","62",
"1400000US12111381103","Census Tract 3811.03; St. Lucie County; Florida","1244","126",
"1400000US12111381104","Census Tract 3811.04; St. Lucie County; Florida","830","127",
"1400000US12111381105","Census Tract 3811.05; St. Lucie County; Florida","1045","176",
"1400000US12111381106","Census Tract 3811.06; St. Lucie County; Florida","1424","428",
"1400000US12111381107","Census Tract 3811.07; St. Lucie County; Florida","1772","142",
"1400000US12111381204","Census Tract 3812.04; St. Lucie County; Florida","3801","373",
"1400000US12111381300","Census Tract 3813; St. Lucie County; Florida","4182","370",
"1400000US12111381401","Census Tract 3814.01; St. Lucie County; Florida","3034","441",
"1400000US12111381402","Census Tract 3814.02; St. Lucie County; Florida","3021","316",
"1400000US12111381504","Census Tract 3815.04; St. Lucie County; Florida","1650","267",
"1400000US12111381505","Census Tract 3815.05; St. Lucie County; Florida","2727","261",
"1400000US12111381506","Census Tract 3815.06; St. Lucie County; Florida","1507","137",
"1400000US12111381507","Census Tract 3815.07; St. Lucie County; Florida","2841","593",
"1400000US12111381508","Census Tract 3815.08; St. Lucie County; Florida","1462","156",
"1400000US12111381602","Census Tract 3816.02; St. Lucie County; Florida","2726","313",
"1400000US12111381603","Census Tract 3816.03; St. Lucie County; Florida","4307","319",
"1400000US12111381604","Census Tract 3816.04; St. Lucie County; Florida","692","55",
"1400000US12111381605","Census Tract 3816.05; St. Lucie County; Florida","2282","295",
"1400000US12111381701","Census Tract 3817.01; St. Lucie County; Florida","3796","291",
"1400000US12111381702","Census Tract 3817.02; St. Lucie County; Florida","2726","279",
"1400000US12111381802","Census Tract 3818.02; St. Lucie County; Florida","2199","243",
"1400000US12111381803","Census Tract 3818.03; St. Lucie County; Florida","2773","199",
"1400000US12111381804","Census Tract 3818.04; St. Lucie County; Florida","2920","316",
"1400000US12111381900","Census Tract 3819; St. Lucie County; Florida","3224","219",
"1400000US12111382007","Census Tract 3820.07; St. Lucie County; Florida","2186","251",
"1400000US12111382008","Census Tract 3820.08; St. Lucie County; Florida","3560","352",
"1400000US12111382009","Census Tract 3820.09; St. Lucie County; Florida","2398","394",
"1400000US12111382010","Census Tract 3820.10; St. Lucie County; Florida","1257","128",
"1400000US12111382011","Census Tract 3820.11; St. Lucie County; Florida","1093","156",
"1400000US12111382012","Census Tract 3820.12; St. Lucie County; Florida","2482","274",
"1400000US12111382013","Census Tract 3820.13; St. Lucie County; Florida","1366","218",
"1400000US12111382014","Census Tract 3820.14; St. Lucie County; Florida","2981","341",
"1400000US12111382015","Census Tract 3820.15; St. Lucie County; Florida","1642","366",
"1400000US12111382016","Census Tract 3820.16; St. Lucie County; Florida","3295","309",
"1400000US12111382110","Census Tract 3821.10; St. Lucie County; Florida","2650","219",
"1400000US12111382112","Census Tract 3821.12; St. Lucie County; Florida","4813","827",
"1400000US12111382114","Census Tract 3821.14; St. Lucie County; Florida","2271","198",
"1400000US12111382115","Census Tract 3821.15; St. Lucie County; Florida","3153","576",
"1400000US12111382116","Census Tract 3821.16; St. Lucie County; Florida","2350","320",
"1400000US12111382117","Census Tract 3821.17; St. Lucie County; Florida","2809","169",
"1400000US12111382118","Census Tract 3821.18; St. Lucie County; Florida","1840","396",
"1400000US12111382119","Census Tract 3821.19; St. Lucie County; Florida","3006","319",
"1400000US12111382120","Census Tract 3821.20; St. Lucie County; Florida","1777","167",
"1400000US12111382121","Census Tract 3821.21; St. Lucie County; Florida","1883","182",
"1400000US12111382122","Census Tract 3821.22; St. Lucie County; Florida","3500","401",
"1400000US12111382123","Census Tract 3821.23; St. Lucie County; Florida","1621","224",
"1400000US12111382124","Census Tract 3821.24; St. Lucie County; Florida","1135","98",
"1400000US12111382125","Census Tract 3821.25; St. Lucie County; Florida","1199","158",
"1400000US12111382126","Census Tract 3821.26; St. Lucie County; Florida","9868","735",
"1400000US12111382127","Census Tract 3821.27; St. Lucie County; Florida","3849","410",
"1400000US12111382128","Census Tract 3821.28; St. Lucie County; Florida","1675","239",
"1400000US12111382129","Census Tract 3821.29; St. Lucie County; Florida","3273","427",
"1400000US12111382130","Census Tract 3821.30; St. Lucie County; Florida","1342","152",
"1400000US12111382201","Census Tract 3822.01; St. Lucie County; Florida","2532","280",
"1400000US12111382202","Census Tract 3822.02; St. Lucie County; Florida","1978","129",
"1400000US12111980000","Census Tract 9800; St. Lucie County; Florida","0","15",
"1400000US12111990000","Census Tract 9900; St. Lucie County; Florida","0","15",
"1400000US12113010100","Census Tract 101; Santa Rosa County; Florida","1721","219",
"1400000US12113010200","Census Tract 102; Santa Rosa County; Florida","2076","241",
"1400000US12113010301","Census Tract 103.01; Santa Rosa County; Florida","2557","248",
"1400000US12113010302","Census Tract 103.02; Santa Rosa County; Florida","1934","208",
"1400000US12113010303","Census Tract 103.03; Santa Rosa County; Florida","2040","338",
"1400000US12113010400","Census Tract 104; Santa Rosa County; Florida","1381","249",
"1400000US12113010503","Census Tract 105.03; Santa Rosa County; Florida","2970","444",
"1400000US12113010504","Census Tract 105.04; Santa Rosa County; Florida","2870","421",
"1400000US12113010505","Census Tract 105.05; Santa Rosa County; Florida","1814","174",
"1400000US12113010506","Census Tract 105.06; Santa Rosa County; Florida","1875","258",
"1400000US12113010601","Census Tract 106.01; Santa Rosa County; Florida","2443","353",
"1400000US12113010602","Census Tract 106.02; Santa Rosa County; Florida","791","170",
"1400000US12113010704","Census Tract 107.04; Santa Rosa County; Florida","2972","301",
"1400000US12113010705","Census Tract 107.05; Santa Rosa County; Florida","1466","170",
"1400000US12113010707","Census Tract 107.07; Santa Rosa County; Florida","1757","131",
"1400000US12113010708","Census Tract 107.08; Santa Rosa County; Florida","2667","317",
"1400000US12113010709","Census Tract 107.09; Santa Rosa County; Florida","2410","302",
"1400000US12113010710","Census Tract 107.10; Santa Rosa County; Florida","1053","87",
"1400000US12113010711","Census Tract 107.11; Santa Rosa County; Florida","1839","182",
"1400000US12113010712","Census Tract 107.12; Santa Rosa County; Florida","2120","498",
"1400000US12113010802","Census Tract 108.02; Santa Rosa County; Florida","2153","148",
"1400000US12113010808","Census Tract 108.08; Santa Rosa County; Florida","2213","192",
"1400000US12113010809","Census Tract 108.09; Santa Rosa County; Florida","2550","388",
"1400000US12113010812","Census Tract 108.12; Santa Rosa County; Florida","2223","279",
"1400000US12113010813","Census Tract 108.13; Santa Rosa County; Florida","2760","279",
"1400000US12113010814","Census Tract 108.14; Santa Rosa County; Florida","2751","227",
"1400000US12113010820","Census Tract 108.20; Santa Rosa County; Florida","2922","492",
"1400000US12113010821","Census Tract 108.21; Santa Rosa County; Florida","2176","140",
"1400000US12113010822","Census Tract 108.22; Santa Rosa County; Florida","1903","169",
"1400000US12113010823","Census Tract 108.23; Santa Rosa County; Florida","2538","281",
"1400000US12113010824","Census Tract 108.24; Santa Rosa County; Florida","2318","333",
"1400000US12113010825","Census Tract 108.25; Santa Rosa County; Florida","2740","286",
"1400000US12113010826","Census Tract 108.26; Santa Rosa County; Florida","1176","117",
"1400000US12113010827","Census Tract 108.27; Santa Rosa County; Florida","3202","206",
"1400000US12113010828","Census Tract 108.28; Santa Rosa County; Florida","2445","410",
"1400000US12113010900","Census Tract 109; Santa Rosa County; Florida","3176","241",
"1400000US12113990000","Census Tract 9900; Santa Rosa County; Florida","0","15",
"1400000US12115000102","Census Tract 1.02; Sarasota County; Florida","2705","221",
"1400000US12115000103","Census Tract 1.03; Sarasota County; Florida","3811","317",
"1400000US12115000104","Census Tract 1.04; Sarasota County; Florida","1470","151",
"1400000US12115000200","Census Tract 2; Sarasota County; Florida","2157","204",
"1400000US12115000300","Census Tract 3; Sarasota County; Florida","1728","232",
"1400000US12115000401","Census Tract 4.01; Sarasota County; Florida","2473","213",
"1400000US12115000404","Census Tract 4.04; Sarasota County; Florida","943","79",
"1400000US12115000405","Census Tract 4.05; Sarasota County; Florida","1363","142",
"1400000US12115000406","Census Tract 4.06; Sarasota County; Florida","1716","142",
"1400000US12115000407","Census Tract 4.07; Sarasota County; Florida","2193","203",
"1400000US12115000501","Census Tract 5.01; Sarasota County; Florida","1079","105",
"1400000US12115000502","Census Tract 5.02; Sarasota County; Florida","1671","249",
"1400000US12115000503","Census Tract 5.03; Sarasota County; Florida","2396","214",
"1400000US12115000601","Census Tract 6.01; Sarasota County; Florida","1141","115",
"1400000US12115000602","Census Tract 6.02; Sarasota County; Florida","1860","168",
"1400000US12115000700","Census Tract 7; Sarasota County; Florida","3134","363",
"1400000US12115000801","Census Tract 8.01; Sarasota County; Florida","2953","193",
"1400000US12115000802","Census Tract 8.02; Sarasota County; Florida","3295","274",
"1400000US12115000900","Census Tract 9; Sarasota County; Florida","1364","138",
"1400000US12115001000","Census Tract 10; Sarasota County; Florida","1588","142",
"1400000US12115001101","Census Tract 11.01; Sarasota County; Florida","2677","186",
"1400000US12115001102","Census Tract 11.02; Sarasota County; Florida","2612","344",
"1400000US12115001202","Census Tract 12.02; Sarasota County; Florida","1687","127",
"1400000US12115001203","Census Tract 12.03; Sarasota County; Florida","3301","288",
"1400000US12115001204","Census Tract 12.04; Sarasota County; Florida","2857","254",
"1400000US12115001205","Census Tract 12.05; Sarasota County; Florida","2135","293",
"1400000US12115001206","Census Tract 12.06; Sarasota County; Florida","1435","147",
"1400000US12115001301","Census Tract 13.01; Sarasota County; Florida","2069","205",
"1400000US12115001302","Census Tract 13.02; Sarasota County; Florida","2371","276",
"1400000US12115001303","Census Tract 13.03; Sarasota County; Florida","1766","203",
"1400000US12115001304","Census Tract 13.04; Sarasota County; Florida","1164","132",
"1400000US12115001402","Census Tract 14.02; Sarasota County; Florida","1684","151",
"1400000US12115001403","Census Tract 14.03; Sarasota County; Florida","3822","342",
"1400000US12115001404","Census Tract 14.04; Sarasota County; Florida","2913","354",
"1400000US12115001405","Census Tract 14.05; Sarasota County; Florida","2379","175",
"1400000US12115001503","Census Tract 15.03; Sarasota County; Florida","1447","172",
"1400000US12115001504","Census Tract 15.04; Sarasota County; Florida","1227","80",
"1400000US12115001505","Census Tract 15.05; Sarasota County; Florida","1703","148",
"1400000US12115001508","Census Tract 15.08; Sarasota County; Florida","1256","141",
"1400000US12115001509","Census Tract 15.09; Sarasota County; Florida","1617","117",
"1400000US12115001510","Census Tract 15.10; Sarasota County; Florida","2553","284",
"1400000US12115001511","Census Tract 15.11; Sarasota County; Florida","1807","188",
"1400000US12115001601","Census Tract 16.01; Sarasota County; Florida","2069","128",
"1400000US12115001602","Census Tract 16.02; Sarasota County; Florida","2397","258",
"1400000US12115001702","Census Tract 17.02; Sarasota County; Florida","2624","223",
"1400000US12115001703","Census Tract 17.03; Sarasota County; Florida","2210","249",
"1400000US12115001704","Census Tract 17.04; Sarasota County; Florida","1629","158",
"1400000US12115001801","Census Tract 18.01; Sarasota County; Florida","2179","237",
"1400000US12115001803","Census Tract 18.03; Sarasota County; Florida","1672","193",
"1400000US12115001804","Census Tract 18.04; Sarasota County; Florida","1301","115",
"1400000US12115001805","Census Tract 18.05; Sarasota County; Florida","1266","144",
"1400000US12115001903","Census Tract 19.03; Sarasota County; Florida","1501","115",
"1400000US12115001904","Census Tract 19.04; Sarasota County; Florida","2410","196",
"1400000US12115001905","Census Tract 19.05; Sarasota County; Florida","2796","186",
"1400000US12115001909","Census Tract 19.09; Sarasota County; Florida","3597","238",
"1400000US12115002003","Census Tract 20.03; Sarasota County; Florida","2915","438",
"1400000US12115002004","Census Tract 20.04; Sarasota County; Florida","2709","289",
"1400000US12115002007","Census Tract 20.07; Sarasota County; Florida","2172","154",
"1400000US12115002008","Census Tract 20.08; Sarasota County; Florida","2070","375",
"1400000US12115002011","Census Tract 20.11; Sarasota County; Florida","928","238",
"1400000US12115002012","Census Tract 20.12; Sarasota County; Florida","2513","453",
"1400000US12115002013","Census Tract 20.13; Sarasota County; Florida","2261","201",
"1400000US12115002014","Census Tract 20.14; Sarasota County; Florida","4086","369",
"1400000US12115002015","Census Tract 20.15; Sarasota County; Florida","1273","132",
"1400000US12115002016","Census Tract 20.16; Sarasota County; Florida","2784","193",
"1400000US12115002101","Census Tract 21.01; Sarasota County; Florida","1805","213",
"1400000US12115002102","Census Tract 21.02; Sarasota County; Florida","1997","167",
"1400000US12115002201","Census Tract 22.01; Sarasota County; Florida","2035","143",
"1400000US12115002203","Census Tract 22.03; Sarasota County; Florida","2541","234",
"1400000US12115002204","Census Tract 22.04; Sarasota County; Florida","1366","233",
"1400000US12115002205","Census Tract 22.05; Sarasota County; Florida","1501","103",
"1400000US12115002302","Census Tract 23.02; Sarasota County; Florida","2829","364",
"1400000US12115002304","Census Tract 23.04; Sarasota County; Florida","2817","233",
"1400000US12115002305","Census Tract 23.05; Sarasota County; Florida","1850","164",
"1400000US12115002306","Census Tract 23.06; Sarasota County; Florida","2163","208",
"1400000US12115002307","Census Tract 23.07; Sarasota County; Florida","1332","144",
"1400000US12115002401","Census Tract 24.01; Sarasota County; Florida","2818","285",
"1400000US12115002403","Census Tract 24.03; Sarasota County; Florida","1301","154",
"1400000US12115002404","Census Tract 24.04; Sarasota County; Florida","1401","131",
"1400000US12115002504","Census Tract 25.04; Sarasota County; Florida","1470","110",
"1400000US12115002505","Census Tract 25.05; Sarasota County; Florida","1069","82",
"1400000US12115002507","Census Tract 25.07; Sarasota County; Florida","2693","216",
"1400000US12115002508","Census Tract 25.08; Sarasota County; Florida","1772","208",
"1400000US12115002509","Census Tract 25.09; Sarasota County; Florida","3058","586",
"1400000US12115002510","Census Tract 25.10; Sarasota County; Florida","2105","220",
"1400000US12115002511","Census Tract 25.11; Sarasota County; Florida","1625","170",
"1400000US12115002601","Census Tract 26.01; Sarasota County; Florida","1898","211",
"1400000US12115002602","Census Tract 26.02; Sarasota County; Florida","1775","153",
"1400000US12115002603","Census Tract 26.03; Sarasota County; Florida","1173","163",
"1400000US12115002604","Census Tract 26.04; Sarasota County; Florida","2131","225",
"1400000US12115002605","Census Tract 26.05; Sarasota County; Florida","1568","142",
"1400000US12115002710","Census Tract 27.10; Sarasota County; Florida","2038","279",
"1400000US12115002714","Census Tract 27.14; Sarasota County; Florida","3338","461",
"1400000US12115002716","Census Tract 27.16; Sarasota County; Florida","4564","347",
"1400000US12115002720","Census Tract 27.20; Sarasota County; Florida","1953","196",
"1400000US12115002721","Census Tract 27.21; Sarasota County; Florida","2495","179",
"1400000US12115002723","Census Tract 27.23; Sarasota County; Florida","1931","209",
"1400000US12115002724","Census Tract 27.24; Sarasota County; Florida","2176","250",
"1400000US12115002725","Census Tract 27.25; Sarasota County; Florida","3792","351",
"1400000US12115002726","Census Tract 27.26; Sarasota County; Florida","3695","286",
"1400000US12115002727","Census Tract 27.27; Sarasota County; Florida","998","179",
"1400000US12115002728","Census Tract 27.28; Sarasota County; Florida","1745","277",
"1400000US12115002729","Census Tract 27.29; Sarasota County; Florida","1809","288",
"1400000US12115002730","Census Tract 27.30; Sarasota County; Florida","1783","165",
"1400000US12115002731","Census Tract 27.31; Sarasota County; Florida","3339","558",
"1400000US12115002732","Census Tract 27.32; Sarasota County; Florida","3185","315",
"1400000US12115002733","Census Tract 27.33; Sarasota County; Florida","2472","232",
"1400000US12115002734","Census Tract 27.34; Sarasota County; Florida","5541","462",
"1400000US12115002735","Census Tract 27.35; Sarasota County; Florida","2015","216",
"1400000US12115002736","Census Tract 27.36; Sarasota County; Florida","2099","216",
"1400000US12115002737","Census Tract 27.37; Sarasota County; Florida","3436","560",
"1400000US12115002738","Census Tract 27.38; Sarasota County; Florida","2186","207",
"1400000US12115002739","Census Tract 27.39; Sarasota County; Florida","1902","328",
"1400000US12115002740","Census Tract 27.40; Sarasota County; Florida","2186","326",
"1400000US12115002741","Census Tract 27.41; Sarasota County; Florida","2054","357",
"1400000US12115002742","Census Tract 27.42; Sarasota County; Florida","3141","291",
"1400000US12115002743","Census Tract 27.43; Sarasota County; Florida","2003","368",
"1400000US12115002744","Census Tract 27.44; Sarasota County; Florida","1388","98",
"1400000US12115002745","Census Tract 27.45; Sarasota County; Florida","2521","303",
"1400000US12115002746","Census Tract 27.46; Sarasota County; Florida","2702","412",
"1400000US12115002747","Census Tract 27.47; Sarasota County; Florida","909","30",
"1400000US12115002748","Census Tract 27.48; Sarasota County; Florida","2119","367",
"1400000US12115990000","Census Tract 9900; Sarasota County; Florida","0","15",
"1400000US12117020101","Census Tract 201.01; Seminole County; Florida","1021","217",
"1400000US12117020102","Census Tract 201.02; Seminole County; Florida","592","75",
"1400000US12117020201","Census Tract 202.01; Seminole County; Florida","807","99",
"1400000US12117020202","Census Tract 202.02; Seminole County; Florida","1723","163",
"1400000US12117020301","Census Tract 203.01; Seminole County; Florida","1092","148",
"1400000US12117020302","Census Tract 203.02; Seminole County; Florida","737","87",
"1400000US12117020401","Census Tract 204.01; Seminole County; Florida","696","133",
"1400000US12117020402","Census Tract 204.02; Seminole County; Florida","1251","291",
"1400000US12117020500","Census Tract 205; Seminole County; Florida","1386","180",
"1400000US12117020601","Census Tract 206.01; Seminole County; Florida","3962","346",
"1400000US12117020602","Census Tract 206.02; Seminole County; Florida","3176","410",
"1400000US12117020703","Census Tract 207.03; Seminole County; Florida","1982","141",
"1400000US12117020704","Census Tract 207.04; Seminole County; Florida","3537","261",
"1400000US12117020705","Census Tract 207.05; Seminole County; Florida","1363","164",
"1400000US12117020706","Census Tract 207.06; Seminole County; Florida","4032","434",
"1400000US12117020707","Census Tract 207.07; Seminole County; Florida","3240","396",
"1400000US12117020803","Census Tract 208.03; Seminole County; Florida","2208","155",
"1400000US12117020805","Census Tract 208.05; Seminole County; Florida","3779","330",
"1400000US12117020806","Census Tract 208.06; Seminole County; Florida","2842","401",
"1400000US12117020807","Census Tract 208.07; Seminole County; Florida","2901","231",
"1400000US12117020808","Census Tract 208.08; Seminole County; Florida","1444","121",
"1400000US12117020810","Census Tract 208.10; Seminole County; Florida","1495","145",
"1400000US12117020811","Census Tract 208.11; Seminole County; Florida","3059","344",
"1400000US12117020812","Census Tract 208.12; Seminole County; Florida","2765","522",
"1400000US12117020901","Census Tract 209.01; Seminole County; Florida","2151","316",
"1400000US12117020902","Census Tract 209.02; Seminole County; Florida","1327","251",
"1400000US12117020904","Census Tract 209.04; Seminole County; Florida","2583","227",
"1400000US12117020905","Census Tract 209.05; Seminole County; Florida","1774","188",
"1400000US12117021000","Census Tract 210; Seminole County; Florida","2299","226",
"1400000US12117021100","Census Tract 211; Seminole County; Florida","2086","181",
"1400000US12117021201","Census Tract 212.01; Seminole County; Florida","2460","236",
"1400000US12117021203","Census Tract 212.03; Seminole County; Florida","1815","165",
"1400000US12117021205","Census Tract 212.05; Seminole County; Florida","1543","119",
"1400000US12117021206","Census Tract 212.06; Seminole County; Florida","1723","154",
"1400000US12117021306","Census Tract 213.06; Seminole County; Florida","4095","394",
"1400000US12117021307","Census Tract 213.07; Seminole County; Florida","2764","304",
"1400000US12117021311","Census Tract 213.11; Seminole County; Florida","2012","204",
"1400000US12117021312","Census Tract 213.12; Seminole County; Florida","2439","343",
"1400000US12117021313","Census Tract 213.13; Seminole County; Florida","3250","452",
"1400000US12117021314","Census Tract 213.14; Seminole County; Florida","1868","140",
"1400000US12117021315","Census Tract 213.15; Seminole County; Florida","2792","238",
"1400000US12117021316","Census Tract 213.16; Seminole County; Florida","1515","223",
"1400000US12117021317","Census Tract 213.17; Seminole County; Florida","3213","197",
"1400000US12117021318","Census Tract 213.18; Seminole County; Florida","3171","260",
"1400000US12117021319","Census Tract 213.19; Seminole County; Florida","549","58",
"1400000US12117021320","Census Tract 213.20; Seminole County; Florida","2676","290",
"1400000US12117021321","Census Tract 213.21; Seminole County; Florida","1034","120",
"1400000US12117021401","Census Tract 214.01; Seminole County; Florida","3571","334",
"1400000US12117021403","Census Tract 214.03; Seminole County; Florida","3347","366",
"1400000US12117021404","Census Tract 214.04; Seminole County; Florida","3951","489",
"1400000US12117021504","Census Tract 215.04; Seminole County; Florida","1344","189",
"1400000US12117021505","Census Tract 215.05; Seminole County; Florida","1945","199",
"1400000US12117021506","Census Tract 215.06; Seminole County; Florida","1560","167",
"1400000US12117021507","Census Tract 215.07; Seminole County; Florida","3486","298",
"1400000US12117021604","Census Tract 216.04; Seminole County; Florida","1708","198",
"1400000US12117021606","Census Tract 216.06; Seminole County; Florida","2744","225",
"1400000US12117021608","Census Tract 216.08; Seminole County; Florida","2819","354",
"1400000US12117021609","Census Tract 216.09; Seminole County; Florida","1140","163",
"1400000US12117021611","Census Tract 216.11; Seminole County; Florida","1692","115",
"1400000US12117021612","Census Tract 216.12; Seminole County; Florida","1766","250",
"1400000US12117021613","Census Tract 216.13; Seminole County; Florida","1769","191",
"1400000US12117021614","Census Tract 216.14; Seminole County; Florida","2228","316",
"1400000US12117021617","Census Tract 216.17; Seminole County; Florida","3625","328",
"1400000US12117021704","Census Tract 217.04; Seminole County; Florida","1870","266",
"1400000US12117021705","Census Tract 217.05; Seminole County; Florida","2695","277",
"1400000US12117021706","Census Tract 217.06; Seminole County; Florida","1895","237",
"1400000US12117021707","Census Tract 217.07; Seminole County; Florida","3137","260",
"1400000US12117021708","Census Tract 217.08; Seminole County; Florida","2550","246",
"1400000US12117021802","Census Tract 218.02; Seminole County; Florida","2033","215",
"1400000US12117021803","Census Tract 218.03; Seminole County; Florida","2030","630",
"1400000US12117021805","Census Tract 218.05; Seminole County; Florida","734","138",
"1400000US12117021806","Census Tract 218.06; Seminole County; Florida","3256","409",
"1400000US12117021901","Census Tract 219.01; Seminole County; Florida","2841","245",
"1400000US12117021902","Census Tract 219.02; Seminole County; Florida","2119","222",
"1400000US12117022001","Census Tract 220.01; Seminole County; Florida","1023","114",
"1400000US12117022002","Census Tract 220.02; Seminole County; Florida","2335","238",
"1400000US12117022004","Census Tract 220.04; Seminole County; Florida","1242","168",
"1400000US12117022006","Census Tract 220.06; Seminole County; Florida","1693","170",
"1400000US12117022007","Census Tract 220.07; Seminole County; Florida","1812","271",
"1400000US12117022101","Census Tract 221.01; Seminole County; Florida","3520","439",
"1400000US12117022104","Census Tract 221.04; Seminole County; Florida","2741","339",
"1400000US12117022105","Census Tract 221.05; Seminole County; Florida","1416","90",
"1400000US12117022106","Census Tract 221.06; Seminole County; Florida","3467","285",
"1400000US12117022201","Census Tract 222.01; Seminole County; Florida","2940","364",
"1400000US12117022205","Census Tract 222.05; Seminole County; Florida","1653","143",
"1400000US12117022206","Census Tract 222.06; Seminole County; Florida","3243","387",
"1400000US12117022207","Census Tract 222.07; Seminole County; Florida","2777","330",
"1400000US12117022208","Census Tract 222.08; Seminole County; Florida","1985","186",
"1400000US12117022209","Census Tract 222.09; Seminole County; Florida","1634","152",
"1400000US12119910100","Census Tract 9101; Sumter County; Florida","2173","260",
"1400000US12119910300","Census Tract 9103; Sumter County; Florida","5178","359",
"1400000US12119910401","Census Tract 9104.01; Sumter County; Florida","2196","248",
"1400000US12119910402","Census Tract 9104.02; Sumter County; Florida","1549","314",
"1400000US12119910500","Census Tract 9105; Sumter County; Florida","2514","313",
"1400000US12119910601","Census Tract 9106.01; Sumter County; Florida","2686","347",
"1400000US12119910602","Census Tract 9106.02; Sumter County; Florida","1628","227",
"1400000US12119910701","Census Tract 9107.01; Sumter County; Florida","1339","292",
"1400000US12119910702","Census Tract 9107.02; Sumter County; Florida","1755","245",
"1400000US12119910800","Census Tract 9108; Sumter County; Florida","3234","286",
"1400000US12119911000","Census Tract 9110; Sumter County; Florida","87","50",
"1400000US12119911201","Census Tract 9112.01; Sumter County; Florida","3542","532",
"1400000US12119911202","Census Tract 9112.02; Sumter County; Florida","2541","512",
"1400000US12119911203","Census Tract 9112.03; Sumter County; Florida","4290","448",
"1400000US12119911204","Census Tract 9112.04; Sumter County; Florida","7394","755",
"1400000US12119911205","Census Tract 9112.05; Sumter County; Florida","2153","241",
"1400000US12119911206","Census Tract 9112.06; Sumter County; Florida","4343","689",
"1400000US12119911207","Census Tract 9112.07; Sumter County; Florida","3894","726",
"1400000US12119911301","Census Tract 9113.01; Sumter County; Florida","5126","334",
"1400000US12119911302","Census Tract 9113.02; Sumter County; Florida","564","148",
"1400000US12119911401","Census Tract 9114.01; Sumter County; Florida","3978","322",
"1400000US12119911402","Census Tract 9114.02; Sumter County; Florida","9360","683",
"1400000US12119911500","Census Tract 9115; Sumter County; Florida","1344","182",
"1400000US12119911702","Census Tract 9117.02; Sumter County; Florida","3786","561",
"1400000US12119911703","Census Tract 9117.03; Sumter County; Florida","3392","633",
"1400000US12119911704","Census Tract 9117.04; Sumter County; Florida","4022","357",
"1400000US12119980000","Census Tract 9800; Sumter County; Florida","0","15",
"1400000US12119980100","Census Tract 9801; Sumter County; Florida","0","21",
"1400000US12121970100","Census Tract 9701; Suwannee County; Florida","2601","352",
"1400000US12121970200","Census Tract 9702; Suwannee County; Florida","2098","237",
"1400000US12121970301","Census Tract 9703.01; Suwannee County; Florida","895","105",
"1400000US12121970303","Census Tract 9703.03; Suwannee County; Florida","1420","230",
"1400000US12121970304","Census Tract 9703.04; Suwannee County; Florida","2211","287",
"1400000US12121970401","Census Tract 9704.01; Suwannee County; Florida","1306","169",
"1400000US12121970402","Census Tract 9704.02; Suwannee County; Florida","1602","216",
"1400000US12121970501","Census Tract 9705.01; Suwannee County; Florida","1912","229",
"1400000US12121970502","Census Tract 9705.02; Suwannee County; Florida","1993","245",
"1400000US12121970601","Census Tract 9706.01; Suwannee County; Florida","1335","213",
"1400000US12121970602","Census Tract 9706.02; Suwannee County; Florida","1808","180",
"1400000US12123950100","Census Tract 9501; Taylor County; Florida","1483","192",
"1400000US12123950201","Census Tract 9502.01; Taylor County; Florida","812","199",
"1400000US12123950202","Census Tract 9502.02; Taylor County; Florida","1598","220",
"1400000US12123950301","Census Tract 9503.01; Taylor County; Florida","1310","213",
"1400000US12123950302","Census Tract 9503.02; Taylor County; Florida","1606","249",
"1400000US12123950401","Census Tract 9504.01; Taylor County; Florida","2165","276",
"1400000US12123950402","Census Tract 9504.02; Taylor County; Florida","2285","268",
"1400000US12123990000","Census Tract 9900; Taylor County; Florida","0","15",
"1400000US12125960100","Census Tract 9601; Union County; Florida","934","182",
"1400000US12125960201","Census Tract 9602.01; Union County; Florida","906","107",
"1400000US12125960202","Census Tract 9602.02; Union County; Florida","912","122",
"1400000US12125960300","Census Tract 9603; Union County; Florida","2080","172",
"1400000US12127080101","Census Tract 801.01; Volusia County; Florida","2274","262",
"1400000US12127080102","Census Tract 801.02; Volusia County; Florida","3688","352",
"1400000US12127080201","Census Tract 802.01; Volusia County; Florida","1973","168",
"1400000US12127080202","Census Tract 802.02; Volusia County; Florida","1994","206",
"1400000US12127080300","Census Tract 803; Volusia County; Florida","2808","282",
"1400000US12127080400","Census Tract 804; Volusia County; Florida","2118","219",
"1400000US12127080500","Census Tract 805; Volusia County; Florida","1629","188",
"1400000US12127080600","Census Tract 806; Volusia County; Florida","2031","245",
"1400000US12127080700","Census Tract 807; Volusia County; Florida","2069","195",
"1400000US12127080803","Census Tract 808.03; Volusia County; Florida","2352","275",
"1400000US12127080805","Census Tract 808.05; Volusia County; Florida","3174","423",
"1400000US12127080806","Census Tract 808.06; Volusia County; Florida","1160","103",
"1400000US12127080807","Census Tract 808.07; Volusia County; Florida","2580","255",
"1400000US12127080808","Census Tract 808.08; Volusia County; Florida","3595","434",
"1400000US12127080809","Census Tract 808.09; Volusia County; Florida","1612","385",
"1400000US12127080901","Census Tract 809.01; Volusia County; Florida","2218","248",
"1400000US12127080902","Census Tract 809.02; Volusia County; Florida","1756","216",
"1400000US12127081001","Census Tract 810.01; Volusia County; Florida","1228","184",
"1400000US12127081002","Census Tract 810.02; Volusia County; Florida","1607","213",
"1400000US12127081101","Census Tract 811.01; Volusia County; Florida","2252","194",
"1400000US12127081102","Census Tract 811.02; Volusia County; Florida","1285","159",
"1400000US12127081201","Census Tract 812.01; Volusia County; Florida","2359","313",
"1400000US12127081202","Census Tract 812.02; Volusia County; Florida","868","58",
"1400000US12127081300","Census Tract 813; Volusia County; Florida","1677","163",
"1400000US12127081500","Census Tract 815; Volusia County; Florida","1114","185",
"1400000US12127081600","Census Tract 816; Volusia County; Florida","1100","122",
"1400000US12127081701","Census Tract 817.01; Volusia County; Florida","1219","122",
"1400000US12127081702","Census Tract 817.02; Volusia County; Florida","2087","237",
"1400000US12127081800","Census Tract 818; Volusia County; Florida","1139","141",
"1400000US12127081900","Census Tract 819; Volusia County; Florida","965","150",
"1400000US12127082000","Census Tract 820; Volusia County; Florida","1053","153",
"1400000US12127082100","Census Tract 821; Volusia County; Florida","2234","302",
"1400000US12127082201","Census Tract 822.01; Volusia County; Florida","2632","305",
"1400000US12127082202","Census Tract 822.02; Volusia County; Florida","815","120",
"1400000US12127082302","Census Tract 823.02; Volusia County; Florida","3039","259",
"1400000US12127082303","Census Tract 823.03; Volusia County; Florida","2116","207",
"1400000US12127082401","Census Tract 824.01; Volusia County; Florida","2438","208",
"1400000US12127082404","Census Tract 824.04; Volusia County; Florida","1450","163",
"1400000US12127082405","Census Tract 824.05; Volusia County; Florida","2345","252",
"1400000US12127082406","Census Tract 824.06; Volusia County; Florida","1262","144",
"1400000US12127082410","Census Tract 824.10; Volusia County; Florida","3308","344",
"1400000US12127082411","Census Tract 824.11; Volusia County; Florida","2215","164",
"1400000US12127082412","Census Tract 824.12; Volusia County; Florida","1495","128",
"1400000US12127082413","Census Tract 824.13; Volusia County; Florida","1590","154",
"1400000US12127082414","Census Tract 824.14; Volusia County; Florida","2640","217",
"1400000US12127082415","Census Tract 824.15; Volusia County; Florida","1807","239",
"1400000US12127082503","Census Tract 825.03; Volusia County; Florida","2934","321",
"1400000US12127082506","Census Tract 825.06; Volusia County; Florida","2727","496",
"1400000US12127082508","Census Tract 825.08; Volusia County; Florida","1913","155",
"1400000US12127082509","Census Tract 825.09; Volusia County; Florida","1730","137",
"1400000US12127082510","Census Tract 825.10; Volusia County; Florida","2378","245",
"1400000US12127082511","Census Tract 825.11; Volusia County; Florida","1524","178",
"1400000US12127082512","Census Tract 825.12; Volusia County; Florida","2581","356",
"1400000US12127082513","Census Tract 825.13; Volusia County; Florida","724","76",
"1400000US12127082604","Census Tract 826.04; Volusia County; Florida","2968","294",
"1400000US12127082605","Census Tract 826.05; Volusia County; Florida","3405","311",
"1400000US12127082606","Census Tract 826.06; Volusia County; Florida","3196","245",
"1400000US12127082607","Census Tract 826.07; Volusia County; Florida","2499","278",
"1400000US12127082701","Census Tract 827.01; Volusia County; Florida","1942","219",
"1400000US12127082703","Census Tract 827.03; Volusia County; Florida","3166","396",
"1400000US12127082704","Census Tract 827.04; Volusia County; Florida","2892","218",
"1400000US12127082705","Census Tract 827.05; Volusia County; Florida","3270","309",
"1400000US12127082801","Census Tract 828.01; Volusia County; Florida","1650","256",
"1400000US12127082802","Census Tract 828.02; Volusia County; Florida","2688","324",
"1400000US12127082902","Census Tract 829.02; Volusia County; Florida","3229","226",
"1400000US12127082903","Census Tract 829.03; Volusia County; Florida","3341","332",
"1400000US12127082904","Census Tract 829.04; Volusia County; Florida","2985","286",
"1400000US12127083003","Census Tract 830.03; Volusia County; Florida","3596","510",
"1400000US12127083005","Census Tract 830.05; Volusia County; Florida","2071","227",
"1400000US12127083006","Census Tract 830.06; Volusia County; Florida","3053","399",
"1400000US12127083007","Census Tract 830.07; Volusia County; Florida","2095","385",
"1400000US12127083008","Census Tract 830.08; Volusia County; Florida","1996","227",
"1400000US12127083009","Census Tract 830.09; Volusia County; Florida","1866","325",
"1400000US12127083203","Census Tract 832.03; Volusia County; Florida","3335","412",
"1400000US12127083205","Census Tract 832.05; Volusia County; Florida","3978","273",
"1400000US12127083206","Census Tract 832.06; Volusia County; Florida","390","21",
"1400000US12127083207","Census Tract 832.07; Volusia County; Florida","4742","313",
"1400000US12127083209","Census Tract 832.09; Volusia County; Florida","4482","454",
"1400000US12127083210","Census Tract 832.10; Volusia County; Florida","3041","361",
"1400000US12127083211","Census Tract 832.11; Volusia County; Florida","2822","378",
"1400000US12127090101","Census Tract 901.01; Volusia County; Florida","1844","164",
"1400000US12127090102","Census Tract 901.02; Volusia County; Florida","1425","166",
"1400000US12127090202","Census Tract 902.02; Volusia County; Florida","2997","265",
"1400000US12127090203","Census Tract 902.03; Volusia County; Florida","2213","223",
"1400000US12127090204","Census Tract 902.04; Volusia County; Florida","3700","291",
"1400000US12127090303","Census Tract 903.03; Volusia County; Florida","1465","221",
"1400000US12127090304","Census Tract 903.04; Volusia County; Florida","2492","358",
"1400000US12127090305","Census Tract 903.05; Volusia County; Florida","1814","211",
"1400000US12127090306","Census Tract 903.06; Volusia County; Florida","4520","336",
"1400000US12127090307","Census Tract 903.07; Volusia County; Florida","3299","278",
"1400000US12127090401","Census Tract 904.01; Volusia County; Florida","1137","330",
"1400000US12127090402","Census Tract 904.02; Volusia County; Florida","1100","126",
"1400000US12127090500","Census Tract 905; Volusia County; Florida","1290","176",
"1400000US12127090600","Census Tract 906; Volusia County; Florida","2705","293",
"1400000US12127090701","Census Tract 907.01; Volusia County; Florida","2588","330",
"1400000US12127090702","Census Tract 907.02; Volusia County; Florida","2156","214",
"1400000US12127090803","Census Tract 908.03; Volusia County; Florida","2469","280",
"1400000US12127090804","Census Tract 908.04; Volusia County; Florida","3254","329",
"1400000US12127090806","Census Tract 908.06; Volusia County; Florida","2681","266",
"1400000US12127090807","Census Tract 908.07; Volusia County; Florida","2638","328",
"1400000US12127090808","Census Tract 908.08; Volusia County; Florida","793","121",
"1400000US12127090903","Census Tract 909.03; Volusia County; Florida","2334","282",
"1400000US12127090904","Census Tract 909.04; Volusia County; Florida","2894","282",
"1400000US12127090905","Census Tract 909.05; Volusia County; Florida","3182","455",
"1400000US12127090906","Census Tract 909.06; Volusia County; Florida","1532","147",
"1400000US12127091001","Census Tract 910.01; Volusia County; Florida","2697","341",
"1400000US12127091005","Census Tract 910.05; Volusia County; Florida","788","115",
"1400000US12127091015","Census Tract 910.15; Volusia County; Florida","1964","150",
"1400000US12127091016","Census Tract 910.16; Volusia County; Florida","2869","419",
"1400000US12127091017","Census Tract 910.17; Volusia County; Florida","1377","130",
"1400000US12127091018","Census Tract 910.18; Volusia County; Florida","2790","175",
"1400000US12127091019","Census Tract 910.19; Volusia County; Florida","2083","186",
"1400000US12127091020","Census Tract 910.20; Volusia County; Florida","2603","323",
"1400000US12127091021","Census Tract 910.21; Volusia County; Florida","943","88",
"1400000US12127091023","Census Tract 910.23; Volusia County; Florida","1183","169",
"1400000US12127091025","Census Tract 910.25; Volusia County; Florida","1648","162",
"1400000US12127091028","Census Tract 910.28; Volusia County; Florida","1923","286",
"1400000US12127091029","Census Tract 910.29; Volusia County; Florida","2455","245",
"1400000US12127091030","Census Tract 910.30; Volusia County; Florida","979","76",
"1400000US12127091031","Census Tract 910.31; Volusia County; Florida","2020","239",
"1400000US12127091032","Census Tract 910.32; Volusia County; Florida","1276","133",
"1400000US12127091033","Census Tract 910.33; Volusia County; Florida","1585","266",
"1400000US12127091034","Census Tract 910.34; Volusia County; Florida","1499","208",
"1400000US12127091035","Census Tract 910.35; Volusia County; Florida","1361","125",
"1400000US12127091036","Census Tract 910.36; Volusia County; Florida","1181","134",
"1400000US12127091037","Census Tract 910.37; Volusia County; Florida","1404","221",
"1400000US12127091038","Census Tract 910.38; Volusia County; Florida","1504","335",
"1400000US12127091039","Census Tract 910.39; Volusia County; Florida","1237","96",
"1400000US12127092500","Census Tract 925; Volusia County; Florida","2639","273",
"1400000US12127990000","Census Tract 9900; Volusia County; Florida","0","15",
"1400000US12129010101","Census Tract 101.01; Wakulla County; Florida","1208","194",
"1400000US12129010102","Census Tract 101.02; Wakulla County; Florida","2008","241",
"1400000US12129010204","Census Tract 102.04; Wakulla County; Florida","1979","245",
"1400000US12129010205","Census Tract 102.05; Wakulla County; Florida","2747","337",
"1400000US12129010206","Census Tract 102.06; Wakulla County; Florida","156","44",
"1400000US12129010207","Census Tract 102.07; Wakulla County; Florida","2525","275",
"1400000US12129010208","Census Tract 102.08; Wakulla County; Florida","2132","235",
"1400000US12129010209","Census Tract 102.09; Wakulla County; Florida","1844","235",
"1400000US12129990000","Census Tract 9900; Wakulla County; Florida","0","15",
"1400000US12131950102","Census Tract 9501.02; Walton County; Florida","1879","274",
"1400000US12131950103","Census Tract 9501.03; Walton County; Florida","1414","192",
"1400000US12131950104","Census Tract 9501.04; Walton County; Florida","1918","268",
"1400000US12131950201","Census Tract 9502.01; Walton County; Florida","953","162",
"1400000US12131950202","Census Tract 9502.02; Walton County; Florida","1273","166",
"1400000US12131950303","Census Tract 9503.03; Walton County; Florida","1309","297",
"1400000US12131950304","Census Tract 9503.04; Walton County; Florida","1960","264",
"1400000US12131950305","Census Tract 9503.05; Walton County; Florida","1461","206",
"1400000US12131950306","Census Tract 9503.06; Walton County; Florida","1317","229",
"1400000US12131950400","Census Tract 9504; Walton County; Florida","1151","162",
"1400000US12131950501","Census Tract 9505.01; Walton County; Florida","2530","315",
"1400000US12131950502","Census Tract 9505.02; Walton County; Florida","3524","401",
"1400000US12131950604","Census Tract 9506.04; Walton County; Florida","4369","506",
"1400000US12131950605","Census Tract 9506.05; Walton County; Florida","3422","269",
"1400000US12131950606","Census Tract 9506.06; Walton County; Florida","5179","512",
"1400000US12131950607","Census Tract 9506.07; Walton County; Florida","4482","486",
"1400000US12131950608","Census Tract 9506.08; Walton County; Florida","3400","426",
"1400000US12131950609","Census Tract 9506.09; Walton County; Florida","9192","637",
"1400000US12131950610","Census Tract 9506.10; Walton County; Florida","6035","470",
"1400000US12131950611","Census Tract 9506.11; Walton County; Florida","4504","408",
"1400000US12131990000","Census Tract 9900; Walton County; Florida","0","15",
"1400000US12133970102","Census Tract 9701.02; Washington County; Florida","745","118",
"1400000US12133970103","Census Tract 9701.03; Washington County; Florida","1724","144",
"1400000US12133970104","Census Tract 9701.04; Washington County; Florida","1224","142",
"1400000US12133970200","Census Tract 9702; Washington County; Florida","1715","195",
"1400000US12133970301","Census Tract 9703.01; Washington County; Florida","1319","191",
"1400000US12133970302","Census Tract 9703.02; Washington County; Florida","2294","144",
"1400000US12133970303","Census Tract 9703.03; Washington County; Florida","2023","221",
"1400000US12095010201","Census Tract 102.01; Orange County; Florida","1557","251",
"1400000US12095010202","Census Tract 102.02; Orange County; Florida","2872","218",
"1400000US12095010300","Census Tract 103; Orange County; Florida","2257","182",
"1400000US12095010400","Census Tract 104; Orange County; Florida","558","84",
"1400000US12095010500","Census Tract 105; Orange County; Florida","714","185",
"1400000US12095010802","Census Tract 108.02; Orange County; Florida","1737","151",
"1400000US12095011000","Census Tract 110; Orange County; Florida","1843","236",
"1400000US12095011100","Census Tract 111; Orange County; Florida","1857","303",
"1400000US12095011200","Census Tract 112; Orange County; Florida","1747","297",
"1400000US12095011300","Census Tract 113; Orange County; Florida","2424","387",
"1400000US12095011600","Census Tract 116; Orange County; Florida","1914","245",
"1400000US12095011701","Census Tract 117.01; Orange County; Florida","1779","267",
"1400000US12095011702","Census Tract 117.02; Orange County; Florida","1849","182",
"1400000US12095012000","Census Tract 120; Orange County; Florida","2437","170",
"1400000US12095012100","Census Tract 121; Orange County; Florida","2515","199",
"1400000US12095012201","Census Tract 122.01; Orange County; Florida","1971","239",
"1400000US12095012202","Census Tract 122.02; Orange County; Florida","2159","310",
"1400000US12095012303","Census Tract 123.03; Orange County; Florida","2568","355",
"1400000US12095012304","Census Tract 123.04; Orange County; Florida","2373","422",
"1400000US12095012305","Census Tract 123.05; Orange County; Florida","2588","233",
"1400000US12095012306","Census Tract 123.06; Orange County; Florida","1154","155",
"1400000US12095012307","Census Tract 123.07; Orange County; Florida","2352","191",
"1400000US12095012402","Census Tract 124.02; Orange County; Florida","2633","244",
"1400000US12095012403","Census Tract 124.03; Orange County; Florida","2277","283",
"1400000US12095012404","Census Tract 124.04; Orange County; Florida","1983","406",
"1400000US12095012405","Census Tract 124.05; Orange County; Florida","2087","373",
"1400000US12095012500","Census Tract 125; Orange County; Florida","1298","212",
"1400000US12095012600","Census Tract 126; Orange County; Florida","2608","239",
"1400000US12095012701","Census Tract 127.01; Orange County; Florida","2655","208",
"1400000US12095012800","Census Tract 128; Orange County; Florida","1717","208",
"1400000US12095012900","Census Tract 129; Orange County; Florida","2243","241",
"1400000US12095013201","Census Tract 132.01; Orange County; Florida","1648","185",
"1400000US12095013202","Census Tract 132.02; Orange County; Florida","3033","424",
"1400000US12095013300","Census Tract 133; Orange County; Florida","2902","299",
"1400000US12095013402","Census Tract 134.02; Orange County; Florida","1512","415",
"1400000US12095013403","Census Tract 134.03; Orange County; Florida","1393","207",
"1400000US12095013405","Census Tract 134.05; Orange County; Florida","1006","131",
"1400000US12095013406","Census Tract 134.06; Orange County; Florida","1483","134",
"1400000US12095013503","Census Tract 135.03; Orange County; Florida","1078","96",
"1400000US12095013505","Census Tract 135.05; Orange County; Florida","2456","274",
"1400000US12095013507","Census Tract 135.07; Orange County; Florida","4189","434",
"1400000US12095013510","Census Tract 135.10; Orange County; Florida","1167","109",
"1400000US12095013511","Census Tract 135.11; Orange County; Florida","2535","224",
"1400000US12095013512","Census Tract 135.12; Orange County; Florida","1950","161",
"1400000US12095013513","Census Tract 135.13; Orange County; Florida","2270","225",
"1400000US12095013603","Census Tract 136.03; Orange County; Florida","2257","173",
"1400000US12095013604","Census Tract 136.04; Orange County; Florida","3213","350",
"1400000US12095013605","Census Tract 136.05; Orange County; Florida","1660","178",
"1400000US12095013606","Census Tract 136.06; Orange County; Florida","1587","187",
"1400000US12095013607","Census Tract 136.07; Orange County; Florida","2133","199",
"1400000US12095013701","Census Tract 137.01; Orange County; Florida","2332","352",
"1400000US12095013702","Census Tract 137.02; Orange County; Florida","2447","240",
"1400000US12095013801","Census Tract 138.01; Orange County; Florida","1193","281",
"1400000US12095013802","Census Tract 138.02; Orange County; Florida","1104","117",
"1400000US12095013803","Census Tract 138.03; Orange County; Florida","1155","145",
"1400000US12095013900","Census Tract 139; Orange County; Florida","2222","154",
"1400000US12095014000","Census Tract 140; Orange County; Florida","2792","230",
"1400000US12095014100","Census Tract 141; Orange County; Florida","2591","243",
"1400000US12095014201","Census Tract 142.01; Orange County; Florida","2051","389",
"1400000US12095014202","Census Tract 142.02; Orange County; Florida","1747","213",
"1400000US12095014301","Census Tract 143.01; Orange County; Florida","1875","198",
"1400000US12095014302","Census Tract 143.02; Orange County; Florida","1909","189",
"1400000US12095014400","Census Tract 144; Orange County; Florida","1458","142",
"1400000US12095014502","Census Tract 145.02; Orange County; Florida","2678","210",
"1400000US12095014503","Census Tract 145.03; Orange County; Florida","2234","489",
"1400000US12095014504","Census Tract 145.04; Orange County; Florida","3730","356",
"1400000US12095014601","Census Tract 146.01; Orange County; Florida","2945","336",
"1400000US12095014605","Census Tract 146.05; Orange County; Florida","1622","153",
"1400000US12095014606","Census Tract 146.06; Orange County; Florida","3822","469",
"1400000US12095014607","Census Tract 146.07; Orange County; Florida","3638","363",
"1400000US12095014608","Census Tract 146.08; Orange County; Florida","2086","266",
"1400000US12095014609","Census Tract 146.09; Orange County; Florida","2547","220",
"1400000US12095014701","Census Tract 147.01; Orange County; Florida","2189","302",
"1400000US12095014702","Census Tract 147.02; Orange County; Florida","2818","224",
"1400000US12095014703","Census Tract 147.03; Orange County; Florida","1122","149",
"1400000US12095014705","Census Tract 147.05; Orange County; Florida","3665","337",
"1400000US12095014706","Census Tract 147.06; Orange County; Florida","2766","279",
"1400000US12095014804","Census Tract 148.04; Orange County; Florida","2256","212",
"1400000US12095014805","Census Tract 148.05; Orange County; Florida","2307","255",
"1400000US12095014806","Census Tract 148.06; Orange County; Florida","1821","205",
"1400000US12095014807","Census Tract 148.07; Orange County; Florida","2914","300",
"1400000US12095014809","Census Tract 148.09; Orange County; Florida","1413","251",
"1400000US12095014810","Census Tract 148.10; Orange County; Florida","2129","212",
"1400000US12095014811","Census Tract 148.11; Orange County; Florida","2143","198",
"1400000US12095014812","Census Tract 148.12; Orange County; Florida","2855","320",
"1400000US12095014813","Census Tract 148.13; Orange County; Florida","2620","218",
"1400000US12095014814","Census Tract 148.14; Orange County; Florida","2261","185",
"1400000US12095014815","Census Tract 148.15; Orange County; Florida","1742","136",
"1400000US12095014904","Census Tract 149.04; Orange County; Florida","2617","311",
"1400000US12095014906","Census Tract 149.06; Orange County; Florida","2375","165",
"1400000US12095014908","Census Tract 149.08; Orange County; Florida","2279","223",
"1400000US12095014909","Census Tract 149.09; Orange County; Florida","1011","121",
"1400000US12095015001","Census Tract 150.01; Orange County; Florida","474","44",
"1400000US12095015002","Census Tract 150.02; Orange County; Florida","2284","205",
"1400000US12095015003","Census Tract 150.03; Orange County; Florida","2088","298",
"1400000US12095015005","Census Tract 150.05; Orange County; Florida","1162","153",
"1400000US12095015006","Census Tract 150.06; Orange County; Florida","1575","145",
"1400000US12095015103","Census Tract 151.03; Orange County; Florida","3041","403",
"1400000US12095015104","Census Tract 151.04; Orange County; Florida","2110","161",
"1400000US12095015105","Census Tract 151.05; Orange County; Florida","1360","131",
"1400000US12095015106","Census Tract 151.06; Orange County; Florida","2641","284",
"1400000US12095015202","Census Tract 152.02; Orange County; Florida","2589","279",
"1400000US12095015203","Census Tract 152.03; Orange County; Florida","1725","165",
"1400000US12095015204","Census Tract 152.04; Orange County; Florida","2920","297",
"1400000US12095015300","Census Tract 153; Orange County; Florida","1812","211",
"1400000US12095015501","Census Tract 155.01; Orange County; Florida","3563","298",
"1400000US12095015601","Census Tract 156.01; Orange County; Florida","1059","117",
"1400000US12095015602","Census Tract 156.02; Orange County; Florida","753","74",
"1400000US12095015701","Census Tract 157.01; Orange County; Florida","1065","107",
"1400000US12095015702","Census Tract 157.02; Orange County; Florida","676","57",
"1400000US12095015801","Census Tract 158.01; Orange County; Florida","710","66",
"1400000US12095015802","Census Tract 158.02; Orange County; Florida","1027","88",
"1400000US12095015901","Census Tract 159.01; Orange County; Florida","1488","156",
"1400000US12095016001","Census Tract 160.01; Orange County; Florida","707","82",
"1400000US12095016002","Census Tract 160.02; Orange County; Florida","1135","195",
"1400000US12095016100","Census Tract 161; Orange County; Florida","2280","180",
"1400000US12095016200","Census Tract 162; Orange County; Florida","3206","317",
"1400000US12095016301","Census Tract 163.01; Orange County; Florida","2946","268",
"1400000US12095016302","Census Tract 163.02; Orange County; Florida","1838","171",
"1400000US12095016402","Census Tract 164.02; Orange County; Florida","1112","156",
"1400000US12095016406","Census Tract 164.06; Orange County; Florida","1104","120",
"1400000US12095016407","Census Tract 164.07; Orange County; Florida","3292","334",
"1400000US12095016408","Census Tract 164.08; Orange County; Florida","1088","95",
"1400000US12095016409","Census Tract 164.09; Orange County; Florida","1178","128",
"1400000US12095016411","Census Tract 164.11; Orange County; Florida","1651","303",
"1400000US12095016412","Census Tract 164.12; Orange County; Florida","1789","130",
"1400000US12095016413","Census Tract 164.13; Orange County; Florida","1823","313",
"1400000US12095016414","Census Tract 164.14; Orange County; Florida","1730","119",
"1400000US12095016503","Census Tract 165.03; Orange County; Florida","2693","342",
"1400000US12095016504","Census Tract 165.04; Orange County; Florida","2027","137",
"1400000US12095016505","Census Tract 165.05; Orange County; Florida","1250","105",
"1400000US12095016509","Census Tract 165.09; Orange County; Florida","2537","266",
"1400000US12095016510","Census Tract 165.10; Orange County; Florida","1767","188",
"1400000US12095016511","Census Tract 165.11; Orange County; Florida","1686","344",
"1400000US12095016512","Census Tract 165.12; Orange County; Florida","2170","614",
"1400000US12095016513","Census Tract 165.13; Orange County; Florida","2025","376",
"1400000US12095016514","Census Tract 165.14; Orange County; Florida","2535","408",
"1400000US12095016515","Census Tract 165.15; Orange County; Florida","0","24",
"1400000US12095016603","Census Tract 166.03; Orange County; Florida","2531","398",
"1400000US12095016604","Census Tract 166.04; Orange County; Florida","1857","140",
"1400000US12095016605","Census Tract 166.05; Orange County; Florida","648","135",
"1400000US12095016606","Census Tract 166.06; Orange County; Florida","940","89",
"1400000US12095016607","Census Tract 166.07; Orange County; Florida","2404","259",
"1400000US12095016709","Census Tract 167.09; Orange County; Florida","2463","249",
"1400000US12095016710","Census Tract 167.10; Orange County; Florida","1559","190",
"1400000US12095016713","Census Tract 167.13; Orange County; Florida","3198","237",
"1400000US12095016714","Census Tract 167.14; Orange County; Florida","1061","117",
"1400000US12095016715","Census Tract 167.15; Orange County; Florida","2256","200",
"1400000US12095016716","Census Tract 167.16; Orange County; Florida","1970","155",
"1400000US12095016717","Census Tract 167.17; Orange County; Florida","1312","133",
"1400000US12095016723","Census Tract 167.23; Orange County; Florida","1700","112",
"1400000US12095016724","Census Tract 167.24; Orange County; Florida","2459","308",
"1400000US12095016728","Census Tract 167.28; Orange County; Florida","2101","220",
"1400000US12095016731","Census Tract 167.31; Orange County; Florida","2222","222",
"1400000US12095016733","Census Tract 167.33; Orange County; Florida","2420","283",
"1400000US12095016735","Census Tract 167.35; Orange County; Florida","4846","677",
"1400000US12095016736","Census Tract 167.36; Orange County; Florida","5133","565",
"1400000US12095016737","Census Tract 167.37; Orange County; Florida","4184","401",
"1400000US12095016738","Census Tract 167.38; Orange County; Florida","1849","425",
"1400000US12095016739","Census Tract 167.39; Orange County; Florida","2484","186",
"1400000US12095016740","Census Tract 167.40; Orange County; Florida","1458","133",
"1400000US12095016741","Census Tract 167.41; Orange County; Florida","1941","439",
"1400000US12095016742","Census Tract 167.42; Orange County; Florida","2130","346",
"1400000US12095016743","Census Tract 167.43; Orange County; Florida","2463","423",
"1400000US12095016744","Census Tract 167.44; Orange County; Florida","1851","180",
"1400000US12095016745","Census Tract 167.45; Orange County; Florida","1422","121",
"1400000US12095016746","Census Tract 167.46; Orange County; Florida","1497","269",
"1400000US12095016747","Census Tract 167.47; Orange County; Florida","1970","444",
"1400000US12095016748","Census Tract 167.48; Orange County; Florida","2265","507",
"1400000US12095016749","Census Tract 167.49; Orange County; Florida","2113","237",
"1400000US12095016750","Census Tract 167.50; Orange County; Florida","4233","554",
"1400000US12095016751","Census Tract 167.51; Orange County; Florida","2173","317",
"1400000US12095016752","Census Tract 167.52; Orange County; Florida","1364","88",
"1400000US12095016753","Census Tract 167.53; Orange County; Florida","2961","428",
"1400000US12095016754","Census Tract 167.54; Orange County; Florida","1566","451",
"1400000US12095016755","Census Tract 167.55; Orange County; Florida","2549","284",
"1400000US12095016756","Census Tract 167.56; Orange County; Florida","1032","224",
"1400000US12095016802","Census Tract 168.02; Orange County; Florida","8046","587",
"1400000US12095016803","Census Tract 168.03; Orange County; Florida","982","84",
"1400000US12095016804","Census Tract 168.04; Orange County; Florida","2579","167",
"1400000US12095016808","Census Tract 168.08; Orange County; Florida","561","39",
"1400000US12095016809","Census Tract 168.09; Orange County; Florida","2850","329",
"1400000US12095016810","Census Tract 168.10; Orange County; Florida","3889","486",
"1400000US12095016811","Census Tract 168.11; Orange County; Florida","4265","818",
"1400000US12095016812","Census Tract 168.12; Orange County; Florida","2415","415",
"1400000US12095016813","Census Tract 168.13; Orange County; Florida","1034","58",
"1400000US12095016814","Census Tract 168.14; Orange County; Florida","1909","335",
"1400000US12095016902","Census Tract 169.02; Orange County; Florida","1995","273",
"1400000US12095016904","Census Tract 169.04; Orange County; Florida","1351","83",
"1400000US12095016906","Census Tract 169.06; Orange County; Florida","2211","141",
"1400000US12095016907","Census Tract 169.07; Orange County; Florida","2994","312",
"1400000US12095016908","Census Tract 169.08; Orange County; Florida","1043","155",
"1400000US12095016909","Census Tract 169.09; Orange County; Florida","1850","164",
"1400000US12095016910","Census Tract 169.10; Orange County; Florida","435","70",
"1400000US12095016911","Census Tract 169.11; Orange County; Florida","4085","514",
"1400000US12095017001","Census Tract 170.01; Orange County; Florida","3350","292",
"1400000US12095017004","Census Tract 170.04; Orange County; Florida","2911","242",
"1400000US12095017006","Census Tract 170.06; Orange County; Florida","1622","171",
"1400000US12095017011","Census Tract 170.11; Orange County; Florida","1827","155",
"1400000US12095017012","Census Tract 170.12; Orange County; Florida","1044","81",
"1400000US12095017013","Census Tract 170.13; Orange County; Florida","3215","635",
"1400000US12095017015","Census Tract 170.15; Orange County; Florida","3111","228",
"1400000US12095017018","Census Tract 170.18; Orange County; Florida","2752","428",
"1400000US12095017019","Census Tract 170.19; Orange County; Florida","1687","330",
"1400000US12095017020","Census Tract 170.20; Orange County; Florida","3037","365",
"1400000US12095017021","Census Tract 170.21; Orange County; Florida","2055","248",
"1400000US12095017022","Census Tract 170.22; Orange County; Florida","6832","643",
"1400000US12095017023","Census Tract 170.23; Orange County; Florida","955","188",
"1400000US12095017024","Census Tract 170.24; Orange County; Florida","1543","145",
"1400000US12095017025","Census Tract 170.25; Orange County; Florida","1505","245",
"1400000US12095017026","Census Tract 170.26; Orange County; Florida","2237","279",
"1400000US12095017108","Census Tract 171.08; Orange County; Florida","4588","333",
"1400000US12095017109","Census Tract 171.09; Orange County; Florida","2357","132",
"1400000US12095017110","Census Tract 171.10; Orange County; Florida","2725","325",
"1400000US12095017111","Census Tract 171.11; Orange County; Florida","8951","423",
"1400000US12095017112","Census Tract 171.12; Orange County; Florida","6342","697",
"1400000US12095017113","Census Tract 171.13; Orange County; Florida","5986","475",
"1400000US12095017114","Census Tract 171.14; Orange County; Florida","3768","364",
"1400000US12095017115","Census Tract 171.15; Orange County; Florida","1587","320",
"1400000US12095017116","Census Tract 171.16; Orange County; Florida","2995","279",
"1400000US12095017117","Census Tract 171.17; Orange County; Florida","2429","335",
"1400000US12095017118","Census Tract 171.18; Orange County; Florida","1796","466",
"1400000US12095017119","Census Tract 171.19; Orange County; Florida","759","148",
"1400000US12095017120","Census Tract 171.20; Orange County; Florida","2563","566",
"1400000US12095017121","Census Tract 171.21; Orange County; Florida","2153","292",
"1400000US12095017122","Census Tract 171.22; Orange County; Florida","1668","290",
"1400000US12095017123","Census Tract 171.23; Orange County; Florida","2593","334",
"1400000US12095017200","Census Tract 172; Orange County; Florida","2544","289",
"1400000US12095017301","Census Tract 173.01; Orange County; Florida","1338","173",
"1400000US12095017302","Census Tract 173.02; Orange County; Florida","3299","547",
"1400000US12095017401","Census Tract 174.01; Orange County; Florida","2871","386",
"1400000US12095017402","Census Tract 174.02; Orange County; Florida","1875","253",
"1400000US12095017503","Census Tract 175.03; Orange County; Florida","2273","351",
"1400000US12095017504","Census Tract 175.04; Orange County; Florida","3502","430",
"1400000US12095017505","Census Tract 175.05; Orange County; Florida","1899","170",
"1400000US12095017506","Census Tract 175.06; Orange County; Florida","4844","673",
"1400000US12095017600","Census Tract 176; Orange County; Florida","2042","233",
"1400000US12095017701","Census Tract 177.01; Orange County; Florida","1897","281",
"1400000US12095017702","Census Tract 177.02; Orange County; Florida","884","90",
"1400000US12095017703","Census Tract 177.03; Orange County; Florida","1708","253",
"1400000US12095017805","Census Tract 178.05; Orange County; Florida","1130","157",
"1400000US12095017806","Census Tract 178.06; Orange County; Florida","1918","172",
"1400000US12095017807","Census Tract 178.07; Orange County; Florida","1521","198",
"1400000US12095017808","Census Tract 178.08; Orange County; Florida","1695","209",
"1400000US12095017809","Census Tract 178.09; Orange County; Florida","1241","241",
"1400000US12095017810","Census Tract 178.10; Orange County; Florida","2315","256",
"1400000US12095017811","Census Tract 178.11; Orange County; Florida","1244","135",
"1400000US12095017812","Census Tract 178.12; Orange County; Florida","3037","316",
"1400000US12095017813","Census Tract 178.13; Orange County; Florida","729","103",
"1400000US12095017814","Census Tract 178.14; Orange County; Florida","2282","299",
"1400000US12095017901","Census Tract 179.01; Orange County; Florida","2420","251",
"1400000US12095017902","Census Tract 179.02; Orange County; Florida","3595","358",
"1400000US12095018000","Census Tract 180; Orange County; Florida","1979","291",
"1400000US12095018100","Census Tract 181; Orange County; Florida","1136","116",
"1400000US12095018201","Census Tract 182.01; Orange County; Florida","2441","365",
"1400000US12095018202","Census Tract 182.02; Orange County; Florida","2103","253",
"1400000US12095018203","Census Tract 182.03; Orange County; Florida","910","118",
"1400000US12095018204","Census Tract 182.04; Orange County; Florida","975","101",
"1400000US12095018300","Census Tract 183; Orange County; Florida","1402","233",
"1400000US12095018400","Census Tract 184; Orange County; Florida","1195","135",
"1400000US12095018500","Census Tract 185; Orange County; Florida","1385","248",
"1400000US12095018700","Census Tract 187; Orange County; Florida","2389","284",
"1400000US12095018800","Census Tract 188; Orange County; Florida","3773","369",
"1400000US12095018901","Census Tract 189.01; Orange County; Florida","2180","306",
"1400000US12095018902","Census Tract 189.02; Orange County; Florida","4580","575",
"1400000US12095019000","Census Tract 190; Orange County; Florida","2862","249",
"1400000US12095990000","Census Tract 9900; Orange County; Florida","0","15",
