"GEO_ID","NAME","B11001_001E","B11001_001M","B11001_002E","B11001_002M","B11001_003E","B11001_003M","B11001_004E","B11001_004M","B11001_005E","B11001_005M","B11001_006E","B11001_006M","B11001_007E","B11001_007M","B11001_008E","B11001_008M","B11001_009E","B11001_009M",
"Geography","Geographic Area Name","Estimate!!Total:","Margin of Error!!Total:","Estimate!!Total:!!Family households:","Margin of Error!!Total:!!Family households:","Estimate!!Total:!!Family households:!!Married-couple family","Margin of Error!!Total:!!Family households:!!Married-couple family","Estimate!!Total:!!Family households:!!Other family:","Margin of Error!!Total:!!Family households:!!Other family:","Estimate!!Total:!!Family households:!!Other family:!!Male householder, no spouse present","Margin of Error!!Total:!!Family households:!!Other family:!!Male householder, no spouse present","Estimate!!Total:!!Family households:!!Other family:!!Female householder, no spouse present","Margin of Error!!Total:!!Family households:!!Other family:!!Female householder, no spouse present","Estimate!!Total:!!Nonfamily households:","Margin of Error!!Total:!!Nonfamily households:","Estimate!!Total:!!Nonfamily households:!!Householder living alone","Margin of Error!!Total:!!Nonfamily households:!!Householder living alone","Estimate!!Total:!!Nonfamily households:!!Householder not living alone","Margin of Error!!Total:!!Nonfamily households:!!Householder not living alone",
"0400000US12","Florida","8752810","20285","5652059","20377","4086171","23273","1565888","9720","454845","8015","1111043","8639","3100751","12916","2473731","13206","627020","6968",
"1400000US12001000201","Census Tract 2.01; Alachua County; Florida","2308","306","195","96","99","55","96","75","36","46","60","58","2113","320","1003","368","1110","325",
"1400000US12001000202","Census Tract 2.02; Alachua County; Florida","1860","373","267","115","59","58","208","100","75","91","133","53","1593","350","418","140","1175","354",
"1400000US12001000301","Census Tract 3.01; Alachua County; Florida","1952","249","599","258","310","96","289","240","218","216","71","100","1353","182","849","196","504","197",
"1400000US12001000302","Census Tract 3.02; Alachua County; Florida","1363","163","486","139","194","91","292","105","41","38","251","105","877","161","757","170","120","88",
"1400000US12001000400","Census Tract 4; Alachua County; Florida","2341","429","1398","304","820","304","578","245","35","61","543","226","943","395","578","188","365","367",
"1400000US12001000500","Census Tract 5; Alachua County; Florida","2796","214","972","240","664","200","308","209","125","129","183","168","1824","234","1596","227","228","131",
"1400000US12001000600","Census Tract 6; Alachua County; Florida","1734","298","1194","286","403","181","791","254","89","79","702","250","540","162","501","157","39","42",
"1400000US12001000700","Census Tract 7; Alachua County; Florida","2512","286","1633","337","726","297","907","293","93","133","814","273","879","281","754","287","125","94",
"1400000US12001000806","Census Tract 8.06; Alachua County; Florida","1491","183","342","161","175","120","167","120","18","29","149","117","1149","198","598","201","551","192",
"1400000US12001000808","Census Tract 8.08; Alachua County; Florida","1699","158","713","175","383","147","330","170","33","49","297","160","986","211","665","197","321","142",
"1400000US12001000809","Census Tract 8.09; Alachua County; Florida","791","148","256","80","113","57","143","66","81","57","62","38","535","141","383","126","152","63",
"1400000US12001000901","Census Tract 9.01; Alachua County; Florida","237","99","113","65","113","65","0","15","0","15","0","15","124","78","104","72","20","27",
"1400000US12001000902","Census Tract 9.02; Alachua County; Florida","164","52","42","43","33","40","9","13","0","21","9","13","122","40","122","40","0","21",
"1400000US12001001000","Census Tract 10; Alachua County; Florida","3509","388","678","165","572","138","106","95","0","21","106","95","2831","398","1265","288","1566","420",
"1400000US12001001100","Census Tract 11; Alachua County; Florida","2940","238","1789","235","1664","226","125","89","0","21","125","89","1151","178","1014","176","137","104",
"1400000US12001001201","Census Tract 12.01; Alachua County; Florida","1358","226","661","135","534","122","127","64","22","28","105","65","697","217","594","223","103","64",
"1400000US12001001202","Census Tract 12.02; Alachua County; Florida","3217","255","1720","221","1311","221","409","175","105","101","304","129","1497","272","1177","213","320","190",
"1400000US12001001203","Census Tract 12.03; Alachua County; Florida","1619","191","777","141","519","140","258","124","12","19","246","124","842","152","590","138","252","139",
"1400000US12001001400","Census Tract 14; Alachua County; Florida","896","109","541","99","318","89","223","74","40","29","183","67","355","93","321","91","34","29",
"1400000US12001001514","Census Tract 15.14; Alachua County; Florida","1080","182","244","92","169","79","75","65","17","19","58","63","836","187","464","144","372","132",
"1400000US12001001515","Census Tract 15.15; Alachua County; Florida","2932","370","858","200","292","142","566","193","112","105","454","157","2074","401","1134","324","940","333",
"1400000US12001001516","Census Tract 15.16; Alachua County; Florida","1562","218","278","92","150","98","128","70","0","15","128","70","1284","216","864","198","420","177",
"1400000US12001001517","Census Tract 15.17; Alachua County; Florida","2597","277","634","219","359","153","275","198","106","148","169","136","1963","304","1052","242","911","271",
"1400000US12001001519","Census Tract 15.19; Alachua County; Florida","882","134","338","106","220","87","118","78","52","47","66","65","544","104","178","61","366","99",
"1400000US12001001522","Census Tract 15.22; Alachua County; Florida","4386","407","1043","354","382","190","661","369","99","119","562","362","3343","531","1923","391","1420","433",
"1400000US12001001605","Census Tract 16.05; Alachua County; Florida","4022","494","991","335","602","221","389","228","46","64","343","229","3031","429","1451","382","1580","475",
"1400000US12001001701","Census Tract 17.01; Alachua County; Florida","3402","335","1552","270","1023","194","529","212","54","57","475","197","1850","316","1560","258","290","179",
"1400000US12001001702","Census Tract 17.02; Alachua County; Florida","2361","428","1412","282","1262","286","150","79","38","48","112","67","949","295","690","278","259","113",
"1400000US12001001802","Census Tract 18.02; Alachua County; Florida","1192","210","909","214","531","159","378","172","77","72","301","171","283","101","252","98","31","34",
"1400000US12001001803","Census Tract 18.03; Alachua County; Florida","2802","253","1665","282","1165","218","500","254","73","80","427","234","1137","262","1009","249","128","79",
"1400000US12001001811","Census Tract 18.11; Alachua County; Florida","3147","356","1642","270","1396","272","246","139","62","52","184","132","1505","304","1350","295","155","96",
"1400000US12001001813","Census Tract 18.13; Alachua County; Florida","1648","231","1209","197","975","202","234","94","116","91","118","54","439","157","368","153","71","46",
"1400000US12001001815","Census Tract 18.15; Alachua County; Florida","792","100","652","122","550","129","102","81","51","66","51","37","140","73","121","67","19","23",
"1400000US12001001816","Census Tract 18.16; Alachua County; Florida","1990","191","1518","181","1096","199","422","132","156","100","266","114","472","154","391","145","81","62",
"1400000US12001001817","Census Tract 18.17; Alachua County; Florida","2111","230","1407","267","1171","243","236","140","171","138","65","40","704","201","645","205","59","49",
"1400000US12001001818","Census Tract 18.18; Alachua County; Florida","1675","202","1406","199","1279","208","127","75","22","32","105","68","269","133","248","128","21","23",
"1400000US12001001819","Census Tract 18.19; Alachua County; Florida","2216","303","1249","200","921","209","328","130","72","81","256","105","967","312","868","301","99","69",
"1400000US12001001902","Census Tract 19.02; Alachua County; Florida","1361","216","731","257","418","259","313","143","102","82","211","141","630","223","575","215","55","59",
"1400000US12001001907","Census Tract 19.07; Alachua County; Florida","1237","261","637","137","539","136","98","58","32","36","66","48","600","220","525","211","75","57",
"1400000US12001001908","Census Tract 19.08; Alachua County; Florida","2159","416","1361","241","920","236","441","155","151","109","290","142","798","368","661","359","137","110",
"1400000US12001002001","Census Tract 20.01; Alachua County; Florida","653","97","386","114","305","114","81","48","26","24","55","41","267","109","208","102","59","67",
"1400000US12001002002","Census Tract 20.02; Alachua County; Florida","1613","209","1109","216","718","151","391","204","81","47","310","201","504","124","421","117","83","60",
"1400000US12001002101","Census Tract 21.01; Alachua County; Florida","885","143","563","132","492","128","71","34","34","25","37","23","322","90","261","80","61","64",
"1400000US12001002102","Census Tract 21.02; Alachua County; Florida","531","133","246","58","210","59","36","27","2","3","34","27","285","142","255","142","30","20",
"1400000US12001002201","Census Tract 22.01; Alachua County; Florida","2364","233","1822","257","1559","236","263","108","55","63","208","81","542","190","365","155","177","123",
"1400000US12001002202","Census Tract 22.02; Alachua County; Florida","2553","295","1722","281","1514","189","208","202","0","21","208","202","831","256","766","261","65","52",
"1400000US12001002204","Census Tract 22.04; Alachua County; Florida","5356","484","3649","521","3156","439","493","286","181","138","312","247","1707","349","1336","327","371","218",
"1400000US12001002207","Census Tract 22.07; Alachua County; Florida","1455","213","1004","107","837","118","167","79","52","49","115","58","451","215","329","167","122","132",
"1400000US12001002208","Census Tract 22.08; Alachua County; Florida","1103","147","1001","141","841","101","160","122","53","43","107","121","102","76","93","75","9","17",
"1400000US12001002209","Census Tract 22.09; Alachua County; Florida","3446","384","2222","228","1869","257","353","132","85","82","268","98","1224","380","788","196","436","371",
"1400000US12001002210","Census Tract 22.10; Alachua County; Florida","2024","288","1508","255","1136","264","372","178","84","76","288","173","516","236","365","177","151","143",
"1400000US12001002217","Census Tract 22.17; Alachua County; Florida","2967","576","1816","553","612","280","1204","563","288","335","916","472","1151","393","747","271","404","335",
"1400000US12001002218","Census Tract 22.18; Alachua County; Florida","1495","164","689","109","423","111","266","66","114","69","152","92","806","175","613","182","193","106",
"1400000US12001002219","Census Tract 22.19; Alachua County; Florida","2774","372","1564","355","827","259","737","279","117","110","620","262","1210","302","930","300","280","134",
"1400000US12001002220","Census Tract 22.20; Alachua County; Florida","1044","141","761","150","655","143","106","68","43","39","63","58","283","82","238","88","45","40",
"1400000US12001002221","Census Tract 22.21; Alachua County; Florida","2304","345","1434","284","1270","263","164","138","26","43","138","132","870","293","656","268","214","132",
"1400000US12001002222","Census Tract 22.22; Alachua County; Florida","2980","312","2101","298","1738","275","363","194","100","122","263","157","879","234","804","228","75","61",
"1400000US12001110800","Census Tract 1108; Alachua County; Florida","898","138","359","97","288","65","71","74","24","20","47","74","539","99","348","85","191","66",
"1400000US12003040101","Census Tract 401.01; Baker County; Florida","2658","389","1958","368","1576","338","382","180","18","30","364","174","700","220","528","167","172","144",
"1400000US12003040102","Census Tract 401.02; Baker County; Florida","2732","316","1909","285","1423","303","486","256","94","85","392","248","823","283","485","243","338","254",
"1400000US12003040201","Census Tract 402.01; Baker County; Florida","1802","274","1313","222","963","257","350","158","105","94","245","157","489","236","317","145","172","176",
"1400000US12003040202","Census Tract 402.02; Baker County; Florida","1973","245","1594","241","1464","211","130","101","60","81","70","49","379","169","319","160","60","71",
"1400000US12005000201","Census Tract 2.01; Bay County; Florida","2196","281","1679","249","1365","260","314","130","51","42","263","129","517","200","368","160","149","129",
"1400000US12005000203","Census Tract 2.03; Bay County; Florida","1210","237","866","171","671","177","195","107","145","96","50","48","344","178","317","177","27","32",
"1400000US12005000204","Census Tract 2.04; Bay County; Florida","1449","187","1011","138","920","131","91","49","41","33","50","40","438","185","296","160","142","88",
"1400000US12005000301","Census Tract 3.01; Bay County; Florida","1047","320","831","287","583","278","248","117","109","60","139","99","216","162","199","157","17","28",
"1400000US12005000302","Census Tract 3.02; Bay County; Florida","2640","308","1768","335","961","203","807","348","376","299","431","192","872","255","789","237","83","76",
"1400000US12005000401","Census Tract 4.01; Bay County; Florida","753","99","518","112","390","109","128","75","68","54","60","59","235","118","228","114","7","11",
"1400000US12005000402","Census Tract 4.02; Bay County; Florida","2696","234","2016","255","1433","282","583","189","172","142","411","157","680","227","514","192","166","130",
"1400000US12005000500","Census Tract 5; Bay County; Florida","3244","450","2401","484","2093","485","308","161","17","23","291","160","843","190","582","184","261","127",
"1400000US12005000600","Census Tract 6; Bay County; Florida","632","119","312","78","287","74","25","20","0","15","25","20","320","109","284","112","36","21",
"1400000US12005000700","Census Tract 7; Bay County; Florida","71","44","71","44","71","44","0","15","0","15","0","15","0","15","0","15","0","15",
"1400000US12005000803","Census Tract 8.03; Bay County; Florida","1787","295","784","165","364","97","420","156","61","43","359","152","1003","314","588","243","415","204",
"1400000US12005000804","Census Tract 8.04; Bay County; Florida","993","151","714","106","468","111","246","70","95","53","151","58","279","120","238","106","41","35",
"1400000US12005000805","Census Tract 8.05; Bay County; Florida","1762","252","1005","197","610","159","395","168","131","86","264","138","757","278","683","271","74","56",
"1400000US12005000806","Census Tract 8.06; Bay County; Florida","1444","173","1074","170","891","165","183","110","68","59","115","89","370","153","241","112","129","112",
"1400000US12005000900","Census Tract 9; Bay County; Florida","1894","223","1148","118","894","128","254","112","52","56","202","88","746","236","700","250","46","46",
"1400000US12005001000","Census Tract 10; Bay County; Florida","729","122","454","83","303","95","151","71","54","39","97","58","275","112","198","97","77","64",
"1400000US12005001100","Census Tract 11; Bay County; Florida","1821","251","1150","168","586","165","564","182","66","74","498","178","671","200","592","181","79","82",
"1400000US12005001200","Census Tract 12; Bay County; Florida","902","163","562","134","366","122","196","80","97","65","99","58","340","136","251","117","89","74",
"1400000US12005001301","Census Tract 13.01; Bay County; Florida","2103","229","1561","255","1307","246","254","105","56","42","198","90","542","186","444","175","98","73",
"1400000US12005001302","Census Tract 13.02; Bay County; Florida","2969","300","1853","289","1352","323","501","219","115","71","386","200","1116","294","858","288","258","140",
"1400000US12005001402","Census Tract 14.02; Bay County; Florida","2806","364","2175","384","1928","375","247","120","109","82","138","91","631","225","580","208","51","44",
"1400000US12005001403","Census Tract 14.03; Bay County; Florida","765","126","454","97","371","92","83","41","33","24","50","38","311","92","263","90","48","37",
"1400000US12005001404","Census Tract 14.04; Bay County; Florida","3102","322","2156","371","1579","411","577","249","132","120","445","198","946","261","840","240","106","89",
"1400000US12005001501","Census Tract 15.01; Bay County; Florida","2367","265","1738","231","1170","220","568","213","264","153","304","179","629","201","510","203","119","137",
"1400000US12005001502","Census Tract 15.02; Bay County; Florida","2451","390","1596","253","1226","268","370","148","48","40","322","145","855","292","697","284","158","102",
"1400000US12005001600","Census Tract 16; Bay County; Florida","1150","345","351","101","194","108","157","100","35","50","122","74","799","333","732","329","67","62",
"1400000US12005001700","Census Tract 17; Bay County; Florida","1093","211","625","128","344","106","281","108","74","64","207","94","468","190","421","185","47","41",
"1400000US12005001800","Census Tract 18; Bay County; Florida","561","141","319","81","212","88","107","51","3","7","104","50","242","113","148","97","94","73",
"1400000US12005001900","Census Tract 19; Bay County; Florida","1928","186","1068","205","771","173","297","128","46","36","251","127","860","175","724","170","136","85",
"1400000US12005002000","Census Tract 20; Bay County; Florida","810","154","225","72","168","61","57","35","5","9","52","33","585","139","539","144","46","30",
"1400000US12005002200","Census Tract 22; Bay County; Florida","1633","223","971","177","348","153","623","210","158","112","465","158","662","211","471","172","191","156",
"1400000US12005002300","Census Tract 23; Bay County; Florida","1852","252","987","174","687","154","300","123","143","103","157","87","865","218","572","214","293","139",
"1400000US12005002400","Census Tract 24; Bay County; Florida","1827","175","962","167","603","166","359","164","68","80","291","147","865","162","619","151","246","104",
"1400000US12005002500","Census Tract 25; Bay County; Florida","1347","186","800","162","719","148","81","56","43","41","38","38","547","151","462","140","85","66",
"1400000US12005002604","Census Tract 26.04; Bay County; Florida","3623","396","2150","375","1545","394","605","253","222","177","383","222","1473","361","1286","350","187","149",
"1400000US12005002605","Census Tract 26.05; Bay County; Florida","859","176","527","184","462","183","65","60","8","13","57","58","332","93","294","94","38","31",
"1400000US12005002606","Census Tract 26.06; Bay County; Florida","921","161","476","102","359","95","117","57","24","27","93","52","445","162","386","158","59","36",
"1400000US12005002607","Census Tract 26.07; Bay County; Florida","608","125","301","96","268","89","33","36","0","15","33","36","307","105","238","95","69","51",
"1400000US12005002608","Census Tract 26.08; Bay County; Florida","1809","236","1297","207","1137","207","160","81","21","25","139","74","512","160","477","154","35","31",
"1400000US12005002609","Census Tract 26.09; Bay County; Florida","2427","309","1489","262","1212","245","277","140","121","90","156","91","938","285","775","279","163","118",
"1400000US12005002703","Census Tract 27.03; Bay County; Florida","1596","226","1122","177","846","192","276","125","105","71","171","101","474","138","394","138","80","48",
"1400000US12005002706","Census Tract 27.06; Bay County; Florida","1136","181","722","193","511","199","211","125","83","65","128","111","414","142","311","124","103","88",
"1400000US12005002707","Census Tract 27.07; Bay County; Florida","1368","201","794","159","610","138","184","120","72","98","112","78","574","169","433","168","141","91",
"1400000US12005002708","Census Tract 27.08; Bay County; Florida","401","102","246","93","225","95","21","27","8","15","13","22","155","79","115","58","40","49",
"1400000US12005002709","Census Tract 27.09; Bay County; Florida","1745","268","940","270","631","171","309","288","209","273","100","73","805","190","549","168","256","119",
"1400000US12005002710","Census Tract 27.10; Bay County; Florida","2952","383","2288","368","1348","301","940","344","249","162","691","272","664","226","457","158","207","162",
"1400000US12005002711","Census Tract 27.11; Bay County; Florida","1533","259","924","204","752","150","172","138","31","35","141","133","609","224","576","220","33","37",
"1400000US12005002712","Census Tract 27.12; Bay County; Florida","1121","174","519","114","480","110","39","35","23","25","16","25","602","181","549","196","53","56",
"1400000US12005002713","Census Tract 27.13; Bay County; Florida","645","144","398","107","346","104","52","31","23","22","29","29","247","98","204","87","43","54",
"1400000US12005990000","Census Tract 9900; Bay County; Florida","0","15","0","15","0","15","0","15","0","15","0","15","0","15","0","15","0","15",
"1400000US12007000100","Census Tract 1; Bradford County; Florida","1998","250","1264","287","704","193","560","214","197","162","363","162","734","216","529","177","205","166",
"1400000US12007000201","Census Tract 2.01; Bradford County; Florida","1363","216","929","202","388","125","541","217","26","30","515","218","434","144","384","128","50","67",
"1400000US12007000202","Census Tract 2.02; Bradford County; Florida","1357","249","835","184","638","172","197","103","97","63","100","78","522","193","477","192","45","39",
"1400000US12007000301","Census Tract 3.01; Bradford County; Florida","1834","247","1107","170","899","167","208","108","18","32","190","103","727","220","617","228","110","102",
"1400000US12007000302","Census Tract 3.02; Bradford County; Florida","1200","209","974","218","796","215","178","89","51","42","127","80","226","69","154","63","72","34",
"1400000US12007000400","Census Tract 4; Bradford County; Florida","1526","218","1122","193","848","168","274","121","157","98","117","69","404","143","390","142","14","20",
"1400000US12009060103","Census Tract 601.03; Brevard County; Florida","1154","169","793","160","549","161","244","104","59","53","185","88","361","130","289","105","72","66",
"1400000US12009060104","Census Tract 601.04; Brevard County; Florida","608","254","447","243","342","236","105","90","71","86","34","26","161","63","131","58","30","24",
"1400000US12009060105","Census Tract 601.05; Brevard County; Florida","962","166","654","152","497","178","157","78","22","35","135","67","308","126","283","126","25","36",
"1400000US12009060106","Census Tract 601.06; Brevard County; Florida","562","95","448","81","413","78","35","31","0","15","35","31","114","61","94","58","20","18",
"1400000US12009060201","Census Tract 602.01; Brevard County; Florida","921","176","710","171","566","153","144","89","63","69","81","54","211","76","193","72","18","28",
"1400000US12009060202","Census Tract 602.02; Brevard County; Florida","1140","183","875","197","813","199","62","56","8","12","54","55","265","145","214","123","51","52",
"1400000US12009060301","Census Tract 603.01; Brevard County; Florida","815","132","517","115","415","128","102","51","25","23","77","44","298","97","202","85","96","61",
"1400000US12009060302","Census Tract 603.02; Brevard County; Florida","1260","269","695","117","502","108","193","96","61","65","132","78","565","292","543","290","22","27",
"1400000US12009060400","Census Tract 604; Brevard County; Florida","1646","333","1072","157","616","155","456","143","162","85","294","122","574","292","539","289","35","29",
"1400000US12009060500","Census Tract 605; Brevard County; Florida","2020","309","1426","333","1173","342","253","119","71","72","182","100","594","198","494","182","100","85",
"1400000US12009060600","Census Tract 606; Brevard County; Florida","2273","324","1262","214","909","250","353","176","64","76","289","148","1011","296","737","230","274","182",
"1400000US12009060700","Census Tract 607; Brevard County; Florida","1203","213","585","208","309","184","276","102","29","30","247","97","618","149","486","128","132","80",
"1400000US12009061001","Census Tract 610.01; Brevard County; Florida","2707","452","1566","258","1079","255","487","160","279","183","208","112","1141","438","1010","444","131","80",
"1400000US12009061002","Census Tract 610.02; Brevard County; Florida","1140","204","663","137","402","149","261","120","186","114","75","51","477","165","391","158","86","63",
"1400000US12009061100","Census Tract 611; Brevard County; Florida","2188","212","1652","217","1282","220","370","162","138","71","232","140","536","161","457","128","79","71",
"1400000US12009061201","Census Tract 612.01; Brevard County; Florida","3344","384","2241","313","1824","254","417","275","256","264","161","101","1103","355","755","216","348","291",
"1400000US12009061202","Census Tract 612.02; Brevard County; Florida","1615","197","924","113","786","119","138","70","67","51","71","47","691","187","541","176","150","67",
"1400000US12009062106","Census Tract 621.06; Brevard County; Florida","1360","207","793","167","472","103","321","126","75","68","246","121","567","176","413","154","154","94",
"1400000US12009062108","Census Tract 621.08; Brevard County; Florida","2924","492","2154","454","1729","444","425","194","118","101","307","156","770","328","666","329","104","67",
"1400000US12009062109","Census Tract 621.09; Brevard County; Florida","1366","174","985","164","735","160","250","114","136","88","114","59","381","118","349","119","32","28",
"1400000US12009062110","Census Tract 621.10; Brevard County; Florida","1240","136","939","140","798","131","141","88","57","56","84","69","301","100","231","87","70","49",
"1400000US12009062111","Census Tract 621.11; Brevard County; Florida","1319","150","980","159","713","127","267","137","9","17","258","136","339","90","249","89","90","60",
"1400000US12009062112","Census Tract 621.12; Brevard County; Florida","574","69","454","68","355","74","99","49","53","32","46","36","120","60","89","54","31","26",
"1400000US12009062113","Census Tract 621.13; Brevard County; Florida","2436","206","1517","213","1254","217","263","115","85","75","178","115","919","191","772","184","147","99",
"1400000US12009062114","Census Tract 621.14; Brevard County; Florida","847","146","465","77","313","66","152","61","53","40","99","45","382","144","248","79","134","114",
"1400000US12009062115","Census Tract 621.15; Brevard County; Florida","815","218","649","208","522","213","127","72","38","31","89","64","166","100","153","99","13","16",
"1400000US12009062301","Census Tract 623.01; Brevard County; Florida","1341","266","626","132","462","134","164","67","0","15","164","67","715","229","691","226","24","27",
"1400000US12009062302","Census Tract 623.02; Brevard County; Florida","1563","354","664","244","339","221","325","126","56","56","269","122","899","270","766","265","133","93",
"1400000US12009062401","Census Tract 624.01; Brevard County; Florida","922","186","473","132","339","123","134","54","31","32","103","48","449","152","420","148","29","27",
"1400000US12009062402","Census Tract 624.02; Brevard County; Florida","2385","369","997","391","552","191","445","355","28","47","417","349","1388","380","1160","318","228","165",
"1400000US12009062500","Census Tract 625; Brevard County; Florida","1853","239","1133","240","747","225","386","145","113","90","273","135","720","199","433","165","287","166",
"1400000US12009062600","Census Tract 626; Brevard County; Florida","1248","265","804","267","265","149","539","236","188","190","351","184","444","166","286","107","158","130",
"1400000US12009062800","Census Tract 628; Brevard County; Florida","1901","336","1112","307","958","296","154","100","68","66","86","75","789","185","647","167","142","92",
"1400000US12009062900","Census Tract 629; Brevard County; Florida","2648","371","1488","305","968","253","520","253","190","227","330","171","1160","281","884","260","276","169",
"1400000US12009063000","Census Tract 630; Brevard County; Florida","1876","298","1329","267","947","132","382","254","198","232","184","102","547","182","459","172","88","58",
"1400000US12009063102","Census Tract 631.02; Brevard County; Florida","3867","474","2297","300","1842","230","455","199","89","84","366","182","1570","491","1067","283","503","381",
"1400000US12009063104","Census Tract 631.04; Brevard County; Florida","1618","143","1138","150","973","149","165","83","14","19","151","80","480","126","429","120","51","38",
"1400000US12009063105","Census Tract 631.05; Brevard County; Florida","3821","289","2616","300","2070","306","546","204","97","72","449","201","1205","241","978","215","227","134",
"1400000US12009063106","Census Tract 631.06; Brevard County; Florida","1888","261","1434","281","1144","280","290","112","27","31","263","108","454","105","381","111","73","76",
"1400000US12009063108","Census Tract 631.08; Brevard County; Florida","2224","218","1691","229","1565","238","126","90","80","80","46","52","533","174","503","161","30","35",
"1400000US12009063109","Census Tract 631.09; Brevard County; Florida","2364","302","1332","301","992","291","340","251","171","184","169","168","1032","321","920","306","112","97",
"1400000US12009064102","Census Tract 641.02; Brevard County; Florida","2439","222","1538","211","1357","206","181","111","0","21","181","111","901","182","686","159","215","107",
"1400000US12009064123","Census Tract 641.23; Brevard County; Florida","3260","296","1272","199","727","223","545","189","264","150","281","136","1988","295","1391","256","597","263",
"1400000US12009064124","Census Tract 641.24; Brevard County; Florida","1969","199","1099","148","783","143","316","115","43","37","273","119","870","201","692","183","178","94",
"1400000US12009064126","Census Tract 641.26; Brevard County; Florida","1783","192","1158","201","922","178","236","132","139","121","97","67","625","164","385","123","240","121",
"1400000US12009064127","Census Tract 641.27; Brevard County; Florida","3777","449","3044","432","2826","438","218","104","165","92","53","40","733","169","670","158","63","52",
"1400000US12009064128","Census Tract 641.28; Brevard County; Florida","5023","418","3067","333","2446","345","621","267","211","158","410","244","1956","436","1843","426","113","102",
"1400000US12009064129","Census Tract 641.29; Brevard County; Florida","1058","280","782","283","608","276","174","81","48","61","126","52","276","73","228","69","48","32",
"1400000US12009064130","Census Tract 641.30; Brevard County; Florida","1308","77","777","130","674","120","103","62","18","32","85","53","531","130","439","123","92","86",
"1400000US12009064201","Census Tract 642.01; Brevard County; Florida","1054","157","551","111","438","118","113","66","67","46","46","42","503","170","438","162","65","46",
"1400000US12009064202","Census Tract 642.02; Brevard County; Florida","1724","199","702","172","248","100","454","179","94","88","360","161","1022","174","894","176","128","90",
"1400000US12009064301","Census Tract 643.01; Brevard County; Florida","2494","266","1274","299","896","264","378","189","119","101","259","152","1220","290","916","265","304","142",
"1400000US12009064302","Census Tract 643.02; Brevard County; Florida","2534","237","1634","297","702","250","932","241","299","193","633","218","900","295","794","288","106","83",
"1400000US12009064400","Census Tract 644; Brevard County; Florida","2119","267","1387","220","1131","224","256","117","67","83","189","86","732","238","546","225","186","156",
"1400000US12009064500","Census Tract 645; Brevard County; Florida","1741","262","934","192","497","138","437","185","152","145","285","122","807","194","671","180","136","82",
"1400000US12009064601","Census Tract 646.01; Brevard County; Florida","3033","303","1914","261","1441","231","473","186","146","104","327","152","1119","264","772","226","347","190",
"1400000US12009064602","Census Tract 646.02; Brevard County; Florida","1135","134","552","116","314","93","238","70","68","48","170","64","583","135","505","129","78","55",
"1400000US12009064701","Census Tract 647.01; Brevard County; Florida","1402","201","638","198","394","187","244","142","95","84","149","117","764","172","645","159","119","91",
"1400000US12009064702","Census Tract 647.02; Brevard County; Florida","696","166","197","87","176","87","21","28","0","15","21","28","499","158","439","153","60","42",
"1400000US12009064800","Census Tract 648; Brevard County; Florida","1509","184","650","138","296","117","354","101","47","39","307","91","859","184","757","198","102","84",
"1400000US12009064901","Census Tract 649.01; Brevard County; Florida","2579","293","1438","272","925","177","513","309","79","67","434","299","1141","210","718","187","423","210",
"1400000US12009064902","Census Tract 649.02; Brevard County; Florida","1797","222","821","147","521","139","300","114","52","53","248","103","976","220","852","228","124","61",
"1400000US12009065001","Census Tract 650.01; Brevard County; Florida","1583","128","1096","151","820","137","276","111","114","69","162","87","487","127","353","109","134","82",
"1400000US12009065022","Census Tract 650.22; Brevard County; Florida","2137","291","1319","204","725","176","594","152","76","65","518","139","818","272","714","256","104","77",
"1400000US12009065023","Census Tract 650.23; Brevard County; Florida","2016","271","1129","300","792","268","337","165","138","121","199","133","887","211","544","172","343","169",
"1400000US12009065024","Census Tract 650.24; Brevard County; Florida","2392","292","1820","331","1744","331","76","57","0","21","76","57","572","194","435","177","137","90",
"1400000US12009065025","Census Tract 650.25; Brevard County; Florida","792","98","347","101","225","91","122","78","56","51","66","53","445","104","384","97","61","59",
"1400000US12009065123","Census Tract 651.23; Brevard County; Florida","1752","310","826","153","563","126","263","111","26","34","237","110","926","304","798","299","128","80",
"1400000US12009065124","Census Tract 651.24; Brevard County; Florida","1014","154","650","147","395","124","255","132","45","68","210","106","364","136","243","101","121","108",
"1400000US12009065126","Census Tract 651.26; Brevard County; Florida","1793","181","817","211","535","159","282","175","86","134","196","107","976","191","729","173","247","122",
"1400000US12009065127","Census Tract 651.27; Brevard County; Florida","1854","359","1245","347","1037","337","208","105","42","38","166","100","609","160","525","156","84","46",
"1400000US12009065128","Census Tract 651.28; Brevard County; Florida","1607","144","763","194","298","128","465","155","10","20","455","151","844","169","730","163","114","90",
"1400000US12009065129","Census Tract 651.29; Brevard County; Florida","1702","238","1045","223","756","201","289","128","61","60","228","113","657","162","557","139","100","96",
"1400000US12009065130","Census Tract 651.30; Brevard County; Florida","1261","199","842","206","471","150","371","170","17","30","354","164","419","132","320","117","99","80",
"1400000US12009065131","Census Tract 651.31; Brevard County; Florida","1379","151","857","172","552","145","305","147","127","112","178","97","522","144","434","138","88","75",
"1400000US12009065201","Census Tract 652.01; Brevard County; Florida","2367","271","1143","203","720","190","423","138","153","109","270","106","1224","264","938","255","286","146",
"1400000US12009065202","Census Tract 652.02; Brevard County; Florida","2405","357","1609","328","940","340","669","202","189","110","480","160","796","263","682","249","114","113",
"1400000US12009065231","Census Tract 652.31; Brevard County; Florida","2547","238","2197","243","1896","236","301","160","38","46","263","153","350","153","231","120","119","87",
"1400000US12009065236","Census Tract 652.36; Brevard County; Florida","950","155","716","155","643","156","73","46","23","21","50","40","234","95","171","85","63","31",
"1400000US12009065237","Census Tract 652.37; Brevard County; Florida","1930","354","892","284","769","286","123","74","40","53","83","59","1038","259","946","256","92","52",
"1400000US12009065238","Census Tract 652.38; Brevard County; Florida","259","138","197","132","197","132","0","15","0","15","0","15","62","44","56","42","6","10",
"1400000US12009065239","Census Tract 652.39; Brevard County; Florida","1856","203","912","141","675","134","237","90","65","52","172","87","944","186","899","195","45","35",
"1400000US12009065240","Census Tract 652.40; Brevard County; Florida","1252","215","656","118","527","112","129","89","10","17","119","85","596","228","540","231","56","40",
"1400000US12009066101","Census Tract 661.01; Brevard County; Florida","2085","235","1314","194","1178","188","136","63","13","23","123","59","771","195","645","196","126","73",
"1400000US12009066103","Census Tract 661.03; Brevard County; Florida","1448","402","698","164","678","163","20","18","7","11","13","17","750","368","695","364","55","44",
"1400000US12009066104","Census Tract 661.04; Brevard County; Florida","2300","346","1509","278","1441","274","68","57","68","57","0","15","791","274","672","273","119","81",
"1400000US12009066200","Census Tract 662; Brevard County; Florida","1394","155","851","95","751","92","100","64","60","60","40","36","543","201","460","194","83","45",
"1400000US12009066301","Census Tract 663.01; Brevard County; Florida","3106","353","1558","222","1254","204","304","166","65","52","239","155","1548","348","1269","331","279","147",
"1400000US12009066302","Census Tract 663.02; Brevard County; Florida","1893","336","1345","326","998","206","347","271","183","247","164","82","548","129","476","130","72","50",
"1400000US12009066400","Census Tract 664; Brevard County; Florida","2413","248","1324","165","1054","176","270","148","57","53","213","136","1089","246","876","227","213","129",
"1400000US12009066500","Census Tract 665; Brevard County; Florida","1532","169","1077","123","947","144","130","95","53","56","77","74","455","146","386","139","69","52",
"1400000US12009066600","Census Tract 666; Brevard County; Florida","1748","178","1278","155","1170","149","108","48","43","30","65","38","470","105","326","96","144","66",
"1400000US12009066700","Census Tract 667; Brevard County; Florida","1997","200","1395","212","1143","219","252","140","124","93","128","114","602","194","515","174","87","65",
"1400000US12009066800","Census Tract 668; Brevard County; Florida","674","91","503","80","418","73","85","53","55","44","30","28","171","63","117","50","54","30",
"1400000US12009066900","Census Tract 669; Brevard County; Florida","2912","269","1656","253","1318","231","338","152","96","90","242","148","1256","238","1117","236","139","109",
"1400000US12009067100","Census Tract 671; Brevard County; Florida","508","64","414","76","352","76","62","40","36","32","26","32","94","51","81","47","13","15",
"1400000US12009068101","Census Tract 681.01; Brevard County; Florida","1695","169","948","189","725","177","223","107","79","57","144","86","747","148","560","130","187","64",
"1400000US12009068102","Census Tract 681.02; Brevard County; Florida","1134","201","701","156","624","152","77","64","9","13","68","63","433","157","320","87","113","146",
"1400000US12009068400","Census Tract 684; Brevard County; Florida","1094","212","486","137","358","117","128","81","7","12","121","78","608","195","480","183","128","72",
"1400000US12009068501","Census Tract 685.01; Brevard County; Florida","1288","206","579","171","441","159","138","80","9","13","129","76","709","208","544","204","165","90",
"1400000US12009068502","Census Tract 685.02; Brevard County; Florida","1444","226","455","107","320","109","135","84","0","15","135","84","989","233","841","209","148","114",
"1400000US12009068601","Census Tract 686.01; Brevard County; Florida","1406","226","657","217","557","196","100","64","19","34","81","60","749","220","611","208","138","81",
"1400000US12009068603","Census Tract 686.03; Brevard County; Florida","1064","258","301","98","253","97","48","30","16","20","32","29","763","271","699","270","64","41",
"1400000US12009068604","Census Tract 686.04; Brevard County; Florida","1230","190","673","201","564","208","109","57","0","15","109","57","557","175","514","167","43","39",
"1400000US12009069100","Census Tract 691; Brevard County; Florida","1837","170","1275","152","1043","144","232","87","114","76","118","69","562","135","419","115","143","85",
"1400000US12009069200","Census Tract 692; Brevard County; Florida","1187","230","577","160","422","105","155","115","32","38","123","109","610","211","533","205","77","53",
"1400000US12009069300","Census Tract 693; Brevard County; Florida","1257","237","851","203","784","199","67","55","26","30","41","39","406","119","327","110","79","50",
"1400000US12009069400","Census Tract 694; Brevard County; Florida","2625","343","2205","351","1907","356","298","126","75","57","223","122","420","140","343","116","77","102",
"1400000US12009069700","Census Tract 697; Brevard County; Florida","1121","121","742","142","503","125","239","106","80","71","159","93","379","132","339","126","40","34",
"1400000US12009069801","Census Tract 698.01; Brevard County; Florida","1394","147","1104","138","988","141","116","48","38","29","78","38","290","87","187","71","103","57",
"1400000US12009069802","Census Tract 698.02; Brevard County; Florida","1588","202","1001","214","674","170","327","142","74","57","253","127","587","152","506","145","81","53",
"1400000US12009069903","Census Tract 699.03; Brevard County; Florida","1131","167","796","162","595","99","201","132","103","103","98","83","335","109","259","102","76","65",
"1400000US12009069904","Census Tract 699.04; Brevard County; Florida","2390","247","1592","214","1422","155","170","139","0","21","170","139","798","236","726","226","72","59",
"1400000US12009069905","Census Tract 699.05; Brevard County; Florida","0","15","0","15","0","15","0","15","0","15","0","15","0","15","0","15","0","15",
"1400000US12009069906","Census Tract 699.06; Brevard County; Florida","704","204","422","208","247","182","175","118","57","67","118","83","282","109","267","109","15","17",
"1400000US12009069907","Census Tract 699.07; Brevard County; Florida","1122","163","724","117","481","125","243","105","25","25","218","103","398","141","333","117","65","79",
"1400000US12009071100","Census Tract 711; Brevard County; Florida","1904","285","1268","228","1101","201","167","128","78","120","89","47","636","219","495","208","141","106",
"1400000US12009071201","Census Tract 712.01; Brevard County; Florida","4033","523","2121","267","1730","246","391","139","64","80","327","124","1912","583","1468","500","444","333",
"1400000US12009071202","Census Tract 712.02; Brevard County; Florida","736","140","518","108","458","114","60","47","34","41","26","21","218","122","210","122","8","13",
"1400000US12009071203","Census Tract 712.03; Brevard County; Florida","1344","485","1093","485","994","491","99","93","11","21","88","90","251","121","218","122","33","31",
"1400000US12009071204","Census Tract 712.04; Brevard County; Florida","191","198","23","12","18","11","5","7","0","15","5","7","168","199","164","198","4","6",
"1400000US12009071205","Census Tract 712.05; Brevard County; Florida","2196","444","1875","426","1658","448","217","143","88","110","129","73","321","166","255","147","66","70",
"1400000US12009071335","Census Tract 713.35; Brevard County; Florida","2114","304","1502","295","1263","310","239","108","72","50","167","94","612","172","561","167","51","54",
"1400000US12009071337","Census Tract 713.37; Brevard County; Florida","2743","330","2026","311","1516","302","510","151","180","90","330","128","717","193","629","183","88","71",
"1400000US12009071339","Census Tract 713.39; Brevard County; Florida","3106","372","2407","411","1762","445","645","244","277","191","368","153","699","200","603","196","96","69",
"1400000US12009071341","Census Tract 713.41; Brevard County; Florida","2691","214","2075","229","1424","262","651","243","127","110","524","243","616","209","361","176","255","137",
"1400000US12009071342","Census Tract 713.42; Brevard County; Florida","1421","186","999","185","640","151","359","171","100","60","259","165","422","118","353","116","69","43",
"1400000US12009071343","Census Tract 713.43; Brevard County; Florida","1584","356","1273","383","969","392","304","112","127","87","177","99","311","124","256","118","55","42",
"1400000US12009071344","Census Tract 713.44; Brevard County; Florida","1703","139","1261","175","842","170","419","163","42","46","377","150","442","130","342","123","100","77",
"1400000US12009071345","Census Tract 713.45; Brevard County; Florida","2909","217","2018","276","1696","280","322","173","41","49","281","166","891","221","648","194","243","124",
"1400000US12009071346","Census Tract 713.46; Brevard County; Florida","2754","337","2126","333","1481","196","645","307","60","70","585","306","628","193","469","181","159","113",
"1400000US12009071347","Census Tract 713.47; Brevard County; Florida","2391","409","1912","414","1286","352","626","220","60","70","566","217","479","222","429","204","50","61",
"1400000US12009071348","Census Tract 713.48; Brevard County; Florida","3197","414","2504","408","1894","427","610","214","99","81","511","206","693","212","554","187","139","124",
"1400000US12009071349","Census Tract 713.49; Brevard County; Florida","1478","247","1297","252","829","279","468","152","172","104","296","132","181","72","108","56","73","48",
"1400000US12009071350","Census Tract 713.50; Brevard County; Florida","1919","143","1459","183","1105","166","354","165","167","148","187","101","460","154","335","138","125","80",
"1400000US12009071351","Census Tract 713.51; Brevard County; Florida","1314","238","707","149","453","137","254","112","68","48","186","97","607","236","574","237","33","44",
"1400000US12009071352","Census Tract 713.52; Brevard County; Florida","1729","351","1204","354","821","222","383","292","98","91","285","280","525","133","474","127","51","38",
"1400000US12009071353","Census Tract 713.53; Brevard County; Florida","3110","229","2447","236","2332","230","115","79","66","66","49","44","663","163","562","151","101","78",
"1400000US12009071354","Census Tract 713.54; Brevard County; Florida","2735","370","2106","422","1682","238","424","371","259","349","165","127","629","228","356","143","273","190",
"1400000US12009071401","Census Tract 714.01; Brevard County; Florida","738","94","436","85","350","82","86","53","24","40","62","35","302","83","302","83","0","15",
"1400000US12009071402","Census Tract 714.02; Brevard County; Florida","903","201","443","167","252","102","191","151","45","39","146","146","460","121","337","104","123","84",
"1400000US12009071500","Census Tract 715; Brevard County; Florida","1519","232","630","165","496","147","134","72","32","30","102","64","889","203","730","202","159","88",
"1400000US12009071601","Census Tract 716.01; Brevard County; Florida","915","90","509","91","417","98","92","62","25","28","67","52","406","115","298","103","108","76",
"1400000US12009071602","Census Tract 716.02; Brevard County; Florida","1242","208","769","183","573","188","196","105","89","67","107","80","473","138","424","137","49","35",
"1400000US12009071700","Census Tract 717; Brevard County; Florida","3115","286","1699","210","1566","217","133","72","37","30","96","72","1416","307","1236","296","180","99",
"1400000US12009980000","Census Tract 9800; Brevard County; Florida","0","15","0","15","0","15","0","15","0","15","0","15","0","15","0","15","0","15",
"1400000US12009980100","Census Tract 9801; Brevard County; Florida","0","15","0","15","0","15","0","15","0","15","0","15","0","15","0","15","0","15",
"1400000US12009990000","Census Tract 9900; Brevard County; Florida","0","15","0","15","0","15","0","15","0","15","0","15","0","15","0","15","0","15",
"1400000US12011010102","Census Tract 101.02; Broward County; Florida","1355","191","808","138","647","135","161","88","41","29","120","88","547","170","386","131","161","88",
"1400000US12011010103","Census Tract 101.03; Broward County; Florida","1758","247","985","173","729","138","256","142","145","106","111","84","773","201","703","200","70","38",
"1400000US12011010104","Census Tract 101.04; Broward County; Florida","1198","217","508","167","383","139","125","95","0","15","125","95","690","197","572","189","118","88",
"1400000US12011010201","Census Tract 102.01; Broward County; Florida","1272","442","913","427","392","91","521","441","328","422","193","150","359","156","288","149","71","71",
"1400000US12011010202","Census Tract 102.02; Broward County; Florida","1805","466","734","171","485","138","249","107","89","75","160","93","1071","450","929","451","142","85",
"1400000US12011010304","Census Tract 103.04; Broward County; Florida","1238","170","923","134","477","164","446","152","144","117","302","139","315","136","189","123","126","85",
"1400000US12011010305","Census Tract 103.05; Broward County; Florida","2746","305","1266","269","486","184","780","245","296","194","484","220","1480","358","1101","285","379","209",
"1400000US12011010306","Census Tract 103.06; Broward County; Florida","1044","135","648","153","303","136","345","163","65","70","280","155","396","155","315","108","81","107",
"1400000US12011010307","Census Tract 103.07; Broward County; Florida","1978","338","1077","188","444","188","633","171","131","98","502","172","901","343","777","341","124","101",
"1400000US12011010308","Census Tract 103.08; Broward County; Florida","2203","325","1147","312","1043","299","104","86","11","20","93","84","1056","229","803","213","253","143",
"1400000US12011010401","Census Tract 104.01; Broward County; Florida","1847","252","1378","215","1068","217","310","131","56","67","254","110","469","187","373","174","96","76",
"1400000US12011010402","Census Tract 104.02; Broward County; Florida","2056","241","818","217","707","206","111","65","38","42","73","62","1238","245","1195","249","43","39",
"1400000US12011010403","Census Tract 104.03; Broward County; Florida","3361","465","1019","257","702","240","317","149","60","45","257","136","2342","362","2292","361","50","51",
"1400000US12011010405","Census Tract 104.05; Broward County; Florida","3739","522","2718","312","2139","293","579","252","151","118","428","208","1021","501","865","479","156","111",
"1400000US12011010406","Census Tract 104.06; Broward County; Florida","1583","185","962","188","601","154","361","141","55","47","306","141","621","166","470","135","151","103",
"1400000US12011010407","Census Tract 104.07; Broward County; Florida","2942","425","1524","378","1285","399","239","127","56","57","183","126","1418","354","1222","361","196","90",
"1400000US12011010502","Census Tract 105.02; Broward County; Florida","1271","111","868","141","749","150","119","86","62","64","57","57","403","131","233","94","170","91",
"1400000US12011010503","Census Tract 105.03; Broward County; Florida","7214","389","6521","382","5832","423","689","332","312","247","377","265","693","320","407","280","286","205",
"1400000US12011010504","Census Tract 105.04; Broward County; Florida","1790","161","1589","168","1365","188","224","118","131","99","93","57","201","106","141","97","60","83",
"1400000US12011010601","Census Tract 106.01; Broward County; Florida","3023","396","2151","404","1882","438","269","120","140","99","129","81","872","160","803","155","69","63",
"1400000US12011010603","Census Tract 106.03; Broward County; Florida","1721","187","1539","195","1106","135","433","180","32","30","401","177","182","84","173","83","9","14",
"1400000US12011010604","Census Tract 106.04; Broward County; Florida","1372","129","1104","106","821","116","283","84","153","82","130","70","268","124","216","123","52","38",
"1400000US12011010605","Census Tract 106.05; Broward County; Florida","2188","257","1846","292","1525","302","321","166","211","149","110","97","342","127","221","108","121","82",
"1400000US12011010606","Census Tract 106.06; Broward County; Florida","2992","327","1919","303","1378","327","541","194","44","36","497","189","1073","291","751","259","322","202",
"1400000US12011010609","Census Tract 106.09; Broward County; Florida","1931","288","1275","288","765","136","510","273","310","271","200","91","656","163","499","140","157","89",
"1400000US12011010610","Census Tract 106.10; Broward County; Florida","2450","279","1521","267","1170","220","351","199","117","150","234","139","929","272","719","256","210","161",
"1400000US12011010611","Census Tract 106.11; Broward County; Florida","1066","106","963","114","803","113","160","88","16","24","144","77","103","69","72","51","31","41",
"1400000US12011010612","Census Tract 106.12; Broward County; Florida","2159","318","1840","351","1641","345","199","114","30","38","169","110","319","130","298","123","21","33",
"1400000US12011010613","Census Tract 106.13; Broward County; Florida","1075","200","559","187","290","82","269","181","50","71","219","147","516","163","393","179","123","111",
"1400000US12011010614","Census Tract 106.14; Broward County; Florida","898","101","621","95","371","120","250","68","48","72","202","75","277","115","214","109","63","64",
"1400000US12011010615","Census Tract 106.15; Broward County; Florida","1607","299","1304","325","784","253","520","286","163","102","357","278","303","131","290","134","13","19",
"1400000US12011010701","Census Tract 107.01; Broward County; Florida","1892","267","1342","272","822","283","520","163","119","90","401","149","550","152","442","140","108","66",
"1400000US12011010702","Census Tract 107.02; Broward County; Florida","2870","380","2240","359","1209","370","1031","266","383","208","648","238","630","256","456","221","174","199",
"1400000US12011010800","Census Tract 108; Broward County; Florida","2886","455","1553","287","829","268","724","246","224","189","500","212","1333","436","962","380","371","235",
"1400000US12011010901","Census Tract 109.01; Broward County; Florida","1132","129","619","96","547","90","72","58","12","21","60","55","513","129","483","125","30","45",
"1400000US12011010902","Census Tract 109.02; Broward County; Florida","1774","253","910","165","790","136","120","132","89","126","31","39","864","258","803","257","61","52",
"1400000US12011011000","Census Tract 110; Broward County; Florida","1319","250","595","116","520","114","75","41","15","17","60","38","724","230","631","225","93","41",
"1400000US12011020101","Census Tract 201.01; Broward County; Florida","3860","564","2320","313","1317","340","1003","286","306","155","697","263","1540","542","1085","275","455","432",
"1400000US12011020103","Census Tract 201.03; Broward County; Florida","2367","292","1383","264","920","241","463","165","121","104","342","171","984","293","843","284","141","104",
"1400000US12011020104","Census Tract 201.04; Broward County; Florida","1317","215","610","115","494","109","116","69","36","35","80","62","707","189","598","171","109","74",
"1400000US12011020204","Census Tract 202.04; Broward County; Florida","2618","312","1700","252","1142","241","558","195","154","97","404","176","918","296","782","280","136","105",
"1400000US12011020205","Census Tract 202.05; Broward County; Florida","2728","300","1740","313","1421","339","319","170","88","104","231","121","988","218","878","208","110","93",
"1400000US12011020206","Census Tract 202.06; Broward County; Florida","1593","198","1271","219","851","200","420","100","105","68","315","81","322","113","305","115","17","19",
"1400000US12011020209","Census Tract 202.09; Broward County; Florida","895","116","539","64","306","67","233","83","66","43","167","68","356","125","351","125","5","8",
"1400000US12011020210","Census Tract 202.10; Broward County; Florida","2428","336","1884","388","1426","404","458","196","199","142","259","154","544","224","481","219","63","61",
"1400000US12011020211","Census Tract 202.11; Broward County; Florida","1141","253","698","219","378","125","320","208","98","78","222","192","443","178","383","167","60","70",
"1400000US12011020212","Census Tract 202.12; Broward County; Florida","2431","781","1451","739","1058","721","393","203","17","19","376","202","980","217","915","214","65","61",
"1400000US12011020213","Census Tract 202.13; Broward County; Florida","2413","765","713","140","533","136","180","90","55","59","125","81","1700","761","1413","715","287","303",
"1400000US12011020214","Census Tract 202.14; Broward County; Florida","774","89","596","104","425","114","171","73","103","53","68","45","178","68","150","60","28","41",
"1400000US12011020302","Census Tract 203.02; Broward County; Florida","3219","374","2301","367","1484","325","817","282","249","192","568","198","918","278","881","269","37","47",
"1400000US12011020308","Census Tract 203.08; Broward County; Florida","1605","271","1441","266","901","269","540","189","93","92","447","179","164","83","141","83","23","23",
"1400000US12011020309","Census Tract 203.09; Broward County; Florida","2052","220","1631","255","1364","279","267","153","95","86","172","118","421","162","355","150","66","68",
"1400000US12011020311","Census Tract 203.11; Broward County; Florida","1235","155","998","172","731","209","267","146","98","63","169","140","237","103","173","90","64","64",
"1400000US12011020312","Census Tract 203.12; Broward County; Florida","1607","135","1322","180","923","144","399","172","128","106","271","125","285","101","205","91","80","68",
"1400000US12011020313","Census Tract 203.13; Broward County; Florida","2221","210","1589","249","998","235","591","201","186","129","405","182","632","185","470","155","162","100",
"1400000US12011020314","Census Tract 203.14; Broward County; Florida","1924","301","1295","225","936","209","359","222","42","46","317","218","629","274","504","258","125","90",
"1400000US12011020315","Census Tract 203.15; Broward County; Florida","1711","275","1460","281","880","158","580","259","168","103","412","247","251","102","175","78","76","64",
"1400000US12011020316","Census Tract 203.16; Broward County; Florida","1620","228","934","117","619","103","315","121","85","68","230","110","686","213","451","126","235","195",
"1400000US12011020317","Census Tract 203.17; Broward County; Florida","997","102","817","111","631","106","186","86","36","37","150","83","180","68","143","68","37","37",
"1400000US12011020318","Census Tract 203.18; Broward County; Florida","3194","323","2799","359","2322","438","477","226","152","120","325","191","395","207","243","167","152","128",
"1400000US12011020319","Census Tract 203.19; Broward County; Florida","2412","425","1729","253","1324","237","405","195","65","72","340","173","683","418","483","396","200","148",
"1400000US12011020320","Census Tract 203.20; Broward County; Florida","1852","224","1360","199","870","186","490","172","131","104","359","138","492","183","339","160","153","105",
"1400000US12011020321","Census Tract 203.21; Broward County; Florida","640","197","541","193","366","51","175","184","3","5","172","183","99","39","90","38","9","10",
"1400000US12011020322","Census Tract 203.22; Broward County; Florida","1220","196","1154","208","1019","208","135","63","39","37","96","60","66","54","54","48","12","19",
"1400000US12011020323","Census Tract 203.23; Broward County; Florida","1613","261","941","215","537","141","404","193","40","42","364","186","672","237","478","213","194","103",
"1400000US12011020324","Census Tract 203.24; Broward County; Florida","3018","364","1744","360","1024","338","720","263","200","175","520","194","1274","431","1189","407","85","106",
"1400000US12011020325","Census Tract 203.25; Broward County; Florida","1374","403","910","198","595","191","315","120","65","62","250","107","464","371","430","368","34","35",
"1400000US12011020326","Census Tract 203.26; Broward County; Florida","1901","212","1516","224","920","209","596","135","80","70","516","132","385","136","132","79","253","110",
"1400000US12011020404","Census Tract 204.04; Broward County; Florida","2714","337","2154","291","1324","304","830","306","341","256","489","211","560","276","520","261","40","68",
"1400000US12011020405","Census Tract 204.05; Broward County; Florida","1776","250","1240","169","817","204","423","154","86","73","337","142","536","251","491","250","45","47",
"1400000US12011020406","Census Tract 204.06; Broward County; Florida","2750","547","1674","224","1184","213","490","195","149","114","341","152","1076","572","975","571","101","112",
"1400000US12011020407","Census Tract 204.07; Broward County; Florida","2541","224","2067","269","1462","294","605","247","157","163","448","214","474","228","464","228","10","13",
"1400000US12011020412","Census Tract 204.12; Broward County; Florida","1140","119","852","166","489","132","363","129","51","55","312","131","288","143","245","131","43","67",
"1400000US12011020414","Census Tract 204.14; Broward County; Florida","2447","425","1252","232","911","237","341","194","23","37","318","190","1195","477","1109","475","86","62",
"1400000US12011020415","Census Tract 204.15; Broward County; Florida","1626","190","992","165","733","175","259","130","30","40","229","120","634","167","499","149","135","107",
"1400000US12011020416","Census Tract 204.16; Broward County; Florida","1407","266","995","289","662","282","333","159","59","74","274","141","412","119","395","119","17","32",
"1400000US12011020417","Census Tract 204.17; Broward County; Florida","3117","526","1471","393","964","313","507","219","137","137","370","192","1646","488","1584","483","62","62",
"1400000US12011020418","Census Tract 204.18; Broward County; Florida","1295","177","932","123","732","150","200","97","52","46","148","87","363","178","325","168","38","42",
"1400000US12011020419","Census Tract 204.19; Broward County; Florida","1381","243","1039","230","783","214","256","77","54","48","202","73","342","129","237","121","105","81",
"1400000US12011020420","Census Tract 204.20; Broward County; Florida","1238","181","875","217","346","204","529","267","0","15","529","267","363","168","363","168","0","15",
"1400000US12011020421","Census Tract 204.21; Broward County; Florida","1863","219","1015","201","642","204","373","189","48","58","325","190","848","186","591","173","257","158",
"1400000US12011020501","Census Tract 205.01; Broward County; Florida","1607","259","1272","198","837","244","435","164","116","80","319","138","335","197","329","200","6","9",
"1400000US12011020502","Census Tract 205.02; Broward County; Florida","2947","329","2400","349","1289","354","1111","351","224","170","887","336","547","247","529","246","18","31",
"1400000US12011030100","Census Tract 301; Broward County; Florida","2021","202","1245","198","1000","168","245","122","72","67","173","112","776","213","567","182","209","141",
"1400000US12011030201","Census Tract 302.01; Broward County; Florida","1429","146","969","165","620","150","349","127","158","101","191","93","460","156","332","124","128","91",
"1400000US12011030202","Census Tract 302.02; Broward County; Florida","727","82","367","88","207","67","160","55","86","48","74","41","360","72","317","65","43","36",
"1400000US12011030203","Census Tract 302.03; Broward County; Florida","1788","282","1235","297","771","301","464","193","317","171","147","79","553","153","368","122","185","96",
"1400000US12011030301","Census Tract 303.01; Broward County; Florida","1313","117","736","157","184","111","552","152","324","131","228","113","577","159","487","144","90","67",
"1400000US12011030302","Census Tract 303.02; Broward County; Florida","2572","275","1733","275","736","187","997","297","338","226","659","251","839","245","663","231","176","100",
"1400000US12011030401","Census Tract 304.01; Broward County; Florida","985","140","798","145","266","87","532","147","237","122","295","92","187","68","139","62","48","37",
"1400000US12011030402","Census Tract 304.02; Broward County; Florida","1658","207","1082","212","419","166","663","173","124","83","539","172","576","178","563","176","13","21",
"1400000US12011030500","Census Tract 305; Broward County; Florida","2125","215","1717","252","868","244","849","277","204","147","645","225","408","172","319","148","89","122",
"1400000US12011030601","Census Tract 306.01; Broward County; Florida","675","73","508","102","171","84","337","98","74","65","263","92","167","84","165","84","2","5",
"1400000US12011030602","Census Tract 306.02; Broward County; Florida","1709","233","916","252","506","191","410","224","123","154","287","164","793","182","606","174","187","112",
"1400000US12011030702","Census Tract 307.02; Broward County; Florida","1136","242","888","226","710","243","178","114","91","95","87","66","248","115","171","67","77","106",
"1400000US12011030703","Census Tract 307.03; Broward County; Florida","2406","304","1373","248","682","193","691","216","179","103","512","200","1033","243","1009","247","24","28",
"1400000US12011030704","Census Tract 307.04; Broward County; Florida","2408","293","1227","222","808","193","419","162","79","66","340","141","1181","296","1044","288","137","97",
"1400000US12011030705","Census Tract 307.05; Broward County; Florida","2580","431","732","168","502","141","230","105","30","34","200","102","1848","419","1783","421","65","51",
"1400000US12011030803","Census Tract 308.03; Broward County; Florida","1812","265","999","273","329","135","670","247","72","91","598","231","813","229","590","157","223","128",
"1400000US12011030804","Census Tract 308.04; Broward County; Florida","896","138","729","143","280","143","449","177","198","138","251","144","167","95","141","98","26","43",
"1400000US12011030805","Census Tract 308.05; Broward County; Florida","1353","267","628","169","546","152","82","70","25","24","57","68","725","259","637","250","88","43",
"1400000US12011030806","Census Tract 308.06; Broward County; Florida","2337","295","894","250","777","233","117","75","0","15","117","75","1443","307","1272","287","171","114",
"1400000US12011030902","Census Tract 309.02; Broward County; Florida","1710","298","1029","234","824","227","205","90","12","19","193","85","681","192","579","189","102","53",
"1400000US12011030903","Census Tract 309.03; Broward County; Florida","1907","232","973","168","706","182","267","97","89","72","178","65","934","254","874","258","60","43",
"1400000US12011030904","Census Tract 309.04; Broward County; Florida","1754","323","989","307","813","301","176","129","28","43","148","116","765","195","581","188","184","114",
"1400000US12011031001","Census Tract 310.01; Broward County; Florida","1277","214","533","141","377","136","156","139","22","30","134","141","744","220","496","142","248","140",
"1400000US12011031002","Census Tract 310.02; Broward County; Florida","2595","549","1270","253","776","208","494","227","337","204","157","105","1325","525","1124","517","201","128",
"1400000US12011031101","Census Tract 311.01; Broward County; Florida","1266","165","558","121","388","114","170","69","67","49","103","48","708","149","578","137","130","75",
"1400000US12011031102","Census Tract 311.02; Broward County; Florida","1775","244","937","244","652","142","285","226","186","197","99","91","838","253","588","178","250","187",
"1400000US12011031203","Census Tract 312.03; Broward County; Florida","803","156","394","91","318","72","76","67","0","15","76","67","409","123","372","116","37","41",
"1400000US12011031204","Census Tract 312.04; Broward County; Florida","1844","268","646","145","625","143","21","28","21","28","0","15","1198","251","1114","247","84","50",
"1400000US12011031205","Census Tract 312.05; Broward County; Florida","771","102","272","60","239","56","33","20","16","14","17","15","499","102","427","92","72","44",
"1400000US12011031206","Census Tract 312.06; Broward County; Florida","1440","157","708","186","649","190","59","65","52","65","7","11","732","213","616","206","116","82",
"1400000US12011031207","Census Tract 312.07; Broward County; Florida","2529","426","1123","232","1031","229","92","110","83","110","9","16","1406","421","1333","420","73","73",
"1400000US12011040101","Census Tract 401.01; Broward County; Florida","809","168","361","100","340","97","21","18","0","15","21","18","448","145","420","140","28","22",
"1400000US12011040102","Census Tract 401.02; Broward County; Florida","1402","286","691","138","591","123","100","55","43","30","57","42","711","228","588","218","123","78",
"1400000US12011040203","Census Tract 402.03; Broward County; Florida","817","212","295","116","214","60","81","104","65","103","16","19","522","169","407","165","115","102",
"1400000US12011040204","Census Tract 402.04; Broward County; Florida","1886","252","756","187","712","177","44","52","0","15","44","52","1130","268","1068","267","62","54",
"1400000US12011040205","Census Tract 402.05; Broward County; Florida","2351","333","1412","249","920","195","492","266","50","60","442","256","939","311","685","303","254","119",
"1400000US12011040206","Census Tract 402.06; Broward County; Florida","1607","195","806","196","648","193","158","70","49","46","109","52","801","166","717","165","84","54",
"1400000US12011040300","Census Tract 403; Broward County; Florida","1961","227","873","166","629","173","244","73","70","50","174","66","1088","213","884","215","204","121",
"1400000US12011040401","Census Tract 404.01; Broward County; Florida","1299","182","553","122","520","115","33","29","33","29","0","15","746","186","684","185","62","43",
"1400000US12011040402","Census Tract 404.02; Broward County; Florida","1446","248","656","155","579","145","77","60","0","15","77","60","790","185","655","192","135","90",
"1400000US12011040502","Census Tract 405.02; Broward County; Florida","2076","375","920","350","763","301","157","128","148","130","9","15","1156","269","991","276","165","104",
"1400000US12011040503","Census Tract 405.03; Broward County; Florida","820","118","340","78","327","77","13","16","7","12","6","10","480","112","379","103","101","51",
"1400000US12011040505","Census Tract 405.05; Broward County; Florida","818","257","364","126","359","125","5","8","0","15","5","8","454","243","421","243","33","26",
"1400000US12011040506","Census Tract 405.06; Broward County; Florida","1186","170","591","126","471","123","120","46","86","21","34","40","595","125","518","125","77","63",
"1400000US12011040601","Census Tract 406.01; Broward County; Florida","1963","273","970","193","941","188","29","35","0","15","29","35","993","243","917","249","76","65",
"1400000US12011040602","Census Tract 406.02; Broward County; Florida","1326","178","720","161","546","144","174","110","67","63","107","82","606","163","450","117","156","93",
"1400000US12011040701","Census Tract 407.01; Broward County; Florida","1464","179","684","156","514","132","170","90","45","45","125","77","780","167","519","134","261","122",
"1400000US12011040702","Census Tract 407.02; Broward County; Florida","2092","320","739","173","541","152","198","123","50","57","148","111","1353","340","1049","328","304","179",
"1400000US12011040801","Census Tract 408.01; Broward County; Florida","1675","157","953","143","419","140","534","171","48","49","486","170","722","160","456","135","266","115",
"1400000US12011040802","Census Tract 408.02; Broward County; Florida","2067","277","922","284","686","287","236","143","21","30","215","137","1145","243","823","230","322","109",
"1400000US12011040901","Census Tract 409.01; Broward County; Florida","1419","182","898","149","388","141","510","135","212","109","298","91","521","165","486","162","35","39",
"1400000US12011040902","Census Tract 409.02; Broward County; Florida","1351","564","1214","550","874","586","340","122","111","78","229","93","137","73","68","51","69","60",
"1400000US12011041000","Census Tract 410; Broward County; Florida","992","207","752","226","162","98","590","231","133","107","457","191","240","93","213","90","27","25",
"1400000US12011041100","Census Tract 411; Broward County; Florida","1962","283","1276","231","612","158","664","229","191","171","473","176","686","285","464","234","222","152",
"1400000US12011041200","Census Tract 412; Broward County; Florida","1460","187","976","190","262","96","714","180","71","46","643","171","484","185","451","189","33","36",
"1400000US12011041300","Census Tract 413; Broward County; Florida","2182","239","1871","267","720","336","1151","348","457","318","694","254","311","147","311","147","0","21",
"1400000US12011041400","Census Tract 414; Broward County; Florida","1116","193","723","171","143","86","580","197","35","42","545","192","393","166","312","162","81","63",
"1400000US12011041500","Census Tract 415; Broward County; Florida","1477","152","925","162","224","93","701","169","108","78","593","166","552","120","485","116","67","48",
"1400000US12011041601","Census Tract 416.01; Broward County; Florida","1190","99","646","113","172","95","474","108","112","67","362","107","544","134","510","129","34","35",
"1400000US12011041602","Census Tract 416.02; Broward County; Florida","1076","217","732","239","202","135","530","229","109","167","421","137","344","112","324","109","20","34",
"1400000US12011041700","Census Tract 417; Broward County; Florida","1891","363","831","354","249","89","582","363","122","80","460","353","1060","206","854","197","206","101",
"1400000US12011041801","Census Tract 418.01; Broward County; Florida","944","128","518","131","432","137","86","56","31","37","55","49","426","94","284","95","142","65",
"1400000US12011041802","Census Tract 418.02; Broward County; Florida","2343","540","532","160","511","161","21","26","0","15","21","26","1811","546","1686","560","125","89",
"1400000US12011041900","Census Tract 419; Broward County; Florida","2721","437","598","105","436","104","162","83","72","62","90","62","2123","449","1857","481","266","155",
"1400000US12011042000","Census Tract 420; Broward County; Florida","1367","165","886","158","861","159","25","22","16","17","9","13","481","104","394","98","87","52",
"1400000US12011042100","Census Tract 421; Broward County; Florida","1515","266","536","168","483","166","53","38","7","13","46","34","979","227","792","205","187","117",
"1400000US12011042200","Census Tract 422; Broward County; Florida","1447","215","680","141","634","139","46","43","13","24","33","28","767","209","711","197","56","38",
"1400000US12011042301","Census Tract 423.01; Broward County; Florida","2453","320","980","281","870","246","110","113","95","106","15","24","1473","324","1235","292","238","155",
"1400000US12011042302","Census Tract 423.02; Broward County; Florida","954","159","381","171","281","143","100","105","13","18","87","102","573","139","469","126","104","50",
"1400000US12011042400","Census Tract 424; Broward County; Florida","499","96","335","68","323","70","12","11","0","15","12","11","164","75","143","71","21","22",
"1400000US12011042501","Census Tract 425.01; Broward County; Florida","3768","302","553","225","503","217","50","68","11","21","39","66","3215","378","2071","434","1144","391",
"1400000US12011042502","Census Tract 425.02; Broward County; Florida","3280","508","1168","279","878","241","290","157","31","50","259","148","2112","529","1810","541","302","134",
"1400000US12011042601","Census Tract 426.01; Broward County; Florida","1774","210","775","232","615","199","160","153","50","49","110","137","999","221","879","234","120","84",
"1400000US12011042602","Census Tract 426.02; Broward County; Florida","1151","248","473","248","278","122","195","190","0","15","195","190","678","195","454","169","224","125",
"1400000US12011042700","Census Tract 427; Broward County; Florida","2154","374","1151","340","788","333","363","186","182","157","181","102","1003","225","791","200","212","116",
"1400000US12011042801","Census Tract 428.01; Broward County; Florida","1366","226","1029","276","444","223","585","209","155","108","430","217","337","154","291","137","46","62",
"1400000US12011042802","Census Tract 428.02; Broward County; Florida","731","66","502","77","307","95","195","100","68","69","127","86","229","75","83","54","146","64",
"1400000US12011042900","Census Tract 429; Broward County; Florida","2284","344","1793","345","1125","358","668","216","170","110","498","174","491","186","414","178","77","74",
"1400000US12011043001","Census Tract 430.01; Broward County; Florida","756","200","512","150","438","118","74","66","29","31","45","61","244","151","211","150","33","22",
"1400000US12011043002","Census Tract 430.02; Broward County; Florida","2169","268","1576","301","1017","282","559","217","357","195","202","97","593","195","298","141","295","180",
"1400000US12011043100","Census Tract 431; Broward County; Florida","1752","189","1334","173","1057","180","277","107","62","51","215","89","418","158","250","91","168","122",
"1400000US12011043301","Census Tract 433.01; Broward County; Florida","2020","283","1181","270","980","255","201","129","34","36","167","121","839","193","457","165","382","164",
"1400000US12011043302","Census Tract 433.02; Broward County; Florida","932","134","438","126","356","132","82","37","13","21","69","32","494","116","350","94","144","93",
"1400000US12011050100","Census Tract 501; Broward County; Florida","1418","270","943","166","484","153","459","124","155","86","304","108","475","241","395","238","80","53",
"1400000US12011050204","Census Tract 502.04; Broward County; Florida","2580","574","1775","555","1253","589","522","266","199","145","323","208","805","213","547","171","258","182",
"1400000US12011050205","Census Tract 502.05; Broward County; Florida","1340","164","716","153","517","146","199","83","29","29","170","88","624","137","467","125","157","84",
"1400000US12011050206","Census Tract 502.06; Broward County; Florida","1939","340","1049","281","853","262","196","103","33","52","163","103","890","232","778","202","112","132",
"1400000US12011050207","Census Tract 502.07; Broward County; Florida","2932","242","1393","261","591","210","802","211","43","41","759","212","1539","325","987","294","552","265",
"1400000US12011050208","Census Tract 502.08; Broward County; Florida","1475","312","785","159","372","141","413","150","126","108","287","123","690","343","590","331","100","81",
"1400000US12011050301","Census Tract 503.01; Broward County; Florida","2235","293","1894","279","901","256","993","271","108","88","885","263","341","157","308","147","33","55",
"1400000US12011050306","Census Tract 503.06; Broward County; Florida","1618","220","1180","228","699","254","481","207","114","88","367","193","438","146","383","143","55","53",
"1400000US12011050308","Census Tract 503.08; Broward County; Florida","865","80","650","93","351","116","299","95","42","39","257","87","215","87","156","81","59","57",
"1400000US12011050309","Census Tract 503.09; Broward County; Florida","1026","254","804","277","280","104","524","267","151","96","373","249","222","94","161","81","61","41",
"1400000US12011050311","Census Tract 503.11; Broward County; Florida","1892","317","983","201","590","172","393","132","179","142","214","85","909","324","844","324","65","53",
"1400000US12011050312","Census Tract 503.12; Broward County; Florida","1161","176","778","142","370","159","408","126","174","71","234","115","383","142","374","141","9","15",
"1400000US12011050313","Census Tract 503.13; Broward County; Florida","1578","491","898","240","288","131","610","226","284","202","326","132","680","450","638","452","42","53",
"1400000US12011050314","Census Tract 503.14; Broward County; Florida","1517","313","935","287","462","229","473","226","138","107","335","189","582","197","539","191","43","59",
"1400000US12011050315","Census Tract 503.15; Broward County; Florida","1135","93","631","150","359","125","272","131","33","42","239","126","504","150","487","148","17","26",
"1400000US12011050316","Census Tract 503.16; Broward County; Florida","1232","218","653","130","420","104","233","128","44","55","189","111","579","219","475","212","104","79",
"1400000US12011050401","Census Tract 504.01; Broward County; Florida","1834","173","767","174","523","193","244","122","49","70","195","105","1067","217","653","176","414","180",
"1400000US12011050402","Census Tract 504.02; Broward County; Florida","1806","242","908","232","516","189","392","155","69","74","323","141","898","186","675","184","223","120",
"1400000US12011050501","Census Tract 505.01; Broward County; Florida","1229","135","786","156","447","149","339","125","118","74","221","103","443","118","338","104","105","46",
"1400000US12011050502","Census Tract 505.02; Broward County; Florida","1822","192","1120","223","683","191","437","150","105","79","332","138","702","124","457","118","245","134",
"1400000US12011050601","Census Tract 506.01; Broward County; Florida","1465","172","651","118","493","102","158","75","78","55","80","48","814","184","626","164","188","92",
"1400000US12011050602","Census Tract 506.02; Broward County; Florida","1866","191","699","153","485","140","214","96","109","84","105","53","1167","185","817","179","350","153",
"1400000US12011050701","Census Tract 507.01; Broward County; Florida","1176","116","637","117","356","102","281","107","89","76","192","110","539","126","379","123","160","101",
"1400000US12011050702","Census Tract 507.02; Broward County; Florida","2344","289","1526","215","631","175","895","206","295","175","600","219","818","226","603","205","215","103",
"1400000US12011050800","Census Tract 508; Broward County; Florida","1739","323","1495","304","505","142","990","304","135","72","855","320","244","128","194","115","50","61",
"1400000US12011050900","Census Tract 509; Broward County; Florida","2916","267","1002","251","746","206","256","189","8","16","248","189","1914","361","1277","352","637","220",
"1400000US12011051001","Census Tract 510.01; Broward County; Florida","2349","224","541","218","461","212","80","102","12","21","68","102","1808","269","1360","235","448","173",
"1400000US12011051002","Census Tract 510.02; Broward County; Florida","1402","227","592","135","439","106","153","109","35","36","118","104","810","226","705","229","105","64",
"1400000US12011060105","Census Tract 601.05; Broward County; Florida","2958","322","1535","261","665","235","870","236","198","146","672","181","1423","354","1257","375","166","121",
"1400000US12011060107","Census Tract 601.07; Broward County; Florida","1962","269","1196","281","766","260","430","177","171","124","259","138","766","186","636","176","130","99",
"1400000US12011060109","Census Tract 601.09; Broward County; Florida","1736","282","1310","263","785","184","525","274","270","252","255","117","426","173","370","166","56","44",
"1400000US12011060111","Census Tract 601.11; Broward County; Florida","3129","331","1898","335","1230","194","668","305","39","51","629","299","1231","267","1014","245","217","108",
"1400000US12011060113","Census Tract 601.13; Broward County; Florida","2242","259","1656","223","1382","215","274","139","91","87","183","95","586","257","462","241","124","96",
"1400000US12011060114","Census Tract 601.14; Broward County; Florida","2628","526","1787","324","1211","336","576","263","191","140","385","219","841","488","746","488","95","108",
"1400000US12011060115","Census Tract 601.15; Broward County; Florida","2625","306","1829","295","1059","277","770","257","173","135","597","239","796","337","754","337","42","52",
"1400000US12011060116","Census Tract 601.16; Broward County; Florida","2405","181","1715","255","1316","272","399","154","74","86","325","142","690","224","451","193","239","148",
"1400000US12011060117","Census Tract 601.17; Broward County; Florida","2417","288","1557","314","564","178","993","342","314","201","679","253","860","315","720","290","140","112",
"1400000US12011060118","Census Tract 601.18; Broward County; Florida","1711","232","1337","227","1078","240","259","96","97","73","162","76","374","126","207","112","167","89",
"1400000US12011060119","Census Tract 601.19; Broward County; Florida","2606","315","1843","241","1294","234","549","178","263","141","286","132","763","304","502","177","261","274",
"1400000US12011060120","Census Tract 601.20; Broward County; Florida","3246","323","2276","357","1753","342","523","229","196","179","327","117","970","229","689","244","281","165",
"1400000US12011060121","Census Tract 601.21; Broward County; Florida","1679","156","1394","159","1234","170","160","89","69","54","91","70","285","157","235","150","50","52",
"1400000US12011060122","Census Tract 601.22; Broward County; Florida","2278","301","1595","305","1035","304","560","230","167","164","393","171","683","206","446","198","237","123",
"1400000US12011060123","Census Tract 601.23; Broward County; Florida","1572","284","1062","266","862","253","200","135","7","14","193","135","510","173","481","171","29","27",
"1400000US12011060124","Census Tract 601.24; Broward County; Florida","2891","362","1673","340","932","240","741","302","158","144","583","294","1218","286","1097","274","121","94",
"1400000US12011060125","Census Tract 601.25; Broward County; Florida","780","68","557","70","330","98","227","95","8","13","219","97","223","69","152","62","71","45",
"1400000US12011060126","Census Tract 601.26; Broward County; Florida","1890","355","1534","376","1269","386","265","143","84","75","181","133","356","105","335","101","21","22",
"1400000US12011060127","Census Tract 601.27; Broward County; Florida","1524","177","843","182","342","134","501","133","404","135","97","73","681","207","551","211","130","110",
"1400000US12011060128","Census Tract 601.28; Broward County; Florida","2720","252","1492","301","705","252","787","276","273","180","514","230","1228","299","1096","299","132","99",
"1400000US12011060129","Census Tract 601.29; Broward County; Florida","1033","150","650","153","293","116","357","173","129","135","228","119","383","111","365","117","18","26",
"1400000US12011060130","Census Tract 601.30; Broward County; Florida","2321","324","1298","268","786","302","512","230","90","81","422","225","1023","370","1008","370","15","25",
"1400000US12011060203","Census Tract 602.03; Broward County; Florida","1910","243","1186","242","475","184","711","187","110","98","601","180","724","254","486","224","238","171",
"1400000US12011060206","Census Tract 602.06; Broward County; Florida","2065","247","1293","265","838","165","455","227","277","187","178","90","772","168","688","155","84","64",
"1400000US12011060207","Census Tract 602.07; Broward County; Florida","1915","472","1002","313","645","297","357","117","147","95","210","92","913","430","553","192","360","373",
"1400000US12011060208","Census Tract 602.08; Broward County; Florida","1865","213","1492","228","891","241","601","196","98","74","503","171","373","134","327","130","46","40",
"1400000US12011060209","Census Tract 602.09; Broward County; Florida","767","85","600","68","258","80","342","83","55","52","287","84","167","85","137","80","30","35",
"1400000US12011060210","Census Tract 602.10; Broward County; Florida","938","121","821","129","571","128","250","79","16","25","234","79","117","54","93","53","24","30",
"1400000US12011060211","Census Tract 602.11; Broward County; Florida","2790","452","1447","299","1133","305","314","135","68","71","246","133","1343","427","1281","421","62","80",
"1400000US12011060212","Census Tract 602.12; Broward County; Florida","961","89","804","108","553","110","251","109","127","89","124","72","157","70","157","70","0","15",
"1400000US12011060214","Census Tract 602.14; Broward County; Florida","1454","361","732","281","685","277","47","37","7","10","40","34","722","278","710","276","12","19",
"1400000US12011060215","Census Tract 602.15; Broward County; Florida","1559","439","502","168","468","166","34","49","0","15","34","49","1057","446","997","445","60","48",
"1400000US12011060302","Census Tract 603.02; Broward County; Florida","2379","291","1924","349","682","267","1242","379","189","142","1053","355","455","197","326","155","129","102",
"1400000US12011060303","Census Tract 603.03; Broward County; Florida","2671","259","1596","324","495","238","1101","309","118","116","983","292","1075","350","875","271","200","179",
"1400000US12011060304","Census Tract 603.04; Broward County; Florida","974","149","711","168","321","129","390","124","51","50","339","119","263","91","230","94","33","38",
"1400000US12011060305","Census Tract 603.05; Broward County; Florida","988","78","461","137","193","96","268","119","103","109","165","94","527","156","474","172","53","76",
"1400000US12011060306","Census Tract 603.06; Broward County; Florida","1123","144","556","151","353","130","203","109","95","87","108","83","567","152","558","152","9","15",
"1400000US12011060401","Census Tract 604.01; Broward County; Florida","1756","219","1086","251","599","234","487","173","114","97","373","135","670","170","566","159","104","76",
"1400000US12011060402","Census Tract 604.02; Broward County; Florida","2365","290","1690","331","712","280","978","268","179","148","799","257","675","205","645","202","30","50",
"1400000US12011060404","Census Tract 604.04; Broward County; Florida","798","89","484","93","288","105","196","63","33","41","163","67","314","87","256","87","58","58",
"1400000US12011060405","Census Tract 604.05; Broward County; Florida","1710","471","390","134","115","70","275","142","84","82","191","113","1320","486","945","212","375","442",
"1400000US12011060501","Census Tract 605.01; Broward County; Florida","2615","257","1471","362","923","286","548","243","251","152","297","203","1144","263","914","270","230","137",
"1400000US12011060503","Census Tract 605.03; Broward County; Florida","1838","238","1326","147","1059","174","267","103","40","45","227","94","512","236","485","237","27","32",
"1400000US12011060504","Census Tract 605.04; Broward County; Florida","1803","210","1245","154","1133","167","112","56","60","39","52","41","558","205","431","176","127","131",
"1400000US12011060505","Census Tract 605.05; Broward County; Florida","2660","335","907","197","638","198","269","115","89","75","180","87","1753","312","1440","340","313","133",
"1400000US12011060603","Census Tract 606.03; Broward County; Florida","1875","226","1225","170","821","158","404","134","109","83","295","99","650","187","408","143","242","156",
"1400000US12011060605","Census Tract 606.05; Broward County; Florida","2144","332","1202","415","629","228","573","306","215","168","358","253","942","222","814","208","128","91",
"1400000US12011060606","Census Tract 606.06; Broward County; Florida","2447","208","1397","195","940","191","457","200","85","89","372","194","1050","270","908","268","142","86",
"1400000US12011060607","Census Tract 606.07; Broward County; Florida","900","87","767","91","627","120","140","79","14","23","126","72","133","65","91","63","42","46",
"1400000US12011060608","Census Tract 606.08; Broward County; Florida","3160","402","1392","315","1165","317","227","90","51","54","176","93","1768","371","1428","305","340","187",
"1400000US12011060609","Census Tract 606.09; Broward County; Florida","1493","171","915","139","646","142","269","106","44","43","225","96","578","188","489","192","89","64",
"1400000US12011060700","Census Tract 607; Broward County; Florida","1066","152","820","135","602","127","218","102","35","34","183","101","246","92","179","72","67","62",
"1400000US12011060801","Census Tract 608.01; Broward County; Florida","602","44","428","84","309","89","119","56","21","19","98","54","174","61","123","51","51","41",
"1400000US12011060802","Census Tract 608.02; Broward County; Florida","2532","330","1624","391","1000","352","624","240","108","103","516","241","908","296","666","264","242","160",
"1400000US12011060900","Census Tract 609; Broward County; Florida","1460","217","1287","228","1076","212","211","93","70","50","141","87","173","90","124","78","49","48",
"1400000US12011061001","Census Tract 610.01; Broward County; Florida","2229","312","1556","254","1490","252","66","61","27","35","39","47","673","264","353","159","320","213",
"1400000US12011061003","Census Tract 610.03; Broward County; Florida","1224","118","939","139","721","131","218","91","92","83","126","76","285","88","209","95","76","44",
"1400000US12011061004","Census Tract 610.04; Broward County; Florida","2967","358","1891","385","1464","333","427","218","136","146","291","160","1076","248","748","235","328","147",
"1400000US12011061100","Census Tract 611; Broward County; Florida","2491","312","1794","347","1280","330","514","238","128","103","386","227","697","290","359","212","338","220",
"1400000US12011070102","Census Tract 701.02; Broward County; Florida","540","72","422","83","308","87","114","62","42","30","72","49","118","43","107","43","11","12",
"1400000US12011070103","Census Tract 701.03; Broward County; Florida","2517","444","1041","473","398","230","643","458","117","96","526","448","1476","232","1063","242","413","194",
"1400000US12011070104","Census Tract 701.04; Broward County; Florida","2081","222","1209","209","703","256","506","251","121","106","385","227","872","257","608","243","264","146",
"1400000US12011070204","Census Tract 702.04; Broward County; Florida","1856","230","1137","228","848","203","289","134","80","79","209","122","719","215","501","192","218","133",
"1400000US12011070205","Census Tract 702.05; Broward County; Florida","2151","370","1528","168","1150","189","378","117","61","50","317","108","623","350","569","348","54","39",
"1400000US12011070208","Census Tract 702.08; Broward County; Florida","2429","316","2042","340","1497","173","545","350","154","107","391","325","387","166","269","121","118","103",
"1400000US12011070209","Census Tract 702.09; Broward County; Florida","1710","132","1390","132","1131","156","259","90","45","32","214","83","320","119","275","121","45","37",
"1400000US12011070210","Census Tract 702.10; Broward County; Florida","1797","194","1031","221","715","217","316","120","18","20","298","116","766","144","634","141","132","65",
"1400000US12011070211","Census Tract 702.11; Broward County; Florida","2375","320","1444","337","739","167","705","329","314","294","391","178","931","228","600","195","331","190",
"1400000US12011070212","Census Tract 702.12; Broward County; Florida","1686","267","849","189","547","131","302","134","52","62","250","118","837","231","763","232","74","67",
"1400000US12011070213","Census Tract 702.13; Broward County; Florida","1305","187","804","164","581","177","223","122","46","55","177","109","501","146","469","148","32","24",
"1400000US12011070304","Census Tract 703.04; Broward County; Florida","2766","502","2276","536","1777","448","499","353","143","117","356","328","490","189","447","183","43","54",
"1400000US12011070306","Census Tract 703.06; Broward County; Florida","2499","306","2248","277","1861","258","387","201","285","194","102","80","251","182","130","78","121","168",
"1400000US12011070310","Census Tract 703.10; Broward County; Florida","1440","311","1152","239","857","260","295","111","118","94","177","81","288","215","243","212","45","30",
"1400000US12011070311","Census Tract 703.11; Broward County; Florida","1898","171","1673","162","1478","169","195","83","133","77","62","41","225","99","186","85","39","41",
"1400000US12011070312","Census Tract 703.12; Broward County; Florida","2410","288","2232","295","1848","308","384","172","47","53","337","158","178","96","161","91","17","26",
"1400000US12011070314","Census Tract 703.14; Broward County; Florida","1532","190","1288","179","1218","181","70","49","26","29","44","52","244","88","218","86","26","28",
"1400000US12011070315","Census Tract 703.15; Broward County; Florida","1626","114","1438","136","1260","137","178","90","45","38","133","79","188","70","168","67","20","25",
"1400000US12011070316","Census Tract 703.16; Broward County; Florida","1705","172","1364","171","1136","173","228","92","31","31","197","88","341","122","193","92","148","92",
"1400000US12011070318","Census Tract 703.18; Broward County; Florida","2080","259","1801","255","1673","257","128","93","98","80","30","35","279","160","253","155","26","31",
"1400000US12011070319","Census Tract 703.19; Broward County; Florida","1240","74","1170","73","1079","92","91","63","43","48","48","39","70","43","70","43","0","15",
"1400000US12011070320","Census Tract 703.20; Broward County; Florida","2350","345","2113","353","1911","356","202","127","0","21","202","127","237","109","215","99","22","36",
"1400000US12011070321","Census Tract 703.21; Broward County; Florida","1152","202","902","186","669","175","233","87","31","28","202","83","250","92","209","86","41","27",
"1400000US12011070323","Census Tract 703.23; Broward County; Florida","1014","214","886","219","742","212","144","81","111","77","33","33","128","75","128","75","0","15",
"1400000US12011070324","Census Tract 703.24; Broward County; Florida","1960","214","1612","254","1246","272","366","239","61","73","305","229","348","158","266","133","82","85",
"1400000US12011070325","Census Tract 703.25; Broward County; Florida","1798","415","1448","437","1253","428","195","96","21","24","174","90","350","121","336","119","14","21",
"1400000US12011070326","Census Tract 703.26; Broward County; Florida","1951","230","1894","225","1627","255","267","136","44","45","223","125","57","37","40","28","17","20",
"1400000US12011070327","Census Tract 703.27; Broward County; Florida","2200","310","1569","359","1093","381","476","139","128","78","348","127","631","203","545","204","86","83",
"1400000US12011070328","Census Tract 703.28; Broward County; Florida","559","89","425","84","262","78","163","59","20","21","143","59","134","74","109","66","25","34",
"1400000US12011070329","Census Tract 703.29; Broward County; Florida","912","141","871","142","797","149","74","38","13","15","61","37","41","28","33","25","8","11",
"1400000US12011070330","Census Tract 703.30; Broward County; Florida","1000","109","950","100","870","107","80","62","0","15","80","62","50","58","14","26","36","52",
"1400000US12011070331","Census Tract 703.31; Broward County; Florida","2289","405","2153","423","1845","434","308","142","24","40","284","132","136","81","87","70","49","45",
"1400000US12011070401","Census Tract 704.01; Broward County; Florida","1911","208","1714","217","1443","199","271","172","186","151","85","69","197","104","174","103","23","38",
"1400000US12011070402","Census Tract 704.02; Broward County; Florida","1143","114","1018","120","874","134","144","80","113","83","31","26","125","69","94","63","31","28",
"1400000US12011070403","Census Tract 704.03; Broward County; Florida","1813","212","1388","249","1074","224","314","105","45","34","269","99","425","119","339","116","86","44",
"1400000US12011070404","Census Tract 704.04; Broward County; Florida","1172","189","1008","199","736","180","272","136","114","59","158","116","164","81","139","71","25","40",
"1400000US12011070405","Census Tract 704.05; Broward County; Florida","1741","244","1476","260","1160","261","316","103","85","66","231","84","265","94","252","95","13","17",
"1400000US12011070501","Census Tract 705.01; Broward County; Florida","1811","178","1636","188","1405","167","231","174","100","153","131","78","175","94","123","75","52","59",
"1400000US12011070503","Census Tract 705.03; Broward County; Florida","2395","216","1840","247","1301","214","539","221","125","119","414","196","555","187","537","180","18","32",
"1400000US12011070504","Census Tract 705.04; Broward County; Florida","1705","336","1369","342","482","179","887","365","182","129","705","352","336","163","270","156","66","49",
"1400000US12011070601","Census Tract 706.01; Broward County; Florida","1823","194","1245","149","743","148","502","154","227","124","275","95","578","213","514","206","64","61",
"1400000US12011070602","Census Tract 706.02; Broward County; Florida","3171","401","1859","478","1364","406","495","200","165","110","330","178","1312","434","950","286","362","280",
"1400000US12011080102","Census Tract 801.02; Broward County; Florida","1873","265","899","215","460","149","439","179","15","23","424","178","974","250","641","225","333","144",
"1400000US12011080103","Census Tract 801.03; Broward County; Florida","697","98","330","83","221","51","109","64","36","30","73","60","367","114","304","104","63","43",
"1400000US12011080104","Census Tract 801.04; Broward County; Florida","1201","207","712","200","601","203","111","61","31","28","80","55","489","151","352","119","137","86",
"1400000US12011080105","Census Tract 801.05; Broward County; Florida","1592","367","996","271","549","180","447","251","82","89","365","244","596","320","553","314","43","34",
"1400000US12011080200","Census Tract 802; Broward County; Florida","755","90","390","121","303","112","87","87","0","15","87","87","365","92","325","86","40","30",
"1400000US12011080402","Census Tract 804.02; Broward County; Florida","1305","246","910","255","612","191","298","201","0","15","298","201","395","118","330","136","65","55",
"1400000US12011080403","Census Tract 804.03; Broward County; Florida","2167","231","1494","222","926","212","568","193","151","126","417","187","673","211","508","183","165","133",
"1400000US12011080405","Census Tract 804.05; Broward County; Florida","1052","173","675","186","458","191","217","104","70","49","147","92","377","141","340","140","37","32",
"1400000US12011080406","Census Tract 804.06; Broward County; Florida","2122","384","1440","370","1073","377","367","110","126","74","241","126","682","182","497","182","185","83",
"1400000US12011080500","Census Tract 805; Broward County; Florida","3044","589","1679","397","438","130","1241","405","267","174","974","343","1365","497","1265","502","100","93",
"1400000US12011090102","Census Tract 901.02; Broward County; Florida","1036","203","581","173","510","173","71","51","27","42","44","29","455","138","404","128","51","33",
"1400000US12011090103","Census Tract 901.03; Broward County; Florida","1078","233","648","141","522","140","126","82","74","72","52","53","430","218","315","185","115","79",
"1400000US12011090104","Census Tract 901.04; Broward County; Florida","2098","305","685","182","643","176","42","42","0","15","42","42","1413","290","1157","287","256","178",
"1400000US12011090200","Census Tract 902; Broward County; Florida","1564","194","1156","211","923","150","233","128","12","19","221","129","408","120","384","118","24","19",
"1400000US12011090301","Census Tract 903.01; Broward County; Florida","1039","168","527","161","262","64","265","151","127","132","138","87","512","137","398","129","114","63",
"1400000US12011090303","Census Tract 903.03; Broward County; Florida","1081","170","402","122","234","106","168","88","14","21","154","91","679","182","649","186","30","33",
"1400000US12011090304","Census Tract 903.04; Broward County; Florida","2552","577","997","212","681","222","316","131","49","36","267","132","1555","603","1372","602","183","140",
"1400000US12011090401","Census Tract 904.01; Broward County; Florida","1915","251","924","280","414","221","510","201","230","162","280","147","991","221","918","225","73","63",
"1400000US12011090403","Census Tract 904.03; Broward County; Florida","1720","248","1031","253","282","112","749","288","84","83","665","271","689","182","539","164","150","86",
"1400000US12011090404","Census Tract 904.04; Broward County; Florida","1851","235","886","232","664","209","222","98","44","73","178","74","965","181","651","169","314","177",
"1400000US12011090502","Census Tract 905.02; Broward County; Florida","2631","317","1776","388","1418","305","358","228","154","199","204","136","855","217","787","208","68","78",
"1400000US12011090503","Census Tract 905.03; Broward County; Florida","1125","201","780","118","705","131","75","47","0","15","75","47","345","215","318","212","27","33",
"1400000US12011090504","Census Tract 905.04; Broward County; Florida","1255","169","881","157","432","130","449","158","239","126","210","91","374","169","297","163","77","66",
"1400000US12011090601","Census Tract 906.01; Broward County; Florida","992","107","777","135","446","140","331","112","121","81","210","93","215","80","208","82","7","13",
"1400000US12011090602","Census Tract 906.02; Broward County; Florida","2624","321","2013","361","1260","356","753","245","332","158","421","179","611","178","605","178","6","7",
"1400000US12011090700","Census Tract 907; Broward County; Florida","2576","378","1877","382","1466","353","411","198","140","90","271","169","699","159","556","203","143","112",
"1400000US12011090801","Census Tract 908.01; Broward County; Florida","1347","110","1062","134","724","107","338","112","92","82","246","95","285","115","200","89","85","66",
"1400000US12011090802","Census Tract 908.02; Broward County; Florida","2134","464","1009","176","857","175","152","86","37","28","115","82","1125","460","1029","456","96","80",
"1400000US12011090900","Census Tract 909; Broward County; Florida","1747","196","1280","194","1028","221","252","98","70","59","182","79","467","164","374","148","93","62",
"1400000US12011091000","Census Tract 910; Broward County; Florida","1532","181","973","149","753","155","220","98","87","65","133","72","559","134","417","119","142","77",
"1400000US12011091100","Census Tract 911; Broward County; Florida","2497","267","1726","309","964","243","762","243","287","141","475","213","771","211","558","183","213","142",
"1400000US12011091201","Census Tract 912.01; Broward County; Florida","2019","353","1486","239","827","156","659","226","184","108","475","205","533","321","290","134","243","290",
"1400000US12011091202","Census Tract 912.02; Broward County; Florida","1523","188","1148","151","718","166","430","160","232","151","198","104","375","199","318","188","57","52",
"1400000US12011091300","Census Tract 913; Broward County; Florida","1297","212","1169","226","688","144","481","246","368","237","113","77","128","65","61","46","67","51",
"1400000US12011091400","Census Tract 914; Broward County; Florida","2034","163","1476","187","731","176","745","198","168","128","577","178","558","172","482","160","76","65",
"1400000US12011091500","Census Tract 915; Broward County; Florida","1686","219","1353","234","543","111","810","240","170","95","640","226","333","98","288","104","45","43",
"1400000US12011091601","Census Tract 916.01; Broward County; Florida","2159","224","1139","241","649","192","490","210","121","130","369","175","1020","257","953","250","67","66",
"1400000US12011091602","Census Tract 916.02; Broward County; Florida","1595","244","761","223","425","134","336","217","121","152","215","162","834","175","709","180","125","95",
"1400000US12011091701","Census Tract 917.01; Broward County; Florida","1569","233","1190","183","714","158","476","172","99","71","377","166","379","185","313","168","66","51",
"1400000US12011091702","Census Tract 917.02; Broward County; Florida","2172","370","1077","255","668","196","409","223","47","74","362","215","1095","422","984","412","111","87",
"1400000US12011091802","Census Tract 918.02; Broward County; Florida","1097","97","738","131","365","101","373","135","94","83","279","110","359","116","273","115","86","60",
"1400000US12011091803","Census Tract 918.03; Broward County; Florida","1645","312","1186","341","702","351","484","120","105","83","379","94","459","144","431","139","28","37",
"1400000US12011091804","Census Tract 918.04; Broward County; Florida","1100","183","526","175","310","133","216","141","127","115","89","78","574","145","451","147","123","91",
"1400000US12011091901","Census Tract 919.01; Broward County; Florida","1898","239","1035","236","766","223","269","98","66","55","203","91","863","145","678","122","185","96",
"1400000US12011091903","Census Tract 919.03; Broward County; Florida","1795","244","658","202","337","204","321","197","64","76","257","173","1137","286","913","279","224","146",
"1400000US12011091904","Census Tract 919.04; Broward County; Florida","901","172","440","145","294","145","146","61","64","32","82","60","461","185","424","182","37","34",
"1400000US12011092000","Census Tract 920; Broward County; Florida","1340","181","1069","188","893","169","176","101","66","66","110","77","271","103","220","82","51","46",
"1400000US12011100103","Census Tract 1001.03; Broward County; Florida","2157","437","1065","238","800","269","265","118","54","62","211","108","1092","442","1033","435","59","77",
"1400000US12011100104","Census Tract 1001.04; Broward County; Florida","1880","325","529","172","494","189","35","39","11","25","24","27","1351","350","1232","336","119","109",
"1400000US12011100105","Census Tract 1001.05; Broward County; Florida","1545","278","829","178","675","148","154","106","33","39","121","98","716","246","538","181","178","145",
"1400000US12011100106","Census Tract 1001.06; Broward County; Florida","1702","311","955","274","596","172","359","250","36","29","323","246","747","185","590","169","157","90",
"1400000US12011100107","Census Tract 1001.07; Broward County; Florida","1095","161","656","142","524","127","132","96","30","35","102","86","439","190","381","184","58","80",
"1400000US12011100108","Census Tract 1001.08; Broward County; Florida","1268","201","634","182","461","174","173","104","47","39","126","95","634","186","611","183","23","25",
"1400000US12011100201","Census Tract 1002.01; Broward County; Florida","1052","172","581","133","226","80","355","118","225","90","130","87","471","143","444","140","27","26",
"1400000US12011100203","Census Tract 1002.03; Broward County; Florida","1486","277","791","220","484","216","307","112","70","53","237","106","695","209","627","208","68","53",
"1400000US12011100204","Census Tract 1002.04; Broward County; Florida","1413","187","788","179","573","174","215","107","40","53","175","94","625","160","510","157","115","88",
"1400000US12011100301","Census Tract 1003.01; Broward County; Florida","1525","339","1121","312","597","323","524","203","192","172","332","113","404","243","232","115","172","224",
"1400000US12011100302","Census Tract 1003.02; Broward County; Florida","1032","231","575","224","257","123","318","217","72","66","246","218","457","146","366","133","91","98",
"1400000US12011100400","Census Tract 1004; Broward County; Florida","2119","248","1514","278","430","129","1084","290","294","179","790","278","605","220","519","214","86","89",
"1400000US12011100501","Census Tract 1005.01; Broward County; Florida","451","85","310","80","203","67","107","52","27","31","80","46","141","65","97","54","44","38",
"1400000US12011100502","Census Tract 1005.02; Broward County; Florida","1983","261","1184","170","756","177","428","154","165","123","263","125","799","232","569","155","230","159",
"1400000US12011100600","Census Tract 1006; Broward County; Florida","1578","199","1191","181","676","177","515","180","114","95","401","161","387","157","284","149","103","81",
"1400000US12011100700","Census Tract 1007; Broward County; Florida","1903","216","1354","245","549","283","805","210","189","108","616","195","549","161","451","150","98","68",
"1400000US12011100801","Census Tract 1008.01; Broward County; Florida","1205","173","749","199","371","189","378","119","83","66","295","121","456","121","344","122","112","81",
"1400000US12011100803","Census Tract 1008.03; Broward County; Florida","940","147","824","155","520","187","304","127","115","85","189","102","116","83","68","53","48","72",
"1400000US12011100804","Census Tract 1008.04; Broward County; Florida","1543","201","972","186","417","218","555","121","155","109","400","126","571","196","492","181","79","76",
"1400000US12011110100","Census Tract 1101; Broward County; Florida","1965","210","1720","227","1055","212","665","213","194","113","471","159","245","112","159","81","86","77",
"1400000US12011110301","Census Tract 1103.01; Broward County; Florida","1997","169","1925","172","1259","210","666","232","229","169","437","191","72","57","72","57","0","21",
"1400000US12011110303","Census Tract 1103.03; Broward County; Florida","1280","96","1040","138","968","138","72","40","14","21","58","40","240","94","176","83","64","61",
"1400000US12011110307","Census Tract 1103.07; Broward County; Florida","1925","218","1571","236","1248","248","323","151","94","74","229","126","354","110","336","110","18","19",
"1400000US12011110308","Census Tract 1103.08; Broward County; Florida","2225","205","1816","283","1189","209","627","250","224","146","403","193","409","189","312","194","97","81",
"1400000US12011110309","Census Tract 1103.09; Broward County; Florida","3097","490","1491","280","923","243","568","239","149","125","419","178","1606","477","1187","453","419","229",
"1400000US12011110311","Census Tract 1103.11; Broward County; Florida","2688","472","1943","447","1262","427","681","168","59","67","622","150","745","300","670","301","75","63",
"1400000US12011110312","Census Tract 1103.12; Broward County; Florida","2590","270","1989","313","1095","272","894","303","299","164","595","233","601","234","458","226","143","130",
"1400000US12011110313","Census Tract 1103.13; Broward County; Florida","1762","126","1304","187","809","171","495","143","155","90","340","138","458","158","331","169","127","85",
"1400000US12011110319","Census Tract 1103.19; Broward County; Florida","1880","160","1611","173","1123","188","488","164","98","59","390","156","269","118","210","87","59","77",
"1400000US12011110321","Census Tract 1103.21; Broward County; Florida","1722","199","1494","229","1050","156","444","215","125","89","319","206","228","115","162","83","66","70",
"1400000US12011110323","Census Tract 1103.23; Broward County; Florida","2511","372","1817","405","1045","386","772","231","154","136","618","211","694","285","480","206","214","213",
"1400000US12011110326","Census Tract 1103.26; Broward County; Florida","1369","212","1151","198","877","193","274","121","68","58","206","102","218","80","166","74","52","43",
"1400000US12011110327","Census Tract 1103.27; Broward County; Florida","1879","179","1630","188","1125","229","505","178","185","161","320","132","249","126","229","124","20","33",
"1400000US12011110328","Census Tract 1103.28; Broward County; Florida","1996","206","1568","253","1190","258","378","173","156","146","222","111","428","157","353","139","75","71",
"1400000US12011110330","Census Tract 1103.30; Broward County; Florida","1170","173","1014","173","809","161","205","113","139","99","66","51","156","87","111","75","45","52",
"1400000US12011110332","Census Tract 1103.32; Broward County; Florida","2235","195","1776","214","1461","267","315","174","159","161","156","122","459","152","360","131","99","87",
"1400000US12011110333","Census Tract 1103.33; Broward County; Florida","2041","322","1820","330","1555","356","265","159","70","54","195","152","221","99","181","94","40","48",
"1400000US12011110334","Census Tract 1103.34; Broward County; Florida","2292","257","960","222","690","162","270","156","115","128","155","90","1332","249","1238","241","94","70",
"1400000US12011110337","Census Tract 1103.37; Broward County; Florida","3671","293","2159","333","1069","291","1090","328","121","102","969","309","1512","373","942","360","570","244",
"1400000US12011110338","Census Tract 1103.38; Broward County; Florida","1748","238","874","166","638","152","236","121","73","65","163","108","874","228","617","244","257","132",
"1400000US12011110339","Census Tract 1103.39; Broward County; Florida","2188","226","1192","255","981","248","211","110","22","36","189","105","996","215","761","217","235","149",
"1400000US12011110341","Census Tract 1103.41; Broward County; Florida","1350","118","806","159","524","128","282","136","84","73","198","104","544","158","493","150","51","45",
"1400000US12011110344","Census Tract 1103.44; Broward County; Florida","1246","283","1038","301","875","311","163","66","115","61","48","35","208","117","114","80","94","86",
"1400000US12011110345","Census Tract 1103.45; Broward County; Florida","1472","113","1236","171","920","209","316","178","50","52","266","159","236","119","142","90","94","91",
"1400000US12011110346","Census Tract 1103.46; Broward County; Florida","1990","257","1083","248","558","142","525","263","150","155","375","234","907","268","645","294","262","178",
"1400000US12011110347","Census Tract 1103.47; Broward County; Florida","1788","458","1535","486","1162","318","373","355","46","42","327","345","253","106","140","87","113","78",
"1400000US12011110348","Census Tract 1103.48; Broward County; Florida","2329","154","1415","254","754","254","661","192","105","83","556","178","914","244","673","265","241","168",
"1400000US12011110349","Census Tract 1103.49; Broward County; Florida","1486","169","869","211","551","200","318","166","102","87","216","150","617","214","419","217","198","147",
"1400000US12011110350","Census Tract 1103.50; Broward County; Florida","914","163","801","176","416","93","385","186","53","40","332","183","113","62","86","59","27","32",
"1400000US12011110351","Census Tract 1103.51; Broward County; Florida","1924","238","1047","206","663","138","384","189","58","64","326","172","877","189","795","184","82","50",
"1400000US12011110352","Census Tract 1103.52; Broward County; Florida","1181","137","800","147","399","139","401","120","107","64","294","111","381","131","287","115","94","70",
"1400000US12011110353","Census Tract 1103.53; Broward County; Florida","2592","513","1508","217","1004","206","504","191","119","114","385","171","1084","526","658","476","426","246",
"1400000US12011110354","Census Tract 1103.54; Broward County; Florida","3407","472","1659","503","1184","454","475","224","166","140","309","187","1748","392","1493","391","255","192",
"1400000US12011110355","Census Tract 1103.55; Broward County; Florida","3581","858","872","333","554","197","318","278","0","21","318","278","2709","840","2486","844","223","150",
"1400000US12011110356","Census Tract 1103.56; Broward County; Florida","1695","438","1136","117","849","133","287","145","71","88","216","125","559","426","505","422","54","57",
"1400000US12011110357","Census Tract 1103.57; Broward County; Florida","2200","283","1951","290","1627","309","324","114","76","69","248","92","249","167","65","61","184","158",
"1400000US12011110358","Census Tract 1103.58; Broward County; Florida","1764","357","1315","119","944","180","371","151","39","40","332","150","449","373","398","372","51","49",
"1400000US12011110359","Census Tract 1103.59; Broward County; Florida","1670","207","1513","213","1381","263","132","118","27","28","105","109","157","108","137","102","20","26",
"1400000US12011110360","Census Tract 1103.60; Broward County; Florida","1473","267","1435","268","1194","303","241","157","95","128","146","94","38","35","25","29","13","21",
"1400000US12011110361","Census Tract 1103.61; Broward County; Florida","3100","367","2600","358","2161","341","439","288","76","85","363","284","500","318","500","318","0","21",
"1400000US12011110362","Census Tract 1103.62; Broward County; Florida","2674","723","1583","611","1160","532","423","307","55","104","368","278","1091","559","548","491","543","276",
"1400000US12011110363","Census Tract 1103.63; Broward County; Florida","1554","510","1503","510","1277","491","226","132","44","51","182","123","51","49","14","23","37","42",
"1400000US12011110364","Census Tract 1103.64; Broward County; Florida","2378","293","1957","321","1212","256","745","278","182","114","563","262","421","161","325","163","96","72",
"1400000US12011110365","Census Tract 1103.65; Broward County; Florida","2535","207","1967","296","1346","314","621","268","148","129","473","223","568","209","282","155","286","157",
"1400000US12011110366","Census Tract 1103.66; Broward County; Florida","1931","609","1434","618","1046","617","388","147","93","63","295","136","497","195","340","181","157","90",
"1400000US12011110367","Census Tract 1103.67; Broward County; Florida","2741","383","1790","260","729","233","1061","272","370","209","691","217","951","408","853","417","98","101",
"1400000US12011110368","Census Tract 1103.68; Broward County; Florida","964","81","893","84","786","112","107","72","25","29","82","67","71","55","52","47","19","30",
"1400000US12011110402","Census Tract 1104.02; Broward County; Florida","1388","246","1144","244","589","154","555","233","230","221","325","111","244","111","224","110","20","24",
"1400000US12011110403","Census Tract 1104.03; Broward County; Florida","1445","79","1012","185","602","144","410","180","132","90","278","132","433","169","277","150","156","103",
"1400000US12011110404","Census Tract 1104.04; Broward County; Florida","2004","317","1550","349","975","315","575","188","228","142","347","130","454","155","379","126","75","72",
"1400000US12011110501","Census Tract 1105.01; Broward County; Florida","1083","167","865","150","535","122","330","111","48","45","282","105","218","149","192","140","26","31",
"1400000US12011110502","Census Tract 1105.02; Broward County; Florida","1662","231","1311","245","786","216","525","166","156","86","369","180","351","136","279","107","72","69",
"1400000US12011110600","Census Tract 1106; Broward County; Florida","2298","405","1246","407","882","402","364","150","120","105","244","122","1052","240","841","225","211","102",
"1400000US12011980000","Census Tract 9800; Broward County; Florida","0","15","0","15","0","15","0","15","0","15","0","15","0","15","0","15","0","15",
"1400000US12011990000","Census Tract 9900; Broward County; Florida","0","15","0","15","0","15","0","15","0","15","0","15","0","15","0","15","0","15",
"1400000US12013010100","Census Tract 101; Calhoun County; Florida","837","139","631","125","495","128","136","71","54","45","82","54","206","68","166","67","40","29",
"1400000US12013010200","Census Tract 102; Calhoun County; Florida","1439","150","936","143","683","152","253","96","50","47","203","94","503","142","385","126","118","73",
"1400000US12013010301","Census Tract 103.01; Calhoun County; Florida","1418","220","981","196","683","184","298","144","5","9","293","144","437","150","431","151","6","11",
"1400000US12013010302","Census Tract 103.02; Calhoun County; Florida","942","156","503","119","301","99","202","106","93","83","109","63","439","162","402","155","37","53",
"1400000US12015010100","Census Tract 101; Charlotte County; Florida","2428","216","1789","188","1626","193","163","75","63","59","100","52","639","172","508","163","131","65",
"1400000US12015010200","Census Tract 102; Charlotte County; Florida","2419","396","1502","387","1094","220","408","343","136","117","272","276","917","305","829","310","88","64",
"1400000US12015010301","Census Tract 103.01; Charlotte County; Florida","1870","258","875","193","847","190","28","29","0","15","28","29","995","227","915","226","80","61",
"1400000US12015010302","Census Tract 103.02; Charlotte County; Florida","2422","304","1432","308","854","219","578","261","156","162","422","202","990","201","853","181","137","102",
"1400000US12015010401","Census Tract 104.01; Charlotte County; Florida","1619","198","1134","198","1021","200","113","70","81","65","32","26","485","133","385","117","100","58",
"1400000US12015010402","Census Tract 104.02; Charlotte County; Florida","1439","193","1022","193","985","195","37","27","0","15","37","27","417","141","362","131","55","52",
"1400000US12015010405","Census Tract 104.05; Charlotte County; Florida","3602","291","2708","265","2628","264","80","93","55","89","25","33","894","253","785","244","109","70",
"1400000US12015010503","Census Tract 105.03; Charlotte County; Florida","1691","352","1125","348","1010","354","115","70","55","48","60","53","566","155","477","160","89","71",
"1400000US12015010504","Census Tract 105.04; Charlotte County; Florida","906","149","500","116","388","115","112","77","100","82","12","20","406","156","326","153","80","75",
"1400000US12015010505","Census Tract 105.05; Charlotte County; Florida","2622","346","1689","338","1508","340","181","93","83","66","98","71","933","253","863","243","70","62",
"1400000US12015010506","Census Tract 105.06; Charlotte County; Florida","1227","186","718","116","694","117","24","27","24","27","0","15","509","174","361","147","148","108",
"1400000US12015020101","Census Tract 201.01; Charlotte County; Florida","3929","448","2534","415","1752","411","782","262","181","128","601","217","1395","280","1063","233","332","196",
"1400000US12015020103","Census Tract 201.03; Charlotte County; Florida","2915","286","2164","308","1939","285","225","144","14","23","211","141","751","207","640","190","111","91",
"1400000US12015020104","Census Tract 201.04; Charlotte County; Florida","1638","225","929","198","891","202","38","32","29","28","9","14","709","164","567","155","142","76",
"1400000US12015020203","Census Tract 202.03; Charlotte County; Florida","1890","207","1415","214","1203","206","212","98","51","49","161","85","475","159","413","153","62","48",
"1400000US12015020204","Census Tract 202.04; Charlotte County; Florida","1671","227","1149","169","830","145","319","161","28","41","291","152","522","207","482","202","40","37",
"1400000US12015020205","Census Tract 202.05; Charlotte County; Florida","2092","394","1385","394","1059","403","326","123","146","109","180","81","707","254","596","245","111","67",
"1400000US12015020206","Census Tract 202.06; Charlotte County; Florida","1240","165","1017","175","822","182","195","109","19","27","176","107","223","89","158","86","65","48",
"1400000US12015020301","Census Tract 203.01; Charlotte County; Florida","2826","297","1831","307","1233","228","598","276","266","220","332","167","995","227","831","212","164","132",
"1400000US12015020302","Census Tract 203.02; Charlotte County; Florida","1777","258","1160","183","831","135","329","185","43","33","286","180","617","222","544","212","73","86",
"1400000US12015020303","Census Tract 203.03; Charlotte County; Florida","2333","273","1718","223","1296","200","422","187","101","74","321","174","615","205","473","178","142","90",
"1400000US12015020401","Census Tract 204.01; Charlotte County; Florida","1866","360","1330","317","1218","318","112","88","53","56","59","55","536","203","442","202","94","81",
"1400000US12015020402","Census Tract 204.02; Charlotte County; Florida","3051","258","2479","279","2070","267","409","178","151","136","258","186","572","205","390","183","182","97",
"1400000US12015020501","Census Tract 205.01; Charlotte County; Florida","2414","207","1628","215","1497","214","131","78","0","21","131","78","786","222","733","217","53","52",
"1400000US12015020502","Census Tract 205.02; Charlotte County; Florida","852","236","647","236","617","242","30","40","0","15","30","40","205","64","149","56","56","34",
"1400000US12015020601","Census Tract 206.01; Charlotte County; Florida","1231","151","666","166","475","131","191","119","20","25","171","113","565","164","443","140","122","86",
"1400000US12015020602","Census Tract 206.02; Charlotte County; Florida","1629","264","1028","249","782","236","246","100","131","79","115","58","601","132","434","138","167","66",
"1400000US12015020700","Census Tract 207; Charlotte County; Florida","2462","357","990","224","705","186","285","173","124","104","161","141","1472","386","1286","381","186","107",
"1400000US12015020800","Census Tract 208; Charlotte County; Florida","2030","289","1247","224","778","204","469","154","144","103","325","129","783","235","665","222","118","79",
"1400000US12015020900","Census Tract 209; Charlotte County; Florida","2808","338","2127","318","1706","302","421","179","145","88","276","153","681","249","425","185","256","138",
"1400000US12015021001","Census Tract 210.01; Charlotte County; Florida","905","125","651","119","515","117","136","62","54","42","82","52","254","85","174","64","80","67",
"1400000US12015021002","Census Tract 210.02; Charlotte County; Florida","1744","250","978","196","834","197","144","95","18","21","126","93","766","153","600","139","166","91",
"1400000US12015021003","Census Tract 210.03; Charlotte County; Florida","1816","317","855","233","556","169","299","150","75","78","224","111","961","257","881","249","80","72",
"1400000US12015030101","Census Tract 301.01; Charlotte County; Florida","1731","318","1274","330","1079","319","195","106","39","55","156","98","457","152","328","130","129","79",
"1400000US12015030102","Census Tract 301.02; Charlotte County; Florida","1892","215","1172","204","984","211","188","102","37","45","151","81","720","241","648","243","72","50",
"1400000US12015030201","Census Tract 302.01; Charlotte County; Florida","2542","262","1556","238","1268","226","288","140","122","87","166","102","986","266","903","264","83","56",
"1400000US12015030202","Census Tract 302.02; Charlotte County; Florida","1276","223","795","214","600","148","195","168","21","38","174","172","481","132","406","126","75","68",
"1400000US12015030301","Census Tract 303.01; Charlotte County; Florida","1553","315","1128","312","954","324","174","94","18","27","156","87","425","112","390","113","35","28",
"1400000US12015030302","Census Tract 303.02; Charlotte County; Florida","1677","210","1025","188","854","178","171","79","80","53","91","74","652","169","589","156","63","58",
"1400000US12015030401","Census Tract 304.01; Charlotte County; Florida","1206","207","541","142","416","118","125","99","89","96","36","34","665","182","598","176","67","56",
"1400000US12015030402","Census Tract 304.02; Charlotte County; Florida","1134","387","798","342","776","341","22","36","0","15","22","36","336","128","309","122","27","30",
"1400000US12015030501","Census Tract 305.01; Charlotte County; Florida","3282","335","2693","322","2589","314","104","79","65","64","39","49","589","207","464","190","125","74",
"1400000US12015030504","Census Tract 305.04; Charlotte County; Florida","701","213","392","121","300","70","92","96","80","96","12","19","309","159","193","111","116","116",
"1400000US12015030505","Census Tract 305.05; Charlotte County; Florida","2725","377","1654","345","1534","338","120","75","47","45","73","53","1071","253","791","215","280","162",
"1400000US12015030506","Census Tract 305.06; Charlotte County; Florida","1860","226","1138","175","1056","163","82","74","36","47","46","58","722","217","491","192","231","113",
"1400000US12015030507","Census Tract 305.07; Charlotte County; Florida","1599","171","1156","152","1085","154","71","63","0","15","71","63","443","123","388","119","55","46",
"1400000US12015990000","Census Tract 9900; Charlotte County; Florida","0","15","0","15","0","15","0","15","0","15","0","15","0","15","0","15","0","15",
"1400000US12017450103","Census Tract 4501.03; Citrus County; Florida","2149","253","1392","269","1219","281","173","127","143","123","30","33","757","213","728","213","29","35",
"1400000US12017450104","Census Tract 4501.04; Citrus County; Florida","1178","117","982","120","867","128","115","60","29","35","86","57","196","88","177","86","19","22",
"1400000US12017450105","Census Tract 4501.05; Citrus County; Florida","1199","214","741","220","557","169","184","168","121","156","63","57","458","143","458","143","0","15",
"1400000US12017450106","Census Tract 4501.06; Citrus County; Florida","1395","221","916","216","682","162","234","157","15","22","219","153","479","148","427","145","52","43",
"1400000US12017450201","Census Tract 4502.01; Citrus County; Florida","1918","233","902","163","525","112","377","133","129","86","248","106","1016","196","915","194","101","72",
"1400000US12017450202","Census Tract 4502.02; Citrus County; Florida","2651","341","1467","302","898","270","569","267","111","91","458","244","1184","282","929","254","255","166",
"1400000US12017450305","Census Tract 4503.05; Citrus County; Florida","1383","172","721","156","531","141","190","90","65","64","125","81","662","183","460","158","202","104",
"1400000US12017450306","Census Tract 4503.06; Citrus County; Florida","1433","196","905","213","658","152","247","167","22","36","225","169","528","147","434","113","94","84",
"1400000US12017450307","Census Tract 4503.07; Citrus County; Florida","2283","219","1823","254","1823","254","0","21","0","21","0","21","460","150","374","137","86","71",
"1400000US12017450308","Census Tract 4503.08; Citrus County; Florida","2441","360","1916","315","1547","321","369","190","111","71","258","165","525","204","344","176","181","123",
"1400000US12017450309","Census Tract 4503.09; Citrus County; Florida","2571","291","1808","270","1411","240","397","153","162","131","235","136","763","204","625","188","138","86",
"1400000US12017450310","Census Tract 4503.10; Citrus County; Florida","1911","157","1374","149","978","164","396","150","134","84","262","128","537","171","467","161","70","50",
"1400000US12017450401","Census Tract 4504.01; Citrus County; Florida","1475","243","795","152","530","115","265","102","31","46","234","101","680","248","587","241","93","54",
"1400000US12017450402","Census Tract 4504.02; Citrus County; Florida","1947","351","1360","375","1103","351","257","130","59","49","198","119","587","144","542","148","45","33",
"1400000US12017450501","Census Tract 4505.01; Citrus County; Florida","1007","220","618","203","510","190","108","60","31","42","77","40","389","140","243","107","146","85",
"1400000US12017450502","Census Tract 4505.02; Citrus County; Florida","1089","237","540","149","470","137","70","48","19","28","51","36","549","233","438","214","111","86",
"1400000US12017450601","Census Tract 4506.01; Citrus County; Florida","2214","283","1542","264","1045","223","497","228","111","102","386","198","672","231","461","200","211","121",
"1400000US12017450602","Census Tract 4506.02; Citrus County; Florida","2367","406","1547","373","922","214","625","369","101","101","524","345","820","191","670","197","150","117",
"1400000US12017450703","Census Tract 4507.03; Citrus County; Florida","2764","341","2088","329","2026","329","62","49","11","18","51","45","676","194","610","179","66","50",
"1400000US12017450704","Census Tract 4507.04; Citrus County; Florida","1775","499","1331","473","1266","472","65","69","24","36","41","42","444","159","379","171","65","58",
"1400000US12017450705","Census Tract 4507.05; Citrus County; Florida","2197","195","1606","193","1404","198","202","111","87","85","115","70","591","180","406","154","185","107",
"1400000US12017450706","Census Tract 4507.06; Citrus County; Florida","1551","205","754","151","463","137","291","110","170","121","121","93","797","191","625","207","172","101",
"1400000US12017450800","Census Tract 4508; Citrus County; Florida","2159","360","1100","195","787","189","313","130","69","59","244","124","1059","369","940","362","119","71",
"1400000US12017450901","Census Tract 4509.01; Citrus County; Florida","1644","202","895","165","720","155","175","84","19","22","156","81","749","189","591","165","158","78",
"1400000US12017450902","Census Tract 4509.02; Citrus County; Florida","1316","214","519","136","391","117","128","81","50","41","78","69","797","222","655","179","142","121",
"1400000US12017451001","Census Tract 4510.01; Citrus County; Florida","1326","220","536","120","398","94","138","76","0","15","138","76","790","223","714","238","76","98",
"1400000US12017451002","Census Tract 4510.02; Citrus County; Florida","1660","218","973","232","895","244","78","55","10","15","68","51","687","171","616","164","71","68",
"1400000US12017451101","Census Tract 4511.01; Citrus County; Florida","1105","119","850","131","662","149","188","79","61","44","127","70","255","88","225","79","30","29",
"1400000US12017451103","Census Tract 4511.03; Citrus County; Florida","1485","242","1027","257","718","263","309","120","121","78","188","82","458","137","429","133","29","38",
"1400000US12017451104","Census Tract 4511.04; Citrus County; Florida","1445","177","943","178","689","168","254","126","30","32","224","126","502","149","423","138","79","67",
"1400000US12017451200","Census Tract 4512; Citrus County; Florida","1796","299","1019","193","629","144","390","166","93","72","297","163","777","237","584","187","193","144",
"1400000US12017451300","Census Tract 4513; Citrus County; Florida","1515","308","1125","295","982","294","143","82","32","35","111","76","390","108","332","104","58","36",
"1400000US12017451400","Census Tract 4514; Citrus County; Florida","2120","253","1140","176","899","172","241","110","36","35","205","106","980","276","764","222","216","159",
"1400000US12017451501","Census Tract 4515.01; Citrus County; Florida","1317","137","969","146","814","128","155","94","32","35","123","90","348","98","274","90","74","52",
"1400000US12017451502","Census Tract 4515.02; Citrus County; Florida","2808","362","1684","362","1278","329","406","188","55","67","351","178","1124","301","920","289","204","118",
"1400000US12017451603","Census Tract 4516.03; Citrus County; Florida","880","102","643","86","618","93","25","25","5","12","20","25","237","92","203","84","34","27",
"1400000US12017451604","Census Tract 4516.04; Citrus County; Florida","1983","176","1435","179","1295","191","140","81","51","53","89","59","548","165","524","163","24","28",
"1400000US12017451605","Census Tract 4516.05; Citrus County; Florida","1228","197","752","195","441","88","311","172","180","167","131","113","476","117","422","108","54","46",
"1400000US12017451606","Census Tract 4516.06; Citrus County; Florida","2435","249","1291","236","1161","214","130","79","63","61","67","58","1144","258","995","258","149","96",
"1400000US12017451701","Census Tract 4517.01; Citrus County; Florida","861","150","538","112","392","100","146","49","9","14","137","48","323","139","297","135","26","29",
"1400000US12017451702","Census Tract 4517.02; Citrus County; Florida","1310","251","749","229","588","243","161","72","27","31","134","79","561","165","509","154","52","51",
"1400000US12017990000","Census Tract 9900; Citrus County; Florida","0","15","0","15","0","15","0","15","0","15","0","15","0","15","0","15","0","15",
"1400000US12019030103","Census Tract 301.03; Clay County; Florida","2200","258","1661","253","1206","278","455","215","222","146","233","172","539","225","363","207","176","125",
"1400000US12019030104","Census Tract 301.04; Clay County; Florida","1327","167","1020","178","932","187","88","68","18","15","70","67","307","108","238","108","69","51",
"1400000US12019030105","Census Tract 301.05; Clay County; Florida","1362","388","1001","356","603","185","398","348","66","70","332","340","361","140","319","139","42","59",
"1400000US12019030106","Census Tract 301.06; Clay County; Florida","1876","292","1161","178","841","186","320","140","66","63","254","141","715","298","632","298","83","64",
"1400000US12019030204","Census Tract 302.04; Clay County; Florida","2703","282","2274","264","1909","288","365","141","168","123","197","111","429","190","283","146","146","139",
"1400000US12019030205","Census Tract 302.05; Clay County; Florida","5970","546","4934","598","4084","599","850","346","138","167","712","324","1036","440","779","356","257","191",
"1400000US12019030206","Census Tract 302.06; Clay County; Florida","2527","368","2253","363","1908","351","345","195","137","165","208","130","274","135","206","116","68","76",
"1400000US12019030207","Census Tract 302.07; Clay County; Florida","2390","199","1864","332","1534","331","330","140","131","104","199","106","526","285","466","280","60","62",
"1400000US12019030208","Census Tract 302.08; Clay County; Florida","1213","150","1066","168","929","198","137","114","114","106","23","33","147","90","117","75","30","42",
"1400000US12019030209","Census Tract 302.09; Clay County; Florida","1784","156","1368","197","840","216","528","161","99","90","429","164","416","162","351","162","65","44",
"1400000US12019030210","Census Tract 302.10; Clay County; Florida","1847","462","1406","444","941","246","465","393","31","28","434","391","441","181","325","135","116","125",
"1400000US12019030303","Census Tract 303.03; Clay County; Florida","1300","195","816","204","432","168","384","148","89","69","295","132","484","144","438","143","46","45",
"1400000US12019030304","Census Tract 303.04; Clay County; Florida","1900","197","1208","238","663","166","545","261","20","29","525","267","692","227","529","208","163","118",
"1400000US12019030305","Census Tract 303.05; Clay County; Florida","2496","362","1408","374","864","302","544","182","161","119","383","182","1088","293","704","292","384","230",
"1400000US12019030306","Census Tract 303.06; Clay County; Florida","998","234","789","224","683","224","106","60","72","55","34","34","209","76","165","72","44","38",
"1400000US12019030400","Census Tract 304; Clay County; Florida","837","117","532","124","331","82","201","107","73","84","128","65","305","106","204","83","101","69",
"1400000US12019030500","Census Tract 305; Clay County; Florida","1058","141","756","124","489","125","267","134","50","51","217","124","302","85","274","90","28","33",
"1400000US12019030600","Census Tract 306; Clay County; Florida","2006","269","1237","262","826","206","411","272","59","81","352","265","769","274","670","269","99","126",
"1400000US12019030701","Census Tract 307.01; Clay County; Florida","3315","437","2572","434","2392","434","180","114","0","21","180","114","743","189","635","167","108","71",
"1400000US12019030704","Census Tract 307.04; Clay County; Florida","1902","233","1774","251","1662","252","112","64","25","24","87","63","128","72","119","68","9","15",
"1400000US12019030705","Census Tract 307.05; Clay County; Florida","2288","229","1822","258","1535","274","287","161","87","105","200","128","466","189","427","192","39","46",
"1400000US12019030706","Census Tract 307.06; Clay County; Florida","1356","202","752","221","582","202","170","111","43","37","127","110","604","150","414","141","190","133",
"1400000US12019030707","Census Tract 307.07; Clay County; Florida","2918","440","2163","441","1811","419","352","199","88","73","264","191","755","224","637","196","118","120",
"1400000US12019030708","Census Tract 307.08; Clay County; Florida","1427","274","1007","268","859","267","148","80","35","35","113","74","420","168","323","149","97","111",
"1400000US12019030801","Census Tract 308.01; Clay County; Florida","2173","319","1703","343","1303","298","400","300","55","47","345","299","470","134","389","125","81","75",
"1400000US12019030802","Census Tract 308.02; Clay County; Florida","2347","280","1391","275","1157","262","234","135","103","110","131","81","956","199","932","197","24","38",
"1400000US12019030903","Census Tract 309.03; Clay County; Florida","1682","253","1116","267","876","283","240","111","88","89","152","69","566","150","407","118","159","118",
"1400000US12019030904","Census Tract 309.04; Clay County; Florida","2709","219","2113","281","1442","250","671","269","191","180","480","204","596","226","476","221","120","82",
"1400000US12019030905","Census Tract 309.05; Clay County; Florida","1996","159","1518","175","1032","166","486","165","195","138","291","99","478","138","359","123","119","87",
"1400000US12019030906","Census Tract 309.06; Clay County; Florida","1942","288","1556","293","493","134","1063","307","181","112","882","319","386","135","350","129","36","31",
"1400000US12019031101","Census Tract 311.01; Clay County; Florida","1157","128","806","108","667","116","139","78","125","78","14","20","351","132","323","136","28","31",
"1400000US12019031104","Census Tract 311.04; Clay County; Florida","1544","215","1123","211","812","200","311","110","64","39","247","111","421","113","317","108","104","49",
"1400000US12019031105","Census Tract 311.05; Clay County; Florida","739","104","468","101","415","88","53","37","53","37","0","15","271","85","267","85","4","6",
"1400000US12019031108","Census Tract 311.08; Clay County; Florida","621","107","498","104","385","72","113","80","35","46","78","68","123","46","109","44","14","13",
"1400000US12019031109","Census Tract 311.09; Clay County; Florida","1128","158","862","164","622","147","240","94","36","56","204","83","266","115","210","106","56","44",
"1400000US12019031110","Census Tract 311.10; Clay County; Florida","2001","309","1534","307","1115","254","419","274","102","99","317","254","467","133","362","132","105","60",
"1400000US12019031201","Census Tract 312.01; Clay County; Florida","1200","163","777","161","673","150","104","71","26","31","78","71","423","146","325","110","98","87",
"1400000US12019031202","Census Tract 312.02; Clay County; Florida","3721","407","3253","406","2861","426","392","150","64","89","328","149","468","224","388","206","80","108",
"1400000US12019031203","Census Tract 312.03; Clay County; Florida","2388","616","1449","238","1264","232","185","111","75","76","110","76","939","603","842","594","97","105",
"1400000US12019031301","Census Tract 313.01; Clay County; Florida","1210","242","661","181","600","172","61","58","9","12","52","58","549","232","502","240","47","46",
"1400000US12019031302","Census Tract 313.02; Clay County; Florida","1342","139","1199","148","1069","151","130","94","7","14","123","95","143","75","143","75","0","15",
"1400000US12019031303","Census Tract 313.03; Clay County; Florida","1360","265","973","244","579","108","394","239","132","91","262","236","387","125","265","102","122","86",
"1400000US12019031400","Census Tract 314; Clay County; Florida","2185","215","1393","253","660","232","733","238","89","90","644","228","792","259","629","222","163","139",
"1400000US12019031500","Census Tract 315; Clay County; Florida","1114","141","799","130","662","126","137","69","20","24","117","64","315","114","197","89","118","82",
"1400000US12019980000","Census Tract 9800; Clay County; Florida","148","45","121","43","116","42","5","7","0","15","5","7","27","17","27","17","0","15",
"1400000US12021000101","Census Tract 1.01; Collier County; Florida","848","244","412","84","392","82","20","22","6","10","14","20","436","231","416","229","20","15",
"1400000US12021000102","Census Tract 1.02; Collier County; Florida","795","155","460","87","441","86","19","18","4","6","15","17","335","157","286","151","49","33",
"1400000US12021000200","Census Tract 2; Collier County; Florida","811","178","374","80","294","74","80","44","18","18","62","41","437","168","297","84","140","164",
"1400000US12021000301","Census Tract 3.01; Collier County; Florida","1545","234","1010","169","970","173","40","33","27","25","13","21","535","152","507","153","28","25",
"1400000US12021000302","Census Tract 3.02; Collier County; Florida","551","90","390","76","379","76","11","16","0","15","11","16","161","61","138","55","23","26",
"1400000US12021000401","Census Tract 4.01; Collier County; Florida","1314","198","863","163","863","163","0","15","0","15","0","15","451","122","428","123","23","24",
"1400000US12021000402","Census Tract 4.02; Collier County; Florida","1130","401","507","131","445","102","62","93","0","15","62","93","623","408","618","409","5","9",
"1400000US12021000500","Census Tract 5; Collier County; Florida","821","195","693","191","686","193","7","11","0","15","7","11","128","55","128","55","0","15",
"1400000US12021000600","Census Tract 6; Collier County; Florida","552","96","369","99","369","99","0","15","0","15","0","15","183","67","133","56","50","27",
"1400000US12021000700","Census Tract 7; Collier County; Florida","580","105","327","85","221","68","106","67","31","44","75","51","253","83","187","81","66","40",
"1400000US12021010102","Census Tract 101.02; Collier County; Florida","2924","382","1966","276","1713","251","253","167","52","52","201","154","958","295","674","250","284","175",
"1400000US12021010107","Census Tract 101.07; Collier County; Florida","2007","324","1132","221","821","107","311","228","85","55","226","222","875","248","687","260","188","131",
"1400000US12021010108","Census Tract 101.08; Collier County; Florida","1379","340","841","162","589","98","252","153","59","52","193","143","538","318","524","317","14","18",
"1400000US12021010109","Census Tract 101.09; Collier County; Florida","658","109","392","89","319","86","73","49","20","22","53","45","266","86","247","83","19","24",
"1400000US12021010110","Census Tract 101.10; Collier County; Florida","1669","275","1103","255","761","264","342","176","106","87","236","145","566","174","381","148","185","87",
"1400000US12021010111","Census Tract 101.11; Collier County; Florida","1641","305","984","177","888","174","96","100","31","46","65","89","657","304","641","306","16","19",
"1400000US12021010112","Census Tract 101.12; Collier County; Florida","1076","162","541","130","438","127","103","47","48","31","55","39","535","158","446","156","89","58",
"1400000US12021010113","Census Tract 101.13; Collier County; Florida","1569","330","774","310","720","310","54","36","8","13","46","34","795","152","734","154","61","44",
"1400000US12021010114","Census Tract 101.14; Collier County; Florida","1019","156","599","110","513","112","86","61","62","49","24","29","420","149","363","128","57","59",
"1400000US12021010205","Census Tract 102.05; Collier County; Florida","1386","218","892","220","796","228","96","67","47","56","49","37","494","167","380","126","114","109",
"1400000US12021010208","Census Tract 102.08; Collier County; Florida","1855","244","1167","139","1118","138","49","36","32","30","17","18","688","188","633","183","55","38",
"1400000US12021010209","Census Tract 102.09; Collier County; Florida","1562","290","896","191","887","192","9","15","9","15","0","15","666","248","578","243","88","54",
"1400000US12021010210","Census Tract 102.10; Collier County; Florida","1938","226","988","192","908","187","80","64","43","43","37","43","950","179","855","176","95","81",
"1400000US12021010211","Census Tract 102.11; Collier County; Florida","1191","161","534","163","467","150","67","58","11","17","56","55","657","136","598","142","59","48",
"1400000US12021010213","Census Tract 102.13; Collier County; Florida","2029","205","1419","188","1290","169","129","75","13","17","116","75","610","148","549","149","61","48",
"1400000US12021010215","Census Tract 102.15; Collier County; Florida","1694","179","1089","154","1089","154","0","15","0","15","0","15","605","139","581","136","24","25",
"1400000US12021010216","Census Tract 102.16; Collier County; Florida","1593","168","790","172","645","150","145","84","36","58","109","62","803","146","753","154","50","68",
"1400000US12021010217","Census Tract 102.17; Collier County; Florida","1138","189","721","127","624","124","97","78","33","50","64","56","417","169","371","171","46","38",
"1400000US12021010300","Census Tract 103; Collier County; Florida","1733","262","981","211","621","170","360","139","198","117","162","66","752","216","572","208","180","90",
"1400000US12021010401","Census Tract 104.01; Collier County; Florida","1570","234","980","164","783","133","197","107","98","80","99","68","590","185","468","166","122","86",
"1400000US12021010408","Census Tract 104.08; Collier County; Florida","1127","203","974","215","874","220","100","58","30","29","70","50","153","90","91","84","62","51",
"1400000US12021010411","Census Tract 104.11; Collier County; Florida","2257","257","1817","287","1188","277","629","235","168","131","461","237","440","161","378","157","62","53",
"1400000US12021010416","Census Tract 104.16; Collier County; Florida","2533","330","1872","297","1813","289","59","50","0","21","59","50","661","219","559","193","102","74",
"1400000US12021010419","Census Tract 104.19; Collier County; Florida","1145","128","1036","124","737","140","299","130","99","96","200","87","109","71","88","65","21","25",
"1400000US12021010420","Census Tract 104.20; Collier County; Florida","2042","272","1695","270","1135","218","560","203","361","199","199","92","347","133","231","142","116","77",
"1400000US12021010421","Census Tract 104.21; Collier County; Florida","1368","205","1163","210","791","209","372","134","117","94","255","124","205","121","146","102","59","66",
"1400000US12021010422","Census Tract 104.22; Collier County; Florida","1225","282","884","261","454","211","430","209","95","70","335","216","341","135","224","100","117","81",
"1400000US12021010423","Census Tract 104.23; Collier County; Florida","3928","361","2933","335","2753","322","180","104","33","40","147","96","995","305","913","294","82","88",
"1400000US12021010424","Census Tract 104.24; Collier County; Florida","2171","450","1478","178","1076","210","402","210","338","208","64","67","693","473","500","443","193","163",
"1400000US12021010425","Census Tract 104.25; Collier County; Florida","839","173","648","165","467","128","181","119","98","101","83","72","191","64","117","57","74","49",
"1400000US12021010426","Census Tract 104.26; Collier County; Florida","1833","95","1391","156","1247","175","144","97","51","49","93","82","442","162","281","162","161","86",
"1400000US12021010427","Census Tract 104.27; Collier County; Florida","421","80","355","84","259","83","96","72","96","72","0","15","66","47","58","43","8","14",
"1400000US12021010428","Census Tract 104.28; Collier County; Florida","2652","611","2383","610","1552","474","831","458","345","181","486","427","269","141","167","113","102","75",
"1400000US12021010429","Census Tract 104.29; Collier County; Florida","1052","232","537","137","527","136","10","16","0","15","10","16","515","208","489","202","26","43",
"1400000US12021010430","Census Tract 104.30; Collier County; Florida","2063","404","1322","458","842","170","480","398","334","400","146","104","741","205","705","195","36","58",
"1400000US12021010431","Census Tract 104.31; Collier County; Florida","848","143","701","139","692","139","9","14","9","14","0","15","147","77","129","73","18","20",
"1400000US12021010432","Census Tract 104.32; Collier County; Florida","1728","212","862","146","754","149","108","64","28","34","80","58","866","182","674","165","192","86",
"1400000US12021010433","Census Tract 104.33; Collier County; Florida","959","265","621","137","485","143","136","94","50","45","86","67","338","230","275","226","63","61",
"1400000US12021010434","Census Tract 104.34; Collier County; Florida","3174","346","1766","234","1460","279","306","179","0","21","306","179","1408","357","1317","361","91","83",
"1400000US12021010435","Census Tract 104.35; Collier County; Florida","2417","272","1561","272","1201","316","360","197","121","111","239","171","856","266","757","262","99","91",
"1400000US12021010436","Census Tract 104.36; Collier County; Florida","3164","253","2472","368","1704","277","768","360","49","59","719","346","692","288","391","193","301","208",
"1400000US12021010437","Census Tract 104.37; Collier County; Florida","963","162","756","186","574","164","182","103","8","16","174","102","207","78","135","67","72","51",
"1400000US12021010438","Census Tract 104.38; Collier County; Florida","1889","314","1145","301","958","280","187","102","113","86","74","79","744","187","681","184","63","51",
"1400000US12021010508","Census Tract 105.08; Collier County; Florida","1975","369","1394","365","784","190","610","330","262","308","348","135","581","191","517","186","64","53",
"1400000US12021010511","Census Tract 105.11; Collier County; Florida","1994","293","1283","253","940","254","343","120","220","114","123","95","711","207","562","175","149","117",
"1400000US12021010512","Census Tract 105.12; Collier County; Florida","1100","113","714","138","402","127","312","127","60","39","252","125","386","127","295","112","91","77",
"1400000US12021010513","Census Tract 105.13; Collier County; Florida","1005","143","683","137","487","144","196","91","98","80","98","71","322","129","215","104","107","84",
"1400000US12021010514","Census Tract 105.14; Collier County; Florida","1428","177","873","151","749","159","124","67","13","20","111","66","555","182","533","180","22","26",
"1400000US12021010515","Census Tract 105.15; Collier County; Florida","1148","415","883","414","858","406","25","20","12","13","13","15","265","74","214","65","51","31",
"1400000US12021010516","Census Tract 105.16; Collier County; Florida","1245","288","801","299","783","299","18","20","0","15","18","20","444","136","384","123","60","50",
"1400000US12021010517","Census Tract 105.17; Collier County; Florida","802","215","421","161","372","155","49","38","21","29","28","24","381","163","342","162","39","35",
"1400000US12021010518","Census Tract 105.18; Collier County; Florida","2636","404","1855","317","1551","289","304","164","31","52","273","153","781","293","706","294","75","47",
"1400000US12021010519","Census Tract 105.19; Collier County; Florida","1173","210","867","194","599","162","268","172","52","60","216","166","306","101","249","97","57","49",
"1400000US12021010520","Census Tract 105.20; Collier County; Florida","1335","216","674","127","518","180","156","116","53","53","103","116","661","194","530","165","131","102",
"1400000US12021010601","Census Tract 106.01; Collier County; Florida","918","124","504","105","316","98","188","97","113","90","75","72","414","126","357","119","57","53",
"1400000US12021010602","Census Tract 106.02; Collier County; Florida","1659","335","863","176","761","177","102","60","46","42","56","41","796","317","694","309","102","92",
"1400000US12021010604","Census Tract 106.04; Collier County; Florida","1589","317","896","251","744","228","152","88","0","15","152","88","693","268","550","252","143","94",
"1400000US12021010605","Census Tract 106.05; Collier County; Florida","1567","182","828","142","558","138","270","112","71","68","199","90","739","154","685","156","54","39",
"1400000US12021010606","Census Tract 106.06; Collier County; Florida","1256","257","623","168","524","169","99","65","22","36","77","58","633","193","551","192","82","62",
"1400000US12021010701","Census Tract 107.01; Collier County; Florida","1895","370","718","207","456","141","262","149","110","94","152","118","1177","394","985","400","192","128",
"1400000US12021010702","Census Tract 107.02; Collier County; Florida","2161","399","1345","393","1184","381","161","82","57","62","104","53","816","182","698","170","118","115",
"1400000US12021010801","Census Tract 108.01; Collier County; Florida","1731","189","1008","194","797","160","211","111","25","30","186","106","723","159","633","154","90","47",
"1400000US12021010804","Census Tract 108.04; Collier County; Florida","1424","240","1093","263","586","164","507","238","120","98","387","219","331","218","153","149","178","148",
"1400000US12021010805","Census Tract 108.05; Collier County; Florida","1050","319","569","156","560","155","9","17","0","15","9","17","481","286","423","286","58","45",
"1400000US12021010806","Census Tract 108.06; Collier County; Florida","871","101","726","125","680","133","46","44","0","15","46","44","145","68","111","65","34","27",
"1400000US12021010807","Census Tract 108.07; Collier County; Florida","3136","470","1944","389","1530","282","414","279","0","21","414","279","1192","415","906","370","286","212",
"1400000US12021010808","Census Tract 108.08; Collier County; Florida","2414","346","1291","249","1179","252","112","99","16","26","96","94","1123","333","1007","346","116","94",
"1400000US12021010902","Census Tract 109.02; Collier County; Florida","1668","260","1188","201","1084","189","104","60","76","59","28","27","480","168","435","166","45","30",
"1400000US12021010904","Census Tract 109.04; Collier County; Florida","1136","334","878","329","794","307","84","77","32","49","52","62","258","86","234","86","24","19",
"1400000US12021010905","Census Tract 109.05; Collier County; Florida","1363","243","900","219","888","218","12","18","0","15","12","18","463","156","382","149","81","70",
"1400000US12021010906","Census Tract 109.06; Collier County; Florida","851","203","567","118","550","119","17","25","0","15","17","25","284","172","270","173","14","17",
"1400000US12021010907","Census Tract 109.07; Collier County; Florida","1332","206","993","217","793","223","200","147","158","143","42","31","339","136","293","126","46","37",
"1400000US12021011003","Census Tract 110.03; Collier County; Florida","2321","356","1401","241","1370","242","31","35","12","19","19","29","920","353","917","353","3","6",
"1400000US12021011103","Census Tract 111.03; Collier County; Florida","1062","197","669","181","503","178","166","104","85","75","81","80","393","131","309","113","84","67",
"1400000US12021011107","Census Tract 111.07; Collier County; Florida","393","290","331","287","309","285","22","31","0","15","22","31","62","39","62","39","0","15",
"1400000US12021011108","Census Tract 111.08; Collier County; Florida","3576","477","2789","450","2571","475","218","167","16","25","202","166","787","240","711","228","76","64",
"1400000US12021011109","Census Tract 111.09; Collier County; Florida","1040","278","927","270","889","272","38","33","12","20","26","26","113","52","94","50","19","18",
"1400000US12021011110","Census Tract 111.10; Collier County; Florida","821","100","598","91","457","83","141","68","106","58","35","25","223","75","151","53","72","52",
"1400000US12021011111","Census Tract 111.11; Collier County; Florida","1342","271","1080","194","965","179","115","76","63","50","52","55","262","197","241","194","21","24",
"1400000US12021011112","Census Tract 111.12; Collier County; Florida","779","120","541","101","508","102","33","24","15","17","18","17","238","81","221","79","17","16",
"1400000US12021011113","Census Tract 111.13; Collier County; Florida","472","80","243","58","233","60","10","17","0","15","10","17","229","89","208","92","21","27",
"1400000US12021011114","Census Tract 111.14; Collier County; Florida","1810","272","1224","252","869","185","355","222","112","99","243","204","586","192","489","181","97","79",
"1400000US12021011204","Census Tract 112.04; Collier County; Florida","1180","243","785","244","479","233","306","124","114","91","192","83","395","134","319","119","76","67",
"1400000US12021011205","Census Tract 112.05; Collier County; Florida","834","168","653","162","271","139","382","107","96","60","286","104","181","75","107","60","74","47",
"1400000US12021011206","Census Tract 112.06; Collier County; Florida","2549","418","2207","426","1563","259","644","442","226","172","418","403","342","200","298","194","44","51",
"1400000US12021011207","Census Tract 112.07; Collier County; Florida","1295","136","642","155","634","154","8","12","0","15","8","12","653","164","544","175","109","75",
"1400000US12021011208","Census Tract 112.08; Collier County; Florida","2476","331","1844","308","1594","264","250","143","75","71","175","121","632","269","324","180","308","199",
"1400000US12021011209","Census Tract 112.09; Collier County; Florida","3581","519","3014","490","2654","505","360","216","162","148","198","161","567","254","391","216","176","128",
"1400000US12021011210","Census Tract 112.10; Collier County; Florida","1433","218","1162","178","1095","176","67","35","8","13","59","34","271","112","226","106","45","34",
"1400000US12021011211","Census Tract 112.11; Collier County; Florida","1994","427","1464","270","1031","287","433","176","92","112","341","157","530","380","507","377","23","29",
"1400000US12021011212","Census Tract 112.12; Collier County; Florida","2040","210","1603","229","1523","237","80","54","0","21","80","54","437","197","382","185","55","85",
"1400000US12021011213","Census Tract 112.13; Collier County; Florida","2569","313","1380","282","1285","285","95","89","0","15","95","89","1189","300","1153","296","36","60",
"1400000US12021011214","Census Tract 112.14; Collier County; Florida","1488","469","1334","462","1165","487","169","86","139","89","30","30","154","111","139","108","15","25",
"1400000US12021011303","Census Tract 113.03; Collier County; Florida","1087","143","770","120","332","115","438","124","185","107","253","104","317","140","264","134","53","50",
"1400000US12021011304","Census Tract 113.04; Collier County; Florida","651","99","552","97","389","99","163","71","78","54","85","50","99","56","61","46","38","35",
"1400000US12021011305","Census Tract 113.05; Collier County; Florida","791","130","609","80","296","80","313","87","101","65","212","67","182","146","163","145","19","31",
"1400000US12021011306","Census Tract 113.06; Collier County; Florida","973","124","906","131","638","132","268","93","38","45","230","85","67","51","39","35","28","33",
"1400000US12021011400","Census Tract 114; Collier County; Florida","1080","163","686","162","475","162","211","101","68","58","143","78","394","143","173","106","221","145",
"1400000US12021990000","Census Tract 9900; Collier County; Florida","0","15","0","15","0","15","0","15","0","15","0","15","0","15","0","15","0","15",
"1400000US12023110201","Census Tract 1102.01; Columbia County; Florida","1700","226","1097","173","799","132","298","115","81","60","217","101","603","210","535","212","68","48",
"1400000US12023110202","Census Tract 1102.02; Columbia County; Florida","2406","346","1745","355","1144","311","601","187","282","152","319","147","661","258","542","234","119","131",
"1400000US12023110300","Census Tract 1103; Columbia County; Florida","2179","381","1089","265","287","113","802","238","230","181","572","222","1090","357","676","267","414","260",
"1400000US12023110400","Census Tract 1104; Columbia County; Florida","1096","175","647","179","273","137","374","179","121","89","253","163","449","165","284","147","165","104",
"1400000US12023110500","Census Tract 1105; Columbia County; Florida","3218","302","2140","298","1074","199","1066","323","226","139","840","288","1078","260","1004","260","74","63",
"1400000US12023110602","Census Tract 1106.02; Columbia County; Florida","1711","208","1364","224","1041","221","323","144","113","88","210","115","347","113","271","102","76","54",
"1400000US12023110603","Census Tract 1106.03; Columbia County; Florida","1126","273","926","261","798","253","128","98","13","23","115","99","200","92","138","73","62","57",
"1400000US12023110604","Census Tract 1106.04; Columbia County; Florida","2825","242","2114","267","1724","262","390","159","151","107","239","131","711","209","636","193","75","70",
"1400000US12023110700","Census Tract 1107; Columbia County; Florida","1978","186","1216","200","889","200","327","151","104","88","223","126","762","158","692","157","70","50",
"1400000US12023110800","Census Tract 1108; Columbia County; Florida","2548","275","1744","266","1420","231","324","185","108","82","216","176","804","230","556","161","248","196",
"1400000US12023110901","Census Tract 1109.01; Columbia County; Florida","2174","229","1316","259","968","267","348","157","64","73","284","127","858","252","643","176","215","175",
"1400000US12023110903","Census Tract 1109.03; Columbia County; Florida","1874","255","1280","204","996","209","284","102","81","70","203","89","594","197","467","165","127","88",
"1400000US12023110904","Census Tract 1109.04; Columbia County; Florida","2595","285","1803","287","1541","321","262","121","39","51","223","113","792","294","597","229","195","137",
"1400000US12027010101","Census Tract 101.01; DeSoto County; Florida","1820","248","1353","221","1239","197","114","70","63","54","51","46","467","161","382","147","85","74",
"1400000US12027010102","Census Tract 101.02; DeSoto County; Florida","1023","185","677","157","598","155","79","53","48","42","31","33","346","171","223","116","123","114",
"1400000US12027010200","Census Tract 102; DeSoto County; Florida","2223","301","1294","250","513","154","781","202","141","86","640","192","929","235","657","208","272","134",
"1400000US12027010301","Census Tract 103.01; DeSoto County; Florida","2419","333","1831","352","1114","309","717","266","229","169","488","245","588","204","289","142","299","170",
"1400000US12027010302","Census Tract 103.02; DeSoto County; Florida","780","168","509","170","240","141","269","118","16","18","253","118","271","139","271","139","0","15",
"1400000US12027010403","Census Tract 104.03; DeSoto County; Florida","1497","210","932","171","827","169","105","56","27","22","78","52","565","166","483","157","82","65",
"1400000US12027010404","Census Tract 104.04; DeSoto County; Florida","1066","302","655","153","403","141","252","133","108","95","144","102","411","273","386","273","25","22",
"1400000US12027010405","Census Tract 104.05; DeSoto County; Florida","814","159","455","115","391","114","64","30","16","19","48","26","359","140","256","91","103","132",
"1400000US12027010406","Census Tract 104.06; DeSoto County; Florida","1182","181","916","187","799","185","117","64","18","31","99","57","266","98","151","78","115","78",
"1400000US12029970101","Census Tract 9701.01; Dixie County; Florida","1500","250","958","224","591","191","367","149","43","36","324","147","542","146","457","146","85","77",
"1400000US12029970103","Census Tract 9701.03; Dixie County; Florida","1527","271","964","200","712","164","252","118","60","49","192","116","563","204","517","202","46","37",
"1400000US12029970104","Census Tract 9701.04; Dixie County; Florida","1562","233","1084","273","821","247","263","115","77","72","186","92","478","170","373","155","105","85",
"1400000US12029970201","Census Tract 9702.01; Dixie County; Florida","831","198","495","171","294","107","201","140","75","57","126","120","336","123","284","121","52","39",
"1400000US12029970202","Census Tract 9702.02; Dixie County; Florida","816","144","581","111","527","103","54","61","19","28","35","56","235","110","228","107","7","12",
"1400000US12029990000","Census Tract 9900; Dixie County; Florida","0","15","0","15","0","15","0","15","0","15","0","15","0","15","0","15","0","15",
"1400000US12031000101","Census Tract 1.01; Duval County; Florida","1467","485","641","289","286","244","355","145","63","74","292","121","826","429","715","393","111","143",
"1400000US12031000102","Census Tract 1.02; Duval County; Florida","1176","204","521","140","211","105","310","138","62","56","248","129","655","225","485","218","170","114",
"1400000US12031000200","Census Tract 2; Duval County; Florida","1027","145","565","116","150","72","415","146","21","34","394","139","462","135","443","135","19","33",
"1400000US12031000300","Census Tract 3; Duval County; Florida","736","86","428","90","82","56","346","93","57","36","289","95","308","79","241","74","67","49",
"1400000US12031000600","Census Tract 6; Duval County; Florida","2798","392","1379","333","911","296","468","174","197","126","271","143","1419","453","1419","453","0","21",
"1400000US12031000700","Census Tract 7; Duval County; Florida","1936","199","1058","200","814","160","244","156","52","59","192","145","878","209","779","194","99","78",
"1400000US12031000800","Census Tract 8; Duval County; Florida","2321","344","606","132","545","126","61","61","16","19","45","53","1715","342","1513","339","202","103",
"1400000US12031001000","Census Tract 10; Duval County; Florida","938","139","108","56","53","42","55","35","12","14","43","32","830","136","795","130","35","44",
"1400000US12031001100","Census Tract 11; Duval County; Florida","956","141","486","132","397","113","89","65","14","21","75","62","470","109","288","82","182","89",
"1400000US12031001200","Census Tract 12; Duval County; Florida","843","178","484","93","329","90","155","69","44","42","111","62","359","154","315","148","44","28",
"1400000US12031001300","Census Tract 13; Duval County; Florida","1582","194","708","211","119","66","589","206","116","82","473","192","874","190","798","189","76","47",
"1400000US12031001401","Census Tract 14.01; Duval County; Florida","1306","262","867","294","127","101","740","284","51","61","689","285","439","173","414","164","25","36",
"1400000US12031001402","Census Tract 14.02; Duval County; Florida","969","103","570","112","191","92","379","118","61","70","318","130","399","102","354","107","45","56",
"1400000US12031001500","Census Tract 15; Duval County; Florida","1529","288","656","189","155","87","501","197","34","38","467","193","873","227","732","163","141","186",
"1400000US12031001600","Census Tract 16; Duval County; Florida","786","193","403","89","77","56","326","73","15","28","311","67","383","175","367","174","16","16",
"1400000US12031002101","Census Tract 21.01; Duval County; Florida","1772","246","772","215","482","111","290","192","131","112","159","155","1000","203","785","186","215","87",
"1400000US12031002102","Census Tract 21.02; Duval County; Florida","1227","146","467","94","344","80","123","81","16","27","107","79","760","146","661","155","99","75",
"1400000US12031002200","Census Tract 22; Duval County; Florida","2375","245","1210","186","1069","191","141","86","14","25","127","81","1165","273","832","238","333","153",
"1400000US12031002300","Census Tract 23; Duval County; Florida","974","138","520","71","429","60","91","40","58","33","33","24","454","140","425","142","29","29",
"1400000US12031002400","Census Tract 24; Duval County; Florida","773","84","596","97","561","97","35","28","0","15","35","28","177","54","150","50","27","23",
"1400000US12031002501","Census Tract 25.01; Duval County; Florida","2202","296","743","164","527","155","216","112","110","94","106","61","1459","311","1225","338","234","131",
"1400000US12031002502","Census Tract 25.02; Duval County; Florida","1854","281","715","133","474","121","241","102","40","29","201","98","1139","303","937","280","202","107",
"1400000US12031002600","Census Tract 26; Duval County; Florida","1489","290","677","163","320","136","357","148","166","106","191","113","812","301","745","293","67","62",
"1400000US12031002701","Census Tract 27.01; Duval County; Florida","1357","214","970","232","181","78","789","237","126","56","663","237","387","156","360","146","27","39",
"1400000US12031002702","Census Tract 27.02; Duval County; Florida","1511","211","930","141","241","132","689","164","119","93","570","152","581","201","536","194","45","35",
"1400000US12031002801","Census Tract 28.01; Duval County; Florida","2036","205","997","197","352","151","645","191","13","23","632","189","1039","216","945","213","94","92",
"1400000US12031002802","Census Tract 28.02; Duval County; Florida","2084","281","1062","296","239","136","823","280","186","128","637","251","1022","261","937","254","85","93",
"1400000US12031002901","Census Tract 29.01; Duval County; Florida","1487","164","804","151","83","56","721","151","97","96","624","148","683","191","663","187","20","24",
"1400000US12031002902","Census Tract 29.02; Duval County; Florida","1592","406","812","341","206","101","606","337","62","73","544","339","780","271","748","273","32","36",
"1400000US12031010101","Census Tract 101.01; Duval County; Florida","3467","325","2683","366","2060","361","623","242","66","68","557","236","784","220","712","206","72","63",
"1400000US12031010104","Census Tract 101.04; Duval County; Florida","2426","309","2033","351","1468","302","565","258","144","118","421","243","393","212","285","179","108","108",
"1400000US12031010105","Census Tract 101.05; Duval County; Florida","1045","85","797","95","559","103","238","117","141","92","97","79","248","103","194","88","54","49",
"1400000US12031010106","Census Tract 101.06; Duval County; Florida","2154","159","1586","172","1326","174","260","133","81","79","179","102","568","175","403","173","165","92",
"1400000US12031010107","Census Tract 101.07; Duval County; Florida","2010","292","1573","270","1241","273","332","192","85","76","247","174","437","173","262","100","175","160",
"1400000US12031010202","Census Tract 102.02; Duval County; Florida","1422","228","1035","245","808","251","227","110","79","77","148","84","387","103","326","101","61","60",
"1400000US12031010203","Census Tract 102.03; Duval County; Florida","2708","219","1743","255","1324","271","419","178","113","123","306","161","965","307","794","297","171","110",
"1400000US12031010204","Census Tract 102.04; Duval County; Florida","1813","161","1309","177","794","164","515","182","103","70","412","185","504","187","428","199","76","65",
"1400000US12031010301","Census Tract 103.01; Duval County; Florida","3006","309","2013","287","1263","328","750","299","78","61","672","295","993","263","551","198","442","217",
"1400000US12031010305","Census Tract 103.05; Duval County; Florida","3029","533","1893","571","1434","545","459","212","57","89","402","204","1136","302","788","241","348","230",
"1400000US12031010306","Census Tract 103.06; Duval County; Florida","588","108","437","113","171","90","266","119","23","23","243","119","151","74","151","74","0","15",
"1400000US12031010307","Census Tract 103.07; Duval County; Florida","794","113","432","152","270","123","162","96","0","15","162","96","362","152","290","134","72","114",
"1400000US12031010308","Census Tract 103.08; Duval County; Florida","1993","242","1373","275","811","169","562","265","8","19","554","267","620","167","540","156","80","77",
"1400000US12031010401","Census Tract 104.01; Duval County; Florida","1222","170","553","151","304","117","249","122","19","31","230","117","669","168","587","159","82","75",
"1400000US12031010402","Census Tract 104.02; Duval County; Florida","1947","293","1259","288","652","298","607","215","134","95","473","197","688","212","526","195","162","124",
"1400000US12031010501","Census Tract 105.01; Duval County; Florida","1860","245","1230","290","756","245","474","193","33","44","441","191","630","286","538","296","92","107",
"1400000US12031010502","Census Tract 105.02; Duval County; Florida","1694","271","1219","264","774","252","445","172","86","86","359","147","475","180","400","183","75","79",
"1400000US12031010503","Census Tract 105.03; Duval County; Florida","2541","471","1894","546","1121","447","773","318","250","150","523","259","647","279","565","279","82","78",
"1400000US12031010601","Census Tract 106.01; Duval County; Florida","1568","188","1210","202","719","197","491","210","271","172","220","88","358","159","262","136","96","64",
"1400000US12031010602","Census Tract 106.02; Duval County; Florida","1335","361","1133","369","836","143","297","330","267","330","30","49","202","88","173","87","29","27",
"1400000US12031010700","Census Tract 107; Duval County; Florida","2011","478","1279","522","674","415","605","283","72","88","533","232","732","280","572","234","160","156",
"1400000US12031010800","Census Tract 108; Duval County; Florida","1826","148","1296","168","452","153","844","154","195","131","649","147","530","136","471","133","59","79",
"1400000US12031010900","Census Tract 109; Duval County; Florida","1734","282","983","360","495","211","488","279","42","57","446","275","751","220","560","222","191","117",
"1400000US12031011000","Census Tract 110; Duval County; Florida","1550","299","867","162","373","128","494","164","159","104","335","142","683","271","600","262","83","66",
"1400000US12031011100","Census Tract 111; Duval County; Florida","1349","191","622","161","179","67","443","151","182","142","261","116","727","183","552","132","175","150",
"1400000US12031011200","Census Tract 112; Duval County; Florida","1167","227","817","237","360","114","457","228","51","44","406","226","350","122","350","122","0","15",
"1400000US12031011300","Census Tract 113; Duval County; Florida","1132","200","731","197","331","174","400","128","116","99","284","146","401","152","360","146","41","45",
"1400000US12031011400","Census Tract 114; Duval County; Florida","925","147","499","173","178","99","321","154","42","30","279","145","426","107","369","92","57","60",
"1400000US12031011500","Census Tract 115; Duval County; Florida","1578","237","868","226","353","194","515","159","123","92","392","152","710","197","626","150","84","117",
"1400000US12031011600","Census Tract 116; Duval County; Florida","1517","201","927","157","306","162","621","161","81","82","540","138","590","229","483","218","107","94",
"1400000US12031011700","Census Tract 117; Duval County; Florida","1350","198","960","243","598","221","362","116","39","48","323","102","390","170","350","169","40","40",
"1400000US12031011800","Census Tract 118; Duval County; Florida","1096","182","741","197","365","176","376","132","112","77","264","116","355","119","205","91","150","89",
"1400000US12031011901","Census Tract 119.01; Duval County; Florida","3062","481","2094","517","1244","382","850","342","163","133","687","302","968","300","791","300","177","132",
"1400000US12031011903","Census Tract 119.03; Duval County; Florida","1820","178","1390","171","1073","172","317","107","96","60","221","91","430","98","386","95","44","39",
"1400000US12031011904","Census Tract 119.04; Duval County; Florida","1540","142","1155","164","966","181","189","119","99","98","90","72","385","141","292","131","93","81",
"1400000US12031011905","Census Tract 119.05; Duval County; Florida","2424","319","1930","283","1552","240","378","261","0","21","378","261","494","278","441","268","53","84",
"1400000US12031012000","Census Tract 120; Duval County; Florida","1931","187","1530","163","836","168","694","146","111","100","583","149","401","155","299","151","102","94",
"1400000US12031012100","Census Tract 121; Duval County; Florida","658","170","370","138","232","102","138","95","11","18","127","93","288","110","247","111","41","24",
"1400000US12031012201","Census Tract 122.01; Duval County; Florida","1391","249","871","288","413","253","458","198","181","136","277","126","520","151","430","141","90","65",
"1400000US12031012202","Census Tract 122.02; Duval County; Florida","2126","323","1065","244","509","167","556","206","162","107","394","195","1061","381","995","378","66","56",
"1400000US12031012300","Census Tract 123; Duval County; Florida","1738","197","929","163","576","135","353","127","56","63","297","126","809","158","710","164","99","61",
"1400000US12031012400","Census Tract 124; Duval County; Florida","1208","188","760","191","577","160","183","109","82","60","101","85","448","133","414","125","34","35",
"1400000US12031012500","Census Tract 125; Duval County; Florida","1925","255","1138","185","660","144","478","187","160","118","318","162","787","244","682","246","105","76",
"1400000US12031012601","Census Tract 126.01; Duval County; Florida","1732","261","1023","208","437","181","586","188","107","99","479","172","709","282","607","281","102","102",
"1400000US12031012602","Census Tract 126.02; Duval County; Florida","2581","549","1115","291","421","125","694","303","82","109","612","281","1466","574","1274","556","192","139",
"1400000US12031012702","Census Tract 127.02; Duval County; Florida","2271","244","1554","263","672","168","882","229","145","95","737","214","717","210","513","244","204","104",
"1400000US12031012703","Census Tract 127.03; Duval County; Florida","2416","414","1564","382","722","161","842","389","446","374","396","164","852","270","757","276","95","66",
"1400000US12031012704","Census Tract 127.04; Duval County; Florida","1980","222","1236","280","509","162","727","233","265","160","462","210","744","211","551","217","193","122",
"1400000US12031012800","Census Tract 128; Duval County; Florida","2890","419","1878","313","1198","281","680","254","391","253","289","160","1012","335","678","264","334","246",
"1400000US12031012900","Census Tract 129; Duval County; Florida","1023","183","633","178","260","81","373","177","163","99","210","150","390","135","284","96","106","99",
"1400000US12031013000","Census Tract 130; Duval County; Florida","966","80","733","102","698","104","35","24","19","17","16","17","233","59","219","58","14","13",
"1400000US12031013100","Census Tract 131; Duval County; Florida","1157","175","635","127","491","120","144","76","34","32","110","72","522","198","442","179","80","58",
"1400000US12031013200","Census Tract 132; Duval County; Florida","360","80","267","82","244","83","23","23","2","5","21","23","93","54","91","53","2","4",
"1400000US12031013301","Census Tract 133.01; Duval County; Florida","1183","156","790","144","523","141","267","100","62","47","205","95","393","150","239","152","154","87",
"1400000US12031013302","Census Tract 133.02; Duval County; Florida","2285","313","842","279","47","90","795","258","142","164","653","239","1443","374","1219","391","224","160",
"1400000US12031013402","Census Tract 134.02; Duval County; Florida","2240","280","1233","243","607","200","626","200","180","149","446","128","1007","286","711","253","296","189",
"1400000US12031013403","Census Tract 134.03; Duval County; Florida","1478","256","722","110","384","80","338","105","114","105","224","102","756","271","667","265","89","58",
"1400000US12031013404","Census Tract 134.04; Duval County; Florida","1546","242","593","146","280","85","313","130","59","50","254","122","953","256","681","228","272","124",
"1400000US12031013502","Census Tract 135.02; Duval County; Florida","1170","149","846","142","588","156","258","117","93","83","165","85","324","134","304","133","20","25",
"1400000US12031013504","Census Tract 135.04; Duval County; Florida","2365","419","1241","313","724","278","517","191","133","170","384","164","1124","363","918","371","206","163",
"1400000US12031013522","Census Tract 135.22; Duval County; Florida","1678","502","823","199","592","206","231","109","25","30","206","107","855","481","475","156","380","464",
"1400000US12031013523","Census Tract 135.23; Duval County; Florida","1795","270","1234","320","715","269","519","200","7","11","512","200","561","216","492","216","69","56",
"1400000US12031013524","Census Tract 135.24; Duval County; Florida","1768","224","897","231","674","150","223","171","91","70","132","159","871","192","612","171","259","109",
"1400000US12031013525","Census Tract 135.25; Duval County; Florida","2332","327","1437","402","696","264","741","320","47","55","694","314","895","342","863","329","32","55",
"1400000US12031013526","Census Tract 135.26; Duval County; Florida","3495","474","2006","392","1092","290","914","371","442","281","472","272","1489","473","1218","458","271","224",
"1400000US12031013723","Census Tract 137.23; Duval County; Florida","5510","667","3129","461","2356","394","773","340","141","146","632","309","2381","689","2072","651","309","221",
"1400000US12031013728","Census Tract 137.28; Duval County; Florida","1852","463","1574","472","1359","457","215","132","77","87","138","98","278","154","252","152","26","25",
"1400000US12031013729","Census Tract 137.29; Duval County; Florida","1883","182","1415","208","844","192","571","159","209","125","362","117","468","149","396","144","72","69",
"1400000US12031013730","Census Tract 137.30; Duval County; Florida","1292","166","1082","158","836","144","246","144","0","15","246","144","210","93","125","73","85","80",
"1400000US12031013731","Census Tract 137.31; Duval County; Florida","1530","156","1030","183","815","195","215","128","37","35","178","123","500","145","382","144","118","82",
"1400000US12031013732","Census Tract 137.32; Duval County; Florida","2158","354","1475","335","792","252","683","271","98","105","585","200","683","293","672","294","11","27",
"1400000US12031013733","Census Tract 137.33; Duval County; Florida","2235","233","1743","205","1183","266","560","260","213","158","347","179","492","195","385","158","107","98",
"1400000US12031013800","Census Tract 138; Duval County; Florida","728","134","644","133","527","132","117","60","11","17","106","57","84","59","80","59","4","8",
"1400000US12031013901","Census Tract 139.01; Duval County; Florida","1822","283","1183","316","867","269","316","191","53","47","263","188","639","161","445","154","194","84",
"1400000US12031013902","Census Tract 139.02; Duval County; Florida","2057","234","1316","220","870","233","446","159","143","101","303","124","741","249","490","240","251","134",
"1400000US12031013904","Census Tract 139.04; Duval County; Florida","2191","392","1103","182","668","178","435","135","102","70","333","119","1088","398","902","391","186","92",
"1400000US12031013905","Census Tract 139.05; Duval County; Florida","1860","197","1270","180","1212","180","58","37","19","22","39","30","590","174","528","174","62","39",
"1400000US12031013906","Census Tract 139.06; Duval County; Florida","2147","191","1242","198","1129","189","113","78","41","39","72","69","905","212","838","213","67","51",
"1400000US12031014001","Census Tract 140.01; Duval County; Florida","2160","236","1333","182","1265","185","68","65","22","36","46","56","827","234","624","234","203","106",
"1400000US12031014002","Census Tract 140.02; Duval County; Florida","1069","155","804","159","716","159","88","58","5","10","83","57","265","100","150","63","115","83",
"1400000US12031014101","Census Tract 141.01; Duval County; Florida","1899","245","1323","231","1135","237","188","97","112","85","76","41","576","170","330","109","246","113",
"1400000US12031014103","Census Tract 141.03; Duval County; Florida","1368","196","620","148","517","120","103","93","20","33","83","88","748","185","589","175","159","89",
"1400000US12031014104","Census Tract 141.04; Duval County; Florida","1250","222","480","162","371","152","109","114","0","15","109","114","770","212","704","237","66","74",
"1400000US12031014203","Census Tract 142.03; Duval County; Florida","2293","366","1272","199","952","192","320","153","118","131","202","161","1021","321","979","307","42","54",
"1400000US12031014204","Census Tract 142.04; Duval County; Florida","2192","325","1639","374","1082","207","557","324","196","154","361","309","553","221","401","152","152","141",
"1400000US12031014205","Census Tract 142.05; Duval County; Florida","1349","257","589","180","431","118","158","129","23","31","135","126","760","224","508","189","252","108",
"1400000US12031014206","Census Tract 142.06; Duval County; Florida","691","100","389","83","306","77","83","44","24","32","59","44","302","103","285","108","17","19",
"1400000US12031014311","Census Tract 143.11; Duval County; Florida","2010","206","1517","238","938","229","579","220","236","151","343","175","493","172","365","142","128","108",
"1400000US12031014312","Census Tract 143.12; Duval County; Florida","2977","364","1470","285","1031","223","439","234","84","77","355","212","1507","367","866","324","641","295",
"1400000US12031014328","Census Tract 143.28; Duval County; Florida","2685","232","1717","262","1240","260","477","229","44","57","433","228","968","239","601","202","367","208",
"1400000US12031014329","Census Tract 143.29; Duval County; Florida","1228","183","967","187","695","193","272","98","73","64","199","89","261","79","185","69","76","46",
"1400000US12031014330","Census Tract 143.30; Duval County; Florida","1831","108","1455","161","1250","161","205","98","106","75","99","71","376","139","314","124","62","66",
"1400000US12031014331","Census Tract 143.31; Duval County; Florida","1711","248","1356","254","1166","203","190","149","12","20","178","146","355","201","221","118","134","145",
"1400000US12031014333","Census Tract 143.33; Duval County; Florida","1618","242","801","151","589","112","212","108","67","90","145","68","817","269","717","268","100","76",
"1400000US12031014334","Census Tract 143.34; Duval County; Florida","1639","207","1313","230","916","206","397","119","70","86","327","108","326","89","220","71","106","52",
"1400000US12031014335","Census Tract 143.35; Duval County; Florida","3103","326","2331","312","1701","351","630","189","190","104","440","170","772","314","365","157","407","285",
"1400000US12031014336","Census Tract 143.36; Duval County; Florida","2224","134","1811","175","1397","230","414","179","84","77","330","167","413","167","314","163","99","68",
"1400000US12031014338","Census Tract 143.38; Duval County; Florida","1846","325","1391","351","1028","350","363","123","79","45","284","121","455","166","368","158","87","66",
"1400000US12031014339","Census Tract 143.39; Duval County; Florida","2657","396","1928","403","1548","393","380","195","161","122","219","150","729","239","416","162","313","186",
"1400000US12031014340","Census Tract 143.40; Duval County; Florida","1934","119","1356","205","1050","210","306","175","29","38","277","165","578","220","403","171","175","149",
"1400000US12031014341","Census Tract 143.41; Duval County; Florida","1623","171","845","118","671","102","174","109","47","40","127","101","778","178","637","180","141","93",
"1400000US12031014342","Census Tract 143.42; Duval County; Florida","2147","186","1098","223","997","221","101","72","33","41","68","58","1049","248","983","252","66","66",
"1400000US12031014343","Census Tract 143.43; Duval County; Florida","2423","481","2088","495","1583","509","505","237","109","115","396","235","335","132","302","119","33","48",
"1400000US12031014344","Census Tract 143.44; Duval County; Florida","1625","279","1307","290","912","288","395","165","118","92","277","144","318","162","200","110","118","98",
"1400000US12031014408","Census Tract 144.08; Duval County; Florida","1841","152","1127","175","804","163","323","151","122","92","201","138","714","172","435","154","279","137",
"1400000US12031014413","Census Tract 144.13; Duval County; Florida","2344","290","1637","261","1345","270","292","157","87","78","205","157","707","187","594","189","113","127",
"1400000US12031014414","Census Tract 144.14; Duval County; Florida","3262","555","1781","462","1532","487","249","195","10","34","239","190","1481","560","1328","535","153","116",
"1400000US12031014415","Census Tract 144.15; Duval County; Florida","1001","214","296","122","78","38","218","120","22","22","196","118","705","254","440","265","265","125",
"1400000US12031014416","Census Tract 144.16; Duval County; Florida","2012","224","1307","237","994","235","313","201","82","82","231","165","705","200","427","199","278","144",
"1400000US12031014417","Census Tract 144.17; Duval County; Florida","4052","426","2257","466","1323","328","934","430","473","387","461","212","1795","388","1527","381","268","147",
"1400000US12031014418","Census Tract 144.18; Duval County; Florida","652","64","548","90","443","72","105","80","81","89","24","22","104","70","87","62","17","28",
"1400000US12031014419","Census Tract 144.19; Duval County; Florida","2327","183","1526","198","1431","186","95","86","64","71","31","50","801","204","534","182","267","177",
"1400000US12031014420","Census Tract 144.20; Duval County; Florida","1872","166","1031","194","812","206","219","129","49","58","170","118","841","236","614","213","227","119",
"1400000US12031014421","Census Tract 144.21; Duval County; Florida","2533","259","1367","206","1193","216","174","112","77","90","97","59","1166","242","894","247","272","144",
"1400000US12031014422","Census Tract 144.22; Duval County; Florida","1651","235","677","157","480","122","197","120","72","68","125","106","974","192","866","187","108","72",
"1400000US12031014423","Census Tract 144.23; Duval County; Florida","9038","945","6169","1069","4987","957","1182","646","585","583","597","270","2869","752","2356","697","513","314",
"1400000US12031014424","Census Tract 144.24; Duval County; Florida","3737","359","1884","362","1405","342","479","155","124","103","355","131","1853","340","1494","331","359","165",
"1400000US12031014425","Census Tract 144.25; Duval County; Florida","1739","151","1042","175","663","191","379","167","110","122","269","138","697","181","490","173","207","125",
"1400000US12031014426","Census Tract 144.26; Duval County; Florida","2170","205","1022","214","689","168","333","212","97","115","236","179","1148","259","828","269","320","191",
"1400000US12031014427","Census Tract 144.27; Duval County; Florida","747","85","303","77","204","73","99","60","40","47","59","33","444","103","299","110","145","82",
"1400000US12031014428","Census Tract 144.28; Duval County; Florida","3895","768","969","257","635","257","334","215","197","189","137","105","2926","790","2154","864","772","403",
"1400000US12031014500","Census Tract 145; Duval County; Florida","1620","238","1112","230","737","240","375","142","133","73","242","112","508","129","384","116","124","72",
"1400000US12031014601","Census Tract 146.01; Duval County; Florida","2560","322","1689","210","1438","197","251","127","60","55","191","116","871","329","720","327","151","67",
"1400000US12031014603","Census Tract 146.03; Duval County; Florida","2278","302","1407","277","956","231","451","197","83","69","368","194","871","264","601","222","270","159",
"1400000US12031014604","Census Tract 146.04; Duval County; Florida","3088","373","1356","275","823","258","533","224","190","156","343","161","1732","369","1587","377","145","95",
"1400000US12031014702","Census Tract 147.02; Duval County; Florida","1104","184","934","187","514","97","420","197","84","69","336","193","170","107","163","108","7","35",
"1400000US12031014703","Census Tract 147.03; Duval County; Florida","540","33","426","55","345","67","81","48","21","24","60","39","114","49","77","42","37","39",
"1400000US12031014704","Census Tract 147.04; Duval County; Florida","2548","309","1438","331","706","182","732","311","159","175","573","354","1110","287","640","253","470","211",
"1400000US12031014800","Census Tract 148; Duval County; Florida","2297","282","1206","311","730","274","476","208","82","106","394","220","1091","309","708","229","383","221",
"1400000US12031014901","Census Tract 149.01; Duval County; Florida","2301","456","1762","239","871","233","891","243","77","77","814","246","539","489","221","104","318","447",
"1400000US12031014902","Census Tract 149.02; Duval County; Florida","3373","316","2413","333","1108","323","1305","334","381","301","924","299","960","318","775","245","185","163",
"1400000US12031015001","Census Tract 150.01; Duval County; Florida","2552","262","1558","237","1017","237","541","189","71","81","470","170","994","261","767","218","227","161",
"1400000US12031015002","Census Tract 150.02; Duval County; Florida","1649","287","1129","276","704","201","425","154","44","38","381","148","520","180","306","132","214","121",
"1400000US12031015100","Census Tract 151; Duval County; Florida","1642","239","1104","275","697","251","407","161","249","131","158","88","538","185","417","142","121","87",
"1400000US12031015200","Census Tract 152; Duval County; Florida","1512","323","879","158","464","106","415","129","84","68","331","123","633","308","547","294","86","71",
"1400000US12031015300","Census Tract 153; Duval County; Florida","1601","188","810","200","406","151","404","145","65","60","339","137","791","146","701","157","90","69",
"1400000US12031015400","Census Tract 154; Duval County; Florida","915","152","653","147","231","78","422","158","200","125","222","90","262","125","223","124","39","48",
"1400000US12031015501","Census Tract 155.01; Duval County; Florida","1566","262","947","281","696","278","251","143","44","51","207","134","619","147","533","151","86","69",
"1400000US12031015502","Census Tract 155.02; Duval County; Florida","1881","194","1242","246","277","121","965","261","410","230","555","183","639","162","529","166","110","79",
"1400000US12031015600","Census Tract 156; Duval County; Florida","1808","238","1011","215","691","195","320","157","101","104","219","130","797","180","661","180","136","93",
"1400000US12031015701","Census Tract 157.01; Duval County; Florida","1088","233","387","163","271","147","116","80","0","15","116","80","701","224","607","227","94","100",
"1400000US12031015702","Census Tract 157.02; Duval County; Florida","1519","229","847","225","606","204","241","115","91","84","150","83","672","201","602","208","70","69",
"1400000US12031015803","Census Tract 158.03; Duval County; Florida","1340","133","754","167","554","104","200","172","125","160","75","48","586","170","517","161","69","66",
"1400000US12031015804","Census Tract 158.04; Duval County; Florida","1534","165","949","211","713","225","236","94","24","36","212","90","585","167","543","159","42","33",
"1400000US12031015805","Census Tract 158.05; Duval County; Florida","3116","506","1818","478","705","272","1113","504","112","154","1001","479","1298","340","1158","348","140","183",
"1400000US12031015806","Census Tract 158.06; Duval County; Florida","1438","269","654","113","296","122","358","124","111","70","247","117","784","260","659","252","125","89",
"1400000US12031015922","Census Tract 159.22; Duval County; Florida","2454","302","855","245","371","180","484","205","109","86","375","202","1599","375","1221","409","378","201",
"1400000US12031015924","Census Tract 159.24; Duval County; Florida","2278","336","1162","303","767","236","395","283","174","196","221","195","1116","369","944","347","172","109",
"1400000US12031015925","Census Tract 159.25; Duval County; Florida","2905","515","1273","243","677","330","596","337","137","115","459","304","1632","517","1239","501","393","160",
"1400000US12031015926","Census Tract 159.26; Duval County; Florida","5028","426","1688","356","1275","296","413","216","97","108","316","190","3340","514","2414","524","926","377",
"1400000US12031015927","Census Tract 159.27; Duval County; Florida","1291","340","704","376","311","97","393","373","22","41","371","369","587","184","486","154","101","106",
"1400000US12031015928","Census Tract 159.28; Duval County; Florida","1210","429","236","77","175","82","61","52","34","35","27","34","974","440","773","458","201","146",
"1400000US12031015929","Census Tract 159.29; Duval County; Florida","2560","285","1206","267","948","303","258","142","57","76","201","121","1354","254","1241","262","113","91",
"1400000US12031016001","Census Tract 160.01; Duval County; Florida","1652","379","1006","362","732","334","274","106","148","94","126","77","646","150","598","151","48","45",
"1400000US12031016002","Census Tract 160.02; Duval County; Florida","1294","98","825","139","558","149","267","103","85","70","182","111","469","135","296","140","173","106",
"1400000US12031016101","Census Tract 161.01; Duval County; Florida","1199","221","753","216","482","195","271","121","68","81","203","105","446","147","417","139","29","43",
"1400000US12031016102","Census Tract 161.02; Duval County; Florida","1525","278","974","247","443","103","531","255","459","251","72","60","551","301","501","281","50","84",
"1400000US12031016200","Census Tract 162; Duval County; Florida","1054","175","477","141","315","132","162","62","49","43","113","56","577","149","570","147","7","11",
"1400000US12031016300","Census Tract 163; Duval County; Florida","983","139","469","104","357","91","112","58","41","49","71","35","514","146","392","144","122","53",
"1400000US12031016400","Census Tract 164; Duval County; Florida","2342","346","1526","332","1245","333","281","127","94","83","187","102","816","254","604","147","212","188",
"1400000US12031016500","Census Tract 165; Duval County; Florida","2225","310","1676","318","1412","258","264","191","57","54","207","181","549","224","406","166","143","125",
"1400000US12031016603","Census Tract 166.03; Duval County; Florida","1570","224","868","193","663","170","205","94","67","45","138","79","702","162","547","110","155","134",
"1400000US12031016604","Census Tract 166.04; Duval County; Florida","1905","161","1188","162","747","154","441","139","192","137","249","119","717","116","591","114","126","62",
"1400000US12031016605","Census Tract 166.05; Duval County; Florida","912","131","690","117","454","93","236","137","17","21","219","138","222","83","161","74","61","59",
"1400000US12031016606","Census Tract 166.06; Duval County; Florida","2384","360","898","237","627","221","271","162","27","42","244","161","1486","368","1117","422","369","266",
"1400000US12031016711","Census Tract 167.11; Duval County; Florida","1625","229","1214","225","1096","225","118","67","41","56","77","46","411","103","345","93","66","43",
"1400000US12031016724","Census Tract 167.24; Duval County; Florida","2703","302","1104","221","764","215","340","156","66","54","274","149","1599","320","1108","283","491","277",
"1400000US12031016725","Census Tract 167.25; Duval County; Florida","1783","218","965","176","655","155","310","141","55","52","255","133","818","192","731","192","87","64",
"1400000US12031016726","Census Tract 167.26; Duval County; Florida","1673","209","948","191","625","135","323","158","138","126","185","101","725","189","609","174","116","109",
"1400000US12031016727","Census Tract 167.27; Duval County; Florida","1841","423","765","149","512","135","253","121","37","58","216","126","1076","428","959","428","117","85",
"1400000US12031016728","Census Tract 167.28; Duval County; Florida","2140","322","1681","332","1345","266","336","149","48","47","288","142","459","122","313","90","146","89",
"1400000US12031016729","Census Tract 167.29; Duval County; Florida","2556","272","1880","277","1251","258","629","261","69","67","560","259","676","211","455","144","221","175",
"1400000US12031016730","Census Tract 167.30; Duval County; Florida","1352","211","1168","214","1065","215","103","51","24","32","79","42","184","93","182","93","2","7",
"1400000US12031016731","Census Tract 167.31; Duval County; Florida","2567","311","1362","268","670","232","692","196","52","66","640","212","1205","298","870","287","335","149",
"1400000US12031016801","Census Tract 168.01; Duval County; Florida","947","162","721","139","643","121","78","74","11","13","67","72","226","85","213","84","13","14",
"1400000US12031016803","Census Tract 168.03; Duval County; Florida","2731","304","2360","293","2028","342","332","128","101","81","231","103","371","134","337","134","34","40",
"1400000US12031016804","Census Tract 168.04; Duval County; Florida","3390","362","2541","303","2247","287","294","128","140","74","154","105","849","333","781","325","68","66",
"1400000US12031016807","Census Tract 168.07; Duval County; Florida","1802","177","1191","225","816","214","375","156","90","72","285","144","611","149","469","119","142","90",
"1400000US12031016808","Census Tract 168.08; Duval County; Florida","1608","213","988","222","706","218","282","109","68","56","214","93","620","121","520","125","100","78",
"1400000US12031016809","Census Tract 168.09; Duval County; Florida","1755","188","1518","203","1278","177","240","123","106","99","134","70","237","107","228","102","9","15",
"1400000US12031016810","Census Tract 168.10; Duval County; Florida","1034","141","686","153","536","162","150","87","87","63","63","53","348","106","322","106","26","30",
"1400000US12031016811","Census Tract 168.11; Duval County; Florida","2236","375","1712","398","1584","414","128","114","76","89","52","78","524","199","353","150","171","146",
"1400000US12031016812","Census Tract 168.12; Duval County; Florida","2171","329","1294","278","759","227","535","284","299","206","236","164","877","290","613","181","264","241",
"1400000US12031016813","Census Tract 168.13; Duval County; Florida","3673","404","2154","457","1586","326","568","331","234","209","334","252","1519","349","1149","353","370","191",
"1400000US12031017101","Census Tract 171.01; Duval County; Florida","2459","523","879","281","671","269","208","133","17","30","191","141","1580","522","1243","518","337","116",
"1400000US12031017102","Census Tract 171.02; Duval County; Florida","1876","197","504","190","411","165","93","92","73","87","20","32","1372","231","1219","234","153","99",
"1400000US12031017200","Census Tract 172; Duval County; Florida","1894","339","344","106","93","56","251","83","31","35","220","82","1550","370","1482","360","68","61",
"1400000US12031017300","Census Tract 173; Duval County; Florida","3391","277","2526","294","1830","342","696","210","160","89","536","216","865","190","777","201","88","63",
"1400000US12031017400","Census Tract 174; Duval County; Florida","1096","240","524","178","139","69","385","177","90","65","295","165","572","205","436","165","136","127",
"1400000US12031990000","Census Tract 9900; Duval County; Florida","0","15","0","15","0","15","0","15","0","15","0","15","0","15","0","15","0","15",
"1400000US12033000100","Census Tract 1; Escambia County; Florida","999","134","418","99","351","96","67","46","9","12","58","44","581","119","499","120","82","43",
"1400000US12033000300","Census Tract 3; Escambia County; Florida","1352","187","550","146","332","125","218","95","104","77","114","74","802","178","618","165","184","142",
"1400000US12033000400","Census Tract 4; Escambia County; Florida","1747","203","658","175","248","124","410","143","0","15","410","143","1089","220","1075","220","14","23",
"1400000US12033000500","Census Tract 5; Escambia County; Florida","709","125","333","84","256","83","77","35","31","26","46","26","376","114","342","112","34","29",
"1400000US12033000600","Census Tract 6; Escambia County; Florida","791","200","224","67","109","52","115","67","10","13","105","65","567","204","462","202","105","55",
"1400000US12033000801","Census Tract 8.01; Escambia County; Florida","968","180","428","138","302","135","126","66","33","41","93","53","540","161","475","171","65","45",
"1400000US12033000802","Census Tract 8.02; Escambia County; Florida","1479","251","658","151","578","128","80","57","21","27","59","50","821","235","600","145","221","179",
"1400000US12033000900","Census Tract 9; Escambia County; Florida","1162","184","731","133","632","138","99","56","31","30","68","48","431","136","308","85","123","115",
"1400000US12033001001","Census Tract 10.01; Escambia County; Florida","2647","302","1465","249","1244","246","221","102","35","43","186","95","1182","278","980","260","202","123",
"1400000US12033001002","Census Tract 10.02; Escambia County; Florida","1572","141","596","118","415","93","181","87","54","55","127","64","976","178","895","182","81","55",
"1400000US12033001101","Census Tract 11.01; Escambia County; Florida","2544","311","1566","344","1238","317","328","169","169","122","159","106","978","219","886","219","92","71",
"1400000US12033001103","Census Tract 11.03; Escambia County; Florida","1262","196","876","172","508","103","368","157","124","88","244","142","386","137","254","95","132","92",
"1400000US12033001104","Census Tract 11.04; Escambia County; Florida","2729","284","1494","230","1061","221","433","162","230","101","203","109","1235","289","1091","270","144","104",
"1400000US12033001201","Census Tract 12.01; Escambia County; Florida","2334","307","1080","270","798","205","282","188","103","91","179","169","1254","259","767","233","487","212",
"1400000US12033001202","Census Tract 12.02; Escambia County; Florida","1745","200","952","189","355","97","597","202","183","113","414","189","793","167","592","134","201","117",
"1400000US12033001300","Census Tract 13; Escambia County; Florida","1684","248","1161","248","401","127","760","263","138","83","622","238","523","139","396","129","127","77",
"1400000US12033001401","Census Tract 14.01; Escambia County; Florida","660","231","284","55","235","49","49","31","6","9","43","29","376","233","339","231","37","28",
"1400000US12033001402","Census Tract 14.02; Escambia County; Florida","2809","344","1972","373","1173","338","799","272","189","150","610","234","837","222","594","206","243","157",
"1400000US12033001500","Census Tract 15; Escambia County; Florida","477","72","244","67","148","59","96","64","2","4","94","64","233","70","220","72","13","17",
"1400000US12033001600","Census Tract 16; Escambia County; Florida","497","180","320","169","35","34","285","162","65","99","220","129","177","85","177","85","0","15",
"1400000US12033001700","Census Tract 17; Escambia County; Florida","1034","156","585","124","284","116","301","106","61","61","240","86","449","120","335","109","114","78",
"1400000US12033001800","Census Tract 18; Escambia County; Florida","783","164","472","163","128","66","344","155","69","51","275","151","311","75","266","66","45","32",
"1400000US12033001900","Census Tract 19; Escambia County; Florida","747","118","369","108","233","103","136","67","61","46","75","48","378","90","307","71","71","53",
"1400000US12033002000","Census Tract 20; Escambia County; Florida","793","144","366","120","69","36","297","112","81","49","216","108","427","117","391","117","36","37",
"1400000US12033002100","Census Tract 21; Escambia County; Florida","1852","315","1046","239","597","195","449","183","140","109","309","161","806","241","468","162","338","197",
"1400000US12033002200","Census Tract 22; Escambia County; Florida","1714","239","835","208","420","129","415","193","119","90","296","157","879","214","735","212","144","85",
"1400000US12033002300","Census Tract 23; Escambia County; Florida","2351","378","1449","341","1177","349","272","146","94","68","178","141","902","253","787","227","115","99",
"1400000US12033002400","Census Tract 24; Escambia County; Florida","449","110","354","105","283","72","71","78","8","13","63","77","95","33","90","32","5","7",
"1400000US12033002500","Census Tract 25; Escambia County; Florida","1373","246","941","168","877","144","64","80","6","9","58","80","432","193","417","191","15","17",
"1400000US12033002601","Census Tract 26.01; Escambia County; Florida","1371","254","1153","266","942","271","211","104","128","85","83","55","218","83","184","75","34","43",
"1400000US12033002602","Census Tract 26.02; Escambia County; Florida","1013","161","570","161","561","160","9","16","9","16","0","15","443","122","291","101","152","65",
"1400000US12033002604","Census Tract 26.04; Escambia County; Florida","1988","257","1379","194","1009","168","370","146","56","46","314","137","609","232","525","230","84","50",
"1400000US12033002605","Census Tract 26.05; Escambia County; Florida","1845","266","1287","260","1037","235","250","111","34","27","216","110","558","167","433","160","125","74",
"1400000US12033002606","Census Tract 26.06; Escambia County; Florida","1258","299","930","284","730","290","200","88","18","19","182","82","328","140","254","128","74","56",
"1400000US12033002607","Census Tract 26.07; Escambia County; Florida","2062","404","1680","415","1108","171","572","396","36","50","536","396","382","138","250","116","132","88",
"1400000US12033002701","Census Tract 27.01; Escambia County; Florida","1252","107","695","128","534","108","161","71","46","44","115","58","557","97","463","103","94","71",
"1400000US12033002703","Census Tract 27.03; Escambia County; Florida","1191","231","794","233","378","160","416","231","131","103","285","193","397","131","298","108","99","92",
"1400000US12033002704","Census Tract 27.04; Escambia County; Florida","2185","369","1513","331","1103","326","410","149","76","65","334","144","672","241","522","237","150","87",
"1400000US12033002801","Census Tract 28.01; Escambia County; Florida","1129","134","697","186","320","132","377","175","137","140","240","93","432","141","373","127","59","55",
"1400000US12033002802","Census Tract 28.02; Escambia County; Florida","2104","286","1251","275","943","263","308","141","151","164","157","119","853","220","675","222","178","132",
"1400000US12033002803","Census Tract 28.03; Escambia County; Florida","1324","199","723","184","346","156","377","135","173","121","204","107","601","170","537","158","64","63",
"1400000US12033002804","Census Tract 28.04; Escambia County; Florida","820","135","488","97","397","95","91","59","22","39","69","42","332","101","290","79","42","47",
"1400000US12033002900","Census Tract 29; Escambia County; Florida","1937","272","1164","320","763","289","401","180","141","76","260","174","773","199","652","177","121","86",
"1400000US12033003001","Census Tract 30.01; Escambia County; Florida","1356","195","836","190","385","122","451","179","115","139","336","108","520","167","378","140","142","95",
"1400000US12033003002","Census Tract 30.02; Escambia County; Florida","1305","206","895","181","468","151","427","166","56","52","371","167","410","140","340","126","70","78",
"1400000US12033003100","Census Tract 31; Escambia County; Florida","1950","304","1182","214","680","212","502","163","54","42","448","159","768","286","696","279","72","76",
"1400000US12033003201","Census Tract 32.01; Escambia County; Florida","1880","244","1220","306","838","292","382","208","0","15","382","208","660","225","535","188","125","123",
"1400000US12033003203","Census Tract 32.03; Escambia County; Florida","1972","251","1382","236","693","137","689","252","158","106","531","225","590","189","481","155","109","90",
"1400000US12033003204","Census Tract 32.04; Escambia County; Florida","1254","257","946","256","743","227","203","139","8","13","195","135","308","102","237","85","71","57",
"1400000US12033003301","Census Tract 33.01; Escambia County; Florida","1865","191","1298","176","846","174","452","178","151","91","301","157","567","174","545","173","22","25",
"1400000US12033003305","Census Tract 33.05; Escambia County; Florida","814","103","580","89","427","93","153","47","44","28","109","43","234","90","204","83","30","29",
"1400000US12033003307","Census Tract 33.07; Escambia County; Florida","785","119","526","116","262","86","264","116","91","92","173","64","259","83","198","80","61","39",
"1400000US12033003308","Census Tract 33.08; Escambia County; Florida","2158","253","1443","205","1028","196","415","124","62","52","353","124","715","220","445","158","270","183",
"1400000US12033003310","Census Tract 33.10; Escambia County; Florida","1894","229","1367","199","795","208","572","180","185","103","387","154","527","174","296","119","231","153",
"1400000US12033003311","Census Tract 33.11; Escambia County; Florida","1550","149","868","165","573","97","295","144","17","24","278","142","682","170","507","150","175","112",
"1400000US12033003312","Census Tract 33.12; Escambia County; Florida","1222","216","810","175","528","146","282","157","88","83","194","139","412","194","261","109","151","142",
"1400000US12033003313","Census Tract 33.13; Escambia County; Florida","1477","174","909","175","392","124","517","149","76","79","441","136","568","177","359","147","209","125",
"1400000US12033003400","Census Tract 34; Escambia County; Florida","2695","365","1569","355","1037","344","532","201","159","90","373","182","1126","265","804","263","322","195",
"1400000US12033003505","Census Tract 35.05; Escambia County; Florida","1670","164","766","145","447","111","319","125","13","20","306","125","904","186","649","137","255","124",
"1400000US12033003506","Census Tract 35.06; Escambia County; Florida","2389","400","1553","464","1050","396","503","254","87","87","416","241","836","201","792","199","44","53",
"1400000US12033003507","Census Tract 35.07; Escambia County; Florida","3139","540","1373","355","885","256","488","288","57","46","431","280","1766","470","1480","472","286","154",
"1400000US12033003509","Census Tract 35.09; Escambia County; Florida","1974","250","1131","232","598","163","533","181","224","102","309","194","843","203","659","223","184","123",
"1400000US12033003510","Census Tract 35.10; Escambia County; Florida","1231","259","722","227","572","210","150","93","20","31","130","93","509","191","350","134","159","151",
"1400000US12033003511","Census Tract 35.11; Escambia County; Florida","971","160","560","106","363","93","197","115","52","56","145","96","411","146","272","78","139","127",
"1400000US12033003512","Census Tract 35.12; Escambia County; Florida","1647","292","1053","247","619","144","434","221","135","101","299","204","594","187","443","172","151","86",
"1400000US12033003603","Census Tract 36.03; Escambia County; Florida","4908","528","3106","479","2574","451","532","186","191","118","341","176","1802","493","1253","389","549","352",
"1400000US12033003607","Census Tract 36.07; Escambia County; Florida","987","203","351","75","270","63","81","55","38","43","43","33","636","210","523","192","113","60",
"1400000US12033003608","Census Tract 36.08; Escambia County; Florida","3400","416","2327","374","1783","343","544","234","159","120","385","191","1073","280","918","273","155","87",
"1400000US12033003609","Census Tract 36.09; Escambia County; Florida","1600","146","934","202","645","176","289","135","87","81","202","93","666","122","545","117","121","72",
"1400000US12033003610","Census Tract 36.10; Escambia County; Florida","2517","313","1822","209","1387","214","435","147","27","30","408","144","695","291","604","274","91","70",
"1400000US12033003611","Census Tract 36.11; Escambia County; Florida","2434","312","1822","319","1464","294","358","157","21","26","337","154","612","148","597","146","15","22",
"1400000US12033003612","Census Tract 36.12; Escambia County; Florida","2595","313","1827","336","1499","319","328","150","93","79","235","128","768","193","576","200","192","129",
"1400000US12033003613","Census Tract 36.13; Escambia County; Florida","1565","203","1149","196","947","190","202","92","49","39","153","85","416","134","350","112","66","67",
"1400000US12033003614","Census Tract 36.14; Escambia County; Florida","2059","260","1755","284","1395","255","360","216","38","44","322","207","304","144","293","140","11","18",
"1400000US12033003700","Census Tract 37; Escambia County; Florida","2038","243","1666","255","1192","264","474","162","84","58","390","159","372","149","260","121","112","87",
"1400000US12033003800","Census Tract 38; Escambia County; Florida","1836","249","1369","206","1105","213","264","122","52","40","212","126","467","173","385","156","82","87",
"1400000US12033003900","Census Tract 39; Escambia County; Florida","1866","257","1429","256","1029","186","400","177","106","99","294","168","437","146","346","108","91","97",
"1400000US12033004000","Census Tract 40; Escambia County; Florida","1282","191","771","140","447","102","324","103","49","41","275","100","511","160","425","153","86","51",
"1400000US12033990000","Census Tract 9900; Escambia County; Florida","0","15","0","15","0","15","0","15","0","15","0","15","0","15","0","15","0","15",
"1400000US12035060103","Census Tract 601.03; Flagler County; Florida","1297","135","705","133","590","106","115","61","34","43","81","50","592","153","524","146","68","59",
"1400000US12035060104","Census Tract 601.04; Flagler County; Florida","2185","277","1809","296","1445","311","364","133","124","85","240","120","376","120","328","120","48","47",
"1400000US12035060105","Census Tract 601.05; Flagler County; Florida","2221","233","1788","240","1647","258","141","83","81","64","60","55","433","128","398","128","35","26",
"1400000US12035060106","Census Tract 601.06; Flagler County; Florida","2137","223","1416","173","1410","174","6","11","0","15","6","11","721","202","705","201","16","20",
"1400000US12035060107","Census Tract 601.07; Flagler County; Florida","2160","247","1439","237","1021","180","418","194","224","129","194","141","721","193","553","169","168","94",
"1400000US12035060206","Census Tract 602.06; Flagler County; Florida","2119","230","1353","247","865","225","488","161","132","95","356","143","766","256","562","225","204","152",
"1400000US12035060207","Census Tract 602.07; Flagler County; Florida","3043","379","2194","300","1776","292","418","144","51","55","367","137","849","255","772","246","77","65",
"1400000US12035060208","Census Tract 602.08; Flagler County; Florida","3958","362","2884","388","2100","339","784","227","256","141","528","206","1074","308","786","298","288","149",
"1400000US12035060210","Census Tract 602.10; Flagler County; Florida","1727","146","1147","136","857","139","290","106","82","62","208","96","580","149","435","133","145","95",
"1400000US12035060211","Census Tract 602.11; Flagler County; Florida","3392","389","2390","381","1962","393","428","191","110","112","318","148","1002","304","863","294","139","97",
"1400000US12035060212","Census Tract 602.12; Flagler County; Florida","2189","271","1613","283","1195","285","418","207","84","85","334","187","576","189","474","180","102","79",
"1400000US12035060213","Census Tract 602.13; Flagler County; Florida","3441","358","2302","372","1555","390","747","210","284","121","463","197","1139","271","982","244","157","128",
"1400000US12035060214","Census Tract 602.14; Flagler County; Florida","3657","471","2701","440","2328","411","373","199","45","62","328","181","956","257","903","246","53","48",
"1400000US12035060215","Census Tract 602.15; Flagler County; Florida","1872","192","1554","164","1109","184","445","143","46","52","399","144","318","123","306","125","12","20",
"1400000US12035060216","Census Tract 602.16; Flagler County; Florida","1612","137","1147","131","881","146","266","108","56","37","210","95","465","142","356","120","109","71",
"1400000US12035060217","Census Tract 602.17; Flagler County; Florida","1492","235","1145","246","638","110","507","227","15","18","492","229","347","112","245","95","102","62",
"1400000US12035060218","Census Tract 602.18; Flagler County; Florida","2722","284","1676","243","1378","242","298","127","77","79","221","104","1046","266","720","239","326","181",
"1400000US12035060219","Census Tract 602.19; Flagler County; Florida","2015","342","1213","231","970","254","243","144","53","53","190","127","802","301","656","300","146","105",
"1400000US12035060220","Census Tract 602.20; Flagler County; Florida","1254","162","816","158","493","141","323","125","100","79","223","102","438","163","359","155","79","63",
"1400000US12035060301","Census Tract 603.01; Flagler County; Florida","3273","292","2210","246","2049","248","161","99","80","76","81","67","1063","267","806","217","257","115",
"1400000US12035060302","Census Tract 603.02; Flagler County; Florida","1931","225","1269","188","1070","212","199","94","101","81","98","57","662","192","614","192","48","37",
"1400000US12035060303","Census Tract 603.03; Flagler County; Florida","1545","269","1185","253","1139","247","46","40","0","15","46","40","360","86","305","81","55","35",
"1400000US12035060304","Census Tract 603.04; Flagler County; Florida","1340","229","842","190","761","189","81","67","0","15","81","67","498","147","419","147","79","64",
"1400000US12035990000","Census Tract 9900; Flagler County; Florida","0","15","0","15","0","15","0","15","0","15","0","15","0","15","0","15","0","15",
"1400000US12037970101","Census Tract 9701.01; Franklin County; Florida","197","47","130","40","68","24","62","41","17","13","45","40","67","31","53","29","14","14",
"1400000US12037970102","Census Tract 9701.02; Franklin County; Florida","846","160","611","136","493","139","118","48","31","28","87","51","235","102","187","94","48","41",
"1400000US12037970200","Census Tract 9702; Franklin County; Florida","1453","175","969","177","752","173","217","117","92","67","125","99","484","155","433","151","51","46",
"1400000US12037970302","Census Tract 9703.02; Franklin County; Florida","1176","188","631","175","473","151","158","90","42","50","116","71","545","153","487","144","58","56",
"1400000US12037970304","Census Tract 9703.04; Franklin County; Florida","1277","176","776","147","636","138","140","78","5","9","135","76","501","136","451","135","50","36",
"1400000US12037990000","Census Tract 9900; Franklin County; Florida","0","15","0","15","0","15","0","15","0","15","0","15","0","15","0","15","0","15",
"1400000US12037990100","Census Tract 9901; Franklin County; Florida","0","15","0","15","0","15","0","15","0","15","0","15","0","15","0","15","0","15",
"1400000US12039020101","Census Tract 201.01; Gadsden County; Florida","2102","251","1346","242","1190","240","156","87","24","35","132","81","756","257","602","256","154","108",
"1400000US12039020103","Census Tract 201.03; Gadsden County; Florida","1059","169","474","108","418","104","56","49","40","44","16","22","585","177","533","175","52","55",
"1400000US12039020104","Census Tract 201.04; Gadsden County; Florida","1547","201","910","180","564","142","346","120","84","79","262","94","637","151","575","149","62","54",
"1400000US12039020300","Census Tract 203; Gadsden County; Florida","2102","265","1177","198","551","175","626","168","118","88","508","162","925","221","905","226","20","32",
"1400000US12039020400","Census Tract 204; Gadsden County; Florida","1296","197","828","186","612","178","216","105","19","21","197","102","468","123","428","113","40","42",
"1400000US12039020500","Census Tract 205; Gadsden County; Florida","1989","254","1395","272","668","166","727","245","181","131","546","188","594","242","539","233","55","82",
"1400000US12039020600","Census Tract 206; Gadsden County; Florida","1809","238","1361","195","785","176","576","136","103","89","473","112","448","181","427","180","21","22",
"1400000US12039020701","Census Tract 207.01; Gadsden County; Florida","1048","171","604","115","168","72","436","109","69","55","367","109","444","152","344","133","100","69",
"1400000US12039020702","Census Tract 207.02; Gadsden County; Florida","1971","256","1494","247","519","176","975","249","22","37","953","250","477","211","421","176","56","71",
"1400000US12039020800","Census Tract 208; Gadsden County; Florida","1949","234","1145","187","712","162","433","122","34","28","399","121","804","192","596","163","208","132",
"1400000US12041950100","Census Tract 9501; Gilchrist County; Florida","2536","249","1765","262","1441","268","324","143","80","72","244","123","771","222","713","210","58","68",
"1400000US12041950201","Census Tract 9502.01; Gilchrist County; Florida","1045","161","711","120","633","116","78","41","26","30","52","40","334","130","275","124","59","36",
"1400000US12041950202","Census Tract 9502.02; Gilchrist County; Florida","948","157","723","154","598","152","125","71","0","15","125","71","225","98","187","94","38","37",
"1400000US12041950203","Census Tract 9502.03; Gilchrist County; Florida","1344","150","974","218","711","197","263","126","128","108","135","82","370","158","272","110","98","96",
"1400000US12041950204","Census Tract 9502.04; Gilchrist County; Florida","1278","149","946","137","603","119","343","93","114","55","229","94","332","78","185","56","147","64",
"1400000US12043000100","Census Tract 1; Glades County; Florida","950","193","610","168","593","172","17","20","2","5","15","20","340","118","237","99","103","75",
"1400000US12043000201","Census Tract 2.01; Glades County; Florida","975","201","733","172","520","143","213","130","31","32","182","133","242","128","219","126","23","24",
"1400000US12043000202","Census Tract 2.02; Glades County; Florida","1692","266","1176","206","742","204","434","172","248","133","186","101","516","226","442","216","74","74",
"1400000US12043000300","Census Tract 3; Glades County; Florida","883","190","588","188","350","93","238","194","134","149","104","70","295","75","251","68","44","30",
"1400000US12043990000","Census Tract 9900; Glades County; Florida","0","15","0","15","0","15","0","15","0","15","0","15","0","15","0","15","0","15",
"1400000US12045960101","Census Tract 9601.01; Gulf County; Florida","1449","233","1099","230","744","210","355","120","128","90","227","85","350","107","301","91","49","46",
"1400000US12045960102","Census Tract 9601.02; Gulf County; Florida","855","161","505","110","439","114","66","45","20","25","46","39","350","145","305","148","45","29",
"1400000US12045960200","Census Tract 9602; Gulf County; Florida","1479","198","968","183","771","174","197","95","76","71","121","69","511","166","371","128","140","100",
"1400000US12045960301","Census Tract 9603.01; Gulf County; Florida","502","102","371","105","286","81","85","76","48","59","37","48","131","64","111","60","20","24",
"1400000US12045960302","Census Tract 9603.02; Gulf County; Florida","1659","181","1074","175","873","152","201","96","11","19","190","95","585","166","533","160","52","56",
"1400000US12045990000","Census Tract 9900; Gulf County; Florida","0","15","0","15","0","15","0","15","0","15","0","15","0","15","0","15","0","15",
"1400000US12047960101","Census Tract 9601.01; Hamilton County; Florida","151","91","133","90","107","89","26","29","9","13","17","26","18","21","13","19","5","8",
"1400000US12047960102","Census Tract 9601.02; Hamilton County; Florida","945","201","666","207","438","165","228","132","79","64","149","125","279","91","215","86","64","51",
"1400000US12047960103","Census Tract 9601.03; Hamilton County; Florida","422","85","287","85","150","79","137","61","45","29","92","45","135","64","119","65","16","17",
"1400000US12047960201","Census Tract 9602.01; Hamilton County; Florida","754","185","399","157","322","145","77","45","40","35","37","38","355","177","253","117","102","94",
"1400000US12047960202","Census Tract 9602.02; Hamilton County; Florida","1171","184","878","174","631","143","247","130","16","24","231","130","293","139","256","133","37","50",
"1400000US12047960300","Census Tract 9603; Hamilton County; Florida","838","154","575","138","363","100","212","105","6","9","206","103","263","94","258","94","5","8",
"1400000US12049970101","Census Tract 9701.01; Hardee County; Florida","1168","144","964","150","775","139","189","109","96","59","93","78","204","95","194","94","10","12",
"1400000US12049970102","Census Tract 9701.02; Hardee County; Florida","1250","177","1008","179","716","179","292","127","112","97","180","93","242","95","153","81","89","73",
"1400000US12049970201","Census Tract 9702.01; Hardee County; Florida","1004","183","723","141","620","135","103","49","45","34","58","33","281","133","235","121","46","44",
"1400000US12049970202","Census Tract 9702.02; Hardee County; Florida","416","130","366","115","228","69","138","107","0","15","138","107","50","37","41","31","9","15",
"1400000US12049970301","Census Tract 9703.01; Hardee County; Florida","1800","283","1397","305","1007","299","390","141","137","59","253","143","403","142","399","140","4","11",
"1400000US12049970302","Census Tract 9703.02; Hardee County; Florida","427","84","265","74","232","80","33","34","20","26","13","18","162","95","130","90","32","32",
"1400000US12049970401","Census Tract 9704.01; Hardee County; Florida","1265","220","860","198","295","167","565","176","297","159","268","164","405","153","305","132","100","53",
"1400000US12049970402","Census Tract 9704.02; Hardee County; Florida","889","136","553","118","374","106","179","114","29","30","150","105","336","127","277","110","59","69",
"1400000US12051000101","Census Tract 1.01; Hendry County; Florida","1394","279","1088","243","597","218","491","208","43","61","448","192","306","169","273","167","33","40",
"1400000US12051000102","Census Tract 1.02; Hendry County; Florida","1340","317","921","237","578","177","343","178","47","52","296","170","419","222","419","222","0","15",
"1400000US12051000200","Census Tract 2; Hendry County; Florida","1985","296","1446","282","623","187","823","302","298","237","525","204","539","233","436","215","103","83",
"1400000US12051000300","Census Tract 3; Hendry County; Florida","3176","450","2587","373","1666","340","921","330","224","184","697","292","589","260","294","166","295","233",
"1400000US12051000401","Census Tract 4.01; Hendry County; Florida","1405","301","1028","251","754","213","274","193","181","192","93","80","377","191","307","171","70","80",
"1400000US12051000403","Census Tract 4.03; Hendry County; Florida","1596","348","984","209","557","167","427","194","251","198","176","108","612","303","475","272","137","121",
"1400000US12051000404","Census Tract 4.04; Hendry County; Florida","1594","261","1286","273","1167","269","119","92","51","66","68","58","308","184","308","184","0","15",
"1400000US12051000601","Census Tract 6.01; Hendry County; Florida","205","72","135","60","107","57","28","25","8","12","20","20","70","39","51","33","19","15",
"1400000US12051000602","Census Tract 6.02; Hendry County; Florida","1435","303","1041","233","728","249","313","135","147","86","166","121","394","235","298","219","96","83",
"1400000US12051990000","Census Tract 9900; Hendry County; Florida","0","15","0","15","0","15","0","15","0","15","0","15","0","15","0","15","0","15",
"1400000US12053040101","Census Tract 401.01; Hernando County; Florida","2474","346","1541","272","1127","286","414","185","39","47","375","181","933","277","714","213","219","205",
"1400000US12053040102","Census Tract 401.02; Hernando County; Florida","891","125","550","112","349","80","201","81","99","70","102","50","341","114","270","79","71","61",
"1400000US12053040201","Census Tract 402.01; Hernando County; Florida","1140","242","766","234","607","220","159","99","34","48","125","95","374","167","227","137","147","103",
"1400000US12053040202","Census Tract 402.02; Hernando County; Florida","2468","285","1789","272","1324","222","465","225","29","40","436","203","679","170","514","186","165","115",
"1400000US12053040301","Census Tract 403.01; Hernando County; Florida","704","104","543","96","423","92","120","66","28","21","92","61","161","72","85","36","76","60",
"1400000US12053040302","Census Tract 403.02; Hernando County; Florida","1918","290","1351","230","1137","251","214","99","126","96","88","50","567","189","447","158","120","93",
"1400000US12053040303","Census Tract 403.03; Hernando County; Florida","1306","128","911","119","766","120","145","94","38","59","107","70","395","117","279","90","116","70",
"1400000US12053040400","Census Tract 404; Hernando County; Florida","1944","287","705","264","420","231","285","159","70","55","215","147","1239","287","1050","274","189","160",
"1400000US12053040501","Census Tract 405.01; Hernando County; Florida","2014","383","1119","316","573","156","546","278","64","58","482","270","895","212","728","194","167","135",
"1400000US12053040502","Census Tract 405.02; Hernando County; Florida","1235","151","756","123","416","150","340","99","127","89","213","93","479","136","339","130","140","98",
"1400000US12053040601","Census Tract 406.01; Hernando County; Florida","1097","126","738","114","496","122","242","98","124","81","118","60","359","106","280","115","79","68",
"1400000US12053040602","Census Tract 406.02; Hernando County; Florida","1238","184","889","192","726","203","163","98","42","46","121","85","349","145","290","131","59","56",
"1400000US12053040701","Census Tract 407.01; Hernando County; Florida","3010","259","2389","303","1911","303","478","161","192","123","286","139","621","185","464","168","157","124",
"1400000US12053040702","Census Tract 407.02; Hernando County; Florida","2172","218","1529","251","1050","230","479","180","272","140","207","131","643","203","427","144","216","133",
"1400000US12053040801","Census Tract 408.01; Hernando County; Florida","2073","291","909","171","713","159","196","105","35","41","161","106","1164","353","1041","347","123","89",
"1400000US12053040802","Census Tract 408.02; Hernando County; Florida","2485","308","1459","268","1242","295","217","113","37","48","180","100","1026","232","751","228","275","113",
"1400000US12053040901","Census Tract 409.01; Hernando County; Florida","2289","242","1717","236","1262","264","455","196","69","78","386","182","572","206","514","212","58","58",
"1400000US12053040906","Census Tract 409.06; Hernando County; Florida","3149","253","2330","308","1501","237","829","268","419","201","410","148","819","246","667","238","152","110",
"1400000US12053040907","Census Tract 409.07; Hernando County; Florida","1162","142","868","132","652","128","216","98","31","34","185","93","294","119","258","116","36","34",
"1400000US12053040908","Census Tract 409.08; Hernando County; Florida","3360","398","2673","447","2199","446","474","194","31","38","443","208","687","214","538","194","149","113",
"1400000US12053040909","Census Tract 409.09; Hernando County; Florida","2065","262","1339","222","1107","203","232","153","101","102","131","95","726","242","596","238","130","97",
"1400000US12053040910","Census Tract 409.10; Hernando County; Florida","1713","238","1345","247","1035","269","310","89","65","54","245","79","368","132","277","112","91","68",
"1400000US12053040911","Census Tract 409.11; Hernando County; Florida","2012","202","1414","207","978","161","436","175","191","146","245","105","598","202","400","157","198","135",
"1400000US12053040912","Census Tract 409.12; Hernando County; Florida","1203","152","1011","160","829","161","182","123","36","54","146","111","192","78","171","78","21","23",
"1400000US12053040913","Census Tract 409.13; Hernando County; Florida","1741","183","977","161","868","164","109","48","45","39","64","43","764","157","677","149","87","58",
"1400000US12053041003","Census Tract 410.03; Hernando County; Florida","1129","146","789","144","607","159","182","98","58","55","124","88","340","134","296","136","44","46",
"1400000US12053041004","Census Tract 410.04; Hernando County; Florida","2770","225","1778","256","1385","259","393","158","240","143","153","96","992","181","703","162","289","167",
"1400000US12053041005","Census Tract 410.05; Hernando County; Florida","947","93","755","103","513","103","242","88","82","52","160","75","192","65","151","64","41","32",
"1400000US12053041006","Census Tract 410.06; Hernando County; Florida","2762","300","1830","304","1226","314","604","214","159","109","445","191","932","260","859","261","73","52",
"1400000US12053041103","Census Tract 411.03; Hernando County; Florida","1856","192","1196","157","786","146","410","141","109","83","301","120","660","191","397","168","263","150",
"1400000US12053041104","Census Tract 411.04; Hernando County; Florida","1175","156","985","160","615","124","370","166","92","73","278","143","190","72","88","51","102","53",
"1400000US12053041105","Census Tract 411.05; Hernando County; Florida","2123","298","1230","211","798","200","432","108","102","73","330","102","893","291","776","267","117","73",
"1400000US12053041106","Census Tract 411.06; Hernando County; Florida","1655","173","1277","153","839","160","438","124","167","79","271","88","378","149","360","146","18","23",
"1400000US12053041201","Census Tract 412.01; Hernando County; Florida","1863","286","1365","325","1106","336","259","87","22","35","237","94","498","153","399","124","99","75",
"1400000US12053041203","Census Tract 412.03; Hernando County; Florida","1763","165","1243","190","731","172","512","151","125","101","387","117","520","172","416","156","104","89",
"1400000US12053041204","Census Tract 412.04; Hernando County; Florida","1518","131","829","137","547","142","282","117","41","39","241","107","689","132","563","121","126","100",
"1400000US12053041302","Census Tract 413.02; Hernando County; Florida","1395","156","1018","160","480","157","538","176","83","64","455","187","377","111","283","92","94","67",
"1400000US12053041303","Census Tract 413.03; Hernando County; Florida","1361","159","810","156","767","161","43","34","14","22","29","26","551","119","493","115","58","36",
"1400000US12053041304","Census Tract 413.04; Hernando County; Florida","1104","225","540","113","453","121","87","60","32","47","55","42","564","225","536","222","28","27",
"1400000US12053041305","Census Tract 413.05; Hernando County; Florida","908","118","414","112","373","116","41","25","0","15","41","25","494","86","449","86","45","19",
"1400000US12053041401","Census Tract 414.01; Hernando County; Florida","2447","268","1439","270","719","226","720","226","320","164","400","170","1008","234","699","252","309","158",
"1400000US12053041402","Census Tract 414.02; Hernando County; Florida","2791","412","1824","383","1214","257","610","314","23","37","587","310","967","272","717","241","250","134",
"1400000US12053041501","Census Tract 415.01; Hernando County; Florida","1627","171","1106","149","896","137","210","111","102","62","108","104","521","132","450","125","71","45",
"1400000US12053041502","Census Tract 415.02; Hernando County; Florida","1762","189","1324","207","928","187","396","137","112","68","284","126","438","125","376","125","62","48",
"1400000US12053041601","Census Tract 416.01; Hernando County; Florida","1751","232","1177","239","1091","241","86","66","0","15","86","66","574","160","506","164","68","42",
"1400000US12053041602","Census Tract 416.02; Hernando County; Florida","905","236","658","207","444","180","214","112","37","46","177","92","247","84","159","62","88","71",
"1400000US12053990000","Census Tract 9900; Hernando County; Florida","0","15","0","15","0","15","0","15","0","15","0","15","0","15","0","15","0","15",
"1400000US12055960101","Census Tract 9601.01; Highlands County; Florida","1364","174","932","178","858","156","74","80","54","78","20","20","432","111","392","105","40","42",
"1400000US12055960102","Census Tract 9601.02; Highlands County; Florida","630","132","352","79","207","50","145","67","47","56","98","40","278","114","260","112","18","19",
"1400000US12055960104","Census Tract 9601.04; Highlands County; Florida","1423","305","987","331","879","320","108","56","31","32","77","51","436","119","303","102","133","99",
"1400000US12055960105","Census Tract 9601.05; Highlands County; Florida","995","233","393","102","256","91","137","66","25","30","112","57","602","235","596","234","6","9",
"1400000US12055960200","Census Tract 9602; Highlands County; Florida","1939","251","1143","280","818","251","325","151","162","125","163","71","796","216","605","179","191","129",
"1400000US12055960300","Census Tract 9603; Highlands County; Florida","2071","309","1255","226","534","207","721","244","150","129","571","216","816","269","736","263","80","89",
"1400000US12055960401","Census Tract 9604.01; Highlands County; Florida","1598","207","1100","219","856","246","244","105","39","47","205","98","498","125","370","105","128","80",
"1400000US12055960402","Census Tract 9604.02; Highlands County; Florida","1443","288","1246","292","1130","286","116","86","0","15","116","86","197","98","186","93","11","18",
"1400000US12055960501","Census Tract 9605.01; Highlands County; Florida","786","109","472","114","357","88","115","83","16","17","99","81","314","95","284","91","30","36",
"1400000US12055960503","Census Tract 9605.03; Highlands County; Florida","2312","322","1781","341","1477","302","304","213","24","28","280","211","531","181","468","170","63","79",
"1400000US12055960504","Census Tract 9605.04; Highlands County; Florida","1494","167","877","164","793","159","84","71","32","56","52","46","617","144","516","133","101","78",
"1400000US12055960601","Census Tract 9606.01; Highlands County; Florida","1217","127","894","107","560","115","334","120","75","91","259","108","323","115","276","103","47","46",
"1400000US12055960602","Census Tract 9606.02; Highlands County; Florida","2840","284","1556","236","1342","215","214","136","88","82","126","94","1284","272","1178","280","106","63",
"1400000US12055960700","Census Tract 9607; Highlands County; Florida","1757","232","1147","201","881","207","266","102","96","72","170","119","610","171","413","138","197","102",
"1400000US12055960800","Census Tract 9608; Highlands County; Florida","1045","161","589","136","366","100","223","112","53","56","170","92","456","93","370","86","86","44",
"1400000US12055960900","Census Tract 9609; Highlands County; Florida","1138","184","722","170","460","167","262","99","5","8","257","99","416","155","363","139","53","54",
"1400000US12055961000","Census Tract 9610; Highlands County; Florida","1992","271","1452","250","1323","248","129","77","58","50","71","62","540","160","354","128","186","111",
"1400000US12055961100","Census Tract 9611; Highlands County; Florida","1888","221","973","224","329","138","644","185","144","110","500","170","915","219","862","223","53","38",
"1400000US12055961201","Census Tract 9612.01; Highlands County; Florida","1008","171","576","108","325","103","251","129","56","60","195","111","432","160","327","139","105","84",
"1400000US12055961202","Census Tract 9612.02; Highlands County; Florida","1258","280","694","283","464","204","230","208","34","37","196","216","564","138","413","124","151","82",
"1400000US12055961301","Census Tract 9613.01; Highlands County; Florida","2901","261","1873","228","1513","266","360","176","111","84","249","155","1028","253","835","224","193","130",
"1400000US12055961303","Census Tract 9613.03; Highlands County; Florida","965","133","429","168","360","169","69","51","44","44","25","26","536","153","496","152","40","38",
"1400000US12055961304","Census Tract 9613.04; Highlands County; Florida","1538","243","953","192","890","185","63","52","10","16","53","49","585","197","512","198","73","44",
"1400000US12055961401","Census Tract 9614.01; Highlands County; Florida","1319","182","885","140","691","144","194","95","67","64","127","91","434","156","344","137","90","58",
"1400000US12055961402","Census Tract 9614.02; Highlands County; Florida","1365","397","661","132","578","141","83","55","51","51","32","24","704","406","614","404","90","52",
"1400000US12055961500","Census Tract 9615; Highlands County; Florida","2250","275","1345","285","1091","254","254","145","91","85","163","112","905","219","815","222","90","81",
"1400000US12055961601","Census Tract 9616.01; Highlands County; Florida","536","79","321","84","253","73","68","51","0","15","68","51","215","60","185","58","30","25",
"1400000US12055961602","Census Tract 9616.02; Highlands County; Florida","486","96","361","76","348","80","13","18","13","18","0","15","125","66","125","66","0","15",
"1400000US12055961604","Census Tract 9616.04; Highlands County; Florida","912","132","646","125","437","130","209","100","73","74","136","76","266","119","254","115","12","18",
"1400000US12055961605","Census Tract 9616.05; Highlands County; Florida","1780","224","1236","193","983","200","253","102","79","65","174","84","544","180","463","170","81","59",
"1400000US12055961701","Census Tract 9617.01; Highlands County; Florida","1906","308","790","226","692","211","98","67","98","67","0","15","1116","332","1056","329","60","70",
"1400000US12055961702","Census Tract 9617.02; Highlands County; Florida","715","90","470","80","356","88","114","57","47","42","67","45","245","77","204","74","41","48",
"1400000US12055980000","Census Tract 9800; Highlands County; Florida","8","10","2","4","2","4","0","15","0","15","0","15","6","9","0","15","6","9",
"1400000US12055980100","Census Tract 9801; Highlands County; Florida","0","15","0","15","0","15","0","15","0","15","0","15","0","15","0","15","0","15",
"1400000US12055980200","Census Tract 9802; Highlands County; Florida","0","15","0","15","0","15","0","15","0","15","0","15","0","15","0","15","0","15",
"1400000US12057000101","Census Tract 1.01; Hillsborough County; Florida","1738","189","752","192","340","163","412","136","82","75","330","116","986","219","633","227","353","127",
"1400000US12057000102","Census Tract 1.02; Hillsborough County; Florida","2498","407","1061","303","617","286","444","203","185","125","259","159","1437","448","1009","267","428","400",
"1400000US12057000201","Census Tract 2.01; Hillsborough County; Florida","1381","182","505","169","196","98","309","152","113","68","196","160","876","124","771","137","105","75",
"1400000US12057000202","Census Tract 2.02; Hillsborough County; Florida","1906","278","1182","316","400","142","782","307","113","93","669","301","724","191","610","166","114","86",
"1400000US12057000301","Census Tract 3.01; Hillsborough County; Florida","1624","257","795","198","303","142","492","174","85","81","407","167","829","280","655","232","174","185",
"1400000US12057000302","Census Tract 3.02; Hillsborough County; Florida","1185","492","522","109","210","82","312","98","151","93","161","86","663","484","587","484","76","49",
"1400000US12057000401","Census Tract 4.01; Hillsborough County; Florida","975","167","613","136","350","113","263","115","98","69","165","107","362","140","316","135","46","28",
"1400000US12057000402","Census Tract 4.02; Hillsborough County; Florida","1109","130","759","139","284","97","475","135","222","114","253","121","350","101","240","98","110","70",
"1400000US12057000500","Census Tract 5; Hillsborough County; Florida","1625","186","1176","188","841","189","335","111","55","51","280","98","449","134","307","106","142","95",
"1400000US12057000601","Census Tract 6.01; Hillsborough County; Florida","1926","210","1187","231","622","126","565","205","290","190","275","110","739","161","414","147","325","149",
"1400000US12057000602","Census Tract 6.02; Hillsborough County; Florida","1011","126","684","103","390","119","294","88","152","80","142","63","327","125","216","69","111","98",
"1400000US12057000701","Census Tract 7.01; Hillsborough County; Florida","1209","133","796","176","166","86","630","162","93","60","537","156","413","120","283","107","130","63",
"1400000US12057000702","Census Tract 7.02; Hillsborough County; Florida","1032","142","658","150","293","116","365","110","90","116","275","100","374","134","291","126","83","53",
"1400000US12057000800","Census Tract 8; Hillsborough County; Florida","1327","150","890","195","515","137","375","147","60","50","315","132","437","134","312","103","125","82",
"1400000US12057000901","Census Tract 9.01; Hillsborough County; Florida","1110","126","508","121","213","90","295","94","77","52","218","88","602","119","418","119","184","102",
"1400000US12057000902","Census Tract 9.02; Hillsborough County; Florida","2311","364","827","250","209","113","618","238","167","145","451","208","1484","354","1398","369","86","80",
"1400000US12057001001","Census Tract 10.01; Hillsborough County; Florida","1256","212","813","232","351","129","462","208","61","54","401","197","443","127","371","110","72","75",
"1400000US12057001002","Census Tract 10.02; Hillsborough County; Florida","2049","320","1535","308","488","125","1047","309","430","282","617","166","514","143","419","148","95","51",
"1400000US12057001100","Census Tract 11; Hillsborough County; Florida","904","122","469","101","278","87","191","103","35","29","156","97","435","104","279","98","156","71",
"1400000US12057001200","Census Tract 12; Hillsborough County; Florida","1423","427","636","167","347","148","289","105","24","26","265","102","787","389","618","402","169","87",
"1400000US12057001300","Census Tract 13; Hillsborough County; Florida","2159","288","1175","364","905","309","270","167","102","100","168","130","984","208","690","217","294","159",
"1400000US12057001400","Census Tract 14; Hillsborough County; Florida","1847","232","1231","185","739","184","492","158","147","90","345","147","616","228","455","201","161","83",
"1400000US12057001500","Census Tract 15; Hillsborough County; Florida","1243","201","641","139","449","91","192","131","15","35","177","127","602","184","474","172","128","60",
"1400000US12057001600","Census Tract 16; Hillsborough County; Florida","1016","102","555","92","433","81","122","72","54","48","68","58","461","121","298","101","163","81",
"1400000US12057001700","Census Tract 17; Hillsborough County; Florida","1932","190","1117","214","683","136","434","191","125","78","309","170","815","181","526","151","289","116",
"1400000US12057001800","Census Tract 18; Hillsborough County; Florida","1821","206","1243","222","408","164","835","191","168","122","667","164","578","160","476","174","102","66",
"1400000US12057001900","Census Tract 19; Hillsborough County; Florida","1027","106","660","138","214","96","446","133","206","94","240","92","367","111","235","97","132","103",
"1400000US12057002000","Census Tract 20; Hillsborough County; Florida","981","81","495","99","248","69","247","95","90","64","157","74","486","101","378","91","108","60",
"1400000US12057002100","Census Tract 21; Hillsborough County; Florida","1266","279","592","158","493","151","99","65","34","44","65","49","674","271","491","265","183","112",
"1400000US12057002200","Census Tract 22; Hillsborough County; Florida","787","92","432","80","278","66","154","54","45","34","109","42","355","88","286","81","69","34",
"1400000US12057002300","Census Tract 23; Hillsborough County; Florida","1543","131","774","157","565","155","209","88","61","47","148","78","769","111","523","131","246","103",
"1400000US12057002400","Census Tract 24; Hillsborough County; Florida","1781","167","1166","211","695","182","471","223","139","89","332","178","615","125","442","117","173","89",
"1400000US12057002500","Census Tract 25; Hillsborough County; Florida","2884","423","1482","401","566","201","916","357","400","196","516","355","1402","286","1194","299","208","164",
"1400000US12057002600","Census Tract 26; Hillsborough County; Florida","583","105","235","50","92","43","143","48","51","39","92","52","348","101","250","92","98","66",
"1400000US12057002701","Census Tract 27.01; Hillsborough County; Florida","1531","178","803","190","538","157","265","161","188","146","77","66","728","175","578","157","150","121",
"1400000US12057002702","Census Tract 27.02; Hillsborough County; Florida","1149","182","756","215","602","212","154","86","99","78","55","45","393","111","366","116","27","40",
"1400000US12057002800","Census Tract 28; Hillsborough County; Florida","1432","224","777","131","602","123","175","97","74","68","101","61","655","221","415","203","240","113",
"1400000US12057002900","Census Tract 29; Hillsborough County; Florida","864","109","406","102","207","69","199","104","76","69","123","81","458","100","281","75","177","72",
"1400000US12057003000","Census Tract 30; Hillsborough County; Florida","1022","129","608","146","238","109","370","121","99","76","271","119","414","132","263","125","151","94",
"1400000US12057003100","Census Tract 31; Hillsborough County; Florida","1248","351","456","137","151","64","305","131","75","62","230","124","792","360","694","363","98","74",
"1400000US12057003200","Census Tract 32; Hillsborough County; Florida","876","203","328","105","151","72","177","97","88","75","89","71","548","205","419","194","129","74",
"1400000US12057003300","Census Tract 33; Hillsborough County; Florida","998","152","484","156","184","116","300","98","42","32","258","94","514","134","425","122","89","65",
"1400000US12057003400","Census Tract 34; Hillsborough County; Florida","1138","125","715","180","201","113","514","154","52","63","462","163","423","132","353","141","70","50",
"1400000US12057003500","Census Tract 35; Hillsborough County; Florida","976","107","464","111","147","62","317","98","95","62","222","84","512","123","434","113","78","48",
"1400000US12057003600","Census Tract 36; Hillsborough County; Florida","1689","314","826","142","411","146","415","114","22","37","393","111","863","333","768","339","95","67",
"1400000US12057003700","Census Tract 37; Hillsborough County; Florida","335","61","193","51","76","41","117","48","41","28","76","42","142","55","56","41","86","51",
"1400000US12057003800","Census Tract 38; Hillsborough County; Florida","494","146","200","68","92","58","108","43","44","34","64","43","294","151","206","139","88","52",
"1400000US12057004100","Census Tract 41; Hillsborough County; Florida","900","54","359","68","138","62","221","73","2","7","219","72","541","65","488","68","53","40",
"1400000US12057004200","Census Tract 42; Hillsborough County; Florida","563","105","314","87","200","63","114","70","17","23","97","67","249","64","152","55","97","39",
"1400000US12057004300","Census Tract 43; Hillsborough County; Florida","799","161","286","94","57","58","229","76","9","11","220","77","513","147","435","134","78","49",
"1400000US12057004400","Census Tract 44; Hillsborough County; Florida","850","173","323","130","180","121","143","55","50","39","93","46","527","123","405","125","122","81",
"1400000US12057004500","Census Tract 45; Hillsborough County; Florida","1550","196","896","165","706","155","190","96","90","68","100","73","654","160","538","159","116","51",
"1400000US12057004601","Census Tract 46.01; Hillsborough County; Florida","2559","212","591","269","340","200","251","206","93","143","158","154","1968","293","1277","312","691","294",
"1400000US12057004602","Census Tract 46.02; Hillsborough County; Florida","1051","225","496","216","298","94","198","207","130","187","68","93","555","112","373","117","182","65",
"1400000US12057004700","Census Tract 47; Hillsborough County; Florida","1139","175","486","129","324","81","162","108","83","82","79","69","653","144","499","134","154","74",
"1400000US12057004800","Census Tract 48; Hillsborough County; Florida","1650","206","994","184","789","173","205","92","41","36","164","85","656","234","528","214","128","71",
"1400000US12057004901","Census Tract 49.01; Hillsborough County; Florida","1058","102","385","107","282","102","103","53","18","25","85","59","673","125","523","144","150","89",
"1400000US12057004902","Census Tract 49.02; Hillsborough County; Florida","1998","305","395","141","290","111","105","93","0","15","105","93","1603","318","969","177","634","322",
"1400000US12057005000","Census Tract 50; Hillsborough County; Florida","1913","288","537","207","297","198","240","145","35","42","205","143","1376","205","1071","226","305","118",
"1400000US12057005101","Census Tract 51.01; Hillsborough County; Florida","2905","313","550","179","424","168","126","100","72","82","54","46","2355","351","1943","338","412","129",
"1400000US12057005102","Census Tract 51.02; Hillsborough County; Florida","2799","204","910","189","677","202","233","127","59","66","174","116","1889","249","1391","280","498","208",
"1400000US12057005301","Census Tract 53.01; Hillsborough County; Florida","2980","202","661","210","616","202","45","41","30","35","15","28","2319","246","1541","231","778","268",
"1400000US12057005302","Census Tract 53.02; Hillsborough County; Florida","723","99","336","99","254","89","82","51","58","46","24","21","387","92","274","81","113","78",
"1400000US12057005401","Census Tract 54.01; Hillsborough County; Florida","2270","288","1508","230","1253","183","255","157","0","21","255","157","762","217","722","216","40","48",
"1400000US12057005500","Census Tract 55; Hillsborough County; Florida","1454","193","589","145","466","130","123","54","33","29","90","55","865","194","680","195","185","78",
"1400000US12057005700","Census Tract 57; Hillsborough County; Florida","2405","282","1258","295","805","207","453","239","233","205","220","127","1147","256","786","224","361","187",
"1400000US12057005800","Census Tract 58; Hillsborough County; Florida","2234","235","1446","208","1036","208","410","186","103","115","307","141","788","232","616","217","172","129",
"1400000US12057005900","Census Tract 59; Hillsborough County; Florida","2627","244","1716","239","1629","227","87","86","31","34","56","83","911","220","723","229","188","129",
"1400000US12057006000","Census Tract 60; Hillsborough County; Florida","2301","281","1553","227","1420","198","133","121","96","112","37","44","748","210","552","194","196","113",
"1400000US12057006101","Census Tract 61.01; Hillsborough County; Florida","1783","277","961","218","805","214","156","83","66","48","90","73","822","206","747","205","75","45",
"1400000US12057006103","Census Tract 61.03; Hillsborough County; Florida","2308","214","955","264","657","203","298","162","116","87","182","131","1353","246","1155","257","198","96",
"1400000US12057006200","Census Tract 62; Hillsborough County; Florida","1626","212","1199","193","1075","196","124","51","25","29","99","49","427","112","332","112","95","57",
"1400000US12057006300","Census Tract 63; Hillsborough County; Florida","1715","173","1349","184","1184","157","165","108","35","32","130","104","366","134","320","127","46","46",
"1400000US12057006400","Census Tract 64; Hillsborough County; Florida","1522","179","1279","178","1169","170","110","78","16","19","94","79","243","78","183","75","60","46",
"1400000US12057006501","Census Tract 65.01; Hillsborough County; Florida","1974","313","810","145","687","149","123","70","66","64","57","37","1164","302","1048","309","116","71",
"1400000US12057006503","Census Tract 65.03; Hillsborough County; Florida","970","199","240","87","185","76","55","65","0","15","55","65","730","207","605","185","125","106",
"1400000US12057006504","Census Tract 65.04; Hillsborough County; Florida","541","86","163","71","157","71","6","9","0","15","6","9","378","82","355","81","23","24",
"1400000US12057006600","Census Tract 66; Hillsborough County; Florida","2322","308","841","226","635","212","206","78","69","55","137","63","1481","333","1207","284","274","171",
"1400000US12057006700","Census Tract 67; Hillsborough County; Florida","2339","300","1519","233","1346","229","173","115","121","94","52","62","820","220","539","206","281","154",
"1400000US12057006801","Census Tract 68.01; Hillsborough County; Florida","2499","364","1261","297","1112","288","149","96","40","47","109","91","1238","387","1002","382","236","145",
"1400000US12057006802","Census Tract 68.02; Hillsborough County; Florida","1667","177","813","139","640","132","173","91","43","40","130","90","854","192","607","174","247","106",
"1400000US12057006900","Census Tract 69; Hillsborough County; Florida","2512","278","1498","251","1022","223","476","165","229","147","247","107","1014","254","733","239","281","163",
"1400000US12057007001","Census Tract 70.01; Hillsborough County; Florida","2030","248","890","238","412","138","478","227","113","73","365","217","1140","204","949","192","191","106",
"1400000US12057007002","Census Tract 70.02; Hillsborough County; Florida","1409","188","893","197","527","200","366","115","21","25","345","116","516","128","464","126","52","45",
"1400000US12057007102","Census Tract 71.02; Hillsborough County; Florida","2751","294","1094","298","829","223","265","237","116","132","149","196","1657","287","1099","258","558","195",
"1400000US12057007103","Census Tract 71.03; Hillsborough County; Florida","1622","153","886","151","623","147","263","135","116","65","147","100","736","190","453","143","283","154",
"1400000US12057007200","Census Tract 72; Hillsborough County; Florida","2389","190","1206","238","885","209","321","153","133","90","188","124","1183","206","823","218","360","130",
"1400000US12057007300","Census Tract 73; Hillsborough County; Florida","497","97","485","94","417","86","68","70","0","15","68","70","12","18","0","15","12","18",
"1400000US12057010105","Census Tract 101.05; Hillsborough County; Florida","1767","219","1345","213","1234","227","111","79","51","45","60","64","422","132","320","109","102","82",
"1400000US12057010106","Census Tract 101.06; Hillsborough County; Florida","1458","163","1118","123","785","114","333","127","95","72","238","104","340","123","225","98","115","81",
"1400000US12057010107","Census Tract 101.07; Hillsborough County; Florida","1915","250","1133","220","707","144","426","192","180","160","246","117","782","163","677","148","105","71",
"1400000US12057010108","Census Tract 101.08; Hillsborough County; Florida","807","101","591","95","547","97","44","29","6","10","38","26","216","69","209","69","7","11",
"1400000US12057010203","Census Tract 102.03; Hillsborough County; Florida","984","95","624","104","304","76","320","92","115","63","205","84","360","90","348","91","12","13",
"1400000US12057010204","Census Tract 102.04; Hillsborough County; Florida","1919","293","1262","276","898","266","364","194","121","139","243","167","657","238","549","224","108","121",
"1400000US12057010210","Census Tract 102.10; Hillsborough County; Florida","1734","171","1222","220","967","170","255","136","73","89","182","104","512","163","381","160","131","76",
"1400000US12057010211","Census Tract 102.11; Hillsborough County; Florida","2068","297","1515","178","1286","136","229","114","48","50","181","94","553","248","402","118","151","244",
"1400000US12057010212","Census Tract 102.12; Hillsborough County; Florida","1898","204","1537","202","1250","202","287","150","125","138","162","82","361","86","301","83","60","41",
"1400000US12057010213","Census Tract 102.13; Hillsborough County; Florida","838","95","668","113","517","126","151","73","56","39","95","54","170","70","96","47","74","46",
"1400000US12057010215","Census Tract 102.15; Hillsborough County; Florida","3094","242","2438","286","2338","275","100","72","26","48","74","56","656","167","492","148","164","102",
"1400000US12057010216","Census Tract 102.16; Hillsborough County; Florida","2008","253","1708","282","1494","292","214","100","22","30","192","94","300","193","286","195","14","24",
"1400000US12057010217","Census Tract 102.17; Hillsborough County; Florida","1529","228","1087","239","803","236","284","183","83","60","201","170","442","205","235","103","207","182",
"1400000US12057010218","Census Tract 102.18; Hillsborough County; Florida","2099","238","1298","309","1064","314","234","134","104","110","130","96","801","206","629","186","172","133",
"1400000US12057010303","Census Tract 103.03; Hillsborough County; Florida","1174","126","744","146","449","135","295","104","156","85","139","67","430","109","276","106","154","83",
"1400000US12057010304","Census Tract 103.04; Hillsborough County; Florida","1504","133","1144","162","768","190","376","178","121","79","255","136","360","123","274","108","86","76",
"1400000US12057010305","Census Tract 103.05; Hillsborough County; Florida","1516","217","1002","165","770","171","232","84","70","65","162","76","514","176","238","113","276","138",
"1400000US12057010401","Census Tract 104.01; Hillsborough County; Florida","2370","245","1493","264","719","174","774","274","142","141","632","258","877","239","699","208","178","140",
"1400000US12057010402","Census Tract 104.02; Hillsborough County; Florida","2786","368","1761","305","1010","269","751","276","206","166","545","255","1025","420","915","406","110","95",
"1400000US12057010501","Census Tract 105.01; Hillsborough County; Florida","2626","404","1635","343","446","217","1189","365","99","114","1090","352","991","405","975","408","16","26",
"1400000US12057010502","Census Tract 105.02; Hillsborough County; Florida","1177","191","776","158","390","94","386","147","77","71","309","160","401","175","322","164","79","61",
"1400000US12057010600","Census Tract 106; Hillsborough County; Florida","1281","167","911","119","674","115","237","114","78","55","159","103","370","181","276","164","94","89",
"1400000US12057010701","Census Tract 107.01; Hillsborough County; Florida","2249","255","1373","212","964","247","409","134","183","83","226","101","876","308","632","241","244","181",
"1400000US12057010702","Census Tract 107.02; Hillsborough County; Florida","1163","141","833","154","591","125","242","127","98","103","144","87","330","118","259","108","71","51",
"1400000US12057010805","Census Tract 108.05; Hillsborough County; Florida","1984","268","1409","252","568","220","841","268","203","183","638","229","575","205","372","176","203","118",
"1400000US12057010808","Census Tract 108.08; Hillsborough County; Florida","1534","197","562","166","238","157","324","158","134","114","190","107","972","218","514","181","458","214",
"1400000US12057010809","Census Tract 108.09; Hillsborough County; Florida","1023","208","422","108","312","92","110","78","12","20","98","75","601","211","408","198","193","112",
"1400000US12057010810","Census Tract 108.10; Hillsborough County; Florida","2003","350","767","180","567","174","200","98","0","15","200","98","1236","320","1036","326","200","101",
"1400000US12057010811","Census Tract 108.11; Hillsborough County; Florida","3293","448","1940","320","1170","337","770","223","255","129","515","225","1353","386","1046","361","307","153",
"1400000US12057010814","Census Tract 108.14; Hillsborough County; Florida","1250","318","374","228","145","66","229","215","76","78","153","206","876","227","363","162","513","169",
"1400000US12057010815","Census Tract 108.15; Hillsborough County; Florida","780","125","391","126","151","112","240","83","100","66","140","66","389","115","321","109","68","57",
"1400000US12057010816","Census Tract 108.16; Hillsborough County; Florida","1591","229","671","195","140","87","531","173","199","138","332","139","920","224","862","214","58","50",
"1400000US12057010817","Census Tract 108.17; Hillsborough County; Florida","1923","248","986","193","503","142","483","180","96","87","387","156","937","248","727","230","210","139",
"1400000US12057010819","Census Tract 108.19; Hillsborough County; Florida","916","134","368","88","186","87","182","85","38","61","144","69","548","138","387","137","161","98",
"1400000US12057010820","Census Tract 108.20; Hillsborough County; Florida","1390","412","229","130","62","47","167","125","0","15","167","125","1161","435","652","448","509","142",
"1400000US12057010821","Census Tract 108.21; Hillsborough County; Florida","1107","170","654","189","163","73","491","182","195","99","296","155","453","153","365","126","88","88",
"1400000US12057010822","Census Tract 108.22; Hillsborough County; Florida","1104","234","397","106","234","89","163","77","51","61","112","67","707","229","628","230","79","57",
"1400000US12057010823","Census Tract 108.23; Hillsborough County; Florida","1186","190","379","112","221","118","158","85","20","26","138","79","807","182","555","137","252","180",
"1400000US12057010824","Census Tract 108.24; Hillsborough County; Florida","1735","256","91","45","83","44","8","12","0","15","8","12","1644","263","1061","258","583","203",
"1400000US12057010900","Census Tract 109; Hillsborough County; Florida","34","39","5","6","5","6","0","21","0","21","0","21","29","41","29","41","0","21",
"1400000US12057011003","Census Tract 110.03; Hillsborough County; Florida","2733","468","1345","420","664","193","681","390","179","130","502","364","1388","336","1089","339","299","169",
"1400000US12057011005","Census Tract 110.05; Hillsborough County; Florida","960","122","796","127","704","136","92","63","5","13","87","62","164","71","134","75","30","29",
"1400000US12057011006","Census Tract 110.06; Hillsborough County; Florida","2610","365","1908","263","1462","176","446","224","23","29","423","224","702","291","601","279","101","102",
"1400000US12057011007","Census Tract 110.07; Hillsborough County; Florida","1222","221","1016","221","907","225","109","64","7","11","102","63","206","70","186","67","20","25",
"1400000US12057011008","Census Tract 110.08; Hillsborough County; Florida","2680","216","1854","292","1430","233","424","198","206","123","218","179","826","265","622","239","204","129",
"1400000US12057011010","Census Tract 110.10; Hillsborough County; Florida","1890","259","762","134","605","130","157","98","44","53","113","82","1128","252","824","285","304","165",
"1400000US12057011013","Census Tract 110.13; Hillsborough County; Florida","1814","189","994","187","731","146","263","129","161","107","102","61","820","215","604","196","216","123",
"1400000US12057011016","Census Tract 110.16; Hillsborough County; Florida","1721","167","1052","169","917","134","135","110","61","97","74","47","669","154","476","156","193","129",
"1400000US12057011017","Census Tract 110.17; Hillsborough County; Florida","994","76","450","73","272","83","178","83","78","78","100","71","544","96","317","122","227","119",
"1400000US12057011018","Census Tract 110.18; Hillsborough County; Florida","2812","411","1134","279","754","231","380","266","88","94","292","217","1678","408","1176","346","502","306",
"1400000US12057011019","Census Tract 110.19; Hillsborough County; Florida","3953","314","3093","365","2380","319","713","290","246","138","467","278","860","237","599","204","261","116",
"1400000US12057011103","Census Tract 111.03; Hillsborough County; Florida","1340","172","1195","164","1053","151","142","108","61","56","81","98","145","77","119","74","26","27",
"1400000US12057011106","Census Tract 111.06; Hillsborough County; Florida","1080","107","485","104","282","82","203","82","57","53","146","71","595","124","398","107","197","91",
"1400000US12057011107","Census Tract 111.07; Hillsborough County; Florida","2657","292","1775","335","1477","334","298","165","66","78","232","156","882","206","685","219","197","115",
"1400000US12057011108","Census Tract 111.08; Hillsborough County; Florida","840","110","452","76","407","71","45","30","0","15","45","30","388","125","348","126","40","25",
"1400000US12057011109","Census Tract 111.09; Hillsborough County; Florida","1978","193","1570","216","1465","225","105","79","19","21","86","71","408","118","351","113","57","60",
"1400000US12057011203","Census Tract 112.03; Hillsborough County; Florida","1570","153","830","159","543","130","287","155","43","31","244","152","740","127","620","109","120","68",
"1400000US12057011204","Census Tract 112.04; Hillsborough County; Florida","2407","184","1454","214","903","217","551","199","237","187","314","171","953","211","824","200","129","110",
"1400000US12057011205","Census Tract 112.05; Hillsborough County; Florida","1425","193","1033","212","800","206","233","115","35","40","198","111","392","117","315","107","77","47",
"1400000US12057011206","Census Tract 112.06; Hillsborough County; Florida","1422","210","927","211","448","215","479","102","164","78","315","91","495","140","475","134","20","24",
"1400000US12057011301","Census Tract 113.01; Hillsborough County; Florida","1256","161","861","138","723","132","138","91","83","68","55","54","395","129","264","93","131","111",
"1400000US12057011303","Census Tract 113.03; Hillsborough County; Florida","1494","233","985","181","594","109","391","180","50","40","341","186","509","167","484","166","25","25",
"1400000US12057011304","Census Tract 113.04; Hillsborough County; Florida","2425","303","1817","289","1607","309","210","107","45","47","165","91","608","300","476","291","132","79",
"1400000US12057011407","Census Tract 114.07; Hillsborough County; Florida","1086","112","610","119","499","121","111","54","12","19","99","51","476","91","419","84","57","39",
"1400000US12057011408","Census Tract 114.08; Hillsborough County; Florida","1090","147","793","118","679","107","114","76","25","30","89","67","297","156","241","154","56","37",
"1400000US12057011409","Census Tract 114.09; Hillsborough County; Florida","1295","170","845","150","692","135","153","90","89","91","64","55","450","146","328","112","122","113",
"1400000US12057011410","Census Tract 114.10; Hillsborough County; Florida","2464","240","1856","227","1505","253","351","151","105","101","246","120","608","205","467","188","141","105",
"1400000US12057011411","Census Tract 114.11; Hillsborough County; Florida","680","143","560","145","443","141","117","67","41","42","76","51","120","60","58","34","62","59",
"1400000US12057011412","Census Tract 114.12; Hillsborough County; Florida","1459","103","711","143","420","103","291","110","63","55","228","98","748","142","493","116","255","120",
"1400000US12057011413","Census Tract 114.13; Hillsborough County; Florida","2410","317","1708","294","1401","270","307","150","131","109","176","124","702","213","513","156","189","155",
"1400000US12057011414","Census Tract 114.14; Hillsborough County; Florida","3353","408","2005","292","1291","236","714","259","319","226","395","164","1348","421","1037","419","311","209",
"1400000US12057011415","Census Tract 114.15; Hillsborough County; Florida","2197","542","1447","551","1171","549","276","137","79","65","197","114","750","208","462","187","288","153",
"1400000US12057011416","Census Tract 114.16; Hillsborough County; Florida","2552","186","1661","215","912","175","749","218","160","132","589","181","891","182","749","175","142","93",
"1400000US12057011417","Census Tract 114.17; Hillsborough County; Florida","2145","242","1424","242","885","261","539","172","95","86","444","176","721","261","422","149","299","218",
"1400000US12057011418","Census Tract 114.18; Hillsborough County; Florida","1693","148","1042","132","886","123","156","85","18","29","138","77","651","148","486","125","165","93",
"1400000US12057011504","Census Tract 115.04; Hillsborough County; Florida","1048","148","806","144","725","139","81","54","36","37","45","39","242","52","214","50","28","22",
"1400000US12057011506","Census Tract 115.06; Hillsborough County; Florida","3573","335","2101","282","1810","285","291","102","101","75","190","96","1472","293","1093","309","379","188",
"1400000US12057011509","Census Tract 115.09; Hillsborough County; Florida","2610","433","2139","431","2008","410","131","95","45","55","86","69","471","154","447","159","24","31",
"1400000US12057011510","Census Tract 115.10; Hillsborough County; Florida","1744","263","1453","274","1271","258","182","66","41","29","141","65","291","95","181","73","110","71",
"1400000US12057011512","Census Tract 115.12; Hillsborough County; Florida","1543","124","1277","136","1133","133","144","69","32","28","112","60","266","74","224","80","42","31",
"1400000US12057011514","Census Tract 115.14; Hillsborough County; Florida","2426","497","1931","527","1744","544","187","123","0","21","187","123","495","137","440","136","55","61",
"1400000US12057011515","Census Tract 115.15; Hillsborough County; Florida","1453","199","1190","175","888","173","302","100","51","40","251","95","263","132","160","81","103","96",
"1400000US12057011516","Census Tract 115.16; Hillsborough County; Florida","1270","122","820","121","525","136","295","105","80","50","215","100","450","130","355","123","95","48",
"1400000US12057011518","Census Tract 115.18; Hillsborough County; Florida","1496","116","1310","128","1162","120","148","78","72","61","76","48","186","78","136","71","50","39",
"1400000US12057011519","Census Tract 115.19; Hillsborough County; Florida","794","64","620","54","568","52","52","28","6","9","46","27","174","64","152","59","22","17",
"1400000US12057011520","Census Tract 115.20; Hillsborough County; Florida","2286","257","1703","284","1395","276","308","130","67","54","241","138","583","172","421","145","162","89",
"1400000US12057011521","Census Tract 115.21; Hillsborough County; Florida","2196","146","1296","219","855","189","441","216","193","124","248","167","900","231","745","228","155","121",
"1400000US12057011522","Census Tract 115.22; Hillsborough County; Florida","1965","214","1614","254","1456","263","158","71","83","55","75","45","351","112","303","105","48","39",
"1400000US12057011523","Census Tract 115.23; Hillsborough County; Florida","648","92","525","98","427","96","98","61","48","40","50","47","123","29","103","29","20","16",
"1400000US12057011524","Census Tract 115.24; Hillsborough County; Florida","2208","198","1377","213","718","228","659","271","180","128","479","230","831","270","641","253","190","105",
"1400000US12057011525","Census Tract 115.25; Hillsborough County; Florida","1513","138","1187","151","926","122","261","138","106","115","155","86","326","68","310","70","16","17",
"1400000US12057011526","Census Tract 115.26; Hillsborough County; Florida","1891","241","1188","213","836","181","352","133","171","103","181","89","703","206","544","214","159","86",
"1400000US12057011527","Census Tract 115.27; Hillsborough County; Florida","1364","198","1156","208","1028","202","128","68","21","33","107","60","208","94","174","86","34","35",
"1400000US12057011528","Census Tract 115.28; Hillsborough County; Florida","2015","152","1670","161","1577","163","93","58","35","42","58","50","345","128","262","102","83","73",
"1400000US12057011603","Census Tract 116.03; Hillsborough County; Florida","1435","163","1145","171","591","161","554","154","221","114","333","154","290","102","233","77","57","57",
"1400000US12057011605","Census Tract 116.05; Hillsborough County; Florida","2020","248","1491","259","929","221","562","191","255","149","307","139","529","192","362","143","167","137",
"1400000US12057011610","Census Tract 116.10; Hillsborough County; Florida","2275","348","1589","346","909","302","680","292","315","233","365","170","686","211","479","169","207","160",
"1400000US12057011611","Census Tract 116.11; Hillsborough County; Florida","1488","234","1028","192","534","178","494","159","109","80","385","134","460","164","311","96","149","138",
"1400000US12057011612","Census Tract 116.12; Hillsborough County; Florida","2394","434","1597","432","1253","442","344","175","31","41","313","171","797","225","700","227","97","96",
"1400000US12057011613","Census Tract 116.13; Hillsborough County; Florida","1898","224","1181","199","763","201","418","183","138","110","280","150","717","211","473","201","244","139",
"1400000US12057011614","Census Tract 116.14; Hillsborough County; Florida","2664","316","2070","335","1020","238","1050","312","148","121","902","303","594","188","560","189","34","47",
"1400000US12057011615","Census Tract 116.15; Hillsborough County; Florida","1663","233","1226","246","718","223","508","193","176","122","332","176","437","154","310","143","127","87",
"1400000US12057011616","Census Tract 116.16; Hillsborough County; Florida","3747","299","2732","259","2046","262","686","268","50","67","636","270","1015","240","631","198","384","186",
"1400000US12057011617","Census Tract 116.17; Hillsborough County; Florida","1594","268","1013","264","643","253","370","130","74","64","296","112","581","184","403","149","178","102",
"1400000US12057011708","Census Tract 117.08; Hillsborough County; Florida","2653","255","1093","337","791","290","302","202","30","38","272","202","1560","270","1016","251","544","225",
"1400000US12057011712","Census Tract 117.12; Hillsborough County; Florida","2389","310","1322","224","1105","223","217","125","22","41","195","119","1067","312","557","223","510","252",
"1400000US12057011713","Census Tract 117.13; Hillsborough County; Florida","2739","309","1174","242","877","244","297","139","199","121","98","74","1565","346","870","224","695","284",
"1400000US12057011714","Census Tract 117.14; Hillsborough County; Florida","1045","256","595","253","439","250","156","73","57","55","99","53","450","119","363","113","87","53",
"1400000US12057011715","Census Tract 117.15; Hillsborough County; Florida","879","105","655","75","380","94","275","114","103","83","172","105","224","100","167","76","57","64",
"1400000US12057011716","Census Tract 117.16; Hillsborough County; Florida","2484","219","1328","210","950","224","378","152","149","125","229","136","1156","234","823","235","333","198",
"1400000US12057011802","Census Tract 118.02; Hillsborough County; Florida","2112","234","1352","279","956","236","396","241","95","79","301","228","760","191","676","189","84","83",
"1400000US12057011804","Census Tract 118.04; Hillsborough County; Florida","1794","141","1461","168","929","125","532","169","174","122","358","178","333","128","222","105","111","87",
"1400000US12057011805","Census Tract 118.05; Hillsborough County; Florida","1641","355","1188","348","544","189","644","318","50","51","594","314","453","143","391","135","62","55",
"1400000US12057011806","Census Tract 118.06; Hillsborough County; Florida","1324","150","753","163","314","145","439","157","206","140","233","107","571","170","520","173","51","60",
"1400000US12057011905","Census Tract 119.05; Hillsborough County; Florida","558","153","337","149","198","136","139","67","28","22","111","61","221","65","130","58","91","66",
"1400000US12057011907","Census Tract 119.07; Hillsborough County; Florida","1341","185","635","187","425","165","210","144","115","119","95","82","706","185","414","149","292","153",
"1400000US12057011908","Census Tract 119.08; Hillsborough County; Florida","1124","274","633","236","164","63","469","238","121","96","348","209","491","162","466","160","25","28",
"1400000US12057011909","Census Tract 119.09; Hillsborough County; Florida","1320","211","882","170","494","133","388","148","201","148","187","76","438","167","346","154","92","80",
"1400000US12057011910","Census Tract 119.10; Hillsborough County; Florida","1431","124","823","171","408","119","415","177","125","120","290","149","608","157","534","148","74","69",
"1400000US12057011911","Census Tract 119.11; Hillsborough County; Florida","2625","309","1348","327","706","220","642","305","461","284","181","88","1277","228","930","200","347","191",
"1400000US12057012001","Census Tract 120.01; Hillsborough County; Florida","1110","187","742","180","307","111","435","184","172","146","263","110","368","155","302","154","66","43",
"1400000US12057012002","Census Tract 120.02; Hillsborough County; Florida","1420","154","921","194","498","144","423","164","57","59","366","143","499","144","442","148","57","51",
"1400000US12057012103","Census Tract 121.03; Hillsborough County; Florida","2988","370","1901","355","909","346","992","331","242","179","750","287","1087","289","626","214","461","291",
"1400000US12057012106","Census Tract 121.06; Hillsborough County; Florida","1922","206","1425","225","1234","224","191","102","119","95","72","63","497","165","346","140","151","103",
"1400000US12057012107","Census Tract 121.07; Hillsborough County; Florida","2141","293","1376","281","1037","290","339","156","117","83","222","138","765","258","668","255","97","77",
"1400000US12057012108","Census Tract 121.08; Hillsborough County; Florida","1266","116","990","154","778","166","212","90","110","70","102","85","276","116","187","83","89","81",
"1400000US12057012109","Census Tract 121.09; Hillsborough County; Florida","1341","249","711","232","177","95","534","222","40","40","494","218","630","219","470","194","160","104",
"1400000US12057012110","Census Tract 121.10; Hillsborough County; Florida","2031","307","1444","362","944","374","500","175","183","117","317","165","587","185","402","165","185","127",
"1400000US12057012206","Census Tract 122.06; Hillsborough County; Florida","2201","254","1609","229","1303","225","306","159","121","103","185","104","592","291","518","276","74","75",
"1400000US12057012207","Census Tract 122.07; Hillsborough County; Florida","3023","423","2355","410","1524","251","831","358","146","145","685","340","668","298","627","292","41","38",
"1400000US12057012208","Census Tract 122.08; Hillsborough County; Florida","2214","216","1821","228","1541","205","280","187","72","77","208","169","393","133","251","117","142","86",
"1400000US12057012209","Census Tract 122.09; Hillsborough County; Florida","1815","229","1575","238","1241","227","334","154","79","59","255","147","240","100","136","76","104","68",
"1400000US12057012210","Census Tract 122.10; Hillsborough County; Florida","2211","310","1549","312","1099","333","450","148","33","40","417","140","662","202","575","193","87","63",
"1400000US12057012211","Census Tract 122.11; Hillsborough County; Florida","36","34","31","34","24","33","7","9","0","15","7","9","5","6","5","6","0","15",
"1400000US12057012212","Census Tract 122.12; Hillsborough County; Florida","1640","118","850","156","359","128","491","131","87","79","404","126","790","170","569","141","221","135",
"1400000US12057012213","Census Tract 122.13; Hillsborough County; Florida","1972","183","1334","195","965","186","369","95","118","78","251","97","638","163","396","117","242","107",
"1400000US12057012301","Census Tract 123.01; Hillsborough County; Florida","2599","289","1837","333","905","244","932","309","226","231","706","230","762","188","691","188","71","66",
"1400000US12057012303","Census Tract 123.03; Hillsborough County; Florida","1644","349","1018","336","454","107","564","332","61","52","503","330","626","185","495","159","131","75",
"1400000US12057012304","Census Tract 123.04; Hillsborough County; Florida","1940","175","1596","188","1015","178","581","194","185","83","396","181","344","106","276","88","68","74",
"1400000US12057012401","Census Tract 124.01; Hillsborough County; Florida","1691","345","1166","244","885","233","281","148","127","97","154","112","525","248","341","235","184","91",
"1400000US12057012402","Census Tract 124.02; Hillsborough County; Florida","843","112","620","118","522","111","98","59","47","45","51","37","223","83","145","67","78","51",
"1400000US12057012403","Census Tract 124.03; Hillsborough County; Florida","1860","194","1352","201","1008","204","344","145","107","79","237","131","508","191","374","157","134","106",
"1400000US12057012501","Census Tract 125.01; Hillsborough County; Florida","1477","231","1043","177","715","163","328","118","108","84","220","104","434","188","434","188","0","15",
"1400000US12057012503","Census Tract 125.03; Hillsborough County; Florida","1819","221","1340","200","986","182","354","119","28","27","326","112","479","151","370","138","109","89",
"1400000US12057012504","Census Tract 125.04; Hillsborough County; Florida","1365","225","1044","238","844","259","200","82","44","38","156","77","321","107","250","103","71","51",
"1400000US12057012600","Census Tract 126; Hillsborough County; Florida","1959","359","1156","242","826","211","330","193","224","169","106","78","803","356","704","330","99","75",
"1400000US12057012701","Census Tract 127.01; Hillsborough County; Florida","2100","266","1345","219","957","240","388","154","146","108","242","131","755","239","534","215","221","159",
"1400000US12057012702","Census Tract 127.02; Hillsborough County; Florida","1411","166","791","157","465","157","326","123","89","86","237","83","620","151","373","108","247","133",
"1400000US12057012800","Census Tract 128; Hillsborough County; Florida","1361","180","840","165","518","123","322","136","24","29","298","131","521","157","497","155","24","23",
"1400000US12057012900","Census Tract 129; Hillsborough County; Florida","1131","180","570","129","354","126","216","109","151","103","65","42","561","195","296","152","265","160",
"1400000US12057013001","Census Tract 130.01; Hillsborough County; Florida","1302","179","930","201","560","177","370","184","226","159","144","115","372","122","319","115","53","41",
"1400000US12057013002","Census Tract 130.02; Hillsborough County; Florida","1785","145","1340","192","828","180","512","157","226","124","286","114","445","153","378","140","67","72",
"1400000US12057013003","Census Tract 130.03; Hillsborough County; Florida","1412","110","1021","176","581","132","440","148","139","98","301","128","391","136","299","128","92","78",
"1400000US12057013004","Census Tract 130.04; Hillsborough County; Florida","1308","292","818","162","674","180","144","67","21","22","123","64","490","284","308","134","182","251",
"1400000US12057013100","Census Tract 131; Hillsborough County; Florida","967","120","749","131","508","141","241","90","133","74","108","56","218","95","130","82","88","63",
"1400000US12057013203","Census Tract 132.03; Hillsborough County; Florida","1113","95","922","104","772","118","150","79","13","20","137","74","191","78","120","65","71","65",
"1400000US12057013204","Census Tract 132.04; Hillsborough County; Florida","1906","234","1208","235","910","230","298","136","45","46","253","147","698","167","620","169","78","63",
"1400000US12057013205","Census Tract 132.05; Hillsborough County; Florida","3138","545","2248","279","1834","285","414","193","123","99","291","168","890","499","473","375","417","344",
"1400000US12057013206","Census Tract 132.06; Hillsborough County; Florida","1838","125","1632","138","1354","175","278","117","17","31","261","116","206","90","177","86","29","25",
"1400000US12057013207","Census Tract 132.07; Hillsborough County; Florida","1571","144","1067","101","979","97","88","58","0","15","88","58","504","143","347","112","157","117",
"1400000US12057013208","Census Tract 132.08; Hillsborough County; Florida","1886","207","1661","200","1566","191","95","69","2","6","93","68","225","153","132","54","93","148",
"1400000US12057013305","Census Tract 133.05; Hillsborough County; Florida","1875","187","1473","185","1363","174","110","59","43","38","67","44","402","116","303","87","99","89",
"1400000US12057013307","Census Tract 133.07; Hillsborough County; Florida","1674","225","797","182","514","174","283","113","82","86","201","88","877","202","742","176","135","88",
"1400000US12057013310","Census Tract 133.10; Hillsborough County; Florida","1104","167","682","96","494","101","188","100","96","81","92","66","422","157","362","153","60","43",
"1400000US12057013311","Census Tract 133.11; Hillsborough County; Florida","1360","180","827","167","378","101","449","144","117","76","332","149","533","160","347","109","186","128",
"1400000US12057013312","Census Tract 133.12; Hillsborough County; Florida","2010","251","1376","240","1026","236","350","131","96","84","254","105","634","232","609","231","25","27",
"1400000US12057013313","Census Tract 133.13; Hillsborough County; Florida","1950","243","1448","161","1097","132","351","156","100","71","251","137","502","213","464","211","38","26",
"1400000US12057013314","Census Tract 133.14; Hillsborough County; Florida","1113","222","953","219","589","116","364","219","11","17","353","217","160","62","83","42","77","54",
"1400000US12057013315","Census Tract 133.15; Hillsborough County; Florida","3122","267","974","256","561","217","413","221","83","98","330","216","2148","296","1635","291","513","224",
"1400000US12057013316","Census Tract 133.16; Hillsborough County; Florida","1310","149","888","172","205","88","683","170","224","127","459","87","422","128","334","108","88","78",
"1400000US12057013317","Census Tract 133.17; Hillsborough County; Florida","1408","160","585","149","286","86","299","124","60","61","239","110","823","191","588","155","235","141",
"1400000US12057013319","Census Tract 133.19; Hillsborough County; Florida","2763","386","1342","243","848","261","494","176","116","105","378","137","1421","403","1210","412","211","106",
"1400000US12057013320","Census Tract 133.20; Hillsborough County; Florida","1857","175","1128","237","810","203","318","133","62","61","256","126","729","216","504","181","225","133",
"1400000US12057013322","Census Tract 133.22; Hillsborough County; Florida","2672","280","1709","305","1046","198","663","233","346","221","317","201","963","292","702","257","261","221",
"1400000US12057013323","Census Tract 133.23; Hillsborough County; Florida","4409","347","3253","454","2118","433","1135","347","377","237","758","296","1156","315","873","316","283","157",
"1400000US12057013406","Census Tract 134.06; Hillsborough County; Florida","509","83","342","62","207","80","135","59","6","9","129","58","167","65","124","47","43","48",
"1400000US12057013407","Census Tract 134.07; Hillsborough County; Florida","2517","294","2021","318","1649","306","372","157","106","100","266","144","496","158","435","162","61","50",
"1400000US12057013409","Census Tract 134.09; Hillsborough County; Florida","1827","232","1420","253","1094","197","326","194","181","191","145","71","407","119","341","115","66","39",
"1400000US12057013410","Census Tract 134.10; Hillsborough County; Florida","1707","157","964","194","641","142","323","140","169","119","154","87","743","166","617","160","126","63",
"1400000US12057013411","Census Tract 134.11; Hillsborough County; Florida","1358","252","932","255","544","207","388","220","163","148","225","162","426","107","383","100","43","35",
"1400000US12057013412","Census Tract 134.12; Hillsborough County; Florida","1540","151","1161","184","961","196","200","99","73","75","127","79","379","148","316","145","63","55",
"1400000US12057013413","Census Tract 134.13; Hillsborough County; Florida","1373","123","1099","131","912","141","187","93","74","64","113","73","274","104","192","83","82","71",
"1400000US12057013414","Census Tract 134.14; Hillsborough County; Florida","2252","278","1481","290","1099","277","382","168","166","120","216","108","771","169","591","144","180","132",
"1400000US12057013415","Census Tract 134.15; Hillsborough County; Florida","1241","147","974","121","800","116","174","87","68","64","106","67","267","149","152","79","115","132",
"1400000US12057013501","Census Tract 135.01; Hillsborough County; Florida","1492","305","1025","324","401","114","624","331","154","122","470","322","467","142","341","119","126","86",
"1400000US12057013503","Census Tract 135.03; Hillsborough County; Florida","1177","143","824","171","509","166","315","125","111","83","204","103","353","127","275","113","78","71",
"1400000US12057013504","Census Tract 135.04; Hillsborough County; Florida","1106","93","739","114","355","105","384","115","96","69","288","106","367","109","267","104","100","71",
"1400000US12057013505","Census Tract 135.05; Hillsborough County; Florida","1180","141","952","138","481","159","471","151","215","132","256","113","228","114","164","97","64","54",
"1400000US12057013602","Census Tract 136.02; Hillsborough County; Florida","1341","166","1013","200","777","227","236","125","165","107","71","66","328","123","231","104","97","79",
"1400000US12057013604","Census Tract 136.04; Hillsborough County; Florida","632","95","383","84","180","80","203","61","60","44","143","60","249","108","209","116","40","35",
"1400000US12057013702","Census Tract 137.02; Hillsborough County; Florida","4909","426","3233","503","1972","432","1261","458","170","162","1091","443","1676","406","1248","323","428","279",
"1400000US12057013703","Census Tract 137.03; Hillsborough County; Florida","3692","407","2097","332","1195","265","902","257","193","123","709","236","1595","439","1229","360","366","237",
"1400000US12057013705","Census Tract 137.05; Hillsborough County; Florida","2573","287","1897","349","1219","299","678","298","40","38","638","296","676","251","477","210","199","129",
"1400000US12057013706","Census Tract 137.06; Hillsborough County; Florida","1189","416","688","398","218","151","470","386","59","52","411","384","501","208","357","209","144","86",
"1400000US12057013801","Census Tract 138.01; Hillsborough County; Florida","772","110","594","94","316","88","278","77","84","52","194","72","178","72","146","60","32","37",
"1400000US12057013802","Census Tract 138.02; Hillsborough County; Florida","1491","161","790","123","466","99","324","132","74","54","250","123","701","175","506","134","195","147",
"1400000US12057013803","Census Tract 138.03; Hillsborough County; Florida","630","74","395","77","220","90","175","75","0","15","175","75","235","105","175","76","60","61",
"1400000US12057013804","Census Tract 138.04; Hillsborough County; Florida","3382","417","2782","443","1925","458","857","269","340","201","517","201","600","171","311","125","289","135",
"1400000US12057013806","Census Tract 138.06; Hillsborough County; Florida","1684","140","1305","210","1043","192","262","142","129","104","133","85","379","146","290","139","89","71",
"1400000US12057013807","Census Tract 138.07; Hillsborough County; Florida","3950","308","2859","297","2056","333","803","273","206","159","597","201","1091","263","954","267","137","118",
"1400000US12057013903","Census Tract 139.03; Hillsborough County; Florida","1138","201","1005","213","862","224","143","81","28","31","115","77","133","79","74","47","59","62",
"1400000US12057013907","Census Tract 139.07; Hillsborough County; Florida","796","233","652","232","506","242","146","68","129","66","17","18","144","61","126","61","18","17",
"1400000US12057013912","Census Tract 139.12; Hillsborough County; Florida","2738","358","2393","276","1888","293","505","196","76","80","429","182","345","223","193","124","152","190",
"1400000US12057013913","Census Tract 139.13; Hillsborough County; Florida","5447","331","4342","431","3769","510","573","299","179","166","394","228","1105","328","973","327","132","95",
"1400000US12057013914","Census Tract 139.14; Hillsborough County; Florida","3290","632","2691","678","2315","672","376","190","68","62","308","189","599","224","537","226","62","77",
"1400000US12057013915","Census Tract 139.15; Hillsborough County; Florida","3672","296","2601","341","1994","319","607","200","199","128","408","170","1071","342","491","191","580","305",
"1400000US12057013916","Census Tract 139.16; Hillsborough County; Florida","6336","653","5101","696","4239","733","862","352","54","96","808","351","1235","512","915","474","320","246",
"1400000US12057013917","Census Tract 139.17; Hillsborough County; Florida","2479","339","1848","370","1196","287","652","408","26","36","626","407","631","259","575","260","56","52",
"1400000US12057013918","Census Tract 139.18; Hillsborough County; Florida","605","75","492","76","359","83","133","44","52","37","81","43","113","60","78","42","35","32",
"1400000US12057013919","Census Tract 139.19; Hillsborough County; Florida","2606","177","2024","188","1654","249","370","221","103","76","267","211","582","210","416","177","166","144",
"1400000US12057013922","Census Tract 139.22; Hillsborough County; Florida","2500","327","2150","357","1793","364","357","128","17","28","340","129","350","135","350","135","0","21",
"1400000US12057013923","Census Tract 139.23; Hillsborough County; Florida","3537","391","3197","409","2570","310","627","348","123","81","504","355","340","150","340","150","0","24",
"1400000US12057013924","Census Tract 139.24; Hillsborough County; Florida","1850","221","1546","246","1222","262","324","122","115","86","209","97","304","130","210","106","94","80",
"1400000US12057013925","Census Tract 139.25; Hillsborough County; Florida","2137","255","1173","250","922","240","251","148","37","46","214","146","964","217","886","206","78","57",
"1400000US12057013926","Census Tract 139.26; Hillsborough County; Florida","2752","240","2568","229","2225","210","343","185","75","61","268","180","184","86","158","82","26","30",
"1400000US12057014002","Census Tract 140.02; Hillsborough County; Florida","1148","189","512","111","424","107","88","52","8","21","80","52","636","185","580","186","56","35",
"1400000US12057014003","Census Tract 140.03; Hillsborough County; Florida","662","123","566","117","512","114","54","31","5","7","49","32","96","34","96","34","0","15",
"1400000US12057014007","Census Tract 140.07; Hillsborough County; Florida","5227","375","4083","564","3041","453","1042","390","492","288","550","285","1144","449","686","380","458","322",
"1400000US12057014008","Census Tract 140.08; Hillsborough County; Florida","1957","148","989","138","900","139","89","56","13","21","76","52","968","176","900","176","68","43",
"1400000US12057014009","Census Tract 140.09; Hillsborough County; Florida","1097","110","639","120","529","113","110","46","13","20","97","39","458","95","406","87","52","33",
"1400000US12057014010","Census Tract 140.10; Hillsborough County; Florida","1370","126","709","136","606","143","103","51","22","35","81","38","661","136","586","128","75","46",
"1400000US12057014011","Census Tract 140.11; Hillsborough County; Florida","2683","482","1259","353","1200","353","59","40","15","25","44","42","1424","345","1326","345","98","80",
"1400000US12057014012","Census Tract 140.12; Hillsborough County; Florida","1646","173","1055","153","986","158","69","51","15","17","54","48","591","101","550","97","41","31",
"1400000US12057014013","Census Tract 140.13; Hillsborough County; Florida","361","53","280","72","119","65","161","67","48","50","113","45","81","50","70","48","11","17",
"1400000US12057014014","Census Tract 140.14; Hillsborough County; Florida","1350","142","541","129","531","128","10","16","10","16","0","15","809","115","798","116","11","17",
"1400000US12057014017","Census Tract 140.17; Hillsborough County; Florida","1645","147","1101","166","1071","171","30","24","0","15","30","24","544","107","471","104","73","43",
"1400000US12057014104","Census Tract 141.04; Hillsborough County; Florida","972","161","500","141","440","137","60","54","44","50","16","21","472","133","439","134","33","27",
"1400000US12057014106","Census Tract 141.06; Hillsborough County; Florida","1607","257","1075","225","845","222","230","86","45","48","185","74","532","194","433","179","99","94",
"1400000US12057014108","Census Tract 141.08; Hillsborough County; Florida","2110","243","1449","247","871","211","578","195","224","121","354","153","661","187","432","177","229","142",
"1400000US12057014109","Census Tract 141.09; Hillsborough County; Florida","3119","309","2387","421","1680","396","707","276","355","197","352","173","732","265","664","267","68","59",
"1400000US12057014117","Census Tract 141.17; Hillsborough County; Florida","1479","146","932","155","778","134","154","97","71","74","83","64","547","137","508","139","39","34",
"1400000US12057014118","Census Tract 141.18; Hillsborough County; Florida","1893","176","1462","170","1340","181","122","69","90","64","32","25","431","124","403","123","28","29",
"1400000US12057014119","Census Tract 141.19; Hillsborough County; Florida","4437","330","3927","354","3372","410","555","208","136","110","419","199","510","179","387","169","123","84",
"1400000US12057014121","Census Tract 141.21; Hillsborough County; Florida","2509","348","2050","365","1762","356","288","167","39","61","249","144","459","168","310","135","149","100",
"1400000US12057014122","Census Tract 141.22; Hillsborough County; Florida","2807","181","2047","209","1328","268","719","236","195","127","524","191","760","213","682","208","78","75",
"1400000US12057014200","Census Tract 142; Hillsborough County; Florida","2024","243","396","156","118","101","278","106","92","72","186","134","1628","193","1487","182","141","101",
"1400000US12057014300","Census Tract 143; Hillsborough County; Florida","1552","179","1082","149","919","138","163","86","101","72","62","51","470","172","283","123","187","138",
"1400000US12057014400","Census Tract 144; Hillsborough County; Florida","2076","235","1269","233","1016","247","253","146","148","120","105","83","807","243","560","245","247","113",
"1400000US12057980100","Census Tract 9801; Hillsborough County; Florida","0","15","0","15","0","15","0","15","0","15","0","15","0","15","0","15","0","15",
"1400000US12057980200","Census Tract 9802; Hillsborough County; Florida","0","15","0","15","0","15","0","15","0","15","0","15","0","15","0","15","0","15",
"1400000US12057980300","Census Tract 9803; Hillsborough County; Florida","0","15","0","15","0","15","0","15","0","15","0","15","0","15","0","15","0","15",
"1400000US12057980400","Census Tract 9804; Hillsborough County; Florida","41","33","15","16","15","16","0","15","0","15","0","15","26","30","26","30","0","15",
"1400000US12057980500","Census Tract 9805; Hillsborough County; Florida","0","15","0","15","0","15","0","15","0","15","0","15","0","15","0","15","0","15",
"1400000US12057980600","Census Tract 9806; Hillsborough County; Florida","0","15","0","15","0","15","0","15","0","15","0","15","0","15","0","15","0","15",
"1400000US12057980700","Census Tract 9807; Hillsborough County; Florida","0","15","0","15","0","15","0","15","0","15","0","15","0","15","0","15","0","15",
"1400000US12057990000","Census Tract 9900; Hillsborough County; Florida","0","15","0","15","0","15","0","15","0","15","0","15","0","15","0","15","0","15",
"1400000US12057990100","Census Tract 9901; Hillsborough County; Florida","0","15","0","15","0","15","0","15","0","15","0","15","0","15","0","15","0","15",
"1400000US12059960100","Census Tract 9601; Holmes County; Florida","1419","166","973","176","833","159","140","71","97","64","43","32","446","140","378","123","68","53",
"1400000US12059960201","Census Tract 9602.01; Holmes County; Florida","1230","219","795","201","497","170","298","138","119","43","179","143","435","145","422","145","13","17",
"1400000US12059960202","Census Tract 9602.02; Holmes County; Florida","862","128","523","130","356","113","167","76","23","21","144","77","339","108","306","101","33","33",
"1400000US12059960300","Census Tract 9603; Holmes County; Florida","1223","171","712","170","509","162","203","109","43","51","160","95","511","154","491","154","20","23",
"1400000US12059960401","Census Tract 9604.01; Holmes County; Florida","7","11","7","11","7","11","0","15","0","15","0","15","0","15","0","15","0","15",
"1400000US12059960402","Census Tract 9604.02; Holmes County; Florida","1310","176","848","141","613","131","235","132","138","120","97","69","462","142","424","136","38","33",
"1400000US12059960403","Census Tract 9604.03; Holmes County; Florida","960","141","520","126","255","101","265","101","50","54","215","97","440","130","365","127","75","56",
"1400000US12061050101","Census Tract 501.01; Indian River County; Florida","1745","214","956","197","482","139","474","189","14","40","460","201","789","233","634","220","155","103",
"1400000US12061050102","Census Tract 501.02; Indian River County; Florida","1501","186","1071","203","816","199","255","141","32","33","223","137","430","142","369","133","61","60",
"1400000US12061050201","Census Tract 502.01; Indian River County; Florida","667","111","377","110","302","100","75","53","0","15","75","53","290","93","250","86","40","33",
"1400000US12061050202","Census Tract 502.02; Indian River County; Florida","884","157","538","157","470","145","68","47","0","15","68","47","346","94","284","82","62","56",
"1400000US12061050303","Census Tract 503.03; Indian River County; Florida","922","204","602","180","31","45","571","182","106","103","465","166","320","133","262","122","58","58",
"1400000US12061050304","Census Tract 503.04; Indian River County; Florida","741","142","641","144","388","153","253","142","8","14","245","141","100","62","85","66","15","23",
"1400000US12061050305","Census Tract 503.05; Indian River County; Florida","1572","403","986","367","749","356","237","127","64","56","173","115","586","158","526","153","60","65",
"1400000US12061050306","Census Tract 503.06; Indian River County; Florida","1240","184","566","106","539","107","27","29","16","24","11","17","674","182","652","180","22","25",
"1400000US12061050401","Census Tract 504.01; Indian River County; Florida","1703","238","908","207","524","180","384","139","55","57","329","131","795","161","703","154","92","48",
"1400000US12061050402","Census Tract 504.02; Indian River County; Florida","1239","180","595","115","510","105","85","51","15","17","70","48","644","160","568","150","76","53",
"1400000US12061050504","Census Tract 505.04; Indian River County; Florida","761","160","416","71","387","72","29","25","9","14","20","20","345","143","290","137","55","35",
"1400000US12061050505","Census Tract 505.05; Indian River County; Florida","1716","226","965","166","918","166","47","38","16","23","31","29","751","176","693","170","58","36",
"1400000US12061050506","Census Tract 505.06; Indian River County; Florida","2242","336","1522","255","1425","241","97","99","16","25","81","100","720","262","615","263","105","63",
"1400000US12061050507","Census Tract 505.07; Indian River County; Florida","1039","200","668","215","647","218","21","27","14","23","7","13","371","147","319","123","52","66",
"1400000US12061050508","Census Tract 505.08; Indian River County; Florida","1067","155","738","156","724","153","14","22","0","15","14","22","329","110","290","105","39","33",
"1400000US12061050509","Census Tract 505.09; Indian River County; Florida","914","177","662","143","654","141","8","14","0","15","8","14","252","110","210","105","42","38",
"1400000US12061050601","Census Tract 506.01; Indian River County; Florida","1522","262","624","144","377","110","247","104","36","40","211","110","898","232","820","223","78","65",
"1400000US12061050602","Census Tract 506.02; Indian River County; Florida","1935","228","1265","230","844","178","421","192","222","170","199","111","670","180","501","164","169","99",
"1400000US12061050603","Census Tract 506.03; Indian River County; Florida","2521","303","1849","317","1319","356","530","179","96","100","434","158","672","201","506","162","166","106",
"1400000US12061050604","Census Tract 506.04; Indian River County; Florida","1093","153","325","95","312","97","13","20","13","20","0","15","768","153","759","152","9","15",
"1400000US12061050605","Census Tract 506.05; Indian River County; Florida","1083","174","667","144","615","143","52","44","23","25","29","35","416","120","390","116","26","24",
"1400000US12061050607","Census Tract 506.07; Indian River County; Florida","2181","230","1425","225","964","211","461","206","28","39","433","200","756","223","655","221","101","87",
"1400000US12061050608","Census Tract 506.08; Indian River County; Florida","1924","346","1617","380","1080","392","537","196","165","152","372","170","307","152","217","141","90","83",
"1400000US12061050702","Census Tract 507.02; Indian River County; Florida","1876","255","1371","228","1067","254","304","121","96","73","208","102","505","200","486","197","19","31",
"1400000US12061050704","Census Tract 507.04; Indian River County; Florida","1651","179","929","193","765","188","164","73","35","41","129","63","722","144","608","143","114","67",
"1400000US12061050706","Census Tract 507.06; Indian River County; Florida","2650","274","1825","252","1625","266","200","109","46","51","154","93","825","234","704","222","121","81",
"1400000US12061050707","Census Tract 507.07; Indian River County; Florida","1926","381","1115","219","866","180","249","152","78","69","171","146","811","360","733","363","78","66",
"1400000US12061050708","Census Tract 507.08; Indian River County; Florida","2281","237","1263","233","920","210","343","115","111","92","232","112","1018","217","864","197","154","93",
"1400000US12061050709","Census Tract 507.09; Indian River County; Florida","1195","135","518","126","518","126","0","15","0","15","0","15","677","149","640","146","37","29",
"1400000US12061050805","Census Tract 508.05; Indian River County; Florida","2010","337","1291","307","1111","304","180","83","127","77","53","39","719","242","693","239","26","24",
"1400000US12061050806","Census Tract 508.06; Indian River County; Florida","2643","343","1402","212","1101","210","301","172","165","135","136","107","1241","347","1012","334","229","98",
"1400000US12061050807","Census Tract 508.07; Indian River County; Florida","2414","358","1324","240","929","200","395","186","142","137","253","133","1090","386","953","384","137","91",
"1400000US12061050808","Census Tract 508.08; Indian River County; Florida","2049","271","1107","220","845","224","262","125","41","60","221","116","942","220","831","211","111","93",
"1400000US12061050809","Census Tract 508.09; Indian River County; Florida","2759","239","1735","263","1572","285","163","89","87","55","76","63","1024","257","798","207","226","130",
"1400000US12061050810","Census Tract 508.10; Indian River County; Florida","1478","207","1095","142","980","151","115","60","0","15","115","60","383","151","315","144","68","56",
"1400000US12061050811","Census Tract 508.11; Indian River County; Florida","3346","292","2501","268","2388","279","113","82","11","19","102","79","845","265","714","271","131","94",
"1400000US12061050812","Census Tract 508.12; Indian River County; Florida","1433","130","1010","130","834","129","176","112","0","15","176","112","423","129","374","129","49","36",
"1400000US12061050903","Census Tract 509.03; Indian River County; Florida","2522","275","1860","257","1407","287","453","193","218","119","235","140","662","197","446","162","216","152",
"1400000US12061050905","Census Tract 509.05; Indian River County; Florida","1984","260","1303","283","1218","287","85","74","29","46","56","49","681","168","612","164","69","46",
"1400000US12061050906","Census Tract 509.06; Indian River County; Florida","1182","207","425","141","410","142","15","19","0","15","15","19","757","208","621","220","136","107",
"1400000US12061050907","Census Tract 509.07; Indian River County; Florida","707","138","441","88","277","74","164","90","99","75","65","51","266","114","243","114","23","34",
"1400000US12061050908","Census Tract 509.08; Indian River County; Florida","1372","201","989","181","641","167","348","167","100","79","248","168","383","192","306","169","77","86",
"1400000US12061050909","Census Tract 509.09; Indian River County; Florida","1126","184","946","201","656","222","290","140","171","115","119","87","180","84","148","79","32","35",
"1400000US12061980000","Census Tract 9800; Indian River County; Florida","0","15","0","15","0","15","0","15","0","15","0","15","0","15","0","15","0","15",
"1400000US12061990000","Census Tract 9900; Indian River County; Florida","0","15","0","15","0","15","0","15","0","15","0","15","0","15","0","15","0","15",
"1400000US12063210100","Census Tract 2101; Jackson County; Florida","1071","152","541","107","401","98","140","57","62","45","78","38","530","158","514","158","16","16",
"1400000US12063210200","Census Tract 2102; Jackson County; Florida","428","78","292","70","188","51","104","49","23","17","81","45","136","57","123","52","13","18",
"1400000US12063210301","Census Tract 2103.01; Jackson County; Florida","896","135","623","114","403","124","220","86","63","61","157","85","273","117","249","121","24","37",
"1400000US12063210302","Census Tract 2103.02; Jackson County; Florida","782","104","407","78","305","58","102","50","16","19","86","45","375","100","288","87","87","71",
"1400000US12063210400","Census Tract 2104; Jackson County; Florida","1498","185","983","159","642","132","341","107","82","49","259","109","515","135","416","126","99","52",
"1400000US12063210500","Census Tract 2105; Jackson County; Florida","1552","272","811","168","654","164","157","78","36","40","121","72","741","206","669","208","72","62",
"1400000US12063210600","Census Tract 2106; Jackson County; Florida","2405","275","1392","293","445","174","947","277","62","44","885","267","1013","251","788","227","225","144",
"1400000US12063210700","Census Tract 2107; Jackson County; Florida","1570","199","1028","178","752","138","276","140","55","69","221","120","542","184","526","189","16","23",
"1400000US12063210800","Census Tract 2108; Jackson County; Florida","1625","199","892","190","659","187","233","100","32","24","201","97","733","156","462","145","271","125",
"1400000US12063210901","Census Tract 2109.01; Jackson County; Florida","768","117","453","107","279","65","174","85","87","79","87","41","315","80","305","79","10","11",
"1400000US12063210902","Census Tract 2109.02; Jackson County; Florida","1025","166","711","136","573","139","138","86","25","23","113","80","314","96","298","94","16","18",
"1400000US12063211000","Census Tract 2110; Jackson County; Florida","1854","252","1276","234","928","230","348","114","90","78","258","105","578","176","503","167","75","51",
"1400000US12063211100","Census Tract 2111; Jackson County; Florida","1802","237","1152","214","882","178","270","142","205","140","65","36","650","194","565","193","85","74",
"1400000US12065250103","Census Tract 2501.03; Jefferson County; Florida","969","158","588","162","237","96","351","129","38","34","313","122","381","116","361","120","20","35",
"1400000US12065250104","Census Tract 2501.04; Jefferson County; Florida","1138","148","802","141","619","126","183","128","33","25","150","120","336","143","314","146","22","28",
"1400000US12065250105","Census Tract 2501.05; Jefferson County; Florida","765","125","455","83","308","79","147","75","0","15","147","75","310","115","229","106","81","58",
"1400000US12065250106","Census Tract 2501.06; Jefferson County; Florida","1022","136","738","94","577","95","161","73","52","52","109","72","284","108","262","102","22","26",
"1400000US12065250200","Census Tract 2502; Jefferson County; Florida","1857","159","1293","175","873","164","420","142","107","84","313","128","564","147","525","145","39","43",
"1400000US12065990000","Census Tract 9900; Jefferson County; Florida","0","15","0","15","0","15","0","15","0","15","0","15","0","15","0","15","0","15",
"1400000US12067960100","Census Tract 9601; Lafayette County; Florida","431","79","323","63","244","69","79","44","52","41","27","22","108","54","82","46","26","30",
"1400000US12067960201","Census Tract 9602.01; Lafayette County; Florida","1197","185","688","138","493","114","195","105","68","58","127","97","509","137","453","125","56","65",
"1400000US12067960202","Census Tract 9602.02; Lafayette County; Florida","1004","229","755","239","444","169","311","179","193","171","118","73","249","92","215","98","34","42",
"1400000US12069030102","Census Tract 301.02; Lake County; Florida","1483","177","872","164","633","153","239","93","174","88","65","52","611","179","526","163","85","79",
"1400000US12069030104","Census Tract 301.04; Lake County; Florida","820","118","531","107","421","94","110","67","35","35","75","57","289","72","272","72","17","15",
"1400000US12069030106","Census Tract 301.06; Lake County; Florida","647","91","316","67","239","76","77","45","24","21","53","37","331","114","226","106","105","50",
"1400000US12069030108","Census Tract 301.08; Lake County; Florida","1672","186","1327","178","1216","180","111","63","64","54","47","37","345","134","215","118","130","79",
"1400000US12069030109","Census Tract 301.09; Lake County; Florida","1633","182","949","143","751","127","198","94","67","43","131","84","684","157","497","181","187","146",
"1400000US12069030110","Census Tract 301.10; Lake County; Florida","1495","199","1090","207","951","193","139","102","84","80","55","63","405","176","360","177","45","44",
"1400000US12069030111","Census Tract 301.11; Lake County; Florida","702","132","529","135","420","139","109","68","44","36","65","54","173","66","111","59","62","44",
"1400000US12069030112","Census Tract 301.12; Lake County; Florida","1960","386","1467","380","920","284","547","347","47","39","500","343","493","150","433","147","60","43",
"1400000US12069030203","Census Tract 302.03; Lake County; Florida","4916","580","4121","612","3297","503","824","524","42","47","782","530","795","282","699","269","96","93",
"1400000US12069030204","Census Tract 302.04; Lake County; Florida","1619","191","915","173","623","160","292","159","116","81","176","142","704","197","528","170","176","115",
"1400000US12069030206","Census Tract 302.06; Lake County; Florida","1895","233","1219","254","767","263","452","219","170","174","282","137","676","198","636","191","40","39",
"1400000US12069030208","Census Tract 302.08; Lake County; Florida","2232","453","1677","456","1407","454","270","114","15","18","255","113","555","125","450","140","105","73",
"1400000US12069030209","Census Tract 302.09; Lake County; Florida","2114","470","874","378","600","321","274","212","20","39","254","213","1240","269","1217","266","23","26",
"1400000US12069030210","Census Tract 302.10; Lake County; Florida","1177","160","718","178","548","186","170","104","35","56","135","95","459","149","434","144","25","25",
"1400000US12069030211","Census Tract 302.11; Lake County; Florida","1694","165","1250","151","921","165","329","156","97","100","232","93","444","131","425","136","19","23",
"1400000US12069030302","Census Tract 303.02; Lake County; Florida","1937","206","1071","176","863","186","208","111","56","47","152","96","866","224","744","210","122","76",
"1400000US12069030305","Census Tract 303.05; Lake County; Florida","1272","170","848","188","763","176","85","80","8","13","77","79","424","119","331","102","93","56",
"1400000US12069030306","Census Tract 303.06; Lake County; Florida","2702","458","1781","488","1471","487","310","202","171","147","139","164","921","213","811","198","110","55",
"1400000US12069030307","Census Tract 303.07; Lake County; Florida","2177","275","1469","305","1096","309","373","194","72","78","301","180","708","219","484","147","224","165",
"1400000US12069030308","Census Tract 303.08; Lake County; Florida","1816","194","1066","179","902","189","164","95","74","60","90","80","750","179","648","170","102","62",
"1400000US12069030405","Census Tract 304.05; Lake County; Florida","2517","285","1543","243","1119","208","424","200","191","165","233","138","974","279","740","234","234","204",
"1400000US12069030406","Census Tract 304.06; Lake County; Florida","1838","205","1245","197","1051","147","194","138","152","138","42","44","593","204","538","194","55","56",
"1400000US12069030407","Census Tract 304.07; Lake County; Florida","1198","164","803","165","434","154","369","145","94","80","275","121","395","128","354","124","41","39",
"1400000US12069030408","Census Tract 304.08; Lake County; Florida","2348","313","1078","240","796","188","282","182","49","47","233","166","1270","243","1117","216","153","87",
"1400000US12069030409","Census Tract 304.09; Lake County; Florida","3815","539","1873","437","1619","443","254","142","12","22","242","140","1942","509","1608","398","334","365",
"1400000US12069030410","Census Tract 304.10; Lake County; Florida","1466","178","1124","112","901","131","223","114","49","41","174","107","342","144","274","112","68","97",
"1400000US12069030411","Census Tract 304.11; Lake County; Florida","3304","429","2039","406","1468","399","571","221","139","100","432","203","1265","296","1139","286","126","114",
"1400000US12069030505","Census Tract 305.05; Lake County; Florida","1872","357","881","288","344","169","537","239","18","45","519","249","991","312","936","327","55","63",
"1400000US12069030506","Census Tract 305.06; Lake County; Florida","2610","240","1692","242","1583","255","109","66","14","20","95","64","918","255","811","253","107","71",
"1400000US12069030507","Census Tract 305.07; Lake County; Florida","3641","360","2354","415","1776","387","578","297","92","95","486","282","1287","278","1219","267","68","67",
"1400000US12069030601","Census Tract 306.01; Lake County; Florida","2654","364","1594","379","1214","351","380","196","28","48","352","184","1060","313","982","299","78","73",
"1400000US12069030602","Census Tract 306.02; Lake County; Florida","1482","320","724","187","294","154","430","116","46","55","384","119","758","294","666","289","92","76",
"1400000US12069030701","Census Tract 307.01; Lake County; Florida","1230","243","710","220","686","224","24","23","4","8","20","23","520","162","503","156","17","31",
"1400000US12069030702","Census Tract 307.02; Lake County; Florida","2363","268","1768","301","1252","274","516","217","265","194","251","132","595","223","468","201","127","99",
"1400000US12069030803","Census Tract 308.03; Lake County; Florida","2788","519","1444","453","1284","453","160","98","0","21","160","98","1344","409","1212","400","132","98",
"1400000US12069030804","Census Tract 308.04; Lake County; Florida","698","126","348","102","216","79","132","96","51","36","81","87","350","89","298","92","52","39",
"1400000US12069030805","Census Tract 308.05; Lake County; Florida","1797","251","1148","264","986","275","162","68","13","23","149","65","649","193","494","168","155","109",
"1400000US12069030806","Census Tract 308.06; Lake County; Florida","1847","204","850","149","542","143","308","101","97","57","211","90","997","189","852","188","145","78",
"1400000US12069030807","Census Tract 308.07; Lake County; Florida","2180","311","1229","214","940","208","289","174","119","123","170","128","951","269","851","275","100","72",
"1400000US12069030914","Census Tract 309.14; Lake County; Florida","2496","380","1212","246","883","277","329","155","69","93","260","122","1284","351","1125","359","159","112",
"1400000US12069030915","Census Tract 309.15; Lake County; Florida","3840","455","2216","491","1538","425","678","238","155","107","523","234","1624","327","1365","316","259","125",
"1400000US12069030916","Census Tract 309.16; Lake County; Florida","2346","589","1751","563","1346","563","405","162","212","119","193","142","595","174","394","133","201","142",
"1400000US12069030917","Census Tract 309.17; Lake County; Florida","3157","404","2483","377","2091","379","392","147","222","111","170","106","674","208","623","202","51","81",
"1400000US12069030918","Census Tract 309.18; Lake County; Florida","796","79","579","71","478","100","101","65","21","27","80","60","217","89","184","85","33","30",
"1400000US12069031001","Census Tract 310.01; Lake County; Florida","872","174","649","157","511","129","138","65","35","26","103","59","223","87","135","43","88","77",
"1400000US12069031002","Census Tract 310.02; Lake County; Florida","2758","289","2134","286","1784","267","350","164","162","112","188","131","624","194","526","187","98","84",
"1400000US12069031103","Census Tract 311.03; Lake County; Florida","1040","101","838","112","737","102","101","56","16","12","85","56","202","53","184","51","18","15",
"1400000US12069031104","Census Tract 311.04; Lake County; Florida","1160","261","746","256","737","255","9","14","0","15","9","14","414","116","337","113","77","57",
"1400000US12069031105","Census Tract 311.05; Lake County; Florida","3547","435","2909","425","2719","437","190","87","69","54","121","68","638","187","563","173","75","60",
"1400000US12069031106","Census Tract 311.06; Lake County; Florida","1308","146","915","119","766","120","149","96","0","15","149","96","393","107","376","108","17","19",
"1400000US12069031107","Census Tract 311.07; Lake County; Florida","1712","226","1130","218","1070","215","60","29","0","15","60","29","582","180","404","158","178","115",
"1400000US12069031108","Census Tract 311.08; Lake County; Florida","1367","165","932","161","815","155","117","85","43","67","74","51","435","105","389","105","46","44",
"1400000US12069031202","Census Tract 312.02; Lake County; Florida","2902","494","1752","333","1534","360","218","122","77","89","141","104","1150","457","985","440","165","154",
"1400000US12069031203","Census Tract 312.03; Lake County; Florida","2567","341","2156","327","1759","389","397","208","55","61","342","204","411","151","335","133","76","57",
"1400000US12069031205","Census Tract 312.05; Lake County; Florida","1207","211","956","209","565","159","391","185","172","97","219","137","251","112","160","87","91","91",
"1400000US12069031206","Census Tract 312.06; Lake County; Florida","2019","369","1754","337","1296","360","458","202","266","159","192","146","265","143","254","142","11","17",
"1400000US12069031207","Census Tract 312.07; Lake County; Florida","5303","442","4206","460","3028","453","1178","439","202","162","976","429","1097","341","875","336","222","127",
"1400000US12069031208","Census Tract 312.08; Lake County; Florida","1796","301","1068","191","999","186","69","59","23","28","46","48","728","284","702","286","26","34",
"1400000US12069031301","Census Tract 313.01; Lake County; Florida","2900","543","2428","558","1958","563","470","148","149","85","321","145","472","168","368","140","104","74",
"1400000US12069031306","Census Tract 313.06; Lake County; Florida","4413","453","3491","411","3065","399","426","179","174","140","252","136","922","309","796","306","126","98",
"1400000US12069031308","Census Tract 313.08; Lake County; Florida","3118","283","2125","273","1776","280","349","157","87","72","262","143","993","302","918","298","75","52",
"1400000US12069031309","Census Tract 313.09; Lake County; Florida","5316","469","4329","419","3689","419","640","268","224","120","416","239","987","364","543","246","444","282",
"1400000US12069031312","Census Tract 313.12; Lake County; Florida","2243","305","1277","294","700","267","577","222","70","68","507","208","966","299","889","303","77","98",
"1400000US12069031313","Census Tract 313.13; Lake County; Florida","1193","179","832","140","641","123","191","96","38","45","153","90","361","174","311","165","50","46",
"1400000US12069031314","Census Tract 313.14; Lake County; Florida","3901","410","3206","401","2744","420","462","238","191","127","271","202","695","236","498","213","197","100",
"1400000US12069031315","Census Tract 313.15; Lake County; Florida","2656","209","1914","335","1513","342","401","191","124","128","277","167","742","285","461","165","281","211",
"1400000US12069031316","Census Tract 313.16; Lake County; Florida","3664","386","2934","362","2243","352","691","269","340","247","351","164","730","263","610","230","120","114",
"1400000US12069031317","Census Tract 313.17; Lake County; Florida","1721","196","1171","210","694","182","477","206","32","28","445","207","550","172","319","152","231","137",
"1400000US12069031318","Census Tract 313.18; Lake County; Florida","3071","530","1453","452","1207","393","246","213","144","197","102","67","1618","408","987","318","631","279",
"1400000US12069031319","Census Tract 313.19; Lake County; Florida","2472","413","1721","400","1627","389","94","47","49","43","45","35","751","290","658","296","93","80",
"1400000US12069031320","Census Tract 313.20; Lake County; Florida","2503","329","1680","334","1246","337","434","176","26","30","408","170","823","271","713","269","110","95",
"1400000US12069031321","Census Tract 313.21; Lake County; Florida","1223","127","918","120","780","122","138","94","17","22","121","94","305","146","203","108","102","109",
"1400000US12069031322","Census Tract 313.22; Lake County; Florida","1053","98","907","124","783","134","124","89","21","27","103","84","146","69","63","46","83","50",
"1400000US12069031323","Census Tract 313.23; Lake County; Florida","1901","354","1594","384","1316","345","278","177","65","56","213","161","307","121","228","107","79","53",
"1400000US12069031324","Census Tract 313.24; Lake County; Florida","1345","259","1041","272","879","274","162","86","21","30","141","80","304","141","232","121","72","68",
"1400000US12071000303","Census Tract 3.03; Lee County; Florida","1198","186","699","197","282","123","417","195","121","105","296","170","499","158","368","132","131","109",
"1400000US12071000304","Census Tract 3.04; Lee County; Florida","780","215","444","219","301","213","143","81","51","39","92","72","336","82","254","74","82","48",
"1400000US12071000305","Census Tract 3.05; Lee County; Florida","707","96","438","102","202","76","236","101","92","57","144","95","269","79","244","77","25","29",
"1400000US12071000306","Census Tract 3.06; Lee County; Florida","1074","203","570","190","276","156","294","120","156","107","138","80","504","145","332","114","172","117",
"1400000US12071000401","Census Tract 4.01; Lee County; Florida","851","137","578","121","299","95","279","91","106","55","173","72","273","118","170","86","103","87",
"1400000US12071000402","Census Tract 4.02; Lee County; Florida","1034","171","799","184","683","165","116","64","24","38","92","78","235","89","235","89","0","15",
"1400000US12071000502","Census Tract 5.02; Lee County; Florida","1361","229","1040","219","228","115","812","214","95","79","717","219","321","157","200","102","121","113",
"1400000US12071000503","Census Tract 5.03; Lee County; Florida","1326","210","850","159","237","140","613","166","226","147","387","118","476","203","391","192","85","113",
"1400000US12071000504","Census Tract 5.04; Lee County; Florida","1301","210","451","130","274","92","177","94","74","54","103","89","850","241","722","220","128","79",
"1400000US12071000600","Census Tract 6; Lee County; Florida","1488","285","878","202","376","162","502","172","106","65","396","164","610","243","551","244","59","60",
"1400000US12071000700","Census Tract 7; Lee County; Florida","879","107","370","112","112","70","258","92","100","64","158","69","509","130","388","118","121","82",
"1400000US12071000800","Census Tract 8; Lee County; Florida","1255","250","474","159","395","147","79","44","72","43","7","11","781","188","600","193","181","93",
"1400000US12071000900","Census Tract 9; Lee County; Florida","889","137","664","128","538","105","126","82","13","20","113","81","225","100","168","85","57","51",
"1400000US12071001001","Census Tract 10.01; Lee County; Florida","1403","243","1038","262","733","247","305","123","66","58","239","132","365","120","266","107","99","76",
"1400000US12071001002","Census Tract 10.02; Lee County; Florida","1362","226","574","151","397","146","177","110","41","42","136","102","788","205","659","207","129","62",
"1400000US12071001101","Census Tract 11.01; Lee County; Florida","1531","307","786","180","423","164","363","166","161","103","202","117","745","317","603","309","142","87",
"1400000US12071001103","Census Tract 11.03; Lee County; Florida","1017","212","410","150","256","104","154","108","0","15","154","108","607","195","517","186","90","56",
"1400000US12071001104","Census Tract 11.04; Lee County; Florida","965","199","557","160","282","151","275","137","55","90","220","96","408","177","388","174","20","26",
"1400000US12071001203","Census Tract 12.03; Lee County; Florida","1968","383","1306","403","973","400","333","138","35","45","298","134","662","193","427","193","235","121",
"1400000US12071001204","Census Tract 12.04; Lee County; Florida","1121","124","676","124","581","123","95","56","17","20","78","58","445","112","344","114","101","90",
"1400000US12071001205","Census Tract 12.05; Lee County; Florida","1925","244","907","282","633","251","274","138","132","96","142","93","1018","225","685","219","333","134",
"1400000US12071001206","Census Tract 12.06; Lee County; Florida","1119","142","596","167","378","150","218","126","43","48","175","126","523","134","376","115","147","71",
"1400000US12071001207","Census Tract 12.07; Lee County; Florida","1065","107","646","101","613","93","33","41","9","15","24","38","419","116","370","125","49","46",
"1400000US12071001208","Census Tract 12.08; Lee County; Florida","1669","308","1306","328","1193","331","113","62","10","16","103","57","363","133","314","123","49","48",
"1400000US12071001209","Census Tract 12.09; Lee County; Florida","1615","246","646","182","397","164","249","117","55","55","194","108","969","228","648","181","321","182",
"1400000US12071001300","Census Tract 13; Lee County; Florida","1236","153","780","160","535","153","245","92","81","49","164","86","456","112","346","105","110","72",
"1400000US12071001401","Census Tract 14.01; Lee County; Florida","2634","284","1003","278","343","149","660","261","155","130","505","213","1631","276","1403","300","228","151",
"1400000US12071001402","Census Tract 14.02; Lee County; Florida","1182","248","882","216","772","222","110","59","58","40","52","42","300","118","266","118","34","29",
"1400000US12071001501","Census Tract 15.01; Lee County; Florida","1368","195","770","184","726","178","44","33","8","15","36","30","598","121","558","111","40","33",
"1400000US12071001502","Census Tract 15.02; Lee County; Florida","2257","358","1161","421","465","217","696","396","203","167","493","344","1096","262","735","241","361","210",
"1400000US12071001601","Census Tract 16.01; Lee County; Florida","2079","276","1110","221","890","268","220","124","142","108","78","58","969","240","787","247","182","81",
"1400000US12071001602","Census Tract 16.02; Lee County; Florida","1782","298","947","242","803","240","144","58","53","36","91","50","835","196","606","175","229","109",
"1400000US12071001701","Census Tract 17.01; Lee County; Florida","1447","160","674","121","517","119","157","77","74","54","83","57","773","153","737","152","36","30",
"1400000US12071001705","Census Tract 17.05; Lee County; Florida","2233","367","1008","163","838","158","170","100","31","38","139","93","1225","331","1121","304","104","105",
"1400000US12071001706","Census Tract 17.06; Lee County; Florida","1705","302","978","134","816","129","162","99","62","86","100","65","727","322","558","293","169","140",
"1400000US12071001708","Census Tract 17.08; Lee County; Florida","1941","463","802","355","524","142","278","336","240","335","38","32","1139","385","1049","362","90","84",
"1400000US12071001709","Census Tract 17.09; Lee County; Florida","1304","175","714","113","594","104","120","64","25","28","95","60","590","152","492","143","98","60",
"1400000US12071001710","Census Tract 17.10; Lee County; Florida","1206","128","733","115","562","100","171","74","0","15","171","74","473","124","453","125","20","23",
"1400000US12071001711","Census Tract 17.11; Lee County; Florida","1486","179","449","132","421","131","28","26","0","15","28","26","1037","189","911","188","126","85",
"1400000US12071001801","Census Tract 18.01; Lee County; Florida","2385","243","1181","167","1020","186","161","120","28","41","133","112","1204","263","880","269","324","147",
"1400000US12071001802","Census Tract 18.02; Lee County; Florida","1436","207","1091","187","1005","182","86","54","46","44","40","44","345","100","297","84","48","52",
"1400000US12071001903","Census Tract 19.03; Lee County; Florida","1493","196","929","187","891","185","38","31","5","7","33","31","564","152","491","135","73","49",
"1400000US12071001908","Census Tract 19.08; Lee County; Florida","456","112","218","67","218","67","0","15","0","15","0","15","238","89","214","86","24","22",
"1400000US12071001910","Census Tract 19.10; Lee County; Florida","667","140","392","104","382","104","10","16","0","15","10","16","275","95","208","81","67","56",
"1400000US12071001911","Census Tract 19.11; Lee County; Florida","463","87","241","66","219","64","22","19","7","10","15","16","222","68","222","68","0","15",
"1400000US12071001912","Census Tract 19.12; Lee County; Florida","768","190","347","101","347","101","0","15","0","15","0","15","421","190","399","188","22","25",
"1400000US12071001913","Census Tract 19.13; Lee County; Florida","746","142","375","95","346","93","29","26","20","22","9","14","371","103","302","97","69","43",
"1400000US12071001915","Census Tract 19.15; Lee County; Florida","1686","255","717","166","697","161","20","31","0","15","20","31","969","193","952","193","17","19",
"1400000US12071001916","Census Tract 19.16; Lee County; Florida","851","144","388","108","359","102","29","34","0","15","29","34","463","123","400","124","63","45",
"1400000US12071001917","Census Tract 19.17; Lee County; Florida","1324","237","577","169","335","163","242","130","0","15","242","130","747","235","699","225","48","65",
"1400000US12071001918","Census Tract 19.18; Lee County; Florida","1110","242","735","220","720","223","15","25","0","15","15","25","375","174","366","173","9","15",
"1400000US12071001919","Census Tract 19.19; Lee County; Florida","951","146","473","119","419","110","54","42","0","15","54","42","478","99","437","95","41","43",
"1400000US12071001920","Census Tract 19.20; Lee County; Florida","1612","356","1136","345","992","289","144","173","0","15","144","173","476","147","413","155","63","53",
"1400000US12071001921","Census Tract 19.21; Lee County; Florida","1531","334","1172","326","1122","328","50","46","0","15","50","46","359","107","300","106","59","36",
"1400000US12071001922","Census Tract 19.22; Lee County; Florida","1163","267","690","195","661","199","29","29","18","23","11","19","473","211","391","147","82","95",
"1400000US12071001923","Census Tract 19.23; Lee County; Florida","1295","273","893","247","826","246","67","63","0","15","67","63","402","172","350","166","52","49",
"1400000US12071010104","Census Tract 101.04; Lee County; Florida","1237","190","877","179","851","180","26","24","9","15","17","19","360","113","307","105","53","50",
"1400000US12071010106","Census Tract 101.06; Lee County; Florida","1805","261","1497","260","1185","306","312","152","130","83","182","124","308","128","145","91","163","91",
"1400000US12071010107","Census Tract 101.07; Lee County; Florida","1163","150","1042","152","775","147","267","128","104","104","163","79","121","65","82","55","39","41",
"1400000US12071010108","Census Tract 101.08; Lee County; Florida","1548","270","1281","250","1128","238","153","88","66","60","87","64","267","108","150","85","117","72",
"1400000US12071010109","Census Tract 101.09; Lee County; Florida","1701","197","1334","205","1212","222","122","91","45","46","77","85","367","164","217","112","150","113",
"1400000US12071010110","Census Tract 101.10; Lee County; Florida","1146","154","833","167","722","165","111","75","50","62","61","48","313","104","154","83","159","78",
"1400000US12071010111","Census Tract 101.11; Lee County; Florida","2191","236","1788","266","1172","266","616","218","292","235","324","180","403","183","279","152","124","98",
"1400000US12071010112","Census Tract 101.12; Lee County; Florida","1222","243","635","212","423","106","212","188","10","18","202","188","587","161","465","153","122","70",
"1400000US12071010113","Census Tract 101.13; Lee County; Florida","1504","528","985","160","644","159","341","127","58","69","283","125","519","553","482","554","37","46",
"1400000US12071010203","Census Tract 102.03; Lee County; Florida","3118","464","2005","302","1281","306","724","193","164","81","560","196","1113","394","924","388","189","136",
"1400000US12071010205","Census Tract 102.05; Lee County; Florida","2050","237","1554","236","1029","289","525","248","212","134","313","205","496","210","397","190","99","76",
"1400000US12071010206","Census Tract 102.06; Lee County; Florida","3497","606","2229","352","1887","352","342","172","163","95","179","142","1268","587","937","576","331","162",
"1400000US12071010207","Census Tract 102.07; Lee County; Florida","1928","240","1458","214","1239","250","219","165","6","26","213","155","470","169","336","164","134","95",
"1400000US12071010208","Census Tract 102.08; Lee County; Florida","1420","301","1144","311","942","266","202","198","22","27","180","197","276","114","237","112","39","42",
"1400000US12071010209","Census Tract 102.09; Lee County; Florida","1138","182","696","188","647","193","49","42","12","20","37","36","442","127","411","126","31","28",
"1400000US12071010210","Census Tract 102.10; Lee County; Florida","1693","192","1088","182","930","150","158","132","94","113","64","65","605","175","443","146","162","97",
"1400000US12071010302","Census Tract 103.02; Lee County; Florida","2894","337","1747","274","1104","276","643","200","84","65","559","186","1147","373","917","353","230","138",
"1400000US12071010303","Census Tract 103.03; Lee County; Florida","2292","269","1555","232","1100","227","455","243","158","110","297","193","737","222","490","205","247","169",
"1400000US12071010305","Census Tract 103.05; Lee County; Florida","1909","233","1297","229","1084","251","213","70","6","11","207","69","612","164","541","162","71","41",
"1400000US12071010306","Census Tract 103.06; Lee County; Florida","2657","285","1888","329","1093","273","795","277","285","202","510","215","769","197","674","195","95","65",
"1400000US12071010307","Census Tract 103.07; Lee County; Florida","3515","535","2049","418","1382","361","667","314","276","284","391","163","1466","491","1049","461","417","230",
"1400000US12071010308","Census Tract 103.08; Lee County; Florida","2152","234","1423","233","1013","285","410","173","87","65","323","191","729","245","642","234","87","59",
"1400000US12071010309","Census Tract 103.09; Lee County; Florida","2067","430","1260","219","841","179","419","173","201","156","218","107","807","421","615","393","192","123",
"1400000US12071010404","Census Tract 104.04; Lee County; Florida","3744","449","3025","461","2529","444","496","216","56","46","440","215","719","251","654","245","65","41",
"1400000US12071010411","Census Tract 104.11; Lee County; Florida","1884","381","1414","348","970","308","444","155","90","57","354","143","470","165","323","134","147","107",
"1400000US12071010412","Census Tract 104.12; Lee County; Florida","2508","503","1221","263","913","216","308","183","66","58","242","168","1287","511","1240","505","47","60",
"1400000US12071010413","Census Tract 104.13; Lee County; Florida","2472","382","1789","354","1435","221","354","312","274","291","80","89","683","205","575","204","108","77",
"1400000US12071010414","Census Tract 104.14; Lee County; Florida","1328","257","758","149","580","157","178","73","61","38","117","65","570","265","347","173","223","191",
"1400000US12071010415","Census Tract 104.15; Lee County; Florida","1826","403","1414","350","1343","348","71","44","28","22","43","42","412","176","389","174","23","30",
"1400000US12071010416","Census Tract 104.16; Lee County; Florida","1549","288","1114","200","925","181","189","149","23","36","166","142","435","238","394","229","41","40",
"1400000US12071010417","Census Tract 104.17; Lee County; Florida","1117","223","575","135","523","142","52","49","34","44","18","20","542","206","467","201","75","62",
"1400000US12071010418","Census Tract 104.18; Lee County; Florida","2580","307","1747","290","1482","246","265","146","44","49","221","135","833","251","695","233","138","101",
"1400000US12071010419","Census Tract 104.19; Lee County; Florida","2213","378","1613","277","1190","258","423","245","97","82","326","225","600","339","392","307","208","114",
"1400000US12071010420","Census Tract 104.20; Lee County; Florida","3265","444","2514","439","2229","430","285","154","16","27","269","152","751","229","605","207","146","133",
"1400000US12071010421","Census Tract 104.21; Lee County; Florida","2675","272","2038","321","1859","335","179","95","23","37","156","90","637","272","430","252","207","135",
"1400000US12071010422","Census Tract 104.22; Lee County; Florida","1723","229","1142","229","1016","207","126","109","68","89","58","47","581","217","541","213","40","46",
"1400000US12071010423","Census Tract 104.23; Lee County; Florida","1394","209","1129","219","1088","228","41","37","12","17","29","34","265","112","133","74","132","94",
"1400000US12071010501","Census Tract 105.01; Lee County; Florida","1615","152","995","146","796","142","199","95","49","52","150","80","620","190","472","177","148","81",
"1400000US12071010503","Census Tract 105.03; Lee County; Florida","1235","142","717","103","554","107","163","80","29","30","134","86","518","144","460","141","58","49",
"1400000US12071010504","Census Tract 105.04; Lee County; Florida","1320","285","770","297","555","270","215","144","11","19","204","147","550","156","460","160","90","68",
"1400000US12071010601","Census Tract 106.01; Lee County; Florida","1713","189","1129","191","806","150","323","127","108","110","215","78","584","144","363","117","221","108",
"1400000US12071010602","Census Tract 106.02; Lee County; Florida","1243","197","719","164","626","162","93","76","24","31","69","69","524","158","459","147","65","58",
"1400000US12071010701","Census Tract 107.01; Lee County; Florida","1840","237","1285","224","1115","225","170","91","106","104","64","68","555","134","460","130","95","58",
"1400000US12071010702","Census Tract 107.02; Lee County; Florida","1522","239","908","185","796","167","112","66","44","39","68","46","614","149","530","139","84","48",
"1400000US12071010801","Census Tract 108.01; Lee County; Florida","962","139","622","128","488","117","134","82","31","49","103","66","340","112","291","100","49","44",
"1400000US12071010802","Census Tract 108.02; Lee County; Florida","1945","297","936","223","764","217","172","94","13","20","159","90","1009","281","941","284","68","37",
"1400000US12071010803","Census Tract 108.03; Lee County; Florida","785","147","505","118","465","122","40","27","15","16","25","21","280","103","254","100","26","18",
"1400000US12071020102","Census Tract 201.02; Lee County; Florida","2130","281","1332","245","1000","266","332","116","0","15","332","116","798","212","660","197","138","97",
"1400000US12071020103","Census Tract 201.03; Lee County; Florida","1396","283","699","271","626","267","73","50","8","12","65","48","697","165","540","163","157","35",
"1400000US12071020104","Census Tract 201.04; Lee County; Florida","1498","156","1164","153","1164","153","0","15","0","15","0","15","334","98","316","93","18","28",
"1400000US12071020201","Census Tract 202.01; Lee County; Florida","559","92","302","76","203","72","99","45","45","35","54","44","257","79","148","73","109","63",
"1400000US12071020202","Census Tract 202.02; Lee County; Florida","1306","107","1009","139","839","147","170","70","83","52","87","54","297","103","169","73","128","78",
"1400000US12071020301","Census Tract 203.01; Lee County; Florida","1618","528","623","175","280","114","343","143","55","51","288","144","995","495","926","501","69","51",
"1400000US12071020302","Census Tract 203.02; Lee County; Florida","948","249","480","121","301","105","179","83","75","66","104","57","468","227","440","226","28","29",
"1400000US12071020400","Census Tract 204; Lee County; Florida","1491","238","913","174","777","146","136","129","100","129","36","31","578","206","524","201","54","40",
"1400000US12071020501","Census Tract 205.01; Lee County; Florida","1536","200","770","162","655","159","115","62","18","18","97","58","766","174","683","173","83","46",
"1400000US12071020502","Census Tract 205.02; Lee County; Florida","1636","268","923","205","701","178","222","124","25","41","197","126","713","220","603","220","110","70",
"1400000US12071020600","Census Tract 206; Lee County; Florida","1901","373","897","183","579","157","318","142","78","74","240","134","1004","358","888","359","116","64",
"1400000US12071020700","Census Tract 207; Lee County; Florida","1758","187","1028","155","840","154","188","103","104","82","84","69","730","145","532","124","198","96",
"1400000US12071020801","Census Tract 208.01; Lee County; Florida","1205","336","459","130","409","128","50","28","35","23","15","17","746","324","626","325","120","81",
"1400000US12071020802","Census Tract 208.02; Lee County; Florida","967","145","481","135","251","118","230","82","146","59","84","70","486","173","472","171","14","22",
"1400000US12071030100","Census Tract 301; Lee County; Florida","988","197","628","157","601","166","27","27","0","15","27","27","360","128","314","118","46","51",
"1400000US12071030201","Census Tract 302.01; Lee County; Florida","1089","112","703","108","672","103","31","28","17","19","14","21","386","103","301","87","85","57",
"1400000US12071030202","Census Tract 302.02; Lee County; Florida","2388","401","1392","249","1072","236","320","144","171","112","149","93","996","434","903","415","93","83",
"1400000US12071030205","Census Tract 302.05; Lee County; Florida","1247","201","991","209","789","212","202","102","120","89","82","60","256","79","219","77","37","27",
"1400000US12071030300","Census Tract 303; Lee County; Florida","1205","134","836","129","675","103","161","131","150","128","11","19","369","108","282","91","87","46",
"1400000US12071040108","Census Tract 401.08; Lee County; Florida","1904","386","1343","374","1148","373","195","84","52","44","143","72","561","137","437","114","124","80",
"1400000US12071040109","Census Tract 401.09; Lee County; Florida","1856","219","1424","250","782","288","642","247","120","76","522","252","432","129","281","111","151","82",
"1400000US12071040110","Census Tract 401.10; Lee County; Florida","1569","164","765","131","576","124","189","94","16","20","173","92","804","183","555","182","249","141",
"1400000US12071040111","Census Tract 401.11; Lee County; Florida","1406","219","920","118","861","119","59","45","21","31","38","37","486","188","311","125","175","113",
"1400000US12071040113","Census Tract 401.13; Lee County; Florida","592","67","518","73","488","77","30","25","16","17","14","15","74","34","70","34","4","6",
"1400000US12071040117","Census Tract 401.17; Lee County; Florida","1749","323","1333","316","1055","182","278","335","7","12","271","334","416","100","388","97","28","26",
"1400000US12071040118","Census Tract 401.18; Lee County; Florida","1280","170","734","147","697","131","37","41","0","15","37","41","546","128","461","132","85","46",
"1400000US12071040120","Census Tract 401.20; Lee County; Florida","729","83","501","86","355","78","146","59","68","38","78","50","228","86","157","70","71","55",
"1400000US12071040121","Census Tract 401.21; Lee County; Florida","1164","141","993","177","526","140","467","157","177","99","290","138","171","90","83","60","88","73",
"1400000US12071040122","Census Tract 401.22; Lee County; Florida","1671","163","1254","160","496","151","758","172","131","82","627","170","417","172","242","140","175","108",
"1400000US12071040123","Census Tract 401.23; Lee County; Florida","2122","296","1428","301","1240","313","188","98","12","19","176","101","694","176","628","175","66","52",
"1400000US12071040124","Census Tract 401.24; Lee County; Florida","1956","207","1670","251","1246","280","424","201","84","94","340","177","286","159","154","99","132","131",
"1400000US12071040125","Census Tract 401.25; Lee County; Florida","839","128","642","119","441","105","201","103","80","66","121","65","197","73","128","64","69","40",
"1400000US12071040126","Census Tract 401.26; Lee County; Florida","1037","96","820","112","676","143","144","92","34","36","110","87","217","77","114","64","103","56",
"1400000US12071040127","Census Tract 401.27; Lee County; Florida","1333","188","1024","183","686","139","338","160","85","53","253","151","309","117","231","121","78","68",
"1400000US12071040128","Census Tract 401.28; Lee County; Florida","1396","212","1070","194","1037","191","33","52","0","15","33","52","326","86","267","77","59","43",
"1400000US12071040129","Census Tract 401.29; Lee County; Florida","1078","125","734","115","668","134","66","45","45","48","21","21","344","115","306","114","38","28",
"1400000US12071040130","Census Tract 401.30; Lee County; Florida","1995","404","1300","298","1100","299","200","127","58","77","142","103","695","328","611","324","84","54",
"1400000US12071040131","Census Tract 401.31; Lee County; Florida","769","115","502","89","497","89","5","8","5","8","0","15","267","96","206","91","61","40",
"1400000US12071040132","Census Tract 401.32; Lee County; Florida","1043","121","707","106","699","105","8","11","0","15","8","11","336","115","307","115","29","30",
"1400000US12071040133","Census Tract 401.33; Lee County; Florida","1314","295","1101","279","1019","279","82","61","12","18","70","60","213","108","180","79","33","51",
"1400000US12071040134","Census Tract 401.34; Lee County; Florida","841","124","429","115","252","69","177","98","47","41","130","87","412","107","310","103","102","68",
"1400000US12071040135","Census Tract 401.35; Lee County; Florida","941","113","647","93","616","92","31","29","0","15","31","29","294","94","237","89","57","37",
"1400000US12071040136","Census Tract 401.36; Lee County; Florida","1825","216","1363","216","1061","232","302","143","29","47","273","140","462","178","381","164","81","61",
"1400000US12071040137","Census Tract 401.37; Lee County; Florida","1012","92","798","89","676","93","122","69","40","39","82","63","214","74","139","76","75","55",
"1400000US12071040138","Census Tract 401.38; Lee County; Florida","2514","277","1775","223","1652","211","123","69","42","46","81","52","739","181","563","175","176","79",
"1400000US12071040139","Census Tract 401.39; Lee County; Florida","109","45","23","27","23","27","0","15","0","15","0","15","86","36","17","21","69","38",
"1400000US12071040205","Census Tract 402.05; Lee County; Florida","1913","129","1200","219","793","198","407","148","120","94","287","123","713","226","449","168","264","135",
"1400000US12071040206","Census Tract 402.06; Lee County; Florida","1999","218","1562","211","1393","215","169","85","34","41","135","79","437","159","327","135","110","111",
"1400000US12071040207","Census Tract 402.07; Lee County; Florida","1956","190","1537","193","1111","181","426","185","122","89","304","158","419","126","374","124","45","39",
"1400000US12071040208","Census Tract 402.08; Lee County; Florida","824","103","689","110","578","119","111","61","39","44","72","51","135","64","88","53","47","45",
"1400000US12071040209","Census Tract 402.09; Lee County; Florida","1071","140","768","154","606","146","162","86","94","68","68","51","303","126","177","96","126","78",
"1400000US12071040210","Census Tract 402.10; Lee County; Florida","930","106","773","117","513","95","260","104","39","28","221","104","157","66","124","61","33","25",
"1400000US12071040211","Census Tract 402.11; Lee County; Florida","2075","258","1250","207","859","185","391","164","155","129","236","109","825","264","652","223","173","117",
"1400000US12071040212","Census Tract 402.12; Lee County; Florida","2028","342","1538","361","1037","297","501","220","96","75","405","211","490","221","319","178","171","167",
"1400000US12071040301","Census Tract 403.01; Lee County; Florida","2638","251","2074","255","1334","225","740","228","331","178","409","189","564","269","477","264","87","75",
"1400000US12071040302","Census Tract 403.02; Lee County; Florida","1410","154","1123","177","720","177","403","165","86","66","317","142","287","130","184","112","103","79",
"1400000US12071040303","Census Tract 403.03; Lee County; Florida","1976","215","1756","222","1104","232","652","216","216","118","436","210","220","121","146","103","74","67",
"1400000US12071040304","Census Tract 403.04; Lee County; Florida","2607","315","1444","296","905","184","539","310","92","89","447","299","1163","259","1021","236","142","121",
"1400000US12071040305","Census Tract 403.05; Lee County; Florida","1369","178","941","190","509","178","432","194","230","161","202","91","428","146","371","146","57","46",
"1400000US12071040308","Census Tract 403.08; Lee County; Florida","1303","147","1057","161","841","124","216","115","60","45","156","104","246","96","198","93","48","35",
"1400000US12071040310","Census Tract 403.10; Lee County; Florida","835","84","702","101","534","113","168","62","32","26","136","63","133","65","80","47","53","48",
"1400000US12071040311","Census Tract 403.11; Lee County; Florida","2082","211","1423","270","819","183","604","315","144","133","460","272","659","156","537","143","122","68",
"1400000US12071040312","Census Tract 403.12; Lee County; Florida","577","83","494","86","293","67","201","92","73","43","128","88","83","53","73","54","10","16",
"1400000US12071040313","Census Tract 403.13; Lee County; Florida","522","75","481","80","302","50","179","73","43","29","136","68","41","41","32","37","9","13",
"1400000US12071040314","Census Tract 403.14; Lee County; Florida","961","100","747","109","428","75","319","102","65","36","254","101","214","77","156","62","58","51",
"1400000US12071040315","Census Tract 403.15; Lee County; Florida","921","137","755","124","616","108","139","83","7","11","132","80","166","94","166","94","0","15",
"1400000US12071040316","Census Tract 403.16; Lee County; Florida","1367","221","989","230","538","126","451","230","60","48","391","231","378","117","294","111","84","70",
"1400000US12071050103","Census Tract 501.03; Lee County; Florida","658","104","461","77","433","72","28","20","12","14","16","13","197","71","152","69","45","29",
"1400000US12071050104","Census Tract 501.04; Lee County; Florida","1515","194","860","163","741","161","119","71","21","26","98","73","655","152","577","137","78","52",
"1400000US12071050105","Census Tract 501.05; Lee County; Florida","1406","250","738","192","664","194","74","60","29","32","45","42","668","186","584","170","84","66",
"1400000US12071050106","Census Tract 501.06; Lee County; Florida","2224","451","1437","417","1134","194","303","347","18","30","285","346","787","212","668","206","119","74",
"1400000US12071050204","Census Tract 502.04; Lee County; Florida","1522","231","893","146","682","134","211","95","45","35","166","87","629","226","412","204","217","83",
"1400000US12071050205","Census Tract 502.05; Lee County; Florida","759","114","536","118","465","113","71","56","25","21","46","52","223","66","166","53","57","40",
"1400000US12071050206","Census Tract 502.06; Lee County; Florida","1084","260","807","259","504","95","303","251","230","240","73","63","277","107","197","89","80","61",
"1400000US12071050207","Census Tract 502.07; Lee County; Florida","1327","169","812","137","760","137","52","52","0","15","52","52","515","132","467","130","48","31",
"1400000US12071050208","Census Tract 502.08; Lee County; Florida","2080","235","1373","244","987","192","386","197","140","116","246","162","707","177","516","177","191","98",
"1400000US12071050210","Census Tract 502.10; Lee County; Florida","1262","156","810","141","682","138","128","72","27","28","101","69","452","145","349","124","103","71",
"1400000US12071050211","Census Tract 502.11; Lee County; Florida","1255","201","828","186","776","186","52","53","33","52","19","14","427","98","421","98","6","10",
"1400000US12071050212","Census Tract 502.12; Lee County; Florida","1710","292","1076","340","966","331","110","82","42","51","68","60","634","225","340","152","294","177",
"1400000US12071050213","Census Tract 502.13; Lee County; Florida","1832","198","1426","220","986","260","440","213","186","155","254","140","406","160","188","120","218","116",
"1400000US12071050305","Census Tract 503.05; Lee County; Florida","2180","387","1449","259","1449","259","0","15","0","15","0","15","731","310","657","304","74","85",
"1400000US12071050306","Census Tract 503.06; Lee County; Florida","1393","174","871","144","800","133","71","61","19","31","52","52","522","141","496","137","26","22",
"1400000US12071050311","Census Tract 503.11; Lee County; Florida","3347","344","2783","290","2380","285","403","239","130","195","273","124","564","206","406","190","158","125",
"1400000US12071050312","Census Tract 503.12; Lee County; Florida","1821","265","1401","245","1349","240","52","41","12","19","40","38","420","133","408","134","12","19",
"1400000US12071050315","Census Tract 503.15; Lee County; Florida","837","147","660","141","649","140","11","18","0","15","11","18","177","84","134","78","43","45",
"1400000US12071050316","Census Tract 503.16; Lee County; Florida","1622","387","913","170","862","169","51","42","0","15","51","42","709","381","588","375","121","109",
"1400000US12071050317","Census Tract 503.17; Lee County; Florida","1424","259","703","200","660","196","43","44","22","37","21","26","721","255","663","252","58","43",
"1400000US12071050318","Census Tract 503.18; Lee County; Florida","2800","407","1926","351","1656","350","270","170","100","113","170","130","874","285","666","247","208","140",
"1400000US12071050319","Census Tract 503.19; Lee County; Florida","1221","424","692","153","564","120","128","116","50","31","78","113","529","400","218","78","311","397",
"1400000US12071050320","Census Tract 503.20; Lee County; Florida","2362","413","1833","425","1709","424","124","114","73","103","51","58","529","214","417","210","112","114",
"1400000US12071050321","Census Tract 503.21; Lee County; Florida","1207","193","793","154","784","154","9","16","0","15","9","16","414","141","244","97","170","125",
"1400000US12071050322","Census Tract 503.22; Lee County; Florida","1716","255","1290","239","1239","245","51","42","0","15","51","42","426","149","383","138","43","41",
"1400000US12071050323","Census Tract 503.23; Lee County; Florida","674","136","519","135","498","133","21","17","6","9","15","15","155","61","110","53","45","41",
"1400000US12071050324","Census Tract 503.24; Lee County; Florida","2076","509","1472","406","1339","384","133","80","0","15","133","80","604","369","543","366","61","49",
"1400000US12071050325","Census Tract 503.25; Lee County; Florida","2168","328","1685","329","1654","317","31","38","0","15","31","38","483","156","417","152","66","46",
"1400000US12071050401","Census Tract 504.01; Lee County; Florida","1528","220","988","187","769","172","219","101","125","75","94","69","540","158","476","162","64","55",
"1400000US12071050402","Census Tract 504.02; Lee County; Florida","2365","421","1374","292","1111","259","263","206","103","82","160","188","991","374","712","318","279","189",
"1400000US12071050501","Census Tract 505.01; Lee County; Florida","1216","224","906","259","693","229","213","136","22","37","191","131","310","143","172","80","138","104",
"1400000US12071050502","Census Tract 505.02; Lee County; Florida","1646","210","1202","164","1037","171","165","88","71","56","94","73","444","164","319","142","125","93",
"1400000US12071050601","Census Tract 506.01; Lee County; Florida","1285","205","540","124","472","124","68","44","10","17","58","42","745","181","586","180","159","114",
"1400000US12071050603","Census Tract 506.03; Lee County; Florida","1540","348","1143","358","786","235","357","301","32","58","325","294","397","153","278","134","119","81",
"1400000US12071050604","Census Tract 506.04; Lee County; Florida","1145","160","599","119","543","116","56","58","19","30","37","50","546","143","394","132","152","103",
"1400000US12071060101","Census Tract 601.01; Lee County; Florida","470","210","129","61","111","54","18","28","18","28","0","15","341","217","179","80","162","210",
"1400000US12071060102","Census Tract 601.02; Lee County; Florida","757","164","512","160","489","158","23","26","0","15","23","26","245","125","231","124","14","23",
"1400000US12071060201","Census Tract 602.01; Lee County; Florida","388","99","248","82","227","82","21","23","0","15","21","23","140","52","116","52","24","17",
"1400000US12071060202","Census Tract 602.02; Lee County; Florida","954","146","573","126","573","126","0","15","0","15","0","15","381","96","344","90","37","29",
"1400000US12071060203","Census Tract 602.03; Lee County; Florida","732","140","500","95","473","95","27","31","20","29","7","11","232","92","206","86","26","24",
"1400000US12071060300","Census Tract 603; Lee County; Florida","553","120","352","108","319","106","33","17","24","12","9","13","201","70","186","69","15","17",
"1400000US12071070101","Census Tract 701.01; Lee County; Florida","821","132","469","89","399","84","70","49","12","12","58","54","352","98","335","94","17","16",
"1400000US12071070102","Census Tract 701.02; Lee County; Florida","1357","225","1021","227","875","239","146","97","56","42","90","85","336","119","285","111","51","36",
"1400000US12071070201","Census Tract 702.01; Lee County; Florida","942","270","767","267","745","262","22","27","9","15","13","22","175","70","165","71","10","16",
"1400000US12071070202","Census Tract 702.02; Lee County; Florida","656","131","385","76","348","69","37","42","0","15","37","42","271","114","208","85","63","61",
"1400000US12071080100","Census Tract 801; Lee County; Florida","42","30","32","25","32","25","0","15","0","15","0","15","10","16","10","16","0","15",
"1400000US12071080202","Census Tract 802.02; Lee County; Florida","1215","249","744","157","648","157","96","75","84","71","12","22","471","214","458","214","13","20",
"1400000US12071080203","Census Tract 802.03; Lee County; Florida","698","153","536","129","506","128","30","26","0","15","30","26","162","79","145","75","17","19",
"1400000US12071080204","Census Tract 802.04; Lee County; Florida","1257","285","1054","298","958","306","96","83","51","43","45","53","203","107","175","106","28","34",
"1400000US12071080300","Census Tract 803; Lee County; Florida","1252","177","356","119","315","113","41","39","0","15","41","39","896","167","837","168","59","44",
"1400000US12071090100","Census Tract 901; Lee County; Florida","223","131","87","61","87","61","0","15","0","15","0","15","136","98","136","98","0","15",
"1400000US12071980000","Census Tract 9800; Lee County; Florida","0","15","0","15","0","15","0","15","0","15","0","15","0","15","0","15","0","15",
"1400000US12071990000","Census Tract 9900; Lee County; Florida","0","15","0","15","0","15","0","15","0","15","0","15","0","15","0","15","0","15",
"1400000US12073000200","Census Tract 2; Leon County; Florida","2322","319","830","185","540","174","290","120","92","76","198","92","1492","285","1195","269","297","153",
"1400000US12073000301","Census Tract 3.01; Leon County; Florida","788","103","362","93","290","76","72","61","6","8","66","60","426","92","355","82","71","40",
"1400000US12073000302","Census Tract 3.02; Leon County; Florida","1064","102","529","98","390","97","139","65","54","39","85","44","535","104","463","92","72","47",
"1400000US12073000303","Census Tract 3.03; Leon County; Florida","2001","253","1039","256","126","75","913","253","166","115","747","260","962","193","599","168","363","162",
"1400000US12073000400","Census Tract 4; Leon County; Florida","527","82","278","85","51","40","227","86","91","75","136","60","249","76","180","70","69","37",
"1400000US12073000501","Census Tract 5.01; Leon County; Florida","746","160","24","27","13","20","11","18","0","15","11","18","722","151","340","150","382","135",
"1400000US12073000502","Census Tract 5.02; Leon County; Florida","1167","196","0","15","0","15","0","15","0","15","0","15","1167","196","638","220","529","203",
"1400000US12073000600","Census Tract 6; Leon County; Florida","1487","261","397","164","40","36","357","159","74","88","283","147","1090","234","666","181","424","148",
"1400000US12073000700","Census Tract 7; Leon County; Florida","1083","149","323","69","128","52","195","48","86","51","109","39","760","179","532","121","228","106",
"1400000US12073000800","Census Tract 8; Leon County; Florida","1524","277","579","140","450","131","129","79","15","20","114","80","945","252","750","256","195","79",
"1400000US12073000903","Census Tract 9.03; Leon County; Florida","1180","138","468","141","228","112","240","99","46","45","194","72","712","118","544","126","168","94",
"1400000US12073000904","Census Tract 9.04; Leon County; Florida","2056","238","724","156","452","115","272","130","48","56","224","112","1332","219","1035","218","297","106",
"1400000US12073000905","Census Tract 9.05; Leon County; Florida","1681","312","544","111","269","105","275","109","32","41","243","101","1137","329","760","241","377","251",
"1400000US12073000906","Census Tract 9.06; Leon County; Florida","1331","216","652","179","329","112","323","144","51","51","272","135","679","189","564","184","115","71",
"1400000US12073000907","Census Tract 9.07; Leon County; Florida","2762","292","1098","191","838","157","260","147","65","63","195","124","1664","306","1196","315","468","181",
"1400000US12073001001","Census Tract 10.01; Leon County; Florida","1166","249","518","161","87","64","431","162","82","62","349","154","648","232","511","209","137","109",
"1400000US12073001002","Census Tract 10.02; Leon County; Florida","915","207","540","177","202","73","338","159","5","8","333","158","375","172","188","84","187","147",
"1400000US12073001101","Census Tract 11.01; Leon County; Florida","593","92","358","79","70","54","288","65","6","9","282","67","235","97","173","91","62","56",
"1400000US12073001102","Census Tract 11.02; Leon County; Florida","1033","247","694","259","275","130","419","235","103","95","316","224","339","125","295","114","44","72",
"1400000US12073001200","Census Tract 12; Leon County; Florida","827","167","190","63","72","39","118","88","29","34","89","89","637","174","407","161","230","79",
"1400000US12073001300","Census Tract 13; Leon County; Florida","7","10","0","21","0","21","0","21","0","21","0","21","7","10","0","21","7","10",
"1400000US12073001401","Census Tract 14.01; Leon County; Florida","1412","372","339","110","186","96","153","68","31","31","122","69","1073","362","864","341","209","106",
"1400000US12073001402","Census Tract 14.02; Leon County; Florida","2319","370","579","205","65","53","514","204","219","153","295","175","1740","390","1050","436","690","250",
"1400000US12073001500","Census Tract 15; Leon County; Florida","2000","209","1101","243","454","173","647","256","49","56","598","244","899","228","598","222","301","149",
"1400000US12073001601","Census Tract 16.01; Leon County; Florida","2414","204","1048","232","410","157","638","265","187","120","451","212","1366","240","999","203","367","175",
"1400000US12073001602","Census Tract 16.02; Leon County; Florida","1430","295","967","224","825","226","142","70","64","56","78","47","463","208","414","200","49","47",
"1400000US12073001701","Census Tract 17.01; Leon County; Florida","1051","81","861","88","815","89","46","44","34","40","12","17","190","63","172","63","18","21",
"1400000US12073001702","Census Tract 17.02; Leon County; Florida","2857","363","1318","224","879","172","439","211","135","131","304","158","1539","353","1322","360","217","148",
"1400000US12073001801","Census Tract 18.01; Leon County; Florida","1551","186","985","177","408","126","577","161","183","99","394","140","566","163","462","173","104","61",
"1400000US12073001803","Census Tract 18.03; Leon County; Florida","804","88","201","84","95","59","106","63","0","15","106","63","603","113","489","110","114","76",
"1400000US12073001804","Census Tract 18.04; Leon County; Florida","2478","244","1434","274","471","182","963","267","179","139","784","250","1044","289","776","251","268","161",
"1400000US12073001901","Census Tract 19.01; Leon County; Florida","942","185","393","134","221","98","172","111","52","47","120","99","549","145","490","145","59","65",
"1400000US12073001902","Census Tract 19.02; Leon County; Florida","1610","308","791","210","299","147","492","190","54","57","438","181","819","275","662","219","157","186",
"1400000US12073002003","Census Tract 20.03; Leon County; Florida","634","158","256","97","58","61","198","78","30","34","168","87","378","131","240","76","138","106",
"1400000US12073002005","Census Tract 20.05; Leon County; Florida","1472","227","208","127","115","103","93","66","12","19","81","65","1264","234","462","186","802","179",
"1400000US12073002006","Census Tract 20.06; Leon County; Florida","2104","394","386","121","109","84","277","83","130","24","147","80","1718","410","936","433","782","175",
"1400000US12073002007","Census Tract 20.07; Leon County; Florida","1812","283","276","132","126","83","150","98","37","40","113","90","1536","301","877","257","659","247",
"1400000US12073002008","Census Tract 20.08; Leon County; Florida","1870","409","214","162","0","15","214","162","62","100","152","129","1656","384","540","188","1116","392",
"1400000US12073002101","Census Tract 21.01; Leon County; Florida","1947","477","856","228","455","208","401","215","180","146","221","155","1091","462","808","446","283","192",
"1400000US12073002103","Census Tract 21.03; Leon County; Florida","1899","340","331","129","52","27","279","126","57","71","222","118","1568","335","580","151","988","326",
"1400000US12073002105","Census Tract 21.05; Leon County; Florida","1834","398","512","189","265","119","247","161","0","15","247","161","1322","350","779","315","543","188",
"1400000US12073002106","Census Tract 21.06; Leon County; Florida","1209","248","295","86","127","86","168","97","44","50","124","83","914","257","272","122","642","289",
"1400000US12073002201","Census Tract 22.01; Leon County; Florida","2856","302","821","228","377","209","444","198","79","95","365","170","2035","312","1325","377","710","318",
"1400000US12073002205","Census Tract 22.05; Leon County; Florida","2609","349","1486","327","880","228","606","252","138","92","468","228","1123","299","720","261","403","224",
"1400000US12073002206","Census Tract 22.06; Leon County; Florida","1537","164","1193","182","794","164","399","126","108","82","291","107","344","117","281","112","63","43",
"1400000US12073002207","Census Tract 22.07; Leon County; Florida","1038","155","425","104","321","91","104","65","48","50","56","44","613","166","291","99","322","154",
"1400000US12073002208","Census Tract 22.08; Leon County; Florida","1951","183","1272","181","935","192","337","133","181","110","156","86","679","203","550","152","129","122",
"1400000US12073002302","Census Tract 23.02; Leon County; Florida","1070","150","830","150","668","141","162","69","29","21","133","70","240","89","225","82","15","26",
"1400000US12073002303","Census Tract 23.03; Leon County; Florida","1792","230","1194","211","681","151","513","228","197","114","316","198","598","184","450","126","148","128",
"1400000US12073002304","Census Tract 23.04; Leon County; Florida","1078","162","623","169","323","136","300","142","82","68","218","123","455","126","253","105","202","94",
"1400000US12073002403","Census Tract 24.03; Leon County; Florida","1332","216","662","124","476","112","186","96","73","58","113","59","670","207","418","149","252","187",
"1400000US12073002410","Census Tract 24.10; Leon County; Florida","3006","335","2116","321","1584","308","532","181","68","71","464","180","890","307","882","306","8","14",
"1400000US12073002411","Census Tract 24.11; Leon County; Florida","612","80","491","85","465","85","26","18","18","20","8","12","121","51","95","51","26","18",
"1400000US12073002413","Census Tract 24.13; Leon County; Florida","1020","87","943","87","804","103","139","77","102","72","37","31","77","48","77","48","0","15",
"1400000US12073002414","Census Tract 24.14; Leon County; Florida","2071","281","1359","254","1113","212","246","136","144","134","102","56","712","178","659","178","53","34",
"1400000US12073002415","Census Tract 24.15; Leon County; Florida","1885","213","1416","222","1268","226","148","56","63","37","85","46","469","105","404","100","65","46",
"1400000US12073002416","Census Tract 24.16; Leon County; Florida","1157","83","806","111","705","95","101","77","41","48","60","66","351","79","297","90","54","60",
"1400000US12073002418","Census Tract 24.18; Leon County; Florida","1554","160","1293","151","1177","159","116","67","14","17","102","66","261","75","233","69","28","33",
"1400000US12073002419","Census Tract 24.19; Leon County; Florida","1544","165","1270","174","1108","167","162","109","69","84","93","64","274","112","257","110","17","24",
"1400000US12073002420","Census Tract 24.20; Leon County; Florida","1119","96","838","95","709","109","129","74","102","69","27","28","281","108","245","94","36","41",
"1400000US12073002421","Census Tract 24.21; Leon County; Florida","1870","335","1276","155","1058","128","218","95","22","25","196","96","594","346","594","346","0","15",
"1400000US12073002422","Census Tract 24.22; Leon County; Florida","1220","122","1128","136","1014","143","114","75","30","28","84","70","92","54","92","54","0","15",
"1400000US12073002423","Census Tract 24.23; Leon County; Florida","1903","295","1494","298","1334","291","160","82","34","33","126","77","409","112","351","102","58","53",
"1400000US12073002505","Census Tract 25.05; Leon County; Florida","3104","324","1616","308","1114","208","502","247","0","21","502","247","1488","317","1184","306","304","172",
"1400000US12073002507","Census Tract 25.07; Leon County; Florida","988","155","799","140","710","149","89","47","22","21","67","38","189","99","167","99","22","17",
"1400000US12073002509","Census Tract 25.09; Leon County; Florida","1605","195","685","211","393","168","292","168","109","122","183","92","920","240","601","146","319","167",
"1400000US12073002511","Census Tract 25.11; Leon County; Florida","1002","106","626","74","481","82","145","66","19","18","126","64","376","93","307","89","69","55",
"1400000US12073002512","Census Tract 25.12; Leon County; Florida","1307","144","1078","151","992","166","86","63","0","15","86","63","229","72","168","55","61","42",
"1400000US12073002513","Census Tract 25.13; Leon County; Florida","1614","141","1442","140","1197","152","245","101","69","57","176","82","172","69","150","62","22","27",
"1400000US12073002514","Census Tract 25.14; Leon County; Florida","1073","98","911","87","798","95","113","62","47","45","66","42","162","66","159","67","3","7",
"1400000US12073002515","Census Tract 25.15; Leon County; Florida","2033","329","1550","238","1262","233","288","149","188","124","100","90","483","260","347","167","136","194",
"1400000US12073002516","Census Tract 25.16; Leon County; Florida","1470","168","717","118","561","118","156","71","8","12","148","71","753","161","639","163","114","98",
"1400000US12073002517","Census Tract 25.17; Leon County; Florida","1430","190","918","182","729","169","189","77","30","33","159","69","512","135","402","108","110","94",
"1400000US12073002603","Census Tract 26.03; Leon County; Florida","2107","375","1306","357","710","195","596","312","44","46","552","313","801","261","649","226","152","197",
"1400000US12073002604","Census Tract 26.04; Leon County; Florida","1042","214","817","215","572","215","245","94","66","43","179","90","225","87","192","86","33","28",
"1400000US12073002605","Census Tract 26.05; Leon County; Florida","2728","242","1790","287","1441","288","349","154","114","92","235","135","938","196","797","191","141","89",
"1400000US12073002606","Census Tract 26.06; Leon County; Florida","1376","149","949","140","744","116","205","96","39","45","166","85","427","136","352","139","75","56",
"1400000US12073002701","Census Tract 27.01; Leon County; Florida","1879","220","1038","289","604","205","434","228","109","113","325","179","841","265","638","269","203","118",
"1400000US12073002702","Census Tract 27.02; Leon County; Florida","1706","200","1044","169","618","114","426","135","143","79","283","125","662","152","520","149","142","61",
"1400000US12075970101","Census Tract 9701.01; Levy County; Florida","1072","198","730","143","492","163","238","90","58","44","180","84","342","133","250","110","92","69",
"1400000US12075970103","Census Tract 9701.03; Levy County; Florida","1552","256","1043","194","786","217","257","100","155","91","102","62","509","226","409","223","100","88",
"1400000US12075970104","Census Tract 9701.04; Levy County; Florida","2334","264","1550","250","985","260","565","169","270","115","295","124","784","272","741","275","43","40",
"1400000US12075970200","Census Tract 9702; Levy County; Florida","1706","208","1032","166","698","173","334","92","36","29","298","83","674","162","511","137","163","101",
"1400000US12075970301","Census Tract 9703.01; Levy County; Florida","687","172","462","171","419","174","43","32","0","15","43","32","225","80","173","69","52","40",
"1400000US12075970303","Census Tract 9703.03; Levy County; Florida","1609","241","1028","191","823","179","205","132","36","42","169","127","581","193","515","187","66","58",
"1400000US12075970304","Census Tract 9703.04; Levy County; Florida","1074","196","779","194","494","206","285","131","42","50","243","120","295","119","232","105","63","66",
"1400000US12075970400","Census Tract 9704; Levy County; Florida","1298","181","881","186","638","160","243","148","76","81","167","102","417","114","370","109","47","32",
"1400000US12075970501","Census Tract 9705.01; Levy County; Florida","1423","186","864","171","514","145","350","157","86","69","264","148","559","163","494","161","65","50",
"1400000US12075970502","Census Tract 9705.02; Levy County; Florida","2143","299","1589","259","1240","255","349","136","111","74","238","118","554","210","528","207","26","31",
"1400000US12075970600","Census Tract 9706; Levy County; Florida","1746","216","1262","193","871","186","391","116","100","59","291","100","484","136","408","126","76","49",
"1400000US12075970700","Census Tract 9707; Levy County; Florida","1918","177","1125","181","769","137","356","146","182","155","174","66","793","138","676","130","117","48",
"1400000US12075990000","Census Tract 9900; Levy County; Florida","0","15","0","15","0","15","0","15","0","15","0","15","0","15","0","15","0","15",
"1400000US12077950100","Census Tract 9501; Liberty County; Florida","957","132","711","107","473","93","238","102","58","45","180","85","246","86","225","87","21","23",
"1400000US12077950201","Census Tract 9502.01; Liberty County; Florida","1112","161","789","142","644","132","145","73","11","11","134","73","323","103","300","102","23","24",
"1400000US12077950202","Census Tract 9502.02; Liberty County; Florida","494","112","292","89","156","63","136","71","31","26","105","66","202","77","198","78","4","6",
"1400000US12077980000","Census Tract 9800; Liberty County; Florida","0","15","0","15","0","15","0","15","0","15","0","15","0","15","0","15","0","15",
"1400000US12079110100","Census Tract 1101; Madison County; Florida","1269","181","713","136","570","157","143","82","110","64","33","38","556","186","544","185","12","22",
"1400000US12079110200","Census Tract 1102; Madison County; Florida","1337","185","633","143","303","127","330","144","16","21","314","144","704","158","635","140","69","70",
"1400000US12079110301","Census Tract 1103.01; Madison County; Florida","1015","144","694","143","502","125","192","98","2","5","190","98","321","122","310","123","11","18",
"1400000US12079110302","Census Tract 1103.02; Madison County; Florida","1644","231","810","183","480","151","330","145","85","78","245","120","834","248","755","245","79","74",
"1400000US12079110400","Census Tract 1104; Madison County; Florida","1711","234","1186","167","905","150","281","103","77","64","204","75","525","182","442","151","83","100",
"1400000US12081000101","Census Tract 1.01; Manatee County; Florida","1390","171","432","114","332","102","100","58","0","15","100","58","958","167","834","149","124","85",
"1400000US12081000103","Census Tract 1.03; Manatee County; Florida","1549","219","657","189","208","114","449","167","24","42","425","165","892","231","827","220","65","57",
"1400000US12081000105","Census Tract 1.05; Manatee County; Florida","1859","284","822","227","487","149","335","183","104","115","231","135","1037","208","984","214","53","52",
"1400000US12081000106","Census Tract 1.06; Manatee County; Florida","1453","364","1133","362","450","243","683","299","105","78","578","297","320","138","216","117","104","80",
"1400000US12081000201","Census Tract 2.01; Manatee County; Florida","2267","388","1120","327","738","205","382","261","217","247","165","75","1147","267","988","268","159","89",
"1400000US12081000203","Census Tract 2.03; Manatee County; Florida","965","166","387","125","324","130","63","68","0","15","63","68","578","155","542","150","36","28",
"1400000US12081000204","Census Tract 2.04; Manatee County; Florida","1216","389","509","131","475","132","34","33","13","20","21","25","707","385","681","375","26","30",
"1400000US12081000304","Census Tract 3.04; Manatee County; Florida","1421","260","671","179","472","146","199","120","22","39","177","107","750","262","653","260","97","56",
"1400000US12081000305","Census Tract 3.05; Manatee County; Florida","2167","395","1693","390","740","281","953","385","236","112","717","388","474","150","396","126","78","75",
"1400000US12081000307","Census Tract 3.07; Manatee County; Florida","1339","276","688","256","232","121","456","253","183","120","273","198","651","292","589","276","62","59",
"1400000US12081000309","Census Tract 3.09; Manatee County; Florida","1630","228","929","231","527","189","402","189","119","70","283","168","701","151","516","111","185","117",
"1400000US12081000310","Census Tract 3.10; Manatee County; Florida","1764","271","1017","223","652","172","365","149","120","68","245","154","747","231","568","238","179","105",
"1400000US12081000311","Census Tract 3.11; Manatee County; Florida","1256","198","354","161","205","130","149","97","65","65","84","89","902","196","779","169","123","104",
"1400000US12081000312","Census Tract 3.12; Manatee County; Florida","1091","156","547","172","502","176","45","34","25","22","20","24","544","130","544","130","0","15",
"1400000US12081000313","Census Tract 3.13; Manatee County; Florida","595","112","278","105","173","88","105","59","33","29","72","54","317","103","277","102","40","37",
"1400000US12081000314","Census Tract 3.14; Manatee County; Florida","1583","281","742","200","421","146","321","160","253","153","68","69","841","248","754","247","87","78",
"1400000US12081000403","Census Tract 4.03; Manatee County; Florida","746","166","389","69","364","68","25","18","15","14","10","12","357","163","344","163","13","14",
"1400000US12081000405","Census Tract 4.05; Manatee County; Florida","1183","225","745","217","596","155","149","135","109","131","40","37","438","119","414","119","24","21",
"1400000US12081000406","Census Tract 4.06; Manatee County; Florida","1945","251","1033","179","875","168","158","105","54","61","104","75","912","230","750","205","162","101",
"1400000US12081000407","Census Tract 4.07; Manatee County; Florida","2138","318","880","190","838","179","42","59","42","59","0","15","1258","308","1073","311","185","126",
"1400000US12081000409","Census Tract 4.09; Manatee County; Florida","1230","199","701","178","577","168","124","72","22","25","102","67","529","146","390","133","139","83",
"1400000US12081000410","Census Tract 4.10; Manatee County; Florida","1531","224","768","179","520","179","248","116","14","21","234","110","763","159","614","148","149","94",
"1400000US12081000501","Census Tract 5.01; Manatee County; Florida","1124","166","593","105","407","95","186","84","59","41","127","71","531","170","360","147","171","96",
"1400000US12081000503","Census Tract 5.03; Manatee County; Florida","1799","292","1026","276","815","263","211","67","70","48","141","73","773","182","620","166","153","70",
"1400000US12081000504","Census Tract 5.04; Manatee County; Florida","1313","120","930","105","741","142","189","114","40","38","149","103","383","109","358","106","25","25",
"1400000US12081000601","Census Tract 6.01; Manatee County; Florida","1093","204","640","207","395","168","245","129","106","103","139","81","453","139","372","123","81","64",
"1400000US12081000603","Census Tract 6.03; Manatee County; Florida","1543","183","955","171","608","160","347","130","74","63","273","133","588","146","449","116","139","79",
"1400000US12081000604","Census Tract 6.04; Manatee County; Florida","2265","324","886","323","437","210","449","256","192","175","257","145","1379","295","1358","294","21","34",
"1400000US12081000703","Census Tract 7.03; Manatee County; Florida","1245","240","745","190","404","120","341","170","119","119","222","126","500","174","349","142","151","87",
"1400000US12081000704","Census Tract 7.04; Manatee County; Florida","1957","311","1061","274","734","274","327","125","77","80","250","129","896","214","827","195","69","82",
"1400000US12081000705","Census Tract 7.05; Manatee County; Florida","2238","310","1549","295","966","269","583","252","93","99","490","257","689","189","585","170","104","95",
"1400000US12081000804","Census Tract 8.04; Manatee County; Florida","1631","224","1081","163","952","163","129","95","72","70","57","52","550","181","452","172","98","61",
"1400000US12081000805","Census Tract 8.05; Manatee County; Florida","3727","552","2012","272","1671","272","341","138","66","56","275","128","1715","562","1359","543","356","182",
"1400000US12081000808","Census Tract 8.08; Manatee County; Florida","3117","359","1791","369","1628","347","163","127","84","97","79","77","1326","240","1108","227","218","142",
"1400000US12081000809","Census Tract 8.09; Manatee County; Florida","2353","273","1565","257","1255","233","310","153","127","82","183","151","788","235","651","217","137","106",
"1400000US12081000810","Census Tract 8.10; Manatee County; Florida","3051","265","1905","224","1590","210","315","142","110","68","205","133","1146","258","881","226","265","128",
"1400000US12081000811","Census Tract 8.11; Manatee County; Florida","1373","249","915","258","548","254","367","136","107","86","260","114","458","130","344","137","114","94",
"1400000US12081000812","Census Tract 8.12; Manatee County; Florida","1859","299","1407","323","1115","290","292","152","109","103","183","113","452","138","223","94","229","112",
"1400000US12081000813","Census Tract 8.13; Manatee County; Florida","1490","187","1117","193","900","153","217","148","80","104","137","93","373","150","283","108","90","86",
"1400000US12081000814","Census Tract 8.14; Manatee County; Florida","2046","354","1471","365","1399","370","72","53","9","17","63","50","575","165","495","158","80","67",
"1400000US12081000901","Census Tract 9.01; Manatee County; Florida","1897","194","1113","178","736","174","377","130","19","30","358","126","784","160","679","169","105","73",
"1400000US12081000902","Census Tract 9.02; Manatee County; Florida","2178","397","1368","398","936","367","432","210","128","162","304","145","810","218","592","182","218","144",
"1400000US12081001001","Census Tract 10.01; Manatee County; Florida","880","135","570","94","316","85","254","96","110","55","144","89","310","92","266","91","44","33",
"1400000US12081001002","Census Tract 10.02; Manatee County; Florida","1494","363","631","200","529","194","102","39","31","38","71","41","863","393","783","391","80","69",
"1400000US12081001104","Census Tract 11.04; Manatee County; Florida","1918","292","951","231","722","184","229","177","50","66","179","178","967","276","781","256","186","109",
"1400000US12081001105","Census Tract 11.05; Manatee County; Florida","1977","200","1026","170","743","127","283","120","65","48","218","111","951","201","808","196","143","88",
"1400000US12081001106","Census Tract 11.06; Manatee County; Florida","1927","353","1060","331","492","272","568","232","147","193","421","137","867","158","733","140","134","79",
"1400000US12081001107","Census Tract 11.07; Manatee County; Florida","1906","328","1273","267","1019","268","254","112","86","115","168","90","633","213","487","219","146","65",
"1400000US12081001108","Census Tract 11.08; Manatee County; Florida","1463","194","972","176","780","147","192","144","0","15","192","144","491","125","465","120","26","30",
"1400000US12081001202","Census Tract 12.02; Manatee County; Florida","1735","232","1172","252","956","242","216","83","38","37","178","73","563","139","450","137","113","69",
"1400000US12081001203","Census Tract 12.03; Manatee County; Florida","1797","198","1208","189","954","189","254","111","36","35","218","107","589","171","477","167","112","65",
"1400000US12081001204","Census Tract 12.04; Manatee County; Florida","2621","282","1982","273","1781","260","201","112","51","49","150","104","639","205","577","187","62","55",
"1400000US12081001300","Census Tract 13; Manatee County; Florida","1335","246","902","178","665","128","237","148","117","102","120","107","433","185","351","183","82","50",
"1400000US12081001402","Census Tract 14.02; Manatee County; Florida","902","160","577","149","517","150","60","45","0","15","60","45","325","74","295","71","30","22",
"1400000US12081001404","Census Tract 14.04; Manatee County; Florida","1208","412","1059","401","931","411","128","72","27","32","101","66","149","74","93","55","56","45",
"1400000US12081001405","Census Tract 14.05; Manatee County; Florida","752","151","568","125","367","145","201","87","53","53","148","73","184","107","103","58","81","103",
"1400000US12081001406","Census Tract 14.06; Manatee County; Florida","1088","162","664","131","562","122","102","81","52","60","50","63","424","141","400","139","24","23",
"1400000US12081001501","Census Tract 15.01; Manatee County; Florida","1576","282","1186","236","649","181","537","214","172","107","365","192","390","148","339","137","51","52",
"1400000US12081001502","Census Tract 15.02; Manatee County; Florida","2293","340","1475","308","740","172","735","292","115","98","620","301","818","251","720","227","98","88",
"1400000US12081001602","Census Tract 16.02; Manatee County; Florida","1373","217","972","158","753","163","219","104","48","39","171","95","401","174","401","174","0","15",
"1400000US12081001603","Census Tract 16.03; Manatee County; Florida","849","156","559","141","529","141","30","22","20","18","10","11","290","90","251","89","39","30",
"1400000US12081001604","Census Tract 16.04; Manatee County; Florida","2422","549","1358","270","852","158","506","249","70","68","436","245","1064","522","917","503","147","102",
"1400000US12081001701","Census Tract 17.01; Manatee County; Florida","654","105","295","78","270","75","25","21","4","5","21","20","359","76","320","73","39","19",
"1400000US12081001705","Census Tract 17.05; Manatee County; Florida","1528","76","1105","90","1100","93","5","8","5","8","0","15","423","125","386","121","37","29",
"1400000US12081001801","Census Tract 18.01; Manatee County; Florida","1410","174","870","129","784","127","86","55","30","27","56","48","540","246","490","251","50","34",
"1400000US12081001802","Census Tract 18.02; Manatee County; Florida","560","167","308","86","252","83","56","31","17","21","39","24","252","132","232","129","20","18",
"1400000US12081001904","Census Tract 19.04; Manatee County; Florida","3592","376","2716","406","2364","393","352","174","82","70","270","163","876","211","656","196","220","101",
"1400000US12081001907","Census Tract 19.07; Manatee County; Florida","2884","396","2179","391","1909","398","270","137","56","52","214","130","705","227","561","211","144","85",
"1400000US12081001908","Census Tract 19.08; Manatee County; Florida","3821","459","2410","433","1957","407","453","196","46","52","407","186","1411","274","1146","257","265","128",
"1400000US12081001909","Census Tract 19.09; Manatee County; Florida","1504","186","1161","156","1076","175","85","66","0","15","85","66","343","146","212","92","131","119",
"1400000US12081001910","Census Tract 19.10; Manatee County; Florida","2549","257","1847","305","1470","309","377","189","244","172","133","92","702","193","536","167","166","121",
"1400000US12081001911","Census Tract 19.11; Manatee County; Florida","2938","260","2365","304","2137","302","228","125","71","57","157","107","573","205","460","154","113","116",
"1400000US12081001913","Census Tract 19.13; Manatee County; Florida","2623","236","2233","215","2075","230","158","118","66","101","92","64","390","187","180","115","210","128",
"1400000US12081001914","Census Tract 19.14; Manatee County; Florida","1432","197","1106","206","1030","198","76","53","11","14","65","50","326","137","261","123","65","65",
"1400000US12081001915","Census Tract 19.15; Manatee County; Florida","2068","377","1624","315","1303","313","321","148","130","93","191","112","444","258","236","112","208","223",
"1400000US12081001916","Census Tract 19.16; Manatee County; Florida","3246","291","2395","289","2090","285","305","134","97","72","208","112","851","240","585","177","266","160",
"1400000US12081002003","Census Tract 20.03; Manatee County; Florida","3220","314","1742","304","1550","326","192","96","56","51","136","84","1478","245","1152","247","326","172",
"1400000US12081002005","Census Tract 20.05; Manatee County; Florida","2794","361","1634","236","1466","246","168","121","39","62","129","104","1160","354","826","214","334","277",
"1400000US12081002008","Census Tract 20.08; Manatee County; Florida","2368","204","1794","190","1462","208","332","154","49","44","283","139","574","236","148","92","426","208",
"1400000US12081002010","Census Tract 20.10; Manatee County; Florida","1373","165","1063","174","883","181","180","87","84","52","96","69","310","94","216","93","94","61",
"1400000US12081002011","Census Tract 20.11; Manatee County; Florida","1898","272","1102","219","893","200","209","108","33","43","176","101","796","262","617","232","179","106",
"1400000US12081002012","Census Tract 20.12; Manatee County; Florida","1952","222","1453","172","1249","186","204","88","90","64","114","54","499","176","403","166","96","70",
"1400000US12081002014","Census Tract 20.14; Manatee County; Florida","3001","390","2512","406","2252","409","260","146","92","89","168","103","489","194","403","197","86","59",
"1400000US12081002016","Census Tract 20.16; Manatee County; Florida","2648","211","2208","213","2095","245","113","94","106","93","7","12","440","135","394","135","46","43",
"1400000US12081002017","Census Tract 20.17; Manatee County; Florida","1820","176","956","187","851","170","105","78","26","35","79","65","864","165","745","180","119","77",
"1400000US12081002018","Census Tract 20.18; Manatee County; Florida","2627","260","2071","290","1932","297","139","66","49","53","90","53","556","168","370","139","186","127",
"1400000US12081002019","Census Tract 20.19; Manatee County; Florida","3342","305","2338","296","1961","254","377","205","241","173","136","92","1004","328","785","313","219","134",
"1400000US12081002020","Census Tract 20.20; Manatee County; Florida","3682","336","3015","285","2806","280","209","99","82","67","127","71","667","218","457","170","210","124",
"1400000US12081002021","Census Tract 20.21; Manatee County; Florida","3603","475","2851","518","2443","509","408","231","149","145","259","178","752","254","674","226","78","65",
"1400000US12081002022","Census Tract 20.22; Manatee County; Florida","966","83","769","126","762","124","7","12","0","15","7","12","197","94","142","80","55","46",
"1400000US12081002023","Census Tract 20.23; Manatee County; Florida","3503","223","2661","287","2380","293","281","153","133","113","148","93","842","244","782","243","60","51",
"1400000US12081002024","Census Tract 20.24; Manatee County; Florida","1537","320","1220","296","1203","298","17","22","0","15","17","22","317","126","307","122","10","17",
"1400000US12081002025","Census Tract 20.25; Manatee County; Florida","2471","238","1838","237","1559","254","279","128","71","80","208","112","633","196","358","159","275","137",
"1400000US12081990000","Census Tract 9900; Manatee County; Florida","0","15","0","15","0","15","0","15","0","15","0","15","0","15","0","15","0","15",
"1400000US12083000101","Census Tract 1.01; Marion County; Florida","1343","325","738","260","579","240","159","114","62","66","97","89","605","231","549","225","56","43",
"1400000US12083000102","Census Tract 1.02; Marion County; Florida","909","112","668","90","557","85","111","69","45","53","66","54","241","107","181","95","60","47",
"1400000US12083000201","Census Tract 2.01; Marion County; Florida","961","193","580","119","389","112","191","89","81","64","110","78","381","196","381","196","0","15",
"1400000US12083000202","Census Tract 2.02; Marion County; Florida","1473","353","1115","359","815","354","300","121","217","128","83","51","358","130","178","84","180","119",
"1400000US12083000203","Census Tract 2.03; Marion County; Florida","444","66","276","74","246","72","30","21","5","8","25","19","168","73","138","68","30","34",
"1400000US12083000302","Census Tract 3.02; Marion County; Florida","1403","215","1071","245","682","163","389","221","19","39","370","225","332","147","296","149","36","53",
"1400000US12083000303","Census Tract 3.03; Marion County; Florida","1081","218","540","149","443","143","97","55","25","24","72","53","541","240","316","130","225","226",
"1400000US12083000304","Census Tract 3.04; Marion County; Florida","247","72","139","63","116","60","23","25","17","23","6","10","108","61","83","58","25","35",
"1400000US12083000401","Census Tract 4.01; Marion County; Florida","1073","183","854","199","656","146","198","149","27","30","171","144","219","90","171","80","48","46",
"1400000US12083000402","Census Tract 4.02; Marion County; Florida","1646","285","931","305","807","274","124","117","24","41","100","113","715","282","653","260","62","81",
"1400000US12083000501","Census Tract 5.01; Marion County; Florida","842","142","558","133","462","129","96","53","12","14","84","52","284","87","260","83","24","20",
"1400000US12083000502","Census Tract 5.02; Marion County; Florida","722","115","454","105","396","106","58","36","36","34","22","18","268","108","251","100","17","20",
"1400000US12083000601","Census Tract 6.01; Marion County; Florida","1788","382","959","203","700","138","259","162","18","28","241","157","829","327","682","350","147","114",
"1400000US12083000604","Census Tract 6.04; Marion County; Florida","1225","190","755","205","488","177","267","166","33","49","234","160","470","176","393","164","77","56",
"1400000US12083000605","Census Tract 6.05; Marion County; Florida","1374","230","720","142","517","174","203","104","86","64","117","74","654","225","541","219","113","68",
"1400000US12083000606","Census Tract 6.06; Marion County; Florida","1086","189","682","174","527","150","155","80","49","45","106","65","404","133","321","120","83","72",
"1400000US12083000607","Census Tract 6.07; Marion County; Florida","1328","241","840","174","588","148","252","116","91","93","161","71","488","271","474","269","14","23",
"1400000US12083000703","Census Tract 7.03; Marion County; Florida","1857","405","1022","265","775","264","247","96","62","49","185","91","835","363","661","354","174","90",
"1400000US12083000704","Census Tract 7.04; Marion County; Florida","985","219","656","222","497","170","159","105","27","28","132","102","329","148","187","99","142","122",
"1400000US12083000705","Census Tract 7.05; Marion County; Florida","964","226","666","227","580","229","86","60","9","15","77","64","298","99","259","99","39","26",
"1400000US12083000706","Census Tract 7.06; Marion County; Florida","2131","242","1429","268","1341","262","88","65","11","18","77","63","702","199","631","194","71","46",
"1400000US12083000707","Census Tract 7.07; Marion County; Florida","777","123","457","115","367","109","90","54","37","35","53","39","320","124","223","110","97","70",
"1400000US12083000803","Census Tract 8.03; Marion County; Florida","1413","148","772","167","276","140","496","131","61","62","435","128","641","168","538","172","103","71",
"1400000US12083000804","Census Tract 8.04; Marion County; Florida","674","82","457","87","239","101","218","120","22","29","196","120","217","105","202","103","15","19",
"1400000US12083000805","Census Tract 8.05; Marion County; Florida","2624","484","1605","443","1028","289","577","379","363","363","214","146","1019","310","841","267","178","140",
"1400000US12083000806","Census Tract 8.06; Marion County; Florida","1042","226","516","139","508","142","8","12","0","15","8","12","526","207","491","202","35","32",
"1400000US12083000807","Census Tract 8.07; Marion County; Florida","1520","291","853","159","787","156","66","58","54","64","12","20","667","330","530","310","137","157",
"1400000US12083000808","Census Tract 8.08; Marion County; Florida","1482","217","883","154","754","163","129","94","14","17","115","95","599","232","514","219","85","93",
"1400000US12083000809","Census Tract 8.09; Marion County; Florida","1183","94","865","125","852","128","13","20","0","15","13","20","318","101","269","97","49","41",
"1400000US12083000810","Census Tract 8.10; Marion County; Florida","1673","312","1115","302","1059","305","56","47","15","28","41","39","558","172","482","171","76","52",
"1400000US12083000811","Census Tract 8.11; Marion County; Florida","2089","286","1233","181","1196","172","37","46","0","15","37","46","856","253","700","242","156","108",
"1400000US12083000901","Census Tract 9.01; Marion County; Florida","3023","349","1480","287","1153","340","327","160","132","102","195","99","1543","314","1136","361","407","263",
"1400000US12083000903","Census Tract 9.03; Marion County; Florida","1462","196","1032","193","726","217","306","111","91","67","215","117","430","127","341","118","89","63",
"1400000US12083000904","Census Tract 9.04; Marion County; Florida","3021","360","2130","353","1392","295","738","300","197","216","541","224","891","309","736","292","155","130",
"1400000US12083001003","Census Tract 10.03; Marion County; Florida","550","101","412","95","243","81","169","76","53","41","116","69","138","50","67","39","71","46",
"1400000US12083001005","Census Tract 10.05; Marion County; Florida","3152","305","2296","317","1820","315","476","205","199","151","277","141","856","221","736","217","120","82",
"1400000US12083001007","Census Tract 10.07; Marion County; Florida","3336","349","2127","312","1951","306","176","103","82","61","94","84","1209","354","1048","338","161","104",
"1400000US12083001008","Census Tract 10.08; Marion County; Florida","2325","252","1187","175","1017","204","170","108","34","40","136","90","1138","242","967","248","171","100",
"1400000US12083001009","Census Tract 10.09; Marion County; Florida","3019","368","2481","340","2046","385","435","197","188","149","247","143","538","201","332","173","206","145",
"1400000US12083001010","Census Tract 10.10; Marion County; Florida","2100","336","1248","333","884","186","364","277","202","277","162","101","852","174","687","170","165","77",
"1400000US12083001011","Census Tract 10.11; Marion County; Florida","1919","240","1472","245","1227","181","245","149","62","79","183","145","447","221","406","216","41","46",
"1400000US12083001012","Census Tract 10.12; Marion County; Florida","1739","339","1432","371","975","321","457","218","91","70","366","201","307","139","218","131","89","83",
"1400000US12083001013","Census Tract 10.13; Marion County; Florida","3228","382","2388","347","1621","332","767","323","314","244","453","216","840","281","745","294","95","113",
"1400000US12083001102","Census Tract 11.02; Marion County; Florida","1233","161","935","187","622","171","313","123","31","37","282","125","298","128","232","113","66","54",
"1400000US12083001103","Census Tract 11.03; Marion County; Florida","3531","456","2429","420","1799","421","630","311","374","270","256","125","1102","375","1044","360","58","60",
"1400000US12083001105","Census Tract 11.05; Marion County; Florida","2201","271","1580","195","888","250","692","262","163","100","529","251","621","266","518","237","103","79",
"1400000US12083001106","Census Tract 11.06; Marion County; Florida","1053","198","759","184","531","148","228","144","69","62","159","131","294","135","255","125","39","41",
"1400000US12083001204","Census Tract 12.04; Marion County; Florida","2761","326","2065","281","1284","274","781","232","235","111","546","192","696","301","696","301","0","21",
"1400000US12083001205","Census Tract 12.05; Marion County; Florida","2005","191","1276","188","985","193","291","107","56","48","235","102","729","146","630","143","99","58",
"1400000US12083001206","Census Tract 12.06; Marion County; Florida","1112","301","850","297","592","294","258","64","34","30","224","66","262","117","189","88","73","50",
"1400000US12083001208","Census Tract 12.08; Marion County; Florida","1777","163","1200","195","826","183","374","124","229","104","145","79","577","147","537","150","40","28",
"1400000US12083001209","Census Tract 12.09; Marion County; Florida","1322","180","1061","222","888","235","173","88","76","60","97","59","261","100","138","76","123","96",
"1400000US12083001210","Census Tract 12.10; Marion County; Florida","2804","349","1698","346","1500","315","198","126","17","31","181","125","1106","357","690","327","416","233",
"1400000US12083001211","Census Tract 12.11; Marion County; Florida","1218","129","786","134","391","129","395","165","35","39","360","154","432","163","357","142","75","110",
"1400000US12083001301","Census Tract 13.01; Marion County; Florida","2554","310","1809","357","1021","234","788","303","96","107","692","284","745","198","614","178","131","106",
"1400000US12083001302","Census Tract 13.02; Marion County; Florida","2615","326","2176","323","1482","341","694","238","188","144","506","197","439","136","303","115","136","93",
"1400000US12083001401","Census Tract 14.01; Marion County; Florida","2356","283","1382","251","521","176","861","275","322","186","539","186","974","247","830","243","144","100",
"1400000US12083001403","Census Tract 14.03; Marion County; Florida","3067","453","1296","281","907","151","389","258","111","103","278","233","1771","349","1683","362","88","75",
"1400000US12083001404","Census Tract 14.04; Marion County; Florida","599","110","347","99","182","82","165","115","0","15","165","115","252","107","204","100","48","47",
"1400000US12083001500","Census Tract 15; Marion County; Florida","1361","234","811","207","293","116","518","177","113","72","405","158","550","201","368","172","182","117",
"1400000US12083001600","Census Tract 16; Marion County; Florida","976","152","644","136","385","126","259","99","154","87","105","59","332","127","241","101","91","80",
"1400000US12083001700","Census Tract 17; Marion County; Florida","2516","353","1539","300","565","257","974","330","157","142","817","301","977","297","977","297","0","21",
"1400000US12083001800","Census Tract 18; Marion County; Florida","708","157","498","149","124","56","374","156","65","69","309","150","210","129","190","129","20","25",
"1400000US12083001900","Census Tract 19; Marion County; Florida","1228","265","684","141","437","132","247","90","24","33","223","90","544","263","473","245","71","53",
"1400000US12083002001","Census Tract 20.01; Marion County; Florida","1571","201","649","161","288","123","361","177","160","148","201","142","922","233","716","215","206","153",
"1400000US12083002002","Census Tract 20.02; Marion County; Florida","1958","268","1181","276","567","175","614","241","201","119","413","197","777","171","686","169","91","61",
"1400000US12083002100","Census Tract 21; Marion County; Florida","1844","281","1398","236","1136","229","262","109","62","59","200","93","446","200","323","200","123","89",
"1400000US12083002201","Census Tract 22.01; Marion County; Florida","1538","137","1019","147","675","115","344","139","95","70","249","119","519","136","456","127","63","44",
"1400000US12083002202","Census Tract 22.02; Marion County; Florida","1610","265","1217","252","975","262","242","98","32","52","210","79","393","85","344","84","49","34",
"1400000US12083002203","Census Tract 22.03; Marion County; Florida","2870","439","2117","447","1514","338","603","280","135","89","468","279","753","221","669","192","84","107",
"1400000US12083002302","Census Tract 23.02; Marion County; Florida","2486","314","1868","326","1204","364","664","193","245","149","419","148","618","198","353","158","265","155",
"1400000US12083002303","Census Tract 23.03; Marion County; Florida","864","217","373","89","207","62","166","85","55","54","111","65","491","209","445","207","46","46",
"1400000US12083002304","Census Tract 23.04; Marion County; Florida","2310","293","1156","209","997","181","159","106","59","74","100","76","1154","300","965","279","189","119",
"1400000US12083002401","Census Tract 24.01; Marion County; Florida","2053","286","968","245","733","214","235","139","30","36","205","138","1085","290","1019","287","66","54",
"1400000US12083002402","Census Tract 24.02; Marion County; Florida","2447","332","1750","294","1369","307","381","140","58","58","323","140","697","262","528","246","169","96",
"1400000US12083002503","Census Tract 25.03; Marion County; Florida","3256","361","2043","418","1616","433","427","231","188","175","239","154","1213","351","802","197","411","267",
"1400000US12083002504","Census Tract 25.04; Marion County; Florida","2808","235","1549","249","1194","232","355","145","112","113","243","135","1259","258","1049","284","210","129",
"1400000US12083002505","Census Tract 25.05; Marion County; Florida","3740","417","2290","422","1928","435","362","200","112","111","250","166","1450","439","1224","424","226","161",
"1400000US12083002506","Census Tract 25.06; Marion County; Florida","1088","200","757","251","596","222","161","123","9","21","152","129","331","135","261","118","70","55",
"1400000US12083002507","Census Tract 25.07; Marion County; Florida","2000","280","1437","286","854","238","583","225","264","206","319","136","563","233","411","189","152","147",
"1400000US12083002602","Census Tract 26.02; Marion County; Florida","2376","302","1849","290","1363","301","486","172","66","49","420","160","527","166","424","145","103","85",
"1400000US12083002604","Census Tract 26.04; Marion County; Florida","1623","196","1252","214","978","199","274","93","94","54","180","84","371","108","296","101","75","54",
"1400000US12083002605","Census Tract 26.05; Marion County; Florida","4765","396","3583","428","3521","427","62","50","14","22","48","44","1182","240","1005","244","177","82",
"1400000US12083002607","Census Tract 26.07; Marion County; Florida","1724","152","1170","169","812","176","358","156","142","107","216","101","554","132","403","119","151","94",
"1400000US12083002608","Census Tract 26.08; Marion County; Florida","1298","152","809","122","667","120","142","119","0","15","142","119","489","147","364","126","125","111",
"1400000US12083002609","Census Tract 26.09; Marion County; Florida","1902","387","928","199","856","198","72","62","32","50","40","35","974","387","921","379","53","35",
"1400000US12083002610","Census Tract 26.10; Marion County; Florida","2922","366","1373","241","1230","237","143","115","22","35","121","118","1549","386","1349","361","200","163",
"1400000US12083002703","Census Tract 27.03; Marion County; Florida","1465","262","653","124","484","95","169","84","86","75","83","42","812","276","735","269","77","74",
"1400000US12083002704","Census Tract 27.04; Marion County; Florida","2155","243","1307","174","1154","171","153","116","18","30","135","113","848","228","750","228","98","72",
"1400000US12083002705","Census Tract 27.05; Marion County; Florida","2345","318","1812","362","1478","367","334","157","170","117","164","106","533","199","454","187","79","79",
"1400000US12083002706","Census Tract 27.06; Marion County; Florida","633","242","440","197","407","196","33","22","17","16","16","16","193","157","190","157","3","6",
"1400000US12083980000","Census Tract 9800; Marion County; Florida","0","15","0","15","0","15","0","15","0","15","0","15","0","15","0","15","0","15",
"1400000US12083980100","Census Tract 9801; Marion County; Florida","0","15","0","15","0","15","0","15","0","15","0","15","0","15","0","15","0","15",
"1400000US12085000100","Census Tract 1; Martin County; Florida","1473","232","868","169","773","133","95","97","10","14","85","96","605","175","501","128","104","106",
"1400000US12085000200","Census Tract 2; Martin County; Florida","1880","217","1145","197","866","128","279","149","103","109","176","98","735","156","610","152","125","86",
"1400000US12085000300","Census Tract 3; Martin County; Florida","3097","267","1652","286","1233","255","419","200","56","52","363","187","1445","313","1237","318","208","149",
"1400000US12085000400","Census Tract 4; Martin County; Florida","3243","321","2134","320","1845","306","289","122","154","79","135","91","1109","247","996","230","113","87",
"1400000US12085000501","Census Tract 5.01; Martin County; Florida","2290","232","1078","159","925","146","153","92","79","65","74","67","1212","241","1041","246","171","104",
"1400000US12085000502","Census Tract 5.02; Martin County; Florida","858","198","599","79","582","79","17","19","3","6","14","17","259","203","118","47","141","188",
"1400000US12085000603","Census Tract 6.03; Martin County; Florida","2454","269","1613","259","1192","231","421","177","112","79","309","162","841","200","682","183","159","96",
"1400000US12085000604","Census Tract 6.04; Martin County; Florida","2226","285","1952","297","1918","299","34","39","8","23","26","31","274","103","228","92","46","43",
"1400000US12085000606","Census Tract 6.06; Martin County; Florida","2701","410","2258","414","2134","413","124","67","25","36","99","57","443","158","340","151","103","64",
"1400000US12085000607","Census Tract 6.07; Martin County; Florida","1252","140","788","129","642","117","146","66","31","32","115","53","464","120","416","110","48","34",
"1400000US12085000610","Census Tract 6.10; Martin County; Florida","1721","242","1031","144","956","133","75","44","19","21","56","39","690","240","601","235","89","89",
"1400000US12085000701","Census Tract 7.01; Martin County; Florida","1076","194","643","186","560","191","83","76","49","60","34","45","433","151","336","118","97","80",
"1400000US12085000702","Census Tract 7.02; Martin County; Florida","1127","185","413","162","365","158","48","22","0","15","48","22","714","156","575","144","139","96",
"1400000US12085000800","Census Tract 8; Martin County; Florida","852","122","510","114","217","93","293","88","34","35","259","102","342","104","255","88","87","87",
"1400000US12085000901","Census Tract 9.01; Martin County; Florida","1569","211","657","110","567","120","90","55","16","25","74","50","912","214","856","217","56","44",
"1400000US12085000902","Census Tract 9.02; Martin County; Florida","2019","304","1264","252","959","270","305","170","76","91","229","138","755","229","724","225","31","35",
"1400000US12085001000","Census Tract 10; Martin County; Florida","2773","365","1246","308","725","237","521","267","86","71","435","257","1527","345","1316","321","211","142",
"1400000US12085001103","Census Tract 11.03; Martin County; Florida","1304","199","919","180","817","170","102","70","9","14","93","67","385","99","335","87","50","37",
"1400000US12085001105","Census Tract 11.05; Martin County; Florida","1508","170","1105","163","855","197","250","113","103","69","147","96","403","131","370","122","33","40",
"1400000US12085001106","Census Tract 11.06; Martin County; Florida","2562","206","1546","239","1116","189","430","208","124","96","306","183","1016","265","789","242","227","125",
"1400000US12085001107","Census Tract 11.07; Martin County; Florida","826","92","524","98","423","107","101","42","24","23","77","41","302","60","263","67","39","35",
"1400000US12085001108","Census Tract 11.08; Martin County; Florida","2625","315","1593","274","1444","288","149","63","33","39","116","60","1032","216","899","207","133","85",
"1400000US12085001200","Census Tract 12; Martin County; Florida","935","149","641","144","381","119","260","138","191","134","69","48","294","97","222","79","72","58",
"1400000US12085001301","Census Tract 13.01; Martin County; Florida","2042","303","1164","245","797","262","367","180","85","111","282","158","878","270","669","253","209","154",
"1400000US12085001302","Census Tract 13.02; Martin County; Florida","2097","266","1289","220","1100","225","189","114","73","77","116","82","808","188","672","187","136","71",
"1400000US12085001404","Census Tract 14.04; Martin County; Florida","2351","229","1579","296","1189","258","390","168","145","94","245","137","772","240","649","205","123","125",
"1400000US12085001406","Census Tract 14.06; Martin County; Florida","1372","138","1002","147","899","135","103","58","72","52","31","25","370","112","276","98","94","64",
"1400000US12085001407","Census Tract 14.07; Martin County; Florida","1187","151","384","120","293","92","91","53","42","36","49","34","803","190","773","185","30","27",
"1400000US12085001408","Census Tract 14.08; Martin County; Florida","1781","421","1014","480","805","454","209","134","100","96","109","91","767","196","712","196","55","67",
"1400000US12085001409","Census Tract 14.09; Martin County; Florida","1334","174","856","140","660","154","196","87","60","64","136","79","478","150","418","144","60","46",
"1400000US12085001410","Census Tract 14.10; Martin County; Florida","2995","301","1760","311","1457","306","303","143","42","56","261","138","1235","331","1124","332","111","88",
"1400000US12085001500","Census Tract 15; Martin County; Florida","1579","269","1078","262","966","266","112","65","38","35","74","56","501","109","425","104","76","57",
"1400000US12085001601","Census Tract 16.01; Martin County; Florida","1983","412","1267","413","1114","423","153","93","76","66","77","63","716","205","573","166","143","123",
"1400000US12085001602","Census Tract 16.02; Martin County; Florida","478","52","430","50","387","46","43","47","7","12","36","46","48","27","25","19","23","19",
"1400000US12085001701","Census Tract 17.01; Martin County; Florida","1325","130","1054","124","919","128","135","73","24","28","111","69","271","121","237","116","34","49",
"1400000US12085001702","Census Tract 17.02; Martin County; Florida","840","114","602","115","521","102","81","58","0","15","81","58","238","114","166","87","72","94",
"1400000US12085001703","Census Tract 17.03; Martin County; Florida","1943","230","1594","234","1361","264","233","142","68","83","165","106","349","138","265","116","84","83",
"1400000US12085001803","Census Tract 18.03; Martin County; Florida","465","128","407","119","326","103","81","69","20","30","61","64","58","41","22","19","36","35",
"1400000US12085001804","Census Tract 18.04; Martin County; Florida","1206","254","743","128","341","123","402","143","194","92","208","112","463","251","418","243","45","48",
"1400000US12085001805","Census Tract 18.05; Martin County; Florida","300","96","159","83","88","57","71","76","67","72","4","18","141","88","141","88","0","15",
"1400000US12085001806","Census Tract 18.06; Martin County; Florida","152","54","90","52","26","22","64","47","41","40","23","25","62","28","53","26","9","11",
"1400000US12085990000","Census Tract 9900; Martin County; Florida","0","15","0","15","0","15","0","15","0","15","0","15","0","15","0","15","0","15",
"1400000US12085990100","Census Tract 9901; Martin County; Florida","0","15","0","15","0","15","0","15","0","15","0","15","0","15","0","15","0","15",
"1400000US12086000107","Census Tract 1.07; Miami-Dade County; Florida","1326","278","698","169","550","133","148","111","0","15","148","111","628","269","466","260","162","105",
"1400000US12086000109","Census Tract 1.09; Miami-Dade County; Florida","1502","210","981","199","673","161","308","142","87","58","221","137","521","186","363","151","158","96",
"1400000US12086000115","Census Tract 1.15; Miami-Dade County; Florida","757","178","491","112","393","92","98","53","35","28","63","44","266","123","245","119","21","22",
"1400000US12086000118","Census Tract 1.18; Miami-Dade County; Florida","475","105","380","108","330","99","50","37","20","15","30","34","95","48","78","42","17","18",
"1400000US12086000120","Census Tract 1.20; Miami-Dade County; Florida","1914","320","947","186","787","179","160","130","59","53","101","118","967","344","848","346","119","88",
"1400000US12086000121","Census Tract 1.21; Miami-Dade County; Florida","853","156","453","128","408","117","45","34","9","16","36","31","400","132","379","131","21","23",
"1400000US12086000122","Census Tract 1.22; Miami-Dade County; Florida","1857","251","907","190","827","183","80","68","39","52","41","43","950","240","839","233","111","100",
"1400000US12086000123","Census Tract 1.23; Miami-Dade County; Florida","2022","318","1186","201","955","199","231","150","10","16","221","150","836","318","799","318","37","35",
"1400000US12086000124","Census Tract 1.24; Miami-Dade County; Florida","1206","187","571","176","383","129","188","121","67","74","121","98","635","164","574","169","61","52",
"1400000US12086000125","Census Tract 1.25; Miami-Dade County; Florida","1876","419","1049","191","834","179","215","118","65","65","150","108","827","434","717","433","110","79",
"1400000US12086000126","Census Tract 1.26; Miami-Dade County; Florida","953","182","430","115","390","111","40","34","0","15","40","34","523","200","523","200","0","15",
"1400000US12086000127","Census Tract 1.27; Miami-Dade County; Florida","1533","251","777","176","563","160","214","106","74","58","140","90","756","233","650","227","106","63",
"1400000US12086000128","Census Tract 1.28; Miami-Dade County; Florida","2055","377","1142","351","566","175","576","342","18","30","558","345","913","233","857","236","56","55",
"1400000US12086000129","Census Tract 1.29; Miami-Dade County; Florida","972","166","610","135","504","119","106","71","52","61","54","38","362","123","328","118","34","26",
"1400000US12086000130","Census Tract 1.30; Miami-Dade County; Florida","1503","200","916","201","856","198","60","47","29","31","31","36","587","190","529","180","58","50",
"1400000US12086000131","Census Tract 1.31; Miami-Dade County; Florida","2079","293","1237","179","912","165","325","157","148","84","177","131","842","246","817","249","25","38",
"1400000US12086000132","Census Tract 1.32; Miami-Dade County; Florida","2664","387","1219","305","866","254","353","207","134","120","219","178","1445","387","1234","362","211","129",
"1400000US12086000134","Census Tract 1.34; Miami-Dade County; Florida","1478","271","921","248","568","228","353","158","58","52","295","151","557","161","497","163","60","64",
"1400000US12086000140","Census Tract 1.40; Miami-Dade County; Florida","1527","292","887","250","400","113","487","269","104","74","383","255","640","209","547","213","93","74",
"1400000US12086000141","Census Tract 1.41; Miami-Dade County; Florida","1046","156","558","121","376","129","182","122","35","35","147","118","488","143","410","147","78","83",
"1400000US12086000142","Census Tract 1.42; Miami-Dade County; Florida","1990","225","1304","231","1059","221","245","122","84","90","161","105","686","207","589","185","97","70",
"1400000US12086000143","Census Tract 1.43; Miami-Dade County; Florida","1494","321","709","179","580","167","129","81","76","71","53","42","785","288","622","242","163","180",
"1400000US12086000144","Census Tract 1.44; Miami-Dade County; Florida","523","101","339","106","265","87","74","64","9","11","65","62","184","76","146","65","38","45",
"1400000US12086000145","Census Tract 1.45; Miami-Dade County; Florida","885","356","772","347","474","96","298","345","263","340","35","37","113","66","107","65","6","10",
"1400000US12086000146","Census Tract 1.46; Miami-Dade County; Florida","1666","386","1192","238","980","236","212","83","105","66","107","57","474","354","457","354","17","21",
"1400000US12086000204","Census Tract 2.04; Miami-Dade County; Florida","1151","148","935","152","441","121","494","174","190","122","304","125","216","118","194","115","22","27",
"1400000US12086000206","Census Tract 2.06; Miami-Dade County; Florida","1939","317","1609","310","1037","310","572","234","294","156","278","161","330","146","304","148","26","29",
"1400000US12086000211","Census Tract 2.11; Miami-Dade County; Florida","901","112","605","121","400","90","205","105","36","28","169","101","296","90","276","87","20","31",
"1400000US12086000212","Census Tract 2.12; Miami-Dade County; Florida","1796","266","1428","247","664","219","764","233","123","131","641","216","368","181","322","176","46","39",
"1400000US12086000213","Census Tract 2.13; Miami-Dade County; Florida","1566","210","1269","203","803","201","466","172","88","85","378","140","297","133","258","129","39","59",
"1400000US12086000215","Census Tract 2.15; Miami-Dade County; Florida","1630","347","1212","228","751","243","461","177","150","107","311","150","418","316","367","315","51","54",
"1400000US12086000216","Census Tract 2.16; Miami-Dade County; Florida","1187","213","1016","184","563","217","453","142","198","131","255","150","171","146","154","146","17","32",
"1400000US12086000218","Census Tract 2.18; Miami-Dade County; Florida","958","126","692","106","310","110","382","114","85","62","297","103","266","113","189","98","77","68",
"1400000US12086000219","Census Tract 2.19; Miami-Dade County; Florida","1526","164","1121","187","738","198","383","123","67","73","316","103","405","142","301","145","104","68",
"1400000US12086000220","Census Tract 2.20; Miami-Dade County; Florida","1708","276","1233","302","539","220","694","253","345","205","349","147","475","156","375","133","100","117",
"1400000US12086000221","Census Tract 2.21; Miami-Dade County; Florida","700","165","529","120","370","102","159","97","72","77","87","83","171","132","139","123","32","50",
"1400000US12086000222","Census Tract 2.22; Miami-Dade County; Florida","1302","191","807","168","547","124","260","163","165","137","95","86","495","204","294","171","201","131",
"1400000US12086000223","Census Tract 2.23; Miami-Dade County; Florida","1022","210","684","208","348","206","336","128","0","15","336","128","338","123","245","121","93","94",
"1400000US12086000224","Census Tract 2.24; Miami-Dade County; Florida","1836","189","994","211","648","194","346","145","72","73","274","140","842","253","728","251","114","87",
"1400000US12086000225","Census Tract 2.25; Miami-Dade County; Florida","1752","309","951","272","705","279","246","89","95","65","151","82","801","268","695","263","106","106",
"1400000US12086000226","Census Tract 2.26; Miami-Dade County; Florida","784","149","484","141","267","73","217","137","18","27","199","134","300","81","285","82","15","19",
"1400000US12086000227","Census Tract 2.27; Miami-Dade County; Florida","834","142","590","151","296","153","294","146","146","126","148","71","244","80","244","80","0","15",
"1400000US12086000228","Census Tract 2.28; Miami-Dade County; Florida","1027","172","721","99","416","99","305","96","65","48","240","94","306","169","237","131","69","107",
"1400000US12086000302","Census Tract 3.02; Miami-Dade County; Florida","671","119","450","88","320","96","130","64","44","44","86","53","221","134","135","114","86","66",
"1400000US12086000306","Census Tract 3.06; Miami-Dade County; Florida","1828","185","987","187","451","152","536","180","57","64","479","163","841","199","675","190","166","94",
"1400000US12086000307","Census Tract 3.07; Miami-Dade County; Florida","1179","118","984","128","531","154","453","137","160","97","293","125","195","108","148","97","47","45",
"1400000US12086000308","Census Tract 3.08; Miami-Dade County; Florida","1187","136","981","126","646","133","335","137","150","97","185","105","206","98","185","93","21","24",
"1400000US12086000309","Census Tract 3.09; Miami-Dade County; Florida","1148","147","866","180","369","160","497","173","152","111","345","173","282","131","270","136","12","26",
"1400000US12086000310","Census Tract 3.10; Miami-Dade County; Florida","1330","179","956","229","543","185","413","175","91","79","322","170","374","148","317","154","57","53",
"1400000US12086000311","Census Tract 3.11; Miami-Dade County; Florida","1244","390","964","401","420","131","544","398","73","67","471","391","280","130","280","130","0","15",
"1400000US12086000312","Census Tract 3.12; Miami-Dade County; Florida","1124","241","715","192","300","148","415","152","137","90","278","135","409","209","397","210","12","19",
"1400000US12086000402","Census Tract 4.02; Miami-Dade County; Florida","1324","214","954","174","447","143","507","147","30","36","477","145","370","176","305","178","65","48",
"1400000US12086000405","Census Tract 4.05; Miami-Dade County; Florida","1134","147","848","115","470","146","378","157","27","36","351","153","286","157","237","144","49","52",
"1400000US12086000408","Census Tract 4.08; Miami-Dade County; Florida","1866","182","989","219","375","198","614","246","148","123","466","201","877","235","620","259","257","212",
"1400000US12086000409","Census Tract 4.09; Miami-Dade County; Florida","1187","145","995","118","473","134","522","145","171","125","351","101","192","133","89","69","103","118",
"1400000US12086000410","Census Tract 4.10; Miami-Dade County; Florida","1164","213","943","215","607","190","336","170","45","54","291","168","221","90","211","89","10","18",
"1400000US12086000411","Census Tract 4.11; Miami-Dade County; Florida","2095","360","1637","380","620","191","1017","346","598","341","419","166","458","176","301","148","157","116",
"1400000US12086000413","Census Tract 4.13; Miami-Dade County; Florida","1520","191","1283","205","460","183","823","238","59","57","764","242","237","107","237","107","0","21",
"1400000US12086000414","Census Tract 4.14; Miami-Dade County; Florida","1926","174","1060","196","507","180","553","165","95","80","458","154","866","198","805","199","61","60",
"1400000US12086000415","Census Tract 4.15; Miami-Dade County; Florida","622","130","452","137","276","99","176","127","48","41","128","115","170","84","166","83","4","8",
"1400000US12086000416","Census Tract 4.16; Miami-Dade County; Florida","1817","464","1187","417","764","414","423","206","210","180","213","96","630","269","559","262","71","60",
"1400000US12086000417","Census Tract 4.17; Miami-Dade County; Florida","1638","246","884","185","288","154","596","160","138","82","458","165","754","248","560","195","194","186",
"1400000US12086000418","Census Tract 4.18; Miami-Dade County; Florida","773","96","525","95","171","63","354","116","57","37","297","119","248","100","202","96","46","44",
"1400000US12086000419","Census Tract 4.19; Miami-Dade County; Florida","1168","254","902","269","379","146","523","257","141","85","382","250","266","119","206","100","60","63",
"1400000US12086000420","Census Tract 4.20; Miami-Dade County; Florida","1064","99","1000","117","591","182","409","152","186","145","223","124","64","61","64","61","0","15",
"1400000US12086000504","Census Tract 5.04; Miami-Dade County; Florida","1513","226","1043","213","655","201","388","125","106","70","282","114","470","155","439","156","31","47",
"1400000US12086000505","Census Tract 5.05; Miami-Dade County; Florida","1951","101","1498","180","763","182","735","242","286","203","449","166","453","166","248","102","205","142",
"1400000US12086000506","Census Tract 5.06; Miami-Dade County; Florida","733","116","627","141","209","95","418","119","77","60","341","124","106","85","92","83","14","22",
"1400000US12086000507","Census Tract 5.07; Miami-Dade County; Florida","1257","149","764","171","422","136","342","133","156","97","186","108","493","162","364","166","129","84",
"1400000US12086000508","Census Tract 5.08; Miami-Dade County; Florida","1323","160","917","182","155","107","762","193","127","118","635","203","406","156","370","154","36","57",
"1400000US12086000509","Census Tract 5.09; Miami-Dade County; Florida","987","140","700","134","447","168","253","125","182","110","71","57","287","126","225","123","62","54",
"1400000US12086000601","Census Tract 6.01; Miami-Dade County; Florida","1234","76","955","132","601","134","354","115","89","69","265","112","279","115","206","85","73","62",
"1400000US12086000602","Census Tract 6.02; Miami-Dade County; Florida","1695","342","1462","359","1184","377","278","138","18","28","260","136","233","128","186","119","47","73",
"1400000US12086000603","Census Tract 6.03; Miami-Dade County; Florida","1561","265","1411","258","707","142","704","276","152","92","552","276","150","81","99","59","51","54",
"1400000US12086000605","Census Tract 6.05; Miami-Dade County; Florida","1382","382","1145","371","832","387","313","122","124","88","189","80","237","106","161","84","76","53",
"1400000US12086000607","Census Tract 6.07; Miami-Dade County; Florida","1539","188","1208","144","642","138","566","170","196","141","370","126","331","151","238","130","93","85",
"1400000US12086000609","Census Tract 6.09; Miami-Dade County; Florida","1321","192","700","171","280","134","420","137","182","102","238","98","621","163","515","162","106","78",
"1400000US12086000610","Census Tract 6.10; Miami-Dade County; Florida","886","155","641","151","277","84","364","162","60","39","304","159","245","76","188","83","57","40",
"1400000US12086000611","Census Tract 6.11; Miami-Dade County; Florida","779","123","600","142","334","89","266","132","85","49","181","121","179","75","122","70","57","38",
"1400000US12086000612","Census Tract 6.12; Miami-Dade County; Florida","896","190","772","196","442","204","330","66","117","59","213","72","124","59","56","45","68","43",
"1400000US12086000705","Census Tract 7.05; Miami-Dade County; Florida","2173","327","1334","397","727","190","607","390","298","317","309","158","839","222","644","191","195","112",
"1400000US12086000710","Census Tract 7.10; Miami-Dade County; Florida","1874","145","1389","205","622","160","767","227","80","74","687","236","485","138","392","139","93","83",
"1400000US12086000711","Census Tract 7.11; Miami-Dade County; Florida","2054","125","1551","218","1041","249","510","140","140","106","370","132","503","178","334","156","169","93",
"1400000US12086000712","Census Tract 7.12; Miami-Dade County; Florida","853","132","659","160","411","150","248","86","89","64","159","64","194","78","135","69","59","42",
"1400000US12086000713","Census Tract 7.13; Miami-Dade County; Florida","1394","392","693","222","230","85","463","214","154","99","309","224","701","344","661","333","40","35",
"1400000US12086000714","Census Tract 7.14; Miami-Dade County; Florida","1634","213","1363","246","774","237","589","146","208","130","381","121","271","100","271","100","0","15",
"1400000US12086000715","Census Tract 7.15; Miami-Dade County; Florida","987","151","806","149","582","159","224","87","88","60","136","71","181","83","161","78","20","18",
"1400000US12086000716","Census Tract 7.16; Miami-Dade County; Florida","852","133","547","108","348","93","199","107","49","43","150","93","305","139","162","70","143","130",
"1400000US12086000717","Census Tract 7.17; Miami-Dade County; Florida","834","159","560","157","392","156","168","69","67","43","101","51","274","137","198","133","76","61",
"1400000US12086000718","Census Tract 7.18; Miami-Dade County; Florida","1369","400","973","396","406","146","567","398","76","51","491","407","396","129","317","117","79","78",
"1400000US12086000719","Census Tract 7.19; Miami-Dade County; Florida","494","52","365","67","141","64","224","52","43","34","181","40","129","50","92","47","37","18",
"1400000US12086000720","Census Tract 7.20; Miami-Dade County; Florida","1281","87","869","108","485","122","384","136","205","93","179","104","412","107","377","102","35","39",
"1400000US12086000804","Census Tract 8.04; Miami-Dade County; Florida","1521","284","1092","130","614","167","478","144","165","92","313","124","429","284","374","279","55","56",
"1400000US12086000805","Census Tract 8.05; Miami-Dade County; Florida","1637","144","1301","176","752","149","549","158","257","135","292","121","336","129","243","116","93","65",
"1400000US12086000806","Census Tract 8.06; Miami-Dade County; Florida","1542","220","934","225","655","238","279","124","89","75","190","109","608","137","401","135","207","106",
"1400000US12086000807","Census Tract 8.07; Miami-Dade County; Florida","1569","280","931","254","473","226","458","114","160","88","298","85","638","183","577","181","61","48",
"1400000US12086000808","Census Tract 8.08; Miami-Dade County; Florida","1393","267","901","201","481","209","420","138","56","54","364","139","492","224","290","121","202","159",
"1400000US12086000903","Census Tract 9.03; Miami-Dade County; Florida","1263","179","695","182","265","103","430","177","188","149","242","105","568","176","437","169","131","111",
"1400000US12086000904","Census Tract 9.04; Miami-Dade County; Florida","776","142","531","155","311","155","220","67","27","24","193","63","245","76","206","72","39","37",
"1400000US12086000905","Census Tract 9.05; Miami-Dade County; Florida","1092","173","855","190","414","165","441","130","181","100","260","113","237","104","152","87","85","70",
"1400000US12086000906","Census Tract 9.06; Miami-Dade County; Florida","585","154","480","162","315","167","165","66","67","49","98","49","105","46","92","42","13","20",
"1400000US12086000907","Census Tract 9.07; Miami-Dade County; Florida","501","104","480","110","201","86","279","104","168","101","111","59","21","25","21","25","0","15",
"1400000US12086000908","Census Tract 9.08; Miami-Dade County; Florida","951","171","764","177","415","138","349","185","108","95","241","182","187","93","124","71","63","82",
"1400000US12086001003","Census Tract 10.03; Miami-Dade County; Florida","2059","320","1554","311","694","270","860","220","268","161","592","185","505","277","354","250","151","119",
"1400000US12086001004","Census Tract 10.04; Miami-Dade County; Florida","2574","326","1884","325","780","262","1104","274","413","242","691","253","690","290","542","264","148","127",
"1400000US12086001005","Census Tract 10.05; Miami-Dade County; Florida","792","123","296","83","162","79","134","74","20","28","114","67","496","123","416","121","80","60",
"1400000US12086001006","Census Tract 10.06; Miami-Dade County; Florida","1644","377","906","155","279","103","627","156","168","111","459","113","738","407","684","379","54","61",
"1400000US12086001007","Census Tract 10.07; Miami-Dade County; Florida","1048","72","817","141","403","159","414","118","80","87","334","130","231","115","160","85","71","71",
"1400000US12086001008","Census Tract 10.08; Miami-Dade County; Florida","1179","327","766","104","280","111","486","123","68","60","418","124","413","323","155","118","258","305",
"1400000US12086001101","Census Tract 11.01; Miami-Dade County; Florida","1323","191","1008","187","662","190","346","129","63","46","283","117","315","103","167","85","148","78",
"1400000US12086001102","Census Tract 11.02; Miami-Dade County; Florida","1269","118","970","130","673","138","297","128","127","91","170","105","299","113","211","107","88","69",
"1400000US12086001103","Census Tract 11.03; Miami-Dade County; Florida","1397","268","938","254","493","115","445","244","155","80","290","226","459","170","244","130","215","128",
"1400000US12086001104","Census Tract 11.04; Miami-Dade County; Florida","1756","218","1236","174","927","197","309","104","117","64","192","89","520","205","323","114","197","182",
"1400000US12086001204","Census Tract 12.04; Miami-Dade County; Florida","2271","269","1578","314","977","315","601","258","152","139","449","211","693","228","584","214","109","77",
"1400000US12086001205","Census Tract 12.05; Miami-Dade County; Florida","857","189","565","158","447","125","118","78","17","23","101","75","292","114","213","103","79","65",
"1400000US12086001206","Census Tract 12.06; Miami-Dade County; Florida","1839","214","1307","215","1046","163","261","148","28","31","233","144","532","185","437","171","95","62",
"1400000US12086001207","Census Tract 12.07; Miami-Dade County; Florida","572","109","365","79","325","79","40","30","15","16","25","26","207","93","179","86","28","30",
"1400000US12086001208","Census Tract 12.08; Miami-Dade County; Florida","1285","259","965","304","610","282","355","193","128","161","227","146","320","157","207","142","113","87",
"1400000US12086001209","Census Tract 12.09; Miami-Dade County; Florida","1330","189","876","219","454","148","422","181","156","114","266","142","454","173","275","141","179","109",
"1400000US12086001301","Census Tract 13.01; Miami-Dade County; Florida","2503","285","1362","305","741","259","621","244","218","118","403","226","1141","333","1012","318","129","109",
"1400000US12086001302","Census Tract 13.02; Miami-Dade County; Florida","2769","440","1351","389","1015","376","336","141","144","118","192","93","1418","304","1251","295","167","139",
"1400000US12086001401","Census Tract 14.01; Miami-Dade County; Florida","2148","298","1231","277","257","124","974","281","350","180","624","240","917","232","736","191","181","162",
"1400000US12086001402","Census Tract 14.02; Miami-Dade County; Florida","2535","431","1506","465","680","403","826","223","289","194","537","189","1029","269","960","254","69","86",
"1400000US12086001501","Census Tract 15.01; Miami-Dade County; Florida","1160","186","876","183","288","88","588","193","93","104","495","174","284","115","242","103","42","49",
"1400000US12086001502","Census Tract 15.02; Miami-Dade County; Florida","1391","239","933","238","332","116","601","227","70","74","531","221","458","162","342","141","116","83",
"1400000US12086001603","Census Tract 16.03; Miami-Dade County; Florida","1082","144","762","131","386","126","376","118","80","68","296","105","320","140","243","116","77","77",
"1400000US12086001605","Census Tract 16.05; Miami-Dade County; Florida","1719","249","991","261","544","242","447","147","164","97","283","125","728","167","541","142","187","100",
"1400000US12086001606","Census Tract 16.06; Miami-Dade County; Florida","1676","235","999","239","630","241","369","137","187","116","182","86","677","168","476","129","201","126",
"1400000US12086001607","Census Tract 16.07; Miami-Dade County; Florida","1122","383","839","384","593","392","246","64","118","56","128","61","283","115","237","112","46","48",
"1400000US12086001608","Census Tract 16.08; Miami-Dade County; Florida","876","164","625","161","367","146","258","86","81","59","177","84","251","96","206","88","45","46",
"1400000US12086001701","Census Tract 17.01; Miami-Dade County; Florida","1702","290","1161","274","561","206","600","235","151","156","449","184","541","176","406","164","135","88",
"1400000US12086001702","Census Tract 17.02; Miami-Dade County; Florida","1315","248","919","282","350","149","569","263","65","76","504","251","396","156","373","154","23","29",
"1400000US12086001704","Census Tract 17.04; Miami-Dade County; Florida","815","97","575","113","363","107","212","116","62","70","150","92","240","120","225","121","15","27",
"1400000US12086001705","Census Tract 17.05; Miami-Dade County; Florida","670","147","554","162","331","156","223","86","66","58","157","86","116","65","104","57","12","27",
"1400000US12086001801","Census Tract 18.01; Miami-Dade County; Florida","1654","404","938","212","486","167","452","155","118","73","334","136","716","384","638","386","78","60",
"1400000US12086001802","Census Tract 18.02; Miami-Dade County; Florida","1543","257","1009","244","493","247","516","150","121","65","395","143","534","207","488","207","46","56",
"1400000US12086001803","Census Tract 18.03; Miami-Dade County; Florida","1457","312","560","181","224","94","336","170","91","81","245","157","897","309","836","300","61","68",
"1400000US12086001901","Census Tract 19.01; Miami-Dade County; Florida","2192","307","1039","368","127","148","912","331","267","168","645","293","1153","331","976","319","177","151",
"1400000US12086001903","Census Tract 19.03; Miami-Dade County; Florida","1173","195","714","172","229","121","485","158","86","75","399","156","459","167","408","150","51","86",
"1400000US12086001904","Census Tract 19.04; Miami-Dade County; Florida","1568","184","960","184","467","151","493","174","72","76","421","157","608","144","502","145","106","68",
"1400000US12086002001","Census Tract 20.01; Miami-Dade County; Florida","1292","211","717","259","375","186","342","207","58","60","284","182","575","179","441","167","134","87",
"1400000US12086002003","Census Tract 20.03; Miami-Dade County; Florida","1392","164","615","148","314","101","301","123","72","67","229","116","777","201","748","207","29","45",
"1400000US12086002004","Census Tract 20.04; Miami-Dade County; Florida","1031","128","679","139","248","103","431","131","143","71","288","129","352","115","316","111","36","40",
"1400000US12086002100","Census Tract 21; Miami-Dade County; Florida","1256","219","828","207","638","180","190","123","113","112","77","52","428","151","306","122","122","92",
"1400000US12086002201","Census Tract 22.01; Miami-Dade County; Florida","1084","94","718","152","227","109","491","161","162","100","329","141","366","139","213","123","153","94",
"1400000US12086002202","Census Tract 22.02; Miami-Dade County; Florida","1569","382","1093","417","532","150","561","381","240","325","321","194","476","128","292","117","184","90",
"1400000US12086002300","Census Tract 23; Miami-Dade County; Florida","1831","246","1348","264","423","188","925","292","82","75","843","281","483","169","418","164","65","48",
"1400000US12086002402","Census Tract 24.02; Miami-Dade County; Florida","1917","170","1361","184","874","220","487","195","147","84","340","179","556","192","402","161","154","103",
"1400000US12086002403","Census Tract 24.03; Miami-Dade County; Florida","1259","158","839","168","366","127","473","152","183","106","290","137","420","169","336","179","84","78",
"1400000US12086002404","Census Tract 24.04; Miami-Dade County; Florida","2392","348","1208","258","717","255","491","178","115","117","376","174","1184","308","1167","308","17","33",
"1400000US12086002501","Census Tract 25.01; Miami-Dade County; Florida","1874","400","1248","412","511","323","737","222","220","133","517","188","626","175","481","175","145","94",
"1400000US12086002502","Census Tract 25.02; Miami-Dade County; Florida","1145","206","797","221","440","217","357","128","129","113","228","96","348","131","291","137","57","53",
"1400000US12086002600","Census Tract 26; Miami-Dade County; Florida","2905","304","1197","319","861","317","336","216","108","127","228","177","1708","347","1410","311","298","144",
"1400000US12086002702","Census Tract 27.02; Miami-Dade County; Florida","3337","274","1417","327","894","274","523","226","200","152","323","204","1920","352","1346","331","574","187",
"1400000US12086002705","Census Tract 27.05; Miami-Dade County; Florida","2519","459","1432","468","1091","431","341","239","138","150","203","191","1087","269","783","250","304","171",
"1400000US12086002707","Census Tract 27.07; Miami-Dade County; Florida","1589","176","625","155","338","141","287","171","242","164","45","60","964","160","771","152","193","104",
"1400000US12086002708","Census Tract 27.08; Miami-Dade County; Florida","1493","197","688","199","496","168","192","107","122","107","70","79","805","230","528","196","277","131",
"1400000US12086002709","Census Tract 27.09; Miami-Dade County; Florida","2780","393","689","245","668","244","21","37","21","37","0","15","2091","397","1888","389","203","135",
"1400000US12086002710","Census Tract 27.10; Miami-Dade County; Florida","1215","315","264","90","239","80","25","39","0","15","25","39","951","321","749","323","202","144",
"1400000US12086002800","Census Tract 28; Miami-Dade County; Florida","551","92","192","69","65","47","127","56","20","21","107","47","359","99","326","96","33","27",
"1400000US12086002900","Census Tract 29; Miami-Dade County; Florida","1608","152","1089","194","619","170","470","170","78","70","392","147","519","180","410","163","109","104",
"1400000US12086003001","Census Tract 30.01; Miami-Dade County; Florida","1546","293","602","264","267","118","335","267","62","58","273","258","944","217","808","218","136","66",
"1400000US12086003004","Census Tract 30.04; Miami-Dade County; Florida","2614","253","777","197","396","181","381","174","96","100","285","155","1837","296","1554","294","283","168",
"1400000US12086003005","Census Tract 30.05; Miami-Dade County; Florida","682","187","432","128","273","151","159","85","63","48","96","72","250","181","243","183","7","12",
"1400000US12086003006","Census Tract 30.06; Miami-Dade County; Florida","1714","236","1021","208","756","184","265","128","53","74","212","106","693","275","456","228","237","182",
"1400000US12086003100","Census Tract 31; Miami-Dade County; Florida","1936","338","1023","411","351","344","672","254","101","116","571","226","913","275","856","288","57","86",
"1400000US12086003400","Census Tract 34; Miami-Dade County; Florida","1875","248","783","248","203","89","580","244","176","115","404","237","1092","225","776","240","316","148",
"1400000US12086003603","Census Tract 36.03; Miami-Dade County; Florida","1023","226","606","253","373","214","233","150","57","82","176","121","417","161","311","122","106","91",
"1400000US12086003604","Census Tract 36.04; Miami-Dade County; Florida","1237","231","646","198","253","136","393","190","138","117","255","149","591","181","318","139","273","143",
"1400000US12086003605","Census Tract 36.05; Miami-Dade County; Florida","1652","149","641","148","349","131","292","175","163","131","129","105","1011","173","871","197","140","101",
"1400000US12086003606","Census Tract 36.06; Miami-Dade County; Florida","1478","179","371","132","157","90","214","109","102","87","112","85","1107","221","872","200","235","131",
"1400000US12086003607","Census Tract 36.07; Miami-Dade County; Florida","870","134","436","112","181","94","255","90","25","25","230","88","434","161","375","152","59","64",
"1400000US12086003703","Census Tract 37.03; Miami-Dade County; Florida","1686","241","399","140","355","138","44","37","22","19","22","29","1287","222","981","226","306","149",
"1400000US12086003704","Census Tract 37.04; Miami-Dade County; Florida","986","163","187","81","77","56","110","81","22","33","88","72","799","160","753","152","46","40",
"1400000US12086003705","Census Tract 37.05; Miami-Dade County; Florida","1045","140","389","94","325","95","64","69","52","66","12","18","656","150","433","136","223","87",
"1400000US12086003706","Census Tract 37.06; Miami-Dade County; Florida","1022","141","218","79","138","66","80","44","56","42","24","23","804","149","645","135","159","91",
"1400000US12086003707","Census Tract 37.07; Miami-Dade County; Florida","1240","192","290","113","255","106","35","39","18","28","17","26","950","210","603","174","347","162",
"1400000US12086003708","Census Tract 37.08; Miami-Dade County; Florida","581","95","162","73","124","68","38","31","13","14","25","29","419","100","289","100","130","81",
"1400000US12086003709","Census Tract 37.09; Miami-Dade County; Florida","762","130","237","96","158","78","79","67","33","49","46","49","525","128","375","142","150","84",
"1400000US12086003710","Census Tract 37.10; Miami-Dade County; Florida","3867","376","1577","344","1102","337","475","278","272","210","203","175","2290","298","1423","296","867","268",
"1400000US12086003801","Census Tract 38.01; Miami-Dade County; Florida","2092","200","1468","100","1023","174","445","150","38","41","407","148","624","209","556","200","68","51",
"1400000US12086003803","Census Tract 38.03; Miami-Dade County; Florida","1471","210","817","143","721","156","96","101","84","98","12","20","654","217","648","219","6","18",
"1400000US12086003804","Census Tract 38.04; Miami-Dade County; Florida","1965","178","1284","132","975","168","309","147","38","44","271","155","681","202","442","167","239","140",
"1400000US12086003906","Census Tract 39.06; Miami-Dade County; Florida","943","159","695","161","597","148","98","61","21","16","77","59","248","101","209","96","39","33",
"1400000US12086003909","Census Tract 39.09; Miami-Dade County; Florida","762","162","330","85","195","59","135","58","35","34","100","62","432","142","356","136","76","55",
"1400000US12086003911","Census Tract 39.11; Miami-Dade County; Florida","2102","398","1018","333","599","249","419","258","242","220","177","131","1084","247","816","215","268","170",
"1400000US12086003912","Census Tract 39.12; Miami-Dade County; Florida","1767","314","1080","220","627","183","453","136","64","63","389","132","687","255","444","232","243","126",
"1400000US12086003913","Census Tract 39.13; Miami-Dade County; Florida","1823","328","858","185","563","224","295","163","108","98","187","136","965","354","712","341","253","155",
"1400000US12086003914","Census Tract 39.14; Miami-Dade County; Florida","2180","415","705","181","430","135","275","136","76","98","199","130","1475","414","1280","408","195","117",
"1400000US12086003915","Census Tract 39.15; Miami-Dade County; Florida","2147","279","1082","229","768","247","314","202","225","204","89","86","1065","286","723","271","342","184",
"1400000US12086003916","Census Tract 39.16; Miami-Dade County; Florida","1919","230","1002","232","834","245","168","81","75","64","93","62","917","166","714","209","203","171",
"1400000US12086003917","Census Tract 39.17; Miami-Dade County; Florida","2303","212","1258","239","854","269","404","141","187","115","217","127","1045","257","847","226","198","126",
"1400000US12086003918","Census Tract 39.18; Miami-Dade County; Florida","1266","184","763","148","474","143","289","125","102","84","187","116","503","142","413","126","90","60",
"1400000US12086003919","Census Tract 39.19; Miami-Dade County; Florida","1347","254","676","210","439","178","237","143","82","61","155","121","671","201","533","172","138","102",
"1400000US12086003921","Census Tract 39.21; Miami-Dade County; Florida","1088","199","633","119","588","117","45","43","0","15","45","43","455","175","397","170","58","51",
"1400000US12086003922","Census Tract 39.22; Miami-Dade County; Florida","980","167","607","137","466","121","141","74","42","39","99","61","373","117","312","114","61","32",
"1400000US12086004000","Census Tract 40; Miami-Dade County; Florida","1636","268","1216","228","1085","246","131","92","23","26","108","84","420","165","389","158","31","38",
"1400000US12086004102","Census Tract 41.02; Miami-Dade County; Florida","1073","159","634","146","585","143","49","50","41","48","8","14","439","124","348","121","91","58",
"1400000US12086004103","Census Tract 41.03; Miami-Dade County; Florida","1326","274","379","216","228","105","151","197","147","197","4","7","947","182","835","172","112","108",
"1400000US12086004105","Census Tract 41.05; Miami-Dade County; Florida","1452","473","401","130","314","119","87","59","29","32","58","53","1051","467","988","464","63","56",
"1400000US12086004106","Census Tract 41.06; Miami-Dade County; Florida","1226","172","668","132","574","129","94","60","81","56","13","20","558","136","492","128","66","44",
"1400000US12086004204","Census Tract 42.04; Miami-Dade County; Florida","1282","203","395","130","246","82","149","90","101","96","48","39","887","218","759","221","128","91",
"1400000US12086004205","Census Tract 42.05; Miami-Dade County; Florida","1259","209","377","173","300","150","77","83","33","34","44","63","882","197","722","192","160","122",
"1400000US12086004206","Census Tract 42.06; Miami-Dade County; Florida","947","350","565","340","313","169","252","320","226","318","26","28","382","95","367","93","15","16",
"1400000US12086004207","Census Tract 42.07; Miami-Dade County; Florida","973","207","428","162","272","139","156","103","102","95","54","44","545","174","460","174","85","63",
"1400000US12086004208","Census Tract 42.08; Miami-Dade County; Florida","915","177","210","74","149","65","61","43","10","17","51","43","705","192","659","193","46","31",
"1400000US12086004301","Census Tract 43.01; Miami-Dade County; Florida","1502","220","532","153","394","124","138","92","12","18","126","91","970","239","727","191","243","159",
"1400000US12086004303","Census Tract 43.03; Miami-Dade County; Florida","1524","200","510","167","184","134","326","109","149","126","177","90","1014","246","866","224","148","120",
"1400000US12086004304","Census Tract 43.04; Miami-Dade County; Florida","1303","223","343","92","256","90","87","38","39","41","48","35","960","220","747","208","213","90",
"1400000US12086004403","Census Tract 44.03; Miami-Dade County; Florida","1468","230","391","128","330","126","61","54","36","40","25","45","1077","246","981","248","96","58",
"1400000US12086004404","Census Tract 44.04; Miami-Dade County; Florida","1455","253","369","109","248","92","121","62","24","39","97","49","1086","254","1027","246","59","61",
"1400000US12086004405","Census Tract 44.05; Miami-Dade County; Florida","1885","262","529","185","263","117","266","163","96","98","170","128","1356","278","1207","262","149","96",
"1400000US12086004406","Census Tract 44.06; Miami-Dade County; Florida","1450","169","526","117","398","100","128","88","72","63","56","62","924","172","806","156","118","71",
"1400000US12086004500","Census Tract 45; Miami-Dade County; Florida","2276","434","1019","212","961","220","58","55","0","15","58","55","1257","394","1236","395","21","27",
"1400000US12086004602","Census Tract 46.02; Miami-Dade County; Florida","1215","127","1079","137","964","137","115","75","47","52","68","55","136","95","63","43","73","81",
"1400000US12086004605","Census Tract 46.05; Miami-Dade County; Florida","1428","166","965","152","810","142","155","82","0","15","155","82","463","142","437","143","26","22",
"1400000US12086004607","Census Tract 46.07; Miami-Dade County; Florida","1502","166","1202","165","1058","148","144","77","52","50","92","54","300","115","252","118","48","52",
"1400000US12086004608","Census Tract 46.08; Miami-Dade County; Florida","800","160","621","141","429","75","192","108","6","9","186","107","179","65","173","65","6","9",
"1400000US12086004701","Census Tract 47.01; Miami-Dade County; Florida","2064","259","1307","178","997","168","310","118","33","43","277","119","757","265","570","268","187","93",
"1400000US12086004703","Census Tract 47.03; Miami-Dade County; Florida","1755","147","1225","189","854","199","371","178","122","107","249","121","530","182","414","163","116","64",
"1400000US12086004704","Census Tract 47.04; Miami-Dade County; Florida","855","76","602","90","420","96","182","68","60","46","122","50","253","64","207","61","46","36",
"1400000US12086004705","Census Tract 47.05; Miami-Dade County; Florida","1628","435","808","129","556","125","252","113","58","62","194","97","820","476","698","485","122","111",
"1400000US12086004901","Census Tract 49.01; Miami-Dade County; Florida","1561","404","957","155","534","131","423","124","56","45","367","121","604","434","471","431","133","70",
"1400000US12086004903","Census Tract 49.03; Miami-Dade County; Florida","1304","283","769","193","295","147","474","177","169","136","305","146","535","291","368","271","167","154",
"1400000US12086004904","Census Tract 49.04; Miami-Dade County; Florida","971","182","772","186","478","201","294","139","125","104","169","110","199","89","170","86","29","28",
"1400000US12086005002","Census Tract 50.02; Miami-Dade County; Florida","1765","249","1231","300","549","131","682","285","262","248","420","153","534","170","306","127","228","140",
"1400000US12086005003","Census Tract 50.03; Miami-Dade County; Florida","1290","369","1131","364","647","208","484","335","199","314","285","116","159","131","119","125","40","36",
"1400000US12086005004","Census Tract 50.04; Miami-Dade County; Florida","1117","163","900","173","660","210","240","140","32","57","208","158","217","104","134","76","83","67",
"1400000US12086005102","Census Tract 51.02; Miami-Dade County; Florida","2731","431","1031","272","674","201","357","187","56","61","301","178","1700","430","1468","410","232","168",
"1400000US12086005103","Census Tract 51.03; Miami-Dade County; Florida","956","111","664","116","319","97","345","108","125","63","220","92","292","78","266","76","26","32",
"1400000US12086005104","Census Tract 51.04; Miami-Dade County; Florida","1710","134","1020","179","488","152","532","186","143","104","389","164","690","178","655","176","35","31",
"1400000US12086005201","Census Tract 52.01; Miami-Dade County; Florida","2379","294","1369","312","639","242","730","348","206","199","524","253","1010","338","842","320","168","133",
"1400000US12086005202","Census Tract 52.02; Miami-Dade County; Florida","2183","296","1134","281","638","273","496","197","113","114","383","191","1049","309","692","294","357","197",
"1400000US12086005303","Census Tract 53.03; Miami-Dade County; Florida","1325","119","789","160","469","121","320","125","172","96","148","95","536","151","365","132","171","103",
"1400000US12086005304","Census Tract 53.04; Miami-Dade County; Florida","1653","140","1085","144","371","129","714","151","155","92","559","151","568","160","414","141","154","84",
"1400000US12086005305","Census Tract 53.05; Miami-Dade County; Florida","1726","508","1157","514","430","276","727","443","307","439","420","144","569","179","455","186","114","94",
"1400000US12086005306","Census Tract 53.06; Miami-Dade County; Florida","2131","472","1051","367","464","134","587","343","384","313","203","151","1080","460","860","448","220","133",
"1400000US12086005403","Census Tract 54.03; Miami-Dade County; Florida","501","115","442","118","289","119","153","52","60","39","93","46","59","42","24","23","35","37",
"1400000US12086005405","Census Tract 54.05; Miami-Dade County; Florida","1196","196","788","137","393","136","395","120","105","73","290","113","408","190","301","136","107","141",
"1400000US12086005406","Census Tract 54.06; Miami-Dade County; Florida","1465","338","1065","333","357","141","708","323","169","105","539","325","400","163","285","140","115","97",
"1400000US12086005407","Census Tract 54.07; Miami-Dade County; Florida","1017","127","567","129","288","107","279","104","27","32","252","104","450","109","382","91","68","59",
"1400000US12086005409","Census Tract 54.09; Miami-Dade County; Florida","1873","266","753","212","361","124","392","183","226","145","166","119","1120","274","986","258","134","109",
"1400000US12086005410","Census Tract 54.10; Miami-Dade County; Florida","1261","177","684","170","289","119","395","150","162","96","233","134","577","120","508","124","69","67",
"1400000US12086005503","Census Tract 55.03; Miami-Dade County; Florida","1290","141","968","197","562","214","406","138","103","66","303","131","322","127","278","113","44","51",
"1400000US12086005504","Census Tract 55.04; Miami-Dade County; Florida","1074","162","767","153","542","142","225","118","42","46","183","115","307","125","234","117","73","64",
"1400000US12086005505","Census Tract 55.05; Miami-Dade County; Florida","863","108","566","132","317","122","249","121","39","41","210","121","297","117","297","117","0","15",
"1400000US12086005506","Census Tract 55.06; Miami-Dade County; Florida","1181","169","913","218","425","208","488","180","74","111","414","169","268","111","122","86","146","117",
"1400000US12086005600","Census Tract 56; Miami-Dade County; Florida","1840","314","1316","305","751","159","565","324","299","286","266","114","524","154","398","133","126","89",
"1400000US12086005701","Census Tract 57.01; Miami-Dade County; Florida","2591","540","1291","421","769","348","522","281","195","227","327","177","1300","370","1168","347","132","141",
"1400000US12086005705","Census Tract 57.05; Miami-Dade County; Florida","1522","145","720","176","260","108","460","158","125","87","335","154","802","181","619","177","183","100",
"1400000US12086005706","Census Tract 57.06; Miami-Dade County; Florida","1832","157","752","176","419","148","333","137","90","80","243","100","1080","224","1014","232","66","71",
"1400000US12086005707","Census Tract 57.07; Miami-Dade County; Florida","634","42","438","98","240","99","198","86","71","51","127","77","196","92","140","67","56","59",
"1400000US12086005708","Census Tract 57.08; Miami-Dade County; Florida","2200","370","1653","378","1061","394","592","195","174","130","418","144","547","214","478","209","69","69",
"1400000US12086005803","Census Tract 58.03; Miami-Dade County; Florida","2078","406","1752","399","1057","438","695","156","121","91","574","130","326","128","205","103","121","83",
"1400000US12086005804","Census Tract 58.04; Miami-Dade County; Florida","1224","174","826","202","538","216","288","155","83","74","205","136","398","130","318","123","80","53",
"1400000US12086005805","Census Tract 58.05; Miami-Dade County; Florida","763","117","573","126","340","91","233","129","145","116","88","77","190","86","166","86","24","21",
"1400000US12086005806","Census Tract 58.06; Miami-Dade County; Florida","1443","278","1040","295","747","256","293","211","97","93","196","160","403","205","371","197","32","51",
"1400000US12086005901","Census Tract 59.01; Miami-Dade County; Florida","1850","228","1177","159","859","161","318","128","135","84","183","120","673","201","492","207","181","112",
"1400000US12086005902","Census Tract 59.02; Miami-Dade County; Florida","1147","119","887","147","591","137","296","114","77","54","219","94","260","113","242","111","18","23",
"1400000US12086005903","Census Tract 59.03; Miami-Dade County; Florida","1870","279","1371","267","892","240","479","167","248","153","231","89","499","173","383","181","116","76",
"1400000US12086005904","Census Tract 59.04; Miami-Dade County; Florida","2142","221","1555","256","890","275","665","192","135","120","530","162","587","201","454","185","133","102",
"1400000US12086006002","Census Tract 60.02; Miami-Dade County; Florida","1950","383","1412","370","917","167","495","344","22","27","473","345","538","145","340","117","198","97",
"1400000US12086006003","Census Tract 60.03; Miami-Dade County; Florida","1062","59","812","128","530","173","282","153","12","19","270","153","250","108","159","90","91","84",
"1400000US12086006004","Census Tract 60.04; Miami-Dade County; Florida","887","125","616","123","531","120","85","73","21","26","64","68","271","108","233","108","38","44",
"1400000US12086006103","Census Tract 61.03; Miami-Dade County; Florida","653","161","562","158","507","135","55","86","0","15","55","86","91","41","84","41","7","10",
"1400000US12086006104","Census Tract 61.04; Miami-Dade County; Florida","1784","198","1248","171","1021","166","227","106","84","78","143","68","536","167","489","165","47","44",
"1400000US12086006105","Census Tract 61.05; Miami-Dade County; Florida","790","96","624","111","482","103","142","60","24","34","118","49","166","64","129","50","37","32",
"1400000US12086006106","Census Tract 61.06; Miami-Dade County; Florida","884","123","666","120","568","121","98","46","15","17","83","42","218","69","186","64","32","27",
"1400000US12086006201","Census Tract 62.01; Miami-Dade County; Florida","1382","316","777","222","444","111","333","213","0","15","333","213","605","272","472","273","133","78",
"1400000US12086006203","Census Tract 62.03; Miami-Dade County; Florida","1341","189","536","153","502","150","34","30","17","26","17","21","805","180","712","178","93","47",
"1400000US12086006205","Census Tract 62.05; Miami-Dade County; Florida","2042","270","855","199","587","150","268","181","167","156","101","110","1187","341","1051","341","136","92",
"1400000US12086006206","Census Tract 62.06; Miami-Dade County; Florida","1891","186","1011","204","845","180","166","116","77","91","89","78","880","179","621","183","259","132",
"1400000US12086006302","Census Tract 63.02; Miami-Dade County; Florida","2090","305","1369","233","923","202","446","209","22","24","424","209","721","274","517","257","204","92",
"1400000US12086006303","Census Tract 63.03; Miami-Dade County; Florida","1799","237","1008","283","537","189","471","207","109","83","362","187","791","189","759","185","32","52",
"1400000US12086006304","Census Tract 63.04; Miami-Dade County; Florida","1354","148","761","162","250","108","511","156","219","120","292","146","593","137","374","120","219","91",
"1400000US12086006401","Census Tract 64.01; Miami-Dade County; Florida","1377","221","698","166","451","138","247","134","70","77","177","113","679","243","544","233","135","105",
"1400000US12086006402","Census Tract 64.02; Miami-Dade County; Florida","1646","209","883","220","563","204","320","147","114","105","206","100","763","202","465","194","298","118",
"1400000US12086006403","Census Tract 64.03; Miami-Dade County; Florida","1578","389","844","216","652","202","192","103","104","94","88","70","734","387","629","385","105","65",
"1400000US12086006501","Census Tract 65.01; Miami-Dade County; Florida","1274","246","951","247","659","155","292","219","9","18","283","219","323","107","243","117","80","61",
"1400000US12086006503","Census Tract 65.03; Miami-Dade County; Florida","817","65","661","73","470","85","191","94","93","73","98","56","156","64","123","59","33","21",
"1400000US12086006504","Census Tract 65.04; Miami-Dade County; Florida","835","101","485","88","285","86","200","69","41","30","159","71","350","96","301","97","49","31",
"1400000US12086006603","Census Tract 66.03; Miami-Dade County; Florida","1345","231","644","181","264","162","380","158","109","93","271","129","701","208","511","208","190","136",
"1400000US12086006604","Census Tract 66.04; Miami-Dade County; Florida","1274","235","554","167","400","178","154","75","68","52","86","61","720","275","628","279","92","73",
"1400000US12086006605","Census Tract 66.05; Miami-Dade County; Florida","943","226","355","168","294","166","61","50","19","25","42","42","588","170","455","164","133","71",
"1400000US12086006606","Census Tract 66.06; Miami-Dade County; Florida","548","113","271","57","203","47","68","43","13","16","55","39","277","105","218","110","59","32",
"1400000US12086006607","Census Tract 66.07; Miami-Dade County; Florida","1355","387","735","208","331","138","404","195","136","103","268","177","620","338","519","345","101","93",
"1400000US12086006608","Census Tract 66.08; Miami-Dade County; Florida","1364","312","848","299","720","292","128","70","26","33","102","61","516","149","477","151","39","37",
"1400000US12086006705","Census Tract 67.05; Miami-Dade County; Florida","1941","413","1081","251","907","252","174","116","26","44","148","111","860","398","636","220","224","318",
"1400000US12086006706","Census Tract 67.06; Miami-Dade County; Florida","1586","375","720","159","549","143","171","80","74","56","97","60","866","373","818","373","48","65",
"1400000US12086006707","Census Tract 67.07; Miami-Dade County; Florida","2048","297","1228","270","905","246","323","178","85","91","238","155","820","251","771","237","49","54",
"1400000US12086006709","Census Tract 67.09; Miami-Dade County; Florida","1027","194","478","131","402","124","76","56","50","51","26","30","549","172","393","145","156","103",
"1400000US12086006713","Census Tract 67.13; Miami-Dade County; Florida","1027","193","429","127","408","126","21","23","7","10","14","21","598","149","492","145","106","92",
"1400000US12086006714","Census Tract 67.14; Miami-Dade County; Florida","1286","219","506","159","413","131","93","102","92","101","1","11","780","209","664","210","116","76",
"1400000US12086006715","Census Tract 67.15; Miami-Dade County; Florida","1916","173","1020","201","768","175","252","176","107","93","145","141","896","213","574","182","322","170",
"1400000US12086006716","Census Tract 67.16; Miami-Dade County; Florida","712","164","114","63","59","39","55","49","8","13","47","47","598","164","542","163","56","51",
"1400000US12086006717","Census Tract 67.17; Miami-Dade County; Florida","1293","373","443","352","148","80","295","349","206","323","89","140","850","148","529","200","321","155",
"1400000US12086006718","Census Tract 67.18; Miami-Dade County; Florida","1788","298","689","291","574","247","115","137","0","15","115","137","1099","235","801","248","298","195",
"1400000US12086006719","Census Tract 67.19; Miami-Dade County; Florida","1561","474","290","130","249","131","41","42","41","42","0","15","1271","487","1050","498","221","141",
"1400000US12086006720","Census Tract 67.20; Miami-Dade County; Florida","1386","188","442","115","420","114","22","25","22","25","0","15","944","186","784","202","160","104",
"1400000US12086006721","Census Tract 67.21; Miami-Dade County; Florida","2042","660","474","137","343","104","131","80","8","12","123","78","1568","663","1009","412","559","541",
"1400000US12086006722","Census Tract 67.22; Miami-Dade County; Florida","805","103","453","115","405","117","48","53","0","15","48","53","352","114","202","91","150","93",
"1400000US12086006801","Census Tract 68.01; Miami-Dade County; Florida","1594","183","1027","194","896","185","131","88","87","80","44","38","567","150","447","159","120","74",
"1400000US12086006802","Census Tract 68.02; Miami-Dade County; Florida","1505","176","1001","138","881","135","120","72","36","43","84","60","504","176","368","128","136","82",
"1400000US12086006901","Census Tract 69.01; Miami-Dade County; Florida","1211","235","760","158","477","123","283","136","62","59","221","126","451","255","402","256","49","52",
"1400000US12086006902","Census Tract 69.02; Miami-Dade County; Florida","1405","376","773","320","700","318","73","54","11","17","62","53","632","233","488","229","144","111",
"1400000US12086007003","Census Tract 70.03; Miami-Dade County; Florida","1680","423","875","397","476","130","399","366","90","72","309","384","805","186","690","159","115","72",
"1400000US12086007004","Census Tract 70.04; Miami-Dade County; Florida","2108","354","1047","237","701","181","346","171","212","128","134","134","1061","364","859","385","202","162",
"1400000US12086007005","Census Tract 70.05; Miami-Dade County; Florida","1025","239","390","109","220","76","170","88","9","16","161","89","635","245","408","213","227","116",
"1400000US12086007006","Census Tract 70.06; Miami-Dade County; Florida","1277","170","855","189","448","138","407","160","85","90","322","144","422","122","392","122","30","29",
"1400000US12086007007","Census Tract 70.07; Miami-Dade County; Florida","1583","165","611","173","324","128","287","136","124","68","163","124","972","167","434","162","538","179",
"1400000US12086007101","Census Tract 71.01; Miami-Dade County; Florida","1166","174","662","122","481","92","181","93","49","39","132","84","504","145","400","153","104","55",
"1400000US12086007103","Census Tract 71.03; Miami-Dade County; Florida","1223","325","408","199","218","55","190","211","154","208","36","28","815","265","663","262","152","58",
"1400000US12086007104","Census Tract 71.04; Miami-Dade County; Florida","1468","147","794","143","670","147","124","67","31","33","93","65","674","119","576","122","98","53",
"1400000US12086007200","Census Tract 72; Miami-Dade County; Florida","1199","187","566","116","162","77","404","97","40","33","364","89","633","204","531","199","102","78",
"1400000US12086007300","Census Tract 73; Miami-Dade County; Florida","1574","253","1110","254","1050","255","60","42","21","25","39","33","464","134","426","133","38","25",
"1400000US12086007401","Census Tract 74.01; Miami-Dade County; Florida","555","77","465","83","360","69","105","62","11","16","94","61","90","41","72","36","18","16",
"1400000US12086007402","Census Tract 74.02; Miami-Dade County; Florida","1096","174","720","160","587","153","133","64","63","55","70","51","376","124","297","130","79","58",
"1400000US12086007403","Census Tract 74.03; Miami-Dade County; Florida","1909","497","668","161","497","129","171","107","56","64","115","87","1241","439","982","439","259","152",
"1400000US12086007501","Census Tract 75.01; Miami-Dade County; Florida","916","85","749","90","683","87","66","36","10","16","56","30","167","66","167","66","0","15",
"1400000US12086007503","Census Tract 75.03; Miami-Dade County; Florida","345","66","168","24","157","23","11","9","6","7","5","5","177","65","126","61","51","32",
"1400000US12086007601","Census Tract 76.01; Miami-Dade County; Florida","873","94","523","103","435","98","88","37","16","18","72","33","350","85","250","72","100","61",
"1400000US12086007603","Census Tract 76.03; Miami-Dade County; Florida","1659","222","806","193","444","164","362","140","118","92","244","111","853","210","604","196","249","118",
"1400000US12086007605","Census Tract 76.05; Miami-Dade County; Florida","1602","199","674","127","486","103","188","100","75","74","113","69","928","162","755","179","173","92",
"1400000US12086007607","Census Tract 76.07; Miami-Dade County; Florida","963","240","536","84","425","96","111","53","54","34","57","41","427","229","377","245","50","46",
"1400000US12086007608","Census Tract 76.08; Miami-Dade County; Florida","789","135","540","102","457","93","83","45","31","29","52","37","249","86","193","79","56","39",
"1400000US12086007609","Census Tract 76.09; Miami-Dade County; Florida","837","125","401","84","323","84","78","44","28","24","50","35","436","119","320","124","116","51",
"1400000US12086007610","Census Tract 76.10; Miami-Dade County; Florida","1928","251","1085","278","860","272","225","148","102","136","123","69","843","217","644","146","199","195",
"1400000US12086007704","Census Tract 77.04; Miami-Dade County; Florida","3108","454","1536","279","928","278","608","296","58","87","550","271","1572","484","1361","488","211","187",
"1400000US12086007705","Census Tract 77.05; Miami-Dade County; Florida","2654","294","1450","292","1025","248","425","214","34","39","391","207","1204","248","1043","254","161","113",
"1400000US12086007706","Census Tract 77.06; Miami-Dade County; Florida","1337","165","1025","189","818","205","207","136","63","69","144","124","312","122","276","122","36","32",
"1400000US12086007707","Census Tract 77.07; Miami-Dade County; Florida","832","347","733","360","394","77","339","344","225","328","114","59","99","52","74","45","25","27",
"1400000US12086007708","Census Tract 77.08; Miami-Dade County; Florida","866","89","703","112","456","128","247","100","151","93","96","61","163","91","105","79","58","46",
"1400000US12086007709","Census Tract 77.09; Miami-Dade County; Florida","935","169","619","167","480","154","139","89","71","90","68","44","316","159","264","152","52","41",
"1400000US12086007801","Census Tract 78.01; Miami-Dade County; Florida","189","58","142","42","135","41","7","10","4","7","3","6","47","35","43","35","4","6",
"1400000US12086007805","Census Tract 78.05; Miami-Dade County; Florida","1707","114","1246","130","1061","144","185","91","15","18","170","85","461","117","421","116","40","33",
"1400000US12086007806","Census Tract 78.06; Miami-Dade County; Florida","1156","155","1025","165","904","172","121","78","25","29","96","77","131","60","131","60","0","15",
"1400000US12086007807","Census Tract 78.07; Miami-Dade County; Florida","1656","196","1241","198","1017","209","224","85","47","48","177","74","415","96","367","93","48","30",
"1400000US12086007808","Census Tract 78.08; Miami-Dade County; Florida","2455","278","999","286","714","276","285","178","100","127","185","141","1456","359","1175","358","281","158",
"1400000US12086007809","Census Tract 78.09; Miami-Dade County; Florida","1715","221","1140","250","770","278","370","141","13","21","357","139","575","139","460","123","115","81",
"1400000US12086007901","Census Tract 79.01; Miami-Dade County; Florida","1713","348","812","104","710","99","102","64","4","8","98","63","901","356","768","371","133","113",
"1400000US12086007902","Census Tract 79.02; Miami-Dade County; Florida","1105","112","849","108","735","106","114","68","6","11","108","65","256","82","191","75","65","53",
"1400000US12086008000","Census Tract 80; Miami-Dade County; Florida","1965","292","1261","258","1034","271","227","123","157","122","70","56","704","189","574","173","130","140",
"1400000US12086008101","Census Tract 81.01; Miami-Dade County; Florida","1039","141","930","140","900","138","30","31","12","18","18","22","109","63","89","58","20","18",
"1400000US12086008102","Census Tract 81.02; Miami-Dade County; Florida","1573","199","1128","132","1007","134","121","48","12","19","109","44","445","185","360","164","85","82",
"1400000US12086008202","Census Tract 82.02; Miami-Dade County; Florida","1468","159","1192","171","954","177","238","107","99","76","139","78","276","99","254","95","22","29",
"1400000US12086008205","Census Tract 82.05; Miami-Dade County; Florida","1411","216","1284","227","1159","220","125","67","42","38","83","54","127","65","127","65","0","15",
"1400000US12086008206","Census Tract 82.06; Miami-Dade County; Florida","1406","289","902","111","817","108","85","60","29","42","56","43","504","287","488","287","16","20",
"1400000US12086008207","Census Tract 82.07; Miami-Dade County; Florida","1375","164","1211","160","1091","172","120","56","23","25","97","52","164","61","117","52","47","44",
"1400000US12086008208","Census Tract 82.08; Miami-Dade County; Florida","1891","155","1251","167","827","177","424","129","150","76","274","128","640","158","525","153","115","81",
"1400000US12086008209","Census Tract 82.09; Miami-Dade County; Florida","1280","122","1091","119","957","111","134","69","59","46","75","48","189","70","114","56","75","56",
"1400000US12086008305","Census Tract 83.05; Miami-Dade County; Florida","1935","191","1472","235","1189","244","283","107","45","50","238","96","463","136","298","125","165","84",
"1400000US12086008308","Census Tract 83.08; Miami-Dade County; Florida","1775","229","1508","241","700","143","808","267","266","119","542","259","267","91","237","89","30","37",
"1400000US12086008309","Census Tract 83.09; Miami-Dade County; Florida","1460","137","1157","156","344","163","813","184","294","151","519","154","303","105","268","105","35","41",
"1400000US12086008310","Census Tract 83.10; Miami-Dade County; Florida","1195","320","966","328","493","109","473","324","214","302","259","150","229","86","189","84","40","35",
"1400000US12086008311","Census Tract 83.11; Miami-Dade County; Florida","1163","122","1010","132","665","119","345","128","45","65","300","122","153","60","137","58","16","20",
"1400000US12086008312","Census Tract 83.12; Miami-Dade County; Florida","1003","217","920","199","545","208","375","117","16","25","359","117","83","79","30","37","53","69",
"1400000US12086008313","Census Tract 83.13; Miami-Dade County; Florida","1662","272","1294","277","774","269","520","195","241","131","279","158","368","132","273","104","95","97",
"1400000US12086008314","Census Tract 83.14; Miami-Dade County; Florida","743","65","635","87","462","99","173","71","124","70","49","27","108","53","66","44","42","31",
"1400000US12086008315","Census Tract 83.15; Miami-Dade County; Florida","1122","173","934","235","540","185","394","130","52","54","342","130","188","108","137","98","51","34",
"1400000US12086008409","Census Tract 84.09; Miami-Dade County; Florida","1952","316","1220","202","1011","170","209","97","69","70","140","71","732","271","640","271","92","65",
"1400000US12086008415","Census Tract 84.15; Miami-Dade County; Florida","1406","131","1263","137","1136","134","127","67","68","53","59","37","143","58","116","56","27","24",
"1400000US12086008416","Census Tract 84.16; Miami-Dade County; Florida","1349","188","916","94","510","99","406","114","82","60","324","103","433","204","334","200","99","63",
"1400000US12086008418","Census Tract 84.18; Miami-Dade County; Florida","1011","139","632","112","346","108","286","81","55","70","231","79","379","111","228","81","151","100",
"1400000US12086008419","Census Tract 84.19; Miami-Dade County; Florida","2092","314","1434","338","743","221","691","295","40","56","651","292","658","206","542","157","116","117",
"1400000US12086008420","Census Tract 84.20; Miami-Dade County; Florida","678","105","441","119","334","114","107","50","47","39","60","44","237","59","206","56","31","33",
"1400000US12086008421","Census Tract 84.21; Miami-Dade County; Florida","1682","493","1321","508","1098","514","223","95","50","49","173","90","361","135","254","113","107","84",
"1400000US12086008422","Census Tract 84.22; Miami-Dade County; Florida","886","79","686","124","567","147","119","72","28","35","91","65","200","100","132","69","68","66",
"1400000US12086008423","Census Tract 84.23; Miami-Dade County; Florida","1610","419","1361","419","791","166","570","399","338","392","232","98","249","86","202","80","47","41",
"1400000US12086008424","Census Tract 84.24; Miami-Dade County; Florida","1862","335","933","193","584","148","349","157","55","55","294","151","929","329","868","329","61","64",
"1400000US12086008425","Census Tract 84.25; Miami-Dade County; Florida","974","233","571","124","366","117","205","99","22","22","183","102","403","219","338","220","65","57",
"1400000US12086008426","Census Tract 84.26; Miami-Dade County; Florida","1255","104","1126","115","785","99","341","147","48","52","293","149","129","69","115","66","14","18",
"1400000US12086008427","Census Tract 84.27; Miami-Dade County; Florida","787","78","485","84","349","85","136","58","25","34","111","55","302","110","271","92","31","36",
"1400000US12086008428","Census Tract 84.28; Miami-Dade County; Florida","839","111","638","92","470","105","168","90","74","68","94","59","201","71","157","65","44","38",
"1400000US12086008429","Census Tract 84.29; Miami-Dade County; Florida","1245","217","907","251","783","242","124","71","46","34","78","59","338","115","338","115","0","15",
"1400000US12086008430","Census Tract 84.30; Miami-Dade County; Florida","2221","278","1192","300","853","260","339","180","65","72","274","165","1029","302","674","276","355","178",
"1400000US12086008431","Census Tract 84.31; Miami-Dade County; Florida","546","63","380","73","297","75","83","46","39","29","44","47","166","74","166","74","0","15",
"1400000US12086008502","Census Tract 85.02; Miami-Dade County; Florida","1466","116","1136","127","867","158","269","103","49","37","220","103","330","93","307","91","23","32",
"1400000US12086008503","Census Tract 85.03; Miami-Dade County; Florida","1036","197","601","198","433","199","168","101","60","58","108","89","435","194","292","128","143","150",
"1400000US12086008504","Census Tract 85.04; Miami-Dade County; Florida","934","96","676","125","545","111","131","64","59","53","72","40","258","82","238","83","20","17",
"1400000US12086008601","Census Tract 86.01; Miami-Dade County; Florida","1412","248","1090","249","784","260","306","104","87","82","219","82","322","96","252","88","70","56",
"1400000US12086008603","Census Tract 86.03; Miami-Dade County; Florida","1567","338","1176","311","696","203","480","275","93","77","387","265","391","226","290","214","101","74",
"1400000US12086008604","Census Tract 86.04; Miami-Dade County; Florida","488","56","412","58","281","76","131","60","21","22","110","57","76","42","62","40","14","21",
"1400000US12086008702","Census Tract 87.02; Miami-Dade County; Florida","1760","306","1352","366","869","353","483","155","151","93","332","115","408","139","339","126","69","62",
"1400000US12086008703","Census Tract 87.03; Miami-Dade County; Florida","689","123","533","99","288","120","245","93","32","43","213","85","156","110","72","77","84","106",
"1400000US12086008704","Census Tract 87.04; Miami-Dade County; Florida","887","63","740","58","533","65","207","79","52","37","155","69","147","61","137","61","10","15",
"1400000US12086008805","Census Tract 88.05; Miami-Dade County; Florida","1324","114","953","149","542","148","411","151","145","111","266","142","371","133","242","99","129","97",
"1400000US12086008806","Census Tract 88.06; Miami-Dade County; Florida","1464","277","1141","277","793","241","348","107","61","61","287","133","323","182","218","168","105","93",
"1400000US12086008807","Census Tract 88.07; Miami-Dade County; Florida","1563","641","1120","501","533","117","587","505","73","65","514","499","443","405","367","405","76","58",
"1400000US12086008808","Census Tract 88.08; Miami-Dade County; Florida","1055","175","683","164","553","188","130","78","64","53","66","59","372","148","300","128","72","78",
"1400000US12086008809","Census Tract 88.09; Miami-Dade County; Florida","683","40","531","77","347","80","184","65","30","24","154","69","152","64","129","59","23","34",
"1400000US12086008810","Census Tract 88.10; Miami-Dade County; Florida","1522","461","947","218","450","174","497","177","143","105","354","137","575","450","435","444","140","99",
"1400000US12086008904","Census Tract 89.04; Miami-Dade County; Florida","4","4","0","15","0","15","0","15","0","15","0","15","4","4","4","4","0","15",
"1400000US12086008906","Census Tract 89.06; Miami-Dade County; Florida","1739","144","1383","162","885","179","498","147","202","105","296","117","356","108","347","108","9","14",
"1400000US12086008907","Census Tract 89.07; Miami-Dade County; Florida","1852","312","1155","189","758","212","397","164","162","101","235","100","697","286","634","283","63","67",
"1400000US12086008908","Census Tract 89.08; Miami-Dade County; Florida","1171","192","1026","208","653","205","373","124","72","65","301","123","145","76","145","76","0","15",
"1400000US12086008909","Census Tract 89.09; Miami-Dade County; Florida","1264","185","974","228","681","175","293","174","26","37","267","165","290","121","248","114","42","39",
"1400000US12086008910","Census Tract 89.10; Miami-Dade County; Florida","1072","101","854","103","494","150","360","143","149","97","211","136","218","98","184","96","34","41",
"1400000US12086008911","Census Tract 89.11; Miami-Dade County; Florida","869","98","764","108","471","117","293","133","94","79","199","120","105","53","95","52","10","17",
"1400000US12086009010","Census Tract 90.10; Miami-Dade County; Florida","2985","273","2058","291","1472","277","586","237","164","158","422","164","927","295","722","280","205","110",
"1400000US12086009014","Census Tract 90.14; Miami-Dade County; Florida","1364","117","1104","122","688","127","416","110","66","46","350","97","260","90","218","97","42","36",
"1400000US12086009015","Census Tract 90.15; Miami-Dade County; Florida","2342","183","1516","224","739","201","777","222","329","198","448","170","826","208","653","188","173","107",
"1400000US12086009020","Census Tract 90.20; Miami-Dade County; Florida","1143","168","910","169","530","163","380","174","99","69","281","160","233","116","203","110","30","34",
"1400000US12086009021","Census Tract 90.21; Miami-Dade County; Florida","1399","139","1100","137","665","158","435","139","156","96","279","121","299","102","205","88","94","65",
"1400000US12086009022","Census Tract 90.22; Miami-Dade County; Florida","773","157","679","150","361","85","318","155","89","42","229","144","94","59","94","59","0","15",
"1400000US12086009024","Census Tract 90.24; Miami-Dade County; Florida","1959","225","1424","231","940","274","484","168","75","78","409","166","535","173","382","153","153","124",
"1400000US12086009026","Census Tract 90.26; Miami-Dade County; Florida","886","87","469","99","250","83","219","69","62","36","157","61","417","94","284","78","133","72",
"1400000US12086009027","Census Tract 90.27; Miami-Dade County; Florida","1567","165","1002","166","630","138","372","124","139","92","233","97","565","193","485","192","80","50",
"1400000US12086009028","Census Tract 90.28; Miami-Dade County; Florida","2075","341","1529","349","1047","360","482","151","150","108","332","143","546","162","413","162","133","95",
"1400000US12086009029","Census Tract 90.29; Miami-Dade County; Florida","1410","251","963","241","610","219","353","111","158","82","195","85","447","118","314","97","133","61",
"1400000US12086009030","Census Tract 90.30; Miami-Dade County; Florida","1899","215","1308","210","738","157","570","197","93","71","477","190","591","182","444","153","147","88",
"1400000US12086009031","Census Tract 90.31; Miami-Dade County; Florida","1633","178","1274","215","826","216","448","159","116","87","332","118","359","118","253","111","106","81",
"1400000US12086009039","Census Tract 90.39; Miami-Dade County; Florida","2396","343","1847","329","1219","317","628","190","121","103","507","182","549","274","439","264","110","74",
"1400000US12086009040","Census Tract 90.40; Miami-Dade County; Florida","2685","228","2241","270","1711","250","530","199","243","146","287","124","444","156","397","156","47","32",
"1400000US12086009043","Census Tract 90.43; Miami-Dade County; Florida","1457","143","1300","166","1018","173","282","100","51","37","231","100","157","107","94","66","63","71",
"1400000US12086009044","Census Tract 90.44; Miami-Dade County; Florida","869","142","757","96","625","90","132","61","20","22","112","57","112","101","84","97","28","33",
"1400000US12086009048","Census Tract 90.48; Miami-Dade County; Florida","1027","74","963","85","702","132","261","119","64","67","197","111","64","44","64","44","0","15",
"1400000US12086009049","Census Tract 90.49; Miami-Dade County; Florida","1401","166","1170","195","933","190","237","118","70","68","167","94","231","110","178","100","53","53",
"1400000US12086009050","Census Tract 90.50; Miami-Dade County; Florida","1526","211","1314","226","857","205","457","140","144","107","313","98","212","86","109","67","103","71",
"1400000US12086009051","Census Tract 90.51; Miami-Dade County; Florida","697","52","489","79","330","78","159","77","74","52","85","57","208","86","116","65","92","68",
"1400000US12086009052","Census Tract 90.52; Miami-Dade County; Florida","1478","494","785","227","344","122","441","242","162","197","279","134","693","434","368","122","325","436",
"1400000US12086009053","Census Tract 90.53; Miami-Dade County; Florida","1759","495","1229","421","949","445","280","120","81","69","199","103","530","296","489","291","41","54",
"1400000US12086009054","Census Tract 90.54; Miami-Dade County; Florida","574","127","531","129","263","64","268","141","41","37","227","138","43","31","25","21","18","29",
"1400000US12086009055","Census Tract 90.55; Miami-Dade County; Florida","713","127","471","135","324","107","147","102","70","86","77","43","242","91","213","92","29","30",
"1400000US12086009056","Census Tract 90.56; Miami-Dade County; Florida","1168","350","969","349","764","347","205","89","95","58","110","60","199","94","181","91","18","16",
"1400000US12086009057","Census Tract 90.57; Miami-Dade County; Florida","2142","371","1763","343","1355","283","408","265","208","237","200","122","379","190","177","127","202","145",
"1400000US12086009058","Census Tract 90.58; Miami-Dade County; Florida","1597","116","1063","136","772","150","291","124","42","52","249","126","534","147","473","128","61","47",
"1400000US12086009059","Census Tract 90.59; Miami-Dade County; Florida","970","89","853","90","586","140","267","116","98","71","169","93","117","64","101","53","16","30",
"1400000US12086009060","Census Tract 90.60; Miami-Dade County; Florida","1492","181","1265","227","959","217","306","149","106","76","200","127","227","135","202","139","25","30",
"1400000US12086009061","Census Tract 90.61; Miami-Dade County; Florida","1124","108","788","133","455","154","333","157","93","73","240","127","336","127","288","127","48","56",
"1400000US12086009062","Census Tract 90.62; Miami-Dade County; Florida","905","99","752","125","399","124","353","115","109","73","244","90","153","75","79","57","74","56",
"1400000US12086009063","Census Tract 90.63; Miami-Dade County; Florida","1046","228","716","141","555","171","161","94","22","33","139","88","330","220","294","217","36","59",
"1400000US12086009064","Census Tract 90.64; Miami-Dade County; Florida","1034","184","697","144","383","109","314","127","38","61","276","125","337","190","122","86","215","180",
"1400000US12086009065","Census Tract 90.65; Miami-Dade County; Florida","1699","184","1242","181","849","182","393","157","123","76","270","130","457","167","328","115","129","116",
"1400000US12086009066","Census Tract 90.66; Miami-Dade County; Florida","2836","334","2036","337","1267","253","769","291","228","210","541","217","800","256","510","191","290","174",
"1400000US12086009101","Census Tract 91.01; Miami-Dade County; Florida","872","181","703","179","552","173","151","66","67","50","84","57","169","75","155","77","14","16",
"1400000US12086009102","Census Tract 91.02; Miami-Dade County; Florida","1044","121","651","128","368","117","283","97","54","51","229","82","393","126","329","105","64","58",
"1400000US12086009200","Census Tract 92; Miami-Dade County; Florida","977","137","799","142","471","89","328","154","126","62","202","141","178","77","132","65","46","41",
"1400000US12086009305","Census Tract 93.05; Miami-Dade County; Florida","1814","234","1317","248","949","254","368","117","143","89","225","85","497","130","479","129","18","22",
"1400000US12086009312","Census Tract 93.12; Miami-Dade County; Florida","2799","235","1613","263","950","222","663","194","274","162","389","175","1186","273","816","236","370","156",
"1400000US12086009314","Census Tract 93.14; Miami-Dade County; Florida","1464","134","993","153","609","118","384","140","123","80","261","126","471","145","397","144","74","63",
"1400000US12086009315","Census Tract 93.15; Miami-Dade County; Florida","1140","145","726","130","309","124","417","99","92","80","325","103","414","145","382","146","32","51",
"1400000US12086009316","Census Tract 93.16; Miami-Dade County; Florida","750","34","636","68","400","76","236","75","51","41","185","75","114","67","69","52","45","40",
"1400000US12086009317","Census Tract 93.17; Miami-Dade County; Florida","1438","182","1107","208","647","129","460","186","182","85","278","178","331","89","192","89","139","78",
"1400000US12086009318","Census Tract 93.18; Miami-Dade County; Florida","548","41","461","66","239","95","222","85","67","60","155","73","87","48","82","46","5","9",
"1400000US12086009319","Census Tract 93.19; Miami-Dade County; Florida","1498","222","1027","217","603","232","424","174","176","116","248","114","471","189","360","179","111","91",
"1400000US12086009320","Census Tract 93.20; Miami-Dade County; Florida","1542","281","1231","294","698","189","533","277","230","181","303","215","311","107","248","96","63","59",
"1400000US12086009321","Census Tract 93.21; Miami-Dade County; Florida","964","117","769","124","401","111","368","120","101","84","267","105","195","87","132","87","63","48",
"1400000US12086009322","Census Tract 93.22; Miami-Dade County; Florida","1624","432","915","149","538","153","377","140","36","49","341","135","709","444","640","441","69","51",
"1400000US12086009323","Census Tract 93.23; Miami-Dade County; Florida","795","36","584","103","414","108","170","81","83","47","87","62","211","85","176","77","35","33",
"1400000US12086009324","Census Tract 93.24; Miami-Dade County; Florida","1480","142","945","190","462","131","483","163","104","98","379","139","535","151","349","150","186","116",
"1400000US12086009325","Census Tract 93.25; Miami-Dade County; Florida","883","244","791","265","532","172","259","217","159","220","100","71","92","95","8","13","84","94",
"1400000US12086009326","Census Tract 93.26; Miami-Dade County; Florida","1233","326","806","291","571","295","235","121","87","76","148","91","427","223","337","214","90","79",
"1400000US12086009327","Census Tract 93.27; Miami-Dade County; Florida","859","96","729","108","437","118","292","82","148","63","144","66","130","55","86","51","44","34",
"1400000US12086009401","Census Tract 94.01; Miami-Dade County; Florida","691","141","516","107","270","118","246","92","29","29","217","90","175","151","104","72","71","117",
"1400000US12086009402","Census Tract 94.02; Miami-Dade County; Florida","1027","132","840","137","428","161","412","120","125","57","287","103","187","70","152","70","35","33",
"1400000US12086009503","Census Tract 95.03; Miami-Dade County; Florida","1593","178","1286","221","520","157","766","198","228","104","538","182","307","118","283","118","24","26",
"1400000US12086009504","Census Tract 95.04; Miami-Dade County; Florida","1332","79","1112","125","442","152","670","124","174","104","496","123","220","109","186","101","34","38",
"1400000US12086009505","Census Tract 95.05; Miami-Dade County; Florida","552","70","326","103","81","68","245","112","54","65","191","100","226","88","156","80","70","60",
"1400000US12086009506","Census Tract 95.06; Miami-Dade County; Florida","1433","228","1074","172","387","112","687","154","186","106","501","156","359","184","324","181","35","37",
"1400000US12086009601","Census Tract 96.01; Miami-Dade County; Florida","1377","452","652","142","415","108","237","147","21","35","216","145","725","436","708","434","17","26",
"1400000US12086009602","Census Tract 96.02; Miami-Dade County; Florida","1279","338","959","299","409","198","550","272","180","246","370","167","320","178","261","164","59","63",
"1400000US12086009703","Census Tract 97.03; Miami-Dade County; Florida","1076","135","877","127","691","156","186","114","85","57","101","91","199","87","165","82","34","29",
"1400000US12086009704","Census Tract 97.04; Miami-Dade County; Florida","1843","244","1570","262","1124","277","446","191","120","88","326","193","273","130","245","138","28","33",
"1400000US12086009705","Census Tract 97.05; Miami-Dade County; Florida","2195","447","1472","419","1037","432","435","201","89","63","346","195","723","201","622","195","101","78",
"1400000US12086009706","Census Tract 97.06; Miami-Dade County; Florida","1826","220","1002","240","676","223","326","138","61","83","265","135","824","219","582","161","242","132",
"1400000US12086009803","Census Tract 98.03; Miami-Dade County; Florida","2929","203","1869","339","1138","258","731","291","38","47","693","286","1060","313","844","258","216","154",
"1400000US12086009804","Census Tract 98.04; Miami-Dade County; Florida","906","68","738","81","404","89","334","97","44","47","290","84","168","70","161","69","7","13",
"1400000US12086009806","Census Tract 98.06; Miami-Dade County; Florida","1699","503","701","147","472","131","229","111","63","50","166","102","998","519","709","488","289","188",
"1400000US12086009809","Census Tract 98.09; Miami-Dade County; Florida","1408","268","1137","253","749","150","388","244","44","57","344","242","271","129","225","125","46","52",
"1400000US12086009810","Census Tract 98.10; Miami-Dade County; Florida","1562","158","1183","191","667","122","516","150","80","76","436","137","379","125","367","124","12","18",
"1400000US12086009811","Census Tract 98.11; Miami-Dade County; Florida","935","133","434","116","172","76","262","105","66","64","196","96","501","113","449","109","52","39",
"1400000US12086009812","Census Tract 98.12; Miami-Dade County; Florida","2099","304","1350","327","906","272","444","202","238","177","206","93","749","263","698","254","51","54",
"1400000US12086009903","Census Tract 99.03; Miami-Dade County; Florida","1450","218","1220","221","661","245","559","127","55","41","504","131","230","90","183","84","47","36",
"1400000US12086009904","Census Tract 99.04; Miami-Dade County; Florida","1526","218","1054","229","480","203","574","171","188","106","386","145","472","162","374","141","98","80",
"1400000US12086009905","Census Tract 99.05; Miami-Dade County; Florida","1522","167","1313","169","728","170","585","156","238","117","347","132","209","86","178","83","31","39",
"1400000US12086009906","Census Tract 99.06; Miami-Dade County; Florida","1538","133","1256","138","608","141","648","154","237","121","411","121","282","141","262","139","20","21",
"1400000US12086009907","Census Tract 99.07; Miami-Dade County; Florida","1192","231","866","238","714","252","152","96","52","74","100","76","326","157","117","91","209","130",
"1400000US12086009908","Census Tract 99.08; Miami-Dade County; Florida","1675","206","1072","231","293","111","779","225","217","154","562","193","603","219","480","169","123","148",
"1400000US12086009909","Census Tract 99.09; Miami-Dade County; Florida","1063","317","858","334","310","108","548","347","180","298","368","197","205","126","144","126","61","70",
"1400000US12086010010","Census Tract 100.10; Miami-Dade County; Florida","1219","110","888","107","587","98","301","114","120","73","181","93","331","131","280","125","51","50",
"1400000US12086010012","Census Tract 100.12; Miami-Dade County; Florida","1879","279","1490","287","1005","280","485","171","221","160","264","106","389","132","329","111","60","59",
"1400000US12086010013","Census Tract 100.13; Miami-Dade County; Florida","1123","95","869","112","622","113","247","111","46","52","201","104","254","104","219","114","35","39",
"1400000US12086010015","Census Tract 100.15; Miami-Dade County; Florida","1075","105","895","142","473","136","422","105","191","74","231","94","180","105","134","96","46","41",
"1400000US12086010016","Census Tract 100.16; Miami-Dade County; Florida","1318","104","1126","130","665","160","461","133","235","98","226","112","192","78","155","88","37","42",
"1400000US12086010017","Census Tract 100.17; Miami-Dade County; Florida","999","136","831","143","377","126","454","119","100","93","354","120","168","110","76","64","92","98",
"1400000US12086010018","Census Tract 100.18; Miami-Dade County; Florida","822","128","555","160","436","148","119","86","39","49","80","59","267","103","208","102","59","47",
"1400000US12086010019","Census Tract 100.19; Miami-Dade County; Florida","1133","184","818","182","507","176","311","96","136","89","175","73","315","128","260","123","55","60",
"1400000US12086010020","Census Tract 100.20; Miami-Dade County; Florida","1053","261","814","268","512","273","302","138","138","96","164","109","239","110","102","70","137","106",
"1400000US12086010021","Census Tract 100.21; Miami-Dade County; Florida","1103","145","927","177","529","189","398","152","134","102","264","121","176","106","163","104","13","22",
"1400000US12086010022","Census Tract 100.22; Miami-Dade County; Florida","1252","435","910","256","651","268","259","86","71","51","188","79","342","380","342","380","0","15",
"1400000US12086010023","Census Tract 100.23; Miami-Dade County; Florida","927","151","472","161","117","51","355","172","47","49","308","164","455","128","378","130","77","58",
"1400000US12086010024","Census Tract 100.24; Miami-Dade County; Florida","1706","299","879","338","422","195","457","277","33","43","424","280","827","203","683","213","144","133",
"1400000US12086010025","Census Tract 100.25; Miami-Dade County; Florida","1196","173","822","187","462","179","360","122","92","81","268","120","374","130","323","120","51","60",
"1400000US12086010026","Census Tract 100.26; Miami-Dade County; Florida","696","91","445","89","234","81","211","82","75","46","136","79","251","110","171","83","80","80",
"1400000US12086010193","Census Tract 101.93; Miami-Dade County; Florida","1503","222","1348","219","1113","214","235","90","124","77","111","59","155","74","149","73","6","11",
"1400000US12086010198","Census Tract 101.98; Miami-Dade County; Florida","1134","216","1047","222","757","125","290","215","162","201","128","67","87","64","57","47","30","46",
"1400000US12086010201","Census Tract 102.01; Miami-Dade County; Florida","1352","159","1222","162","1008","159","214","132","85","95","129","81","130","81","69","64","61","48",
"1400000US12086010205","Census Tract 102.05; Miami-Dade County; Florida","1371","163","1082","143","655","174","427","133","88","66","339","121","289","143","274","142","15","24",
"1400000US12086010207","Census Tract 102.07; Miami-Dade County; Florida","1808","198","1098","193","562","187","536","159","87","70","449","146","710","226","588","214","122","88",
"1400000US12086010208","Census Tract 102.08; Miami-Dade County; Florida","1674","181","1138","163","554","198","584","203","329","180","255","111","536","205","337","149","199","184",
"1400000US12086010209","Census Tract 102.09; Miami-Dade County; Florida","1786","244","1632","254","979","241","653","193","204","109","449","150","154","93","52","42","102","88",
"1400000US12086010211","Census Tract 102.11; Miami-Dade County; Florida","1453","198","1024","216","615","132","409","210","227","181","182","117","429","189","306","158","123","106",
"1400000US12086010212","Census Tract 102.12; Miami-Dade County; Florida","861","234","776","234","623","244","153","57","95","43","58","35","85","50","85","50","0","15",
"1400000US12086010213","Census Tract 102.13; Miami-Dade County; Florida","1461","145","1137","162","555","181","582","171","172","105","410","153","324","171","209","145","115","104",
"1400000US12086010214","Census Tract 102.14; Miami-Dade County; Florida","713","71","569","85","399","111","170","92","55","48","115","66","144","73","132","72","12","18",
"1400000US12086010301","Census Tract 103.01; Miami-Dade County; Florida","1023","166","829","196","640","212","189","122","9","16","180","119","194","140","183","139","11","16",
"1400000US12086010302","Census Tract 103.02; Miami-Dade County; Florida","803","84","664","105","441","115","223","113","151","105","72","44","139","87","86","56","53","71",
"1400000US12086010303","Census Tract 103.03; Miami-Dade County; Florida","1160","217","888","247","720","242","168","105","133","105","35","42","272","155","192","121","80","96",
"1400000US12086010400","Census Tract 104; Miami-Dade County; Florida","2024","280","1511","144","850","169","661","161","130","84","531","155","513","284","201","108","312","266",
"1400000US12086010501","Census Tract 105.01; Miami-Dade County; Florida","2074","215","1398","205","431","172","967","195","356","167","611","178","676","256","559","229","117","104",
"1400000US12086010502","Census Tract 105.02; Miami-Dade County; Florida","3412","434","3004","413","1854","452","1150","291","423","242","727","310","408","241","215","117","193","215",
"1400000US12086010604","Census Tract 106.04; Miami-Dade County; Florida","1461","181","1160","140","761","160","399","134","88","76","311","116","301","188","244","170","57","65",
"1400000US12086010608","Census Tract 106.08; Miami-Dade County; Florida","1728","201","1329","221","885","171","444","186","48","37","396","182","399","103","309","103","90","54",
"1400000US12086010609","Census Tract 106.09; Miami-Dade County; Florida","2160","307","1591","343","784","219","807","270","300","248","507","150","569","197","373","154","196","134",
"1400000US12086010610","Census Tract 106.10; Miami-Dade County; Florida","1343","168","946","169","697","142","249","129","27","30","222","129","397","98","358","91","39","30",
"1400000US12086010613","Census Tract 106.13; Miami-Dade County; Florida","2347","345","1592","357","1008","366","584","207","202","139","382","192","755","294","492","236","263","204",
"1400000US12086010618","Census Tract 106.18; Miami-Dade County; Florida","1332","168","1156","169","880","203","276","142","66","59","210","129","176","89","144","86","32","29",
"1400000US12086010619","Census Tract 106.19; Miami-Dade County; Florida","785","127","613","127","418","84","195","117","91","101","104","62","172","97","139","96","33","36",
"1400000US12086010620","Census Tract 106.20; Miami-Dade County; Florida","998","132","884","156","582","149","302","124","223","118","79","44","114","75","109","74","5","9",
"1400000US12086010621","Census Tract 106.21; Miami-Dade County; Florida","1514","163","1343","173","691","148","652","213","363","185","289","133","171","88","141","89","30","30",
"1400000US12086010622","Census Tract 106.22; Miami-Dade County; Florida","1372","261","1106","292","378","134","728","325","143","105","585","319","266","138","99","93","167","112",
"1400000US12086010623","Census Tract 106.23; Miami-Dade County; Florida","995","138","741","142","434","163","307","160","79","79","228","130","254","86","185","75","69","63",
"1400000US12086010624","Census Tract 106.24; Miami-Dade County; Florida","1017","94","721","150","522","105","199","134","79","93","120","98","296","135","192","103","104","104",
"1400000US12086010625","Census Tract 106.25; Miami-Dade County; Florida","1769","222","1458","236","1087","234","371","137","123","82","248","108","311","158","235","146","76","66",
"1400000US12086010626","Census Tract 106.26; Miami-Dade County; Florida","1354","255","1172","259","497","231","675","200","238","135","437","164","182","99","182","99","0","15",
"1400000US12086010705","Census Tract 107.05; Miami-Dade County; Florida","1671","167","1442","211","782","215","660","176","176","170","484","161","229","144","164","110","65","84",
"1400000US12086010706","Census Tract 107.06; Miami-Dade County; Florida","1069","137","813","163","680","182","133","113","12","21","121","110","256","114","229","116","27","31",
"1400000US12086010707","Census Tract 107.07; Miami-Dade County; Florida","1020","127","958","125","492","132","466","167","195","112","271","127","62","47","35","32","27","34",
"1400000US12086010708","Census Tract 107.08; Miami-Dade County; Florida","1663","111","1311","182","784","225","527","217","122","88","405","197","352","159","245","136","107","106",
"1400000US12086010709","Census Tract 107.09; Miami-Dade County; Florida","1782","402","1488","423","1279","432","209","100","48","57","161","83","294","153","151","103","143","133",
"1400000US12086010710","Census Tract 107.10; Miami-Dade County; Florida","2247","490","1628","318","908","287","720","306","230","216","490","298","619","440","449","425","170","168",
"1400000US12086010803","Census Tract 108.03; Miami-Dade County; Florida","1546","143","1176","190","387","134","789","222","135","113","654","214","370","147","299","148","71","68",
"1400000US12086010804","Census Tract 108.04; Miami-Dade County; Florida","2720","344","1895","356","835","234","1060","352","194","154","866","307","825","332","573","244","252","203",
"1400000US12086010805","Census Tract 108.05; Miami-Dade County; Florida","2014","540","1695","546","388","159","1307","548","647","536","660","188","319","114","168","98","151","92",
"1400000US12086010806","Census Tract 108.06; Miami-Dade County; Florida","1369","208","1169","236","746","217","423","168","162","80","261","149","200","121","169","110","31","48",
"1400000US12086010900","Census Tract 109; Miami-Dade County; Florida","2287","361","1752","402","594","186","1158","363","270","143","888","356","535","223","381","151","154","183",
"1400000US12086011003","Census Tract 110.03; Miami-Dade County; Florida","1227","216","1062","231","488","116","574","242","83","59","491","242","165","104","122","89","43","45",
"1400000US12086011008","Census Tract 110.08; Miami-Dade County; Florida","1448","186","1244","191","729","199","515","195","179","116","336","182","204","95","151","90","53","48",
"1400000US12086011009","Census Tract 110.09; Miami-Dade County; Florida","2278","374","1999","394","1463","424","536","240","56","74","480","237","279","138","266","136","13","22",
"1400000US12086011010","Census Tract 110.10; Miami-Dade County; Florida","1773","335","1050","186","424","149","626","172","89","73","537","169","723","341","701","339","22","25",
"1400000US12086011011","Census Tract 110.11; Miami-Dade County; Florida","1347","95","916","133","551","141","365","128","112","89","253","116","431","121","409","120","22","25",
"1400000US12086011012","Census Tract 110.12; Miami-Dade County; Florida","670","47","469","68","278","78","191","66","49","37","142","61","201","66","164","63","37","30",
"1400000US12086011013","Census Tract 110.13; Miami-Dade County; Florida","939","208","779","220","533","202","246","113","76","62","170","85","160","93","128","91","32","39",
"1400000US12086011014","Census Tract 110.14; Miami-Dade County; Florida","1603","193","1310","214","827","190","483","176","306","166","177","102","293","156","236","152","57","51",
"1400000US12086011015","Census Tract 110.15; Miami-Dade County; Florida","2982","316","2313","348","1425","271","888","343","182","126","706","331","669","233","669","233","0","21",
"1400000US12086011103","Census Tract 111.03; Miami-Dade County; Florida","1029","245","916","246","374","156","542","227","100","69","442","221","113","78","113","78","0","15",
"1400000US12086011104","Census Tract 111.04; Miami-Dade County; Florida","1574","196","1129","220","629","211","500","215","296","160","204","138","445","183","348","151","97","97",
"1400000US12086011105","Census Tract 111.05; Miami-Dade County; Florida","1245","214","1020","227","868","255","152","103","79","69","73","76","225","78","166","76","59","74",
"1400000US12086011106","Census Tract 111.06; Miami-Dade County; Florida","1075","284","944","292","650","296","294","166","38","44","256","141","131","73","106","68","25","36",
"1400000US12086011203","Census Tract 112.03; Miami-Dade County; Florida","1617","471","1330","489","953","503","377","148","97","77","280","143","287","123","204","117","83","79",
"1400000US12086011204","Census Tract 112.04; Miami-Dade County; Florida","655","58","461","96","361","91","100","51","50","46","50","34","194","85","143","66","51","39",
"1400000US12086011205","Census Tract 112.05; Miami-Dade County; Florida","1107","149","886","181","505","127","381","181","74","75","307","166","221","91","177","65","44","54",
"1400000US12086011206","Census Tract 112.06; Miami-Dade County; Florida","849","140","728","145","542","169","186","104","76","67","110","74","121","59","108","55","13","18",
"1400000US12086011301","Census Tract 113.01; Miami-Dade County; Florida","1493","417","961","448","263","163","698","432","534","388","164","111","532","180","464","161","68","74",
"1400000US12086011302","Census Tract 113.02; Miami-Dade County; Florida","1968","283","1263","248","514","183","749","221","224","176","525","150","705","254","571","276","134","93",
"1400000US12086011405","Census Tract 114.05; Miami-Dade County; Florida","1169","321","842","235","448","237","394","110","41","44","353","109","327","229","300","238","27","31",
"1400000US12086011406","Census Tract 114.06; Miami-Dade County; Florida","1086","130","667","169","389","115","278","121","79","68","199","109","419","140","381","132","38","44",
"1400000US12086011407","Census Tract 114.07; Miami-Dade County; Florida","1007","126","862","129","528","116","334","129","73","52","261","108","145","61","94","48","51","36",
"1400000US12086011408","Census Tract 114.08; Miami-Dade County; Florida","635","404","579","405","145","91","434","399","27","30","407","399","56","37","56","37","0","21",
"1400000US12086011409","Census Tract 114.09; Miami-Dade County; Florida","2312","187","1491","263","725","187","766","241","386","206","380","185","821","298","531","271","290","192",
"1400000US12086011410","Census Tract 114.10; Miami-Dade County; Florida","1663","286","1246","268","742","183","504","259","150","175","354","191","417","166","307","145","110","99",
"1400000US12086011411","Census Tract 114.11; Miami-Dade County; Florida","769","237","705","246","375","140","330","203","86","76","244","203","64","63","45","56","19","22",
"1400000US12086011412","Census Tract 114.12; Miami-Dade County; Florida","2420","638","1884","708","1198","723","686","330","274","293","412","212","536","266","431","248","105","124",
"1400000US12086011500","Census Tract 115; Miami-Dade County; Florida","1855","569","1417","590","1214","581","203","152","136","125","67","73","438","192","412","191","26","46",
"1400000US12086011601","Census Tract 116.01; Miami-Dade County; Florida","1159","93","955","127","693","147","262","103","138","95","124","66","204","96","179","95","25","29",
"1400000US12086011602","Census Tract 116.02; Miami-Dade County; Florida","1594","280","1067","206","542","157","525","201","260","186","265","92","527","269","328","147","199","215",
"1400000US12086011701","Census Tract 117.01; Miami-Dade County; Florida","597","199","549","204","220","54","329","205","66","44","263","204","48","34","20","25","28","25",
"1400000US12086011702","Census Tract 117.02; Miami-Dade County; Florida","1790","282","1260","168","544","140","716","179","200","137","516","128","530","278","456","267","74","65",
"1400000US12086011800","Census Tract 118; Miami-Dade County; Florida","1084","164","910","182","578","121","332","159","192","150","140","63","174","85","85","53","89","79",
"1400000US12086011900","Census Tract 119; Miami-Dade County; Florida","2012","274","1520","175","915","149","605","167","200","129","405","141","492","276","344","266","148","82",
"1400000US12086012001","Census Tract 120.01; Miami-Dade County; Florida","1290","255","907","256","422","232","485","143","64","50","421","144","383","175","279","130","104","104",
"1400000US12086012002","Census Tract 120.02; Miami-Dade County; Florida","2254","342","1520","399","699","211","821","372","82","100","739","366","734","284","508","222","226","182",
"1400000US12086012101","Census Tract 121.01; Miami-Dade County; Florida","1227","392","933","419","326","112","607","419","143","98","464","410","294","118","225","113","69","50",
"1400000US12086012102","Census Tract 121.02; Miami-Dade County; Florida","1883","268","1353","293","785","248","568","215","136","85","432","214","530","186","315","173","215","123",
"1400000US12086012103","Census Tract 121.03; Miami-Dade County; Florida","1181","348","979","343","552","333","427","210","122","116","305","183","202","101","140","83","62","87",
"1400000US12086012104","Census Tract 121.04; Miami-Dade County; Florida","565","106","452","105","79","48","373","116","12","14","361","116","113","57","100","57","13","13",
"1400000US12086012105","Census Tract 121.05; Miami-Dade County; Florida","920","33","817","92","556","147","261","131","85","81","176","108","103","80","80","86","23","36",
"1400000US12086012200","Census Tract 122; Miami-Dade County; Florida","1539","197","1331","208","895","270","436","156","179","110","257","115","208","89","190","86","18","30",
"1400000US12086012301","Census Tract 123.01; Miami-Dade County; Florida","741","109","663","105","496","127","167","77","31","38","136","72","78","63","78","63","0","15",
"1400000US12086012302","Census Tract 123.02; Miami-Dade County; Florida","1275","168","1025","138","614","163","411","137","137","101","274","93","250","133","205","133","45","51",
"1400000US12086012401","Census Tract 124.01; Miami-Dade County; Florida","1354","315","1211","327","633","244","578","256","286","240","292","111","143","88","112","73","31","39",
"1400000US12086012402","Census Tract 124.02; Miami-Dade County; Florida","942","95","902","103","726","128","176","74","34","49","142","57","40","33","30","28","10","17",
"1400000US12086012403","Census Tract 124.03; Miami-Dade County; Florida","560","76","419","88","296","101","123","78","46","30","77","65","141","82","123","72","18","25",
"1400000US12086012501","Census Tract 125.01; Miami-Dade County; Florida","573","74","525","74","367","86","158","87","71","60","87","71","48","36","48","36","0","15",
"1400000US12086012502","Census Tract 125.02; Miami-Dade County; Florida","1262","166","1078","193","675","171","403","179","246","169","157","83","184","121","51","54","133","108",
"1400000US12086012601","Census Tract 126.01; Miami-Dade County; Florida","1032","103","841","123","316","94","525","141","162","123","363","115","191","84","86","63","105","75",
"1400000US12086012602","Census Tract 126.02; Miami-Dade County; Florida","1031","200","972","198","509","133","463","186","238","165","225","99","59","36","49","35","10","11",
"1400000US12086012701","Census Tract 127.01; Miami-Dade County; Florida","4193","346","3870","387","2876","395","994","391","313","214","681","360","323","177","241","158","82","85",
"1400000US12086012702","Census Tract 127.02; Miami-Dade County; Florida","1345","105","1222","100","958","112","264","92","36","32","228","90","123","65","114","68","9","16",
"1400000US12086012801","Census Tract 128.01; Miami-Dade County; Florida","1335","217","1093","217","759","184","334","161","202","142","132","89","242","174","220","172","22","28",
"1400000US12086012802","Census Tract 128.02; Miami-Dade County; Florida","1250","137","970","174","651","180","319","141","163","112","156","93","280","97","213","84","67","59",
"1400000US12086012900","Census Tract 129; Miami-Dade County; Florida","1556","251","1239","266","652","243","587","187","252","150","335","152","317","137","275","125","42","46",
"1400000US12086013000","Census Tract 130; Miami-Dade County; Florida","1393","204","1110","197","642","168","468","178","133","83","335","171","283","106","204","95","79","59",
"1400000US12086013100","Census Tract 131; Miami-Dade County; Florida","1765","177","1449","187","855","159","594","192","152","75","442","186","316","127","239","88","77","91",
"1400000US12086013201","Census Tract 132.01; Miami-Dade County; Florida","705","85","616","99","420","94","196","93","96","78","100","61","89","45","71","40","18","18",
"1400000US12086013202","Census Tract 132.02; Miami-Dade County; Florida","969","122","864","136","575","143","289","95","59","47","230","87","105","63","90","61","15","19",
"1400000US12086013301","Census Tract 133.01; Miami-Dade County; Florida","931","242","644","111","359","90","285","123","98","57","187","110","287","232","233","232","54","41",
"1400000US12086013302","Census Tract 133.02; Miami-Dade County; Florida","1142","113","908","132","429","117","479","160","268","142","211","107","234","123","193","123","41","39",
"1400000US12086013400","Census Tract 134; Miami-Dade County; Florida","1670","198","1231","208","711","172","520","165","161","103","359","139","439","143","390","140","49","38",
"1400000US12086013500","Census Tract 135; Miami-Dade County; Florida","1749","266","1419","296","818","318","601","173","109","82","492","168","330","126","190","90","140","82",
"1400000US12086013600","Census Tract 136; Miami-Dade County; Florida","1986","185","1611","182","986","177","625","182","230","115","395","167","375","126","240","114","135","71",
"1400000US12086013700","Census Tract 137; Miami-Dade County; Florida","2255","274","1589","182","731","200","858","198","330","167","528","195","666","284","647","286","19","26",
"1400000US12086013801","Census Tract 138.01; Miami-Dade County; Florida","696","38","518","74","360","106","158","87","51","72","107","72","178","74","130","62","48","47",
"1400000US12086013802","Census Tract 138.02; Miami-Dade County; Florida","1702","501","1306","426","671","198","635","400","310","379","325","108","396","358","384","361","12","22",
"1400000US12086013900","Census Tract 139; Miami-Dade County; Florida","1406","175","1194","142","802","143","392","124","118","67","274","134","212","141","125","61","87","131",
"1400000US12086014100","Census Tract 141; Miami-Dade County; Florida","19","18","9","8","9","8","0","15","0","15","0","15","10","16","10","16","0","15",
"1400000US12086014200","Census Tract 142; Miami-Dade County; Florida","1460","256","1336","263","808","222","528","225","174","197","354","127","124","61","80","46","44","43",
"1400000US12086014300","Census Tract 143; Miami-Dade County; Florida","1149","165","913","155","802","147","111","54","35","32","76","45","236","150","163","132","73","64",
"1400000US12086014400","Census Tract 144; Miami-Dade County; Florida","1471","398","1265","390","1037","387","228","77","71","47","157","66","206","82","150","74","56","39",
"1400000US12086014500","Census Tract 145; Miami-Dade County; Florida","1302","158","1026","177","584","132","442","154","172","136","270","109","276","110","207","95","69","58",
"1400000US12086014601","Census Tract 146.01; Miami-Dade County; Florida","1247","334","783","244","405","193","378","199","18","22","360","197","464","292","283","192","181","201",
"1400000US12086014602","Census Tract 146.02; Miami-Dade County; Florida","1439","421","959","251","577","165","382","219","62","67","320","209","480","368","397","361","83","56",
"1400000US12086014701","Census Tract 147.01; Miami-Dade County; Florida","872","245","571","113","184","83","387","97","70","67","317","105","301","249","218","237","83","69",
"1400000US12086014702","Census Tract 147.02; Miami-Dade County; Florida","1525","230","1190","242","750","232","440","188","216","151","224","114","335","134","294","126","41","47",
"1400000US12086014800","Census Tract 148; Miami-Dade County; Florida","1753","303","1211","318","789","213","422","246","18","22","404","244","542","125","376","109","166","93",
"1400000US12086014900","Census Tract 149; Miami-Dade County; Florida","1729","222","1426","173","1054","152","372","166","147","84","225","147","303","191","151","63","152","185",
"1400000US12086015001","Census Tract 150.01; Miami-Dade County; Florida","1529","129","1215","168","882","174","333","145","89","93","244","141","314","103","196","113","118","79",
"1400000US12086015002","Census Tract 150.02; Miami-Dade County; Florida","1360","203","1231","210","910","180","321","184","30","35","291","179","129","86","65","65","64","54",
"1400000US12086015101","Census Tract 151.01; Miami-Dade County; Florida","1383","340","1052","219","664","120","388","222","184","211","204","91","331","286","297","277","34","59",
"1400000US12086015102","Census Tract 151.02; Miami-Dade County; Florida","869","275","594","80","406","95","188","77","57","41","131","66","275","284","265","285","10","15",
"1400000US12086015103","Census Tract 151.03; Miami-Dade County; Florida","902","287","888","291","653","194","235","225","150","218","85","56","14","17","0","15","14","17",
"1400000US12086015201","Census Tract 152.01; Miami-Dade County; Florida","967","140","808","177","532","141","276","164","155","140","121","59","159","98","56","57","103","66",
"1400000US12086015202","Census Tract 152.02; Miami-Dade County; Florida","1189","268","1019","267","617","172","402","256","218","245","184","98","170","112","119","86","51","82",
"1400000US12086015300","Census Tract 153; Miami-Dade County; Florida","1937","240","1639","199","1247","167","392","173","38","36","354","177","298","189","242","186","56","52",
"1400000US12086015400","Census Tract 154; Miami-Dade County; Florida","1771","180","1384","192","852","135","532","173","87","100","445","142","387","124","282","105","105","73",
"1400000US12086015501","Census Tract 155.01; Miami-Dade County; Florida","944","222","578","166","483","158","95","65","25","21","70","62","366","186","333","185","33","42",
"1400000US12086015502","Census Tract 155.02; Miami-Dade County; Florida","936","105","627","134","394","116","233","114","60","79","173","93","309","113","204","117","105","78",
"1400000US12086015600","Census Tract 156; Miami-Dade County; Florida","1613","288","1288","291","914","322","374","151","144","93","230","124","325","140","206","93","119","101",
"1400000US12086015700","Census Tract 157; Miami-Dade County; Florida","647","128","613","126","510","126","103","55","35","25","68","50","34","28","17","22","17","16",
"1400000US12086015800","Census Tract 158; Miami-Dade County; Florida","1600","199","1210","233","745","188","465","164","197","110","268","134","390","125","289","114","101","70",
"1400000US12086015900","Census Tract 159; Miami-Dade County; Florida","1069","124","761","151","537","173","224","110","53","64","171","98","308","102","255","97","53","52",
"1400000US12086016000","Census Tract 160; Miami-Dade County; Florida","1609","236","1123","258","845","239","278","118","167","102","111","63","486","138","412","141","74","78",
"1400000US12086016100","Census Tract 161; Miami-Dade County; Florida","1528","240","1429","255","1099","278","330","157","177","124","153","114","99","63","92","61","7","11",
"1400000US12086016200","Census Tract 162; Miami-Dade County; Florida","1204","110","902","137","641","135","261","116","97","74","164","88","302","116","265","116","37","27",
"1400000US12086016300","Census Tract 163; Miami-Dade County; Florida","1415","308","1310","301","902","318","408","107","149","97","259","101","105","56","57","40","48","40",
"1400000US12086016401","Census Tract 164.01; Miami-Dade County; Florida","1484","303","1205","187","817","141","388","188","216","177","172","83","279","280","213","258","66","55",
"1400000US12086016402","Census Tract 164.02; Miami-Dade County; Florida","667","83","598","91","449","95","149","50","33","32","116","44","69","43","69","43","0","15",
"1400000US12086016501","Census Tract 165.01; Miami-Dade County; Florida","936","140","913","142","773","155","140","58","77","48","63","48","23","25","8","13","15","22",
"1400000US12086016502","Census Tract 165.02; Miami-Dade County; Florida","1488","266","1359","278","983","195","376","226","152","212","224","100","129","85","129","85","0","15",
"1400000US12086016600","Census Tract 166; Miami-Dade County; Florida","1432","463","917","151","649","116","268","125","26","29","242","119","515","469","475","469","40","42",
"1400000US12086016700","Census Tract 167; Miami-Dade County; Florida","1353","169","1136","200","863","181","273","101","81","57","192","90","217","97","156","82","61","54",
"1400000US12086016800","Census Tract 168; Miami-Dade County; Florida","1250","145","992","170","573","149","419","140","169","96","250","108","258","104","194","95","64","44",
"1400000US12086016900","Census Tract 169; Miami-Dade County; Florida","1809","257","1158","146","745","173","413","145","69","60","344","126","651","261","573","256","78","54",
"1400000US12086017000","Census Tract 170; Miami-Dade County; Florida","1791","350","1467","359","1078","363","389","143","98","63","291","134","324","122","248","112","76","63",
"1400000US12086017101","Census Tract 171.01; Miami-Dade County; Florida","1465","106","1165","158","550","145","615","171","224","133","391","138","300","128","190","98","110","73",
"1400000US12086017102","Census Tract 171.02; Miami-Dade County; Florida","897","256","782","260","544","270","238","79","53","49","185","62","115","61","86","53","29","26",
"1400000US12086017200","Census Tract 172; Miami-Dade County; Florida","1314","320","920","102","552","152","368","112","98","74","270","120","394","325","394","325","0","15",
"1400000US12086017300","Census Tract 173; Miami-Dade County; Florida","1616","378","977","187","679","139","298","126","69","55","229","105","639","465","602","468","37","39",
"1400000US12086017401","Census Tract 174.01; Miami-Dade County; Florida","415","114","375","119","306","125","69","41","0","15","69","41","40","34","40","34","0","15",
"1400000US12086017402","Census Tract 174.02; Miami-Dade County; Florida","1986","298","1519","298","1011","283","508","185","219","153","289","119","467","205","370","231","97","88",
"1400000US12086017500","Census Tract 175; Miami-Dade County; Florida","1384","203","941","179","646","187","295","119","55","46","240","111","443","201","416","200","27","31",
"1400000US12086017600","Census Tract 176; Miami-Dade County; Florida","2620","334","2008","339","1019","318","989","316","329","253","660","203","612","225","419","209","193","138",
"1400000US12086017700","Census Tract 177; Miami-Dade County; Florida","1673","170","1345","201","841","200","504","148","164","91","340","150","328","120","175","86","153","97",
"1400000US12086017800","Census Tract 178; Miami-Dade County; Florida","2215","274","1623","258","894","226","729","187","152","106","577","174","592","203","462","202","130","78",
"1400000US12086017901","Census Tract 179.01; Miami-Dade County; Florida","1192","141","918","139","664","154","254","117","43","53","211","102","274","109","221","118","53","60",
"1400000US12086017902","Census Tract 179.02; Miami-Dade County; Florida","1356","270","1244","275","906","309","338","135","68","47","270","126","112","73","54","60","58","53",
"1400000US12086018001","Census Tract 180.01; Miami-Dade County; Florida","569","28","540","37","437","57","103","54","32","27","71","50","29","26","19","21","10","16",
"1400000US12086018002","Census Tract 180.02; Miami-Dade County; Florida","760","83","711","95","541","110","170","64","73","50","97","55","49","42","38","38","11","18",
"1400000US12086018003","Census Tract 180.03; Miami-Dade County; Florida","2548","452","1853","464","1127","416","726","333","191","135","535","317","695","238","666","233","29","37",
"1400000US12086018100","Census Tract 181; Miami-Dade County; Florida","1738","181","1336","203","995","203","341","134","92","70","249","116","402","133","321","116","81","54",
"1400000US12086018200","Census Tract 182; Miami-Dade County; Florida","823","136","714","144","441","96","273","131","83","53","190","124","109","52","84","51","25","24",
"1400000US12086018300","Census Tract 183; Miami-Dade County; Florida","1434","52","1138","145","875","157","263","100","53","50","210","87","296","134","250","133","46","36",
"1400000US12086018400","Census Tract 184; Miami-Dade County; Florida","1643","244","1202","244","752","235","450","127","123","87","327","92","441","145","363","138","78","50",
"1400000US12086018500","Census Tract 185; Miami-Dade County; Florida","1837","271","1339","195","935","182","404","190","46","35","358","186","498","207","372","198","126","88",
"1400000US12086018601","Census Tract 186.01; Miami-Dade County; Florida","1280","336","1068","352","746","165","322","339","0","15","322","339","212","96","159","82","53","55",
"1400000US12086018602","Census Tract 186.02; Miami-Dade County; Florida","1258","100","1025","136","735","145","290","132","46","57","244","118","233","112","176","109","57","50",
"1400000US12086018700","Census Tract 187; Miami-Dade County; Florida","1225","172","933","189","703","186","230","91","41","36","189","93","292","124","246","113","46","56",
"1400000US12086018801","Census Tract 188.01; Miami-Dade County; Florida","795","132","727","132","594","144","133","62","58","43","75","50","68","41","51","34","17","22",
"1400000US12086018802","Census Tract 188.02; Miami-Dade County; Florida","1059","92","700","148","356","166","344","143","94","79","250","139","359","141","321","130","38","38",
"1400000US12086018803","Census Tract 188.03; Miami-Dade County; Florida","1165","326","881","313","651","310","230","125","0","15","230","125","284","104","196","98","88","78",
"1400000US12086018901","Census Tract 189.01; Miami-Dade County; Florida","1091","136","672","167","560","141","112","102","10","17","102","100","419","109","341","106","78","51",
"1400000US12086018902","Census Tract 189.02; Miami-Dade County; Florida","1084","228","971","241","797","249","174","72","21","25","153","67","113","69","98","69","15","23",
"1400000US12086019000","Census Tract 190; Miami-Dade County; Florida","2128","220","1799","238","1191","198","608","194","296","171","312","129","329","131","311","133","18","26",
"1400000US12086019100","Census Tract 191; Miami-Dade County; Florida","2379","185","1220","283","750","247","470","201","74","66","396","193","1159","243","918","258","241","177",
"1400000US12086019200","Census Tract 192; Miami-Dade County; Florida","1710","170","1452","182","1159","173","293","110","80","60","213","103","258","79","226","83","32","37",
"1400000US12086019301","Census Tract 193.01; Miami-Dade County; Florida","927","100","757","129","394","126","363","128","139","96","224","112","170","121","137","112","33","40",
"1400000US12086019302","Census Tract 193.02; Miami-Dade County; Florida","1736","223","1271","218","860","231","411","139","69","63","342","125","465","161","346","153","119","73",
"1400000US12086019401","Census Tract 194.01; Miami-Dade County; Florida","921","161","809","171","620","198","189","113","69","79","120","90","112","75","98","76","14","22",
"1400000US12086019402","Census Tract 194.02; Miami-Dade County; Florida","1764","197","1482","199","1011","201","471","232","135","111","336","197","282","102","265","98","17","23",
"1400000US12086019501","Census Tract 195.01; Miami-Dade County; Florida","1349","122","1128","166","722","152","406","186","126","103","280","151","221","100","150","75","71","68",
"1400000US12086019502","Census Tract 195.02; Miami-Dade County; Florida","1306","212","1289","208","945","243","344","119","116","104","228","110","17","18","10","16","7","14",
"1400000US12086019600","Census Tract 196; Miami-Dade County; Florida","1853","281","1677","274","1454","296","223","114","84","76","139","93","176","110","111","54","65","88",
"1400000US12086019700","Census Tract 197; Miami-Dade County; Florida","1088","195","1002","221","716","128","286","190","22","31","264","188","86","62","20","24","66","52",
"1400000US12086019801","Census Tract 198.01; Miami-Dade County; Florida","1444","185","1239","196","905","199","334","119","65","74","269","98","205","87","191","88","14","19",
"1400000US12086019802","Census Tract 198.02; Miami-Dade County; Florida","1746","444","1535","408","1086","249","449","357","267","351","182","102","211","196","75","79","136","183",
"1400000US12086019901","Census Tract 199.01; Miami-Dade County; Florida","1204","241","940","149","712","176","228","131","40","47","188","128","264","229","239","227","25","40",
"1400000US12086019902","Census Tract 199.02; Miami-Dade County; Florida","2117","360","1850","387","1107","268","743","434","184","116","559","400","267","137","231","151","36","47",
"1400000US12086020001","Census Tract 200.01; Miami-Dade County; Florida","618","23","558","45","347","87","211","88","116","68","95","69","60","50","43","46","17","19",
"1400000US12086020002","Census Tract 200.02; Miami-Dade County; Florida","1430","211","1338","217","996","189","342","153","61","35","281","145","92","61","92","61","0","15",
"1400000US12086020100","Census Tract 201; Miami-Dade County; Florida","1145","133","997","160","611","143","386","174","119","82","267","165","148","78","113","66","35","44",
"1400000US12086020200","Census Tract 202; Miami-Dade County; Florida","1616","180","1225","185","704","164","521","186","148","140","373","133","391","144","243","111","148","95",
"1400000US12086020300","Census Tract 203; Miami-Dade County; Florida","1040","151","848","165","592","145","256","86","160","77","96","53","192","54","153","53","39","33",
"1400000US12086490100","Census Tract 4901; Miami-Dade County; Florida","512","110","353","122","153","78","200","118","107","108","93","54","159","61","143","59","16","18",
"1400000US12086980100","Census Tract 9801; Miami-Dade County; Florida","0","15","0","15","0","15","0","15","0","15","0","15","0","15","0","15","0","15",
"1400000US12086980200","Census Tract 9802; Miami-Dade County; Florida","0","15","0","15","0","15","0","15","0","15","0","15","0","15","0","15","0","15",
"1400000US12086980300","Census Tract 9803; Miami-Dade County; Florida","4","7","4","7","4","7","0","21","0","21","0","21","0","21","0","21","0","21",
"1400000US12086980400","Census Tract 9804; Miami-Dade County; Florida","0","15","0","15","0","15","0","15","0","15","0","15","0","15","0","15","0","15",
"1400000US12086980500","Census Tract 9805; Miami-Dade County; Florida","240","69","152","50","92","41","60","31","46","28","14","14","88","53","46","32","42","47",
"1400000US12086980600","Census Tract 9806; Miami-Dade County; Florida","0","15","0","15","0","15","0","15","0","15","0","15","0","15","0","15","0","15",
"1400000US12086980700","Census Tract 9807; Miami-Dade County; Florida","213","105","213","105","45","35","168","103","0","15","168","103","0","15","0","15","0","15",
"1400000US12086980800","Census Tract 9808; Miami-Dade County; Florida","0","15","0","15","0","15","0","15","0","15","0","15","0","15","0","15","0","15",
"1400000US12086980900","Census Tract 9809; Miami-Dade County; Florida","0","15","0","15","0","15","0","15","0","15","0","15","0","15","0","15","0","15",
"1400000US12086981000","Census Tract 9810; Miami-Dade County; Florida","0","15","0","15","0","15","0","15","0","15","0","15","0","15","0","15","0","15",
"1400000US12086981100","Census Tract 9811; Miami-Dade County; Florida","8","10","8","10","1","2","7","10","1","2","6","10","0","15","0","15","0","15",
"1400000US12086981200","Census Tract 9812; Miami-Dade County; Florida","0","15","0","15","0","15","0","15","0","15","0","15","0","15","0","15","0","15",
"1400000US12086981300","Census Tract 9813; Miami-Dade County; Florida","71","71","71","71","60","71","11","11","0","15","11","11","0","15","0","15","0","15",
"1400000US12086990000","Census Tract 9900; Miami-Dade County; Florida","0","15","0","15","0","15","0","15","0","15","0","15","0","15","0","15","0","15",
"1400000US12087970400","Census Tract 9704; Monroe County; Florida","1741","241","1212","215","786","143","426","174","105","79","321","172","529","154","358","133","171","86",
"1400000US12087970500","Census Tract 9705; Monroe County; Florida","1470","150","820","149","706","150","114","75","43","52","71","60","650","135","392","126","258","118",
"1400000US12087970600","Census Tract 9706; Monroe County; Florida","965","175","638","160","612","162","26","21","14","17","12","14","327","101","258","87","69","62",
"1400000US12087970700","Census Tract 9707; Monroe County; Florida","1305","270","958","270","788","257","170","101","14","20","156","106","347","156","254","122","93","91",
"1400000US12087970800","Census Tract 9708; Monroe County; Florida","2055","260","1336","168","1128","179","208","92","35","46","173","93","719","249","660","251","59","44",
"1400000US12087970900","Census Tract 9709; Monroe County; Florida","917","167","542","136","476","118","66","44","26","32","40","40","375","154","327","154","48","66",
"1400000US12087971001","Census Tract 9710.01; Monroe County; Florida","684","152","346","105","290","94","56","50","14","15","42","48","338","135","237","103","101","100",
"1400000US12087971002","Census Tract 9710.02; Monroe County; Florida","657","98","476","86","458","86","18","20","8","14","10","13","181","77","130","52","51","49",
"1400000US12087971100","Census Tract 9711; Monroe County; Florida","1554","198","931","162","780","162","151","72","81","63","70","45","623","197","398","173","225","94",
"1400000US12087971200","Census Tract 9712; Monroe County; Florida","1044","172","805","164","692","179","113","83","43","66","70","53","239","100","192","84","47","42",
"1400000US12087971300","Census Tract 9713; Monroe County; Florida","787","130","403","119","313","115","90","57","29","31","61","50","384","103","288","98","96","44",
"1400000US12087971401","Census Tract 9714.01; Monroe County; Florida","1242","202","830","185","605","165","225","98","49","47","176","93","412","121","288","106","124","82",
"1400000US12087971402","Census Tract 9714.02; Monroe County; Florida","637","124","415","106","360","98","55","39","37","38","18","21","222","67","155","63","67","39",
"1400000US12087971501","Census Tract 9715.01; Monroe County; Florida","1064","134","632","99","558","91","74","47","40","28","34","40","432","103","244","69","188","90",
"1400000US12087971502","Census Tract 9715.02; Monroe County; Florida","1236","182","790","149","729","144","61","45","37","43","24","23","446","126","331","110","115","66",
"1400000US12087971600","Census Tract 9716; Monroe County; Florida","824","158","623","132","527","126","96","62","76","59","20","21","201","82","153","73","48","31",
"1400000US12087971700","Census Tract 9717; Monroe County; Florida","1320","169","864","148","719","148","145","76","15","26","130","72","456","151","350","128","106","76",
"1400000US12087971800","Census Tract 9718; Monroe County; Florida","2175","356","1337","308","1063","283","274","156","57","56","217","131","838","304","587","287","251","133",
"1400000US12087971900","Census Tract 9719; Monroe County; Florida","2625","319","1404","313","1064","332","340","152","92","88","248","133","1221","341","827","285","394","214",
"1400000US12087972000","Census Tract 9720; Monroe County; Florida","1842","282","1035","219","759","225","276","148","95","92","181","116","807","212","429","163","378","176",
"1400000US12087972100","Census Tract 9721; Monroe County; Florida","1846","296","1035","233","815","222","220","129","33","32","187","130","811","250","552","196","259","120",
"1400000US12087972200","Census Tract 9722; Monroe County; Florida","1199","165","720","147","440","124","280","122","197","112","83","56","479","133","356","126","123","82",
"1400000US12087972400","Census Tract 9724; Monroe County; Florida","1393","254","691","164","520","159","171","88","104","69","67","61","702","204","529","195","173","88",
"1400000US12087972500","Census Tract 9725; Monroe County; Florida","375","100","203","76","189","75","14","15","0","15","14","15","172","64","115","49","57","37",
"1400000US12087972700","Census Tract 9727; Monroe County; Florida","1945","227","1311","231","1127","233","184","113","37","40","147","107","634","170","490","155","144","63",
"1400000US12087972800","Census Tract 9728; Monroe County; Florida","1495","216","814","194","725","198","89","54","15","25","74","47","681","153","580","139","101","67",
"1400000US12087980000","Census Tract 9800; Monroe County; Florida","8","8","4","8","4","8","0","15","0","15","0","15","4","7","4","7","0","15",
"1400000US12087980100","Census Tract 9801; Monroe County; Florida","0","15","0","15","0","15","0","15","0","15","0","15","0","15","0","15","0","15",
"1400000US12087990000","Census Tract 9900; Monroe County; Florida","0","15","0","15","0","15","0","15","0","15","0","15","0","15","0","15","0","15",
"1400000US12089050102","Census Tract 501.02; Nassau County; Florida","1559","240","760","149","734","146","26","26","9","15","17","21","799","253","720","259","79","74",
"1400000US12089050103","Census Tract 501.03; Nassau County; Florida","1697","210","1074","174","660","178","414","138","86","74","328","126","623","165","547","158","76","67",
"1400000US12089050104","Census Tract 501.04; Nassau County; Florida","1547","232","1054","200","953","173","101","87","0","15","101","87","493","175","325","93","168","154",
"1400000US12089050201","Census Tract 502.01; Nassau County; Florida","1139","139","869","117","869","117","0","15","0","15","0","15","270","91","235","86","35","26",
"1400000US12089050203","Census Tract 502.03; Nassau County; Florida","1979","236","1203","155","1062","139","141","84","33","32","108","85","776","203","708","201","68","46",
"1400000US12089050204","Census Tract 502.04; Nassau County; Florida","1496","268","1064","268","927","278","137","96","40","40","97","86","432","124","399","126","33","29",
"1400000US12089050205","Census Tract 502.05; Nassau County; Florida","1804","197","1142","174","1027","174","115","97","82","101","33","39","662","205","485","175","177","110",
"1400000US12089050304","Census Tract 503.04; Nassau County; Florida","2473","254","1837","242","1381","238","456","136","131","108","325","136","636","230","536","222","100","69",
"1400000US12089050305","Census Tract 503.05; Nassau County; Florida","480","120","299","91","188","88","111","56","28","34","83","64","181","97","165","97","16","19",
"1400000US12089050306","Census Tract 503.06; Nassau County; Florida","3816","323","2876","378","2184","330","692","317","196","162","496","284","940","296","777","290","163","108",
"1400000US12089050307","Census Tract 503.07; Nassau County; Florida","1888","202","1630","190","1344","176","286","160","94","80","192","139","258","112","197","112","61","55",
"1400000US12089050308","Census Tract 503.08; Nassau County; Florida","3368","408","2606","447","2323","505","283","216","227","224","56","60","762","257","680","257","82","78",
"1400000US12089050309","Census Tract 503.09; Nassau County; Florida","2849","308","2064","264","1446","216","618","272","409","253","209","133","785","315","705","298","80","74",
"1400000US12089050310","Census Tract 503.10; Nassau County; Florida","2285","182","1689","239","1444","184","245","178","50","64","195","165","596","202","550","204","46","52",
"1400000US12089050401","Census Tract 504.01; Nassau County; Florida","1098","185","749","151","533","150","216","81","28","24","188","78","349","112","272","97","77","54",
"1400000US12089050402","Census Tract 504.02; Nassau County; Florida","971","173","675","142","540","140","135","83","13","14","122","84","296","107","255","108","41","33",
"1400000US12089050403","Census Tract 504.03; Nassau County; Florida","1363","234","1118","233","737","136","381","208","30","29","351","213","245","100","190","93","55","58",
"1400000US12089050504","Census Tract 505.04; Nassau County; Florida","1819","222","1423","228","1028","188","395","206","127","103","268","190","396","124","339","121","57","48",
"1400000US12089050505","Census Tract 505.05; Nassau County; Florida","1871","262","1482","297","1200","290","282","103","126","79","156","73","389","144","331","143","58","54",
"1400000US12089050506","Census Tract 505.06; Nassau County; Florida","1143","143","894","154","705","133","189","129","125","121","64","65","249","100","184","85","65","44",
"1400000US12089050507","Census Tract 505.07; Nassau County; Florida","785","88","641","113","522","101","119","70","88","69","31","21","144","77","127","72","17","28",
"1400000US12089050508","Census Tract 505.08; Nassau County; Florida","771","183","584","170","450","179","134","65","11","17","123","64","187","107","87","73","100","85",
"1400000US12089050509","Census Tract 505.09; Nassau County; Florida","1106","149","804","157","513","92","291","162","67","70","224","147","302","77","297","78","5","9",
"1400000US12089990000","Census Tract 9900; Nassau County; Florida","0","15","0","15","0","15","0","15","0","15","0","15","0","15","0","15","0","15",
"1400000US12091020101","Census Tract 201.01; Okaloosa County; Florida","1728","219","1413","239","1079","215","334","145","73","69","261","132","315","119","289","114","26","26",
"1400000US12091020102","Census Tract 201.02; Okaloosa County; Florida","2149","253","1480","230","1297","229","183","90","36","32","147","84","669","197","634","190","35","40",
"1400000US12091020200","Census Tract 202; Okaloosa County; Florida","738","99","501","89","442","85","59","40","31","37","28","18","237","61","188","62","49","31",
"1400000US12091020303","Census Tract 203.03; Okaloosa County; Florida","1896","175","1593","183","1339","225","254","110","121","65","133","109","303","122","290","119","13","24",
"1400000US12091020304","Census Tract 203.04; Okaloosa County; Florida","1700","252","1331","252","982","141","349","244","239","238","110","62","369","113","256","110","113","94",
"1400000US12091020305","Census Tract 203.05; Okaloosa County; Florida","1663","158","1279","142","1136","166","143","96","64","47","79","81","384","151","316","143","68","45",
"1400000US12091020306","Census Tract 203.06; Okaloosa County; Florida","608","66","453","76","380","86","73","51","13","17","60","49","155","62","142","61","13","14",
"1400000US12091020400","Census Tract 204; Okaloosa County; Florida","3055","424","2109","364","1269","289","840","312","116","88","724","312","946","317","716","298","230","119",
"1400000US12091020500","Census Tract 205; Okaloosa County; Florida","3097","264","2194","265","1305","260","889","230","282","150","607","175","903","223","887","223","16","32",
"1400000US12091020601","Census Tract 206.01; Okaloosa County; Florida","2828","344","1917","361","1238","283","679","325","372","245","307","179","911","266","844","251","67","69",
"1400000US12091020602","Census Tract 206.02; Okaloosa County; Florida","1516","212","992","176","759","161","233","120","68","62","165","89","524","183","429","183","95","74",
"1400000US12091020701","Census Tract 207.01; Okaloosa County; Florida","2177","404","1387","375","941","354","446","195","137","105","309","166","790","337","640","304","150","131",
"1400000US12091020702","Census Tract 207.02; Okaloosa County; Florida","2905","383","2318","372","1955","355","363","167","84","68","279","159","587","177","556","179","31","48",
"1400000US12091020800","Census Tract 208; Okaloosa County; Florida","1452","210","1261","206","1114","208","147","81","93","75","54","40","191","84","152","79","39","32",
"1400000US12091020900","Census Tract 209; Okaloosa County; Florida","2741","247","2179","225","1991","223","188","122","70","62","118","103","562","172","512","165","50","54",
"1400000US12091021001","Census Tract 210.01; Okaloosa County; Florida","2223","304","1695","305","1548","301","147","97","44","46","103","88","528","152","481","152","47","43",
"1400000US12091021002","Census Tract 210.02; Okaloosa County; Florida","2463","340","1433","222","1287","208","146","91","31","38","115","84","1030","327","805","298","225","136",
"1400000US12091021101","Census Tract 211.01; Okaloosa County; Florida","1439","189","977","183","807","170","170","76","24","27","146","76","462","128","422","126","40","39",
"1400000US12091021102","Census Tract 211.02; Okaloosa County; Florida","3204","429","2176","427","1896","421","280","131","63","58","217","123","1028","170","750","175","278","130",
"1400000US12091021200","Census Tract 212; Okaloosa County; Florida","2511","261","1699","231","1402","252","297","142","30","35","267","145","812","213","594","195","218","147",
"1400000US12091021400","Census Tract 214; Okaloosa County; Florida","830","106","721","91","626","99","95","85","65","79","30","32","109","51","98","50","11","20",
"1400000US12091021501","Census Tract 215.01; Okaloosa County; Florida","1799","227","1149","228","975","225","174","88","57","53","117","72","650","148","417","127","233","97",
"1400000US12091021502","Census Tract 215.02; Okaloosa County; Florida","1533","141","1036","123","885","126","151","71","44","36","107","66","497","134","431","127","66","51",
"1400000US12091021600","Census Tract 216; Okaloosa County; Florida","1184","151","812","120","697","123","115","70","80","63","35","34","372","115","327","106","45","37",
"1400000US12091021700","Census Tract 217; Okaloosa County; Florida","972","117","772","120","686","126","86","41","28","31","58","39","200","73","177","68","23","26",
"1400000US12091021801","Census Tract 218.01; Okaloosa County; Florida","2300","359","1571","377","1095","364","476","207","104","90","372","199","729","203","533","196","196","80",
"1400000US12091021802","Census Tract 218.02; Okaloosa County; Florida","2652","309","1512","288","833","255","679","234","153","135","526","193","1140","285","891","306","249","149",
"1400000US12091021901","Census Tract 219.01; Okaloosa County; Florida","633","114","398","104","186","89","212","88","25","40","187","78","235","114","156","82","79","85",
"1400000US12091021902","Census Tract 219.02; Okaloosa County; Florida","3036","307","2074","339","1400","276","674","242","342","188","332","165","962","244","825","221","137","94",
"1400000US12091022001","Census Tract 220.01; Okaloosa County; Florida","1960","224","1070","151","561","148","509","148","165","125","344","124","890","204","614","160","276","124",
"1400000US12091022002","Census Tract 220.02; Okaloosa County; Florida","1324","167","771","117","614","127","157","56","25","28","132","58","553","174","441","173","112","67",
"1400000US12091022100","Census Tract 221; Okaloosa County; Florida","1584","260","950","240","655","199","295","124","71","41","224","111","634","188","469","178","165","96",
"1400000US12091022300","Census Tract 223; Okaloosa County; Florida","1055","145","667","158","352","101","315","159","150","115","165","110","388","110","321","99","67","50",
"1400000US12091022400","Census Tract 224; Okaloosa County; Florida","1738","170","1074","143","801","127","273","89","57","33","216","80","664","177","569","178","95","50",
"1400000US12091022500","Census Tract 225; Okaloosa County; Florida","1674","198","1065","193","758","166","307","122","96","78","211","89","609","178","497","176","112","74",
"1400000US12091022600","Census Tract 226; Okaloosa County; Florida","1766","182","699","179","419","145","280","106","80","68","200","93","1067","165","961","163","106","70",
"1400000US12091022700","Census Tract 227; Okaloosa County; Florida","1605","179","963","192","740","171","223","84","24","25","199","85","642","182","504","173","138","77",
"1400000US12091022800","Census Tract 228; Okaloosa County; Florida","1041","203","570","128","474","117","96","50","20","19","76","51","471","156","444","151","27","23",
"1400000US12091022900","Census Tract 229; Okaloosa County; Florida","1745","191","1078","153","827","199","251","97","73","88","178","72","667","183","548","162","119","72",
"1400000US12091023100","Census Tract 231; Okaloosa County; Florida","3347","305","2268","297","1767","302","501","180","29","34","472","179","1079","284","714","263","365","174",
"1400000US12091023200","Census Tract 232; Okaloosa County; Florida","1094","184","528","144","359","91","169","109","55","76","114","88","566","162","467","151","99","72",
"1400000US12091023303","Census Tract 233.03; Okaloosa County; Florida","749","133","477","117","449","116","28","25","6","13","22","21","272","77","233","72","39","36",
"1400000US12091023304","Census Tract 233.04; Okaloosa County; Florida","2046","297","1144","257","769","212","375","179","192","123","183","133","902","235","744","224","158","109",
"1400000US12091023305","Census Tract 233.05; Okaloosa County; Florida","1967","209","1336","133","948","131","388","142","193","113","195","125","631","199","408","165","223","102",
"1400000US12091023306","Census Tract 233.06; Okaloosa County; Florida","1206","214","586","101","477","100","109","54","13","21","96","51","620","216","397","139","223","178",
"1400000US12091023307","Census Tract 233.07; Okaloosa County; Florida","974","168","490","107","341","98","149","74","44","36","105","65","484","159","406","158","78","45",
"1400000US12091023308","Census Tract 233.08; Okaloosa County; Florida","1504","193","1191","155","1034","162","157","98","87","85","70","49","313","122","283","117","30","35",
"1400000US12091990100","Census Tract 9901; Okaloosa County; Florida","0","15","0","15","0","15","0","15","0","15","0","15","0","15","0","15","0","15",
"1400000US12091990200","Census Tract 9902; Okaloosa County; Florida","0","15","0","15","0","15","0","15","0","15","0","15","0","15","0","15","0","15",
"1400000US12093910101","Census Tract 9101.01; Okeechobee County; Florida","1330","223","996","215","671","191","325","128","200","111","125","88","334","111","224","77","110","95",
"1400000US12093910102","Census Tract 9101.02; Okeechobee County; Florida","1205","158","928","133","721","141","207","112","90","114","117","64","277","125","238","116","39","44",
"1400000US12093910201","Census Tract 9102.01; Okeechobee County; Florida","1193","202","864","155","534","173","330","121","151","90","179","73","329","168","268","153","61","67",
"1400000US12093910202","Census Tract 9102.02; Okeechobee County; Florida","1572","234","998","254","659","188","339","167","199","150","140","85","574","199","510","208","64","64",
"1400000US12093910300","Census Tract 9103; Okeechobee County; Florida","753","178","560","169","198","69","362","183","30","27","332","173","193","76","161","78","32","32",
"1400000US12093910401","Census Tract 9104.01; Okeechobee County; Florida","1678","216","1024","223","908","241","116","70","58","46","58","54","654","192","586","183","68","62",
"1400000US12093910402","Census Tract 9104.02; Okeechobee County; Florida","789","109","711","110","503","116","208","90","80","54","128","72","78","49","46","35","32","29",
"1400000US12093910403","Census Tract 9104.03; Okeechobee County; Florida","1908","266","826","173","599","180","227","102","122","88","105","69","1082","240","816","222","266","130",
"1400000US12093910500","Census Tract 9105; Okeechobee County; Florida","1650","198","1043","176","831","170","212","87","100","68","112","61","607","194","515","178","92","93",
"1400000US12093910601","Census Tract 9106.01; Okeechobee County; Florida","1905","270","1179","231","992","223","187","92","78","59","109","66","726","250","544","194","182","156",
"1400000US12093910602","Census Tract 9106.02; Okeechobee County; Florida","1130","184","619","122","579","121","40","39","20","23","20","33","511","165","502","163","9","16",
"1400000US12093990000","Census Tract 9900; Okeechobee County; Florida","0","15","0","15","0","15","0","15","0","15","0","15","0","15","0","15","0","15",
"1400000US12095010201","Census Tract 102.01; Orange County; Florida","1302","164","412","144","247","93","165","112","15","25","150","110","890","136","769","149","121","81",
"1400000US12095010202","Census Tract 102.02; Orange County; Florida","2539","260","690","183","621","186","69","60","44","49","25","34","1849","271","1535","235","314","145",
"1400000US12095010300","Census Tract 103; Orange County; Florida","2137","192","396","129","363","120","33","39","27","37","6","10","1741","215","1491","214","250","127",
"1400000US12095010400","Census Tract 104; Orange County; Florida","404","88","240","88","24","21","216","91","34","38","182","90","164","71","139","63","25","41",
"1400000US12095010500","Census Tract 105; Orange County; Florida","479","182","248","185","65","55","183","177","32","37","151","173","231","74","206","69","25","28",
"1400000US12095010802","Census Tract 108.02; Orange County; Florida","1607","145","739","153","579","159","160","77","91","56","69","50","868","119","381","98","487","116",
"1400000US12095011000","Census Tract 110; Orange County; Florida","1566","206","866","217","655","226","211","117","24","42","187","106","700","123","450","129","250","89",
"1400000US12095011100","Census Tract 111; Orange County; Florida","1688","297","690","132","406","90","284","137","220","135","64","75","998","305","628","247","370","202",
"1400000US12095011200","Census Tract 112; Orange County; Florida","1487","289","757","112","570","122","187","75","57","36","130","72","730","299","555","298","175","68",
"1400000US12095011300","Census Tract 113; Orange County; Florida","2259","406","1240","388","1025","391","215","108","51","57","164","86","1019","176","775","184","244","113",
"1400000US12095011600","Census Tract 116; Orange County; Florida","1367","256","969","250","528","189","441","196","193","131","248","161","398","181","286","149","112","91",
"1400000US12095011701","Census Tract 117.01; Orange County; Florida","1349","281","967","280","363","150","604","277","215","231","389","153","382","143","343","140","39","42",
"1400000US12095011702","Census Tract 117.02; Orange County; Florida","1515","188","825","202","453","190","372","140","27","30","345","135","690","146","631","140","59","47",
"1400000US12095012000","Census Tract 120; Orange County; Florida","2311","175","1704","253","627","219","1077","234","312","162","765","216","607","207","478","190","129","94",
"1400000US12095012100","Census Tract 121; Orange County; Florida","2360","230","1883","266","702","283","1181","326","175","112","1006","299","477","188","317","175","160","124",
"1400000US12095012201","Census Tract 122.01; Orange County; Florida","1687","171","1253","214","646","167","607","194","162","98","445","174","434","179","278","160","156","120",
"1400000US12095012202","Census Tract 122.02; Orange County; Florida","2011","308","1663","324","798","246","865","287","268","144","597","287","348","121","229","101","119","93",
"1400000US12095012303","Census Tract 123.03; Orange County; Florida","2528","360","2223","366","1615","416","608","197","98","108","510","186","305","164","241","161","64","49",
"1400000US12095012304","Census Tract 123.04; Orange County; Florida","2284","431","1911","438","1285","437","626","303","172","181","454","194","373","150","286","124","87","87",
"1400000US12095012305","Census Tract 123.05; Orange County; Florida","2297","261","1677","325","786","233","891","330","164","149","727","312","620","216","461","186","159","137",
"1400000US12095012306","Census Tract 123.06; Orange County; Florida","1090","156","911","181","683","180","228","102","60","52","168","103","179","79","132","72","47","51",
"1400000US12095012307","Census Tract 123.07; Orange County; Florida","2352","191","1697","274","753","276","944","264","258","185","686","231","655","243","648","242","7","16",
"1400000US12095012402","Census Tract 124.02; Orange County; Florida","2416","273","956","243","445","202","511","190","132","119","379","149","1460","400","1129","315","331","256",
"1400000US12095012403","Census Tract 124.03; Orange County; Florida","2142","300","1383","320","570","206","813","250","141","97","672","242","759","180","486","151","273","174",
"1400000US12095012404","Census Tract 124.04; Orange County; Florida","1845","386","1193","251","370","154","823","258","131","107","692","251","652","312","339","123","313","295",
"1400000US12095012405","Census Tract 124.05; Orange County; Florida","1915","408","1247","381","500","180","747","361","0","15","747","361","668","196","464","148","204","146",
"1400000US12095012500","Census Tract 125; Orange County; Florida","1089","162","453","100","364","99","89","63","25","29","64","51","636","170","455","135","181","125",
"1400000US12095012600","Census Tract 126; Orange County; Florida","2407","274","1402","230","1307","230","95","73","16","26","79","69","1005","287","550","198","455","233",
"1400000US12095012701","Census Tract 127.01; Orange County; Florida","2424","214","1234","244","938","244","296","150","143","108","153","94","1190","273","747","211","443","225",
"1400000US12095012800","Census Tract 128; Orange County; Florida","1557","203","1215","170","1100","146","115","101","58","81","57","57","342","122","324","119","18","19",
"1400000US12095012900","Census Tract 129; Orange County; Florida","2021","209","923","212","634","149","289","146","24","32","265","135","1098","224","682","201","416","141",
"1400000US12095013201","Census Tract 132.01; Orange County; Florida","1511","212","1099","229","799","212","300","147","96","77","204","128","412","160","241","110","171","101",
"1400000US12095013202","Census Tract 132.02; Orange County; Florida","2849","437","1720","259","1103","243","617","260","195","140","422","188","1129","436","841","450","288","152",
"1400000US12095013300","Census Tract 133; Orange County; Florida","2660","333","1725","361","1270","353","455","178","145","120","310","153","935","255","850","251","85","65",
"1400000US12095013402","Census Tract 134.02; Orange County; Florida","1336","415","1114","405","697","274","417","320","106","101","311","306","222","65","151","64","71","61",
"1400000US12095013403","Census Tract 134.03; Orange County; Florida","1292","222","804","161","470","160","334","124","111","67","223","122","488","182","346","164","142","89",
"1400000US12095013405","Census Tract 134.05; Orange County; Florida","963","136","532","169","216","72","316","157","76","66","240","143","431","88","262","85","169","77",
"1400000US12095013406","Census Tract 134.06; Orange County; Florida","1460","130","1062","181","533","147","529","186","163","103","366","189","398","131","211","95","187","103",
"1400000US12095013503","Census Tract 135.03; Orange County; Florida","981","119","411","140","272","103","139","87","87","74","52","49","570","137","382","104","188","113",
"1400000US12095013505","Census Tract 135.05; Orange County; Florida","2010","215","1179","225","641","165","538","229","167","97","371","219","831","168","644","153","187","101",
"1400000US12095013507","Census Tract 135.07; Orange County; Florida","3872","443","2370","330","981","292","1389","283","219","167","1170","252","1502","428","1028","413","474","223",
"1400000US12095013510","Census Tract 135.10; Orange County; Florida","1063","96","486","128","268","118","218","86","26","39","192","75","577","119","432","112","145","78",
"1400000US12095013511","Census Tract 135.11; Orange County; Florida","2331","263","1467","245","833","227","634","192","108","97","526","178","864","230","634","216","230","164",
"1400000US12095013512","Census Tract 135.12; Orange County; Florida","1940","159","1415","216","573","151","842","224","37","43","805","224","525","150","421","154","104","75",
"1400000US12095013513","Census Tract 135.13; Orange County; Florida","2034","238","1060","243","638","168","422","159","186","101","236","125","974","204","785","198","189","85",
"1400000US12095013603","Census Tract 136.03; Orange County; Florida","1999","203","1187","212","788","216","399","145","149","93","250","130","812","238","694","230","118","81",
"1400000US12095013604","Census Tract 136.04; Orange County; Florida","2957","333","1704","267","1063","218","641","217","207","160","434","180","1253","376","1090","342","163","98",
"1400000US12095013605","Census Tract 136.05; Orange County; Florida","1521","193","970","142","479","127","491","142","103","59","388","140","551","141","387","150","164","120",
"1400000US12095013606","Census Tract 136.06; Orange County; Florida","1460","191","1123","222","688","195","435","170","126","92","309","161","337","147","267","129","70","60",
"1400000US12095013607","Census Tract 136.07; Orange County; Florida","2029","208","1496","211","1186","239","310","124","147","97","163","84","533","196","390","174","143","94",
"1400000US12095013701","Census Tract 137.01; Orange County; Florida","2141","383","1023","332","440","160","583","316","177","109","406","310","1118","237","819","205","299","142",
"1400000US12095013702","Census Tract 137.02; Orange County; Florida","2233","354","1319","310","866","306","453","214","124","120","329","168","914","259","737","248","177","130",
"1400000US12095013801","Census Tract 138.01; Orange County; Florida","1016","280","679","286","583","283","96","38","31","22","65","38","337","73","239","68","98","40",
"1400000US12095013802","Census Tract 138.02; Orange County; Florida","1054","121","686","147","565","140","121","56","37","31","84","43","368","86","306","79","62","40",
"1400000US12095013803","Census Tract 138.03; Orange County; Florida","1155","145","828","156","399","82","429","150","103","94","326","130","327","113","296","114","31","26",
"1400000US12095013900","Census Tract 139; Orange County; Florida","2086","173","1200","208","785","213","415","164","134","97","281","126","886","193","694","171","192","153",
"1400000US12095014000","Census Tract 140; Orange County; Florida","2710","231","1994","220","1467","167","527","192","116","91","411","190","716","221","608","204","108","84",
"1400000US12095014100","Census Tract 141; Orange County; Florida","2553","238","1533","245","1268","232","265","142","38","37","227","137","1020","259","859","262","161","98",
"1400000US12095014201","Census Tract 142.01; Orange County; Florida","1960","400","1393","403","792","419","601","140","176","107","425","158","567","150","370","143","197","122",
"1400000US12095014202","Census Tract 142.02; Orange County; Florida","1608","166","1146","213","545","160","601","197","157","155","444","179","462","184","360","156","102","105",
"1400000US12095014301","Census Tract 143.01; Orange County; Florida","1587","183","887","145","626","127","261","122","67","60","194","108","700","168","422","161","278","141",
"1400000US12095014302","Census Tract 143.02; Orange County; Florida","1524","252","1263","234","544","184","719","208","223","116","496","192","261","143","169","95","92","115",
"1400000US12095014400","Census Tract 144; Orange County; Florida","1222","158","742","156","563","135","179","99","100","89","79","41","480","142","356","131","124","85",
"1400000US12095014502","Census Tract 145.02; Orange County; Florida","2063","264","987","248","458","187","529","192","152","113","377","156","1076","296","921","288","155","122",
"1400000US12095014503","Census Tract 145.03; Orange County; Florida","1744","509","498","150","204","108","294","138","86","82","208","126","1246","502","1218","501","28","29",
"1400000US12095014504","Census Tract 145.04; Orange County; Florida","2862","360","1538","445","911","363","627","254","166","164","461","218","1324","310","912","278","412","171",
"1400000US12095014601","Census Tract 146.01; Orange County; Florida","2527","323","1815","311","720","268","1095","299","232","164","863","282","712","272","682","271","30","49",
"1400000US12095014605","Census Tract 146.05; Orange County; Florida","1201","152","916","156","362","132","554","133","99","79","455","133","285","112","222","103","63","47",
"1400000US12095014606","Census Tract 146.06; Orange County; Florida","3296","487","2501","614","1085","335","1416","599","431","482","985","305","795","275","676","264","119","93",
"1400000US12095014607","Census Tract 146.07; Orange County; Florida","2823","352","1488","393","753","332","735","242","184","133","551","204","1335","275","1003","269","332","139",
"1400000US12095014608","Census Tract 146.08; Orange County; Florida","1719","285","1149","292","643","252","506","149","161","108","345","132","570","180","384","168","186","110",
"1400000US12095014609","Census Tract 146.09; Orange County; Florida","1933","285","1153","238","704","219","449","136","37","41","412","128","780","225","526","215","254","136",
"1400000US12095014701","Census Tract 147.01; Orange County; Florida","1922","320","1191","316","688","231","503","269","67","67","436","266","731","235","636","215","95","74",
"1400000US12095014702","Census Tract 147.02; Orange County; Florida","2467","281","1281","238","860","202","421","191","39","45","382","188","1186","319","940","315","246","162",
"1400000US12095014703","Census Tract 147.03; Orange County; Florida","916","142","619","133","324","101","295","107","65","56","230","95","297","98","255","86","42","43",
"1400000US12095014705","Census Tract 147.05; Orange County; Florida","3316","306","2044","346","1268","288","776","323","340","247","436","207","1272","324","723","317","549","189",
"1400000US12095014706","Census Tract 147.06; Orange County; Florida","2600","250","1289","281","973","264","316","152","150","101","166","120","1311","330","902","260","409","222",
"1400000US12095014804","Census Tract 148.04; Orange County; Florida","2109","243","1471","283","1198","255","273","154","81","103","192","113","638","262","593","255","45","54",
"1400000US12095014805","Census Tract 148.05; Orange County; Florida","2135","256","1342","248","768","162","574","200","115","97","459","192","793","212","638","212","155","110",
"1400000US12095014806","Census Tract 148.06; Orange County; Florida","1748","202","1314","173","961","151","353","123","94","70","259","112","434","192","403","191","31","22",
"1400000US12095014807","Census Tract 148.07; Orange County; Florida","2867","312","2139","319","1456","275","683","307","70","63","613","290","728","354","499","250","229","286",
"1400000US12095014809","Census Tract 148.09; Orange County; Florida","1261","238","926","206","861","201","65","45","24","18","41","42","335","137","299","127","36","26",
"1400000US12095014810","Census Tract 148.10; Orange County; Florida","2027","199","1716","230","1482","225","234","91","113","70","121","58","311","105","255","98","56","50",
"1400000US12095014811","Census Tract 148.11; Orange County; Florida","1933","218","1271","188","1091","179","180","113","60","73","120","78","662","239","521","231","141","92",
"1400000US12095014812","Census Tract 148.12; Orange County; Florida","2477","246","1607","246","1218","271","389","146","124","80","265","128","870","236","616","214","254","128",
"1400000US12095014813","Census Tract 148.13; Orange County; Florida","2025","229","1010","178","721","152","289","138","78","72","211","131","1015","236","828","224","187","108",
"1400000US12095014814","Census Tract 148.14; Orange County; Florida","2079","149","1685","177","1450","168","235","114","92","77","143","99","394","148","272","130","122","101",
"1400000US12095014815","Census Tract 148.15; Orange County; Florida","1705","135","1583","147","1344","167","239","103","99","68","140","74","122","68","104","65","18","20",
"1400000US12095014904","Census Tract 149.04; Orange County; Florida","2466","321","1800","376","785","219","1015","364","313","307","702","250","666","274","591","279","75","61",
"1400000US12095014906","Census Tract 149.06; Orange County; Florida","2368","167","1687","225","1428","238","259","117","22","36","237","117","681","222","396","147","285","210",
"1400000US12095014908","Census Tract 149.08; Orange County; Florida","2197","231","1579","243","865","227","714","248","91","80","623","232","618","239","517","238","101","96",
"1400000US12095014909","Census Tract 149.09; Orange County; Florida","995","124","802","132","545","114","257","89","54","43","203","89","193","66","153","58","40","40",
"1400000US12095015001","Census Tract 150.01; Orange County; Florida","446","46","393","63","229","68","164","71","86","54","78","50","53","40","38","30","15","27",
"1400000US12095015002","Census Tract 150.02; Orange County; Florida","2060","259","1588","245","1081","283","507","177","173","114","334","131","472","175","288","127","184","129",
"1400000US12095015003","Census Tract 150.03; Orange County; Florida","2063","295","1695","324","1067","267","628","367","421","333","207","147","368","146","200","130","168","119",
"1400000US12095015005","Census Tract 150.05; Orange County; Florida","1153","153","885","131","739","144","146","69","34","37","112","60","268","128","141","74","127","120",
"1400000US12095015006","Census Tract 150.06; Orange County; Florida","1575","145","1253","174","983","188","270","121","77","55","193","112","322","124","262","112","60","72",
"1400000US12095015103","Census Tract 151.03; Orange County; Florida","2700","451","1873","444","1324","357","549","286","127","85","422","256","827","320","685","291","142","108",
"1400000US12095015104","Census Tract 151.04; Orange County; Florida","1957","197","1314","241","632","189","682","256","166","115","516","251","643","199","564","196","79","72",
"1400000US12095015105","Census Tract 151.05; Orange County; Florida","1331","140","1073","169","847","167","226","99","75","68","151","83","258","108","124","75","134","88",
"1400000US12095015106","Census Tract 151.06; Orange County; Florida","2348","357","1893","366","1137","299","756","285","86","85","670","271","455","202","408","219","47","62",
"1400000US12095015202","Census Tract 152.02; Orange County; Florida","2357","301","1477","364","741","197","736","329","87","68","649","323","880","238","731","215","149","91",
"1400000US12095015203","Census Tract 152.03; Orange County; Florida","1526","144","649","159","411","125","238","107","58","69","180","90","877","192","600","159","277","113",
"1400000US12095015204","Census Tract 152.04; Orange County; Florida","2630","284","1151","205","698","171","453","172","49","40","404","172","1479","304","927","221","552","241",
"1400000US12095015300","Census Tract 153; Orange County; Florida","1584","214","808","194","604","94","204","177","46","29","158","175","776","139","627","128","149","71",
"1400000US12095015501","Census Tract 155.01; Orange County; Florida","2970","276","1594","251","1262","258","332","166","10","16","322","170","1376","284","996","265","380","152",
"1400000US12095015601","Census Tract 156.01; Orange County; Florida","1059","117","726","115","646","110","80","48","11","17","69","44","333","71","265","73","68","51",
"1400000US12095015602","Census Tract 156.02; Orange County; Florida","714","73","591","85","544","89","47","27","8","11","39","26","123","45","81","31","42","30",
"1400000US12095015701","Census Tract 157.01; Orange County; Florida","1006","101","510","111","402","96","108","63","78","59","30","29","496","86","386","85","110","58",
"1400000US12095015702","Census Tract 157.02; Orange County; Florida","605","75","417","59","341","60","76","41","36","33","40","26","188","63","149","65","39","28",
"1400000US12095015801","Census Tract 158.01; Orange County; Florida","665","81","526","75","488","67","38","44","26","41","12","11","139","53","116","48","23","24",
"1400000US12095015802","Census Tract 158.02; Orange County; Florida","1004","90","807","81","693","95","114","60","47","39","67","42","197","73","140","45","57","54",
"1400000US12095015901","Census Tract 159.01; Orange County; Florida","1345","169","344","98","223","82","121","52","23","31","98","55","1001","182","773","128","228","149",
"1400000US12095016001","Census Tract 160.01; Orange County; Florida","641","99","296","58","272","60","24","21","0","15","24","21","345","89","292","90","53","50",
"1400000US12095016002","Census Tract 160.02; Orange County; Florida","994","182","765","180","638","79","127","159","12","19","115","157","229","82","153","70","76","57",
"1400000US12095016100","Census Tract 161; Orange County; Florida","2086","199","1181","178","1069","178","112","69","45","43","67","58","905","189","689","148","216","138",
"1400000US12095016200","Census Tract 162; Orange County; Florida","2997","337","1479","233","1296","243","183","87","37","37","146","88","1518","358","1126","338","392","206",
"1400000US12095016301","Census Tract 163.01; Orange County; Florida","2540","345","1064","200","760","229","304","106","104","87","200","93","1476","298","1187","287","289","114",
"1400000US12095016302","Census Tract 163.02; Orange County; Florida","1761","173","840","207","340","102","500","190","84","58","416","189","921","177","626","172","295","134",
"1400000US12095016402","Census Tract 164.02; Orange County; Florida","1021","169","527","174","263","99","264","151","61","63","203","140","494","119","335","128","159","99",
"1400000US12095016406","Census Tract 164.06; Orange County; Florida","882","130","249","96","102","51","147","81","47","62","100","49","633","134","308","98","325","120",
"1400000US12095016407","Census Tract 164.07; Orange County; Florida","3030","361","1521","384","949","337","572","213","210","128","362","199","1509","230","819","231","690","173",
"1400000US12095016408","Census Tract 164.08; Orange County; Florida","933","102","497","99","338","76","159","84","37","50","122","72","436","102","188","83","248","100",
"1400000US12095016409","Census Tract 164.09; Orange County; Florida","1151","135","812","139","696","137","116","56","13","11","103","57","339","97","278","92","61","34",
"1400000US12095016411","Census Tract 164.11; Orange County; Florida","1424","333","887","345","455","133","432","303","107","82","325","280","537","146","369","144","168","91",
"1400000US12095016412","Census Tract 164.12; Orange County; Florida","1765","132","1382","154","983","176","399","121","104","71","295","117","383","124","288","91","95","80",
"1400000US12095016413","Census Tract 164.13; Orange County; Florida","1663","333","803","241","503","174","300","170","27","40","273","162","860","301","427","134","433","286",
"1400000US12095016414","Census Tract 164.14; Orange County; Florida","1542","170","816","202","536","142","280","155","7","12","273","155","726","197","509","161","217","130",
"1400000US12095016503","Census Tract 165.03; Orange County; Florida","2163","250","1274","272","981","185","293","234","112","139","181","159","889","247","330","178","559","194",
"1400000US12095016504","Census Tract 165.04; Orange County; Florida","1918","152","1262","190","919","197","343","118","92","68","251","101","656","153","551","151","105","58",
"1400000US12095016505","Census Tract 165.05; Orange County; Florida","1089","135","661","153","397","120","264","132","131","88","133","105","428","160","273","112","155","97",
"1400000US12095016509","Census Tract 165.09; Orange County; Florida","2302","298","1033","177","920","191","113","76","23","36","90","74","1269","290","978","278","291","147",
"1400000US12095016510","Census Tract 165.10; Orange County; Florida","1344","198","362","174","85","61","277","158","89","86","188","132","982","215","580","200","402","139",
"1400000US12095016511","Census Tract 165.11; Orange County; Florida","1410","357","573","146","242","93","331","136","288","138","43","37","837","341","579","336","258","112",
"1400000US12095016512","Census Tract 165.12; Orange County; Florida","1921","657","755","561","171","108","584","557","429","541","155","102","1166","318","660","183","506","288",
"1400000US12095016513","Census Tract 165.13; Orange County; Florida","1880","391","1205","428","494","153","711","415","133","74","578","384","675","183","473","162","202","103",
"1400000US12095016514","Census Tract 165.14; Orange County; Florida","2383","430","1765","374","1355","251","410","339","68","59","342","322","618","201","341","136","277","183",
"1400000US12095016515","Census Tract 165.15; Orange County; Florida","0","24","0","24","0","24","0","24","0","24","0","24","0","24","0","24","0","24",
"1400000US12095016603","Census Tract 166.03; Orange County; Florida","2369","361","1993","362","1667","408","326","181","155","149","171","119","376","186","221","158","155","141",
"1400000US12095016604","Census Tract 166.04; Orange County; Florida","1804","134","1456","203","1248","217","208","125","130","132","78","53","348","157","265","136","83","75",
"1400000US12095016605","Census Tract 166.05; Orange County; Florida","539","115","428","118","236","101","192","119","12","29","180","110","111","63","95","63","16","16",
"1400000US12095016606","Census Tract 166.06; Orange County; Florida","940","89","863","99","810","104","53","43","22","33","31","27","77","44","77","44","0","15",
"1400000US12095016607","Census Tract 166.07; Orange County; Florida","2295","242","1814","279","1282","223","532","257","195","154","337","224","481","160","399","157","82","66",
"1400000US12095016709","Census Tract 167.09; Orange County; Florida","2318","246","1817","324","1398","330","419","216","106","119","313","181","501","194","315","160","186","144",
"1400000US12095016710","Census Tract 167.10; Orange County; Florida","1516","180","1172","202","863","214","309","91","56","61","253","87","344","99","319","100","25","30",
"1400000US12095016713","Census Tract 167.13; Orange County; Florida","3045","275","2175","327","1410","270","765","290","203","190","562","227","870","269","504","214","366","178",
"1400000US12095016714","Census Tract 167.14; Orange County; Florida","991","129","691","139","480","130","211","97","47","49","164","82","300","97","198","86","102","73",
"1400000US12095016715","Census Tract 167.15; Orange County; Florida","2093","188","1405","192","684","207","721","193","383","155","338","161","688","199","336","184","352","147",
"1400000US12095016716","Census Tract 167.16; Orange County; Florida","1938","134","1435","168","1138","155","297","115","90","67","207","101","503","154","309","128","194","111",
"1400000US12095016717","Census Tract 167.17; Orange County; Florida","1293","132","1114","138","645","149","469","113","190","94","279","111","179","87","83","49","96","66",
"1400000US12095016723","Census Tract 167.23; Orange County; Florida","1621","129","1298","156","927","176","371","133","162","89","209","104","323","111","263","101","60","47",
"1400000US12095016724","Census Tract 167.24; Orange County; Florida","2296","316","1520","366","888","403","632","222","233","149","399","174","776","204","475","173","301","128",
"1400000US12095016728","Census Tract 167.28; Orange County; Florida","1920","161","1440","157","1221","165","219","75","66","45","153","71","480","121","421","118","59","39",
"1400000US12095016731","Census Tract 167.31; Orange County; Florida","1988","257","1259","223","960","179","299","134","115","102","184","102","729","218","389","165","340","143",
"1400000US12095016733","Census Tract 167.33; Orange County; Florida","2170","334","1578","352","1133","379","445","184","121","97","324","160","592","213","407","169","185","161",
"1400000US12095016735","Census Tract 167.35; Orange County; Florida","4347","669","3659","671","2615","705","1044","434","431","296","613","305","688","366","387","266","301","235",
"1400000US12095016736","Census Tract 167.36; Orange County; Florida","4976","498","3795","536","3268","557","527","274","247","218","280","177","1181","358","881","367","300","298",
"1400000US12095016737","Census Tract 167.37; Orange County; Florida","4057","427","3653","462","3016","408","637","331","160","210","477","280","404","243","256","201","148","128",
"1400000US12095016738","Census Tract 167.38; Orange County; Florida","1756","416","1100","436","839","439","261","116","52","60","209","98","656","161","477","157","179","124",
"1400000US12095016739","Census Tract 167.39; Orange County; Florida","2118","209","1530","219","746","207","784","219","174","122","610","193","588","216","285","153","303","153",
"1400000US12095016740","Census Tract 167.40; Orange County; Florida","1325","219","832","218","631","219","201","104","42","47","159","90","493","198","299","169","194","130",
"1400000US12095016741","Census Tract 167.41; Orange County; Florida","1699","474","443","150","172","89","271","144","78","86","193","113","1256","467","1036","478","220","134",
"1400000US12095016742","Census Tract 167.42; Orange County; Florida","2084","344","758","160","401","167","357","185","46","44","311","171","1326","396","1131","401","195","87",
"1400000US12095016743","Census Tract 167.43; Orange County; Florida","2373","411","1787","398","1208","409","579","229","135","110","444","226","586","215","548","209","38","54",
"1400000US12095016744","Census Tract 167.44; Orange County; Florida","1782","189","1191","212","722","210","469","206","177","161","292","115","591","140","282","114","309","122",
"1400000US12095016745","Census Tract 167.45; Orange County; Florida","1312","146","1043","165","836","224","207","144","42","40","165","139","269","140","184","133","85","75",
"1400000US12095016746","Census Tract 167.46; Orange County; Florida","1475","270","1291","280","1157","292","134","79","0","15","134","79","184","71","132","71","52","44",
"1400000US12095016747","Census Tract 167.47; Orange County; Florida","1893","450","1779","453","1630","458","149","83","55","65","94","64","114","64","66","44","48","45",
"1400000US12095016748","Census Tract 167.48; Orange County; Florida","2265","507","2037","524","1665","532","372","209","134","197","238","149","228","106","174","95","54","52",
"1400000US12095016749","Census Tract 167.49; Orange County; Florida","2113","237","1656","237","1230","247","426","205","136","126","290","184","457","229","393","244","64","68",
"1400000US12095016750","Census Tract 167.50; Orange County; Florida","4220","554","3327","626","2762","595","565","273","269","190","296","197","893","291","829","294","64","57",
"1400000US12095016751","Census Tract 167.51; Orange County; Florida","2173","317","1731","358","1540","369","191","139","95","107","96","91","442","169","269","147","173","106",
"1400000US12095016752","Census Tract 167.52; Orange County; Florida","1339","77","1094","87","837","120","257","100","69","74","188","74","245","89","184","82","61","45",
"1400000US12095016753","Census Tract 167.53; Orange County; Florida","2654","427","1908","278","1157","268","751","269","323","254","428","184","746","424","538","384","208","183",
"1400000US12095016754","Census Tract 167.54; Orange County; Florida","1534","448","1294","456","529","175","765","489","573","504","192","115","240","109","220","106","20","25",
"1400000US12095016755","Census Tract 167.55; Orange County; Florida","2267","278","1634","257","1316","297","318","170","20","34","298","162","633","246","448","236","185","98",
"1400000US12095016756","Census Tract 167.56; Orange County; Florida","972","227","682","205","612","210","70","43","33","28","37","28","290","113","158","87","132","93",
"1400000US12095016802","Census Tract 168.02; Orange County; Florida","7298","552","5413","565","4202","663","1211","488","571","304","640","383","1885","450","1452","410","433","252",
"1400000US12095016803","Census Tract 168.03; Orange County; Florida","835","95","557","91","388","87","169","64","105","57","64","36","278","88","221","80","57","44",
"1400000US12095016804","Census Tract 168.04; Orange County; Florida","2460","146","1963","209","1294","267","669","230","204","123","465","214","497","157","325","134","172","101",
"1400000US12095016808","Census Tract 168.08; Orange County; Florida","528","52","470","44","437","55","33","36","21","30","12","19","58","48","47","43","11","14",
"1400000US12095016809","Census Tract 168.09; Orange County; Florida","2515","402","1982","336","1037","320","945","311","11","27","934","317","533","280","265","192","268","247",
"1400000US12095016810","Census Tract 168.10; Orange County; Florida","3080","282","2478","375","2138","409","340","293","49","64","291","291","602","237","462","204","140","144",
"1400000US12095016811","Census Tract 168.11; Orange County; Florida","3734","759","3322","763","2655","816","667","277","249","230","418","186","412","193","296","181","116","103",
"1400000US12095016812","Census Tract 168.12; Orange County; Florida","2223","518","1610","416","1182","414","428","166","192","110","236","166","613","385","267","140","346","352",
"1400000US12095016813","Census Tract 168.13; Orange County; Florida","927","139","778","139","556","185","222","137","30","37","192","131","149","90","83","78","66","78",
"1400000US12095016814","Census Tract 168.14; Orange County; Florida","1621","264","1300","276","799","200","501","234","33","40","468","236","321","130","303","126","18","30",
"1400000US12095016902","Census Tract 169.02; Orange County; Florida","1847","290","1331","237","763","243","568","213","311","134","257","164","516","222","429","208","87","87",
"1400000US12095016904","Census Tract 169.04; Orange County; Florida","1197","119","751","164","409","145","342","131","123","72","219","109","446","161","292","136","154","93",
"1400000US12095016906","Census Tract 169.06; Orange County; Florida","1662","214","558","180","363","205","195","133","9","16","186","131","1104","260","870","262","234","125",
"1400000US12095016907","Census Tract 169.07; Orange County; Florida","2535","338","1364","388","585","283","779","407","327","200","452","358","1171","235","801","244","370","186",
"1400000US12095016908","Census Tract 169.08; Orange County; Florida","941","136","517","135","256","109","261","121","203","118","58","50","424","166","372","176","52","48",
"1400000US12095016909","Census Tract 169.09; Orange County; Florida","1692","215","917","266","353","170","564","263","105","105","459","276","775","223","375","187","400","193",
"1400000US12095016910","Census Tract 169.10; Orange County; Florida","392","14","317","39","99","51","218","52","104","36","114","37","75","38","65","33","10","14",
"1400000US12095016911","Census Tract 169.11; Orange County; Florida","3722","605","1736","460","512","306","1224","548","476","304","748","377","1986","658","1153","463","833","606",
"1400000US12095017001","Census Tract 170.01; Orange County; Florida","2310","332","875","181","650","169","225","99","73","66","152","83","1435","309","832","262","603","238",
"1400000US12095017004","Census Tract 170.04; Orange County; Florida","2735","242","1442","320","1106","275","336","178","108","94","228","142","1293","307","980","260","313","190",
"1400000US12095017006","Census Tract 170.06; Orange County; Florida","1347","114","1044","143","894","156","150","87","59","53","91","69","303","87","99","62","204","86",
"1400000US12095017011","Census Tract 170.11; Orange County; Florida","1588","141","1254","167","942","141","312","114","95","61","217","94","334","121","289","118","45","44",
"1400000US12095017012","Census Tract 170.12; Orange County; Florida","944","94","765","84","612","89","153","69","46","46","107","49","179","74","135","58","44","46",
"1400000US12095017013","Census Tract 170.13; Orange County; Florida","2859","643","2189","668","1509","572","680","280","272","241","408","245","670","254","554","247","116","112",
"1400000US12095017015","Census Tract 170.15; Orange County; Florida","2565","200","2181","219","1839","251","342","189","75","63","267","181","384","121","375","117","9","16",
"1400000US12095017018","Census Tract 170.18; Orange County; Florida","2284","429","1270","300","731","233","539","273","163","130","376","241","1014","405","652","357","362","176",
"1400000US12095017019","Census Tract 170.19; Orange County; Florida","1523","350","1160","366","950","370","210","109","76","64","134","87","363","135","212","115","151","121",
"1400000US12095017020","Census Tract 170.20; Orange County; Florida","2364","390","1693","338","1152","349","541","197","171","122","370","187","671","311","613","302","58","80",
"1400000US12095017021","Census Tract 170.21; Orange County; Florida","1892","272","1749","288","1156","301","593","215","44","50","549","214","143","89","125","89","18","30",
"1400000US12095017022","Census Tract 170.22; Orange County; Florida","4501","737","2113","658","1386","531","727","500","26","59","701","497","2388","643","1550","612","838","324",
"1400000US12095017023","Census Tract 170.23; Orange County; Florida","708","125","238","107","147","93","91","64","67","60","24","26","470","149","340","140","130","100",
"1400000US12095017024","Census Tract 170.24; Orange County; Florida","1141","135","456","154","335","152","121","97","55","74","66","55","685","165","301","104","384","152",
"1400000US12095017025","Census Tract 170.25; Orange County; Florida","1294","229","1089","223","912","237","177","102","48","42","129","94","205","111","190","106","15","26",
"1400000US12095017026","Census Tract 170.26; Orange County; Florida","1552","172","1152","152","942","144","210","106","63","52","147","93","400","127","359","123","41","36",
"1400000US12095017108","Census Tract 171.08; Orange County; Florida","4063","364","2874","428","2399","405","475","225","69","54","406","214","1189","447","1100","438","89","83",
"1400000US12095017109","Census Tract 171.09; Orange County; Florida","2075","160","1903","166","1728","183","175","112","26","45","149","98","172","92","165","92","7","14",
"1400000US12095017110","Census Tract 171.10; Orange County; Florida","2626","359","1783","369","1382","293","401","290","41","65","360","281","843","289","515","196","328","205",
"1400000US12095017111","Census Tract 171.11; Orange County; Florida","8099","593","5920","640","4838","666","1082","499","471","303","611","379","2179","560","1242","454","937","344",
"1400000US12095017112","Census Tract 171.12; Orange County; Florida","5673","779","4530","825","3936","762","594","361","0","24","594","361","1143","346","917","312","226","187",
"1400000US12095017113","Census Tract 171.13; Orange County; Florida","5581","466","4479","511","3894","476","585","264","203","165","382","221","1102","287","690","244","412","219",
"1400000US12095017114","Census Tract 171.14; Orange County; Florida","3391","204","2528","264","2012","302","516","198","148","122","368","161","863","219","558","164","305","168",
"1400000US12095017115","Census Tract 171.15; Orange County; Florida","1334","76","1095","132","1028","130","67","54","44","45","23","26","239","111","193","111","46","38",
"1400000US12095017116","Census Tract 171.16; Orange County; Florida","2792","298","2260","264","1857","258","403","186","169","126","234","151","532","196","430","197","102","70",
"1400000US12095017117","Census Tract 171.17; Orange County; Florida","2243","363","1974","338","1518","286","456","304","218","272","238","123","269","168","163","128","106","114",
"1400000US12095017118","Census Tract 171.18; Orange County; Florida","1709","469","1399","488","1179","483","220","68","0","21","220","68","310","117","227","110","83","65",
"1400000US12095017119","Census Tract 171.19; Orange County; Florida","759","148","575","104","495","115","80","48","0","15","80","48","184","106","141","92","43","54",
"1400000US12095017120","Census Tract 171.20; Orange County; Florida","2197","378","1699","317","1424","308","275","123","77","72","198","115","498","289","498","289","0","21",
"1400000US12095017121","Census Tract 171.21; Orange County; Florida","1760","267","987","183","816","199","171","87","53","39","118","71","773","285","699","275","74","66",
"1400000US12095017122","Census Tract 171.22; Orange County; Florida","1016","148","723","118","606","82","117","97","75","85","42","43","293","104","182","86","111","81",
"1400000US12095017123","Census Tract 171.23; Orange County; Florida","1990","269","1453","218","1196","212","257","131","18","28","239","126","537","236","267","121","270","197",
"1400000US12095017200","Census Tract 172; Orange County; Florida","2262","248","1739","234","1475","239","264","121","64","62","200","102","523","169","392","148","131","75",
"1400000US12095017301","Census Tract 173.01; Orange County; Florida","1175","188","688","178","619","178","69","48","18","22","51","54","487","157","449","166","38","40",
"1400000US12095017302","Census Tract 173.02; Orange County; Florida","2977","474","2084","466","1301","359","783","395","216","123","567","369","893","205","600","205","293","166",
"1400000US12095017401","Census Tract 174.01; Orange County; Florida","2609","406","2183","407","1789","222","394","340","51","56","343","334","426","175","367","163","59","78",
"1400000US12095017402","Census Tract 174.02; Orange County; Florida","1739","228","1317","277","699","241","618","207","254","130","364","159","422","170","273","140","149","121",
"1400000US12095017503","Census Tract 175.03; Orange County; Florida","2225","339","1573","374","700","299","873","348","113","90","760","349","652","180","392","140","260","196",
"1400000US12095017504","Census Tract 175.04; Orange County; Florida","3422","440","2520","457","1952","498","568","197","232","123","336","167","902","294","747","257","155","121",
"1400000US12095017505","Census Tract 175.05; Orange County; Florida","1620","140","1316","157","873","196","443","156","21","29","422","152","304","99","185","90","119","76",
"1400000US12095017506","Census Tract 175.06; Orange County; Florida","4508","671","2677","402","2143","379","534","249","88","148","446","201","1831","656","1305","635","526","339",
"1400000US12095017600","Census Tract 176; Orange County; Florida","1835","169","1162","218","428","157","734","160","221","129","513","169","673","181","573","172","100","68",
"1400000US12095017701","Census Tract 177.01; Orange County; Florida","1735","266","1443","262","1017","232","426","200","132","123","294","167","292","120","239","104","53","68",
"1400000US12095017702","Census Tract 177.02; Orange County; Florida","864","87","717","94","621","94","96","66","51","47","45","31","147","64","92","48","55","44",
"1400000US12095017703","Census Tract 177.03; Orange County; Florida","1567","272","1073","166","780","158","293","123","63","59","230","109","494","290","419","284","75","76",
"1400000US12095017805","Census Tract 178.05; Orange County; Florida","1099","160","889","182","665","149","224","129","46","42","178","121","210","95","200","98","10","17",
"1400000US12095017806","Census Tract 178.06; Orange County; Florida","1831","199","1478","179","1191","166","287","97","49","46","238","88","353","152","295","140","58","61",
"1400000US12095017807","Census Tract 178.07; Orange County; Florida","1430","209","993","225","696","212","297","146","144","120","153","94","437","128","333","105","104","93",
"1400000US12095017808","Census Tract 178.08; Orange County; Florida","1603","199","1108","129","875","122","233","80","83","53","150","76","495","199","294","97","201","172",
"1400000US12095017809","Census Tract 178.09; Orange County; Florida","1199","238","1026","256","633","136","393","231","198","222","195","107","173","111","114","80","59","75",
"1400000US12095017810","Census Tract 178.10; Orange County; Florida","2315","256","1599","278","1410","306","189","138","106","108","83","81","716","230","556","212","160","156",
"1400000US12095017811","Census Tract 178.11; Orange County; Florida","1219","144","1123","151","998","151","125","75","59","54","66","54","96","71","95","71","1","11",
"1400000US12095017812","Census Tract 178.12; Orange County; Florida","2896","349","2402","361","1932","424","470","236","91","90","379","226","494","252","373","197","121","174",
"1400000US12095017813","Census Tract 178.13; Orange County; Florida","702","79","527","74","480","83","47","30","0","15","47","30","175","74","158","73","17","14",
"1400000US12095017814","Census Tract 178.14; Orange County; Florida","2173","302","1912","280","1540","239","372","180","158","99","214","165","261","173","173","141","88","80",
"1400000US12095017901","Census Tract 179.01; Orange County; Florida","2262","258","1708","247","1323","184","385","221","107","79","278","210","554","174","459","160","95","64",
"1400000US12095017902","Census Tract 179.02; Orange County; Florida","3214","350","2292","368","1913","342","379","176","62","47","317","164","922","235","743","219","179","118",
"1400000US12095018000","Census Tract 180; Orange County; Florida","1804","302","650","124","400","114","250","95","44","46","206","89","1154","316","849","299","305","146",
"1400000US12095018100","Census Tract 181; Orange County; Florida","1136","116","825","135","537","165","288","125","119","89","169","79","311","107","246","96","65","63",
"1400000US12095018201","Census Tract 182.01; Orange County; Florida","2154","305","1215","288","1035","231","180","166","43","43","137","159","939","194","720","191","219","205",
"1400000US12095018202","Census Tract 182.02; Orange County; Florida","2030","217","868","163","692","150","176","125","125","122","51","46","1162","231","724","211","438","179",
"1400000US12095018203","Census Tract 182.03; Orange County; Florida","758","87","356","93","174","83","182","104","7","13","175","103","402","90","224","78","178","81",
"1400000US12095018204","Census Tract 182.04; Orange County; Florida","846","144","504","111","321","125","183","108","0","15","183","108","342","154","188","115","154","125",
"1400000US12095018300","Census Tract 183; Orange County; Florida","1190","197","476","155","152","75","324","157","72","81","252","133","714","201","572","183","142","111",
"1400000US12095018400","Census Tract 184; Orange County; Florida","1127","150","498","144","357","127","141","76","48","42","93","55","629","112","506","104","123","75",
"1400000US12095018500","Census Tract 185; Orange County; Florida","1140","222","499","199","278","184","221","79","105","89","116","79","641","212","483","207","158","92",
"1400000US12095018700","Census Tract 187; Orange County; Florida","2176","283","1347","351","677","247","670","328","91","87","579","311","829","254","753","241","76","75",
"1400000US12095018800","Census Tract 188; Orange County; Florida","3348","354","799","228","549","191","250","160","134","149","116","75","2549","358","1760","309","789","276",
"1400000US12095018901","Census Tract 189.01; Orange County; Florida","1938","336","804","218","600","193","204","150","121","126","83","82","1134","344","1037","343","97","78",
"1400000US12095018902","Census Tract 189.02; Orange County; Florida","3750","537","978","302","779","254","199","156","97","119","102","104","2772","597","2420","610","352","142",
"1400000US12095019000","Census Tract 190; Orange County; Florida","2633","264","1056","218","805","210","251","108","21","38","230","110","1577","308","1366","279","211","119",
"1400000US12095990000","Census Tract 9900; Orange County; Florida","0","15","0","15","0","15","0","15","0","15","0","15","0","15","0","15","0","15",
"1400000US12097040801","Census Tract 408.01; Osceola County; Florida","703","119","464","93","327","68","137","67","61","44","76","54","239","100","193","87","46","46",
"1400000US12097040805","Census Tract 408.05; Osceola County; Florida","818","125","465","99","358","98","107","64","63","49","44","42","353","127","260","122","93","57",
"1400000US12097040806","Census Tract 408.06; Osceola County; Florida","1683","327","991","267","721","269","270","147","175","136","95","41","692","262","491","240","201","114",
"1400000US12097040807","Census Tract 408.07; Osceola County; Florida","2205","290","1324","240","1124","225","200","105","54","53","146","106","881","301","670","278","211","170",
"1400000US12097040808","Census Tract 408.08; Osceola County; Florida","3664","413","2135","364","1762","286","373","263","259","243","114","97","1529","307","1140","301","389","206",
"1400000US12097040809","Census Tract 408.09; Osceola County; Florida","1267","156","760","136","475","130","285","94","34","34","251","91","507","146","347","147","160","104",
"1400000US12097040810","Census Tract 408.10; Osceola County; Florida","1111","216","771","212","540","201","231","136","68","63","163","127","340","119","167","82","173","96",
"1400000US12097040811","Census Tract 408.11; Osceola County; Florida","2756","537","1455","407","733","264","722","342","231","172","491","308","1301","352","940","307","361","162",
"1400000US12097040812","Census Tract 408.12; Osceola County; Florida","3288","431","2247","392","1782","364","465","232","35","43","430","226","1041","311","511","228","530","203",
"1400000US12097040901","Census Tract 409.01; Osceola County; Florida","1960","245","1609","225","1083","243","526","183","259","149","267","127","351","178","294","164","57","55",
"1400000US12097040903","Census Tract 409.03; Osceola County; Florida","1339","233","1001","192","602","174","399","205","37","49","362","195","338","217","320","215","18","29",
"1400000US12097040904","Census Tract 409.04; Osceola County; Florida","3220","327","2253","291","1461","299","792","242","76","70","716","226","967","342","789","310","178","149",
"1400000US12097041003","Census Tract 410.03; Osceola County; Florida","2623","396","2152","383","1628","387","524","233","0","21","524","233","471","301","425","296","46","54",
"1400000US12097041004","Census Tract 410.04; Osceola County; Florida","2050","247","1798","310","1186","285","612","288","293","253","319","198","252","199","181","173","71","83",
"1400000US12097041005","Census Tract 410.05; Osceola County; Florida","1464","300","850","267","728","248","122","73","25","29","97","70","614","213","560","213","54","37",
"1400000US12097041006","Census Tract 410.06; Osceola County; Florida","3272","294","2589","330","1704","272","885","278","254","196","631","205","683","271","397","164","286","214",
"1400000US12097041101","Census Tract 411.01; Osceola County; Florida","3345","545","2816","559","1355","285","1461","566","430","215","1031","559","529","206","410","181","119","116",
"1400000US12097041102","Census Tract 411.02; Osceola County; Florida","2962","434","2506","452","1571","354","935","456","383","374","552","281","456","204","372","182","84","69",
"1400000US12097041301","Census Tract 413.01; Osceola County; Florida","2711","505","2285","559","1453","382","832","477","400","406","432","273","426","192","354","171","72","94",
"1400000US12097041302","Census Tract 413.02; Osceola County; Florida","2398","371","1781","406","1488","374","293","218","44","56","249","215","617","235","489","216","128","133",
"1400000US12097041501","Census Tract 415.01; Osceola County; Florida","3146","445","2360","373","1692","403","668","322","93","103","575","321","786","339","602","303","184","191",
"1400000US12097041502","Census Tract 415.02; Osceola County; Florida","3480","459","3026","459","2524","418","502","295","49","67","453","279","454","215","435","214","19","30",
"1400000US12097041600","Census Tract 416; Osceola County; Florida","1601","223","1112","237","651","222","461","158","133","86","328","133","489","150","439","157","50","39",
"1400000US12097041700","Census Tract 417; Osceola County; Florida","1658","322","1232","298","815","278","417","140","133","119","284","146","426","171","400","164","26","33",
"1400000US12097041800","Census Tract 418; Osceola County; Florida","1105","152","839","139","510","122","329","118","127","89","202","85","266","107","194","101","72","50",
"1400000US12097041900","Census Tract 419; Osceola County; Florida","2360","296","1826","341","1185","360","641","266","176","186","465","180","534","196","427","177","107","95",
"1400000US12097042000","Census Tract 420; Osceola County; Florida","4560","421","3345","512","2257","544","1088","405","352","272","736","349","1215","398","837","357","378","259",
"1400000US12097042100","Census Tract 421; Osceola County; Florida","4266","398","3199","390","1959","400","1240","384","384","253","856","315","1067","329","751","278","316","301",
"1400000US12097042201","Census Tract 422.01; Osceola County; Florida","3171","603","1312","271","796","237","516","223","122","167","394","187","1859","577","1380","584","479","304",
"1400000US12097042202","Census Tract 422.02; Osceola County; Florida","1654","223","746","227","295","168","451","160","43","55","408","156","908","311","734","298","174","116",
"1400000US12097042300","Census Tract 423; Osceola County; Florida","3540","464","2439","460","1442","470","997","353","67","60","930","347","1101","363","844","336","257","140",
"1400000US12097042400","Census Tract 424; Osceola County; Florida","2454","278","1864","313","1055","313","809","247","297","165","512","203","590","224","502","205","88","108",
"1400000US12097042500","Census Tract 425; Osceola County; Florida","2246","176","1807","248","1151","220","656","252","258","172","398","157","439","188","217","135","222","119",
"1400000US12097042601","Census Tract 426.01; Osceola County; Florida","1037","105","693","134","460","127","233","83","36","41","197","75","344","121","260","111","84","88",
"1400000US12097042603","Census Tract 426.03; Osceola County; Florida","2847","395","2490","403","1642","369","848","323","311","203","537","285","357","152","294","144","63","69",
"1400000US12097042604","Census Tract 426.04; Osceola County; Florida","1715","258","1234","146","944","148","290","130","83","62","207","122","481","267","457","267","24","27",
"1400000US12097042701","Census Tract 427.01; Osceola County; Florida","2417","214","1813","279","917","230","896","305","220","171","676","273","604","261","577","246","27","40",
"1400000US12097042702","Census Tract 427.02; Osceola County; Florida","2316","280","1644","355","1107","321","537","222","140","155","397","165","672","223","554","209","118","88",
"1400000US12097042800","Census Tract 428; Osceola County; Florida","5238","436","4181","549","3263","445","918","445","195","220","723","404","1057","317","920","278","137","124",
"1400000US12097042901","Census Tract 429.01; Osceola County; Florida","2207","265","1596","289","993","256","603","246","85","119","518","215","611","245","593","236","18","32",
"1400000US12097042902","Census Tract 429.02; Osceola County; Florida","2364","365","1538","411","1065","380","473","264","320","251","153","109","826","280","576","227","250","127",
"1400000US12097042903","Census Tract 429.03; Osceola County; Florida","1126","185","855","226","709","233","146","108","77","86","69","56","271","163","258","163","13","22",
"1400000US12097042904","Census Tract 429.04; Osceola County; Florida","1835","378","1609","313","1125","317","484","213","96","88","388","212","226","245","226","245","0","21",
"1400000US12097042905","Census Tract 429.05; Osceola County; Florida","936","411","461","112","289","119","172","107","9","16","163","103","475","409","64","66","411","427",
"1400000US12097043100","Census Tract 431; Osceola County; Florida","2762","309","2195","293","1641","310","554","244","390","193","164","116","567","230","549","227","18","34",
"1400000US12097043203","Census Tract 432.03; Osceola County; Florida","1850","192","1121","193","650","167","471","131","174","96","297","105","729","194","570","172","159","81",
"1400000US12097043205","Census Tract 432.05; Osceola County; Florida","658","79","436","72","319","68","117","61","43","41","74","52","222","75","201","75","21","23",
"1400000US12097043207","Census Tract 432.07; Osceola County; Florida","2813","307","2602","312","1931","295","671","310","68","81","603","302","211","103","153","87","58","55",
"1400000US12097043208","Census Tract 432.08; Osceola County; Florida","3587","354","2593","405","1939","398","654","216","334","175","320","174","994","305","832","345","162","156",
"1400000US12097043209","Census Tract 432.09; Osceola County; Florida","628","198","379","85","307","61","72","76","2","3","70","76","249","178","124","41","125","177",
"1400000US12097043301","Census Tract 433.01; Osceola County; Florida","2296","236","1713","244","1420","234","293","132","120","101","173","115","583","197","475","192","108","69",
"1400000US12097043303","Census Tract 433.03; Osceola County; Florida","3026","307","2465","273","1755","313","710","225","203","128","507","185","561","210","443","197","118","99",
"1400000US12097043304","Census Tract 433.04; Osceola County; Florida","3182","327","2491","388","1802","442","689","271","206","201","483","242","691","226","641","229","50","53",
"1400000US12097043400","Census Tract 434; Osceola County; Florida","1878","214","1158","197","583","165","575","172","171","81","404","146","720","176","520","127","200","139",
"1400000US12097043500","Census Tract 435; Osceola County; Florida","2085","281","1227","299","832","281","395","172","28","45","367","164","858","254","725","273","133","110",
"1400000US12097043600","Census Tract 436; Osceola County; Florida","3764","379","2917","361","2475","366","442","185","172","107","270","151","847","250","672","230","175","138",
"1400000US12097043700","Census Tract 437; Osceola County; Florida","5804","471","4877","382","4037","490","840","341","247","145","593","324","927","314","673","226","254","216",
"1400000US12097043801","Census Tract 438.01; Osceola County; Florida","2792","252","2159","276","1780","272","379","236","232","225","147","134","633","237","402","216","231","146",
"1400000US12097043802","Census Tract 438.02; Osceola County; Florida","1551","248","1231","221","669","229","562","249","228","203","334","205","320","140","246","126","74","100",
"1400000US12099000102","Census Tract 1.02; Palm Beach County; Florida","1550","153","756","166","676","176","80","44","39","32","41","28","794","162","759","163","35","27",
"1400000US12099000103","Census Tract 1.03; Palm Beach County; Florida","742","111","584","95","501","92","83","43","19","19","64","36","158","68","105","55","53","38",
"1400000US12099000104","Census Tract 1.04; Palm Beach County; Florida","2210","265","1329","343","1050","311","279","182","42","43","237","179","881","233","664","207","217","160",
"1400000US12099000202","Census Tract 2.02; Palm Beach County; Florida","2233","332","1400","234","1184","234","216","120","90","94","126","110","833","293","666","298","167","131",
"1400000US12099000204","Census Tract 2.04; Palm Beach County; Florida","1452","183","819","153","660","137","159","79","27","32","132","73","633","162","512","137","121","79",
"1400000US12099000208","Census Tract 2.08; Palm Beach County; Florida","1936","324","1404","335","1208","345","196","90","57","56","139","73","532","114","404","101","128","67",
"1400000US12099000210","Census Tract 2.10; Palm Beach County; Florida","2307","269","1743","262","1395","267","348","192","46","53","302","184","564","217","290","120","274","177",
"1400000US12099000211","Census Tract 2.11; Palm Beach County; Florida","1429","190","1062","121","940","135","122","78","31","30","91","66","367","180","308","179","59","38",
"1400000US12099000213","Census Tract 2.13; Palm Beach County; Florida","1392","183","648","87","521","96","127","80","24","27","103","76","744","183","549","142","195","151",
"1400000US12099000214","Census Tract 2.14; Palm Beach County; Florida","2334","318","1802","258","1629","259","173","90","0","21","173","90","532","266","479","262","53","49",
"1400000US12099000216","Census Tract 2.16; Palm Beach County; Florida","1301","211","659","110","501","105","158","78","25","31","133","79","642","206","555","201","87","75",
"1400000US12099000217","Census Tract 2.17; Palm Beach County; Florida","1954","320","1117","179","896","199","221","101","42","50","179","101","837","300","734","306","103","61",
"1400000US12099000218","Census Tract 2.18; Palm Beach County; Florida","1649","297","1060","328","831","328","229","130","16","21","213","127","589","170","472","157","117","79",
"1400000US12099000219","Census Tract 2.19; Palm Beach County; Florida","3537","341","2240","338","1881","365","359","186","171","125","188","122","1297","271","1116","250","181","127",
"1400000US12099000220","Census Tract 2.20; Palm Beach County; Florida","2022","176","1160","240","854","246","306","152","54","63","252","146","862","194","617","181","245","158",
"1400000US12099000221","Census Tract 2.21; Palm Beach County; Florida","2159","229","1338","199","1059","166","279","142","25","41","254","140","821","240","708","220","113","84",
"1400000US12099000222","Census Tract 2.22; Palm Beach County; Florida","864","113","570","129","307","78","263","124","136","105","127","75","294","81","214","70","80","57",
"1400000US12099000223","Census Tract 2.23; Palm Beach County; Florida","1179","226","886","214","582","124","304","216","22","32","282","211","293","110","274","110","19","24",
"1400000US12099000301","Census Tract 3.01; Palm Beach County; Florida","1957","211","1315","159","1229","157","86","54","5","11","81","54","642","204","550","188","92","65",
"1400000US12099000303","Census Tract 3.03; Palm Beach County; Florida","2137","407","1690","415","1643","427","47","61","36","57","11","20","447","174","332","152","115","94",
"1400000US12099000304","Census Tract 3.04; Palm Beach County; Florida","2592","266","1345","220","815","177","530","217","247","154","283","163","1247","264","1073","267","174","100",
"1400000US12099000405","Census Tract 4.05; Palm Beach County; Florida","1520","275","832","196","765","190","67","44","33","32","34","30","688","226","607","219","81","65",
"1400000US12099000406","Census Tract 4.06; Palm Beach County; Florida","1269","181","630","109","561","117","69","57","0","15","69","57","639","156","628","154","11","17",
"1400000US12099000407","Census Tract 4.07; Palm Beach County; Florida","1155","261","499","104","415","103","84","60","6","9","78","59","656","231","567","227","89","61",
"1400000US12099000408","Census Tract 4.08; Palm Beach County; Florida","2002","314","1122","257","925","255","197","40","23","27","174","30","880","230","812","234","68","51",
"1400000US12099000410","Census Tract 4.10; Palm Beach County; Florida","2116","267","1038","184","824","183","214","103","120","91","94","55","1078","292","991","303","87","52",
"1400000US12099000505","Census Tract 5.05; Palm Beach County; Florida","1775","269","881","194","860","196","21","25","14","23","7","12","894","260","855","257","39","39",
"1400000US12099000507","Census Tract 5.07; Palm Beach County; Florida","430","70","339","61","333","60","6","9","0","15","6","9","91","40","87","39","4","6",
"1400000US12099000509","Census Tract 5.09; Palm Beach County; Florida","1154","174","627","142","618","142","9","14","0","15","9","14","527","147","466","137","61","38",
"1400000US12099000512","Census Tract 5.12; Palm Beach County; Florida","663","226","349","77","320","78","29","30","0","15","29","30","314","209","278","207","36","40",
"1400000US12099000513","Census Tract 5.13; Palm Beach County; Florida","728","122","342","83","259","72","83","53","3","5","80","53","386","112","333","98","53","38",
"1400000US12099000600","Census Tract 6; Palm Beach County; Florida","1002","185","498","211","292","74","206","200","13","20","193","189","504","124","428","124","76","44",
"1400000US12099000702","Census Tract 7.02; Palm Beach County; Florida","1407","213","805","197","586","139","219","196","11","20","208","196","602","168","435","146","167","95",
"1400000US12099000703","Census Tract 7.03; Palm Beach County; Florida","1509","174","1051","155","870","162","181","98","64","69","117","73","458","121","326","102","132","82",
"1400000US12099000803","Census Tract 8.03; Palm Beach County; Florida","1794","245","829","159","636","161","193","119","54","59","139","98","965","224","837","253","128","115",
"1400000US12099000805","Census Tract 8.05; Palm Beach County; Florida","2569","309","1235","215","716","167","519","179","57","59","462","181","1334","296","939","260","395","135",
"1400000US12099000902","Census Tract 9.02; Palm Beach County; Florida","1065","165","824","183","621","115","203","159","7","11","196","158","241","79","185","77","56","50",
"1400000US12099000903","Census Tract 9.03; Palm Beach County; Florida","1858","276","1266","251","725","225","541","163","196","116","345","116","592","167","508","163","84","66",
"1400000US12099000904","Census Tract 9.04; Palm Beach County; Florida","2030","254","1080","188","929","222","151","114","29","36","122","114","950","281","765","298","185","132",
"1400000US12099000905","Census Tract 9.05; Palm Beach County; Florida","1474","134","1074","127","880","130","194","82","27","31","167","75","400","104","296","81","104","59",
"1400000US12099001002","Census Tract 10.02; Palm Beach County; Florida","2135","271","1409","278","741","197","668","278","122","120","546","261","726","305","417","228","309","209",
"1400000US12099001003","Census Tract 10.03; Palm Beach County; Florida","1778","168","1109","163","883","149","226","104","73","74","153","72","669","179","405","137","264","156",
"1400000US12099001004","Census Tract 10.04; Palm Beach County; Florida","2427","269","1575","285","1045","230","530","238","198","154","332","244","852","203","540","152","312","179",
"1400000US12099001101","Census Tract 11.01; Palm Beach County; Florida","2133","410","1509","269","817","284","692","251","234","156","458","249","624","306","556","289","68","68",
"1400000US12099001102","Census Tract 11.02; Palm Beach County; Florida","1708","217","488","126","343","102","145","85","52","50","93","74","1220","221","1153","213","67","45",
"1400000US12099001200","Census Tract 12; Palm Beach County; Florida","1851","266","1078","179","614","188","464","148","21","23","443","144","773","236","723","235","50","54",
"1400000US12099001301","Census Tract 13.01; Palm Beach County; Florida","2391","273","1645","273","754","213","891","224","259","170","632","171","746","208","553","168","193","116",
"1400000US12099001302","Census Tract 13.02; Palm Beach County; Florida","1789","256","1109","211","493","227","616","191","146","118","470","167","680","220","617","213","63","66",
"1400000US12099001402","Census Tract 14.02; Palm Beach County; Florida","897","100","625","73","197","55","428","74","74","50","354","62","272","105","238","103","34","24",
"1400000US12099001403","Census Tract 14.03; Palm Beach County; Florida","1212","203","574","153","126","73","448","122","83","65","365","119","638","250","565","242","73","78",
"1400000US12099001404","Census Tract 14.04; Palm Beach County; Florida","1227","171","970","151","416","163","554","168","162","139","392","149","257","136","257","136","0","15",
"1400000US12099001500","Census Tract 15; Palm Beach County; Florida","831","175","596","141","285","108","311","118","34","45","277","119","235","126","142","77","93","112",
"1400000US12099001600","Census Tract 16; Palm Beach County; Florida","1937","275","1080","184","354","142","726","133","191","121","535","171","857","284","743","278","114","87",
"1400000US12099001700","Census Tract 17; Palm Beach County; Florida","2002","319","1055","305","701","271","354","178","207","133","147","126","947","251","751","214","196","116",
"1400000US12099001801","Census Tract 18.01; Palm Beach County; Florida","1827","278","1229","316","437","115","792","300","282","229","510","200","598","190","412","134","186","148",
"1400000US12099001802","Census Tract 18.02; Palm Beach County; Florida","2219","358","982","374","526","311","456","223","112","107","344","214","1237","363","997","359","240","191",
"1400000US12099001904","Census Tract 19.04; Palm Beach County; Florida","1700","172","870","168","596","145","274","112","100","62","174","89","830","204","605","148","225","145",
"1400000US12099001907","Census Tract 19.07; Palm Beach County; Florida","2136","352","1173","284","694","163","479","286","50","66","429","291","963","249","710","244","253","111",
"1400000US12099001909","Census Tract 19.09; Palm Beach County; Florida","1167","144","812","155","386","139","426","127","133","94","293","138","355","117","231","106","124","85",
"1400000US12099001910","Census Tract 19.10; Palm Beach County; Florida","1400","187","399","134","292","123","107","67","12","20","95","65","1001","177","988","178","13","20",
"1400000US12099001911","Census Tract 19.11; Palm Beach County; Florida","799","130","187","98","187","98","0","15","0","15","0","15","612","91","567","105","45","53",
"1400000US12099001912","Census Tract 19.12; Palm Beach County; Florida","1500","214","347","128","222","94","125","89","51","83","74","46","1153","209","1110","213","43","49",
"1400000US12099001913","Census Tract 19.13; Palm Beach County; Florida","1873","376","666","291","556","286","110","96","29","30","81","92","1207","237","1138","238","69","45",
"1400000US12099001916","Census Tract 19.16; Palm Beach County; Florida","1988","213","798","162","510","181","288","156","14","24","274","154","1190","239","922","242","268","191",
"1400000US12099001917","Census Tract 19.17; Palm Beach County; Florida","2013","255","1038","232","537","184","501","172","75","63","426","161","975","200","845","198","130","82",
"1400000US12099001918","Census Tract 19.18; Palm Beach County; Florida","1657","238","834","232","659","203","175","100","0","15","175","100","823","223","696","210","127","73",
"1400000US12099001919","Census Tract 19.19; Palm Beach County; Florida","2310","347","1337","356","568","271","769","268","229","215","540","219","973","362","685","326","288","170",
"1400000US12099001920","Census Tract 19.20; Palm Beach County; Florida","1865","376","882","221","430","147","452","222","137","136","315","144","983","373","647","400","336","149",
"1400000US12099001921","Census Tract 19.21; Palm Beach County; Florida","1493","156","803","144","537","157","266","124","73","41","193","119","690","155","602","139","88","57",
"1400000US12099002005","Census Tract 20.05; Palm Beach County; Florida","1904","272","1042","151","621","191","421","155","129","81","292","141","862","277","793","263","69","62",
"1400000US12099002006","Census Tract 20.06; Palm Beach County; Florida","2578","332","1094","349","455","214","639","293","407","260","232","162","1484","324","1146","278","338","240",
"1400000US12099002100","Census Tract 21; Palm Beach County; Florida","1874","265","935","207","370","138","565","222","169","101","396","222","939","238","719","195","220","141",
"1400000US12099002200","Census Tract 22; Palm Beach County; Florida","1103","148","688","161","151","90","537","140","110","80","427","116","415","116","351","101","64","75",
"1400000US12099002300","Census Tract 23; Palm Beach County; Florida","1948","284","762","231","411","154","351","203","66","72","285","203","1186","246","1042","240","144","78",
"1400000US12099002400","Census Tract 24; Palm Beach County; Florida","893","179","543","127","174","67","369","136","143","111","226","85","350","141","186","84","164","134",
"1400000US12099002600","Census Tract 26; Palm Beach County; Florida","1717","220","713","195","577","195","136","81","77","40","59","67","1004","209","791","216","213","102",
"1400000US12099002701","Census Tract 27.01; Palm Beach County; Florida","1043","129","216","83","216","83","0","15","0","15","0","15","827","156","772","148","55","40",
"1400000US12099002702","Census Tract 27.02; Palm Beach County; Florida","947","139","438","142","361","109","77","90","55","87","22","24","509","118","437","117","72","68",
"1400000US12099002703","Census Tract 27.03; Palm Beach County; Florida","1915","449","651","184","619","175","32","45","0","15","32","45","1264","470","1145","452","119","86",
"1400000US12099002800","Census Tract 28; Palm Beach County; Florida","1073","164","644","140","364","101","280","124","178","119","102","60","429","122","314","127","115","64",
"1400000US12099002900","Census Tract 29; Palm Beach County; Florida","1684","187","1246","216","457","189","789","183","303","122","486","163","438","133","328","116","110","91",
"1400000US12099003000","Census Tract 30; Palm Beach County; Florida","1538","174","1083","200","609","154","474","201","171","143","303","122","455","138","300","122","155","98",
"1400000US12099003101","Census Tract 31.01; Palm Beach County; Florida","2390","455","1921","468","1387","467","534","220","238","177","296","111","469","196","303","146","166","146",
"1400000US12099003102","Census Tract 31.02; Palm Beach County; Florida","2622","274","1439","323","854","274","585","277","176","136","409","238","1183","294","1046","279","137","99",
"1400000US12099003201","Census Tract 32.01; Palm Beach County; Florida","1510","157","1097","193","754","190","343","120","84","52","259","107","413","171","265","140","148","108",
"1400000US12099003202","Census Tract 32.02; Palm Beach County; Florida","2359","511","1973","517","1153","247","820","493","523","490","297","109","386","95","319","83","67","41",
"1400000US12099003300","Census Tract 33; Palm Beach County; Florida","1646","447","1143","454","698","220","445","399","316","389","129","74","503","159","435","151","68","50",
"1400000US12099003400","Census Tract 34; Palm Beach County; Florida","2231","397","1025","338","765","228","260","256","212","249","48","49","1206","294","1104","290","102","82",
"1400000US12099003507","Census Tract 35.07; Palm Beach County; Florida","1247","241","643","165","581","150","62","70","42","67","20","23","604","200","566","198","38","45",
"1400000US12099003512","Census Tract 35.12; Palm Beach County; Florida","749","168","349","93","284","73","65","57","3","13","62","56","400","130","349","124","51","39",
"1400000US12099003513","Census Tract 35.13; Palm Beach County; Florida","852","225","376","126","363","124","13","18","13","18","0","15","476","196","443","190","33","35",
"1400000US12099003514","Census Tract 35.14; Palm Beach County; Florida","1722","388","866","342","829","345","37","34","0","15","37","34","856","294","792","295","64","49",
"1400000US12099003600","Census Tract 36; Palm Beach County; Florida","2274","296","1705","273","1190","281","515","209","199","152","316","208","569","238","500","231","69","62",
"1400000US12099003700","Census Tract 37; Palm Beach County; Florida","2312","562","1291","300","707","225","584","264","231","166","353","213","1021","531","901","519","120","102",
"1400000US12099003801","Census Tract 38.01; Palm Beach County; Florida","999","182","745","202","532","207","213","91","61","47","152","73","254","82","216","81","38","26",
"1400000US12099003802","Census Tract 38.02; Palm Beach County; Florida","1440","266","992","156","650","192","342","147","49","69","293","133","448","254","224","90","224","244",
"1400000US12099003901","Census Tract 39.01; Palm Beach County; Florida","1611","337","1056","145","498","142","558","149","220","96","338","136","555","318","431","296","124","115",
"1400000US12099003902","Census Tract 39.02; Palm Beach County; Florida","1928","251","1449","247","817","267","632","198","221","141","411","176","479","158","417","170","62","86",
"1400000US12099004005","Census Tract 40.05; Palm Beach County; Florida","1327","156","1116","178","610","163","506","164","184","134","322","116","211","93","102","64","109","64",
"1400000US12099004007","Census Tract 40.07; Palm Beach County; Florida","1887","196","1413","176","993","206","420","159","61","54","359","158","474","172","338","194","136","82",
"1400000US12099004008","Census Tract 40.08; Palm Beach County; Florida","2184","307","1827","336","835","237","992","308","252","146","740","311","357","141","285","140","72","70",
"1400000US12099004009","Census Tract 40.09; Palm Beach County; Florida","1093","148","810","120","440","136","370","102","124","87","246","80","283","143","264","137","19","31",
"1400000US12099004010","Census Tract 40.10; Palm Beach County; Florida","1105","146","812","163","417","163","395","141","154","98","241","98","293","100","204","106","89","64",
"1400000US12099004011","Census Tract 40.11; Palm Beach County; Florida","1959","297","1390","203","813","200","577","173","106","64","471","170","569","295","470","275","99","73",
"1400000US12099004012","Census Tract 40.12; Palm Beach County; Florida","2446","359","1386","354","707","321","679","242","150","124","529","216","1060","258","896","234","164","110",
"1400000US12099004013","Census Tract 40.13; Palm Beach County; Florida","2140","374","976","300","620","281","356","126","64","60","292","120","1164","320","1057","298","107","96",
"1400000US12099004101","Census Tract 41.01; Palm Beach County; Florida","1729","147","1231","174","739","149","492","144","112","82","380","113","498","192","363","151","135","119",
"1400000US12099004102","Census Tract 41.02; Palm Beach County; Florida","1031","141","813","145","486","145","327","116","130","100","197","89","218","96","158","85","60","50",
"1400000US12099004203","Census Tract 42.03; Palm Beach County; Florida","1707","304","802","111","708","103","94","76","55","57","39","53","905","316","831","313","74","60",
"1400000US12099004204","Census Tract 42.04; Palm Beach County; Florida","1195","187","732","170","435","142","297","134","60","60","237","118","463","154","396","134","67","52",
"1400000US12099004205","Census Tract 42.05; Palm Beach County; Florida","1567","289","1285","315","645","148","640","308","143","98","497","301","282","111","174","101","108","78",
"1400000US12099004206","Census Tract 42.06; Palm Beach County; Florida","1183","337","729","335","449","199","280","280","14","24","266","288","454","114","243","108","211","85",
"1400000US12099004207","Census Tract 42.07; Palm Beach County; Florida","996","178","653","157","396","113","257","156","151","154","106","68","343","126","309","130","34","36",
"1400000US12099004300","Census Tract 43; Palm Beach County; Florida","2165","295","1638","253","1406","244","232","139","0","21","232","139","527","229","383","196","144","119",
"1400000US12099004401","Census Tract 44.01; Palm Beach County; Florida","1512","194","1117","188","691","201","426","139","93","56","333","154","395","148","248","136","147","82",
"1400000US12099004402","Census Tract 44.02; Palm Beach County; Florida","1724","281","1104","176","394","149","710","211","236","110","474","182","620","232","533","233","87","61",
"1400000US12099004500","Census Tract 45; Palm Beach County; Florida","2426","209","1764","249","729","247","1035","245","388","161","647","248","662","167","507","137","155","91",
"1400000US12099004601","Census Tract 46.01; Palm Beach County; Florida","1240","171","1089","171","651","126","438","195","268","152","170","134","151","79","104","68","47","55",
"1400000US12099004602","Census Tract 46.02; Palm Beach County; Florida","1497","185","1024","192","542","136","482","168","124","85","358","163","473","151","228","123","245","101",
"1400000US12099004702","Census Tract 47.02; Palm Beach County; Florida","1966","214","1659","230","1049","252","610","246","155","113","455","204","307","120","216","104","91","66",
"1400000US12099004704","Census Tract 47.04; Palm Beach County; Florida","1930","188","1463","225","779","237","684","216","199","118","485","181","467","157","325","125","142","117",
"1400000US12099004705","Census Tract 47.05; Palm Beach County; Florida","1907","287","1333","212","1006","216","327","133","140","99","187","92","574","246","470","233","104","87",
"1400000US12099004706","Census Tract 47.06; Palm Beach County; Florida","1171","239","730","167","420","164","310","128","143","82","167","103","441","217","387","208","54","46",
"1400000US12099004810","Census Tract 48.10; Palm Beach County; Florida","2264","438","1346","287","1169","279","177","116","43","40","134","106","918","337","632","227","286","253",
"1400000US12099004813","Census Tract 48.13; Palm Beach County; Florida","1807","152","1631","160","1236","219","395","168","141","95","254","146","176","91","143","81","33","42",
"1400000US12099004815","Census Tract 48.15; Palm Beach County; Florida","2811","427","1812","270","1031","241","781","249","278","166","503","226","999","430","795","423","204","182",
"1400000US12099004816","Census Tract 48.16; Palm Beach County; Florida","1718","206","1006","203","670","105","336","214","50","57","286","207","712","121","653","129","59","48",
"1400000US12099004817","Census Tract 48.17; Palm Beach County; Florida","2137","242","922","165","571","160","351","91","195","98","156","65","1215","260","1072","261","143","61",
"1400000US12099004818","Census Tract 48.18; Palm Beach County; Florida","1531","345","871","375","641","359","230","105","57","58","173","98","660","171","591","164","69","69",
"1400000US12099004819","Census Tract 48.19; Palm Beach County; Florida","1392","126","1177","144","537","146","640","160","144","96","496","152","215","84","190","78","25","40",
"1400000US12099004820","Census Tract 48.20; Palm Beach County; Florida","948","177","821","196","509","180","312","95","85","49","227","81","127","78","86","65","41","44",
"1400000US12099004821","Census Tract 48.21; Palm Beach County; Florida","1075","131","1018","139","650","150","368","111","112","69","256","94","57","39","24","23","33","40",
"1400000US12099004822","Census Tract 48.22; Palm Beach County; Florida","1863","339","1041","198","715","184","326","120","76","69","250","97","822","329","742","324","80","63",
"1400000US12099004823","Census Tract 48.23; Palm Beach County; Florida","886","99","786","96","567","108","219","70","126","52","93","55","100","46","75","39","25","20",
"1400000US12099004902","Census Tract 49.02; Palm Beach County; Florida","899","114","547","81","477","74","70","33","13","12","57","30","352","96","275","76","77","50",
"1400000US12099004903","Census Tract 49.03; Palm Beach County; Florida","1510","220","1283","248","544","131","739","237","200","103","539","236","227","87","95","70","132","68",
"1400000US12099004904","Census Tract 49.04; Palm Beach County; Florida","1837","201","1628","232","910","203","718","205","304","134","414","147","209","90","69","52","140","74",
"1400000US12099005000","Census Tract 50; Palm Beach County; Florida","2102","357","1130","246","863","256","267","102","129","99","138","71","972","298","515","155","457","267",
"1400000US12099005101","Census Tract 51.01; Palm Beach County; Florida","778","97","459","102","52","38","407","98","245","80","162","78","319","105","172","76","147","72",
"1400000US12099005102","Census Tract 51.02; Palm Beach County; Florida","1697","204","1315","202","705","160","610","185","302","207","308","112","382","126","227","104","155","87",
"1400000US12099005202","Census Tract 52.02; Palm Beach County; Florida","1944","227","1093","197","576","160","517","190","178","136","339","164","851","168","620","161","231","125",
"1400000US12099005203","Census Tract 52.03; Palm Beach County; Florida","1116","162","325","100","124","69","201","89","107","77","94","54","791","163","635","174","156","85",
"1400000US12099005204","Census Tract 52.04; Palm Beach County; Florida","1770","317","926","220","666","216","260","112","79","78","181","97","844","287","679","273","165","93",
"1400000US12099005300","Census Tract 53; Palm Beach County; Florida","2690","390","1082","231","580","158","502","213","189","117","313","195","1608","387","1449","377","159","121",
"1400000US12099005411","Census Tract 54.11; Palm Beach County; Florida","1458","153","819","103","746","95","73","34","43","28","30","21","639","120","577","116","62","34",
"1400000US12099005412","Census Tract 54.12; Palm Beach County; Florida","1601","255","656","109","611","106","45","31","33","29","12","11","945","255","786","171","159","141",
"1400000US12099005413","Census Tract 54.13; Palm Beach County; Florida","909","181","615","164","597","166","18","20","8","12","10","16","294","88","264","86","30","38",
"1400000US12099005501","Census Tract 55.01; Palm Beach County; Florida","2186","268","953","237","622","231","331","110","171","72","160","80","1233","279","839","228","394","206",
"1400000US12099005502","Census Tract 55.02; Palm Beach County; Florida","2256","313","1388","257","850","292","538","178","287","146","251","135","868","298","728","285","140","83",
"1400000US12099005601","Census Tract 56.01; Palm Beach County; Florida","1758","246","1250","254","523","176","727","238","145","80","582","229","508","148","339","105","169","113",
"1400000US12099005602","Census Tract 56.02; Palm Beach County; Florida","899","300","465","162","345","125","120","98","44","53","76","77","434","175","346","147","88","62",
"1400000US12099005702","Census Tract 57.02; Palm Beach County; Florida","2383","354","1443","284","663","251","780","230","288","176","492","180","940","310","736","286","204","147",
"1400000US12099005703","Census Tract 57.03; Palm Beach County; Florida","841","173","655","194","367","103","288","214","173","215","115","62","186","85","144","71","42","39",
"1400000US12099005704","Census Tract 57.04; Palm Beach County; Florida","881","151","326","110","276","110","50","37","0","15","50","37","555","152","501","152","54","53",
"1400000US12099005807","Census Tract 58.07; Palm Beach County; Florida","1949","206","1064","191","626","173","438","170","215","102","223","117","885","241","738","231","147","96",
"1400000US12099005810","Census Tract 58.10; Palm Beach County; Florida","1095","227","375","115","325","109","50","34","11","18","39","28","720","245","629","234","91","60",
"1400000US12099005811","Census Tract 58.11; Palm Beach County; Florida","1451","214","1066","217","735","152","331","202","43","44","288","199","385","119","319","110","66","44",
"1400000US12099005812","Census Tract 58.12; Palm Beach County; Florida","1917","384","963","180","566","131","397","147","101","86","296","128","954","408","717","403","237","96",
"1400000US12099005813","Census Tract 58.13; Palm Beach County; Florida","2543","304","1625","287","927","232","698","231","195","172","503","219","918","357","577","219","341","277",
"1400000US12099005814","Census Tract 58.14; Palm Beach County; Florida","1415","317","1091","322","569","251","522","251","214","117","308","224","324","130","229","122","95","62",
"1400000US12099005815","Census Tract 58.15; Palm Beach County; Florida","1908","249","1348","256","749","206","599","184","111","110","488","160","560","142","430","123","130","99",
"1400000US12099005818","Census Tract 58.18; Palm Beach County; Florida","2010","298","910","272","404","208","506","250","190","169","316","225","1100","310","970","311","130","88",
"1400000US12099005819","Census Tract 58.19; Palm Beach County; Florida","1193","147","1017","154","731","175","286","139","118","104","168","84","176","86","88","59","88","61",
"1400000US12099005820","Census Tract 58.20; Palm Beach County; Florida","2323","314","1850","342","1435","331","415","201","133","115","282","175","473","218","305","186","168","129",
"1400000US12099005821","Census Tract 58.21; Palm Beach County; Florida","2414","267","1423","299","791","248","632","224","163","143","469","175","991","300","868","282","123","94",
"1400000US12099005916","Census Tract 59.16; Palm Beach County; Florida","2571","441","1965","421","1498","436","467","167","91","97","376","138","606","249","538","247","68","57",
"1400000US12099005917","Census Tract 59.17; Palm Beach County; Florida","1588","181","1327","201","1202","196","125","88","65","72","60","48","261","89","189","70","72","55",
"1400000US12099005918","Census Tract 59.18; Palm Beach County; Florida","2037","304","1574","192","1171","226","403","139","102","86","301","108","463","290","407","275","56","47",
"1400000US12099005921","Census Tract 59.21; Palm Beach County; Florida","2979","503","2272","466","1649","216","623","474","428","466","195","97","707","258","596","247","111","98",
"1400000US12099005922","Census Tract 59.22; Palm Beach County; Florida","2472","188","1574","266","1052","296","522","205","98","82","424","226","898","265","756","241","142","116",
"1400000US12099005923","Census Tract 59.23; Palm Beach County; Florida","1903","299","1123","184","973","152","150","91","0","15","150","91","780","259","673","251","107","72",
"1400000US12099005926","Census Tract 59.26; Palm Beach County; Florida","2546","355","1447","298","1133","251","314","220","31","52","283","214","1099","280","852","264","247","81",
"1400000US12099005930","Census Tract 59.30; Palm Beach County; Florida","2166","376","1150","288","840","178","310","230","58","44","252","219","1016","303","881","301","135","110",
"1400000US12099005931","Census Tract 59.31; Palm Beach County; Florida","1894","255","579","145","472","139","107","60","34","21","73","55","1315","259","1102","261","213","89",
"1400000US12099005933","Census Tract 59.33; Palm Beach County; Florida","1827","209","667","168","528","164","139","101","28","32","111","94","1160","234","1052","235","108","83",
"1400000US12099005934","Census Tract 59.34; Palm Beach County; Florida","2390","213","1428","221","1339","211","89","90","0","21","89","90","962","240","814","213","148","103",
"1400000US12099005936","Census Tract 59.36; Palm Beach County; Florida","1469","184","594","142","548","140","46","32","18","22","28","24","875","184","739","163","136","83",
"1400000US12099005937","Census Tract 59.37; Palm Beach County; Florida","701","89","452","78","411","78","41","33","5","8","36","32","249","77","176","63","73","55",
"1400000US12099005938","Census Tract 59.38; Palm Beach County; Florida","2255","295","1073","226","863","209","210","140","18","28","192","136","1182","311","961","204","221","232",
"1400000US12099005939","Census Tract 59.39; Palm Beach County; Florida","930","131","300","85","213","75","87","65","22","19","65","63","630","130","609","129","21","16",
"1400000US12099005940","Census Tract 59.40; Palm Beach County; Florida","1457","199","251","103","209","96","42","36","22","28","20","22","1206","216","1154","225","52","50",
"1400000US12099005942","Census Tract 59.42; Palm Beach County; Florida","1050","127","738","133","637","114","101","93","7","15","94","93","312","100","192","69","120","70",
"1400000US12099005943","Census Tract 59.43; Palm Beach County; Florida","1468","193","373","104","331","103","42","33","11","17","31","29","1095","200","1013","208","82","50",
"1400000US12099005944","Census Tract 59.44; Palm Beach County; Florida","1613","384","597","223","499","220","98","47","10","17","88","43","1016","305","977","305","39","30",
"1400000US12099005945","Census Tract 59.45; Palm Beach County; Florida","2185","237","1336","218","1282","203","54","53","29","35","25","41","849","212","733","197","116","75",
"1400000US12099005946","Census Tract 59.46; Palm Beach County; Florida","2910","498","2534","519","2263","508","271","129","95","90","176","89","376","175","311","165","65","59",
"1400000US12099005947","Census Tract 59.47; Palm Beach County; Florida","2520","467","1399","364","1344","364","55","50","18","29","37","41","1121","355","1014","361","107","67",
"1400000US12099005949","Census Tract 59.49; Palm Beach County; Florida","1427","183","937","161","824","155","113","65","29","35","84","55","490","106","384","100","106","49",
"1400000US12099005950","Census Tract 59.50; Palm Beach County; Florida","1608","130","1166","170","979","163","187","75","45","34","142","70","442","129","292","108","150","77",
"1400000US12099005951","Census Tract 59.51; Palm Beach County; Florida","1896","426","1005","189","595","177","410","141","30","41","380","131","891","409","557","162","334","378",
"1400000US12099005952","Census Tract 59.52; Palm Beach County; Florida","652","68","323","53","297","49","26","22","0","15","26","22","329","73","319","71","10","12",
"1400000US12099005953","Census Tract 59.53; Palm Beach County; Florida","2179","175","1392","179","1138","225","254","145","39","48","215","146","787","157","737","157","50","42",
"1400000US12099005954","Census Tract 59.54; Palm Beach County; Florida","2110","229","1256","233","1079","246","177","94","30","36","147","91","854","215","703","215","151","114",
"1400000US12099005955","Census Tract 59.55; Palm Beach County; Florida","2568","243","1683","233","1477","238","206","127","15","25","191","124","885","206","694","212","191","131",
"1400000US12099005957","Census Tract 59.57; Palm Beach County; Florida","1739","271","895","198","756","168","139","102","41","48","98","85","844","276","705","261","139","90",
"1400000US12099005958","Census Tract 59.58; Palm Beach County; Florida","638","96","430","104","346","79","84","70","4","9","80","70","208","81","128","58","80","64",
"1400000US12099005959","Census Tract 59.59; Palm Beach County; Florida","2004","305","1004","187","804","201","200","112","42","36","158","109","1000","256","905","253","95","81",
"1400000US12099005960","Census Tract 59.60; Palm Beach County; Florida","1844","112","1591","165","1339","208","252","125","116","95","136","85","253","120","242","119","11","21",
"1400000US12099005961","Census Tract 59.61; Palm Beach County; Florida","878","269","773","270","645","275","128","56","80","52","48","40","105","58","81","59","24","28",
"1400000US12099006005","Census Tract 60.05; Palm Beach County; Florida","1702","250","1087","230","802","196","285","108","59","46","226","100","615","174","543","163","72","53",
"1400000US12099006006","Census Tract 60.06; Palm Beach County; Florida","1829","458","838","97","731","96","107","69","9","15","98","69","991","475","904","474","87","47",
"1400000US12099006007","Census Tract 60.07; Palm Beach County; Florida","1542","222","1037","217","654","182","383","130","0","15","383","130","505","173","455","158","50","38",
"1400000US12099006008","Census Tract 60.08; Palm Beach County; Florida","1371","253","814","157","789","162","25","32","0","15","25","32","557","251","534","249","23","19",
"1400000US12099006009","Census Tract 60.09; Palm Beach County; Florida","1279","138","538","110","453","115","85","45","22","24","63","38","741","144","696","145","45","65",
"1400000US12099006010","Census Tract 60.10; Palm Beach County; Florida","1222","186","693","168","517","166","176","95","73","67","103","84","529","134","418","126","111","70",
"1400000US12099006011","Census Tract 60.11; Palm Beach County; Florida","1410","180","807","165","458","136","349","150","72","78","277","129","603","143","459","133","144","78",
"1400000US12099006012","Census Tract 60.12; Palm Beach County; Florida","2439","383","1425","299","965","274","460","268","149","156","311","224","1014","280","683","251","331","145",
"1400000US12099006100","Census Tract 61; Palm Beach County; Florida","1794","487","1094","238","605","210","489","164","70","77","419","141","700","468","557","450","143","77",
"1400000US12099006201","Census Tract 62.01; Palm Beach County; Florida","1494","244","1037","210","738","213","299","123","66","53","233","111","457","132","431","133","26","24",
"1400000US12099006202","Census Tract 62.02; Palm Beach County; Florida","1485","240","522","157","453","152","69","44","18","21","51","40","963","256","720","246","243","108",
"1400000US12099006203","Census Tract 62.03; Palm Beach County; Florida","970","159","278","82","171","59","107","61","38","40","69","47","692","151","607","125","85","74",
"1400000US12099006301","Census Tract 63.01; Palm Beach County; Florida","1763","303","880","227","625","193","255","154","171","147","84","73","883","221","819","214","64","61",
"1400000US12099006302","Census Tract 63.02; Palm Beach County; Florida","1117","193","685","144","518","136","167","95","76","76","91","65","432","177","329","171","103","72",
"1400000US12099006401","Census Tract 64.01; Palm Beach County; Florida","927","145","317","91","294","87","23","22","8","14","15","19","610","140","455","136","155","69",
"1400000US12099006402","Census Tract 64.02; Palm Beach County; Florida","1932","290","949","195","895","193","54","40","33","32","21","23","983","280","812","278","171","101",
"1400000US12099006501","Census Tract 65.01; Palm Beach County; Florida","550","100","275","95","214","86","61","49","4","6","57","49","275","81","222","75","53","57",
"1400000US12099006502","Census Tract 65.02; Palm Beach County; Florida","1937","236","889","219","669","200","220","137","111","99","109","95","1048","238","881","213","167","97",
"1400000US12099006602","Census Tract 66.02; Palm Beach County; Florida","1172","139","771","112","709","113","62","36","28","26","34","23","401","118","340","116","61","39",
"1400000US12099006604","Census Tract 66.04; Palm Beach County; Florida","1496","146","1078","151","855","157","223","92","62","68","161","82","418","114","311","100","107","69",
"1400000US12099006606","Census Tract 66.06; Palm Beach County; Florida","2200","421","1162","416","818","168","344","365","60","78","284","364","1038","291","909","276","129","69",
"1400000US12099006607","Census Tract 66.07; Palm Beach County; Florida","2658","336","1647","324","1353","342","294","116","46","43","248","111","1011","212","857","200","154","90",
"1400000US12099006700","Census Tract 67; Palm Beach County; Florida","965","167","480","126","217","81","263","110","83","60","180","88","485","109","272","110","213","95",
"1400000US12099006801","Census Tract 68.01; Palm Beach County; Florida","2125","242","1166","320","378","193","788","266","197","151","591","254","959","277","693","260","266","156",
"1400000US12099006802","Census Tract 68.02; Palm Beach County; Florida","1094","232","704","240","391","203","313","126","34","37","279","126","390","103","293","106","97","54",
"1400000US12099006906","Census Tract 69.06; Palm Beach County; Florida","2714","404","1003","212","707","214","296","160","23","28","273","160","1711","405","965","259","746","375",
"1400000US12099006907","Census Tract 69.07; Palm Beach County; Florida","1803","205","885","199","619","133","266","150","140","128","126","82","918","231","732","223","186","96",
"1400000US12099006908","Census Tract 69.08; Palm Beach County; Florida","2235","353","862","243","343","140","519","194","106","89","413","163","1373","320","1158","319","215","143",
"1400000US12099006909","Census Tract 69.09; Palm Beach County; Florida","1294","150","639","145","567","135","72","63","8","13","64","62","655","169","611","166","44","29",
"1400000US12099006910","Census Tract 69.10; Palm Beach County; Florida","1374","197","468","169","308","99","160","132","39","43","121","129","906","173","649","173","257","126",
"1400000US12099006911","Census Tract 69.11; Palm Beach County; Florida","1621","198","696","235","243","103","453","197","112","109","341","179","925","152","650","140","275","123",
"1400000US12099006912","Census Tract 69.12; Palm Beach County; Florida","2184","302","1079","209","886","185","193","137","70","61","123","121","1105","321","915","321","190","112",
"1400000US12099007005","Census Tract 70.05; Palm Beach County; Florida","1914","320","1261","269","1129","264","132","90","63","67","69","70","653","249","484","200","169","129",
"1400000US12099007006","Census Tract 70.06; Palm Beach County; Florida","2145","278","1455","251","1455","251","0","15","0","15","0","15","690","213","483","183","207","147",
"1400000US12099007007","Census Tract 70.07; Palm Beach County; Florida","1589","190","1293","193","1156","204","137","74","11","17","126","69","296","112","236","101","60","35",
"1400000US12099007008","Census Tract 70.08; Palm Beach County; Florida","1475","180","1332","194","1178","176","154","102","17","20","137","99","143","66","112","63","31","31",
"1400000US12099007009","Census Tract 70.09; Palm Beach County; Florida","1228","86","1140","88","1058","90","82","50","24","28","58","50","88","61","78","59","10","17",
"1400000US12099007010","Census Tract 70.10; Palm Beach County; Florida","1209","172","550","128","516","129","34","41","0","15","34","41","659","153","653","153","6","10",
"1400000US12099007011","Census Tract 70.11; Palm Beach County; Florida","1462","147","850","106","820","109","30","37","16","30","14","18","612","139","560","137","52","40",
"1400000US12099007012","Census Tract 70.12; Palm Beach County; Florida","1414","133","545","116","436","113","109","61","39","35","70","59","869","168","607","147","262","133",
"1400000US12099007013","Census Tract 70.13; Palm Beach County; Florida","1854","310","1480","298","1312","294","168","94","9","16","159","92","374","123","258","106","116","67",
"1400000US12099007100","Census Tract 71; Palm Beach County; Florida","0","15","0","15","0","15","0","15","0","15","0","15","0","15","0","15","0","15",
"1400000US12099007202","Census Tract 72.02; Palm Beach County; Florida","2018","557","1172","601","900","587","272","120","87","57","185","108","846","175","433","121","413","145",
"1400000US12099007204","Census Tract 72.04; Palm Beach County; Florida","1398","375","443","161","246","100","197","153","7","12","190","151","955","379","757","376","198","152",
"1400000US12099007205","Census Tract 72.05; Palm Beach County; Florida","1255","182","683","166","399","111","284","138","74","90","210","133","572","168","467","170","105","77",
"1400000US12099007206","Census Tract 72.06; Palm Beach County; Florida","691","100","551","100","427","81","124","60","22","20","102","56","140","54","120","51","20","18",
"1400000US12099007207","Census Tract 72.07; Palm Beach County; Florida","1033","291","508","157","312","135","196","100","41","51","155","87","525","274","487","269","38","39",
"1400000US12099007208","Census Tract 72.08; Palm Beach County; Florida","912","132","429","82","311","76","118","58","50","42","68","56","483","133","387","135","96","58",
"1400000US12099007301","Census Tract 73.01; Palm Beach County; Florida","2213","336","1150","284","824","164","326","238","109","103","217","216","1063","336","945","332","118","76",
"1400000US12099007302","Census Tract 73.02; Palm Beach County; Florida","2446","253","1297","303","957","212","340","180","164","131","176","87","1149","252","943","252","206","145",
"1400000US12099007407","Census Tract 74.07; Palm Beach County; Florida","1081","164","715","142","710","142","5","7","3","6","2","3","366","122","332","121","34","35",
"1400000US12099007410","Census Tract 74.10; Palm Beach County; Florida","1287","315","656","276","603","270","53","61","8","14","45","60","631","201","482","194","149","81",
"1400000US12099007412","Census Tract 74.12; Palm Beach County; Florida","737","119","428","123","363","100","65","69","47","66","18","26","309","95","271","93","38","28",
"1400000US12099007414","Census Tract 74.14; Palm Beach County; Florida","1260","193","639","163","553","173","86","76","74","74","12","19","621","194","503","183","118","81",
"1400000US12099007420","Census Tract 74.20; Palm Beach County; Florida","1798","331","916","241","802","237","114","82","26","42","88","71","882","215","773","181","109","110",
"1400000US12099007421","Census Tract 74.21; Palm Beach County; Florida","2069","219","1240","177","1172","173","68","46","20","32","48","35","829","177","729","171","100","70",
"1400000US12099007501","Census Tract 75.01; Palm Beach County; Florida","1766","200","820","157","660","169","160","94","88","82","72","50","946","187","734","160","212","143",
"1400000US12099007504","Census Tract 75.04; Palm Beach County; Florida","1681","400","748","143","603","143","145","92","79","81","66","43","933","393","776","378","157","156",
"1400000US12099007505","Census Tract 75.05; Palm Beach County; Florida","2189","358","1010","330","903","327","107","73","24","27","83","64","1179","272","1007","248","172","111",
"1400000US12099007603","Census Tract 76.03; Palm Beach County; Florida","788","71","563","80","450","82","113","48","24","20","89","47","225","83","186","81","39","30",
"1400000US12099007604","Census Tract 76.04; Palm Beach County; Florida","2570","424","1967","409","1595","346","372","237","84","110","288","200","603","174","509","170","94","75",
"1400000US12099007605","Census Tract 76.05; Palm Beach County; Florida","1337","91","933","146","710","127","223","113","110","83","113","62","404","132","312","118","92","66",
"1400000US12099007610","Census Tract 76.10; Palm Beach County; Florida","1740","212","1388","225","1152","197","236","126","61","75","175","109","352","130","225","92","127","89",
"1400000US12099007612","Census Tract 76.12; Palm Beach County; Florida","2444","297","1374","264","1164","273","210","113","0","21","210","113","1070","228","865","203","205","120",
"1400000US12099007613","Census Tract 76.13; Palm Beach County; Florida","1918","248","827","155","553","164","274","100","32","35","242","96","1091","268","919","250","172","109",
"1400000US12099007614","Census Tract 76.14; Palm Beach County; Florida","2222","343","1280","210","1061","187","219","122","48","46","171","117","942","364","861","356","81","66",
"1400000US12099007615","Census Tract 76.15; Palm Beach County; Florida","1859","237","875","239","678","203","197","127","60","76","137","93","984","279","728","262","256","142",
"1400000US12099007616","Census Tract 76.16; Palm Beach County; Florida","1738","182","655","126","577","130","78","58","42","42","36","41","1083","175","918","163","165","114",
"1400000US12099007619","Census Tract 76.19; Palm Beach County; Florida","606","235","321","79","294","85","27","27","14","21","13","18","285","242","247","239","38","32",
"1400000US12099007620","Census Tract 76.20; Palm Beach County; Florida","1116","205","594","131","368","122","226","88","71","52","155","80","522","172","339","136","183","119",
"1400000US12099007621","Census Tract 76.21; Palm Beach County; Florida","893","125","479","95","407","89","72","47","16","18","56","43","414","107","378","103","36","21",
"1400000US12099007622","Census Tract 76.22; Palm Beach County; Florida","2051","459","786","353","652","352","134","102","25","40","109","92","1265","335","987","342","278","120",
"1400000US12099007623","Census Tract 76.23; Palm Beach County; Florida","1262","139","1047","156","916","164","131","88","69","80","62","45","215","106","189","113","26","33",
"1400000US12099007624","Census Tract 76.24; Palm Beach County; Florida","1801","265","929","131","776","110","153","84","21","31","132","77","872","274","646","135","226","245",
"1400000US12099007705","Census Tract 77.05; Palm Beach County; Florida","1375","132","1122","147","1003","147","119","62","43","32","76","49","253","74","241","71","12","15",
"1400000US12099007710","Census Tract 77.10; Palm Beach County; Florida","3050","281","2584","285","1790","260","794","263","253","152","541","233","466","221","381","205","85","72",
"1400000US12099007716","Census Tract 77.16; Palm Beach County; Florida","1741","199","1367","196","989","192","378","125","135","110","243","85","374","149","300","138","74","54",
"1400000US12099007721","Census Tract 77.21; Palm Beach County; Florida","1789","241","1451","193","1264","208","187","107","37","34","150","101","338","155","276","145","62","52",
"1400000US12099007723","Census Tract 77.23; Palm Beach County; Florida","853","77","736","79","639","90","97","55","53","44","44","37","117","53","98","48","19","16",
"1400000US12099007724","Census Tract 77.24; Palm Beach County; Florida","2521","425","2247","434","1616","426","631","229","88","81","543","252","274","131","211","106","63","71",
"1400000US12099007725","Census Tract 77.25; Palm Beach County; Florida","2020","363","1688","349","1300","377","388","163","161","138","227","127","332","134","235","118","97","64",
"1400000US12099007730","Census Tract 77.30; Palm Beach County; Florida","2066","187","1850","193","1607","220","243","155","35","44","208","153","216","122","175","104","41","46",
"1400000US12099007731","Census Tract 77.31; Palm Beach County; Florida","1983","243","1511","172","1378","195","133","79","30","48","103","57","472","193","375","185","97","76",
"1400000US12099007732","Census Tract 77.32; Palm Beach County; Florida","2536","368","2043","330","1303","330","740","192","225","104","515","164","493","231","171","108","322","194",
"1400000US12099007735","Census Tract 77.35; Palm Beach County; Florida","2079","399","1928","405","1586","263","342","347","21","23","321","338","151","73","119","67","32","32",
"1400000US12099007736","Census Tract 77.36; Palm Beach County; Florida","1344","224","1089","129","847","166","242","141","54","49","188","135","255","203","236","198","19","31",
"1400000US12099007738","Census Tract 77.38; Palm Beach County; Florida","1635","261","1152","253","924","260","228","86","64","47","164","67","483","142","381","140","102","62",
"1400000US12099007739","Census Tract 77.39; Palm Beach County; Florida","1542","251","824","213","629","199","195","87","45","33","150","87","718","191","702","187","16","30",
"1400000US12099007740","Census Tract 77.40; Palm Beach County; Florida","3023","401","1610","319","1170","261","440","241","177","144","263","201","1413","443","1117","402","296","161",
"1400000US12099007741","Census Tract 77.41; Palm Beach County; Florida","2413","462","1293","470","1166","461","127","76","16","28","111","69","1120","257","892","234","228","153",
"1400000US12099007742","Census Tract 77.42; Palm Beach County; Florida","1865","237","1002","191","698","155","304","136","33","42","271","134","863","207","741","192","122","90",
"1400000US12099007743","Census Tract 77.43; Palm Beach County; Florida","1973","275","1556","313","1090","181","466","274","147","208","319","179","417","162","377","152","40","42",
"1400000US12099007746","Census Tract 77.46; Palm Beach County; Florida","1055","220","296","190","254","189","42","23","13","14","29","19","759","132","721","136","38","33",
"1400000US12099007747","Census Tract 77.47; Palm Beach County; Florida","1903","233","840","215","686","200","154","84","15","25","139","82","1063","229","961","206","102","92",
"1400000US12099007748","Census Tract 77.48; Palm Beach County; Florida","1553","282","1322","302","1236","297","86","52","35","35","51","39","231","96","162","73","69","63",
"1400000US12099007749","Census Tract 77.49; Palm Beach County; Florida","2461","358","2065","361","1713","250","352","313","49","55","303","311","396","111","364","103","32","36",
"1400000US12099007750","Census Tract 77.50; Palm Beach County; Florida","1614","199","1088","133","707","158","381","109","80","64","301","92","526","216","462","218","64","62",
"1400000US12099007751","Census Tract 77.51; Palm Beach County; Florida","1610","311","1064","286","915","293","149","111","49","61","100","99","546","126","501","121","45","33",
"1400000US12099007752","Census Tract 77.52; Palm Beach County; Florida","2235","212","1644","211","1560","225","84","71","29","49","55","56","591","254","390","232","201","150",
"1400000US12099007754","Census Tract 77.54; Palm Beach County; Florida","2262","212","1568","195","1470","203","98","66","21","34","77","56","694","197","566","184","128","77",
"1400000US12099007757","Census Tract 77.57; Palm Beach County; Florida","2019","208","1558","212","1454","213","104","81","51","57","53","51","461","108","353","93","108","72",
"1400000US12099007758","Census Tract 77.58; Palm Beach County; Florida","1904","223","1394","194","1079","200","315","157","49","47","266","147","510","186","317","142","193","137",
"1400000US12099007759","Census Tract 77.59; Palm Beach County; Florida","563","101","346","69","324","63","22","27","5","10","17","26","217","78","137","58","80","66",
"1400000US12099007763","Census Tract 77.63; Palm Beach County; Florida","2853","320","2108","356","1541","336","567","234","117","101","450","229","745","276","628","289","117","106",
"1400000US12099007764","Census Tract 77.64; Palm Beach County; Florida","738","93","541","80","468","85","73","48","0","15","73","48","197","76","183","76","14","15",
"1400000US12099007766","Census Tract 77.66; Palm Beach County; Florida","1732","277","1272","272","938","233","334","145","92","71","242","134","460","152","379","138","81","52",
"1400000US12099007767","Census Tract 77.67; Palm Beach County; Florida","1485","204","1000","217","520","143","480","190","197","142","283","112","485","135","303","121","182","117",
"1400000US12099007768","Census Tract 77.68; Palm Beach County; Florida","705","77","394","79","317","76","77","46","29","28","48","40","311","56","248","58","63","42",
"1400000US12099007769","Census Tract 77.69; Palm Beach County; Florida","1263","229","427","233","343","227","84","51","23","21","61","47","836","132","740","146","96","67",
"1400000US12099007770","Census Tract 77.70; Palm Beach County; Florida","897","97","793","99","691","109","102","65","53","46","49","49","104","50","52","36","52","44",
"1400000US12099007771","Census Tract 77.71; Palm Beach County; Florida","1311","148","977","158","817","163","160","86","79","62","81","58","334","121","205","90","129","86",
"1400000US12099007772","Census Tract 77.72; Palm Beach County; Florida","2001","280","1771","300","1675","296","96","100","51","79","45","67","230","159","211","155","19","30",
"1400000US12099007773","Census Tract 77.73; Palm Beach County; Florida","2713","380","2400","358","2150","240","250","307","61","64","189","304","313","178","239","146","74","81",
"1400000US12099007774","Census Tract 77.74; Palm Beach County; Florida","3188","319","2729","315","2561","309","168","99","0","24","168","99","459","229","320","149","139","168",
"1400000US12099007775","Census Tract 77.75; Palm Beach County; Florida","2309","218","1960","225","1759","223","201","108","60","61","141","99","349","139","312","136","37","45",
"1400000US12099007776","Census Tract 77.76; Palm Beach County; Florida","425","38","284","56","223","69","61","42","57","42","4","11","141","49","130","50","11","17",
"1400000US12099007777","Census Tract 77.77; Palm Beach County; Florida","1419","134","1135","120","927","135","208","76","32","33","176","69","284","88","235","88","49","41",
"1400000US12099007778","Census Tract 77.78; Palm Beach County; Florida","2929","426","2393","453","1624","219","769","431","412","417","357","159","536","230","342","143","194","195",
"1400000US12099007779","Census Tract 77.79; Palm Beach County; Florida","1678","212","1252","207","1154","209","98","54","16","24","82","51","426","102","393","97","33","28",
"1400000US12099007780","Census Tract 77.80; Palm Beach County; Florida","644","339","621","339","580","342","41","38","0","15","41","38","23","21","15","19","8","9",
"1400000US12099007805","Census Tract 78.05; Palm Beach County; Florida","2559","203","2172","209","1973","224","199","95","81","58","118","79","387","130","243","114","144","90",
"1400000US12099007812","Census Tract 78.12; Palm Beach County; Florida","2164","233","1223","172","904","149","319","126","76","64","243","102","941","208","785","199","156","105",
"1400000US12099007813","Census Tract 78.13; Palm Beach County; Florida","2233","269","1858","250","1432","250","426","187","30","43","396","190","375","150","317","138","58","61",
"1400000US12099007814","Census Tract 78.14; Palm Beach County; Florida","1183","273","744","247","672","243","72","42","46","38","26","25","439","113","404","111","35","32",
"1400000US12099007818","Census Tract 78.18; Palm Beach County; Florida","514","49","422","60","352","67","70","38","41","38","29","23","92","46","57","32","35","34",
"1400000US12099007820","Census Tract 78.20; Palm Beach County; Florida","898","162","682","173","527","190","155","68","109","65","46","30","216","76","157","53","59","42",
"1400000US12099007821","Census Tract 78.21; Palm Beach County; Florida","921","103","764","113","676","105","88","56","38","34","50","49","157","68","125","59","32","33",
"1400000US12099007823","Census Tract 78.23; Palm Beach County; Florida","1376","108","1027","135","879","132","148","85","21","21","127","85","349","108","291","98","58","48",
"1400000US12099007830","Census Tract 78.30; Palm Beach County; Florida","1809","207","1053","162","919","167","134","79","53","61","81","54","756","187","704","173","52","53",
"1400000US12099007831","Census Tract 78.31; Palm Beach County; Florida","1910","179","697","169","577","177","120","92","76","77","44","52","1213","176","997","174","216","94",
"1400000US12099007832","Census Tract 78.32; Palm Beach County; Florida","1945","202","620","139","421","125","199","109","5","10","194","108","1325","249","1194","224","131","104",
"1400000US12099007833","Census Tract 78.33; Palm Beach County; Florida","2099","269","1323","272","782","242","541","177","149","113","392","150","776","214","681","224","95","92",
"1400000US12099007834","Census Tract 78.34; Palm Beach County; Florida","883","94","598","87","532","81","66","52","42","49","24","16","285","70","249","68","36","30",
"1400000US12099007835","Census Tract 78.35; Palm Beach County; Florida","2004","345","1625","345","1526","331","99","61","0","21","99","61","379","118","275","102","104","60",
"1400000US12099007837","Census Tract 78.37; Palm Beach County; Florida","3302","411","1777","326","1381","307","396","311","245","267","151","126","1525","406","1236","382","289","163",
"1400000US12099007838","Census Tract 78.38; Palm Beach County; Florida","3180","484","2495","462","1853","483","642","217","164","118","478","203","685","191","602","183","83","71",
"1400000US12099007840","Census Tract 78.40; Palm Beach County; Florida","627","61","585","68","453","86","132","72","0","15","132","72","42","31","27","22","15","23",
"1400000US12099007841","Census Tract 78.41; Palm Beach County; Florida","2292","289","1848","286","1359","300","489","205","130","136","359","159","444","167","361","157","83","71",
"1400000US12099007842","Census Tract 78.42; Palm Beach County; Florida","1378","225","968","202","737","196","231","130","53","47","178","106","410","118","361","102","49","43",
"1400000US12099007843","Census Tract 78.43; Palm Beach County; Florida","2121","222","1496","209","791","237","705","254","368","225","337","177","625","202","445","210","180","127",
"1400000US12099007844","Census Tract 78.44; Palm Beach County; Florida","1509","160","1278","157","1000","152","278","146","88","49","190","140","231","100","225","99","6","10",
"1400000US12099007845","Census Tract 78.45; Palm Beach County; Florida","778","59","638","83","520","81","118","50","45","37","73","44","140","54","104","49","36","54",
"1400000US12099007846","Census Tract 78.46; Palm Beach County; Florida","432","61","316","59","316","59","0","15","0","15","0","15","116","59","86","48","30","32",
"1400000US12099007847","Census Tract 78.47; Palm Beach County; Florida","2912","366","2363","375","2145","380","218","112","81","69","137","89","549","194","461","186","88","62",
"1400000US12099007848","Census Tract 78.48; Palm Beach County; Florida","1145","218","892","221","825","223","67","50","43","41","24","30","253","113","173","102","80","76",
"1400000US12099007849","Census Tract 78.49; Palm Beach County; Florida","883","131","812","122","636","108","176","108","63","77","113","63","71","55","42","38","29","35",
"1400000US12099007850","Census Tract 78.50; Palm Beach County; Florida","1455","71","1211","90","1068","99","143","60","34","30","109","63","244","92","205","89","39","39",
"1400000US12099007851","Census Tract 78.51; Palm Beach County; Florida","1329","189","938","154","793","135","145","62","66","46","79","34","391","112","298","118","93","62",
"1400000US12099007852","Census Tract 78.52; Palm Beach County; Florida","0","15","0","15","0","15","0","15","0","15","0","15","0","15","0","15","0","15",
"1400000US12099007853","Census Tract 78.53; Palm Beach County; Florida","789","36","617","81","441","79","176","78","16","17","160","78","172","76","172","76","0","15",
"1400000US12099007909","Census Tract 79.09; Palm Beach County; Florida","2151","212","1581","195","1339","185","242","130","35","40","207","127","570","189","504","193","66","52",
"1400000US12099007913","Census Tract 79.13; Palm Beach County; Florida","767","96","592","99","472","100","120","83","75","59","45","59","175","71","103","49","72","52",
"1400000US12099007914","Census Tract 79.14; Palm Beach County; Florida","1827","386","1619","394","1259","223","360","341","72","59","288","341","208","120","173","117","35","39",
"1400000US12099007915","Census Tract 79.15; Palm Beach County; Florida","381","36","312","49","276","57","36","29","15","19","21","22","69","37","45","30","24","24",
"1400000US12099007916","Census Tract 79.16; Palm Beach County; Florida","1403","131","1202","130","916","155","286","134","172","103","114","84","201","72","120","60","81","64",
"1400000US12099007917","Census Tract 79.17; Palm Beach County; Florida","1687","180","1335","210","992","207","343","109","127","106","216","99","352","144","245","132","107","103",
"1400000US12099007918","Census Tract 79.18; Palm Beach County; Florida","1075","149","923","172","727","192","196","101","19","24","177","95","152","96","119","90","33","39",
"1400000US12099007919","Census Tract 79.19; Palm Beach County; Florida","1719","352","1395","372","1265","376","130","82","7","14","123","81","324","100","284","100","40","33",
"1400000US12099008001","Census Tract 80.01; Palm Beach County; Florida","1087","173","718","187","341","187","377","122","41","48","336","123","369","96","345","95","24","36",
"1400000US12099008002","Census Tract 80.02; Palm Beach County; Florida","1254","329","917","265","529","207","388","270","39","53","349","253","337","186","332","185","5","17",
"1400000US12099008101","Census Tract 81.01; Palm Beach County; Florida","1738","284","1386","271","888","275","498","159","193","118","305","123","352","148","244","110","108","94",
"1400000US12099008102","Census Tract 81.02; Palm Beach County; Florida","0","15","0","15","0","15","0","15","0","15","0","15","0","15","0","15","0","15",
"1400000US12099008201","Census Tract 82.01; Palm Beach County; Florida","1414","252","931","264","252","220","679","217","200","142","479","197","483","162","382","158","101","105",
"1400000US12099008202","Census Tract 82.02; Palm Beach County; Florida","1095","192","755","230","272","123","483","215","155","126","328","180","340","135","260","125","80","80",
"1400000US12099008203","Census Tract 82.03; Palm Beach County; Florida","1336","192","927","176","527","147","400","164","106","78","294","152","409","153","370","155","39","33",
"1400000US12099008301","Census Tract 83.01; Palm Beach County; Florida","698","392","559","393","448","393","111","65","12","22","99","66","139","84","109","86","30","32",
"1400000US12099008302","Census Tract 83.02; Palm Beach County; Florida","1168","145","941","144","479","142","462","133","160","92","302","103","227","96","164","76","63","47",
"1400000US12099980000","Census Tract 9800; Palm Beach County; Florida","0","15","0","15","0","15","0","15","0","15","0","15","0","15","0","15","0","15",
"1400000US12099980100","Census Tract 9801; Palm Beach County; Florida","0","15","0","15","0","15","0","15","0","15","0","15","0","15","0","15","0","15",
"1400000US12099980200","Census Tract 9802; Palm Beach County; Florida","0","15","0","15","0","15","0","15","0","15","0","15","0","15","0","15","0","15",
"1400000US12099980400","Census Tract 9804; Palm Beach County; Florida","0","15","0","15","0","15","0","15","0","15","0","15","0","15","0","15","0","15",
"1400000US12099980500","Census Tract 9805; Palm Beach County; Florida","0","15","0","15","0","15","0","15","0","15","0","15","0","15","0","15","0","15",
"1400000US12099990000","Census Tract 9900; Palm Beach County; Florida","0","15","0","15","0","15","0","15","0","15","0","15","0","15","0","15","0","15",
"1400000US12099990100","Census Tract 9901; Palm Beach County; Florida","0","15","0","15","0","15","0","15","0","15","0","15","0","15","0","15","0","15",
"1400000US12101030101","Census Tract 301.01; Pasco County; Florida","1260","202","930","168","768","170","162","101","69","77","93","74","330","158","264","151","66","36",
"1400000US12101030102","Census Tract 301.02; Pasco County; Florida","1219","153","473","127","361","112","112","75","65","57","47","39","746","138","620","141","126","65",
"1400000US12101030202","Census Tract 302.02; Pasco County; Florida","1226","184","676","147","582","156","94","68","41","42","53","58","550","129","432","122","118","69",
"1400000US12101030203","Census Tract 302.03; Pasco County; Florida","910","229","464","215","339","232","125","60","30","30","95","52","446","138","412","134","34","29",
"1400000US12101030204","Census Tract 302.04; Pasco County; Florida","670","96","379","82","256","68","123","68","20","21","103","65","291","83","225","85","66","34",
"1400000US12101030205","Census Tract 302.05; Pasco County; Florida","994","126","627","112","425","116","202","98","28","34","174","98","367","107","292","103","75","61",
"1400000US12101030303","Census Tract 303.03; Pasco County; Florida","1516","245","1077","230","1003","230","74","52","22","26","52","41","439","132","376","115","63","46",
"1400000US12101030304","Census Tract 303.04; Pasco County; Florida","2869","350","1414","298","1054","297","360","111","78","60","282","80","1455","242","1285","235","170","85",
"1400000US12101030404","Census Tract 304.04; Pasco County; Florida","1442","283","744","151","644","153","100","62","66","52","34","39","698","283","588","288","110","63",
"1400000US12101030405","Census Tract 304.05; Pasco County; Florida","931","126","587","148","396","140","191","79","8","12","183","80","344","123","287","116","57","38",
"1400000US12101030406","Census Tract 304.06; Pasco County; Florida","1364","173","792","187","459","131","333","177","60","65","273","158","572","146","484","139","88","59",
"1400000US12101030407","Census Tract 304.07; Pasco County; Florida","1108","221","629","130","410","117","219","108","90","67","129","84","479","199","405","186","74","68",
"1400000US12101030408","Census Tract 304.08; Pasco County; Florida","1453","247","698","149","442","133","256","107","65","53","191","102","755","249","702","250","53","44",
"1400000US12101030409","Census Tract 304.09; Pasco County; Florida","1175","175","692","145","499","132","193","80","29","35","164","68","483","152","439","159","44","39",
"1400000US12101030410","Census Tract 304.10; Pasco County; Florida","1106","202","340","128","202","94","138","80","67","57","71","51","766","186","699","180","67","40",
"1400000US12101030411","Census Tract 304.11; Pasco County; Florida","1429","302","789","229","449","139","340","206","74","68","266","199","640","208","488","183","152","80",
"1400000US12101030412","Census Tract 304.12; Pasco County; Florida","1164","227","691","214","383","99","308","180","170","160","138","71","473","151","473","151","0","15",
"1400000US12101030501","Census Tract 305.01; Pasco County; Florida","907","111","418","91","289","92","129","71","22","25","107","66","489","98","393","105","96","64",
"1400000US12101030502","Census Tract 305.02; Pasco County; Florida","1838","193","1060","196","636","195","424","137","111","100","313","103","778","207","588","194","190","119",
"1400000US12101030601","Census Tract 306.01; Pasco County; Florida","916","136","557","138","438","117","119","69","15","16","104","66","359","83","260","82","99","58",
"1400000US12101030602","Census Tract 306.02; Pasco County; Florida","1041","122","471","105","279","100","192","70","34","33","158","62","570","120","501","129","69","39",
"1400000US12101030700","Census Tract 307; Pasco County; Florida","1613","173","1053","176","567","180","486","166","99","81","387","158","560","139","429","126","131","86",
"1400000US12101030800","Census Tract 308; Pasco County; Florida","1508","213","968","168","430","176","538","176","161","87","377","150","540","162","432","144","108","63",
"1400000US12101030901","Census Tract 309.01; Pasco County; Florida","2117","351","920","215","602","200","318","114","36","37","282","108","1197","301","940","290","257","119",
"1400000US12101030905","Census Tract 309.05; Pasco County; Florida","1685","345","792","188","585","165","207","105","36","30","171","98","893","297","826","295","67","41",
"1400000US12101030906","Census Tract 309.06; Pasco County; Florida","2890","379","1045","211","636","206","409","170","104","80","305","148","1845","430","1510","429","335","202",
"1400000US12101031003","Census Tract 310.03; Pasco County; Florida","2436","243","1332","285","983","303","349","141","86","68","263","130","1104","213","812","219","292","125",
"1400000US12101031005","Census Tract 310.05; Pasco County; Florida","1833","261","1054","259","326","88","728","275","175","103","553","245","779","139","540","146","239","105",
"1400000US12101031006","Census Tract 310.06; Pasco County; Florida","787","190","396","111","194","80","202","87","21","23","181","89","391","169","342","163","49","36",
"1400000US12101031007","Census Tract 310.07; Pasco County; Florida","2183","236","1173","185","692","195","481","136","218","117","263","109","1010","236","936","238","74","56",
"1400000US12101031008","Census Tract 310.08; Pasco County; Florida","1007","231","586","213","308","91","278","199","36","34","242","195","421","125","368","123","53","43",
"1400000US12101031009","Census Tract 310.09; Pasco County; Florida","1305","160","590","175","308","125","282","114","46","46","236","119","715","192","606","176","109","93",
"1400000US12101031010","Census Tract 310.10; Pasco County; Florida","1736","211","1115","167","621","143","494","136","161","89","333","108","621","191","528","180","93","51",
"1400000US12101031011","Census Tract 310.11; Pasco County; Florida","1325","322","741","147","558","142","183","98","3","5","180","98","584","322","523","326","61","43",
"1400000US12101031012","Census Tract 310.12; Pasco County; Florida","2551","413","1423","445","1076","457","347","269","21","36","326","269","1128","384","1069","380","59","46",
"1400000US12101031013","Census Tract 310.13; Pasco County; Florida","1095","113","839","150","439","119","400","154","93","81","307","143","256","109","235","110","21","22",
"1400000US12101031014","Census Tract 310.14; Pasco County; Florida","1432","228","762","149","571","130","191","107","80","65","111","83","670","229","547","204","123","130",
"1400000US12101031101","Census Tract 311.01; Pasco County; Florida","2067","364","876","161","605","173","271","114","47","43","224","106","1191","358","1049","356","142","78",
"1400000US12101031103","Census Tract 311.03; Pasco County; Florida","604","106","295","82","206","90","89","62","13","14","76","56","309","102","272","94","37","42",
"1400000US12101031104","Census Tract 311.04; Pasco County; Florida","1809","319","923","267","550","208","373","223","174","222","199","102","886","200","770","192","116","80",
"1400000US12101031203","Census Tract 312.03; Pasco County; Florida","1433","197","792","184","709","180","83","46","45","32","38","32","641","138","616","134","25","23",
"1400000US12101031204","Census Tract 312.04; Pasco County; Florida","1277","189","955","137","752","132","203","87","113","62","90","55","322","165","286","154","36","36",
"1400000US12101031205","Census Tract 312.05; Pasco County; Florida","1696","207","871","209","659","190","212","107","79","84","133","67","825","147","718","130","107","67",
"1400000US12101031206","Census Tract 312.06; Pasco County; Florida","1121","179","731","166","655","165","76","54","37","40","39","42","390","144","315","139","75","49",
"1400000US12101031207","Census Tract 312.07; Pasco County; Florida","1202","340","797","250","644","260","153","60","10","17","143","63","405","187","360","185","45","33",
"1400000US12101031208","Census Tract 312.08; Pasco County; Florida","2147","194","1172","232","1007","243","165","78","59","51","106","67","975","204","669","212","306","158",
"1400000US12101031301","Census Tract 313.01; Pasco County; Florida","1749","198","892","159","752","159","140","73","40","32","100","62","857","144","725","140","132","66",
"1400000US12101031302","Census Tract 313.02; Pasco County; Florida","2409","417","1904","401","1491","435","413","160","143","124","270","133","505","173","409","163","96","84",
"1400000US12101031401","Census Tract 314.01; Pasco County; Florida","2096","222","1036","204","596","174","440","173","46","36","394","172","1060","205","863","216","197","94",
"1400000US12101031404","Census Tract 314.04; Pasco County; Florida","1460","162","763","123","542","120","221","75","29","28","192","77","697","148","590","131","107","55",
"1400000US12101031406","Census Tract 314.06; Pasco County; Florida","1640","196","753","177","593","168","160","92","0","15","160","92","887","183","839","176","48","41",
"1400000US12101031407","Census Tract 314.07; Pasco County; Florida","1575","265","879","216","524","157","355","148","40","37","315","150","696","204","598","197","98","55",
"1400000US12101031410","Census Tract 314.10; Pasco County; Florida","1423","207","938","226","633","217","305","169","155","145","150","99","485","166","362","154","123","102",
"1400000US12101031411","Census Tract 314.11; Pasco County; Florida","701","91","411","66","279","71","132","59","0","15","132","59","290","105","233","96","57","53",
"1400000US12101031412","Census Tract 314.12; Pasco County; Florida","2220","244","1433","227","1041","233","392","129","92","69","300","137","787","182","761","178","26","35",
"1400000US12101031503","Census Tract 315.03; Pasco County; Florida","1220","112","812","103","537","123","275","93","76","58","199","85","408","110","308","104","100","69",
"1400000US12101031504","Census Tract 315.04; Pasco County; Florida","930","147","696","171","668","172","28","24","0","15","28","24","234","75","150","72","84","53",
"1400000US12101031505","Census Tract 315.05; Pasco County; Florida","2356","141","1448","217","983","189","465","185","213","154","252","155","908","181","778","176","130","82",
"1400000US12101031506","Census Tract 315.06; Pasco County; Florida","1747","137","1098","161","741","149","357","119","56","46","301","113","649","158","384","124","265","115",
"1400000US12101031507","Census Tract 315.07; Pasco County; Florida","3182","557","1992","443","1560","446","432","176","141","133","291","134","1190","484","569","170","621","454",
"1400000US12101031508","Census Tract 315.08; Pasco County; Florida","1786","246","1609","260","1299","197","310","212","38","36","272","207","177","86","145","74","32","29",
"1400000US12101031601","Census Tract 316.01; Pasco County; Florida","3631","457","2641","493","2408","509","233","121","46","51","187","107","990","230","847","222","143","109",
"1400000US12101031602","Census Tract 316.02; Pasco County; Florida","3953","202","2922","245","2276","284","646","203","347","166","299","140","1031","225","717","232","314","150",
"1400000US12101031603","Census Tract 316.03; Pasco County; Florida","3580","336","2964","359","2448","397","516","275","262","223","254","161","616","185","561","190","55","48",
"1400000US12101031604","Census Tract 316.04; Pasco County; Florida","2957","387","1921","291","1552","267","369","152","156","132","213","94","1036","342","966","340","70","57",
"1400000US12101031605","Census Tract 316.05; Pasco County; Florida","3245","218","2260","278","1734","256","526","217","107","72","419","212","985","247","686","242","299","144",
"1400000US12101031701","Census Tract 317.01; Pasco County; Florida","4797","334","3820","354","3490","328","330","144","91","70","239","125","977","258","823","256","154","106",
"1400000US12101031703","Census Tract 317.03; Pasco County; Florida","1847","262","1166","249","747","215","419","169","134","91","285","152","681","196","538","185","143","130",
"1400000US12101031704","Census Tract 317.04; Pasco County; Florida","2129","213","1615","140","1135","169","480","149","86","84","394","139","514","216","410","153","104","128",
"1400000US12101031705","Census Tract 317.05; Pasco County; Florida","1769","214","1310","217","939","225","371","109","83","59","288","94","459","111","395","101","64","53",
"1400000US12101031706","Census Tract 317.06; Pasco County; Florida","1659","134","1309","127","1086","120","223","88","42","29","181","87","350","91","302","84","48","48",
"1400000US12101031707","Census Tract 317.07; Pasco County; Florida","1605","313","1253","304","1159","306","94","39","14","16","80","37","352","98","271","90","81","48",
"1400000US12101031708","Census Tract 317.08; Pasco County; Florida","2583","278","1382","216","1123","194","259","132","58","57","201","120","1201","264","1065","249","136","92",
"1400000US12101031804","Census Tract 318.04; Pasco County; Florida","1812","247","1056","168","951","168","105","99","55","60","50","51","756","227","737","237","19","30",
"1400000US12101031805","Census Tract 318.05; Pasco County; Florida","1307","142","951","127","682","112","269","109","116","78","153","70","356","101","283","97","73","41",
"1400000US12101031806","Census Tract 318.06; Pasco County; Florida","1696","170","1211","172","972","171","239","112","15","18","224","112","485","118","369","119","116","60",
"1400000US12101031807","Census Tract 318.07; Pasco County; Florida","1341","201","784","210","525","136","259","162","50","41","209","166","557","149","444","143","113","60",
"1400000US12101031808","Census Tract 318.08; Pasco County; Florida","1424","372","1197","386","945","412","252","108","85","71","167","81","227","95","185","91","42","34",
"1400000US12101031809","Census Tract 318.09; Pasco County; Florida","932","133","698","126","494","124","204","121","84","102","120","75","234","106","197","100","37","41",
"1400000US12101031901","Census Tract 319.01; Pasco County; Florida","1931","334","1382","226","1143","219","239","147","148","141","91","63","549","260","479","258","70","77",
"1400000US12101031902","Census Tract 319.02; Pasco County; Florida","3735","316","2983","406","2627","397","356","174","58","58","298","173","752","221","703","219","49","49",
"1400000US12101031903","Census Tract 319.03; Pasco County; Florida","2648","227","2234","227","1781","219","453","193","74","62","379","180","414","168","253","116","161","119",
"1400000US12101032001","Census Tract 320.01; Pasco County; Florida","2342","272","2000","242","1506","207","494","251","394","234","100","70","342","136","295","123","47","54",
"1400000US12101032005","Census Tract 320.05; Pasco County; Florida","2267","147","1500","204","1307","216","193","95","40","41","153","89","767","200","686","196","81","56",
"1400000US12101032006","Census Tract 320.06; Pasco County; Florida","3198","401","2205","369","1589","395","616","229","99","86","517","222","993","224","724","203","269","169",
"1400000US12101032007","Census Tract 320.07; Pasco County; Florida","1141","102","788","117","622","115","166","95","53","39","113","91","353","106","155","70","198","92",
"1400000US12101032008","Census Tract 320.08; Pasco County; Florida","1708","185","1519","208","1388","218","131","79","33","32","98","72","189","79","154","72","35","43",
"1400000US12101032009","Census Tract 320.09; Pasco County; Florida","3403","405","2533","423","1887","288","646","318","205","115","441","300","870","234","660","221","210","126",
"1400000US12101032010","Census Tract 320.10; Pasco County; Florida","1520","186","1067","220","858","165","209","159","51","41","158","153","453","163","360","152","93","66",
"1400000US12101032011","Census Tract 320.11; Pasco County; Florida","1772","168","1397","159","1221","184","176","70","47","33","129","63","375","104","301","100","74","60",
"1400000US12101032012","Census Tract 320.12; Pasco County; Florida","1380","214","1065","228","696","202","369","128","73","56","296","126","315","97","236","80","79","56",
"1400000US12101032013","Census Tract 320.13; Pasco County; Florida","2448","198","1526","194","1125","182","401","160","42","48","359","153","922","194","721","189","201","151",
"1400000US12101032014","Census Tract 320.14; Pasco County; Florida","2678","285","1789","329","1467","313","322","199","80","81","242","181","889","234","575","166","314","142",
"1400000US12101032103","Census Tract 321.03; Pasco County; Florida","3947","359","3443","369","2638","340","805","232","296","166","509","185","504","168","407","135","97","102",
"1400000US12101032104","Census Tract 321.04; Pasco County; Florida","2247","353","1799","352","1443","342","356","149","8","13","348","149","448","165","262","114","186","149",
"1400000US12101032105","Census Tract 321.05; Pasco County; Florida","3710","321","2768","323","2196","312","572","233","256","153","316","169","942","242","707","236","235","137",
"1400000US12101032106","Census Tract 321.06; Pasco County; Florida","2727","225","2076","262","1581","276","495","191","270","154","225","126","651","215","522","200","129","103",
"1400000US12101032107","Census Tract 321.07; Pasco County; Florida","4290","352","3224","319","2608","381","616","223","283","206","333","143","1066","352","713","268","353","263",
"1400000US12101032108","Census Tract 321.08; Pasco County; Florida","3567","314","2477","267","2047","283","430","159","200","116","230","115","1090","295","873","302","217","155",
"1400000US12101032109","Census Tract 321.09; Pasco County; Florida","1782","217","1149","175","875","189","274","104","21","23","253","102","633","228","527","229","106","61",
"1400000US12101032110","Census Tract 321.10; Pasco County; Florida","1175","152","865","160","664","114","201","142","79","78","122","122","310","87","188","69","122","59",
"1400000US12101032111","Census Tract 321.11; Pasco County; Florida","1967","179","1711","188","1525","207","186","81","32","32","154","72","256","96","209","78","47","49",
"1400000US12101032112","Census Tract 321.12; Pasco County; Florida","1589","220","1133","188","935","189","198","88","24","28","174","78","456","165","421","164","35","31",
"1400000US12101032113","Census Tract 321.13; Pasco County; Florida","1449","116","1113","118","780","122","333","97","39","39","294","85","336","119","303","111","33","34",
"1400000US12101032200","Census Tract 322; Pasco County; Florida","1991","132","1520","155","1354","146","166","51","51","47","115","43","471","121","331","103","140","115",
"1400000US12101032300","Census Tract 323; Pasco County; Florida","990","121","768","122","704","123","64","39","27","24","37","29","222","72","189","74","33","28",
"1400000US12101032401","Census Tract 324.01; Pasco County; Florida","906","119","624","120","461","97","163","104","26","37","137","99","282","117","246","115","36","38",
"1400000US12101032402","Census Tract 324.02; Pasco County; Florida","870","196","644","144","492","164","152","109","6","14","146","108","226","125","175","123","51","38",
"1400000US12101032500","Census Tract 325; Pasco County; Florida","2631","331","2091","417","1292","383","799","282","421","224","378","182","540","232","446","231","94","88",
"1400000US12101032601","Census Tract 326.01; Pasco County; Florida","1016","166","584","128","351","110","233","108","36","45","197","98","432","127","353","121","79","63",
"1400000US12101032602","Census Tract 326.02; Pasco County; Florida","1319","159","803","177","389","85","414","149","145","85","269","125","516","128","488","124","28","27",
"1400000US12101032700","Census Tract 327; Pasco County; Florida","1513","245","947","212","691","220","256","107","75","69","181","90","566","168","514","155","52","43",
"1400000US12101032802","Census Tract 328.02; Pasco County; Florida","1282","241","813","255","688","252","125","60","53","40","72","47","469","135","418","116","51","56",
"1400000US12101032804","Census Tract 328.04; Pasco County; Florida","1597","341","549","94","468","98","81","64","0","15","81","64","1048","352","980","338","68","58",
"1400000US12101032805","Census Tract 328.05; Pasco County; Florida","1986","182","1419","162","1176","169","243","96","102","84","141","73","567","135","522","132","45","47",
"1400000US12101032901","Census Tract 329.01; Pasco County; Florida","3435","393","2645","433","2175","425","470","209","216","189","254","127","790","311","731","305","59","53",
"1400000US12101032902","Census Tract 329.02; Pasco County; Florida","884","108","504","97","469","96","35","32","0","15","35","32","380","109","360","110","20","23",
"1400000US12101032905","Census Tract 329.05; Pasco County; Florida","2667","387","1473","275","1304","290","169","93","65","67","104","64","1194","319","1039","328","155","77",
"1400000US12101033005","Census Tract 330.05; Pasco County; Florida","2086","415","1279","290","960","311","319","155","154","116","165","95","807","268","632","279","175","129",
"1400000US12101033006","Census Tract 330.06; Pasco County; Florida","1401","192","752","181","431","116","321","172","125","79","196","160","649","146","539","143","110","105",
"1400000US12101033007","Census Tract 330.07; Pasco County; Florida","1189","229","594","233","463","95","131","198","9","14","122","198","595","120","497","111","98","58",
"1400000US12101033008","Census Tract 330.08; Pasco County; Florida","1239","164","713","127","409","94","304","107","46","43","258","95","526","171","358","137","168","88",
"1400000US12101033009","Census Tract 330.09; Pasco County; Florida","1281","187","670","194","287","120","383","176","40","57","343","172","611","178","543","179","68","48",
"1400000US12101033010","Census Tract 330.10; Pasco County; Florida","1755","215","1029","189","789","178","240","75","35","35","205","77","726","155","565","139","161","90",
"1400000US12101033011","Census Tract 330.11; Pasco County; Florida","884","109","535","103","393","85","142","64","54","51","88","59","349","75","344","75","5","9",
"1400000US12101033012","Census Tract 330.12; Pasco County; Florida","1159","171","601","108","432","120","169","95","74","60","95","56","558","147","507","142","51","43",
"1400000US12101033013","Census Tract 330.13; Pasco County; Florida","1289","225","620","126","284","104","336","92","93","60","243","92","669","217","576","214","93","56",
"1400000US12101033014","Census Tract 330.14; Pasco County; Florida","1792","230","1134","216","801","175","333","185","89","73","244","162","658","152","583","154","75","62",
"1400000US12101033101","Census Tract 331.01; Pasco County; Florida","1318","167","729","146","682","145","47","54","18","29","29","44","589","121","541","107","48","63",
"1400000US12101033102","Census Tract 331.02; Pasco County; Florida","904","141","672","138","459","87","213","126","66","41","147","121","232","77","219","77","13","17",
"1400000US12101990000","Census Tract 9900; Pasco County; Florida","0","15","0","15","0","15","0","15","0","15","0","15","0","15","0","15","0","15",
"1400000US12103020105","Census Tract 201.05; Pinellas County; Florida","1931","182","892","155","801","162","91","89","55","65","36","52","1039","205","854","195","185","110",
"1400000US12103020106","Census Tract 201.06; Pinellas County; Florida","1871","277","1403","266","1271","270","132","123","40","30","92","121","468","132","396","116","72","58",
"1400000US12103020107","Census Tract 201.07; Pinellas County; Florida","989","179","549","76","500","75","49","37","31","33","18","16","440","181","419","178","21","17",
"1400000US12103020108","Census Tract 201.08; Pinellas County; Florida","1266","254","500","117","479","116","21","23","10","15","11","17","766","236","616","167","150","168",
"1400000US12103020109","Census Tract 201.09; Pinellas County; Florida","1857","273","1020","294","458","157","562","296","214","194","348","230","837","294","553","218","284","176",
"1400000US12103020110","Census Tract 201.10; Pinellas County; Florida","516","90","283","90","178","87","105","59","2","5","103","58","233","79","182","63","51","49",
"1400000US12103020201","Census Tract 202.01; Pinellas County; Florida","1827","157","1272","169","830","169","442","165","51","54","391","168","555","126","399","110","156","67",
"1400000US12103020202","Census Tract 202.02; Pinellas County; Florida","1819","469","1144","292","785","263","359","123","95","108","264","88","675","397","609","392","66","45",
"1400000US12103020206","Census Tract 202.06; Pinellas County; Florida","2132","377","1027","365","399","142","628","352","74","82","554","352","1105","232","950","208","155","130",
"1400000US12103020207","Census Tract 202.07; Pinellas County; Florida","1469","156","685","156","632","158","53","51","0","15","53","51","784","128","664","124","120","58",
"1400000US12103020208","Census Tract 202.08; Pinellas County; Florida","1118","141","580","155","271","109","309","152","25","40","284","156","538","161","468","147","70","70",
"1400000US12103020209","Census Tract 202.09; Pinellas County; Florida","1898","285","1149","213","796","174","353","130","39","35","314","118","749","217","673","205","76","53",
"1400000US12103020301","Census Tract 203.01; Pinellas County; Florida","1824","225","895","230","617","207","278","160","26","30","252","159","929","198","588","153","341","186",
"1400000US12103020302","Census Tract 203.02; Pinellas County; Florida","1668","251","1026","267","788","244","238","148","36","32","202","149","642","159","491","140","151","75",
"1400000US12103020400","Census Tract 204; Pinellas County; Florida","1055","167","670","141","527","128","143","78","32","36","111","69","385","120","280","110","105","68",
"1400000US12103020500","Census Tract 205; Pinellas County; Florida","1210","271","729","221","375","169","354","153","44","43","310","156","481","155","404","151","77","51",
"1400000US12103020600","Census Tract 206; Pinellas County; Florida","1557","284","1041","272","517","202","524","184","31","36","493","186","516","145","448","140","68","55",
"1400000US12103020700","Census Tract 207; Pinellas County; Florida","1371","231","726","138","263","120","463","135","137","84","326","144","645","210","514","189","131","117",
"1400000US12103020800","Census Tract 208; Pinellas County; Florida","1461","261","963","256","297","120","666","236","108","72","558","225","498","165","395","158","103","67",
"1400000US12103021200","Census Tract 212; Pinellas County; Florida","1333","243","584","250","138","147","446","224","173","153","273","134","749","201","610","185","139","108",
"1400000US12103021501","Census Tract 215.01; Pinellas County; Florida","1614","211","563","126","537","122","26","31","15","24","11","19","1051","201","952","203","99","62",
"1400000US12103021502","Census Tract 215.02; Pinellas County; Florida","1087","345","241","90","213","87","28","31","0","15","28","31","846","354","792","353","54","46",
"1400000US12103021600","Census Tract 216; Pinellas County; Florida","1472","369","148","86","79","61","69","70","54","70","15","24","1324","385","1172","373","152","111",
"1400000US12103021800","Census Tract 218; Pinellas County; Florida","1302","186","494","116","382","105","112","58","21","30","91","48","808","206","642","190","166","109",
"1400000US12103021900","Census Tract 219; Pinellas County; Florida","1400","168","545","147","343","114","202","118","29","35","173","109","855","163","736","165","119","73",
"1400000US12103022000","Census Tract 220; Pinellas County; Florida","1087","172","655","170","343","123","312","145","32","41","280","156","432","131","408","131","24","31",
"1400000US12103022101","Census Tract 221.01; Pinellas County; Florida","848","110","317","85","216","67","101","66","54","47","47","48","531","116","325","98","206","104",
"1400000US12103022102","Census Tract 221.02; Pinellas County; Florida","1465","347","790","340","428","135","362","357","217","299","145","183","675","115","540","125","135","73",
"1400000US12103022200","Census Tract 222; Pinellas County; Florida","1932","293","804","182","517","115","287","180","136","164","151","72","1128","288","758","251","370","176",
"1400000US12103022301","Census Tract 223.01; Pinellas County; Florida","1214","174","527","123","379","122","148","66","51","41","97","49","687","146","598","145","89","54",
"1400000US12103022302","Census Tract 223.02; Pinellas County; Florida","1807","190","918","218","599","241","319","122","104","83","215","90","889","142","757","128","132","58",
"1400000US12103022401","Census Tract 224.01; Pinellas County; Florida","1549","182","1006","148","898","151","108","58","22","27","86","51","543","148","376","142","167","87",
"1400000US12103022402","Census Tract 224.02; Pinellas County; Florida","2231","325","1389","301","1114","318","275","194","65","85","210","176","842","210","659","153","183","159",
"1400000US12103022501","Census Tract 225.01; Pinellas County; Florida","2239","312","1034","251","741","208","293","180","91","99","202","142","1205","282","939","266","266","178",
"1400000US12103022502","Census Tract 225.02; Pinellas County; Florida","1397","132","776","131","581","117","195","97","45","38","150","83","621","124","399","108","222","83",
"1400000US12103022503","Census Tract 225.03; Pinellas County; Florida","2372","323","1585","368","1157","261","428","232","95","66","333","225","787","167","626","171","161","113",
"1400000US12103022601","Census Tract 226.01; Pinellas County; Florida","1423","189","779","150","507","145","272","107","30","26","242","102","644","170","553","166","91","66",
"1400000US12103022602","Census Tract 226.02; Pinellas County; Florida","1927","243","1261","231","964","241","297","194","59","32","238","194","666","128","544","128","122","60",
"1400000US12103022700","Census Tract 227; Pinellas County; Florida","1802","201","1154","202","889","213","265","94","98","74","167","85","648","136","493","116","155","83",
"1400000US12103022801","Census Tract 228.01; Pinellas County; Florida","2212","356","1102","144","774","134","328","106","34","31","294","104","1110","351","861","333","249","148",
"1400000US12103022802","Census Tract 228.02; Pinellas County; Florida","1357","161","819","150","694","160","125","65","18","29","107","66","538","142","468","137","70","52",
"1400000US12103022901","Census Tract 229.01; Pinellas County; Florida","1271","307","634","156","348","111","286","121","156","108","130","87","637","276","500","271","137","57",
"1400000US12103022902","Census Tract 229.02; Pinellas County; Florida","1204","193","469","110","353","98","116","70","49","50","67","53","735","190","562","163","173","102",
"1400000US12103023000","Census Tract 230; Pinellas County; Florida","1164","265","687","185","474","114","213","155","45","47","168","150","477","255","346","238","131","76",
"1400000US12103023100","Census Tract 231; Pinellas County; Florida","1290","189","647","205","460","209","187","63","114","62","73","57","643","132","487","133","156","69",
"1400000US12103023200","Census Tract 232; Pinellas County; Florida","1416","124","678","140","576","129","102","57","26","27","76","67","738","108","610","114","128","62",
"1400000US12103023300","Census Tract 233; Pinellas County; Florida","950","170","367","130","280","116","87","52","6","9","81","52","583","107","376","110","207","97",
"1400000US12103023400","Census Tract 234; Pinellas County; Florida","741","90","354","77","251","72","103","48","14","12","89","50","387","64","209","64","178","67",
"1400000US12103023501","Census Tract 235.01; Pinellas County; Florida","1093","167","412","131","358","122","54","47","8","12","46","44","681","137","473","131","208","98",
"1400000US12103023502","Census Tract 235.02; Pinellas County; Florida","631","82","275","80","192","73","83","65","13","15","70","65","356","83","288","76","68","42",
"1400000US12103023601","Census Tract 236.01; Pinellas County; Florida","1328","198","401","174","364","172","37","31","13","15","24","32","927","128","792","124","135","51",
"1400000US12103023602","Census Tract 236.02; Pinellas County; Florida","846","144","329","107","308","106","21","25","0","15","21","25","517","90","464","94","53","43",
"1400000US12103023700","Census Tract 237; Pinellas County; Florida","1190","317","649","87","638","86","11","17","0","15","11","17","541","308","471","304","70","48",
"1400000US12103023800","Census Tract 238; Pinellas County; Florida","1147","160","662","137","554","140","108","76","50","43","58","54","485","128","438","129","47","40",
"1400000US12103023900","Census Tract 239; Pinellas County; Florida","1072","285","452","106","367","97","85","38","36","26","49","28","620","289","514","280","106","76",
"1400000US12103024001","Census Tract 240.01; Pinellas County; Florida","1413","139","811","142","680","137","131","70","47","39","84","55","602","132","473","124","129","68",
"1400000US12103024002","Census Tract 240.02; Pinellas County; Florida","2881","399","1663","360","1429","343","234","109","61","64","173","88","1218","239","1121","240","97","65",
"1400000US12103024004","Census Tract 240.04; Pinellas County; Florida","1906","137","1278","198","1173","180","105","77","59","51","46","57","628","164","566","151","62","57",
"1400000US12103024005","Census Tract 240.05; Pinellas County; Florida","1233","308","930","287","855","293","75","52","0","15","75","52","303","120","226","107","77","47",
"1400000US12103024100","Census Tract 241; Pinellas County; Florida","2521","301","1190","247","911","242","279","126","100","92","179","89","1331","251","1132","239","199","117",
"1400000US12103024201","Census Tract 242.01; Pinellas County; Florida","1086","176","668","127","483","143","185","113","36","43","149","109","418","154","275","113","143","109",
"1400000US12103024202","Census Tract 242.02; Pinellas County; Florida","1282","296","848","296","731","292","117","57","16","25","101","52","434","103","235","100","199","98",
"1400000US12103024301","Census Tract 243.01; Pinellas County; Florida","1540","155","998","153","641","122","357","122","93","45","264","123","542","151","371","124","171","99",
"1400000US12103024302","Census Tract 243.02; Pinellas County; Florida","2042","212","990","178","685","152","305","146","108","86","197","106","1052","231","842","214","210","136",
"1400000US12103024403","Census Tract 244.03; Pinellas County; Florida","2004","340","773","167","584","160","189","93","109","75","80","55","1231","337","1007","324","224","106",
"1400000US12103024406","Census Tract 244.06; Pinellas County; Florida","3138","348","972","280","722","264","250","138","49","47","201","132","2166","344","1493","344","673","262",
"1400000US12103024408","Census Tract 244.08; Pinellas County; Florida","2000","213","930","188","615","165","315","153","52","54","263","143","1070","212","821","197","249","120",
"1400000US12103024409","Census Tract 244.09; Pinellas County; Florida","1379","153","930","146","814","141","116","65","9","14","107","63","449","122","384","118","65","46",
"1400000US12103024410","Census Tract 244.10; Pinellas County; Florida","1754","230","806","180","427","128","379","159","55","58","324","148","948","239","643","196","305","113",
"1400000US12103024411","Census Tract 244.11; Pinellas County; Florida","1900","245","1041","124","954","138","87","59","59","46","28","35","859","234","772","231","87","58",
"1400000US12103024412","Census Tract 244.12; Pinellas County; Florida","2880","263","646","227","487","168","159","143","78","113","81","72","2234","309","1516","315","718","240",
"1400000US12103024413","Census Tract 244.13; Pinellas County; Florida","2582","259","1122","227","920","233","202","134","29","48","173","126","1460","278","1198","212","262","191",
"1400000US12103024505","Census Tract 245.05; Pinellas County; Florida","2917","313","1922","298","1384","305","538","218","82","83","456","199","995","252","888","234","107","92",
"1400000US12103024507","Census Tract 245.07; Pinellas County; Florida","1787","200","1052","169","915","174","137","53","48","35","89","45","735","137","599","129","136","64",
"1400000US12103024508","Census Tract 245.08; Pinellas County; Florida","2322","329","1402","287","776","216","626","224","91","130","535","208","920","226","679","219","241","158",
"1400000US12103024509","Census Tract 245.09; Pinellas County; Florida","1767","183","907","151","634","122","273","133","19","20","254","135","860","138","636","137","224","85",
"1400000US12103024510","Census Tract 245.10; Pinellas County; Florida","775","185","442","100","226","75","216","74","48","47","168","77","333","179","264","170","69","49",
"1400000US12103024512","Census Tract 245.12; Pinellas County; Florida","1654","231","672","100","521","105","151","74","9","14","142","73","982","221","907","219","75","44",
"1400000US12103024514","Census Tract 245.14; Pinellas County; Florida","2433","308","1216","323","827","318","389","164","159","145","230","115","1217","244","588","187","629","219",
"1400000US12103024515","Census Tract 245.15; Pinellas County; Florida","1114","309","349","110","300","100","49","58","49","58","0","15","765","303","535","310","230","132",
"1400000US12103024516","Census Tract 245.16; Pinellas County; Florida","1493","220","651","158","590","153","61","61","24","26","37","56","842","221","731","210","111","77",
"1400000US12103024517","Census Tract 245.17; Pinellas County; Florida","1663","234","680","147","462","116","218","103","40","52","178","89","983","268","860","248","123","77",
"1400000US12103024518","Census Tract 245.18; Pinellas County; Florida","1019","104","211","84","134","60","77","72","23","37","54","64","808","113","495","158","313","154",
"1400000US12103024519","Census Tract 245.19; Pinellas County; Florida","2116","399","795","270","455","206","340","173","187","157","153","105","1321","328","1189","332","132","107",
"1400000US12103024601","Census Tract 246.01; Pinellas County; Florida","1639","262","1127","233","717","180","410","179","48","41","362","171","512","147","360","105","152","110",
"1400000US12103024603","Census Tract 246.03; Pinellas County; Florida","1249","209","740","214","365","128","375","179","126","149","249","106","509","153","273","117","236","97",
"1400000US12103024604","Census Tract 246.04; Pinellas County; Florida","1192","189","488","114","286","84","202","131","0","15","202","131","704","200","645","194","59","47",
"1400000US12103024701","Census Tract 247.01; Pinellas County; Florida","1393","169","692","157","473","117","219","130","20","23","199","133","701","138","599","158","102","70",
"1400000US12103024702","Census Tract 247.02; Pinellas County; Florida","1151","139","620","142","346","112","274","136","32","31","242","131","531","92","483","94","48","31",
"1400000US12103024703","Census Tract 247.03; Pinellas County; Florida","1172","325","804","299","334","103","470","311","85","58","385","309","368","140","355","141","13","16",
"1400000US12103024801","Census Tract 248.01; Pinellas County; Florida","1858","141","1012","118","720","120","292","114","144","101","148","63","846","140","651","121","195","81",
"1400000US12103024803","Census Tract 248.03; Pinellas County; Florida","823","117","461","100","280","94","181","77","45","44","136","70","362","123","331","118","31","29",
"1400000US12103024804","Census Tract 248.04; Pinellas County; Florida","872","151","662","152","430","147","232","98","185","91","47","38","210","71","146","55","64","46",
"1400000US12103024805","Census Tract 248.05; Pinellas County; Florida","1023","140","658","113","363","85","295","109","73","52","222","98","365","148","296","120","69","52",
"1400000US12103024901","Census Tract 249.01; Pinellas County; Florida","2087","267","1371","270","914","271","457","172","176","145","281","135","716","183","580","182","136","73",
"1400000US12103024904","Census Tract 249.04; Pinellas County; Florida","1393","147","828","167","570","124","258","137","86","63","172","122","565","143","399","123","166","81",
"1400000US12103024905","Census Tract 249.05; Pinellas County; Florida","2527","302","1259","266","914","273","345","139","75","68","270","114","1268","311","972","268","296","160",
"1400000US12103024906","Census Tract 249.06; Pinellas County; Florida","1580","143","848","144","632","153","216","90","28","31","188","84","732","129","556","119","176","85",
"1400000US12103024907","Census Tract 249.07; Pinellas County; Florida","1429","215","685","219","335","114","350","208","205","163","145","99","744","211","500","174","244","119",
"1400000US12103024908","Census Tract 249.08; Pinellas County; Florida","1178","117","770","127","505","145","265","107","76","68","189","85","408","114","351","112","57","46",
"1400000US12103025004","Census Tract 250.04; Pinellas County; Florida","2701","304","1598","260","1056","231","542","276","76","60","466","256","1103","344","889","339","214","165",
"1400000US12103025007","Census Tract 250.07; Pinellas County; Florida","1989","308","1083","136","737","118","346","127","76","51","270","121","906","317","601","177","305","288",
"1400000US12103025009","Census Tract 250.09; Pinellas County; Florida","1447","167","945","192","688","182","257","94","82","58","175","74","502","115","387","107","115","52",
"1400000US12103025011","Census Tract 250.11; Pinellas County; Florida","1936","259","1566","263","1269","233","297","118","86","65","211","115","370","83","285","86","85","45",
"1400000US12103025012","Census Tract 250.12; Pinellas County; Florida","2376","285","1141","174","836","167","305","143","113","92","192","87","1235","340","1029","340","206","110",
"1400000US12103025013","Census Tract 250.13; Pinellas County; Florida","1682","311","1245","310","1105","315","140","79","55","70","85","43","437","120","383","124","54","38",
"1400000US12103025014","Census Tract 250.14; Pinellas County; Florida","1744","130","1207","154","853","140","354","133","141","81","213","120","537","117","430","125","107","79",
"1400000US12103025015","Census Tract 250.15; Pinellas County; Florida","1724","207","592","116","475","79","117","73","44","41","73","55","1132","205","993","199","139","75",
"1400000US12103025016","Census Tract 250.16; Pinellas County; Florida","876","107","605","110","482","111","123","54","45","39","78","39","271","85","199","64","72","46",
"1400000US12103025017","Census Tract 250.17; Pinellas County; Florida","1445","177","668","160","483","149","185","94","30","39","155","84","777","123","664","114","113","71",
"1400000US12103025018","Census Tract 250.18; Pinellas County; Florida","918","173","377","103","246","75","131","75","59","47","72","52","541","178","440","172","101","80",
"1400000US12103025019","Census Tract 250.19; Pinellas County; Florida","1183","163","486","127","297","111","189","83","97","72","92","54","697","140","478","135","219","103",
"1400000US12103025020","Census Tract 250.20; Pinellas County; Florida","1363","389","691","155","505","122","186","101","11","18","175","99","672","385","298","120","374","352",
"1400000US12103025021","Census Tract 250.21; Pinellas County; Florida","1088","139","596","103","465","105","131","95","0","15","131","95","492","120","393","113","99","61",
"1400000US12103025106","Census Tract 251.06; Pinellas County; Florida","1415","163","604","148","503","143","101","59","69","48","32","37","811","149","685","146","126","68",
"1400000US12103025107","Census Tract 251.07; Pinellas County; Florida","1871","228","1142","152","869","159","273","121","23","30","250","119","729","224","549","205","180","100",
"1400000US12103025108","Census Tract 251.08; Pinellas County; Florida","1260","175","608","115","560","109","48","32","30","25","18","20","652","164","533","147","119","74",
"1400000US12103025109","Census Tract 251.09; Pinellas County; Florida","1988","186","974","231","719","200","255","131","84","73","171","108","1014","222","924","219","90","70",
"1400000US12103025110","Census Tract 251.10; Pinellas County; Florida","2178","200","1520","224","1386","211","134","95","99","85","35","44","658","205","540","183","118","85",
"1400000US12103025111","Census Tract 251.11; Pinellas County; Florida","1710","242","476","158","425","151","51","34","0","15","51","34","1234","255","1172","250","62","49",
"1400000US12103025112","Census Tract 251.12; Pinellas County; Florida","1455","166","783","145","566","128","217","84","49","45","168","80","672","161","456","133","216","119",
"1400000US12103025113","Census Tract 251.13; Pinellas County; Florida","1167","244","877","221","543","91","334","206","90","55","244","202","290","96","239","85","51","38",
"1400000US12103025114","Census Tract 251.14; Pinellas County; Florida","1350","185","775","178","641","168","134","88","0","15","134","88","575","128","465","117","110","81",
"1400000US12103025115","Census Tract 251.15; Pinellas County; Florida","1433","206","772","194","481","195","291","87","35","36","256","79","661","110","553","110","108","52",
"1400000US12103025116","Census Tract 251.16; Pinellas County; Florida","856","82","504","88","351","75","153","60","40","27","113","54","352","79","244","59","108","54",
"1400000US12103025119","Census Tract 251.19; Pinellas County; Florida","2301","382","1621","361","1413","375","208","114","25","29","183","107","680","198","556","173","124","84",
"1400000US12103025120","Census Tract 251.20; Pinellas County; Florida","1454","189","1172","160","1022","164","150","56","61","46","89","46","282","137","266","137","16","20",
"1400000US12103025121","Census Tract 251.21; Pinellas County; Florida","1924","159","1411","159","1253","152","158","69","61","37","97","60","513","133","445","125","68","43",
"1400000US12103025122","Census Tract 251.22; Pinellas County; Florida","2107","186","1363","163","1145","162","218","94","34","39","184","87","744","176","676","171","68","56",
"1400000US12103025123","Census Tract 251.23; Pinellas County; Florida","662","51","541","61","505","66","36","29","22","25","14","14","121","40","116","39","5","8",
"1400000US12103025204","Census Tract 252.04; Pinellas County; Florida","1542","230","667","114","519","121","148","73","79","58","69","47","875","224","739","205","136","91",
"1400000US12103025205","Census Tract 252.05; Pinellas County; Florida","1983","302","1230","236","915","112","315","219","87","59","228","207","753","222","677","209","76","60",
"1400000US12103025207","Census Tract 252.07; Pinellas County; Florida","2798","460","1513","314","971","307","542","222","40","33","502","218","1285","368","1045","358","240","111",
"1400000US12103025208","Census Tract 252.08; Pinellas County; Florida","830","148","353","61","263","53","90","40","42","24","48","36","477","144","461","145","16","14",
"1400000US12103025209","Census Tract 252.09; Pinellas County; Florida","2071","198","898","245","537","176","361","196","32","45","329","192","1173","244","1001","243","172","105",
"1400000US12103025210","Census Tract 252.10; Pinellas County; Florida","1293","196","988","220","920","219","68","47","13","23","55","40","305","112","277","108","28","30",
"1400000US12103025211","Census Tract 252.11; Pinellas County; Florida","1159","120","436","89","376","93","60","42","13","19","47","39","723","125","681","122","42","33",
"1400000US12103025303","Census Tract 253.03; Pinellas County; Florida","2601","316","1066","285","844","275","222","126","53","86","169","95","1535","219","1282","204","253","123",
"1400000US12103025305","Census Tract 253.05; Pinellas County; Florida","1224","184","579","178","310","95","269","137","124","103","145","96","645","143","581","143","64","44",
"1400000US12103025307","Census Tract 253.07; Pinellas County; Florida","1685","227","1141","246","815","229","326","116","69","51","257","110","544","129","482","134","62","46",
"1400000US12103025309","Census Tract 253.09; Pinellas County; Florida","1108","172","546","105","345","100","201","68","39","34","162","69","562","178","461","165","101","91",
"1400000US12103025310","Census Tract 253.10; Pinellas County; Florida","853","165","345","90","268","90","77","52","28","34","49","34","508","182","455","185","53","35",
"1400000US12103025311","Census Tract 253.11; Pinellas County; Florida","2024","279","1002","209","639","159","363","157","17","27","346","154","1022","289","850","215","172","149",
"1400000US12103025401","Census Tract 254.01; Pinellas County; Florida","2077","404","1253","182","1012","187","241","100","75","62","166","77","824","373","678","355","146","101",
"1400000US12103025407","Census Tract 254.07; Pinellas County; Florida","2293","254","1146","202","900","188","246","138","149","111","97","79","1147","286","940","275","207","115",
"1400000US12103025411","Census Tract 254.11; Pinellas County; Florida","647","79","452","88","317","79","135","52","11","13","124","50","195","54","91","38","104","53",
"1400000US12103025412","Census Tract 254.12; Pinellas County; Florida","2270","314","1210","203","829","226","381","120","91","83","290","109","1060","257","967","266","93","70",
"1400000US12103025413","Census Tract 254.13; Pinellas County; Florida","1763","198","878","171","617","140","261","149","62","94","199","117","885","149","699","146","186","101",
"1400000US12103025414","Census Tract 254.14; Pinellas County; Florida","1246","163","556","125","441","108","115","67","20","26","95","60","690","165","595","158","95","55",
"1400000US12103025415","Census Tract 254.15; Pinellas County; Florida","1177","145","618","144","385","118","233","121","54","42","179","113","559","129","516","129","43","29",
"1400000US12103025416","Census Tract 254.16; Pinellas County; Florida","1736","308","846","142","607","142","239","126","85","72","154","103","890","297","778","293","112","56",
"1400000US12103025417","Census Tract 254.17; Pinellas County; Florida","1378","307","663","120","525","120","138","76","18","21","120","72","715","285","635","279","80","42",
"1400000US12103025418","Census Tract 254.18; Pinellas County; Florida","1338","263","664","223","497","196","167","99","21","24","146","95","674","225","594","211","80","80",
"1400000US12103025419","Census Tract 254.19; Pinellas County; Florida","1536","293","924","312","392","172","532","294","242","225","290","168","612","159","551","155","61","44",
"1400000US12103025420","Census Tract 254.20; Pinellas County; Florida","1277","138","518","141","323","122","195","100","66","58","129","89","759","158","665","155","94","65",
"1400000US12103025421","Census Tract 254.21; Pinellas County; Florida","1895","288","871","231","796","238","75","59","49","51","26","31","1024","234","676","166","348","202",
"1400000US12103025501","Census Tract 255.01; Pinellas County; Florida","1688","210","1015","175","837","169","178","94","34","43","144","94","673","206","434","106","239","186",
"1400000US12103025505","Census Tract 255.05; Pinellas County; Florida","806","151","436","151","148","67","288","156","83","78","205","152","370","153","269","121","101","85",
"1400000US12103025507","Census Tract 255.07; Pinellas County; Florida","1450","194","742","135","630","157","112","75","24","40","88","63","708","173","619","170","89","62",
"1400000US12103025508","Census Tract 255.08; Pinellas County; Florida","721","138","275","91","210","97","65","48","15","19","50","40","446","106","399","104","47","36",
"1400000US12103025509","Census Tract 255.09; Pinellas County; Florida","1392","297","777","329","467","324","310","130","99","97","211","108","615","168","353","148","262","96",
"1400000US12103025510","Census Tract 255.10; Pinellas County; Florida","980","106","812","101","645","104","167","80","76","62","91","48","168","77","149","75","19","24",
"1400000US12103025602","Census Tract 256.02; Pinellas County; Florida","1529","229","673","159","444","157","229","115","48","64","181","98","856","204","758","203","98","73",
"1400000US12103025603","Census Tract 256.03; Pinellas County; Florida","1107","267","620","185","344","120","276","163","87","57","189","167","487","243","378","233","109","89",
"1400000US12103025604","Census Tract 256.04; Pinellas County; Florida","594","105","351","85","246","82","105","29","43","23","62","27","243","68","199","60","44","25",
"1400000US12103025700","Census Tract 257; Pinellas County; Florida","1920","135","1428","142","1262","168","166","92","58","35","108","91","492","157","451","156","41","32",
"1400000US12103025800","Census Tract 258; Pinellas County; Florida","1562","257","749","202","272","87","477","210","131","110","346","191","813","213","633","208","180","112",
"1400000US12103025901","Census Tract 259.01; Pinellas County; Florida","1703","350","682","174","498","179","184","114","107","115","77","41","1021","314","889","314","132","113",
"1400000US12103025902","Census Tract 259.02; Pinellas County; Florida","1153","216","422","118","330","82","92","86","48","61","44","56","731","200","678","201","53","41",
"1400000US12103026001","Census Tract 260.01; Pinellas County; Florida","1609","339","1055","215","946","205","109","79","86","77","23","19","554","268","534","266","20","22",
"1400000US12103026003","Census Tract 260.03; Pinellas County; Florida","819","155","436","88","344","82","92","35","53","30","39","20","383","140","365","137","18","20",
"1400000US12103026004","Census Tract 260.04; Pinellas County; Florida","518","101","303","81","289","80","14","15","7","10","7","10","215","71","205","69","10","16",
"1400000US12103026101","Census Tract 261.01; Pinellas County; Florida","867","142","553","119","394","116","159","66","42","48","117","44","314","125","254","115","60","45",
"1400000US12103026102","Census Tract 261.02; Pinellas County; Florida","632","148","305","71","233","49","72","50","0","15","72","50","327","155","293","155","34","22",
"1400000US12103026200","Census Tract 262; Pinellas County; Florida","892","172","477","115","127","59","350","112","49","53","301","100","415","187","351","178","64","43",
"1400000US12103026300","Census Tract 263; Pinellas County; Florida","2580","341","1755","274","923","240","832","260","219","185","613","192","825","264","719","255","106","99",
"1400000US12103026401","Census Tract 264.01; Pinellas County; Florida","1120","139","702","160","315","99","387","177","105","68","282","151","418","127","294","116","124","68",
"1400000US12103026402","Census Tract 264.02; Pinellas County; Florida","1187","162","653","196","184","82","469","189","248","118","221","151","534","149","452","141","82","56",
"1400000US12103026501","Census Tract 265.01; Pinellas County; Florida","1470","400","942","385","491","143","451","386","20","25","431","386","528","127","488","134","40","36",
"1400000US12103026502","Census Tract 265.02; Pinellas County; Florida","1268","152","875","206","622","190","253","109","59","70","194","93","393","143","299","127","94","75",
"1400000US12103026601","Census Tract 266.01; Pinellas County; Florida","1146","112","772","96","567","128","205","68","39","35","166","61","374","94","280","94","94","58",
"1400000US12103026602","Census Tract 266.02; Pinellas County; Florida","1096","320","665","230","394","121","271","210","26","27","245","208","431","235","403","230","28","26",
"1400000US12103026701","Census Tract 267.01; Pinellas County; Florida","1895","160","1122","183","723","170","399","132","216","104","183","82","773","135","598","148","175","106",
"1400000US12103026703","Census Tract 267.03; Pinellas County; Florida","2624","435","1429","374","984","357","445","150","156","127","289","97","1195","243","911","241","284","122",
"1400000US12103026704","Census Tract 267.04; Pinellas County; Florida","1605","341","983","304","744","286","239","117","26","39","213","110","622","197","493","196","129","132",
"1400000US12103026705","Census Tract 267.05; Pinellas County; Florida","1412","278","751","163","575","150","176","108","32","32","144","102","661","261","499","255","162","83",
"1400000US12103026804","Census Tract 268.04; Pinellas County; Florida","2174","204","1255","236","930","268","325","148","133","118","192","123","919","179","612","167","307","160",
"1400000US12103026809","Census Tract 268.09; Pinellas County; Florida","1291","141","769","146","623","157","146","74","69","54","77","56","522","114","458","107","64","39",
"1400000US12103026811","Census Tract 268.11; Pinellas County; Florida","2496","186","1654","178","1476","194","178","132","20","34","158","129","842","181","766","178","76","63",
"1400000US12103026812","Census Tract 268.12; Pinellas County; Florida","2127","278","997","219","789","215","208","108","66","69","142","88","1130","237","873","250","257","134",
"1400000US12103026813","Census Tract 268.13; Pinellas County; Florida","1498","342","1033","338","944","341","89","57","5","9","84","56","465","140","440","136","25","27",
"1400000US12103026814","Census Tract 268.14; Pinellas County; Florida","986","137","448","95","363","93","85","50","16","26","69","43","538","129","489","124","49","41",
"1400000US12103026815","Census Tract 268.15; Pinellas County; Florida","1922","183","1314","151","1161","149","153","88","73","61","80","56","608","197","532","194","76","68",
"1400000US12103026816","Census Tract 268.16; Pinellas County; Florida","2416","220","1529","236","1221","263","308","152","50","60","258","138","887","192","690","171","197","100",
"1400000US12103026817","Census Tract 268.17; Pinellas County; Florida","2157","272","1404","254","1026","260","378","139","184","133","194","113","753","219","614","224","139","96",
"1400000US12103026818","Census Tract 268.18; Pinellas County; Florida","1250","180","638","142","238","106","400","120","113","60","287","118","612","152","544","148","68","53",
"1400000US12103026819","Census Tract 268.19; Pinellas County; Florida","1168","174","684","178","573","166","111","67","11","18","100","64","484","129","385","118","99","66",
"1400000US12103026820","Census Tract 268.20; Pinellas County; Florida","2362","416","975","381","768","364","207","113","27","40","180","116","1387","299","1311","297","76","52",
"1400000US12103026821","Census Tract 268.21; Pinellas County; Florida","952","141","649","127","449","80","200","121","87","103","113","65","303","90","272","88","31","28",
"1400000US12103026904","Census Tract 269.04; Pinellas County; Florida","2125","244","988","313","707","273","281","154","143","110","138","102","1137","243","879","207","258","174",
"1400000US12103026908","Census Tract 269.08; Pinellas County; Florida","1658","207","979","122","862","124","117","52","23","20","94","48","679","178","454","134","225","154",
"1400000US12103026909","Census Tract 269.09; Pinellas County; Florida","2076","198","1200","201","929","216","271","155","159","128","112","92","876","194","815","197","61","49",
"1400000US12103026911","Census Tract 269.11; Pinellas County; Florida","2026","279","1282","282","933","280","349","129","164","81","185","109","744","219","624","200","120","60",
"1400000US12103026912","Census Tract 269.12; Pinellas County; Florida","2464","239","1045","197","704","198","341","124","41","46","300","114","1419","207","1255","202","164","92",
"1400000US12103026913","Census Tract 269.13; Pinellas County; Florida","1780","160","912","136","721","122","191","82","52","47","139","67","868","133","806","128","62","44",
"1400000US12103026914","Census Tract 269.14; Pinellas County; Florida","2120","382","1091","375","984","386","107","63","9","17","98","61","1029","276","882","276","147","95",
"1400000US12103026915","Census Tract 269.15; Pinellas County; Florida","1155","109","545","113","462","92","83","69","14","21","69","66","610","121","419","105","191","86",
"1400000US12103026916","Census Tract 269.16; Pinellas County; Florida","1840","165","993","177","689","183","304","180","137","154","167","114","847","149","685","150","162","98",
"1400000US12103026917","Census Tract 269.17; Pinellas County; Florida","892","183","425","182","352","158","73","78","58","75","15","17","467","75","431","75","36","32",
"1400000US12103027000","Census Tract 270; Pinellas County; Florida","2436","328","1290","248","862","237","428","166","251","116","177","106","1146","328","1011","329","135","92",
"1400000US12103027105","Census Tract 271.05; Pinellas County; Florida","1689","263","1109","166","938","184","171","87","13","20","158","84","580","236","446","233","134","64",
"1400000US12103027106","Census Tract 271.06; Pinellas County; Florida","1998","218","1388","195","1282","205","106","76","56","47","50","61","610","172","537","149","73","62",
"1400000US12103027107","Census Tract 271.07; Pinellas County; Florida","856","162","436","136","336","143","100","72","18","28","82","59","420","112","351","109","69","40",
"1400000US12103027108","Census Tract 271.08; Pinellas County; Florida","1216","171","413","119","337","103","76","66","0","15","76","66","803","175","719","164","84","58",
"1400000US12103027202","Census Tract 272.02; Pinellas County; Florida","2688","282","1921","321","1721","283","200","141","16","27","184","139","767","262","546","237","221","129",
"1400000US12103027204","Census Tract 272.04; Pinellas County; Florida","1758","174","1338","161","1019","157","319","144","121","98","198","98","420","137","414","136","6","11",
"1400000US12103027206","Census Tract 272.06; Pinellas County; Florida","2473","227","1772","266","1586","253","186","98","62","58","124","79","701","183","519","156","182","116",
"1400000US12103027207","Census Tract 272.07; Pinellas County; Florida","1769","168","1267","150","1022","149","245","93","22","26","223","88","502","148","397","123","105","68",
"1400000US12103027208","Census Tract 272.08; Pinellas County; Florida","2683","292","2008","310","1544","191","464","305","174","254","290","172","675","178","605","173","70","57",
"1400000US12103027209","Census Tract 272.09; Pinellas County; Florida","773","102","343","96","242","60","101","75","11","13","90","78","430","94","350","87","80","43",
"1400000US12103027210","Census Tract 272.10; Pinellas County; Florida","2144","346","1193","251","914","271","279","138","139","80","140","122","951","278","885","270","66","53",
"1400000US12103027211","Census Tract 272.11; Pinellas County; Florida","2006","358","1297","301","1012","213","285","260","14","24","271","257","709","233","680","227","29","36",
"1400000US12103027212","Census Tract 272.12; Pinellas County; Florida","1888","191","889","173","708","122","181","132","35","39","146","127","999","198","743","167","256","129",
"1400000US12103027308","Census Tract 273.08; Pinellas County; Florida","1922","178","1276","167","976","168","300","140","10","19","290","140","646","176","467","139","179","118",
"1400000US12103027309","Census Tract 273.09; Pinellas County; Florida","877","112","713","114","688","113","25","20","9","13","16","13","164","65","132","54","32","32",
"1400000US12103027314","Census Tract 273.14; Pinellas County; Florida","1462","135","898","142","725","141","173","68","18","26","155","66","564","160","478","141","86","75",
"1400000US12103027316","Census Tract 273.16; Pinellas County; Florida","1771","187","1071","159","886","167","185","88","50","67","135","67","700","151","663","150","37","31",
"1400000US12103027317","Census Tract 273.17; Pinellas County; Florida","2085","225","1434","201","1022","188","412","154","18","29","394","154","651","201","457","190","194","96",
"1400000US12103027318","Census Tract 273.18; Pinellas County; Florida","1908","319","983","177","836","171","147","80","27","37","120","71","925","315","800","310","125","73",
"1400000US12103027319","Census Tract 273.19; Pinellas County; Florida","1779","201","1073","185","794","180","279","123","57","59","222","114","706","214","575","212","131","79",
"1400000US12103027320","Census Tract 273.20; Pinellas County; Florida","1818","205","1302","178","1040","188","262","122","53","41","209","127","516","136","390","105","126","95",
"1400000US12103027321","Census Tract 273.21; Pinellas County; Florida","565","87","508","88","463","84","45","46","1","3","44","46","57","27","51","25","6","9",
"1400000US12103027323","Census Tract 273.23; Pinellas County; Florida","1422","340","985","354","663","275","322","232","28","30","294","231","437","111","376","109","61","42",
"1400000US12103027324","Census Tract 273.24; Pinellas County; Florida","1855","191","1291","173","1183","182","108","67","35","34","73","50","564","139","478","137","86","51",
"1400000US12103027325","Census Tract 273.25; Pinellas County; Florida","1451","149","1123","137","1033","138","90","52","6","11","84","52","328","118","235","97","93","60",
"1400000US12103027326","Census Tract 273.26; Pinellas County; Florida","2020","274","894","263","632","227","262","121","61","46","201","109","1126","258","904","175","222","174",
"1400000US12103027327","Census Tract 273.27; Pinellas County; Florida","1914","195","1293","211","998","220","295","117","47","38","248","113","621","179","480","182","141","69",
"1400000US12103027328","Census Tract 273.28; Pinellas County; Florida","1517","185","1249","174","1172","181","77","60","34","38","43","38","268","103","247","98","21","23",
"1400000US12103027329","Census Tract 273.29; Pinellas County; Florida","1389","155","1088","141","903","150","185","106","13","21","172","107","301","103","262","97","39","33",
"1400000US12103027330","Census Tract 273.30; Pinellas County; Florida","1547","335","339","88","221","64","118","64","29","35","89","54","1208","339","1182","335","26","30",
"1400000US12103027331","Census Tract 273.31; Pinellas County; Florida","1718","350","952","221","640","119","312","197","54","69","258","188","766","297","665","289","101","55",
"1400000US12103027332","Census Tract 273.32; Pinellas County; Florida","1161","134","669","118","609","111","60","46","0","15","60","46","492","126","445","128","47","33",
"1400000US12103027333","Census Tract 273.33; Pinellas County; Florida","1714","269","856","187","607","137","249","114","27","32","222","107","858","245","752","242","106","77",
"1400000US12103027401","Census Tract 274.01; Pinellas County; Florida","1394","136","636","142","462","121","174","94","81","83","93","55","758","165","573","176","185","111",
"1400000US12103027404","Census Tract 274.04; Pinellas County; Florida","3893","408","1940","318","1319","300","621","273","119","164","502","235","1953","401","1637","370","316","165",
"1400000US12103027501","Census Tract 275.01; Pinellas County; Florida","2848","389","1861","394","1589","419","272","118","58","73","214","110","987","308","755","296","232","136",
"1400000US12103027503","Census Tract 275.03; Pinellas County; Florida","1885","377","1016","180","753","156","263","95","60","55","203","83","869","362","783","357","86","63",
"1400000US12103027504","Census Tract 275.04; Pinellas County; Florida","1179","137","855","133","650","135","205","94","127","112","78","66","324","114","260","116","64","57",
"1400000US12103027603","Census Tract 276.03; Pinellas County; Florida","1120","124","616","102","580","100","36","27","6","10","30","25","504","135","345","108","159","91",
"1400000US12103027604","Census Tract 276.04; Pinellas County; Florida","1487","240","986","199","940","194","46","40","18","20","28","37","501","129","461","122","40","36",
"1400000US12103027605","Census Tract 276.05; Pinellas County; Florida","698","67","509","60","474","60","35","19","15","12","20","12","189","36","154","34","35","17",
"1400000US12103027606","Census Tract 276.06; Pinellas County; Florida","816","103","457","85","423","86","34","23","0","15","34","23","359","101","274","90","85","36",
"1400000US12103027701","Census Tract 277.01; Pinellas County; Florida","1225","129","852","113","743","108","109","38","29","26","80","28","373","63","307","54","66","28",
"1400000US12103027703","Census Tract 277.03; Pinellas County; Florida","548","87","349","79","337","77","12","13","0","15","12","13","199","65","175","57","24","29",
"1400000US12103027704","Census Tract 277.04; Pinellas County; Florida","1293","157","591","91","547","97","44","29","21","16","23","28","702","149","603","147","99","53",
"1400000US12103027801","Census Tract 278.01; Pinellas County; Florida","595","142","229","71","202","64","27","24","6","10","21","21","366","110","337","105","29","23",
"1400000US12103027802","Census Tract 278.02; Pinellas County; Florida","1350","127","838","178","739","198","99","67","72","51","27","41","512","200","382","179","130","85",
"1400000US12103027901","Census Tract 279.01; Pinellas County; Florida","1113","229","545","144","519","147","26","29","12","19","14","22","568","205","453","189","115","77",
"1400000US12103027905","Census Tract 279.05; Pinellas County; Florida","2740","296","1274","193","1181","191","93","56","21","30","72","50","1466","382","1217","388","249","145",
"1400000US12103028002","Census Tract 280.02; Pinellas County; Florida","1843","206","1344","212","1126","187","218","109","17","24","201","113","499","144","386","115","113","75",
"1400000US12103028004","Census Tract 280.04; Pinellas County; Florida","1089","280","531","138","494","133","37","38","19","32","18","20","558","248","447","240","111","92",
"1400000US12103028005","Census Tract 280.05; Pinellas County; Florida","975","193","485","92","466","88","19","18","7","12","12","13","490","178","445","175","45","33",
"1400000US12103028006","Census Tract 280.06; Pinellas County; Florida","1055","292","537","299","524","298","13","20","0","15","13","20","518","117","423","109","95","48",
"1400000US12103028102","Census Tract 281.02; Pinellas County; Florida","1827","231","1056","177","913","155","143","105","20","27","123","98","771","216","473","128","298","193",
"1400000US12103028103","Census Tract 281.03; Pinellas County; Florida","1304","218","353","108","293","93","60","61","0","15","60","61","951","242","786","228","165","127",
"1400000US12103028104","Census Tract 281.04; Pinellas County; Florida","2070","224","766","183","749","186","17","27","17","27","0","15","1304","244","1244","239","60","60",
"1400000US12103028200","Census Tract 282; Pinellas County; Florida","954","145","628","137","475","119","153","75","121","67","32","31","326","102","256","97","70","56",
"1400000US12103028300","Census Tract 283; Pinellas County; Florida","1421","235","714","179","357","103","357","160","40","33","317","164","707","199","593","198","114","54",
"1400000US12103028403","Census Tract 284.03; Pinellas County; Florida","1874","201","600","125","540","123","60","51","47","46","13","21","1274","195","1032","195","242","86",
"1400000US12103028500","Census Tract 285; Pinellas County; Florida","1034","154","492","141","417","131","75","57","26","43","49","37","542","155","371","111","171","90",
"1400000US12103028601","Census Tract 286.01; Pinellas County; Florida","2381","283","461","147","392","142","69","60","11","17","58","58","1920","273","1730","267","190","121",
"1400000US12103028602","Census Tract 286.02; Pinellas County; Florida","1320","316","298","97","298","97","0","15","0","15","0","15","1022","314","691","197","331","282",
"1400000US12103028700","Census Tract 287; Pinellas County; Florida","764","159","489","144","273","112","216","106","58","28","158","108","275","95","190","100","85","76",
"1400000US12103990000","Census Tract 9900; Pinellas County; Florida","0","15","0","15","0","15","0","15","0","15","0","15","0","15","0","15","0","15",
"1400000US12103990100","Census Tract 9901; Pinellas County; Florida","0","15","0","15","0","15","0","15","0","15","0","15","0","15","0","15","0","15",
"1400000US12105010300","Census Tract 103; Polk County; Florida","1766","240","1007","240","762","215","245","185","51","59","194","182","759","173","486","149","273","155",
"1400000US12105010401","Census Tract 104.01; Polk County; Florida","965","116","344","81","281","80","63","44","29","33","34","28","621","119","500","125","121","70",
"1400000US12105010402","Census Tract 104.02; Polk County; Florida","1360","182","730","138","538","102","192","80","32","37","160","76","630","188","492","161","138","99",
"1400000US12105010501","Census Tract 105.01; Polk County; Florida","683","111","500","107","366","58","134","87","66","71","68","50","183","62","174","60","9","12",
"1400000US12105010502","Census Tract 105.02; Polk County; Florida","1800","141","988","157","801","126","187","94","95","71","92","71","812","156","629","157","183","108",
"1400000US12105010601","Census Tract 106.01; Polk County; Florida","1675","210","1127","230","942","224","185","98","92","82","93","57","548","141","410","109","138","110",
"1400000US12105010603","Census Tract 106.03; Polk County; Florida","1282","121","927","95","822","98","105","62","18","18","87","58","355","99","323","96","32","18",
"1400000US12105010604","Census Tract 106.04; Polk County; Florida","1606","233","993","236","661","188","332","158","64","43","268","155","613","237","523","224","90","69",
"1400000US12105010701","Census Tract 107.01; Polk County; Florida","1894","208","939","188","614","162","325","159","26","31","299","152","955","192","755","195","200","119",
"1400000US12105010702","Census Tract 107.02; Polk County; Florida","1707","239","698","160","528","147","170","77","23","23","147","76","1009","220","773","211","236","100",
"1400000US12105010800","Census Tract 108; Polk County; Florida","1420","219","703","188","417","146","286","132","0","15","286","132","717","173","543","131","174","115",
"1400000US12105010900","Census Tract 109; Polk County; Florida","1793","255","1044","284","552","165","492","227","126","113","366","194","749","204","598","188","151","104",
"1400000US12105011000","Census Tract 110; Polk County; Florida","1317","141","614","137","419","120","195","111","0","15","195","111","703","117","653","119","50","47",
"1400000US12105011100","Census Tract 111; Polk County; Florida","1141","136","742","158","462","127","280","153","117","110","163","113","399","132","353","123","46","54",
"1400000US12105011202","Census Tract 112.02; Polk County; Florida","654","111","424","118","208","80","216","106","24","38","192","112","230","79","194","76","36","44",
"1400000US12105011203","Census Tract 112.03; Polk County; Florida","1349","186","730","172","185","98","545","141","124","75","421","127","619","183","527","169","92","97",
"1400000US12105011204","Census Tract 112.04; Polk County; Florida","596","181","317","122","72","45","245","130","0","15","245","130","279","150","195","85","84","125",
"1400000US12105011300","Census Tract 113; Polk County; Florida","675","133","402","109","235","84","167","89","48","39","119","83","273","105","210","99","63","32",
"1400000US12105011400","Census Tract 114; Polk County; Florida","1801","199","1281","253","634","203","647","196","152","102","495","168","520","153","482","157","38","34",
"1400000US12105011501","Census Tract 115.01; Polk County; Florida","1933","274","1419","267","671","262","748","274","168","124","580","259","514","214","414","203","100","88",
"1400000US12105011502","Census Tract 115.02; Polk County; Florida","3719","452","2044","449","1672","405","372","201","148","169","224","108","1675","363","1073","324","602","280",
"1400000US12105011603","Census Tract 116.03; Polk County; Florida","985","113","598","122","478","118","120","57","19","29","101","47","387","111","256","91","131","68",
"1400000US12105011604","Census Tract 116.04; Polk County; Florida","2378","264","1440","323","784","219","656","309","148","131","508","270","938","287","867","287","71","75",
"1400000US12105011605","Census Tract 116.05; Polk County; Florida","1585","151","1248","127","1086","147","162","81","30","35","132","74","337","120","283","110","54","43",
"1400000US12105011606","Census Tract 116.06; Polk County; Florida","638","90","448","88","245","62","203","92","35","38","168","82","190","72","150","68","40","28",
"1400000US12105011704","Census Tract 117.04; Polk County; Florida","1763","218","1002","163","575","138","427","135","169","85","258","123","761","218","544","190","217","148",
"1400000US12105011721","Census Tract 117.21; Polk County; Florida","1126","116","729","119","535","121","194","95","95","63","99","85","397","121","294","114","103","76",
"1400000US12105011722","Census Tract 117.22; Polk County; Florida","1159","202","597","129","455","136","142","86","94","79","48","38","562","199","520","196","42","34",
"1400000US12105011731","Census Tract 117.31; Polk County; Florida","1270","184","910","194","673","157","237","129","118","97","119","88","360","109","314","108","46","32",
"1400000US12105011732","Census Tract 117.32; Polk County; Florida","1562","380","1109","306","434","104","675","311","196","141","479","290","453","279","355","261","98","75",
"1400000US12105011821","Census Tract 118.21; Polk County; Florida","1002","77","782","117","729","113","53","39","15","18","38","31","220","92","161","80","59","44",
"1400000US12105011822","Census Tract 118.22; Polk County; Florida","1479","188","1251","212","1010","224","241","108","82","56","159","99","228","85","195","83","33","31",
"1400000US12105011832","Census Tract 118.32; Polk County; Florida","1827","156","1232","195","940","159","292","117","143","84","149","92","595","158","462","144","133","98",
"1400000US12105011834","Census Tract 118.34; Polk County; Florida","2831","431","1979","328","1692","294","287","159","97","119","190","114","852","366","720","350","132","109",
"1400000US12105011835","Census Tract 118.35; Polk County; Florida","1881","151","1418","139","1097","163","321","111","113","82","208","80","463","132","344","124","119","68",
"1400000US12105011836","Census Tract 118.36; Polk County; Florida","1320","114","974","118","734","135","240","124","116","68","124","101","346","98","294","98","52","38",
"1400000US12105011837","Census Tract 118.37; Polk County; Florida","1609","230","1234","227","1111","231","123","95","54","78","69","70","375","135","244","120","131","82",
"1400000US12105011838","Census Tract 118.38; Polk County; Florida","1334","215","1139","207","1011","231","128","73","53","53","75","56","195","97","112","69","83","63",
"1400000US12105011901","Census Tract 119.01; Polk County; Florida","1979","217","1343","184","640","125","703","187","46","45","657","178","636","143","535","140","101","60",
"1400000US12105011902","Census Tract 119.02; Polk County; Florida","1422","120","854","112","608","109","246","105","76","44","170","97","568","148","419","155","149","81",
"1400000US12105011908","Census Tract 119.08; Polk County; Florida","1875","122","1113","182","776","131","337","145","75","68","262","128","762","136","572","138","190","99",
"1400000US12105011909","Census Tract 119.09; Polk County; Florida","1399","233","1160","245","1063","245","97","66","52","54","45","34","239","90","199","87","40","33",
"1400000US12105011910","Census Tract 119.10; Polk County; Florida","549","47","439","66","356","74","83","58","26","23","57","53","110","46","100","41","10","16",
"1400000US12105011911","Census Tract 119.11; Polk County; Florida","1927","118","1602","153","1271","167","331","126","44","46","287","112","325","113","230","86","95","67",
"1400000US12105011912","Census Tract 119.12; Polk County; Florida","1040","154","714","159","616","158","98","75","19","23","79","73","326","77","273","68","53","46",
"1400000US12105011913","Census Tract 119.13; Polk County; Florida","889","106","622","137","365","129","257","150","25","39","232","146","267","109","168","78","99","77",
"1400000US12105012001","Census Tract 120.01; Polk County; Florida","1905","171","1368","214","764","151","604","202","249","144","355","145","537","193","483","186","54","62",
"1400000US12105012002","Census Tract 120.02; Polk County; Florida","1645","293","734","156","372","131","362","120","199","141","163","81","911","281","761","272","150","88",
"1400000US12105012003","Census Tract 120.03; Polk County; Florida","3057","259","1807","249","1390","262","417","190","38","42","379","186","1250","312","1133","314","117","102",
"1400000US12105012004","Census Tract 120.04; Polk County; Florida","1140","284","733","195","534","199","199","86","92","68","107","86","407","203","366","191","41","63",
"1400000US12105012113","Census Tract 121.13; Polk County; Florida","2455","261","1416","211","1146","194","270","154","64","77","206","140","1039","253","803","204","236","184",
"1400000US12105012124","Census Tract 121.24; Polk County; Florida","2082","231","1690","232","1189","180","501","207","99","75","402","201","392","165","237","139","155","99",
"1400000US12105012125","Census Tract 121.25; Polk County; Florida","1023","115","787","146","559","162","228","70","57","41","171","55","236","86","108","51","128","69",
"1400000US12105012126","Census Tract 121.26; Polk County; Florida","1871","271","1249","290","909","304","340","174","161","138","179","99","622","146","537","143","85","53",
"1400000US12105012127","Census Tract 121.27; Polk County; Florida","3692","347","2304","304","1742","306","562","205","113","117","449","194","1388","302","991","246","397","227",
"1400000US12105012128","Census Tract 121.28; Polk County; Florida","2065","180","1532","196","1110","177","422","117","103","57","319","101","533","199","399","136","134","135",
"1400000US12105012130","Census Tract 121.30; Polk County; Florida","903","128","596","118","421","103","175","73","79","57","96","46","307","118","245","105","62","55",
"1400000US12105012131","Census Tract 121.31; Polk County; Florida","1613","178","1034","182","963","183","71","51","24","25","47","43","579","132","518","130","61","47",
"1400000US12105012132","Census Tract 121.32; Polk County; Florida","1077","268","1039","274","741","215","298","157","114","144","184","81","38","32","38","32","0","15",
"1400000US12105012133","Census Tract 121.33; Polk County; Florida","1761","327","1455","338","1175","350","280","128","53","57","227","120","306","106","242","90","64","60",
"1400000US12105012203","Census Tract 122.03; Polk County; Florida","1184","234","932","235","646","224","286","143","51","49","235","140","252","95","180","76","72","57",
"1400000US12105012207","Census Tract 122.07; Polk County; Florida","1425","210","1038","198","767","237","271","144","49","64","222","130","387","131","349","132","38","35",
"1400000US12105012208","Census Tract 122.08; Polk County; Florida","1395","300","927","294","263","97","664","300","88","72","576","308","468","138","376","141","92","58",
"1400000US12105012209","Census Tract 122.09; Polk County; Florida","2938","221","1553","272","1182","267","371","225","95","114","276","171","1385","311","1106","276","279","178",
"1400000US12105012303","Census Tract 123.03; Polk County; Florida","1446","168","1116","165","803","158","313","153","47","36","266","153","330","132","220","103","110","83",
"1400000US12105012304","Census Tract 123.04; Polk County; Florida","1910","164","1689","176","1466","140","223","164","48","56","175","160","221","78","150","63","71","49",
"1400000US12105012305","Census Tract 123.05; Polk County; Florida","525","70","348","62","271","61","77","49","47","35","30","26","177","77","76","42","101","71",
"1400000US12105012306","Census Tract 123.06; Polk County; Florida","752","106","611","108","511","94","100","57","35","35","65","43","141","59","110","54","31","31",
"1400000US12105012307","Census Tract 123.07; Polk County; Florida","916","107","692","100","458","132","234","115","139","103","95","57","224","98","213","96","11","16",
"1400000US12105012309","Census Tract 123.09; Polk County; Florida","748","249","577","246","501","251","76","35","27","19","49","30","171","92","70","34","101","90",
"1400000US12105012404","Census Tract 124.04; Polk County; Florida","279","76","167","61","130","52","37","31","5","8","32","30","112","57","76","51","36","30",
"1400000US12105012405","Census Tract 124.05; Polk County; Florida","4896","477","3443","473","2349","469","1094","303","263","164","831","271","1453","409","809","335","644","285",
"1400000US12105012407","Census Tract 124.07; Polk County; Florida","509","82","355","93","265","71","90","47","32","32","58","40","154","81","139","79","15","15",
"1400000US12105012408","Census Tract 124.08; Polk County; Florida","2363","316","2029","300","1783","286","246","147","112","118","134","88","334","123","247","102","87","67",
"1400000US12105012409","Census Tract 124.09; Polk County; Florida","1241","140","928","122","756","129","172","74","48","42","124","62","313","121","243","123","70","60",
"1400000US12105012410","Census Tract 124.10; Polk County; Florida","1253","200","899","160","637","163","262","138","89","95","173","111","354","190","320","190","34","35",
"1400000US12105012411","Census Tract 124.11; Polk County; Florida","3170","383","2487","383","1366","246","1121","360","564","273","557","319","683","226","441","186","242","129",
"1400000US12105012412","Census Tract 124.12; Polk County; Florida","3228","327","2369","375","1646","342","723","337","279","250","444","261","859","277","523","216","336","168",
"1400000US12105012413","Census Tract 124.13; Polk County; Florida","3679","439","2799","422","2237","413","562","197","50","59","512","186","880","310","691","295","189","125",
"1400000US12105012414","Census Tract 124.14; Polk County; Florida","890","241","536","249","371","99","165","225","158","224","7","11","354","86","315","82","39","26",
"1400000US12105012415","Census Tract 124.15; Polk County; Florida","1364","231","1016","210","786","212","230","96","85","72","145","73","348","145","248","130","100","84",
"1400000US12105012502","Census Tract 125.02; Polk County; Florida","6155","496","4537","490","2902","467","1635","406","90","81","1545","411","1618","425","1160","364","458","274",
"1400000US12105012506","Census Tract 125.06; Polk County; Florida","4770","668","3177","571","2098","584","1079","394","317","209","762","329","1593","497","747","358","846","320",
"1400000US12105012508","Census Tract 125.08; Polk County; Florida","1596","191","1078","167","733","192","345","144","137","105","208","128","518","176","437","168","81","73",
"1400000US12105012509","Census Tract 125.09; Polk County; Florida","1167","202","724","130","599","128","125","74","45","36","80","68","443","173","369","160","74","67",
"1400000US12105012510","Census Tract 125.10; Polk County; Florida","1483","198","943","261","356","117","587","275","113","105","474","281","540","190","522","189","18","22",
"1400000US12105012511","Census Tract 125.11; Polk County; Florida","1460","187","1099","202","747","202","352","164","11","22","341","164","361","147","280","135","81","78",
"1400000US12105012512","Census Tract 125.12; Polk County; Florida","2294","249","1841","258","1684","278","157","115","41","52","116","105","453","199","288","168","165","134",
"1400000US12105012513","Census Tract 125.13; Polk County; Florida","2973","465","1950","440","1858","439","92","69","54","61","38","47","1023","339","927","350","96","73",
"1400000US12105012514","Census Tract 125.14; Polk County; Florida","4629","448","3661","451","2738","400","923","304","343","209","580","204","968","384","745","375","223","135",
"1400000US12105012515","Census Tract 125.15; Polk County; Florida","2779","311","2305","281","1623","272","682","303","114","98","568","304","474","189","379","159","95","123",
"1400000US12105012601","Census Tract 126.01; Polk County; Florida","2353","316","1679","272","932","257","747","182","357","164","390","152","674","243","612","235","62","56",
"1400000US12105012602","Census Tract 126.02; Polk County; Florida","1712","206","1411","201","634","188","777","201","295","180","482","139","301","145","256","134","45","62",
"1400000US12105012701","Census Tract 127.01; Polk County; Florida","1374","268","884","238","565","223","319","117","60","55","259","101","490","152","384","133","106","64",
"1400000US12105012702","Census Tract 127.02; Polk County; Florida","1800","374","1065","303","694","217","371","207","39","36","332","210","735","320","600","310","135","93",
"1400000US12105012802","Census Tract 128.02; Polk County; Florida","2241","228","1558","265","1087","255","471","197","166","136","305","169","683","249","625","233","58","55",
"1400000US12105012803","Census Tract 128.03; Polk County; Florida","2560","358","1679","278","1394","333","285","203","121","130","164","154","881","295","805","282","76","61",
"1400000US12105012804","Census Tract 128.04; Polk County; Florida","2840","392","1664","316","1421","264","243","211","132","137","111","126","1176","404","790","232","386","336",
"1400000US12105012900","Census Tract 129; Polk County; Florida","2650","331","1903","283","1606","296","297","139","25","43","272","129","747","276","625","273","122","106",
"1400000US12105013001","Census Tract 130.01; Polk County; Florida","1430","189","1182","174","909","145","273","136","157","141","116","76","248","130","227","127","21","32",
"1400000US12105013002","Census Tract 130.02; Polk County; Florida","2400","286","1583","307","890","246","693","254","212","159","481","215","817","250","741","254","76","70",
"1400000US12105013101","Census Tract 131.01; Polk County; Florida","1775","181","1321","168","1177","153","144","97","36","31","108","95","454","126","296","90","158","110",
"1400000US12105013102","Census Tract 131.02; Polk County; Florida","1630","263","978","216","742","170","236","150","40","46","196","139","652","178","572","164","80","61",
"1400000US12105013103","Census Tract 131.03; Polk County; Florida","416","107","353","110","188","94","165","69","29","27","136","64","63","33","45","33","18","20",
"1400000US12105013200","Census Tract 132; Polk County; Florida","684","123","445","106","225","88","220","95","58","54","162","79","239","102","167","88","72","55",
"1400000US12105013300","Census Tract 133; Polk County; Florida","847","125","644","126","421","125","223","65","48","40","175","63","203","64","176","56","27","29",
"1400000US12105013400","Census Tract 134; Polk County; Florida","2117","346","1513","349","710","347","803","307","328","226","475","214","604","191","526","203","78","87",
"1400000US12105013500","Census Tract 135; Polk County; Florida","1404","170","692","154","569","169","123","78","22","36","101","84","712","168","657","162","55","45",
"1400000US12105013601","Census Tract 136.01; Polk County; Florida","773","135","424","128","191","84","233","121","0","15","233","121","349","123","320","119","29","30",
"1400000US12105013602","Census Tract 136.02; Polk County; Florida","1429","205","969","208","421","136","548","171","235","119","313","164","460","195","448","195","12","20",
"1400000US12105013701","Census Tract 137.01; Polk County; Florida","1033","219","371","168","339","162","32","61","9","13","23","62","662","150","641","151","21","33",
"1400000US12105013702","Census Tract 137.02; Polk County; Florida","2490","357","1544","329","780","217","764","323","141","101","623","320","946","304","686","290","260","140",
"1400000US12105013801","Census Tract 138.01; Polk County; Florida","1718","258","1022","274","560","141","462","251","39","30","423","246","696","152","596","153","100","76",
"1400000US12105013802","Census Tract 138.02; Polk County; Florida","2741","344","1836","343","823","236","1013","330","407","298","606","296","905","250","867","248","38","50",
"1400000US12105013901","Census Tract 139.01; Polk County; Florida","1152","145","639","153","273","92","366","145","184","121","182","84","513","165","395","154","118","81",
"1400000US12105013902","Census Tract 139.02; Polk County; Florida","1966","211","1337","202","1117","199","220","109","107","84","113","100","629","161","458","144","171","121",
"1400000US12105014001","Census Tract 140.01; Polk County; Florida","2325","292","1711","239","1104","268","607","213","152","159","455","208","614","214","560","220","54","47",
"1400000US12105014003","Census Tract 140.03; Polk County; Florida","1586","213","974","145","681","117","293","113","17","28","276","119","612","212","518","188","94","111",
"1400000US12105014005","Census Tract 140.05; Polk County; Florida","1675","211","1135","212","917","210","218","94","80","73","138","60","540","138","375","126","165","88",
"1400000US12105014006","Census Tract 140.06; Polk County; Florida","1356","184","1016","203","764","127","252","165","109","81","143","141","340","113","273","87","67","82",
"1400000US12105014104","Census Tract 141.04; Polk County; Florida","1112","152","823","152","567","119","256","116","59","57","197","104","289","102","159","78","130","72",
"1400000US12105014121","Census Tract 141.21; Polk County; Florida","1389","270","1076","263","842","247","234","111","105","82","129","88","313","135","204","91","109","85",
"1400000US12105014123","Census Tract 141.23; Polk County; Florida","2822","320","1923","239","1528","221","395","152","83","75","312","132","899","361","653","280","246","203",
"1400000US12105014124","Census Tract 141.24; Polk County; Florida","910","136","655","124","512","119","143","56","27","29","116","52","255","87","194","75","61","36",
"1400000US12105014126","Census Tract 141.26; Polk County; Florida","1612","223","1227","227","853","208","374","169","148","102","226","129","385","191","264","174","121","90",
"1400000US12105014127","Census Tract 141.27; Polk County; Florida","2567","430","2222","427","1541","435","681","268","190","208","491","210","345","167","204","126","141","114",
"1400000US12105014128","Census Tract 141.28; Polk County; Florida","2233","310","1877","327","1434","331","443","183","50","74","393","167","356","171","178","128","178","140",
"1400000US12105014129","Census Tract 141.29; Polk County; Florida","1458","228","985","218","785","233","200","98","51","61","149","93","473","185","412","179","61","45",
"1400000US12105014130","Census Tract 141.30; Polk County; Florida","1384","227","959","158","622","165","337","143","59","68","278","124","425","213","348","203","77","55",
"1400000US12105014131","Census Tract 141.31; Polk County; Florida","993","159","769","167","457","159","312","141","189","127","123","90","224","96","224","96","0","15",
"1400000US12105014201","Census Tract 142.01; Polk County; Florida","2354","206","1416","233","1282","240","134","76","62","65","72","61","938","204","823","189","115","70",
"1400000US12105014202","Census Tract 142.02; Polk County; Florida","1246","191","965","166","717","118","248","145","79","67","169","140","281","117","281","117","0","15",
"1400000US12105014203","Census Tract 142.03; Polk County; Florida","1618","317","773","180","691","190","82","48","16","19","66","47","845","299","717","305","128","90",
"1400000US12105014301","Census Tract 143.01; Polk County; Florida","783","136","374","131","121","55","253","109","21","32","232","103","409","145","264","87","145","109",
"1400000US12105014303","Census Tract 143.03; Polk County; Florida","1322","164","923","174","535","133","388","177","35","35","353","178","399","132","382","127","17","26",
"1400000US12105014304","Census Tract 143.04; Polk County; Florida","1021","247","690","236","654","238","36","31","0","15","36","31","331","123","261","123","70","53",
"1400000US12105014401","Census Tract 144.01; Polk County; Florida","3881","463","2957","405","2542","383","415","217","0","21","415","217","924","248","775","243","149","86",
"1400000US12105014402","Census Tract 144.02; Polk County; Florida","510","146","242","78","169","55","73","52","19","23","54","48","268","129","237","127","31","33",
"1400000US12105014501","Census Tract 145.01; Polk County; Florida","3785","387","2835","383","1939","409","896","286","297","178","599","231","950","299","746","291","204","135",
"1400000US12105014502","Census Tract 145.02; Polk County; Florida","896","166","698","243","490","265","208","110","86","65","122","93","198","137","177","134","21","37",
"1400000US12105014600","Census Tract 146; Polk County; Florida","1625","196","1315","187","871","196","444","147","247","121","197","97","310","118","275","117","35","27",
"1400000US12105014701","Census Tract 147.01; Polk County; Florida","2213","240","1264","228","917","249","347","162","124","90","223","126","949","181","758","177","191","103",
"1400000US12105014703","Census Tract 147.03; Polk County; Florida","1550","236","1051","154","733","158","318","136","65","41","253","131","499","249","396","244","103","78",
"1400000US12105014704","Census Tract 147.04; Polk County; Florida","2260","345","1443","271","1002","269","441","168","58","58","383","163","817","285","617","161","200","234",
"1400000US12105014802","Census Tract 148.02; Polk County; Florida","1024","130","681","157","463","123","218","116","40","48","178","101","343","145","227","122","116","107",
"1400000US12105014803","Census Tract 148.03; Polk County; Florida","1711","178","1287","198","1085","191","202","94","36","22","166","101","424","141","388","140","36","37",
"1400000US12105014804","Census Tract 148.04; Polk County; Florida","4090","408","3180","381","2683","353","497","197","74","67","423","189","910","326","564","265","346","222",
"1400000US12105014903","Census Tract 149.03; Polk County; Florida","721","78","624","91","392","120","232","81","53","46","179","73","97","56","55","53","42","35",
"1400000US12105014904","Census Tract 149.04; Polk County; Florida","1506","233","1292","245","850","199","442","219","199","130","243","181","214","139","191","137","23","31",
"1400000US12105014905","Census Tract 149.05; Polk County; Florida","748","101","589","124","493","117","96","68","55","55","41","31","159","83","93","61","66","68",
"1400000US12105014906","Census Tract 149.06; Polk County; Florida","3027","355","2028","408","1602","367","426","246","168","162","258","184","999","290","848","286","151","92",
"1400000US12105015000","Census Tract 150; Polk County; Florida","2136","225","1438","229","774","261","664","216","132","99","532","190","698","189","476","195","222","145",
"1400000US12105015101","Census Tract 151.01; Polk County; Florida","1620","168","1017","177","763","174","254","116","95","75","159","99","603","183","480","151","123","117",
"1400000US12105015102","Census Tract 151.02; Polk County; Florida","952","112","699","100","574","94","125","60","32","30","93","52","253","78","224","79","29","30",
"1400000US12105015200","Census Tract 152; Polk County; Florida","1508","197","957","158","279","118","678","149","111","147","567","173","551","186","387","181","164","105",
"1400000US12105015301","Census Tract 153.01; Polk County; Florida","1565","192","1279","192","954","193","325","148","96","54","229","146","286","115","227","100","59","40",
"1400000US12105015302","Census Tract 153.02; Polk County; Florida","926","145","761","140","460","148","301","118","82","50","219","111","165","87","120","76","45","45",
"1400000US12105015401","Census Tract 154.01; Polk County; Florida","1054","147","713","122","507","86","206","114","64","64","142","96","341","120","341","120","0","15",
"1400000US12105015402","Census Tract 154.02; Polk County; Florida","1013","178","611","127","501","131","110","57","35","36","75","51","402","140","330","129","72","44",
"1400000US12105015404","Census Tract 154.04; Polk County; Florida","602","208","260","87","246","85","14","22","14","22","0","15","342","223","154","58","188","207",
"1400000US12105015405","Census Tract 154.05; Polk County; Florida","1155","132","737","126","449","122","288","136","107","82","181","111","418","132","286","110","132","88",
"1400000US12105015500","Census Tract 155; Polk County; Florida","1937","280","1011","190","533","157","478","165","68","50","410","157","926","259","762","228","164","97",
"1400000US12105015600","Census Tract 156; Polk County; Florida","1655","230","834","155","706","150","128","51","16","22","112","57","821","204","642","179","179","118",
"1400000US12105015701","Census Tract 157.01; Polk County; Florida","1086","213","776","203","492","141","284","166","197","162","87","53","310","136","264","118","46","42",
"1400000US12105015702","Census Tract 157.02; Polk County; Florida","921","175","629","159","402","145","227","110","51","54","176","98","292","123","229","110","63","58",
"1400000US12105015801","Census Tract 158.01; Polk County; Florida","1075","144","770","130","622","123","148","88","32","45","116","82","305","110","281","110","24","27",
"1400000US12105015802","Census Tract 158.02; Polk County; Florida","816","189","553","180","430","161","123","66","60","52","63","40","263","93","237","93","26","31",
"1400000US12105015900","Census Tract 159; Polk County; Florida","794","107","570","115","442","108","128","66","46","49","82","43","224","61","186","60","38","30",
"1400000US12105016001","Census Tract 160.01; Polk County; Florida","867","160","496","85","382","80","114","56","7","11","107","53","371","173","358","175","13","16",
"1400000US12105016002","Census Tract 160.02; Polk County; Florida","615","92","400","76","272","73","128","59","27","29","101","56","215","75","173","65","42","37",
"1400000US12105016003","Census Tract 160.03; Polk County; Florida","1013","232","660","190","464","187","196","84","72","44","124","69","353","141","334","141","19","25",
"1400000US12105016100","Census Tract 161; Polk County; Florida","451","141","327","130","170","75","157","120","29","46","128","114","124","66","120","66","4","7",
"1400000US12105016400","Census Tract 164; Polk County; Florida","1145","138","315","116","237","114","78","52","0","15","78","52","830","152","681","136","149","85",
"1400000US12105980000","Census Tract 9800; Polk County; Florida","0","15","0","15","0","15","0","15","0","15","0","15","0","15","0","15","0","15",
"1400000US12107950100","Census Tract 9501; Putnam County; Florida","2016","347","1353","360","1087","377","266","127","89","77","177","117","663","201","546","180","117","105",
"1400000US12107950201","Census Tract 9502.01; Putnam County; Florida","2572","264","1385","233","972","224","413","172","77","78","336","153","1187","237","1008","238","179","113",
"1400000US12107950202","Census Tract 9502.02; Putnam County; Florida","1391","231","784","191","534","150","250","121","101","75","149","93","607","185","513","158","94","86",
"1400000US12107950300","Census Tract 9503; Putnam County; Florida","2852","332","2218","312","1640","314","578","237","287","153","291","179","634","194","534","183","100","70",
"1400000US12107950400","Census Tract 9504; Putnam County; Florida","1374","204","914","210","804","210","110","71","15","25","95","71","460","166","400","148","60","77",
"1400000US12107950500","Census Tract 9505; Putnam County; Florida","2665","274","1872","288","1386","298","486","207","186","151","300","140","793","237","638","222","155","105",
"1400000US12107950600","Census Tract 9506; Putnam County; Florida","2300","252","1466","273","923","240","543","231","0","21","543","231","834","261","608","240","226","132",
"1400000US12107950700","Census Tract 9507; Putnam County; Florida","1526","243","803","147","335","114","468","147","72","65","396","140","723","236","652","240","71","57",
"1400000US12107950800","Census Tract 9508; Putnam County; Florida","1333","264","602","140","215","81","387","133","71","72","316","122","731","279","713","280","18","31",
"1400000US12107950900","Census Tract 9509; Putnam County; Florida","2487","351","1564","264","846","222","718","251","154","106","564","220","923","255","788","242","135","100",
"1400000US12107951000","Census Tract 9510; Putnam County; Florida","1611","248","1167","192","831","188","336","126","166","97","170","67","444","169","341","118","103","105",
"1400000US12107951100","Census Tract 9511; Putnam County; Florida","2218","330","1015","186","762","185","253","123","87","103","166","95","1203","315","941","282","262","162",
"1400000US12107951200","Census Tract 9512; Putnam County; Florida","2481","253","1535","222","820","195","715","196","410","199","305","154","946","219","648","200","298","189",
"1400000US12107951300","Census Tract 9513; Putnam County; Florida","1731","271","948","178","671","126","277","125","65","51","212","117","783","235","513","146","270","175",
"1400000US12107951401","Census Tract 9514.01; Putnam County; Florida","1176","156","687","113","463","95","224","85","22","28","202","83","489","132","391","95","98","83",
"1400000US12107951402","Census Tract 9514.02; Putnam County; Florida","1627","226","1070","191","700","149","370","133","141","91","229","120","557","142","453","137","104","91",
"1400000US12107980000","Census Tract 9800; Putnam County; Florida","0","15","0","15","0","15","0","15","0","15","0","15","0","15","0","15","0","15",
"1400000US12109020200","Census Tract 202; St. Johns County; Florida","1228","208","683","179","508","179","175","89","23","39","152","83","545","131","427","113","118","74",
"1400000US12109020300","Census Tract 203; St. Johns County; Florida","1429","220","690","160","375","118","315","126","32","34","283","123","739","174","274","107","465","133",
"1400000US12109020400","Census Tract 204; St. Johns County; Florida","1033","217","424","164","396","161","28","25","0","15","28","25","609","188","529","184","80","48",
"1400000US12109020500","Census Tract 205; St. Johns County; Florida","1619","238","1049","180","893","170","156","64","65","44","91","44","570","162","494","151","76","64",
"1400000US12109020603","Census Tract 206.03; St. Johns County; Florida","902","117","604","102","537","105","67","40","20","23","47","36","298","85","234","75","64","43",
"1400000US12109020604","Census Tract 206.04; St. Johns County; Florida","1271","129","934","113","887","114","47","38","0","15","47","38","337","112","273","106","64","48",
"1400000US12109020605","Census Tract 206.05; St. Johns County; Florida","7733","404","6404","521","5824","616","580","416","338","345","242","198","1329","379","1098","307","231","244",
"1400000US12109020606","Census Tract 206.06; St. Johns County; Florida","4413","452","3816","354","3456","366","360","216","126","125","234","178","597","356","372","201","225","296",
"1400000US12109020704","Census Tract 207.04; St. Johns County; Florida","1386","99","1145","108","1078","108","67","45","26","27","41","33","241","83","188","77","53","42",
"1400000US12109020705","Census Tract 207.05; St. Johns County; Florida","3043","327","1709","347","1293","242","416","228","222","207","194","105","1334","199","1277","188","57","53",
"1400000US12109020706","Census Tract 207.06; St. Johns County; Florida","1044","145","971","144","898","140","73","40","22","19","51","33","73","34","43","27","30","23",
"1400000US12109020707","Census Tract 207.07; St. Johns County; Florida","2573","237","1015","302","753","245","262","154","35","46","227","153","1558","340","1253","349","305","139",
"1400000US12109020708","Census Tract 207.08; St. Johns County; Florida","2898","458","2432","363","2120","404","312","145","64","59","248","125","466","311","448","310","18","31",
"1400000US12109020710","Census Tract 207.10; St. Johns County; Florida","863","92","743","87","668","91","75","49","8","12","67","48","120","50","120","50","0","15",
"1400000US12109020712","Census Tract 207.12; St. Johns County; Florida","1127","148","657","170","517","161","140","82","20","22","120","73","470","97","339","93","131","71",
"1400000US12109020713","Census Tract 207.13; St. Johns County; Florida","1145","125","845","114","814","113","31","30","19","23","12","18","300","106","278","101","22","26",
"1400000US12109020801","Census Tract 208.01; St. Johns County; Florida","3362","280","2803","277","2328","281","475","177","147","86","328","163","559","185","524","179","35","30",
"1400000US12109020802","Census Tract 208.02; St. Johns County; Florida","1399","173","1174","171","1040","169","134","67","55","48","79","44","225","78","144","60","81","56",
"1400000US12109020803","Census Tract 208.03; St. Johns County; Florida","1860","285","1451","290","1312","279","139","62","40","32","99","56","409","88","354","87","55","46",
"1400000US12109020804","Census Tract 208.04; St. Johns County; Florida","1885","227","1686","244","1441","239","245","121","117","103","128","74","199","89","153","84","46","42",
"1400000US12109020807","Census Tract 208.07; St. Johns County; Florida","2610","241","2324","215","2157","219","167","104","39","37","128","100","286","132","242","122","44","51",
"1400000US12109020808","Census Tract 208.08; St. Johns County; Florida","3848","242","3449","250","2979","266","470","169","71","78","399","163","399","162","318","143","81","101",
"1400000US12109020809","Census Tract 208.09; St. Johns County; Florida","3077","616","2866","615","2590","621","276","156","131","86","145","125","211","116","145","92","66","83",
"1400000US12109020810","Census Tract 208.10; St. Johns County; Florida","3000","308","2439","322","2183","314","256","160","129","134","127","97","561","174","470","155","91","102",
"1400000US12109020811","Census Tract 208.11; St. Johns County; Florida","984","96","861","117","802","111","59","47","0","15","59","47","123","67","108","65","15","23",
"1400000US12109020903","Census Tract 209.03; St. Johns County; Florida","1956","211","973","226","640","172","333","185","146","144","187","103","983","227","731","221","252","134",
"1400000US12109020904","Census Tract 209.04; St. Johns County; Florida","5801","464","4450","423","3782","410","668","248","177","122","491","225","1351","331","1066","322","285","157",
"1400000US12109020905","Census Tract 209.05; St. Johns County; Florida","4170","647","3684","674","3228","669","456","239","156","127","300","212","486","208","385","179","101","85",
"1400000US12109020906","Census Tract 209.06; St. Johns County; Florida","4052","439","3627","437","3077","445","550","273","271","227","279","145","425","180","229","114","196","146",
"1400000US12109020907","Census Tract 209.07; St. Johns County; Florida","3852","438","3092","430","2773","407","319","145","82","81","237","123","760","275","580","265","180","104",
"1400000US12109020908","Census Tract 209.08; St. Johns County; Florida","4893","489","3343","316","2793","364","550","340","226","234","324","198","1550","511","1057","347","493","388",
"1400000US12109021002","Census Tract 210.02; St. Johns County; Florida","2369","403","1594","408","1112","400","482","145","125","97","357","118","775","192","606","173","169","114",
"1400000US12109021003","Census Tract 210.03; St. Johns County; Florida","2409","250","1597","243","894","253","703","204","116","104","587","210","812","208","737","202","75","75",
"1400000US12109021004","Census Tract 210.04; St. Johns County; Florida","1396","207","996","163","736","173","260","120","94","87","166","93","400","129","282","118","118","74",
"1400000US12109021101","Census Tract 211.01; St. Johns County; Florida","2211","374","1667","382","1253","363","414","196","189","117","225","205","544","234","447","217","97","86",
"1400000US12109021102","Census Tract 211.02; St. Johns County; Florida","2257","385","1565","385","1442","394","123","109","25","40","98","99","692","170","636","166","56","51",
"1400000US12109021103","Census Tract 211.03; St. Johns County; Florida","1254","146","788","109","658","105","130","74","6","13","124","73","466","137","350","121","116","80",
"1400000US12109021207","Census Tract 212.07; St. Johns County; Florida","1878","126","1466","146","1285","172","181","91","65","62","116","60","412","148","326","127","86","93",
"1400000US12109021208","Census Tract 212.08; St. Johns County; Florida","2438","226","1472","187","1325","185","147","106","38","46","109","97","966","203","921","195","45","54",
"1400000US12109021209","Census Tract 212.09; St. Johns County; Florida","1114","259","657","99","595","106","62","39","26","24","36","31","457","240","249","120","208","226",
"1400000US12109021210","Census Tract 212.10; St. Johns County; Florida","2104","242","1327","241","1180","245","147","94","9","16","138","95","777","165","707","171","70","55",
"1400000US12109021211","Census Tract 212.11; St. Johns County; Florida","1933","425","1083","449","704","164","379","421","76","60","303","419","850","183","730","173","120","86",
"1400000US12109021301","Census Tract 213.01; St. Johns County; Florida","3353","333","2272","308","1859","287","413","156","97","92","316","138","1081","301","906","270","175","117",
"1400000US12109021302","Census Tract 213.02; St. Johns County; Florida","2229","251","1528","233","1215","234","313","169","80","94","233","141","701","204","542","170","159","115",
"1400000US12109021403","Census Tract 214.03; St. Johns County; Florida","1109","331","648","141","616","138","32","28","0","15","32","28","461","284","437","285","24","26",
"1400000US12109021404","Census Tract 214.04; St. Johns County; Florida","1366","156","806","124","695","113","111","83","0","15","111","83","560","147","506","144","54","38",
"1400000US12109021408","Census Tract 214.08; St. Johns County; Florida","3271","344","1878","324","1705","302","173","101","25","40","148","91","1393","265","1093","223","300","193",
"1400000US12109021409","Census Tract 214.09; St. Johns County; Florida","1308","188","858","171","717","166","141","73","13","21","128","70","450","135","278","109","172","83",
"1400000US12109021410","Census Tract 214.10; St. Johns County; Florida","1339","305","764","122","626","110","138","75","22","33","116","69","575","323","529","320","46","45",
"1400000US12109990100","Census Tract 9901; St. Johns County; Florida","0","15","0","15","0","15","0","15","0","15","0","15","0","15","0","15","0","15",
"1400000US12109990200","Census Tract 9902; St. Johns County; Florida","0","15","0","15","0","15","0","15","0","15","0","15","0","15","0","15","0","15",
"1400000US12111380100","Census Tract 3801; St. Lucie County; Florida","550","101","132","56","55","39","77","47","6","12","71","43","418","95","399","94","19","21",
"1400000US12111380200","Census Tract 3802; St. Lucie County; Florida","1295","210","778","178","240","122","538","161","141","113","397","162","517","143","456","141","61","47",
"1400000US12111380300","Census Tract 3803; St. Lucie County; Florida","2279","321","1177","250","224","132","953","252","198","176","755","238","1102","287","1034","268","68","69",
"1400000US12111380400","Census Tract 3804; St. Lucie County; Florida","2589","449","1790","435","1086","438","704","208","351","168","353","188","799","282","572","246","227","204",
"1400000US12111380500","Census Tract 3805; St. Lucie County; Florida","2234","339","1366","342","841","309","525","262","155","133","370","216","868","276","782","269","86","105",
"1400000US12111380600","Census Tract 3806; St. Lucie County; Florida","1292","231","1051","207","572","189","479","117","235","111","244","100","241","126","191","113","50","52",
"1400000US12111380700","Census Tract 3807; St. Lucie County; Florida","3581","477","2351","406","1534","391","817","262","327","210","490","222","1230","343","834","316","396","204",
"1400000US12111380800","Census Tract 3808; St. Lucie County; Florida","1003","117","649","90","483","96","166","63","78","53","88","45","354","101","251","74","103","73",
"1400000US12111380901","Census Tract 3809.01; St. Lucie County; Florida","1361","552","581","156","247","107","334","158","196","121","138","102","780","566","754","565","26","30",
"1400000US12111380902","Census Tract 3809.02; St. Lucie County; Florida","1580","201","1176","194","604","155","572","180","67","60","505","171","404","145","355","142","49","52",
"1400000US12111381000","Census Tract 3810; St. Lucie County; Florida","761","65","447","89","326","84","121","59","49","44","72","40","314","83","275","78","39","28",
"1400000US12111381103","Census Tract 3811.03; St. Lucie County; Florida","1200","142","810","159","429","149","381","158","21","22","360","154","390","127","315","114","75","58",
"1400000US12111381104","Census Tract 3811.04; St. Lucie County; Florida","813","129","507","91","304","78","203","75","21","23","182","69","306","134","174","114","132","81",
"1400000US12111381105","Census Tract 3811.05; St. Lucie County; Florida","1045","176","746","148","618","138","128","78","37","50","91","59","299","154","212","121","87","116",
"1400000US12111381106","Census Tract 3811.06; St. Lucie County; Florida","1249","429","967","424","889","409","78","62","45","52","33","29","282","153","255","151","27","26",
"1400000US12111381107","Census Tract 3811.07; St. Lucie County; Florida","1418","154","670","143","527","123","143","83","95","72","48","45","748","159","704","150","44","45",
"1400000US12111381204","Census Tract 3812.04; St. Lucie County; Florida","1868","381","1291","320","1175","291","116","93","0","15","116","93","577","157","476","138","101","67",
"1400000US12111381300","Census Tract 3813; St. Lucie County; Florida","2278","377","1182","335","1002","342","180","91","14","22","166","93","1096","250","836","253","260","114",
"1400000US12111381401","Census Tract 3814.01; St. Lucie County; Florida","2573","461","1101","220","716","232","385","205","0","15","385","205","1472","445","1386","430","86","67",
"1400000US12111381402","Census Tract 3814.02; St. Lucie County; Florida","2899","320","1779","304","803","246","976","318","451","270","525","212","1120","341","788","352","332","177",
"1400000US12111381504","Census Tract 3815.04; St. Lucie County; Florida","1588","274","800","143","688","152","112","70","30","36","82","61","788","283","690","279","98","73",
"1400000US12111381505","Census Tract 3815.05; St. Lucie County; Florida","2603","237","1893","294","1489","276","404","184","101","121","303","157","710","197","550","182","160","124",
"1400000US12111381506","Census Tract 3815.06; St. Lucie County; Florida","1454","163","1049","198","778","188","271","138","76","78","195","115","405","170","337","184","68","54",
"1400000US12111381507","Census Tract 3815.07; St. Lucie County; Florida","2732","565","1786","524","1494","510","292","166","142","135","150","97","946","319","907","322","39","45",
"1400000US12111381508","Census Tract 3815.08; St. Lucie County; Florida","1383","165","1111","195","843","202","268","89","84","68","184","121","272","113","232","106","40","49",
"1400000US12111381602","Census Tract 3816.02; St. Lucie County; Florida","2159","351","1165","317","705","285","460","137","0","15","460","137","994","241","904","234","90","59",
"1400000US12111381603","Census Tract 3816.03; St. Lucie County; Florida","2907","291","1472","225","1151","209","321","160","99","89","222","141","1435","285","1123","279","312","125",
"1400000US12111381604","Census Tract 3816.04; St. Lucie County; Florida","663","72","451","80","380","92","71","46","0","15","71","46","212","62","192","60","20","22",
"1400000US12111381605","Census Tract 3816.05; St. Lucie County; Florida","2183","296","1558","294","1094","189","464","277","144","86","320","256","625","153","522","145","103","87",
"1400000US12111381701","Census Tract 3817.01; St. Lucie County; Florida","1334","193","706","140","643","138","63","50","20","21","43","45","628","137","577","141","51","48",
"1400000US12111381702","Census Tract 3817.02; St. Lucie County; Florida","1242","303","588","141","501","122","87","72","32","50","55","46","654","245","579","237","75","49",
"1400000US12111381802","Census Tract 3818.02; St. Lucie County; Florida","1843","216","926","193","423","97","503","172","159","109","344","128","917","198","752","195","165","90",
"1400000US12111381803","Census Tract 3818.03; St. Lucie County; Florida","2453","280","1839","273","1360","254","479","203","126","98","353","208","614","216","322","165","292","170",
"1400000US12111381804","Census Tract 3818.04; St. Lucie County; Florida","2557","358","1694","324","1082","285","612","206","59","58","553","211","863","250","703","226","160","120",
"1400000US12111381900","Census Tract 3819; St. Lucie County; Florida","2822","213","1992","257","1466","229","526","198","158","117","368","162","830","212","738","200","92","72",
"1400000US12111382007","Census Tract 3820.07; St. Lucie County; Florida","2047","270","1531","289","1077","320","454","159","129","92","325","143","516","138","416","114","100","91",
"1400000US12111382008","Census Tract 3820.08; St. Lucie County; Florida","3251","360","2346","332","1537","272","809","297","67","84","742","293","905","294","780","279","125","83",
"1400000US12111382009","Census Tract 3820.09; St. Lucie County; Florida","2126","399","1313","432","982","425","331","116","68","53","263","99","813","152","610","127","203","111",
"1400000US12111382010","Census Tract 3820.10; St. Lucie County; Florida","936","154","383","123","246","86","137","70","47","40","90","63","553","142","528","143","25","19",
"1400000US12111382011","Census Tract 3820.11; St. Lucie County; Florida","1073","163","885","156","747","147","138","68","40","52","98","48","188","85","150","80","38","28",
"1400000US12111382012","Census Tract 3820.12; St. Lucie County; Florida","2289","279","1372","279","876","284","496","204","240","138","256","136","917","250","752","254","165","117",
"1400000US12111382013","Census Tract 3820.13; St. Lucie County; Florida","1322","231","927","140","651","158","276","166","137","140","139","75","395","221","354","221","41","40",
"1400000US12111382014","Census Tract 3820.14; St. Lucie County; Florida","2830","352","2078","397","1517","275","561","334","303","299","258","148","752","210","608","193","144","93",
"1400000US12111382015","Census Tract 3820.15; St. Lucie County; Florida","1564","377","1401","368","922","300","479","217","219","145","260","185","163","92","143","91","20","21",
"1400000US12111382016","Census Tract 3820.16; St. Lucie County; Florida","2867","293","2286","274","1990","281","296","136","117","87","179","110","581","208","513","214","68","54",
"1400000US12111382110","Census Tract 3821.10; St. Lucie County; Florida","2650","219","1966","242","1213","221","753","255","264","165","489","214","684","244","539","182","145","168",
"1400000US12111382112","Census Tract 3821.12; St. Lucie County; Florida","4786","824","4283","852","2523","352","1760","877","579","508","1181","678","503","201","335","164","168","111",
"1400000US12111382114","Census Tract 3821.14; St. Lucie County; Florida","2101","223","1650","179","1222","215","428","165","78","71","350","152","451","231","416","222","35","44",
"1400000US12111382115","Census Tract 3821.15; St. Lucie County; Florida","2977","624","2432","650","1306","331","1126","617","395","297","731","567","545","206","428","201","117","85",
"1400000US12111382116","Census Tract 3821.16; St. Lucie County; Florida","2186","348","1771","306","1061","360","710","217","116","134","594","185","415","297","371","278","44","60",
"1400000US12111382117","Census Tract 3821.17; St. Lucie County; Florida","2809","169","2242","250","1739","323","503","217","294","158","209","130","567","212","526","212","41","49",
"1400000US12111382118","Census Tract 3821.18; St. Lucie County; Florida","1705","409","1379","426","1261","438","118","63","0","21","118","63","326","128","267","133","59","47",
"1400000US12111382119","Census Tract 3821.19; St. Lucie County; Florida","2904","371","2507","350","1908","380","599","220","340","211","259","133","397","213","222","142","175","169",
"1400000US12111382120","Census Tract 3821.20; St. Lucie County; Florida","1617","188","963","165","763","180","200","157","46","60","154","165","654","188","426","152","228","129",
"1400000US12111382121","Census Tract 3821.21; St. Lucie County; Florida","1701","202","1129","197","982","170","147","141","74","127","73","63","572","168","435","156","137","85",
"1400000US12111382122","Census Tract 3821.22; St. Lucie County; Florida","3043","483","1576","455","1522","448","54","61","37","36","17","55","1467","348","1226","311","241","128",
"1400000US12111382123","Census Tract 3821.23; St. Lucie County; Florida","1497","261","1272","242","768","217","504","223","82","88","422","203","225","109","172","92","53","51",
"1400000US12111382124","Census Tract 3821.24; St. Lucie County; Florida","1007","136","820","136","701","148","119","81","44","56","75","59","187","85","99","57","88","60",
"1400000US12111382125","Census Tract 3821.25; St. Lucie County; Florida","1163","172","967","223","584","205","383","139","152","110","231","112","196","117","159","108","37","49",
"1400000US12111382126","Census Tract 3821.26; St. Lucie County; Florida","8822","764","6258","723","5359","720","899","364","223","149","676","326","2564","524","2250","554","314","205",
"1400000US12111382127","Census Tract 3821.27; St. Lucie County; Florida","2751","448","2001","430","1973","429","28","36","0","21","28","36","750","286","694","269","56","70",
"1400000US12111382128","Census Tract 3821.28; St. Lucie County; Florida","1593","232","1393","247","1210","227","183","98","107","70","76","74","200","122","185","114","15","24",
"1400000US12111382129","Census Tract 3821.29; St. Lucie County; Florida","3158","392","2525","470","1736","414","789","327","212","146","577","313","633","262","434","182","199","188",
"1400000US12111382130","Census Tract 3821.30; St. Lucie County; Florida","1342","152","1178","169","862","204","316","118","104","79","212","100","164","89","115","71","49","48",
"1400000US12111382201","Census Tract 3822.01; St. Lucie County; Florida","1906","199","1120","167","1005","183","115","70","0","15","115","70","786","173","659","159","127","80",
"1400000US12111382202","Census Tract 3822.02; St. Lucie County; Florida","1639","217","1367","196","1065","158","302","163","24","26","278","161","272","124","197","115","75","74",
"1400000US12111980000","Census Tract 9800; St. Lucie County; Florida","0","15","0","15","0","15","0","15","0","15","0","15","0","15","0","15","0","15",
"1400000US12111990000","Census Tract 9900; St. Lucie County; Florida","0","15","0","15","0","15","0","15","0","15","0","15","0","15","0","15","0","15",
"1400000US12113010100","Census Tract 101; Santa Rosa County; Florida","1388","211","893","137","767","150","126","65","37","31","89","61","495","189","347","122","148","146",
"1400000US12113010200","Census Tract 102; Santa Rosa County; Florida","1781","248","1358","204","1093","182","265","140","95","69","170","110","423","177","364","179","59","39",
"1400000US12113010301","Census Tract 103.01; Santa Rosa County; Florida","2473","258","1799","224","1376","192","423","192","42","51","381","187","674","269","533","238","141","150",
"1400000US12113010302","Census Tract 103.02; Santa Rosa County; Florida","1920","207","1702","210","1406","203","296","134","62","76","234","117","218","92","198","91","20","25",
"1400000US12113010303","Census Tract 103.03; Santa Rosa County; Florida","1814","285","1510","281","1366","274","144","79","15","19","129","80","304","132","213","85","91","124",
"1400000US12113010400","Census Tract 104; Santa Rosa County; Florida","1112","231","642","108","541","92","101","48","28","27","73","41","470","232","348","213","122","124",
"1400000US12113010503","Census Tract 105.03; Santa Rosa County; Florida","2813","460","1774","271","1214","234","560","236","84","101","476","232","1039","484","612","189","427","502",
"1400000US12113010504","Census Tract 105.04; Santa Rosa County; Florida","2756","415","1782","308","1513","314","269","169","51","68","218","148","974","378","842","384","132","120",
"1400000US12113010505","Census Tract 105.05; Santa Rosa County; Florida","1666","195","1140","194","853","173","287","122","79","62","208","110","526","163","379","141","147","101",
"1400000US12113010506","Census Tract 105.06; Santa Rosa County; Florida","1785","271","1388","268","1156","260","232","119","43","38","189","112","397","137","281","124","116","72",
"1400000US12113010601","Census Tract 106.01; Santa Rosa County; Florida","2052","364","1137","255","675","201","462","212","196","141","266","128","915","334","609","294","306","152",
"1400000US12113010602","Census Tract 106.02; Santa Rosa County; Florida","655","142","351","102","240","76","111","63","57","55","54","35","304","104","252","98","52","40",
"1400000US12113010704","Census Tract 107.04; Santa Rosa County; Florida","2788","306","1877","282","1529","283","348","139","155","98","193","106","911","301","536","185","375","236",
"1400000US12113010705","Census Tract 107.05; Santa Rosa County; Florida","1437","175","1020","206","580","195","440","149","245","118","195","85","417","134","315","126","102","78",
"1400000US12113010707","Census Tract 107.07; Santa Rosa County; Florida","1718","136","1319","170","1123","172","196","75","85","49","111","58","399","133","334","124","65","45",
"1400000US12113010708","Census Tract 107.08; Santa Rosa County; Florida","2452","332","1768","260","1280","202","488","217","165","162","323","149","684","277","597","262","87","57",
"1400000US12113010709","Census Tract 107.09; Santa Rosa County; Florida","2378","306","1668","314","1322","321","346","159","80","95","266","112","710","195","549","190","161","99",
"1400000US12113010710","Census Tract 107.10; Santa Rosa County; Florida","921","117","714","123","610","141","104","77","9","17","95","75","207","99","147","87","60","61",
"1400000US12113010711","Census Tract 107.11; Santa Rosa County; Florida","1768","200","1260","184","783","141","477","184","203","154","274","105","508","123","439","118","69","69",
"1400000US12113010712","Census Tract 107.12; Santa Rosa County; Florida","2050","508","1239","335","863","302","376","181","60","53","316","175","811","455","582","453","229","100",
"1400000US12113010802","Census Tract 108.02; Santa Rosa County; Florida","2129","157","1436","213","1168","222","268","139","74","58","194","124","693","209","612","210","81","69",
"1400000US12113010808","Census Tract 108.08; Santa Rosa County; Florida","2125","232","1768","270","1121","257","647","245","397","196","250","169","357","142","231","113","126","100",
"1400000US12113010809","Census Tract 108.09; Santa Rosa County; Florida","2255","396","1466","272","1089","303","377","133","111","99","266","115","789","336","508","165","281","296",
"1400000US12113010812","Census Tract 108.12; Santa Rosa County; Florida","1882","278","1491","269","1154","280","337","119","46","32","291","115","391","119","331","107","60","42",
"1400000US12113010813","Census Tract 108.13; Santa Rosa County; Florida","2485","298","1722","332","1577","320","145","106","45","70","100","82","763","207","616","177","147","108",
"1400000US12113010814","Census Tract 108.14; Santa Rosa County; Florida","2440","284","1950","335","1542","258","408","222","55","46","353","210","490","152","431","145","59","56",
"1400000US12113010820","Census Tract 108.20; Santa Rosa County; Florida","2726","507","2159","508","1729","521","430","144","182","122","248","96","567","176","503","165","64","58",
"1400000US12113010821","Census Tract 108.21; Santa Rosa County; Florida","2135","147","1225","207","936","224","289","146","92","86","197","102","910","173","875","181","35","47",
"1400000US12113010822","Census Tract 108.22; Santa Rosa County; Florida","1869","181","1698","203","1566","236","132","114","0","21","132","114","171","87","161","86","10","19",
"1400000US12113010823","Census Tract 108.23; Santa Rosa County; Florida","2132","342","1704","304","1468","328","236","128","112","94","124","76","428","158","301","128","127","112",
"1400000US12113010824","Census Tract 108.24; Santa Rosa County; Florida","2238","349","1771","346","1601","340","170","104","106","88","64","59","467","148","358","137","109","76",
"1400000US12113010825","Census Tract 108.25; Santa Rosa County; Florida","1345","314","1036","304","969","307","67","52","24","38","43","37","309","93","279","98","30","35",
"1400000US12113010826","Census Tract 108.26; Santa Rosa County; Florida","1108","119","747","118","625","124","122","61","98","59","24","29","361","121","236","88","125","90",
"1400000US12113010827","Census Tract 108.27; Santa Rosa County; Florida","2984","238","2297","300","1950","259","347","200","89","122","258","159","687","244","629","241","58","52",
"1400000US12113010828","Census Tract 108.28; Santa Rosa County; Florida","2223","406","1732","391","1522","397","210","138","63","58","147","138","491","218","304","154","187","167",
"1400000US12113010900","Census Tract 109; Santa Rosa County; Florida","2802","264","1756","171","1455","205","301","149","12","24","289","146","1046","324","928","331","118","78",
"1400000US12113990000","Census Tract 9900; Santa Rosa County; Florida","0","15","0","15","0","15","0","15","0","15","0","15","0","15","0","15","0","15",
"1400000US12115000102","Census Tract 1.02; Sarasota County; Florida","2050","256","808","158","604","119","204","134","10","15","194","135","1242","248","1003","244","239","142",
"1400000US12115000103","Census Tract 1.03; Sarasota County; Florida","2704","314","1108","246","913","220","195","177","0","15","195","177","1596","282","1513","276","83","53",
"1400000US12115000104","Census Tract 1.04; Sarasota County; Florida","1048","151","427","108","364","103","63","49","44","44","19","22","621","138","621","138","0","15",
"1400000US12115000200","Census Tract 2; Sarasota County; Florida","1928","228","1138","192","509","168","629","229","81","77","548","221","790","194","659","183","131","86",
"1400000US12115000300","Census Tract 3; Sarasota County; Florida","1571","222","1155","213","237","101","918","208","151","94","767","198","416","135","312","125","104","57",
"1400000US12115000401","Census Tract 4.01; Sarasota County; Florida","2010","245","1016","197","642","197","374","162","79","102","295","142","994","230","809","211","185","106",
"1400000US12115000404","Census Tract 4.04; Sarasota County; Florida","764","89","269","48","251","48","18","15","0","15","18","15","495","87","444","86","51","27",
"1400000US12115000405","Census Tract 4.05; Sarasota County; Florida","1306","139","916","154","598","111","318","145","37","35","281","138","390","105","379","103","11","18",
"1400000US12115000406","Census Tract 4.06; Sarasota County; Florida","1282","170","696","125","466","107","230","106","44","41","186","98","586","164","462","137","124","94",
"1400000US12115000407","Census Tract 4.07; Sarasota County; Florida","1962","228","1078","261","733","201","345","187","63","69","282","158","884","185","558","165","326","135",
"1400000US12115000501","Census Tract 5.01; Sarasota County; Florida","822","119","492","85","454","84","38","27","14","15","24","21","330","103","298","102","32","29",
"1400000US12115000502","Census Tract 5.02; Sarasota County; Florida","1550","245","746","117","579","112","167","86","37","42","130","75","804","233","682","248","122","92",
"1400000US12115000503","Census Tract 5.03; Sarasota County; Florida","1323","253","877","241","589","181","288","178","71","71","217","165","446","127","387","107","59","62",
"1400000US12115000601","Census Tract 6.01; Sarasota County; Florida","945","136","686","117","621","112","65","50","23","27","42","44","259","104","240","102","19","20",
"1400000US12115000602","Census Tract 6.02; Sarasota County; Florida","1662","167","787","134","579","98","208","94","71","42","137","85","875","165","644","171","231","112",
"1400000US12115000700","Census Tract 7; Sarasota County; Florida","1765","318","1063","307","1033","305","30","28","30","28","0","15","702","160","599","165","103","95",
"1400000US12115000801","Census Tract 8.01; Sarasota County; Florida","1072","148","744","115","730","113","14","22","14","22","0","15","328","141","256","125","72","54",
"1400000US12115000802","Census Tract 8.02; Sarasota County; Florida","1622","163","1020","109","994","109","26","26","16","20","10","16","602","163","471","147","131","79",
"1400000US12115000900","Census Tract 9; Sarasota County; Florida","1195","175","628","148","543","154","85","64","24","35","61","55","567","134","383","112","184","90",
"1400000US12115001000","Census Tract 10; Sarasota County; Florida","1438","144","791","165","483","139","308","137","34","38","274","134","647","137","476","123","171","106",
"1400000US12115001101","Census Tract 11.01; Sarasota County; Florida","1828","284","1185","246","897","207","288","156","101","80","187","136","643","200","579","194","64","51",
"1400000US12115001102","Census Tract 11.02; Sarasota County; Florida","2459","373","1737","395","1114","318","623","362","244","294","379","222","722","218","574","228","148","104",
"1400000US12115001202","Census Tract 12.02; Sarasota County; Florida","1544","133","1003","175","764","153","239","89","32","30","207","81","541","137","351","136","190","96",
"1400000US12115001203","Census Tract 12.03; Sarasota County; Florida","2705","309","1292","209","1148","196","144","110","28","32","116","106","1413","365","1235","352","178","127",
"1400000US12115001204","Census Tract 12.04; Sarasota County; Florida","2400","294","1360","270","1073","283","287","129","142","91","145","91","1040","246","917","251","123","66",
"1400000US12115001205","Census Tract 12.05; Sarasota County; Florida","1965","285","800","211","461","122","339","187","111","110","228","144","1165","264","988","269","177","90",
"1400000US12115001206","Census Tract 12.06; Sarasota County; Florida","1356","165","860","179","603","176","257","101","32","34","225","96","496","141","309","99","187","103",
"1400000US12115001301","Census Tract 13.01; Sarasota County; Florida","1847","248","1015","179","813","167","202","108","57","53","145","89","832","193","618","172","214","107",
"1400000US12115001302","Census Tract 13.02; Sarasota County; Florida","2095","322","917","165","721","161","196","132","59","61","137","122","1178","299","1038","301","140","88",
"1400000US12115001303","Census Tract 13.03; Sarasota County; Florida","1623","210","962","215","893","220","69","38","41","29","28","28","661","167","555","150","106","77",
"1400000US12115001304","Census Tract 13.04; Sarasota County; Florida","990","134","587","134","508","131","79","35","20","14","59","33","403","83","336","78","67","35",
"1400000US12115001402","Census Tract 14.02; Sarasota County; Florida","1659","145","1245","160","898","174","347","115","71","61","276","101","414","112","246","96","168","100",
"1400000US12115001403","Census Tract 14.03; Sarasota County; Florida","3241","350","2376","348","2280","351","96","78","37","48","59","77","865","263","685","221","180","152",
"1400000US12115001404","Census Tract 14.04; Sarasota County; Florida","2079","286","1585","255","1362","260","223","121","108","126","115","84","494","144","370","129","124","65",
"1400000US12115001405","Census Tract 14.05; Sarasota County; Florida","2223","206","1847","236","1696","254","151","93","36","48","115","76","376","137","342","137","34","30",
"1400000US12115001503","Census Tract 15.03; Sarasota County; Florida","1370","189","969","195","631","124","338","178","51","31","287","181","401","120","278","100","123","81",
"1400000US12115001504","Census Tract 15.04; Sarasota County; Florida","1174","100","798","159","594","180","204","103","0","15","204","103","376","127","282","124","94","75",
"1400000US12115001505","Census Tract 15.05; Sarasota County; Florida","1492","164","1038","176","655","153","383","168","33","29","350","169","454","150","254","103","200","115",
"1400000US12115001508","Census Tract 15.08; Sarasota County; Florida","1215","153","625","163","476","112","149","127","0","15","149","127","590","142","462","101","128","94",
"1400000US12115001509","Census Tract 15.09; Sarasota County; Florida","1432","159","927","118","808","118","119","63","37","31","82","56","505","158","438","155","67","47",
"1400000US12115001510","Census Tract 15.10; Sarasota County; Florida","2379","298","1298","244","1036","243","262","115","80","86","182","92","1081","313","818","283","263","136",
"1400000US12115001511","Census Tract 15.11; Sarasota County; Florida","1384","232","997","206","904","208","93","54","6","12","87","54","387","141","329","127","58","61",
"1400000US12115001601","Census Tract 16.01; Sarasota County; Florida","1619","167","1046","156","908","142","138","75","72","61","66","38","573","139","403","113","170","90",
"1400000US12115001602","Census Tract 16.02; Sarasota County; Florida","2068","253","1052","211","741","152","311","192","46","50","265","189","1016","239","904","242","112","53",
"1400000US12115001702","Census Tract 17.02; Sarasota County; Florida","2390","246","1450","224","1056","217","394","186","163","131","231","127","940","232","689","197","251","179",
"1400000US12115001703","Census Tract 17.03; Sarasota County; Florida","1855","239","838","201","576","151","262","164","0","15","262","164","1017","214","835","202","182","93",
"1400000US12115001704","Census Tract 17.04; Sarasota County; Florida","1440","170","771","142","479","135","292","124","41","48","251","122","669","163","551","156","118","68",
"1400000US12115001801","Census Tract 18.01; Sarasota County; Florida","1698","224","1194","187","1047","190","147","70","48","38","99","52","504","120","393","98","111","62",
"1400000US12115001803","Census Tract 18.03; Sarasota County; Florida","1439","181","675","121","534","126","141","75","27","30","114","67","764","188","603","149","161","126",
"1400000US12115001804","Census Tract 18.04; Sarasota County; Florida","1083","145","684","133","555","124","129","89","43","53","86","70","399","144","338","136","61","52",
"1400000US12115001805","Census Tract 18.05; Sarasota County; Florida","990","146","593","157","356","87","237","132","45","42","192","122","397","97","338","92","59","45",
"1400000US12115001903","Census Tract 19.03; Sarasota County; Florida","774","139","509","112","439","96","70","55","40","34","30","39","265","102","230","100","35","33",
"1400000US12115001904","Census Tract 19.04; Sarasota County; Florida","1346","210","859","160","799","153","60","42","29","35","31","24","487","152","424","144","63","44",
"1400000US12115001905","Census Tract 19.05; Sarasota County; Florida","753","123","535","113","528","113","7","10","0","15","7","10","218","62","187","59","31","35",
"1400000US12115001909","Census Tract 19.09; Sarasota County; Florida","1141","208","734","186","656","184","78","17","0","15","78","17","407","122","369","121","38","29",
"1400000US12115002003","Census Tract 20.03; Sarasota County; Florida","2635","452","1221","365","814","322","407","237","0","21","407","237","1414","337","1087","317","327","169",
"1400000US12115002004","Census Tract 20.04; Sarasota County; Florida","2309","326","1046","185","917","192","129","99","100","94","29","31","1263","367","1056","314","207","142",
"1400000US12115002007","Census Tract 20.07; Sarasota County; Florida","1359","162","686","132","571","121","115","88","0","15","115","88","673","153","615","145","58","50",
"1400000US12115002008","Census Tract 20.08; Sarasota County; Florida","1689","411","787","193","519","152","268","142","7","13","261","144","902","389","844","392","58","52",
"1400000US12115002011","Census Tract 20.11; Sarasota County; Florida","439","70","195","55","174","58","21","21","0","15","21","21","244","84","206","82","38","37",
"1400000US12115002012","Census Tract 20.12; Sarasota County; Florida","1888","389","1227","383","988","368","239","113","53","51","186","90","661","176","595","167","66","45",
"1400000US12115002013","Census Tract 20.13; Sarasota County; Florida","1884","256","1097","235","863","213","234","144","120","92","114","113","787","191","747","194","40","33",
"1400000US12115002014","Census Tract 20.14; Sarasota County; Florida","3687","422","2832","413","2592","411","240","186","99","129","141","131","855","230","704","212","151","99",
"1400000US12115002015","Census Tract 20.15; Sarasota County; Florida","1093","166","610","163","520","166","90","51","53","43","37","38","483","157","310","133","173","118",
"1400000US12115002016","Census Tract 20.16; Sarasota County; Florida","2338","225","1675","251","1510","237","165","111","27","32","138","105","663","176","622","179","41","50",
"1400000US12115002101","Census Tract 21.01; Sarasota County; Florida","1415","153","1100","153","1055","157","45","34","10","17","35","29","315","99","270","97","45","37",
"1400000US12115002102","Census Tract 21.02; Sarasota County; Florida","1508","162","944","104","904","112","40","37","40","37","0","15","564","157","361","102","203","116",
"1400000US12115002201","Census Tract 22.01; Sarasota County; Florida","1868","160","1135","149","998","151","137","76","76","59","61","42","733","145","646","140","87","57",
"1400000US12115002203","Census Tract 22.03; Sarasota County; Florida","1832","301","1118","216","948","185","170","146","28","33","142","136","714","207","565","235","149","139",
"1400000US12115002204","Census Tract 22.04; Sarasota County; Florida","1081","237","810","233","609","112","201","219","142","211","59","54","271","92","188","73","83","55",
"1400000US12115002205","Census Tract 22.05; Sarasota County; Florida","1171","158","712","155","707","153","5","14","0","15","5","14","459","143","411","145","48","43",
"1400000US12115002302","Census Tract 23.02; Sarasota County; Florida","2199","388","904","167","770","163","134","89","31","37","103","78","1295","389","1162","393","133","89",
"1400000US12115002304","Census Tract 23.04; Sarasota County; Florida","1422","180","762","154","599","139","163","94","44","57","119","75","660","141","607","134","53","33",
"1400000US12115002305","Census Tract 23.05; Sarasota County; Florida","1073","154","491","112","425","114","66","31","31","35","35","30","582","129","510","116","72","78",
"1400000US12115002306","Census Tract 23.06; Sarasota County; Florida","1710","253","1070","194","1043","197","27","39","0","15","27","39","640","206","469","160","171","130",
"1400000US12115002307","Census Tract 23.07; Sarasota County; Florida","873","117","542","97","498","107","44","26","15","25","29","3","331","98","311","96","20","23",
"1400000US12115002401","Census Tract 24.01; Sarasota County; Florida","1865","293","957","142","932","144","25","22","16","18","9","14","908","291","781","292","127","88",
"1400000US12115002403","Census Tract 24.03; Sarasota County; Florida","764","128","355","98","292","81","63","57","0","15","63","57","409","104","369","99","40","34",
"1400000US12115002404","Census Tract 24.04; Sarasota County; Florida","1064","166","605","137","495","140","110","55","29","35","81","55","459","132","366","134","93","58",
"1400000US12115002504","Census Tract 25.04; Sarasota County; Florida","1282","131","717","148","530","135","187","105","84","76","103","65","565","134","485","128","80","57",
"1400000US12115002505","Census Tract 25.05; Sarasota County; Florida","964","108","609","81","546","86","63","42","6","11","57","40","355","108","245","92","110","66",
"1400000US12115002507","Census Tract 25.07; Sarasota County; Florida","2391","264","1713","303","1399","297","314","168","207","150","107","80","678","166","487","147","191","91",
"1400000US12115002508","Census Tract 25.08; Sarasota County; Florida","1444","182","928","198","769","183","159","95","41","66","118","67","516","149","433","137","83","59",
"1400000US12115002509","Census Tract 25.09; Sarasota County; Florida","2652","612","2013","593","1791","621","222","110","84","73","138","84","639","231","487","197","152","131",
"1400000US12115002510","Census Tract 25.10; Sarasota County; Florida","1854","235","847","134","737","129","110","70","86","66","24","29","1007","265","934","257","73","45",
"1400000US12115002511","Census Tract 25.11; Sarasota County; Florida","1347","162","763","164","666","153","97","71","20","25","77","70","584","151","517","147","67","45",
"1400000US12115002601","Census Tract 26.01; Sarasota County; Florida","1329","163","888","112","827","112","61","41","32","32","29","29","441","144","322","117","119","65",
"1400000US12115002602","Census Tract 26.02; Sarasota County; Florida","1387","167","915","123","854","127","61","39","0","15","61","39","472","142","436","136","36","31",
"1400000US12115002603","Census Tract 26.03; Sarasota County; Florida","925","159","633","172","562","171","71","37","36","27","35","25","292","80","212","60","80","55",
"1400000US12115002604","Census Tract 26.04; Sarasota County; Florida","1661","244","933","227","807","217","126","54","56","42","70","52","728","185","590","171","138","66",
"1400000US12115002605","Census Tract 26.05; Sarasota County; Florida","1276","160","684","133","460","124","224","53","100","59","124","84","592","151","510","145","82","59",
"1400000US12115002710","Census Tract 27.10; Sarasota County; Florida","1235","172","633","156","456","144","177","110","2","27","175","97","602","168","502","141","100","83",
"1400000US12115002714","Census Tract 27.14; Sarasota County; Florida","2925","458","2059","260","1837","277","222","89","67","65","155","74","866","406","656","362","210","187",
"1400000US12115002716","Census Tract 27.16; Sarasota County; Florida","3872","294","2534","268","2214","279","320","136","129","80","191","114","1338","281","1033","245","305","131",
"1400000US12115002720","Census Tract 27.20; Sarasota County; Florida","1534","198","1110","171","933","161","177","81","21","24","156","76","424","111","413","107","11","19",
"1400000US12115002721","Census Tract 27.21; Sarasota County; Florida","1778","221","1096","217","817","174","279","149","73","91","206","127","682","207","580","197","102","79",
"1400000US12115002723","Census Tract 27.23; Sarasota County; Florida","1365","226","794","140","749","133","45","43","0","15","45","43","571","189","442","175","129","87",
"1400000US12115002724","Census Tract 27.24; Sarasota County; Florida","1282","218","700","194","691","194","9","15","9","15","0","15","582","141","417","119","165","89",
"1400000US12115002725","Census Tract 27.25; Sarasota County; Florida","3489","376","2720","336","2390","370","330","139","68","58","262","142","769","235","585","213","184","106",
"1400000US12115002726","Census Tract 27.26; Sarasota County; Florida","3316","293","2283","312","2172","308","111","90","28","43","83","75","1033","253","840","259","193","108",
"1400000US12115002727","Census Tract 27.27; Sarasota County; Florida","998","179","888","179","771","165","117","155","9","14","108","154","110","75","98","71","12","15",
"1400000US12115002728","Census Tract 27.28; Sarasota County; Florida","1484","298","951","281","951","281","0","15","0","15","0","15","533","158","448","154","85","57",
"1400000US12115002729","Census Tract 27.29; Sarasota County; Florida","1145","204","429","118","362","112","67","41","0","15","67","41","716","204","623","175","93","102",
"1400000US12115002730","Census Tract 27.30; Sarasota County; Florida","1374","133","921","109","865","121","56","47","0","15","56","47","453","116","415","113","38","29",
"1400000US12115002731","Census Tract 27.31; Sarasota County; Florida","2756","547","2130","482","1936","484","194","109","0","21","194","109","626","177","569","172","57","53",
"1400000US12115002732","Census Tract 27.32; Sarasota County; Florida","2346","335","1521","265","1349","278","172","108","125","92","47","55","825","269","687","254","138","87",
"1400000US12115002733","Census Tract 27.33; Sarasota County; Florida","2186","237","1430","222","1318","222","112","59","72","47","40","34","756","242","494","191","262","152",
"1400000US12115002734","Census Tract 27.34; Sarasota County; Florida","4693","482","3534","535","3052","500","482","208","293","183","189","89","1159","236","978","248","181","116",
"1400000US12115002735","Census Tract 27.35; Sarasota County; Florida","1261","158","536","137","516","137","20","23","0","15","20","23","725","170","614","159","111","74",
"1400000US12115002736","Census Tract 27.36; Sarasota County; Florida","1723","177","1233","204","1022","218","211","154","85","63","126","141","490","184","404","159","86","70",
"1400000US12115002737","Census Tract 27.37; Sarasota County; Florida","2915","459","2230","519","1859","461","371","218","97","106","274","177","685","203","582","178","103","92",
"1400000US12115002738","Census Tract 27.38; Sarasota County; Florida","2063","244","1579","215","1366","229","213","118","8","21","205","115","484","168","364","149","120","108",
"1400000US12115002739","Census Tract 27.39; Sarasota County; Florida","1756","315","938","213","722","214","216","92","91","57","125","66","818","241","777","243","41","43",
"1400000US12115002740","Census Tract 27.40; Sarasota County; Florida","2133","342","1719","352","1253","388","466","200","84","83","382","181","414","137","281","119","133","119",
"1400000US12115002741","Census Tract 27.41; Sarasota County; Florida","1983","372","1692","394","1232","296","460","269","103","83","357","265","291","111","185","92","106","81",
"1400000US12115002742","Census Tract 27.42; Sarasota County; Florida","2887","318","2281","305","1767","371","514","268","158","140","356","262","606","242","431","222","175","161",
"1400000US12115002743","Census Tract 27.43; Sarasota County; Florida","1693","240","1390","268","1109","274","281","156","154","132","127","83","303","116","246","113","57","42",
"1400000US12115002744","Census Tract 27.44; Sarasota County; Florida","1343","113","1099","146","909","149","190","102","108","87","82","62","244","154","98","76","146","135",
"1400000US12115002745","Census Tract 27.45; Sarasota County; Florida","2521","303","2043","359","1527","331","516","226","251","195","265","147","478","185","382","170","96","85",
"1400000US12115002746","Census Tract 27.46; Sarasota County; Florida","2702","412","1975","396","1528","336","447","358","19","30","428","357","727","353","199","139","528","345",
"1400000US12115002747","Census Tract 27.47; Sarasota County; Florida","822","81","636","85","549","99","87","55","11","20","76","50","186","87","100","65","86","63",
"1400000US12115002748","Census Tract 27.48; Sarasota County; Florida","1871","381","1301","389","1204","379","97","91","21","38","76","82","570","213","346","136","224","189",
"1400000US12115990000","Census Tract 9900; Sarasota County; Florida","0","15","0","15","0","15","0","15","0","15","0","15","0","15","0","15","0","15",
"1400000US12117020101","Census Tract 201.01; Seminole County; Florida","820","197","280","91","167","87","113","84","0","15","113","84","540","199","503","209","37","32",
"1400000US12117020102","Census Tract 201.02; Seminole County; Florida","551","83","280","68","117","35","163","63","73","44","90","51","271","69","253","66","18","20",
"1400000US12117020201","Census Tract 202.01; Seminole County; Florida","780","96","541","85","396","91","145","66","12","15","133","63","239","92","190","90","49","39",
"1400000US12117020202","Census Tract 202.02; Seminole County; Florida","1558","198","1022","149","598","125","424","148","23","39","401","140","536","185","347","128","189","115",
"1400000US12117020301","Census Tract 203.01; Seminole County; Florida","946","150","646","138","485","150","161","54","53","35","108","40","300","83","230","72","70","34",
"1400000US12117020302","Census Tract 203.02; Seminole County; Florida","701","92","437","81","250","80","187","72","33","29","154","64","264","89","116","49","148","79",
"1400000US12117020401","Census Tract 204.01; Seminole County; Florida","595","148","276","96","118","78","158","55","25","17","133","59","319","152","267","147","52","73",
"1400000US12117020402","Census Tract 204.02; Seminole County; Florida","1158","295","856","282","578","269","278","117","85","54","193","111","302","108","273","105","29","26",
"1400000US12117020500","Census Tract 205; Seminole County; Florida","1258","187","829","192","226","113","603","203","101","103","502","169","429","126","335","131","94","63",
"1400000US12117020601","Census Tract 206.01; Seminole County; Florida","3737","369","2471","361","1682","370","789","351","83","80","706","380","1266","328","884","309","382","152",
"1400000US12117020602","Census Tract 206.02; Seminole County; Florida","3016","388","1620","392","1012","256","608","320","295","273","313","173","1396","373","1120","365","276","168",
"1400000US12117020703","Census Tract 207.03; Seminole County; Florida","1926","121","1798","127","1719","130","79","61","30","39","49","52","128","84","112","80","16","27",
"1400000US12117020704","Census Tract 207.04; Seminole County; Florida","3342","257","2371","245","2067","284","304","167","91","88","213","136","971","232","804","228","167","93",
"1400000US12117020705","Census Tract 207.05; Seminole County; Florida","1131","170","758","149","672","144","86","60","26","35","60","47","373","102","294","83","79","65",
"1400000US12117020706","Census Tract 207.06; Seminole County; Florida","3666","493","2504","546","1413","342","1091","498","158","127","933","510","1162","418","970","373","192","174",
"1400000US12117020707","Census Tract 207.07; Seminole County; Florida","3111","426","2590","333","2161","338","429","209","134","118","295","172","521","304","307","192","214","254",
"1400000US12117020803","Census Tract 208.03; Seminole County; Florida","2119","174","1812","182","1655","189","157","91","41","47","116","70","307","143","232","116","75","92",
"1400000US12117020805","Census Tract 208.05; Seminole County; Florida","3543","315","2317","244","1802","245","515","215","37","58","478","209","1226","297","960","265","266","171",
"1400000US12117020806","Census Tract 208.06; Seminole County; Florida","2537","428","1678","464","1225","385","453","314","271","302","182","117","859","267","653","268","206","146",
"1400000US12117020807","Census Tract 208.07; Seminole County; Florida","2775","240","1962","233","1318","203","644","200","130","101","514","182","813","235","605","225","208","139",
"1400000US12117020808","Census Tract 208.08; Seminole County; Florida","1444","121","1122","112","861","125","261","92","60","44","201","80","322","97","301","90","21","33",
"1400000US12117020810","Census Tract 208.10; Seminole County; Florida","1461","147","1147","179","957","177","190","138","20","24","170","140","314","96","250","82","64","43",
"1400000US12117020811","Census Tract 208.11; Seminole County; Florida","2855","387","1992","380","1316","275","676","313","120","76","556","311","863","194","743","200","120","101",
"1400000US12117020812","Census Tract 208.12; Seminole County; Florida","2558","523","1179","274","783","250","396","121","80","61","316","126","1379","488","1167","483","212","95",
"1400000US12117020901","Census Tract 209.01; Seminole County; Florida","1958","331","1101","156","473","125","628","178","167","93","461","153","857","327","692","324","165","91",
"1400000US12117020902","Census Tract 209.02; Seminole County; Florida","1187","260","633","196","361","116","272","174","205","162","67","62","554","238","447","224","107","89",
"1400000US12117020904","Census Tract 209.04; Seminole County; Florida","2488","257","1402","230","972","175","430","168","65","66","365","169","1086","280","639","192","447","254",
"1400000US12117020905","Census Tract 209.05; Seminole County; Florida","1730","193","1126","203","839","201","287","121","111","68","176","98","604","184","447","120","157","129",
"1400000US12117021000","Census Tract 210; Seminole County; Florida","2079","202","1739","217","1539","233","200","134","28","46","172","130","340","125","216","109","124","94",
"1400000US12117021100","Census Tract 211; Seminole County; Florida","2019","203","1340","232","1135","206","205","117","39","63","166","109","679","247","572","222","107","118",
"1400000US12117021201","Census Tract 212.01; Seminole County; Florida","2269","201","1804","237","1694","235","110","90","43","50","67","71","465","150","418","151","47","44",
"1400000US12117021203","Census Tract 212.03; Seminole County; Florida","1815","165","1619","171","1452","190","167","82","76","65","91","62","196","67","135","54","61","43",
"1400000US12117021205","Census Tract 212.05; Seminole County; Florida","1522","120","1232","165","1054","171","178","102","57","50","121","88","290","96","248","101","42","30",
"1400000US12117021206","Census Tract 212.06; Seminole County; Florida","1723","154","1575","167","1200","177","375","138","168","91","207","105","148","64","94","55","54","42",
"1400000US12117021306","Census Tract 213.06; Seminole County; Florida","3859","423","2819","407","2419","423","400","180","34","44","366","168","1040","260","772","261","268","130",
"1400000US12117021307","Census Tract 213.07; Seminole County; Florida","2594","324","2045","341","1836","363","209","122","118","92","91","64","549","193","345","143","204","149",
"1400000US12117021311","Census Tract 213.11; Seminole County; Florida","1863","161","1524","159","1261","150","263","94","29","21","234","92","339","113","238","87","101","76",
"1400000US12117021312","Census Tract 213.12; Seminole County; Florida","2217","404","1477","412","1048","397","429","156","55","52","374","148","740","264","698","263","42","46",
"1400000US12117021313","Census Tract 213.13; Seminole County; Florida","3124","467","2133","375","1891","366","242","93","52","49","190","92","991","363","895","356","96","54",
"1400000US12117021314","Census Tract 213.14; Seminole County; Florida","1811","150","1267","154","931","130","336","130","121","96","215","78","544","121","435","117","109","75",
"1400000US12117021315","Census Tract 213.15; Seminole County; Florida","2550","253","1693","255","1335","239","358","156","97","71","261","138","857","212","442","170","415","174",
"1400000US12117021316","Census Tract 213.16; Seminole County; Florida","1484","215","1192","221","919","114","273","208","61","54","212","196","292","116","128","101","164","89",
"1400000US12117021317","Census Tract 213.17; Seminole County; Florida","2947","248","2176","234","1759","239","417","144","66","81","351","143","771","181","349","150","422","145",
"1400000US12117021318","Census Tract 213.18; Seminole County; Florida","3073","249","2004","331","1567","319","437","177","53","57","384","167","1069","238","798","255","271","172",
"1400000US12117021319","Census Tract 213.19; Seminole County; Florida","549","58","406","59","304","61","102","41","53","30","49","33","143","43","103","38","40","40",
"1400000US12117021320","Census Tract 213.20; Seminole County; Florida","2464","286","2043","310","1671","256","372","218","58","66","314","199","421","186","277","161","144","96",
"1400000US12117021321","Census Tract 213.21; Seminole County; Florida","943","88","696","107","451","114","245","116","161","101","84","55","247","83","140","74","107","59",
"1400000US12117021401","Census Tract 214.01; Seminole County; Florida","3221","365","2203","285","1221","284","982","315","338","256","644","207","1018","328","653","256","365","223",
"1400000US12117021403","Census Tract 214.03; Seminole County; Florida","3161","252","2500","227","2027","231","473","165","256","121","217","121","661","194","563","180","98","101",
"1400000US12117021404","Census Tract 214.04; Seminole County; Florida","3722","456","2495","382","2026","359","469","200","272","174","197","94","1227","415","1051","408","176","114",
"1400000US12117021504","Census Tract 215.04; Seminole County; Florida","1282","196","909","206","739","216","170","60","29","32","141","55","373","100","347","98","26","33",
"1400000US12117021505","Census Tract 215.05; Seminole County; Florida","1856","209","1198","152","983","138","215","96","61","42","154","89","658","199","493","157","165","109",
"1400000US12117021506","Census Tract 215.06; Seminole County; Florida","1560","167","1022","138","782","154","240","102","53","55","187","77","538","140","493","134","45","32",
"1400000US12117021507","Census Tract 215.07; Seminole County; Florida","3224","299","1944","292","1403","248","541","181","218","128","323","147","1280","240","1028","232","252","133",
"1400000US12117021604","Census Tract 216.04; Seminole County; Florida","1708","198","1305","218","1121","191","184","95","92","77","92","57","403","98","332","89","71","53",
"1400000US12117021606","Census Tract 216.06; Seminole County; Florida","2482","227","1683","286","991","234","692","195","116","106","576","190","799","265","638","262","161","112",
"1400000US12117021608","Census Tract 216.08; Seminole County; Florida","2676","375","1322","275","753","228","569","228","89","92","480","212","1354","414","901","313","453","333",
"1400000US12117021609","Census Tract 216.09; Seminole County; Florida","1079","172","926","170","752","189","174","75","77","60","97","44","153","68","94","54","59","41",
"1400000US12117021611","Census Tract 216.11; Seminole County; Florida","1641","111","1283","117","1066","126","217","101","119","86","98","52","358","96","294","90","64","50",
"1400000US12117021612","Census Tract 216.12; Seminole County; Florida","1671","244","1427","254","1272","249","155","116","44","43","111","108","244","95","211","90","33","27",
"1400000US12117021613","Census Tract 216.13; Seminole County; Florida","1627","178","948","180","457","156","491","157","15","20","476","159","679","158","413","125","266","131",
"1400000US12117021614","Census Tract 216.14; Seminole County; Florida","1947","293","1141","265","844","258","297","116","49","52","248","96","806","268","646","256","160","140",
"1400000US12117021617","Census Tract 216.17; Seminole County; Florida","3366","363","1661","311","1317","304","344","157","85","71","259","128","1705","291","1315","238","390","202",
"1400000US12117021704","Census Tract 217.04; Seminole County; Florida","1811","259","1392","267","945","168","447","244","233","215","214","105","419","126","184","94","235","92",
"1400000US12117021705","Census Tract 217.05; Seminole County; Florida","2469","308","1381","315","498","133","883","325","298","279","585","223","1088","294","806","263","282","186",
"1400000US12117021706","Census Tract 217.06; Seminole County; Florida","1755","161","900","188","519","153","381","137","94","76","287","124","855","155","677","160","178","108",
"1400000US12117021707","Census Tract 217.07; Seminole County; Florida","2820","312","1608","252","929","243","679","221","191","167","488","207","1212","266","860","235","352","173",
"1400000US12117021708","Census Tract 217.08; Seminole County; Florida","2470","253","1545","226","1110","220","435","186","96","78","339","144","925","172","495","149","430","204",
"1400000US12117021802","Census Tract 218.02; Seminole County; Florida","1840","204","1108","260","619","185","489","246","322","240","167","72","732","165","562","129","170","107",
"1400000US12117021803","Census Tract 218.03; Seminole County; Florida","1967","629","931","337","500","204","431","269","40","39","391","273","1036","598","876","597","160","89",
"1400000US12117021805","Census Tract 218.05; Seminole County; Florida","734","138","568","137","437","137","131","47","28","17","103","49","166","65","142","62","24","20",
"1400000US12117021806","Census Tract 218.06; Seminole County; Florida","3054","435","1084","254","836","235","248","154","13","23","235","153","1970","445","1462","459","508","231",
"1400000US12117021901","Census Tract 219.01; Seminole County; Florida","2470","210","1257","255","859","200","398","181","36","43","362","167","1213","216","885","231","328","154",
"1400000US12117021902","Census Tract 219.02; Seminole County; Florida","2019","229","1143","214","700","166","443","165","171","124","272","120","876","169","702","142","174","116",
"1400000US12117022001","Census Tract 220.01; Seminole County; Florida","942","117","625","124","354","102","271","90","64","45","207","75","317","78","250","77","67","42",
"1400000US12117022002","Census Tract 220.02; Seminole County; Florida","2261","249","1355","232","944","210","411","159","62","61","349","145","906","257","717","248","189","104",
"1400000US12117022004","Census Tract 220.04; Seminole County; Florida","1242","168","527","73","366","81","161","64","17","26","144","60","715","172","574","174","141","83",
"1400000US12117022006","Census Tract 220.06; Seminole County; Florida","1627","181","881","222","627","168","254","155","142","144","112","68","746","215","592","170","154","125",
"1400000US12117022007","Census Tract 220.07; Seminole County; Florida","1589","296","967","291","793","297","174","85","49","45","125","71","622","173","506","155","116","77",
"1400000US12117022101","Census Tract 221.01; Seminole County; Florida","3430","441","1962","295","1269","240","693","307","231","182","462","215","1468","422","910","289","558","349",
"1400000US12117022104","Census Tract 221.04; Seminole County; Florida","2676","340","1726","312","1269","344","457","170","83","110","374","130","950","313","764","298","186","109",
"1400000US12117022105","Census Tract 221.05; Seminole County; Florida","1371","102","877","114","752","106","125","63","21","20","104","57","494","118","362","97","132","83",
"1400000US12117022106","Census Tract 221.06; Seminole County; Florida","3388","263","2130","265","1518","268","612","235","175","126","437","216","1258","260","835","239","423","225",
"1400000US12117022201","Census Tract 222.01; Seminole County; Florida","2782","382","1482","297","938","268","544","205","109","84","435","182","1300","379","996","334","304","199",
"1400000US12117022205","Census Tract 222.05; Seminole County; Florida","1560","149","912","135","677","140","235","91","135","90","100","64","648","175","566","179","82","61",
"1400000US12117022206","Census Tract 222.06; Seminole County; Florida","2992","389","1916","303","1306","249","610","195","237","120","373","153","1076","305","896","291","180","106",
"1400000US12117022207","Census Tract 222.07; Seminole County; Florida","2414","386","1653","364","1109","275","544","300","215","126","329","241","761","189","624","161","137","95",
"1400000US12117022208","Census Tract 222.08; Seminole County; Florida","1909","197","777","175","468","141","309","105","112","72","197","86","1132","186","829","183","303","104",
"1400000US12117022209","Census Tract 222.09; Seminole County; Florida","1577","146","1099","135","763","128","336","110","126","63","210","86","478","114","293","112","185","74",
"1400000US12119910100","Census Tract 9101; Sumter County; Florida","1855","262","1274","256","1171","247","103","59","48","43","55","41","581","179","376","121","205","155",
"1400000US12119910300","Census Tract 9103; Sumter County; Florida","4218","353","2894","356","2769","340","125","86","72","65","53","54","1324","231","1052","214","272","101",
"1400000US12119910401","Census Tract 9104.01; Sumter County; Florida","1833","265","1008","257","573","193","435","163","82","55","353","152","825","152","677","148","148","115",
"1400000US12119910402","Census Tract 9104.02; Sumter County; Florida","1179","282","673","202","491","167","182","108","111","89","71","60","506","208","453","191","53","56",
"1400000US12119910500","Census Tract 9105; Sumter County; Florida","2119","284","1599","316","1286","286","313","197","57","56","256","193","520","164","366","136","154","98",
"1400000US12119910601","Census Tract 9106.01; Sumter County; Florida","2451","340","1574","282","1193","301","381","170","74","82","307","144","877","274","533","236","344","189",
"1400000US12119910602","Census Tract 9106.02; Sumter County; Florida","1392","198","896","186","647","167","249","162","124","139","125","80","496","157","371","140","125","84",
"1400000US12119910701","Census Tract 9107.01; Sumter County; Florida","1146","281","639","151","541","135","98","63","20","18","78","57","507","248","479","246","28","35",
"1400000US12119910702","Census Tract 9107.02; Sumter County; Florida","1573","268","1107","236","743","165","364","165","59","38","305","167","466","161","368","162","98","59",
"1400000US12119910800","Census Tract 9108; Sumter County; Florida","2625","330","1419","266","1351","257","68","62","19","29","49","54","1206","252","1094","238","112","122",
"1400000US12119911000","Census Tract 9110; Sumter County; Florida","66","51","55","48","38","39","17","27","0","15","17","27","11","15","11","15","0","15",
"1400000US12119911201","Census Tract 9112.01; Sumter County; Florida","2811","531","1702","520","1643","504","59","44","19","31","40","45","1109","274","903","253","206","142",
"1400000US12119911202","Census Tract 9112.02; Sumter County; Florida","2227","515","1845","529","1705","518","140","126","22","19","118","125","382","120","371","119","11","19",
"1400000US12119911203","Census Tract 9112.03; Sumter County; Florida","2967","309","1573","277","1499","268","74","54","0","15","74","54","1394","339","1198","313","196","131",
"1400000US12119911204","Census Tract 9112.04; Sumter County; Florida","6615","864","4361","624","4018","610","343","179","0","24","343","179","2254","874","2214","867","40","67",
"1400000US12119911205","Census Tract 9112.05; Sumter County; Florida","1863","173","1264","177","1233","184","31","30","22","26","9","15","599","151","545","132","54","69",
"1400000US12119911206","Census Tract 9112.06; Sumter County; Florida","3749","711","2564","709","2523","706","41","48","20","34","21","34","1185","313","1131","304","54","52",
"1400000US12119911207","Census Tract 9112.07; Sumter County; Florida","3348","755","2217","745","2202","747","15","24","0","21","15","24","1131","327","995","320","136","102",
"1400000US12119911301","Census Tract 9113.01; Sumter County; Florida","3914","301","2501","298","1941","235","560","189","87","71","473","198","1413","229","1201","231","212","94",
"1400000US12119911302","Census Tract 9113.02; Sumter County; Florida","548","148","350","122","67","53","283","133","134","135","149","60","198","78","176","84","22","24",
"1400000US12119911401","Census Tract 9114.01; Sumter County; Florida","3462","299","2434","267","2415","263","19","31","0","21","19","31","1028","237","765","225","263","122",
"1400000US12119911402","Census Tract 9114.02; Sumter County; Florida","7962","759","5332","597","5010","575","322","268","0","24","322","268","2630","677","2137","608","493","254",
"1400000US12119911500","Census Tract 9115; Sumter County; Florida","989","167","759","166","561","149","198","85","94","61","104","69","230","69","157","57","73","52",
"1400000US12119911702","Census Tract 9117.02; Sumter County; Florida","3272","522","1906","498","1814","504","92","84","14","23","78","81","1366","210","1227","195","139","79",
"1400000US12119911703","Census Tract 9117.03; Sumter County; Florida","2907","637","1175","255","1133","252","42","50","22","38","20","32","1732","630","1507","638","225","169",
"1400000US12119911704","Census Tract 9117.04; Sumter County; Florida","3227","348","2070","282","1878","264","192","132","63","82","129","102","1157","298","1126","291","31","50",
"1400000US12119980000","Census Tract 9800; Sumter County; Florida","0","15","0","15","0","15","0","15","0","15","0","15","0","15","0","15","0","15",
"1400000US12119980100","Census Tract 9801; Sumter County; Florida","0","21","0","21","0","21","0","21","0","21","0","21","0","21","0","21","0","21",
"1400000US12121970100","Census Tract 9701; Suwannee County; Florida","2075","347","1489","356","1121","341","368","154","140","97","228","122","586","215","417","181","169","122",
"1400000US12121970200","Census Tract 9702; Suwannee County; Florida","1877","228","1309","204","1040","169","269","141","70","56","199","140","568","244","348","198","220","171",
"1400000US12121970301","Census Tract 9703.01; Suwannee County; Florida","769","93","557","89","437","89","120","73","88","70","32","25","212","86","178","82","34","40",
"1400000US12121970303","Census Tract 9703.03; Suwannee County; Florida","1046","172","476","106","340","77","136","97","24","28","112","90","570","159","556","155","14","24",
"1400000US12121970304","Census Tract 9703.04; Suwannee County; Florida","1938","310","1601","331","768","237","833","352","279","118","554","356","337","151","304","147","33","31",
"1400000US12121970401","Census Tract 9704.01; Suwannee County; Florida","1126","154","822","200","627","199","195","107","29","36","166","102","304","192","204","175","100","108",
"1400000US12121970402","Census Tract 9704.02; Suwannee County; Florida","1408","184","1001","203","739","189","262","116","35","39","227","108","407","159","347","150","60","54",
"1400000US12121970501","Census Tract 9705.01; Suwannee County; Florida","1643","254","968","207","757","159","211","144","129","132","82","58","675","270","483","163","192","212",
"1400000US12121970502","Census Tract 9705.02; Suwannee County; Florida","1657","263","1295","253","1003","229","292","143","115","76","177","119","362","162","283","141","79","76",
"1400000US12121970601","Census Tract 9706.01; Suwannee County; Florida","1155","219","778","191","538","161","240","131","132","89","108","86","377","153","314","147","63","51",
"1400000US12121970602","Census Tract 9706.02; Suwannee County; Florida","1418","172","1065","130","832","110","233","95","81","64","152","105","353","111","322","116","31","35",
"1400000US12123950100","Census Tract 9501; Taylor County; Florida","1201","170","856","141","596","163","260","116","53","47","207","119","345","151","314","138","31","39",
"1400000US12123950201","Census Tract 9502.01; Taylor County; Florida","665","192","526","188","345","202","181","112","0","15","181","112","139","58","125","57","14","15",
"1400000US12123950202","Census Tract 9502.02; Taylor County; Florida","1291","204","818","168","536","190","282","144","0","15","282","144","473","165","436","161","37","40",
"1400000US12123950301","Census Tract 9503.01; Taylor County; Florida","1087","207","636","186","402","133","234","139","40","48","194","137","451","170","412","166","39","48",
"1400000US12123950302","Census Tract 9503.02; Taylor County; Florida","1507","258","976","223","574","221","402","160","133","90","269","141","531","156","494","156","37","49",
"1400000US12123950401","Census Tract 9504.01; Taylor County; Florida","1314","234","762","192","628","186","134","111","83","94","51","58","552","236","477","195","75","111",
"1400000US12123950402","Census Tract 9504.02; Taylor County; Florida","911","251","512","198","308","122","204","166","156","164","48","41","399","169","376","165","23","22",
"1400000US12123990000","Census Tract 9900; Taylor County; Florida","0","15","0","15","0","15","0","15","0","15","0","15","0","15","0","15","0","15",
"1400000US12125960100","Census Tract 9601; Union County; Florida","828","200","512","156","394","109","118","107","55","92","63","46","316","136","279","137","37","36",
"1400000US12125960201","Census Tract 9602.01; Union County; Florida","760","117","463","103","338","100","125","71","49","55","76","52","297","107","204","83","93","71",
"1400000US12125960202","Census Tract 9602.02; Union County; Florida","902","120","629","132","476","133","153","67","0","21","153","67","273","118","252","118","21","31",
"1400000US12125960300","Census Tract 9603; Union County; Florida","1826","196","1343","205","988","207","355","161","117","122","238","126","483","141","385","121","98","63",
"1400000US12127080101","Census Tract 801.01; Volusia County; Florida","2116","227","1318","240","1129","256","189","109","92","80","97","77","798","173","667","186","131","95",
"1400000US12127080102","Census Tract 801.02; Volusia County; Florida","3126","327","2051","331","1841","321","210","125","72","72","138","98","1075","247","882","203","193","143",
"1400000US12127080201","Census Tract 802.01; Volusia County; Florida","1390","154","934","155","830","153","104","60","0","15","104","60","456","127","392","126","64","37",
"1400000US12127080202","Census Tract 802.02; Volusia County; Florida","1318","206","730","145","661","144","69","42","29","32","40","33","588","186","470","183","118","47",
"1400000US12127080300","Census Tract 803; Volusia County; Florida","1808","238","757","143","633","163","124","70","38","41","86","59","1051","231","850","209","201","134",
"1400000US12127080400","Census Tract 804; Volusia County; Florida","1683","225","1193","226","805","159","388","176","108","78","280","160","490","119","417","117","73","51",
"1400000US12127080500","Census Tract 805; Volusia County; Florida","1224","219","855","214","624","179","231","125","143","113","88","60","369","100","271","91","98","53",
"1400000US12127080600","Census Tract 806; Volusia County; Florida","1719","228","857","195","533","126","324","160","128","142","196","69","862","222","753","193","109","116",
"1400000US12127080700","Census Tract 807; Volusia County; Florida","1983","215","1401","204","1126","167","275","121","66","47","209","110","582","136","512","136","70","37",
"1400000US12127080803","Census Tract 808.03; Volusia County; Florida","2158","302","1293","265","776","186","517","221","142","77","375","227","865","252","663","249","202","126",
"1400000US12127080805","Census Tract 808.05; Volusia County; Florida","2856","441","1482","230","685","211","797","216","269","160","528","160","1374","430","1011","386","363","347",
"1400000US12127080806","Census Tract 808.06; Volusia County; Florida","1008","128","562","114","426","105","136","97","44","55","92","80","446","138","289","103","157","128",
"1400000US12127080807","Census Tract 808.07; Volusia County; Florida","2515","232","1332","269","902","210","430","196","54","53","376","195","1183","252","1047","253","136","116",
"1400000US12127080808","Census Tract 808.08; Volusia County; Florida","3334","450","1950","423","1686","449","264","216","144","186","120","86","1384","294","1176","279","208","189",
"1400000US12127080809","Census Tract 808.09; Volusia County; Florida","1461","401","1044","404","740","403","304","132","59","50","245","127","417","146","281","105","136","107",
"1400000US12127080901","Census Tract 809.01; Volusia County; Florida","1897","276","931","343","108","67","823","333","323","173","500","283","966","277","597","197","369","233",
"1400000US12127080902","Census Tract 809.02; Volusia County; Florida","1547","217","1025","191","670","177","355","122","114","65","241","107","522","175","367","159","155","94",
"1400000US12127081001","Census Tract 810.01; Volusia County; Florida","967","181","426","104","268","96","158","102","0","15","158","102","541","176","436","132","105","118",
"1400000US12127081002","Census Tract 810.02; Volusia County; Florida","1146","188","596","121","378","102","218","93","44","33","174","91","550","165","438","156","112","59",
"1400000US12127081101","Census Tract 811.01; Volusia County; Florida","1444","185","715","155","556","134","159","89","71","56","88","70","729","156","579","145","150","105",
"1400000US12127081102","Census Tract 811.02; Volusia County; Florida","912","151","474","125","327","111","147","59","53","46","94","46","438","97","374","99","64","41",
"1400000US12127081201","Census Tract 812.01; Volusia County; Florida","1692","354","580","217","449","208","131","72","15","22","116","79","1112","372","700","317","412","184",
"1400000US12127081202","Census Tract 812.02; Volusia County; Florida","587","96","174","109","130","107","44","37","28","34","16","18","413","104","318","108","95","71",
"1400000US12127081300","Census Tract 813; Volusia County; Florida","1016","160","383","119","224","113","159","94","62","41","97","85","633","133","564","134","69","44",
"1400000US12127081500","Census Tract 815; Volusia County; Florida","927","174","274","138","101","80","173","116","39","48","134","106","653","179","491","130","162","143",
"1400000US12127081600","Census Tract 816; Volusia County; Florida","997","126","568","129","236","90","332","117","119","62","213","92","429","135","334","123","95","67",
"1400000US12127081701","Census Tract 817.01; Volusia County; Florida","1010","163","738","181","393","157","345","141","25","36","320","127","272","113","206","93","66","71",
"1400000US12127081702","Census Tract 817.02; Volusia County; Florida","1977","260","1177","274","560","179","617","236","112","119","505","198","800","212","657","211","143","111",
"1400000US12127081800","Census Tract 818; Volusia County; Florida","1039","145","754","170","149","77","605","160","143","81","462","153","285","100","187","92","98","61",
"1400000US12127081900","Census Tract 819; Volusia County; Florida","808","165","530","160","171","127","359","105","224","110","135","66","278","111","234","99","44","45",
"1400000US12127082000","Census Tract 820; Volusia County; Florida","938","168","446","107","28","35","418","96","110","63","308","68","492","139","467","140","25","20",
"1400000US12127082100","Census Tract 821; Volusia County; Florida","1972","299","1250","266","297","110","953","277","168","89","785","264","722","216","603","232","119","96",
"1400000US12127082201","Census Tract 822.01; Volusia County; Florida","1997","338","931","295","351","190","580","263","211","148","369","231","1066","264","877","260","189","122",
"1400000US12127082202","Census Tract 822.02; Volusia County; Florida","793","134","559","138","323","88","236","118","135","106","101","55","234","59","153","53","81","43",
"1400000US12127082302","Census Tract 823.02; Volusia County; Florida","2681","309","1386","305","508","181","878","317","282","259","596","202","1295","196","973","207","322","151",
"1400000US12127082303","Census Tract 823.03; Volusia County; Florida","1926","196","645","168","306","133","339","140","91","77","248","120","1281","236","956","231","325","195",
"1400000US12127082401","Census Tract 824.01; Volusia County; Florida","1922","227","1026","182","570","143","456","171","23","31","433","171","896","215","661","171","235","127",
"1400000US12127082404","Census Tract 824.04; Volusia County; Florida","1341","203","705","212","583","212","122","58","26","26","96","54","636","165","449","163","187","94",
"1400000US12127082405","Census Tract 824.05; Volusia County; Florida","2046","245","1254","240","1031","265","223","105","103","75","120","61","792","206","690","200","102","82",
"1400000US12127082406","Census Tract 824.06; Volusia County; Florida","1221","152","676","168","551","156","125","86","43","57","82","64","545","123","461","142","84","86",
"1400000US12127082410","Census Tract 824.10; Volusia County; Florida","3014","378","1969","391","1106","225","863","397","315","349","548","202","1045","262","750","207","295","163",
"1400000US12127082411","Census Tract 824.11; Volusia County; Florida","1749","245","965","207","726","181","239","131","85","90","154","87","784","209","660","205","124","81",
"1400000US12127082412","Census Tract 824.12; Volusia County; Florida","1379","135","636","144","434","112","202","116","84","90","118","74","743","178","498","150","245","110",
"1400000US12127082413","Census Tract 824.13; Volusia County; Florida","1448","164","1081","163","831","162","250","109","1","6","249","107","367","129","216","109","151","70",
"1400000US12127082414","Census Tract 824.14; Volusia County; Florida","2429","277","1107","289","580","199","527","249","112","120","415","240","1322","248","880","219","442","200",
"1400000US12127082415","Census Tract 824.15; Volusia County; Florida","1252","216","727","221","514","196","213","104","66","48","147","95","525","127","375","105","150","88",
"1400000US12127082503","Census Tract 825.03; Volusia County; Florida","2584","233","1358","269","1100","226","258","121","30","36","228","110","1226","243","967","237","259","109",
"1400000US12127082506","Census Tract 825.06; Volusia County; Florida","2359","522","1047","201","930","196","117","94","6","32","111","91","1312","513","723","227","589","471",
"1400000US12127082508","Census Tract 825.08; Volusia County; Florida","1821","177","1454","185","1053","142","401","183","159","103","242","154","367","114","263","95","104","80",
"1400000US12127082509","Census Tract 825.09; Volusia County; Florida","1628","157","1239","138","971","136","268","85","90","54","178","68","389","111","320","106","69","34",
"1400000US12127082510","Census Tract 825.10; Volusia County; Florida","1876","188","1032","183","749","159","283","108","86","62","197","97","844","195","729","177","115","70",
"1400000US12127082511","Census Tract 825.11; Volusia County; Florida","1178","164","606","150","375","150","231","119","58","53","173","112","572","148","460","137","112","67",
"1400000US12127082512","Census Tract 825.12; Volusia County; Florida","2473","364","1521","251","1119","264","402","173","121","91","281","155","952","312","774","300","178","136",
"1400000US12127082513","Census Tract 825.13; Volusia County; Florida","653","103","463","133","235","110","228","104","98","92","130","66","190","106","169","106","21","18",
"1400000US12127082604","Census Tract 826.04; Volusia County; Florida","1716","283","885","209","674","151","211","168","17","19","194","165","831","207","662","198","169","114",
"1400000US12127082605","Census Tract 826.05; Volusia County; Florida","2102","287","1238","203","1096","206","142","79","2","10","140","77","864","268","796","263","68","49",
"1400000US12127082606","Census Tract 826.06; Volusia County; Florida","1770","124","1172","99","1053","109","119","58","93","54","26","24","598","166","543","165","55","43",
"1400000US12127082607","Census Tract 826.07; Volusia County; Florida","1186","262","595","113","511","92","84","75","14","22","70","73","591","244","526","251","65","64",
"1400000US12127082701","Census Tract 827.01; Volusia County; Florida","912","210","635","191","583","191","52","37","26","32","26","20","277","99","223","84","54","36",
"1400000US12127082703","Census Tract 827.03; Volusia County; Florida","1826","399","841","192","721","196","120","64","51","47","69","37","985","353","898","350","87","60",
"1400000US12127082704","Census Tract 827.04; Volusia County; Florida","1243","195","747","157","697","151","50","37","21","25","29","27","496","141","373","118","123","86",
"1400000US12127082705","Census Tract 827.05; Volusia County; Florida","1309","274","484","119","464","117","20","24","0","15","20","24","825","260","751","265","74","72",
"1400000US12127082801","Census Tract 828.01; Volusia County; Florida","1542","269","943","267","805","279","138","87","32","38","106","82","599","159","548","154","51","36",
"1400000US12127082802","Census Tract 828.02; Volusia County; Florida","2108","280","1269","246","920","234","349","138","169","139","180","76","839","224","794","212","45","49",
"1400000US12127082902","Census Tract 829.02; Volusia County; Florida","2760","244","1748","299","1250","218","498","283","426","281","72","64","1012","276","610","202","402","255",
"1400000US12127082903","Census Tract 829.03; Volusia County; Florida","2814","364","1705","340","1173","296","532","215","243","170","289","126","1109","289","908","262","201","123",
"1400000US12127082904","Census Tract 829.04; Volusia County; Florida","2569","289","1502","201","1273","192","229","121","37","34","192","111","1067","266","805","252","262","130",
"1400000US12127083003","Census Tract 830.03; Volusia County; Florida","2941","541","1889","511","1607","520","282","117","121","78","161","92","1052","296","991","292","61","41",
"1400000US12127083005","Census Tract 830.05; Volusia County; Florida","1865","245","1104","164","865","159","239","87","153","78","86","62","761","225","656","214","105","66",
"1400000US12127083006","Census Tract 830.06; Volusia County; Florida","2777","413","1868","361","1272","350","596","243","145","92","451","218","909","361","750","357","159","118",
"1400000US12127083007","Census Tract 830.07; Volusia County; Florida","2009","384","1477","315","1015","343","462","204","104","67","358","197","532","215","472","215","60","37",
"1400000US12127083008","Census Tract 830.08; Volusia County; Florida","1813","228","774","169","510","144","264","101","22","31","242","110","1039","187","906","203","133","115",
"1400000US12127083009","Census Tract 830.09; Volusia County; Florida","1597","325","805","138","632","137","173","66","31","32","142","62","792","333","535","300","257","192",
"1400000US12127083203","Census Tract 832.03; Volusia County; Florida","3173","406","2448","402","2236","411","212","98","66","54","146","83","725","236","468","193","257","127",
"1400000US12127083205","Census Tract 832.05; Volusia County; Florida","3588","265","2542","261","2443","265","99","91","0","21","99","91","1046","240","836","231","210","100",
"1400000US12127083206","Census Tract 832.06; Volusia County; Florida","390","21","334","46","310","49","24","17","19","15","5","10","56","40","46","38","10","10",
"1400000US12127083207","Census Tract 832.07; Volusia County; Florida","4365","423","2452","264","2102","292","350","204","108","127","242","139","1913","411","1262","379","651","318",
"1400000US12127083209","Census Tract 832.09; Volusia County; Florida","4168","510","2975","450","2546","434","429","174","122","90","307","155","1193","411","835","280","358","333",
"1400000US12127083210","Census Tract 832.10; Volusia County; Florida","2721","371","2159","350","1691","344","468","234","168","144","300","178","562","188","551","183","11","19",
"1400000US12127083211","Census Tract 832.11; Volusia County; Florida","2643","397","2099","408","1975","399","124","98","35","50","89","81","544","153","466","153","78","71",
"1400000US12127090101","Census Tract 901.01; Volusia County; Florida","1546","187","1195","183","843","212","352","119","152","83","200","123","351","110","283","104","68","41",
"1400000US12127090102","Census Tract 901.02; Volusia County; Florida","1174","171","872","164","649","117","223","138","101","123","122","62","302","109","280","108","22","21",
"1400000US12127090202","Census Tract 902.02; Volusia County; Florida","2761","265","1970","346","1385","296","585","279","124","109","461","285","791","238","698","231","93","73",
"1400000US12127090203","Census Tract 902.03; Volusia County; Florida","2045","259","1405","256","1199","251","206","123","107","104","99","73","640","172","534","181","106","92",
"1400000US12127090204","Census Tract 902.04; Volusia County; Florida","3404","313","2537","302","2043","388","494","220","73","85","421","206","867","211","790","210","77","56",
"1400000US12127090303","Census Tract 903.03; Volusia County; Florida","1170","235","757","224","571","222","186","82","47","44","139","71","413","120","339","115","74","58",
"1400000US12127090304","Census Tract 903.04; Volusia County; Florida","2306","358","1340","425","1057","414","283","150","42","46","241","147","966","212","710","212","256","135",
"1400000US12127090305","Census Tract 903.05; Volusia County; Florida","1718","220","1336","212","948","196","388","133","93","66","295","119","382","109","291","102","91","49",
"1400000US12127090306","Census Tract 903.06; Volusia County; Florida","4329","310","3065","317","2685","334","380","150","67","61","313","139","1264","292","977","287","287","162",
"1400000US12127090307","Census Tract 903.07; Volusia County; Florida","3057","331","2089","371","1356","244","733","287","268","143","465","250","968","257","629","169","339","188",
"1400000US12127090401","Census Tract 904.01; Volusia County; Florida","984","289","660","270","328","123","332","260","209","255","123","67","324","99","225","84","99","45",
"1400000US12127090402","Census Tract 904.02; Volusia County; Florida","979","144","563","100","362","116","201","97","139","94","62","46","416","129","369","119","47","52",
"1400000US12127090500","Census Tract 905; Volusia County; Florida","1062","190","475","169","381","152","94","64","38","50","56","50","587","140","484","134","103","50",
"1400000US12127090600","Census Tract 906; Volusia County; Florida","2459","257","1423","231","800","261","623","211","119","126","504","211","1036","248","730","219","306","171",
"1400000US12127090701","Census Tract 907.01; Volusia County; Florida","2338","328","1640","309","1164","269","476","235","308","178","168","119","698","237","494","186","204","123",
"1400000US12127090702","Census Tract 907.02; Volusia County; Florida","2022","223","1250","198","681","178","569","214","249","172","320","161","772","196","682","195","90","79",
"1400000US12127090803","Census Tract 908.03; Volusia County; Florida","2342","279","1464","239","912","242","552","177","237","145","315","141","878","331","674","293","204","168",
"1400000US12127090804","Census Tract 908.04; Volusia County; Florida","2933","273","1892","307","1362","331","530","183","91","70","439","159","1041","233","698","204","343","178",
"1400000US12127090806","Census Tract 908.06; Volusia County; Florida","2530","288","1377","302","794","220","583","239","135","117","448","210","1153","277","944","261","209","110",
"1400000US12127090807","Census Tract 908.07; Volusia County; Florida","2318","341","1205","290","893","275","312","168","44","44","268","169","1113","266","1015","274","98","104",
"1400000US12127090808","Census Tract 908.08; Volusia County; Florida","744","129","369","138","350","137","19","17","7","9","12","14","375","104","239","85","136","93",
"1400000US12127090903","Census Tract 909.03; Volusia County; Florida","2233","271","1337","182","1169","194","168","87","0","15","168","87","896","299","559","183","337","246",
"1400000US12127090904","Census Tract 909.04; Volusia County; Florida","2894","282","2005","294","1593","267","412","165","235","127","177","115","889","269","772","268","117","68",
"1400000US12127090905","Census Tract 909.05; Volusia County; Florida","2863","390","2304","414","1984","386","320","195","43","66","277","191","559","159","376","146","183","130",
"1400000US12127090906","Census Tract 909.06; Volusia County; Florida","1494","160","805","139","584","122","221","103","30","32","191","93","689","159","530","162","159","73",
"1400000US12127091001","Census Tract 910.01; Volusia County; Florida","2589","339","2061","287","1556","244","505","250","331","228","174","112","528","190","363","173","165","98",
"1400000US12127091005","Census Tract 910.05; Volusia County; Florida","745","102","531","84","438","78","93","59","40","41","53","49","214","77","134","68","80","52",
"1400000US12127091015","Census Tract 910.15; Volusia County; Florida","1865","167","1455","141","971","160","484","156","117","71","367","135","410","120","326","109","84","47",
"1400000US12127091016","Census Tract 910.16; Volusia County; Florida","2694","414","1892","322","1416","363","476","207","215","129","261","171","802","301","669","287","133","94",
"1400000US12127091017","Census Tract 910.17; Volusia County; Florida","1316","140","910","112","744","113","166","82","62","60","104","66","406","115","247","78","159","105",
"1400000US12127091018","Census Tract 910.18; Volusia County; Florida","2790","175","2076","242","1416","294","660","208","171","137","489","202","714","205","575","201","139","99",
"1400000US12127091019","Census Tract 910.19; Volusia County; Florida","1988","199","1718","211","1272","224","446","140","191","97","255","111","270","104","236","97","34","38",
"1400000US12127091020","Census Tract 910.20; Volusia County; Florida","2522","328","2140","352","1018","345","1122","333","485","290","637","283","382","136","270","124","112","94",
"1400000US12127091021","Census Tract 910.21; Volusia County; Florida","893","91","694","117","477","80","217","100","131","89","86","51","199","83","161","74","38","45",
"1400000US12127091023","Census Tract 910.23; Volusia County; Florida","1165","171","1022","178","833","196","189","99","30","51","159","88","143","68","119","63","24","33",
"1400000US12127091025","Census Tract 910.25; Volusia County; Florida","1565","161","1264","178","922","175","342","131","104","62","238","122","301","102","232","83","69","63",
"1400000US12127091028","Census Tract 910.28; Volusia County; Florida","1869","288","1511","322","1171","311","340","127","169","108","171","85","358","105","286","108","72","47",
"1400000US12127091029","Census Tract 910.29; Volusia County; Florida","2179","267","1495","231","1039","225","456","135","222","104","234","158","684","221","556","159","128","143",
"1400000US12127091030","Census Tract 910.30; Volusia County; Florida","855","90","568","115","402","97","166","81","30","29","136","74","287","73","144","77","143","65",
"1400000US12127091031","Census Tract 910.31; Volusia County; Florida","1911","227","1533","211","1140","223","393","117","205","88","188","86","378","108","278","89","100","56",
"1400000US12127091032","Census Tract 910.32; Volusia County; Florida","1237","135","835","149","650","118","185","139","52","112","133","97","402","114","270","95","132","68",
"1400000US12127091033","Census Tract 910.33; Volusia County; Florida","1541","271","1097","214","838","195","259","136","157","137","102","68","444","179","404","170","40","42",
"1400000US12127091034","Census Tract 910.34; Volusia County; Florida","1464","212","1240","225","913","219","327","113","212","108","115","66","224","95","224","95","0","15",
"1400000US12127091035","Census Tract 910.35; Volusia County; Florida","1328","138","1153","154","804","142","349","157","100","74","249","136","175","86","119","65","56","49",
"1400000US12127091036","Census Tract 910.36; Volusia County; Florida","1067","155","763","169","520","145","243","138","79","54","164","130","304","101","254","92","50","34",
"1400000US12127091037","Census Tract 910.37; Volusia County; Florida","1404","221","1130","248","847","244","283","117","87","68","196","102","274","114","252","114","22","26",
"1400000US12127091038","Census Tract 910.38; Volusia County; Florida","1400","345","1091","344","849","353","242","142","0","15","242","142","309","140","220","126","89","69",
"1400000US12127091039","Census Tract 910.39; Volusia County; Florida","1150","155","693","160","557","140","136","79","49","57","87","53","457","126","308","112","149","99",
"1400000US12127092500","Census Tract 925; Volusia County; Florida","2387","342","566","202","390","188","176","100","19","33","157","103","1821","317","1314","250","507","246",
"1400000US12127990000","Census Tract 9900; Volusia County; Florida","0","15","0","15","0","15","0","15","0","15","0","15","0","15","0","15","0","15",
"1400000US12129010101","Census Tract 101.01; Wakulla County; Florida","958","209","603","134","522","135","81","61","2","3","79","60","355","195","282","191","73","52",
"1400000US12129010102","Census Tract 101.02; Wakulla County; Florida","1368","219","1038","206","585","138","453","158","118","98","335","147","330","139","292","137","38","32",
"1400000US12129010204","Census Tract 102.04; Wakulla County; Florida","1821","260","1200","205","1032","191","168","110","50","65","118","87","621","233","463","162","158","182",
"1400000US12129010205","Census Tract 102.05; Wakulla County; Florida","2581","333","1728","314","1311","278","417","232","128","161","289","158","853","250","763","246","90","77",
"1400000US12129010206","Census Tract 102.06; Wakulla County; Florida","133","35","97","36","64","28","33","35","16","29","17","22","36","20","30","17","6","9",
"1400000US12129010207","Census Tract 102.07; Wakulla County; Florida","2065","305","1533","284","953","260","580","205","258","147","322","202","532","178","421","152","111","95",
"1400000US12129010208","Census Tract 102.08; Wakulla County; Florida","2068","262","1526","247","1333","247","193","122","0","21","193","122","542","132","528","126","14","22",
"1400000US12129010209","Census Tract 102.09; Wakulla County; Florida","1751","238","1350","236","1136","215","214","115","45","54","169","101","401","166","351","157","50","62",
"1400000US12129990000","Census Tract 9900; Wakulla County; Florida","0","15","0","15","0","15","0","15","0","15","0","15","0","15","0","15","0","15",
"1400000US12131950102","Census Tract 9501.02; Walton County; Florida","1672","278","1256","273","918","274","338","133","181","108","157","79","416","154","361","147","55","45",
"1400000US12131950103","Census Tract 9501.03; Walton County; Florida","1336","229","982","233","612","187","370","187","234","156","136","111","354","122","302","121","52","46",
"1400000US12131950104","Census Tract 9501.04; Walton County; Florida","1676","272","1253","272","784","194","469","205","240","133","229","151","423","146","375","145","48","38",
"1400000US12131950201","Census Tract 9502.01; Walton County; Florida","836","178","582","153","321","102","261","126","20","26","241","122","254","94","190","80","64","58",
"1400000US12131950202","Census Tract 9502.02; Walton County; Florida","1159","180","881","173","389","146","492","120","63","65","429","139","278","110","200","105","78","69",
"1400000US12131950303","Census Tract 9503.03; Walton County; Florida","1070","246","717","211","373","179","344","125","14","27","330","123","353","177","353","177","0","15",
"1400000US12131950304","Census Tract 9503.04; Walton County; Florida","1673","253","1182","219","633","215","549","167","83","68","466","177","491","164","416","136","75","77",
"1400000US12131950305","Census Tract 9503.05; Walton County; Florida","1331","184","852","165","515","173","337","135","56","70","281","146","479","165","408","132","71","80",
"1400000US12131950306","Census Tract 9503.06; Walton County; Florida","1220","232","857","212","656","224","201","97","31","36","170","89","363","144","319","139","44","44",
"1400000US12131950400","Census Tract 9504; Walton County; Florida","907","151","719","146","545","147","174","82","31","33","143","74","188","74","157","72","31","31",
"1400000US12131950501","Census Tract 9505.01; Walton County; Florida","2197","311","1452","199","1173","196","279","135","37","39","242","135","745","297","505","258","240","147",
"1400000US12131950502","Census Tract 9505.02; Walton County; Florida","3127","387","2444","375","2091","295","353","193","216","164","137","100","683","235","555","204","128","114",
"1400000US12131950604","Census Tract 9506.04; Walton County; Florida","2704","425","1770","408","1541","394","229","143","99","85","130","117","934","265","668","238","266","138",
"1400000US12131950605","Census Tract 9506.05; Walton County; Florida","3125","331","1644","272","1440","259","204","133","56","74","148","112","1481","318","1154","320","327","228",
"1400000US12131950606","Census Tract 9506.06; Walton County; Florida","1675","281","1132","260","1101","259","31","27","12","20","19","22","543","240","488","231","55","63",
"1400000US12131950607","Census Tract 9506.07; Walton County; Florida","2416","381","1806","355","1708","353","98","81","36","39","62","67","610","227","391","167","219","167",
"1400000US12131950608","Census Tract 9506.08; Walton County; Florida","1282","267","741","136","724","131","17","32","0","15","17","32","541","227","358","190","183","130",
"1400000US12131950609","Census Tract 9506.09; Walton County; Florida","1790","387","1024","324","696","168","328","315","32","60","296","287","766","205","664","216","102","100",
"1400000US12131950610","Census Tract 9506.10; Walton County; Florida","2430","327","1852","276","1833","276","19","32","0","21","19","32","578","230","353","149","225","177",
"1400000US12131950611","Census Tract 9506.11; Walton County; Florida","736","130","500","103","481","95","19","28","19","28","0","15","236","101","216","96","20","29",
"1400000US12131990000","Census Tract 9900; Walton County; Florida","0","15","0","15","0","15","0","15","0","15","0","15","0","15","0","15","0","15",
"1400000US12133970102","Census Tract 9701.02; Washington County; Florida","689","115","593","115","454","112","139","47","29","25","110","44","96","43","90","42","6","9",
"1400000US12133970103","Census Tract 9701.03; Washington County; Florida","1489","149","1060","138","767","108","293","142","0","15","293","142","429","148","374","143","55","64",
"1400000US12133970104","Census Tract 9701.04; Washington County; Florida","986","117","600","125","410","100","190","93","30","60","160","79","386","127","360","124","26","39",
"1400000US12133970200","Census Tract 9702; Washington County; Florida","1457","169","915","168","588","148","327","108","132","108","195","106","542","145","442","155","100","90",
"1400000US12133970301","Census Tract 9703.01; Washington County; Florida","1036","183","836","176","604","153","232","147","55","53","177","136","200","103","142","88","58","54",
"1400000US12133970302","Census Tract 9703.02; Washington County; Florida","1909","150","1335","130","961","122","374","88","87","52","287","78","574","142","494","133","80","52",
"1400000US12133970303","Census Tract 9703.03; Washington County; Florida","1721","226","982","143","783","148","199","78","90","53","109","60","739","196","565","189","174","108",
"1400000US12095010201","Census Tract 102.01; Orange County; Florida","1302","164","412","144","247","93","165","112","15","25","150","110","890","136","769","149","121","81",
"1400000US12095010202","Census Tract 102.02; Orange County; Florida","2539","260","690","183","621","186","69","60","44","49","25","34","1849","271","1535","235","314","145",
"1400000US12095010300","Census Tract 103; Orange County; Florida","2137","192","396","129","363","120","33","39","27","37","6","10","1741","215","1491","214","250","127",
"1400000US12095010400","Census Tract 104; Orange County; Florida","404","88","240","88","24","21","216","91","34","38","182","90","164","71","139","63","25","41",
"1400000US12095010500","Census Tract 105; Orange County; Florida","479","182","248","185","65","55","183","177","32","37","151","173","231","74","206","69","25","28",
"1400000US12095010802","Census Tract 108.02; Orange County; Florida","1607","145","739","153","579","159","160","77","91","56","69","50","868","119","381","98","487","116",
"1400000US12095011000","Census Tract 110; Orange County; Florida","1566","206","866","217","655","226","211","117","24","42","187","106","700","123","450","129","250","89",
"1400000US12095011100","Census Tract 111; Orange County; Florida","1688","297","690","132","406","90","284","137","220","135","64","75","998","305","628","247","370","202",
"1400000US12095011200","Census Tract 112; Orange County; Florida","1487","289","757","112","570","122","187","75","57","36","130","72","730","299","555","298","175","68",
"1400000US12095011300","Census Tract 113; Orange County; Florida","2259","406","1240","388","1025","391","215","108","51","57","164","86","1019","176","775","184","244","113",
"1400000US12095011600","Census Tract 116; Orange County; Florida","1367","256","969","250","528","189","441","196","193","131","248","161","398","181","286","149","112","91",
"1400000US12095011701","Census Tract 117.01; Orange County; Florida","1349","281","967","280","363","150","604","277","215","231","389","153","382","143","343","140","39","42",
"1400000US12095011702","Census Tract 117.02; Orange County; Florida","1515","188","825","202","453","190","372","140","27","30","345","135","690","146","631","140","59","47",
"1400000US12095012000","Census Tract 120; Orange County; Florida","2311","175","1704","253","627","219","1077","234","312","162","765","216","607","207","478","190","129","94",
"1400000US12095012100","Census Tract 121; Orange County; Florida","2360","230","1883","266","702","283","1181","326","175","112","1006","299","477","188","317","175","160","124",
"1400000US12095012201","Census Tract 122.01; Orange County; Florida","1687","171","1253","214","646","167","607","194","162","98","445","174","434","179","278","160","156","120",
"1400000US12095012202","Census Tract 122.02; Orange County; Florida","2011","308","1663","324","798","246","865","287","268","144","597","287","348","121","229","101","119","93",
"1400000US12095012303","Census Tract 123.03; Orange County; Florida","2528","360","2223","366","1615","416","608","197","98","108","510","186","305","164","241","161","64","49",
"1400000US12095012304","Census Tract 123.04; Orange County; Florida","2284","431","1911","438","1285","437","626","303","172","181","454","194","373","150","286","124","87","87",
"1400000US12095012305","Census Tract 123.05; Orange County; Florida","2297","261","1677","325","786","233","891","330","164","149","727","312","620","216","461","186","159","137",
"1400000US12095012306","Census Tract 123.06; Orange County; Florida","1090","156","911","181","683","180","228","102","60","52","168","103","179","79","132","72","47","51",
"1400000US12095012307","Census Tract 123.07; Orange County; Florida","2352","191","1697","274","753","276","944","264","258","185","686","231","655","243","648","242","7","16",
"1400000US12095012402","Census Tract 124.02; Orange County; Florida","2416","273","956","243","445","202","511","190","132","119","379","149","1460","400","1129","315","331","256",
"1400000US12095012403","Census Tract 124.03; Orange County; Florida","2142","300","1383","320","570","206","813","250","141","97","672","242","759","180","486","151","273","174",
"1400000US12095012404","Census Tract 124.04; Orange County; Florida","1845","386","1193","251","370","154","823","258","131","107","692","251","652","312","339","123","313","295",
"1400000US12095012405","Census Tract 124.05; Orange County; Florida","1915","408","1247","381","500","180","747","361","0","15","747","361","668","196","464","148","204","146",
"1400000US12095012500","Census Tract 125; Orange County; Florida","1089","162","453","100","364","99","89","63","25","29","64","51","636","170","455","135","181","125",
"1400000US12095012600","Census Tract 126; Orange County; Florida","2407","274","1402","230","1307","230","95","73","16","26","79","69","1005","287","550","198","455","233",
"1400000US12095012701","Census Tract 127.01; Orange County; Florida","2424","214","1234","244","938","244","296","150","143","108","153","94","1190","273","747","211","443","225",
"1400000US12095012800","Census Tract 128; Orange County; Florida","1557","203","1215","170","1100","146","115","101","58","81","57","57","342","122","324","119","18","19",
"1400000US12095012900","Census Tract 129; Orange County; Florida","2021","209","923","212","634","149","289","146","24","32","265","135","1098","224","682","201","416","141",
"1400000US12095013201","Census Tract 132.01; Orange County; Florida","1511","212","1099","229","799","212","300","147","96","77","204","128","412","160","241","110","171","101",
"1400000US12095013202","Census Tract 132.02; Orange County; Florida","2849","437","1720","259","1103","243","617","260","195","140","422","188","1129","436","841","450","288","152",
"1400000US12095013300","Census Tract 133; Orange County; Florida","2660","333","1725","361","1270","353","455","178","145","120","310","153","935","255","850","251","85","65",
"1400000US12095013402","Census Tract 134.02; Orange County; Florida","1336","415","1114","405","697","274","417","320","106","101","311","306","222","65","151","64","71","61",
"1400000US12095013403","Census Tract 134.03; Orange County; Florida","1292","222","804","161","470","160","334","124","111","67","223","122","488","182","346","164","142","89",
"1400000US12095013405","Census Tract 134.05; Orange County; Florida","963","136","532","169","216","72","316","157","76","66","240","143","431","88","262","85","169","77",
"1400000US12095013406","Census Tract 134.06; Orange County; Florida","1460","130","1062","181","533","147","529","186","163","103","366","189","398","131","211","95","187","103",
"1400000US12095013503","Census Tract 135.03; Orange County; Florida","981","119","411","140","272","103","139","87","87","74","52","49","570","137","382","104","188","113",
"1400000US12095013505","Census Tract 135.05; Orange County; Florida","2010","215","1179","225","641","165","538","229","167","97","371","219","831","168","644","153","187","101",
"1400000US12095013507","Census Tract 135.07; Orange County; Florida","3872","443","2370","330","981","292","1389","283","219","167","1170","252","1502","428","1028","413","474","223",
"1400000US12095013510","Census Tract 135.10; Orange County; Florida","1063","96","486","128","268","118","218","86","26","39","192","75","577","119","432","112","145","78",
"1400000US12095013511","Census Tract 135.11; Orange County; Florida","2331","263","1467","245","833","227","634","192","108","97","526","178","864","230","634","216","230","164",
"1400000US12095013512","Census Tract 135.12; Orange County; Florida","1940","159","1415","216","573","151","842","224","37","43","805","224","525","150","421","154","104","75",
"1400000US12095013513","Census Tract 135.13; Orange County; Florida","2034","238","1060","243","638","168","422","159","186","101","236","125","974","204","785","198","189","85",
"1400000US12095013603","Census Tract 136.03; Orange County; Florida","1999","203","1187","212","788","216","399","145","149","93","250","130","812","238","694","230","118","81",
"1400000US12095013604","Census Tract 136.04; Orange County; Florida","2957","333","1704","267","1063","218","641","217","207","160","434","180","1253","376","1090","342","163","98",
"1400000US12095013605","Census Tract 136.05; Orange County; Florida","1521","193","970","142","479","127","491","142","103","59","388","140","551","141","387","150","164","120",
"1400000US12095013606","Census Tract 136.06; Orange County; Florida","1460","191","1123","222","688","195","435","170","126","92","309","161","337","147","267","129","70","60",
"1400000US12095013607","Census Tract 136.07; Orange County; Florida","2029","208","1496","211","1186","239","310","124","147","97","163","84","533","196","390","174","143","94",
"1400000US12095013701","Census Tract 137.01; Orange County; Florida","2141","383","1023","332","440","160","583","316","177","109","406","310","1118","237","819","205","299","142",
"1400000US12095013702","Census Tract 137.02; Orange County; Florida","2233","354","1319","310","866","306","453","214","124","120","329","168","914","259","737","248","177","130",
"1400000US12095013801","Census Tract 138.01; Orange County; Florida","1016","280","679","286","583","283","96","38","31","22","65","38","337","73","239","68","98","40",
"1400000US12095013802","Census Tract 138.02; Orange County; Florida","1054","121","686","147","565","140","121","56","37","31","84","43","368","86","306","79","62","40",
"1400000US12095013803","Census Tract 138.03; Orange County; Florida","1155","145","828","156","399","82","429","150","103","94","326","130","327","113","296","114","31","26",
"1400000US12095013900","Census Tract 139; Orange County; Florida","2086","173","1200","208","785","213","415","164","134","97","281","126","886","193","694","171","192","153",
"1400000US12095014000","Census Tract 140; Orange County; Florida","2710","231","1994","220","1467","167","527","192","116","91","411","190","716","221","608","204","108","84",
"1400000US12095014100","Census Tract 141; Orange County; Florida","2553","238","1533","245","1268","232","265","142","38","37","227","137","1020","259","859","262","161","98",
"1400000US12095014201","Census Tract 142.01; Orange County; Florida","1960","400","1393","403","792","419","601","140","176","107","425","158","567","150","370","143","197","122",
"1400000US12095014202","Census Tract 142.02; Orange County; Florida","1608","166","1146","213","545","160","601","197","157","155","444","179","462","184","360","156","102","105",
"1400000US12095014301","Census Tract 143.01; Orange County; Florida","1587","183","887","145","626","127","261","122","67","60","194","108","700","168","422","161","278","141",
"1400000US12095014302","Census Tract 143.02; Orange County; Florida","1524","252","1263","234","544","184","719","208","223","116","496","192","261","143","169","95","92","115",
"1400000US12095014400","Census Tract 144; Orange County; Florida","1222","158","742","156","563","135","179","99","100","89","79","41","480","142","356","131","124","85",
"1400000US12095014502","Census Tract 145.02; Orange County; Florida","2063","264","987","248","458","187","529","192","152","113","377","156","1076","296","921","288","155","122",
"1400000US12095014503","Census Tract 145.03; Orange County; Florida","1744","509","498","150","204","108","294","138","86","82","208","126","1246","502","1218","501","28","29",
"1400000US12095014504","Census Tract 145.04; Orange County; Florida","2862","360","1538","445","911","363","627","254","166","164","461","218","1324","310","912","278","412","171",
"1400000US12095014601","Census Tract 146.01; Orange County; Florida","2527","323","1815","311","720","268","1095","299","232","164","863","282","712","272","682","271","30","49",
"1400000US12095014605","Census Tract 146.05; Orange County; Florida","1201","152","916","156","362","132","554","133","99","79","455","133","285","112","222","103","63","47",
"1400000US12095014606","Census Tract 146.06; Orange County; Florida","3296","487","2501","614","1085","335","1416","599","431","482","985","305","795","275","676","264","119","93",
"1400000US12095014607","Census Tract 146.07; Orange County; Florida","2823","352","1488","393","753","332","735","242","184","133","551","204","1335","275","1003","269","332","139",
"1400000US12095014608","Census Tract 146.08; Orange County; Florida","1719","285","1149","292","643","252","506","149","161","108","345","132","570","180","384","168","186","110",
"1400000US12095014609","Census Tract 146.09; Orange County; Florida","1933","285","1153","238","704","219","449","136","37","41","412","128","780","225","526","215","254","136",
"1400000US12095014701","Census Tract 147.01; Orange County; Florida","1922","320","1191","316","688","231","503","269","67","67","436","266","731","235","636","215","95","74",
"1400000US12095014702","Census Tract 147.02; Orange County; Florida","2467","281","1281","238","860","202","421","191","39","45","382","188","1186","319","940","315","246","162",
"1400000US12095014703","Census Tract 147.03; Orange County; Florida","916","142","619","133","324","101","295","107","65","56","230","95","297","98","255","86","42","43",
"1400000US12095014705","Census Tract 147.05; Orange County; Florida","3316","306","2044","346","1268","288","776","323","340","247","436","207","1272","324","723","317","549","189",
"1400000US12095014706","Census Tract 147.06; Orange County; Florida","2600","250","1289","281","973","264","316","152","150","101","166","120","1311","330","902","260","409","222",
"1400000US12095014804","Census Tract 148.04; Orange County; Florida","2109","243","1471","283","1198","255","273","154","81","103","192","113","638","262","593","255","45","54",
"1400000US12095014805","Census Tract 148.05; Orange County; Florida","2135","256","1342","248","768","162","574","200","115","97","459","192","793","212","638","212","155","110",
"1400000US12095014806","Census Tract 148.06; Orange County; Florida","1748","202","1314","173","961","151","353","123","94","70","259","112","434","192","403","191","31","22",
"1400000US12095014807","Census Tract 148.07; Orange County; Florida","2867","312","2139","319","1456","275","683","307","70","63","613","290","728","354","499","250","229","286",
"1400000US12095014809","Census Tract 148.09; Orange County; Florida","1261","238","926","206","861","201","65","45","24","18","41","42","335","137","299","127","36","26",
"1400000US12095014810","Census Tract 148.10; Orange County; Florida","2027","199","1716","230","1482","225","234","91","113","70","121","58","311","105","255","98","56","50",
"1400000US12095014811","Census Tract 148.11; Orange County; Florida","1933","218","1271","188","1091","179","180","113","60","73","120","78","662","239","521","231","141","92",
"1400000US12095014812","Census Tract 148.12; Orange County; Florida","2477","246","1607","246","1218","271","389","146","124","80","265","128","870","236","616","214","254","128",
"1400000US12095014813","Census Tract 148.13; Orange County; Florida","2025","229","1010","178","721","152","289","138","78","72","211","131","1015","236","828","224","187","108",
"1400000US12095014814","Census Tract 148.14; Orange County; Florida","2079","149","1685","177","1450","168","235","114","92","77","143","99","394","148","272","130","122","101",
"1400000US12095014815","Census Tract 148.15; Orange County; Florida","1705","135","1583","147","1344","167","239","103","99","68","140","74","122","68","104","65","18","20",
"1400000US12095014904","Census Tract 149.04; Orange County; Florida","2466","321","1800","376","785","219","1015","364","313","307","702","250","666","274","591","279","75","61",
"1400000US12095014906","Census Tract 149.06; Orange County; Florida","2368","167","1687","225","1428","238","259","117","22","36","237","117","681","222","396","147","285","210",
"1400000US12095014908","Census Tract 149.08; Orange County; Florida","2197","231","1579","243","865","227","714","248","91","80","623","232","618","239","517","238","101","96",
"1400000US12095014909","Census Tract 149.09; Orange County; Florida","995","124","802","132","545","114","257","89","54","43","203","89","193","66","153","58","40","40",
"1400000US12095015001","Census Tract 150.01; Orange County; Florida","446","46","393","63","229","68","164","71","86","54","78","50","53","40","38","30","15","27",
"1400000US12095015002","Census Tract 150.02; Orange County; Florida","2060","259","1588","245","1081","283","507","177","173","114","334","131","472","175","288","127","184","129",
"1400000US12095015003","Census Tract 150.03; Orange County; Florida","2063","295","1695","324","1067","267","628","367","421","333","207","147","368","146","200","130","168","119",
"1400000US12095015005","Census Tract 150.05; Orange County; Florida","1153","153","885","131","739","144","146","69","34","37","112","60","268","128","141","74","127","120",
"1400000US12095015006","Census Tract 150.06; Orange County; Florida","1575","145","1253","174","983","188","270","121","77","55","193","112","322","124","262","112","60","72",
"1400000US12095015103","Census Tract 151.03; Orange County; Florida","2700","451","1873","444","1324","357","549","286","127","85","422","256","827","320","685","291","142","108",
"1400000US12095015104","Census Tract 151.04; Orange County; Florida","1957","197","1314","241","632","189","682","256","166","115","516","251","643","199","564","196","79","72",
"1400000US12095015105","Census Tract 151.05; Orange County; Florida","1331","140","1073","169","847","167","226","99","75","68","151","83","258","108","124","75","134","88",
"1400000US12095015106","Census Tract 151.06; Orange County; Florida","2348","357","1893","366","1137","299","756","285","86","85","670","271","455","202","408","219","47","62",
"1400000US12095015202","Census Tract 152.02; Orange County; Florida","2357","301","1477","364","741","197","736","329","87","68","649","323","880","238","731","215","149","91",
"1400000US12095015203","Census Tract 152.03; Orange County; Florida","1526","144","649","159","411","125","238","107","58","69","180","90","877","192","600","159","277","113",
"1400000US12095015204","Census Tract 152.04; Orange County; Florida","2630","284","1151","205","698","171","453","172","49","40","404","172","1479","304","927","221","552","241",
"1400000US12095015300","Census Tract 153; Orange County; Florida","1584","214","808","194","604","94","204","177","46","29","158","175","776","139","627","128","149","71",
"1400000US12095015501","Census Tract 155.01; Orange County; Florida","2970","276","1594","251","1262","258","332","166","10","16","322","170","1376","284","996","265","380","152",
"1400000US12095015601","Census Tract 156.01; Orange County; Florida","1059","117","726","115","646","110","80","48","11","17","69","44","333","71","265","73","68","51",
"1400000US12095015602","Census Tract 156.02; Orange County; Florida","714","73","591","85","544","89","47","27","8","11","39","26","123","45","81","31","42","30",
"1400000US12095015701","Census Tract 157.01; Orange County; Florida","1006","101","510","111","402","96","108","63","78","59","30","29","496","86","386","85","110","58",
"1400000US12095015702","Census Tract 157.02; Orange County; Florida","605","75","417","59","341","60","76","41","36","33","40","26","188","63","149","65","39","28",
"1400000US12095015801","Census Tract 158.01; Orange County; Florida","665","81","526","75","488","67","38","44","26","41","12","11","139","53","116","48","23","24",
"1400000US12095015802","Census Tract 158.02; Orange County; Florida","1004","90","807","81","693","95","114","60","47","39","67","42","197","73","140","45","57","54",
"1400000US12095015901","Census Tract 159.01; Orange County; Florida","1345","169","344","98","223","82","121","52","23","31","98","55","1001","182","773","128","228","149",
"1400000US12095016001","Census Tract 160.01; Orange County; Florida","641","99","296","58","272","60","24","21","0","15","24","21","345","89","292","90","53","50",
"1400000US12095016002","Census Tract 160.02; Orange County; Florida","994","182","765","180","638","79","127","159","12","19","115","157","229","82","153","70","76","57",
"1400000US12095016100","Census Tract 161; Orange County; Florida","2086","199","1181","178","1069","178","112","69","45","43","67","58","905","189","689","148","216","138",
"1400000US12095016200","Census Tract 162; Orange County; Florida","2997","337","1479","233","1296","243","183","87","37","37","146","88","1518","358","1126","338","392","206",
"1400000US12095016301","Census Tract 163.01; Orange County; Florida","2540","345","1064","200","760","229","304","106","104","87","200","93","1476","298","1187","287","289","114",
"1400000US12095016302","Census Tract 163.02; Orange County; Florida","1761","173","840","207","340","102","500","190","84","58","416","189","921","177","626","172","295","134",
"1400000US12095016402","Census Tract 164.02; Orange County; Florida","1021","169","527","174","263","99","264","151","61","63","203","140","494","119","335","128","159","99",
"1400000US12095016406","Census Tract 164.06; Orange County; Florida","882","130","249","96","102","51","147","81","47","62","100","49","633","134","308","98","325","120",
"1400000US12095016407","Census Tract 164.07; Orange County; Florida","3030","361","1521","384","949","337","572","213","210","128","362","199","1509","230","819","231","690","173",
"1400000US12095016408","Census Tract 164.08; Orange County; Florida","933","102","497","99","338","76","159","84","37","50","122","72","436","102","188","83","248","100",
"1400000US12095016409","Census Tract 164.09; Orange County; Florida","1151","135","812","139","696","137","116","56","13","11","103","57","339","97","278","92","61","34",
"1400000US12095016411","Census Tract 164.11; Orange County; Florida","1424","333","887","345","455","133","432","303","107","82","325","280","537","146","369","144","168","91",
"1400000US12095016412","Census Tract 164.12; Orange County; Florida","1765","132","1382","154","983","176","399","121","104","71","295","117","383","124","288","91","95","80",
"1400000US12095016413","Census Tract 164.13; Orange County; Florida","1663","333","803","241","503","174","300","170","27","40","273","162","860","301","427","134","433","286",
"1400000US12095016414","Census Tract 164.14; Orange County; Florida","1542","170","816","202","536","142","280","155","7","12","273","155","726","197","509","161","217","130",
"1400000US12095016503","Census Tract 165.03; Orange County; Florida","2163","250","1274","272","981","185","293","234","112","139","181","159","889","247","330","178","559","194",
"1400000US12095016504","Census Tract 165.04; Orange County; Florida","1918","152","1262","190","919","197","343","118","92","68","251","101","656","153","551","151","105","58",
"1400000US12095016505","Census Tract 165.05; Orange County; Florida","1089","135","661","153","397","120","264","132","131","88","133","105","428","160","273","112","155","97",
"1400000US12095016509","Census Tract 165.09; Orange County; Florida","2302","298","1033","177","920","191","113","76","23","36","90","74","1269","290","978","278","291","147",
"1400000US12095016510","Census Tract 165.10; Orange County; Florida","1344","198","362","174","85","61","277","158","89","86","188","132","982","215","580","200","402","139",
"1400000US12095016511","Census Tract 165.11; Orange County; Florida","1410","357","573","146","242","93","331","136","288","138","43","37","837","341","579","336","258","112",
"1400000US12095016512","Census Tract 165.12; Orange County; Florida","1921","657","755","561","171","108","584","557","429","541","155","102","1166","318","660","183","506","288",
"1400000US12095016513","Census Tract 165.13; Orange County; Florida","1880","391","1205","428","494","153","711","415","133","74","578","384","675","183","473","162","202","103",
"1400000US12095016514","Census Tract 165.14; Orange County; Florida","2383","430","1765","374","1355","251","410","339","68","59","342","322","618","201","341","136","277","183",
"1400000US12095016515","Census Tract 165.15; Orange County; Florida","0","24","0","24","0","24","0","24","0","24","0","24","0","24","0","24","0","24",
"1400000US12095016603","Census Tract 166.03; Orange County; Florida","2369","361","1993","362","1667","408","326","181","155","149","171","119","376","186","221","158","155","141",
"1400000US12095016604","Census Tract 166.04; Orange County; Florida","1804","134","1456","203","1248","217","208","125","130","132","78","53","348","157","265","136","83","75",
"1400000US12095016605","Census Tract 166.05; Orange County; Florida","539","115","428","118","236","101","192","119","12","29","180","110","111","63","95","63","16","16",
"1400000US12095016606","Census Tract 166.06; Orange County; Florida","940","89","863","99","810","104","53","43","22","33","31","27","77","44","77","44","0","15",
"1400000US12095016607","Census Tract 166.07; Orange County; Florida","2295","242","1814","279","1282","223","532","257","195","154","337","224","481","160","399","157","82","66",
"1400000US12095016709","Census Tract 167.09; Orange County; Florida","2318","246","1817","324","1398","330","419","216","106","119","313","181","501","194","315","160","186","144",
"1400000US12095016710","Census Tract 167.10; Orange County; Florida","1516","180","1172","202","863","214","309","91","56","61","253","87","344","99","319","100","25","30",
"1400000US12095016713","Census Tract 167.13; Orange County; Florida","3045","275","2175","327","1410","270","765","290","203","190","562","227","870","269","504","214","366","178",
"1400000US12095016714","Census Tract 167.14; Orange County; Florida","991","129","691","139","480","130","211","97","47","49","164","82","300","97","198","86","102","73",
"1400000US12095016715","Census Tract 167.15; Orange County; Florida","2093","188","1405","192","684","207","721","193","383","155","338","161","688","199","336","184","352","147",
"1400000US12095016716","Census Tract 167.16; Orange County; Florida","1938","134","1435","168","1138","155","297","115","90","67","207","101","503","154","309","128","194","111",
"1400000US12095016717","Census Tract 167.17; Orange County; Florida","1293","132","1114","138","645","149","469","113","190","94","279","111","179","87","83","49","96","66",
"1400000US12095016723","Census Tract 167.23; Orange County; Florida","1621","129","1298","156","927","176","371","133","162","89","209","104","323","111","263","101","60","47",
"1400000US12095016724","Census Tract 167.24; Orange County; Florida","2296","316","1520","366","888","403","632","222","233","149","399","174","776","204","475","173","301","128",
"1400000US12095016728","Census Tract 167.28; Orange County; Florida","1920","161","1440","157","1221","165","219","75","66","45","153","71","480","121","421","118","59","39",
"1400000US12095016731","Census Tract 167.31; Orange County; Florida","1988","257","1259","223","960","179","299","134","115","102","184","102","729","218","389","165","340","143",
"1400000US12095016733","Census Tract 167.33; Orange County; Florida","2170","334","1578","352","1133","379","445","184","121","97","324","160","592","213","407","169","185","161",
"1400000US12095016735","Census Tract 167.35; Orange County; Florida","4347","669","3659","671","2615","705","1044","434","431","296","613","305","688","366","387","266","301","235",
"1400000US12095016736","Census Tract 167.36; Orange County; Florida","4976","498","3795","536","3268","557","527","274","247","218","280","177","1181","358","881","367","300","298",
"1400000US12095016737","Census Tract 167.37; Orange County; Florida","4057","427","3653","462","3016","408","637","331","160","210","477","280","404","243","256","201","148","128",
"1400000US12095016738","Census Tract 167.38; Orange County; Florida","1756","416","1100","436","839","439","261","116","52","60","209","98","656","161","477","157","179","124",
"1400000US12095016739","Census Tract 167.39; Orange County; Florida","2118","209","1530","219","746","207","784","219","174","122","610","193","588","216","285","153","303","153",
"1400000US12095016740","Census Tract 167.40; Orange County; Florida","1325","219","832","218","631","219","201","104","42","47","159","90","493","198","299","169","194","130",
"1400000US12095016741","Census Tract 167.41; Orange County; Florida","1699","474","443","150","172","89","271","144","78","86","193","113","1256","467","1036","478","220","134",
"1400000US12095016742","Census Tract 167.42; Orange County; Florida","2084","344","758","160","401","167","357","185","46","44","311","171","1326","396","1131","401","195","87",
"1400000US12095016743","Census Tract 167.43; Orange County; Florida","2373","411","1787","398","1208","409","579","229","135","110","444","226","586","215","548","209","38","54",
"1400000US12095016744","Census Tract 167.44; Orange County; Florida","1782","189","1191","212","722","210","469","206","177","161","292","115","591","140","282","114","309","122",
"1400000US12095016745","Census Tract 167.45; Orange County; Florida","1312","146","1043","165","836","224","207","144","42","40","165","139","269","140","184","133","85","75",
"1400000US12095016746","Census Tract 167.46; Orange County; Florida","1475","270","1291","280","1157","292","134","79","0","15","134","79","184","71","132","71","52","44",
"1400000US12095016747","Census Tract 167.47; Orange County; Florida","1893","450","1779","453","1630","458","149","83","55","65","94","64","114","64","66","44","48","45",
"1400000US12095016748","Census Tract 167.48; Orange County; Florida","2265","507","2037","524","1665","532","372","209","134","197","238","149","228","106","174","95","54","52",
"1400000US12095016749","Census Tract 167.49; Orange County; Florida","2113","237","1656","237","1230","247","426","205","136","126","290","184","457","229","393","244","64","68",
"1400000US12095016750","Census Tract 167.50; Orange County; Florida","4220","554","3327","626","2762","595","565","273","269","190","296","197","893","291","829","294","64","57",
"1400000US12095016751","Census Tract 167.51; Orange County; Florida","2173","317","1731","358","1540","369","191","139","95","107","96","91","442","169","269","147","173","106",
"1400000US12095016752","Census Tract 167.52; Orange County; Florida","1339","77","1094","87","837","120","257","100","69","74","188","74","245","89","184","82","61","45",
"1400000US12095016753","Census Tract 167.53; Orange County; Florida","2654","427","1908","278","1157","268","751","269","323","254","428","184","746","424","538","384","208","183",
"1400000US12095016754","Census Tract 167.54; Orange County; Florida","1534","448","1294","456","529","175","765","489","573","504","192","115","240","109","220","106","20","25",
"1400000US12095016755","Census Tract 167.55; Orange County; Florida","2267","278","1634","257","1316","297","318","170","20","34","298","162","633","246","448","236","185","98",
"1400000US12095016756","Census Tract 167.56; Orange County; Florida","972","227","682","205","612","210","70","43","33","28","37","28","290","113","158","87","132","93",
"1400000US12095016802","Census Tract 168.02; Orange County; Florida","7298","552","5413","565","4202","663","1211","488","571","304","640","383","1885","450","1452","410","433","252",
"1400000US12095016803","Census Tract 168.03; Orange County; Florida","835","95","557","91","388","87","169","64","105","57","64","36","278","88","221","80","57","44",
"1400000US12095016804","Census Tract 168.04; Orange County; Florida","2460","146","1963","209","1294","267","669","230","204","123","465","214","497","157","325","134","172","101",
"1400000US12095016808","Census Tract 168.08; Orange County; Florida","528","52","470","44","437","55","33","36","21","30","12","19","58","48","47","43","11","14",
"1400000US12095016809","Census Tract 168.09; Orange County; Florida","2515","402","1982","336","1037","320","945","311","11","27","934","317","533","280","265","192","268","247",
"1400000US12095016810","Census Tract 168.10; Orange County; Florida","3080","282","2478","375","2138","409","340","293","49","64","291","291","602","237","462","204","140","144",
"1400000US12095016811","Census Tract 168.11; Orange County; Florida","3734","759","3322","763","2655","816","667","277","249","230","418","186","412","193","296","181","116","103",
"1400000US12095016812","Census Tract 168.12; Orange County; Florida","2223","518","1610","416","1182","414","428","166","192","110","236","166","613","385","267","140","346","352",
"1400000US12095016813","Census Tract 168.13; Orange County; Florida","927","139","778","139","556","185","222","137","30","37","192","131","149","90","83","78","66","78",
"1400000US12095016814","Census Tract 168.14; Orange County; Florida","1621","264","1300","276","799","200","501","234","33","40","468","236","321","130","303","126","18","30",
"1400000US12095016902","Census Tract 169.02; Orange County; Florida","1847","290","1331","237","763","243","568","213","311","134","257","164","516","222","429","208","87","87",
"1400000US12095016904","Census Tract 169.04; Orange County; Florida","1197","119","751","164","409","145","342","131","123","72","219","109","446","161","292","136","154","93",
"1400000US12095016906","Census Tract 169.06; Orange County; Florida","1662","214","558","180","363","205","195","133","9","16","186","131","1104","260","870","262","234","125",
"1400000US12095016907","Census Tract 169.07; Orange County; Florida","2535","338","1364","388","585","283","779","407","327","200","452","358","1171","235","801","244","370","186",
"1400000US12095016908","Census Tract 169.08; Orange County; Florida","941","136","517","135","256","109","261","121","203","118","58","50","424","166","372","176","52","48",
"1400000US12095016909","Census Tract 169.09; Orange County; Florida","1692","215","917","266","353","170","564","263","105","105","459","276","775","223","375","187","400","193",
"1400000US12095016910","Census Tract 169.10; Orange County; Florida","392","14","317","39","99","51","218","52","104","36","114","37","75","38","65","33","10","14",
"1400000US12095016911","Census Tract 169.11; Orange County; Florida","3722","605","1736","460","512","306","1224","548","476","304","748","377","1986","658","1153","463","833","606",
"1400000US12095017001","Census Tract 170.01; Orange County; Florida","2310","332","875","181","650","169","225","99","73","66","152","83","1435","309","832","262","603","238",
"1400000US12095017004","Census Tract 170.04; Orange County; Florida","2735","242","1442","320","1106","275","336","178","108","94","228","142","1293","307","980","260","313","190",
"1400000US12095017006","Census Tract 170.06; Orange County; Florida","1347","114","1044","143","894","156","150","87","59","53","91","69","303","87","99","62","204","86",
"1400000US12095017011","Census Tract 170.11; Orange County; Florida","1588","141","1254","167","942","141","312","114","95","61","217","94","334","121","289","118","45","44",
"1400000US12095017012","Census Tract 170.12; Orange County; Florida","944","94","765","84","612","89","153","69","46","46","107","49","179","74","135","58","44","46",
"1400000US12095017013","Census Tract 170.13; Orange County; Florida","2859","643","2189","668","1509","572","680","280","272","241","408","245","670","254","554","247","116","112",
"1400000US12095017015","Census Tract 170.15; Orange County; Florida","2565","200","2181","219","1839","251","342","189","75","63","267","181","384","121","375","117","9","16",
"1400000US12095017018","Census Tract 170.18; Orange County; Florida","2284","429","1270","300","731","233","539","273","163","130","376","241","1014","405","652","357","362","176",
"1400000US12095017019","Census Tract 170.19; Orange County; Florida","1523","350","1160","366","950","370","210","109","76","64","134","87","363","135","212","115","151","121",
"1400000US12095017020","Census Tract 170.20; Orange County; Florida","2364","390","1693","338","1152","349","541","197","171","122","370","187","671","311","613","302","58","80",
"1400000US12095017021","Census Tract 170.21; Orange County; Florida","1892","272","1749","288","1156","301","593","215","44","50","549","214","143","89","125","89","18","30",
"1400000US12095017022","Census Tract 170.22; Orange County; Florida","4501","737","2113","658","1386","531","727","500","26","59","701","497","2388","643","1550","612","838","324",
"1400000US12095017023","Census Tract 170.23; Orange County; Florida","708","125","238","107","147","93","91","64","67","60","24","26","470","149","340","140","130","100",
"1400000US12095017024","Census Tract 170.24; Orange County; Florida","1141","135","456","154","335","152","121","97","55","74","66","55","685","165","301","104","384","152",
"1400000US12095017025","Census Tract 170.25; Orange County; Florida","1294","229","1089","223","912","237","177","102","48","42","129","94","205","111","190","106","15","26",
"1400000US12095017026","Census Tract 170.26; Orange County; Florida","1552","172","1152","152","942","144","210","106","63","52","147","93","400","127","359","123","41","36",
"1400000US12095017108","Census Tract 171.08; Orange County; Florida","4063","364","2874","428","2399","405","475","225","69","54","406","214","1189","447","1100","438","89","83",
"1400000US12095017109","Census Tract 171.09; Orange County; Florida","2075","160","1903","166","1728","183","175","112","26","45","149","98","172","92","165","92","7","14",
"1400000US12095017110","Census Tract 171.10; Orange County; Florida","2626","359","1783","369","1382","293","401","290","41","65","360","281","843","289","515","196","328","205",
"1400000US12095017111","Census Tract 171.11; Orange County; Florida","8099","593","5920","640","4838","666","1082","499","471","303","611","379","2179","560","1242","454","937","344",
"1400000US12095017112","Census Tract 171.12; Orange County; Florida","5673","779","4530","825","3936","762","594","361","0","24","594","361","1143","346","917","312","226","187",
"1400000US12095017113","Census Tract 171.13; Orange County; Florida","5581","466","4479","511","3894","476","585","264","203","165","382","221","1102","287","690","244","412","219",
"1400000US12095017114","Census Tract 171.14; Orange County; Florida","3391","204","2528","264","2012","302","516","198","148","122","368","161","863","219","558","164","305","168",
"1400000US12095017115","Census Tract 171.15; Orange County; Florida","1334","76","1095","132","1028","130","67","54","44","45","23","26","239","111","193","111","46","38",
"1400000US12095017116","Census Tract 171.16; Orange County; Florida","2792","298","2260","264","1857","258","403","186","169","126","234","151","532","196","430","197","102","70",
"1400000US12095017117","Census Tract 171.17; Orange County; Florida","2243","363","1974","338","1518","286","456","304","218","272","238","123","269","168","163","128","106","114",
"1400000US12095017118","Census Tract 171.18; Orange County; Florida","1709","469","1399","488","1179","483","220","68","0","21","220","68","310","117","227","110","83","65",
"1400000US12095017119","Census Tract 171.19; Orange County; Florida","759","148","575","104","495","115","80","48","0","15","80","48","184","106","141","92","43","54",
"1400000US12095017120","Census Tract 171.20; Orange County; Florida","2197","378","1699","317","1424","308","275","123","77","72","198","115","498","289","498","289","0","21",
"1400000US12095017121","Census Tract 171.21; Orange County; Florida","1760","267","987","183","816","199","171","87","53","39","118","71","773","285","699","275","74","66",
"1400000US12095017122","Census Tract 171.22; Orange County; Florida","1016","148","723","118","606","82","117","97","75","85","42","43","293","104","182","86","111","81",
"1400000US12095017123","Census Tract 171.23; Orange County; Florida","1990","269","1453","218","1196","212","257","131","18","28","239","126","537","236","267","121","270","197",
"1400000US12095017200","Census Tract 172; Orange County; Florida","2262","248","1739","234","1475","239","264","121","64","62","200","102","523","169","392","148","131","75",
"1400000US12095017301","Census Tract 173.01; Orange County; Florida","1175","188","688","178","619","178","69","48","18","22","51","54","487","157","449","166","38","40",
"1400000US12095017302","Census Tract 173.02; Orange County; Florida","2977","474","2084","466","1301","359","783","395","216","123","567","369","893","205","600","205","293","166",
"1400000US12095017401","Census Tract 174.01; Orange County; Florida","2609","406","2183","407","1789","222","394","340","51","56","343","334","426","175","367","163","59","78",
"1400000US12095017402","Census Tract 174.02; Orange County; Florida","1739","228","1317","277","699","241","618","207","254","130","364","159","422","170","273","140","149","121",
"1400000US12095017503","Census Tract 175.03; Orange County; Florida","2225","339","1573","374","700","299","873","348","113","90","760","349","652","180","392","140","260","196",
"1400000US12095017504","Census Tract 175.04; Orange County; Florida","3422","440","2520","457","1952","498","568","197","232","123","336","167","902","294","747","257","155","121",
"1400000US12095017505","Census Tract 175.05; Orange County; Florida","1620","140","1316","157","873","196","443","156","21","29","422","152","304","99","185","90","119","76",
"1400000US12095017506","Census Tract 175.06; Orange County; Florida","4508","671","2677","402","2143","379","534","249","88","148","446","201","1831","656","1305","635","526","339",
"1400000US12095017600","Census Tract 176; Orange County; Florida","1835","169","1162","218","428","157","734","160","221","129","513","169","673","181","573","172","100","68",
"1400000US12095017701","Census Tract 177.01; Orange County; Florida","1735","266","1443","262","1017","232","426","200","132","123","294","167","292","120","239","104","53","68",
"1400000US12095017702","Census Tract 177.02; Orange County; Florida","864","87","717","94","621","94","96","66","51","47","45","31","147","64","92","48","55","44",
"1400000US12095017703","Census Tract 177.03; Orange County; Florida","1567","272","1073","166","780","158","293","123","63","59","230","109","494","290","419","284","75","76",
"1400000US12095017805","Census Tract 178.05; Orange County; Florida","1099","160","889","182","665","149","224","129","46","42","178","121","210","95","200","98","10","17",
"1400000US12095017806","Census Tract 178.06; Orange County; Florida","1831","199","1478","179","1191","166","287","97","49","46","238","88","353","152","295","140","58","61",
"1400000US12095017807","Census Tract 178.07; Orange County; Florida","1430","209","993","225","696","212","297","146","144","120","153","94","437","128","333","105","104","93",
"1400000US12095017808","Census Tract 178.08; Orange County; Florida","1603","199","1108","129","875","122","233","80","83","53","150","76","495","199","294","97","201","172",
"1400000US12095017809","Census Tract 178.09; Orange County; Florida","1199","238","1026","256","633","136","393","231","198","222","195","107","173","111","114","80","59","75",
"1400000US12095017810","Census Tract 178.10; Orange County; Florida","2315","256","1599","278","1410","306","189","138","106","108","83","81","716","230","556","212","160","156",
"1400000US12095017811","Census Tract 178.11; Orange County; Florida","1219","144","1123","151","998","151","125","75","59","54","66","54","96","71","95","71","1","11",
"1400000US12095017812","Census Tract 178.12; Orange County; Florida","2896","349","2402","361","1932","424","470","236","91","90","379","226","494","252","373","197","121","174",
"1400000US12095017813","Census Tract 178.13; Orange County; Florida","702","79","527","74","480","83","47","30","0","15","47","30","175","74","158","73","17","14",
"1400000US12095017814","Census Tract 178.14; Orange County; Florida","2173","302","1912","280","1540","239","372","180","158","99","214","165","261","173","173","141","88","80",
"1400000US12095017901","Census Tract 179.01; Orange County; Florida","2262","258","1708","247","1323","184","385","221","107","79","278","210","554","174","459","160","95","64",
"1400000US12095017902","Census Tract 179.02; Orange County; Florida","3214","350","2292","368","1913","342","379","176","62","47","317","164","922","235","743","219","179","118",
"1400000US12095018000","Census Tract 180; Orange County; Florida","1804","302","650","124","400","114","250","95","44","46","206","89","1154","316","849","299","305","146",
"1400000US12095018100","Census Tract 181; Orange County; Florida","1136","116","825","135","537","165","288","125","119","89","169","79","311","107","246","96","65","63",
"1400000US12095018201","Census Tract 182.01; Orange County; Florida","2154","305","1215","288","1035","231","180","166","43","43","137","159","939","194","720","191","219","205",
"1400000US12095018202","Census Tract 182.02; Orange County; Florida","2030","217","868","163","692","150","176","125","125","122","51","46","1162","231","724","211","438","179",
"1400000US12095018203","Census Tract 182.03; Orange County; Florida","758","87","356","93","174","83","182","104","7","13","175","103","402","90","224","78","178","81",
"1400000US12095018204","Census Tract 182.04; Orange County; Florida","846","144","504","111","321","125","183","108","0","15","183","108","342","154","188","115","154","125",
"1400000US12095018300","Census Tract 183; Orange County; Florida","1190","197","476","155","152","75","324","157","72","81","252","133","714","201","572","183","142","111",
"1400000US12095018400","Census Tract 184; Orange County; Florida","1127","150","498","144","357","127","141","76","48","42","93","55","629","112","506","104","123","75",
"1400000US12095018500","Census Tract 185; Orange County; Florida","1140","222","499","199","278","184","221","79","105","89","116","79","641","212","483","207","158","92",
"1400000US12095018700","Census Tract 187; Orange County; Florida","2176","283","1347","351","677","247","670","328","91","87","579","311","829","254","753","241","76","75",
"1400000US12095018800","Census Tract 188; Orange County; Florida","3348","354","799","228","549","191","250","160","134","149","116","75","2549","358","1760","309","789","276",
"1400000US12095018901","Census Tract 189.01; Orange County; Florida","1938","336","804","218","600","193","204","150","121","126","83","82","1134","344","1037","343","97","78",
"1400000US12095018902","Census Tract 189.02; Orange County; Florida","3750","537","978","302","779","254","199","156","97","119","102","104","2772","597","2420","610","352","142",
"1400000US12095019000","Census Tract 190; Orange County; Florida","2633","264","1056","218","805","210","251","108","21","38","230","110","1577","308","1366","279","211","119",
"1400000US12095990000","Census Tract 9900; Orange County; Florida","0","15","0","15","0","15","0","15","0","15","0","15","0","15","0","15","0","15",
