"GEO_ID","NAME","B25003_001E","B25003_001M","B25003_002E","B25003_002M","B25003_003E","B25003_003M",
"Geography","Geographic Area Name","Estimate!!Total:","Margin of Error!!Total:","Estimate!!Total:!!Owner occupied","Margin of Error!!Total:!!Owner occupied","Estimate!!Total:!!Renter occupied","Margin of Error!!Total:!!Renter occupied",
"0400000US12","Florida","8752810","20285","5918647","31594","2834163","17461",
"1400000US12001000201","Census Tract 2.01; Alachua County; Florida","2308","306","218","115","2090","322",
"1400000US12001000202","Census Tract 2.02; Alachua County; Florida","1860","373","167","70","1693","379",
"1400000US12001000301","Census Tract 3.01; Alachua County; Florida","1952","249","499","134","1453","248",
"1400000US12001000302","Census Tract 3.02; Alachua County; Florida","1363","163","706","148","657","151",
"1400000US12001000400","Census Tract 4; Alachua County; Florida","2341","429","1132","287","1209","379",
"1400000US12001000500","Census Tract 5; Alachua County; Florida","2796","214","1348","176","1448","170",
"1400000US12001000600","Census Tract 6; Alachua County; Florida","1734","298","744","142","990","282",
"1400000US12001000700","Census Tract 7; Alachua County; Florida","2512","286","1477","335","1035","327",
"1400000US12001000806","Census Tract 8.06; Alachua County; Florida","1491","183","154","130","1337","181",
"1400000US12001000808","Census Tract 8.08; Alachua County; Florida","1699","158","229","66","1470","166",
"1400000US12001000809","Census Tract 8.09; Alachua County; Florida","791","148","148","47","643","142",
"1400000US12001000901","Census Tract 9.01; Alachua County; Florida","237","99","0","15","237","99",
"1400000US12001000902","Census Tract 9.02; Alachua County; Florida","164","52","0","21","164","52",
"1400000US12001001000","Census Tract 10; Alachua County; Florida","3509","388","1143","268","2366","324",
"1400000US12001001100","Census Tract 11; Alachua County; Florida","2940","238","2183","247","757","195",
"1400000US12001001201","Census Tract 12.01; Alachua County; Florida","1358","226","953","240","405","160",
"1400000US12001001202","Census Tract 12.02; Alachua County; Florida","3217","255","2434","243","783","196",
"1400000US12001001203","Census Tract 12.03; Alachua County; Florida","1619","191","718","183","901","164",
"1400000US12001001400","Census Tract 14; Alachua County; Florida","896","109","604","117","292","98",
"1400000US12001001514","Census Tract 15.14; Alachua County; Florida","1080","182","23","29","1057","183",
"1400000US12001001515","Census Tract 15.15; Alachua County; Florida","2932","370","177","117","2755","343",
"1400000US12001001516","Census Tract 15.16; Alachua County; Florida","1562","218","314","117","1248","201",
"1400000US12001001517","Census Tract 15.17; Alachua County; Florida","2597","277","188","96","2409","283",
"1400000US12001001519","Census Tract 15.19; Alachua County; Florida","882","134","41","11","841","134",
"1400000US12001001522","Census Tract 15.22; Alachua County; Florida","4386","407","505","251","3881","442",
"1400000US12001001605","Census Tract 16.05; Alachua County; Florida","4022","494","1311","318","2711","505",
"1400000US12001001701","Census Tract 17.01; Alachua County; Florida","3402","335","1314","229","2088","351",
"1400000US12001001702","Census Tract 17.02; Alachua County; Florida","2361","428","1970","399","391","157",
"1400000US12001001802","Census Tract 18.02; Alachua County; Florida","1192","210","1021","199","171","97",
"1400000US12001001803","Census Tract 18.03; Alachua County; Florida","2802","253","2369","250","433","151",
"1400000US12001001811","Census Tract 18.11; Alachua County; Florida","3147","356","1216","177","1931","331",
"1400000US12001001813","Census Tract 18.13; Alachua County; Florida","1648","231","1441","244","207","122",
"1400000US12001001815","Census Tract 18.15; Alachua County; Florida","792","100","695","106","97","80",
"1400000US12001001816","Census Tract 18.16; Alachua County; Florida","1990","191","1673","195","317","152",
"1400000US12001001817","Census Tract 18.17; Alachua County; Florida","2111","230","1973","221","138","105",
"1400000US12001001818","Census Tract 18.18; Alachua County; Florida","1675","202","1493","228","182","121",
"1400000US12001001819","Census Tract 18.19; Alachua County; Florida","2216","303","1346","236","870","310",
"1400000US12001001902","Census Tract 19.02; Alachua County; Florida","1361","216","578","186","783","246",
"1400000US12001001907","Census Tract 19.07; Alachua County; Florida","1237","261","923","206","314","150",
"1400000US12001001908","Census Tract 19.08; Alachua County; Florida","2159","416","1669","394","490","275",
"1400000US12001002001","Census Tract 20.01; Alachua County; Florida","653","97","573","109","80","57",
"1400000US12001002002","Census Tract 20.02; Alachua County; Florida","1613","209","1298","224","315","106",
"1400000US12001002101","Census Tract 21.01; Alachua County; Florida","885","143","650","128","235","95",
"1400000US12001002102","Census Tract 21.02; Alachua County; Florida","531","133","455","133","76","39",
"1400000US12001002201","Census Tract 22.01; Alachua County; Florida","2364","233","2180","238","184","136",
"1400000US12001002202","Census Tract 22.02; Alachua County; Florida","2553","295","2114","329","439","198",
"1400000US12001002204","Census Tract 22.04; Alachua County; Florida","5356","484","4014","490","1342","403",
"1400000US12001002207","Census Tract 22.07; Alachua County; Florida","1455","213","1374","223","81","46",
"1400000US12001002208","Census Tract 22.08; Alachua County; Florida","1103","147","1000","106","103","124",
"1400000US12001002209","Census Tract 22.09; Alachua County; Florida","3446","384","2974","391","472","158",
"1400000US12001002210","Census Tract 22.10; Alachua County; Florida","2024","288","1778","239","246","165",
"1400000US12001002217","Census Tract 22.17; Alachua County; Florida","2967","576","369","180","2598","628",
"1400000US12001002218","Census Tract 22.18; Alachua County; Florida","1495","164","430","81","1065","181",
"1400000US12001002219","Census Tract 22.19; Alachua County; Florida","2774","372","981","322","1793","359",
"1400000US12001002220","Census Tract 22.20; Alachua County; Florida","1044","141","869","125","175","106",
"1400000US12001002221","Census Tract 22.21; Alachua County; Florida","2304","345","1876","350","428","157",
"1400000US12001002222","Census Tract 22.22; Alachua County; Florida","2980","312","2686","318","294","163",
"1400000US12001110800","Census Tract 1108; Alachua County; Florida","898","138","467","102","431","123",
"1400000US12003040101","Census Tract 401.01; Baker County; Florida","2658","389","2327","366","331","198",
"1400000US12003040102","Census Tract 401.02; Baker County; Florida","2732","316","2143","340","589","301",
"1400000US12003040201","Census Tract 402.01; Baker County; Florida","1802","274","1563","281","239","143",
"1400000US12003040202","Census Tract 402.02; Baker County; Florida","1973","245","1766","261","207","128",
"1400000US12005000201","Census Tract 2.01; Bay County; Florida","2196","281","2063","269","133","95",
"1400000US12005000203","Census Tract 2.03; Bay County; Florida","1210","237","1082","236","128","90",
"1400000US12005000204","Census Tract 2.04; Bay County; Florida","1449","187","1309","189","140","68",
"1400000US12005000301","Census Tract 3.01; Bay County; Florida","1047","320","1015","327","32","37",
"1400000US12005000302","Census Tract 3.02; Bay County; Florida","2640","308","2059","318","581","229",
"1400000US12005000401","Census Tract 4.01; Bay County; Florida","753","99","602","107","151","101",
"1400000US12005000402","Census Tract 4.02; Bay County; Florida","2696","234","2375","272","321","155",
"1400000US12005000500","Census Tract 5; Bay County; Florida","3244","450","2514","424","730","244",
"1400000US12005000600","Census Tract 6; Bay County; Florida","632","119","494","103","138","65",
"1400000US12005000700","Census Tract 7; Bay County; Florida","71","44","0","15","71","44",
"1400000US12005000803","Census Tract 8.03; Bay County; Florida","1787","295","987","258","800","239",
"1400000US12005000804","Census Tract 8.04; Bay County; Florida","993","151","843","136","150","67",
"1400000US12005000805","Census Tract 8.05; Bay County; Florida","1762","252","822","152","940","223",
"1400000US12005000806","Census Tract 8.06; Bay County; Florida","1444","173","1064","205","380","130",
"1400000US12005000900","Census Tract 9; Bay County; Florida","1894","223","1023","149","871","244",
"1400000US12005001000","Census Tract 10; Bay County; Florida","729","122","534","115","195","76",
"1400000US12005001100","Census Tract 11; Bay County; Florida","1821","251","1217","257","604","194",
"1400000US12005001200","Census Tract 12; Bay County; Florida","902","163","636","137","266","141",
"1400000US12005001301","Census Tract 13.01; Bay County; Florida","2103","229","1718","283","385","168",
"1400000US12005001302","Census Tract 13.02; Bay County; Florida","2969","300","1679","319","1290","267",
"1400000US12005001402","Census Tract 14.02; Bay County; Florida","2806","364","2401","353","405","240",
"1400000US12005001403","Census Tract 14.03; Bay County; Florida","765","126","524","104","241","101",
"1400000US12005001404","Census Tract 14.04; Bay County; Florida","3102","322","1803","282","1299","287",
"1400000US12005001501","Census Tract 15.01; Bay County; Florida","2367","265","1489","261","878","221",
"1400000US12005001502","Census Tract 15.02; Bay County; Florida","2451","390","1469","221","982","281",
"1400000US12005001600","Census Tract 16; Bay County; Florida","1150","345","270","129","880","325",
"1400000US12005001700","Census Tract 17; Bay County; Florida","1093","211","653","166","440","143",
"1400000US12005001800","Census Tract 18; Bay County; Florida","561","141","349","118","212","88",
"1400000US12005001900","Census Tract 19; Bay County; Florida","1928","186","1603","181","325","114",
"1400000US12005002000","Census Tract 20; Bay County; Florida","810","154","171","70","639","144",
"1400000US12005002200","Census Tract 22; Bay County; Florida","1633","223","693","182","940","237",
"1400000US12005002300","Census Tract 23; Bay County; Florida","1852","252","1256","233","596","182",
"1400000US12005002400","Census Tract 24; Bay County; Florida","1827","175","742","164","1085","175",
"1400000US12005002500","Census Tract 25; Bay County; Florida","1347","186","1077","189","270","135",
"1400000US12005002604","Census Tract 26.04; Bay County; Florida","3623","396","1970","355","1653","385",
"1400000US12005002605","Census Tract 26.05; Bay County; Florida","859","176","624","173","235","84",
"1400000US12005002606","Census Tract 26.06; Bay County; Florida","921","161","631","155","290","89",
"1400000US12005002607","Census Tract 26.07; Bay County; Florida","608","125","430","104","178","81",
"1400000US12005002608","Census Tract 26.08; Bay County; Florida","1809","236","1601","221","208","126",
"1400000US12005002609","Census Tract 26.09; Bay County; Florida","2427","309","1322","246","1105","287",
"1400000US12005002703","Census Tract 27.03; Bay County; Florida","1596","226","1235","192","361","158",
"1400000US12005002706","Census Tract 27.06; Bay County; Florida","1136","181","622","137","514","173",
"1400000US12005002707","Census Tract 27.07; Bay County; Florida","1368","201","997","158","371","140",
"1400000US12005002708","Census Tract 27.08; Bay County; Florida","401","102","313","97","88","60",
"1400000US12005002709","Census Tract 27.09; Bay County; Florida","1745","268","1002","267","743","155",
"1400000US12005002710","Census Tract 27.10; Bay County; Florida","2952","383","1422","298","1530","387",
"1400000US12005002711","Census Tract 27.11; Bay County; Florida","1533","259","1091","209","442","199",
"1400000US12005002712","Census Tract 27.12; Bay County; Florida","1121","174","347","122","774","189",
"1400000US12005002713","Census Tract 27.13; Bay County; Florida","645","144","517","146","128","78",
"1400000US12005990000","Census Tract 9900; Bay County; Florida","0","15","0","15","0","15",
"1400000US12007000100","Census Tract 1; Bradford County; Florida","1998","250","1185","265","813","203",
"1400000US12007000201","Census Tract 2.01; Bradford County; Florida","1363","216","859","179","504","234",
"1400000US12007000202","Census Tract 2.02; Bradford County; Florida","1357","249","1041","202","316","150",
"1400000US12007000301","Census Tract 3.01; Bradford County; Florida","1834","247","1516","171","318","176",
"1400000US12007000302","Census Tract 3.02; Bradford County; Florida","1200","209","867","141","333","166",
"1400000US12007000400","Census Tract 4; Bradford County; Florida","1526","218","1333","219","193","118",
"1400000US12009060103","Census Tract 601.03; Brevard County; Florida","1154","169","1085","177","69","46",
"1400000US12009060104","Census Tract 601.04; Brevard County; Florida","608","254","579","252","29","23",
"1400000US12009060105","Census Tract 601.05; Brevard County; Florida","962","166","774","167","188","82",
"1400000US12009060106","Census Tract 601.06; Brevard County; Florida","562","95","562","95","0","15",
"1400000US12009060201","Census Tract 602.01; Brevard County; Florida","921","176","808","167","113","85",
"1400000US12009060202","Census Tract 602.02; Brevard County; Florida","1140","183","1051","201","89","69",
"1400000US12009060301","Census Tract 603.01; Brevard County; Florida","815","132","658","111","157","109",
"1400000US12009060302","Census Tract 603.02; Brevard County; Florida","1260","269","1202","286","58","53",
"1400000US12009060400","Census Tract 604; Brevard County; Florida","1646","333","1246","350","400","147",
"1400000US12009060500","Census Tract 605; Brevard County; Florida","2020","309","1796","298","224","124",
"1400000US12009060600","Census Tract 606; Brevard County; Florida","2273","324","1527","262","746","215",
"1400000US12009060700","Census Tract 607; Brevard County; Florida","1203","213","448","169","755","181",
"1400000US12009061001","Census Tract 610.01; Brevard County; Florida","2707","452","1849","451","858","260",
"1400000US12009061002","Census Tract 610.02; Brevard County; Florida","1140","204","939","193","201","84",
"1400000US12009061100","Census Tract 611; Brevard County; Florida","2188","212","1786","213","402","181",
"1400000US12009061201","Census Tract 612.01; Brevard County; Florida","3344","384","2805","404","539","297",
"1400000US12009061202","Census Tract 612.02; Brevard County; Florida","1615","197","1189","123","426","152",
"1400000US12009062106","Census Tract 621.06; Brevard County; Florida","1360","207","1222","194","138","72",
"1400000US12009062108","Census Tract 621.08; Brevard County; Florida","2924","492","2775","491","149","91",
"1400000US12009062109","Census Tract 621.09; Brevard County; Florida","1366","174","1204","171","162","84",
"1400000US12009062110","Census Tract 621.10; Brevard County; Florida","1240","136","1110","138","130","117",
"1400000US12009062111","Census Tract 621.11; Brevard County; Florida","1319","150","1271","158","48","45",
"1400000US12009062112","Census Tract 621.12; Brevard County; Florida","574","69","494","80","80","57",
"1400000US12009062113","Census Tract 621.13; Brevard County; Florida","2436","206","2193","217","243","102",
"1400000US12009062114","Census Tract 621.14; Brevard County; Florida","847","146","563","94","284","145",
"1400000US12009062115","Census Tract 621.15; Brevard County; Florida","815","218","778","218","37","32",
"1400000US12009062301","Census Tract 623.01; Brevard County; Florida","1341","266","695","209","646","178",
"1400000US12009062302","Census Tract 623.02; Brevard County; Florida","1563","354","697","285","866","207",
"1400000US12009062401","Census Tract 624.01; Brevard County; Florida","922","186","687","170","235","125",
"1400000US12009062402","Census Tract 624.02; Brevard County; Florida","2385","369","1214","318","1171","389",
"1400000US12009062500","Census Tract 625; Brevard County; Florida","1853","239","1323","243","530","158",
"1400000US12009062600","Census Tract 626; Brevard County; Florida","1248","265","597","202","651","254",
"1400000US12009062800","Census Tract 628; Brevard County; Florida","1901","336","1585","323","316","110",
"1400000US12009062900","Census Tract 629; Brevard County; Florida","2648","371","1791","371","857","269",
"1400000US12009063000","Census Tract 630; Brevard County; Florida","1876","298","1520","291","356","124",
"1400000US12009063102","Census Tract 631.02; Brevard County; Florida","3867","474","2789","308","1078","414",
"1400000US12009063104","Census Tract 631.04; Brevard County; Florida","1618","143","1335","138","283","106",
"1400000US12009063105","Census Tract 631.05; Brevard County; Florida","3821","289","2892","344","929","204",
"1400000US12009063106","Census Tract 631.06; Brevard County; Florida","1888","261","1439","247","449","267",
"1400000US12009063108","Census Tract 631.08; Brevard County; Florida","2224","218","2054","235","170","111",
"1400000US12009063109","Census Tract 631.09; Brevard County; Florida","2364","302","1784","296","580","233",
"1400000US12009064102","Census Tract 641.02; Brevard County; Florida","2439","222","2014","247","425","149",
"1400000US12009064123","Census Tract 641.23; Brevard County; Florida","3260","296","1851","267","1409","330",
"1400000US12009064124","Census Tract 641.24; Brevard County; Florida","1969","199","1475","211","494","170",
"1400000US12009064126","Census Tract 641.26; Brevard County; Florida","1783","192","1238","165","545","153",
"1400000US12009064127","Census Tract 641.27; Brevard County; Florida","3777","449","3436","422","341","190",
"1400000US12009064128","Census Tract 641.28; Brevard County; Florida","5023","418","4411","401","612","268",
"1400000US12009064129","Census Tract 641.29; Brevard County; Florida","1058","280","947","280","111","49",
"1400000US12009064130","Census Tract 641.30; Brevard County; Florida","1308","77","1165","118","143","82",
"1400000US12009064201","Census Tract 642.01; Brevard County; Florida","1054","157","614","149","440","112",
"1400000US12009064202","Census Tract 642.02; Brevard County; Florida","1724","199","725","191","999","203",
"1400000US12009064301","Census Tract 643.01; Brevard County; Florida","2494","266","1421","252","1073","184",
"1400000US12009064302","Census Tract 643.02; Brevard County; Florida","2534","237","1453","304","1081","310",
"1400000US12009064400","Census Tract 644; Brevard County; Florida","2119","267","1527","229","592","237",
"1400000US12009064500","Census Tract 645; Brevard County; Florida","1741","262","1131","217","610","179",
"1400000US12009064601","Census Tract 646.01; Brevard County; Florida","3033","303","2119","296","914","219",
"1400000US12009064602","Census Tract 646.02; Brevard County; Florida","1135","134","700","120","435","115",
"1400000US12009064701","Census Tract 647.01; Brevard County; Florida","1402","201","564","175","838","182",
"1400000US12009064702","Census Tract 647.02; Brevard County; Florida","696","166","438","101","258","138",
"1400000US12009064800","Census Tract 648; Brevard County; Florida","1509","184","631","152","878","204",
"1400000US12009064901","Census Tract 649.01; Brevard County; Florida","2579","293","1574","182","1005","282",
"1400000US12009064902","Census Tract 649.02; Brevard County; Florida","1797","222","675","146","1122","240",
"1400000US12009065001","Census Tract 650.01; Brevard County; Florida","1583","128","1243","153","340","102",
"1400000US12009065022","Census Tract 650.22; Brevard County; Florida","2137","291","1923","284","214","96",
"1400000US12009065023","Census Tract 650.23; Brevard County; Florida","2016","271","1157","264","859","185",
"1400000US12009065024","Census Tract 650.24; Brevard County; Florida","2392","292","2356","287","36","36",
"1400000US12009065025","Census Tract 650.25; Brevard County; Florida","792","98","299","92","493","124",
"1400000US12009065123","Census Tract 651.23; Brevard County; Florida","1752","310","1072","239","680","254",
"1400000US12009065124","Census Tract 651.24; Brevard County; Florida","1014","154","426","111","588","140",
"1400000US12009065126","Census Tract 651.26; Brevard County; Florida","1793","181","671","161","1122","213",
"1400000US12009065127","Census Tract 651.27; Brevard County; Florida","1854","359","934","250","920","297",
"1400000US12009065128","Census Tract 651.28; Brevard County; Florida","1607","144","284","123","1323","170",
"1400000US12009065129","Census Tract 651.29; Brevard County; Florida","1702","238","1107","209","595","170",
"1400000US12009065130","Census Tract 651.30; Brevard County; Florida","1261","199","990","168","271","131",
"1400000US12009065131","Census Tract 651.31; Brevard County; Florida","1379","151","911","121","468","132",
"1400000US12009065201","Census Tract 652.01; Brevard County; Florida","2367","271","1602","278","765","227",
"1400000US12009065202","Census Tract 652.02; Brevard County; Florida","2405","357","2025","351","380","156",
"1400000US12009065231","Census Tract 652.31; Brevard County; Florida","2547","238","2345","195","202","139",
"1400000US12009065236","Census Tract 652.36; Brevard County; Florida","950","155","932","154","18","20",
"1400000US12009065237","Census Tract 652.37; Brevard County; Florida","1930","354","1828","354","102","57",
"1400000US12009065238","Census Tract 652.38; Brevard County; Florida","259","138","259","138","0","15",
"1400000US12009065239","Census Tract 652.39; Brevard County; Florida","1856","203","1651","191","205","91",
"1400000US12009065240","Census Tract 652.40; Brevard County; Florida","1252","215","1140","233","112","74",
"1400000US12009066101","Census Tract 661.01; Brevard County; Florida","2085","235","1768","221","317","148",
"1400000US12009066103","Census Tract 661.03; Brevard County; Florida","1448","402","1200","290","248","220",
"1400000US12009066104","Census Tract 661.04; Brevard County; Florida","2300","346","2013","328","287","179",
"1400000US12009066200","Census Tract 662; Brevard County; Florida","1394","155","1018","141","376","200",
"1400000US12009066301","Census Tract 663.01; Brevard County; Florida","3106","353","2601","366","505","214",
"1400000US12009066302","Census Tract 663.02; Brevard County; Florida","1893","336","1754","330","139","62",
"1400000US12009066400","Census Tract 664; Brevard County; Florida","2413","248","1920","209","493","192",
"1400000US12009066500","Census Tract 665; Brevard County; Florida","1532","169","1240","168","292","128",
"1400000US12009066600","Census Tract 666; Brevard County; Florida","1748","178","1585","172","163","70",
"1400000US12009066700","Census Tract 667; Brevard County; Florida","1997","200","1568","220","429","165",
"1400000US12009066800","Census Tract 668; Brevard County; Florida","674","91","464","79","210","67",
"1400000US12009066900","Census Tract 669; Brevard County; Florida","2912","269","2568","270","344","137",
"1400000US12009067100","Census Tract 671; Brevard County; Florida","508","64","0","15","508","64",
"1400000US12009068101","Census Tract 681.01; Brevard County; Florida","1695","169","1189","177","506","121",
"1400000US12009068102","Census Tract 681.02; Brevard County; Florida","1134","201","983","180","151","134",
"1400000US12009068400","Census Tract 684; Brevard County; Florida","1094","212","757","149","337","182",
"1400000US12009068501","Census Tract 685.01; Brevard County; Florida","1288","206","886","205","402","138",
"1400000US12009068502","Census Tract 685.02; Brevard County; Florida","1444","226","726","154","718","192",
"1400000US12009068601","Census Tract 686.01; Brevard County; Florida","1406","226","905","191","501","208",
"1400000US12009068603","Census Tract 686.03; Brevard County; Florida","1064","258","343","115","721","268",
"1400000US12009068604","Census Tract 686.04; Brevard County; Florida","1230","190","954","198","276","188",
"1400000US12009069100","Census Tract 691; Brevard County; Florida","1837","170","1682","169","155","80",
"1400000US12009069200","Census Tract 692; Brevard County; Florida","1187","230","948","208","239","123",
"1400000US12009069300","Census Tract 693; Brevard County; Florida","1257","237","1048","234","209","90",
"1400000US12009069400","Census Tract 694; Brevard County; Florida","2625","343","2335","375","290","134",
"1400000US12009069700","Census Tract 697; Brevard County; Florida","1121","121","607","121","514","137",
"1400000US12009069801","Census Tract 698.01; Brevard County; Florida","1394","147","1269","150","125","85",
"1400000US12009069802","Census Tract 698.02; Brevard County; Florida","1588","202","1057","198","531","128",
"1400000US12009069903","Census Tract 699.03; Brevard County; Florida","1131","167","846","148","285","137",
"1400000US12009069904","Census Tract 699.04; Brevard County; Florida","2390","247","2204","244","186","122",
"1400000US12009069905","Census Tract 699.05; Brevard County; Florida","0","15","0","15","0","15",
"1400000US12009069906","Census Tract 699.06; Brevard County; Florida","704","204","171","44","533","198",
"1400000US12009069907","Census Tract 699.07; Brevard County; Florida","1122","163","868","175","254","83",
"1400000US12009071100","Census Tract 711; Brevard County; Florida","1904","285","1845","280","59","55",
"1400000US12009071201","Census Tract 712.01; Brevard County; Florida","4033","523","3032","526","1001","241",
"1400000US12009071202","Census Tract 712.02; Brevard County; Florida","736","140","730","141","6","11",
"1400000US12009071203","Census Tract 712.03; Brevard County; Florida","1344","485","1323","477","21","24",
"1400000US12009071204","Census Tract 712.04; Brevard County; Florida","191","198","60","37","131","195",
"1400000US12009071205","Census Tract 712.05; Brevard County; Florida","2196","444","2068","460","128","81",
"1400000US12009071335","Census Tract 713.35; Brevard County; Florida","2114","304","1761","293","353","138",
"1400000US12009071337","Census Tract 713.37; Brevard County; Florida","2743","330","2250","315","493","194",
"1400000US12009071339","Census Tract 713.39; Brevard County; Florida","3106","372","2620","412","486","217",
"1400000US12009071341","Census Tract 713.41; Brevard County; Florida","2691","214","1992","240","699","199",
"1400000US12009071342","Census Tract 713.42; Brevard County; Florida","1421","186","1179","193","242","127",
"1400000US12009071343","Census Tract 713.43; Brevard County; Florida","1584","356","1476","363","108","85",
"1400000US12009071344","Census Tract 713.44; Brevard County; Florida","1703","139","1528","159","175","88",
"1400000US12009071345","Census Tract 713.45; Brevard County; Florida","2909","217","2561","270","348","160",
"1400000US12009071346","Census Tract 713.46; Brevard County; Florida","2754","337","2467","333","287","189",
"1400000US12009071347","Census Tract 713.47; Brevard County; Florida","2391","409","1824","370","567","232",
"1400000US12009071348","Census Tract 713.48; Brevard County; Florida","3197","414","2913","393","284","161",
"1400000US12009071349","Census Tract 713.49; Brevard County; Florida","1478","247","1221","278","257","102",
"1400000US12009071350","Census Tract 713.50; Brevard County; Florida","1919","143","1782","189","137","121",
"1400000US12009071351","Census Tract 713.51; Brevard County; Florida","1314","238","1238","243","76","59",
"1400000US12009071352","Census Tract 713.52; Brevard County; Florida","1729","351","1372","298","357","192",
"1400000US12009071353","Census Tract 713.53; Brevard County; Florida","3110","229","2712","242","398","141",
"1400000US12009071354","Census Tract 713.54; Brevard County; Florida","2735","370","2557","390","178","126",
"1400000US12009071401","Census Tract 714.01; Brevard County; Florida","738","94","485","83","253","103",
"1400000US12009071402","Census Tract 714.02; Brevard County; Florida","903","201","281","74","622","195",
"1400000US12009071500","Census Tract 715; Brevard County; Florida","1519","232","1086","224","433","130",
"1400000US12009071601","Census Tract 716.01; Brevard County; Florida","915","90","758","83","157","62",
"1400000US12009071602","Census Tract 716.02; Brevard County; Florida","1242","208","781","145","461","176",
"1400000US12009071700","Census Tract 717; Brevard County; Florida","3115","286","2650","293","465","150",
"1400000US12009980000","Census Tract 9800; Brevard County; Florida","0","15","0","15","0","15",
"1400000US12009980100","Census Tract 9801; Brevard County; Florida","0","15","0","15","0","15",
"1400000US12009990000","Census Tract 9900; Brevard County; Florida","0","15","0","15","0","15",
"1400000US12011010102","Census Tract 101.02; Broward County; Florida","1355","191","1124","184","231","129",
"1400000US12011010103","Census Tract 101.03; Broward County; Florida","1758","247","1271","240","487","154",
"1400000US12011010104","Census Tract 101.04; Broward County; Florida","1198","217","862","174","336","161",
"1400000US12011010201","Census Tract 102.01; Broward County; Florida","1272","442","775","177","497","425",
"1400000US12011010202","Census Tract 102.02; Broward County; Florida","1805","466","1162","454","643","185",
"1400000US12011010304","Census Tract 103.04; Broward County; Florida","1238","170","719","164","519","185",
"1400000US12011010305","Census Tract 103.05; Broward County; Florida","2746","305","251","109","2495","304",
"1400000US12011010306","Census Tract 103.06; Broward County; Florida","1044","135","560","167","484","181",
"1400000US12011010307","Census Tract 103.07; Broward County; Florida","1978","338","912","324","1066","199",
"1400000US12011010308","Census Tract 103.08; Broward County; Florida","2203","325","1465","297","738","234",
"1400000US12011010401","Census Tract 104.01; Broward County; Florida","1847","252","1268","246","579","197",
"1400000US12011010402","Census Tract 104.02; Broward County; Florida","2056","241","1599","296","457","241",
"1400000US12011010403","Census Tract 104.03; Broward County; Florida","3361","465","2891","453","470","190",
"1400000US12011010405","Census Tract 104.05; Broward County; Florida","3739","522","2416","550","1323","293",
"1400000US12011010406","Census Tract 104.06; Broward County; Florida","1583","185","1242","170","341","137",
"1400000US12011010407","Census Tract 104.07; Broward County; Florida","2942","425","1819","208","1123","404",
"1400000US12011010502","Census Tract 105.02; Broward County; Florida","1271","111","713","125","558","139",
"1400000US12011010503","Census Tract 105.03; Broward County; Florida","7214","389","6475","573","739","403",
"1400000US12011010504","Census Tract 105.04; Broward County; Florida","1790","161","1370","160","420","133",
"1400000US12011010601","Census Tract 106.01; Broward County; Florida","3023","396","2133","294","890","294",
"1400000US12011010603","Census Tract 106.03; Broward County; Florida","1721","187","1400","219","321","113",
"1400000US12011010604","Census Tract 106.04; Broward County; Florida","1372","129","1081","146","291","92",
"1400000US12011010605","Census Tract 106.05; Broward County; Florida","2188","257","1991","286","197","129",
"1400000US12011010606","Census Tract 106.06; Broward County; Florida","2992","327","1584","348","1408","318",
"1400000US12011010609","Census Tract 106.09; Broward County; Florida","1931","288","864","137","1067","296",
"1400000US12011010610","Census Tract 106.10; Broward County; Florida","2450","279","1751","282","699","241",
"1400000US12011010611","Census Tract 106.11; Broward County; Florida","1066","106","994","129","72","47",
"1400000US12011010612","Census Tract 106.12; Broward County; Florida","2159","318","1803","337","356","140",
"1400000US12011010613","Census Tract 106.13; Broward County; Florida","1075","200","487","190","588","189",
"1400000US12011010614","Census Tract 106.14; Broward County; Florida","898","101","378","103","520","107",
"1400000US12011010615","Census Tract 106.15; Broward County; Florida","1607","299","1079","261","528","270",
"1400000US12011010701","Census Tract 107.01; Broward County; Florida","1892","267","1577","294","315","114",
"1400000US12011010702","Census Tract 107.02; Broward County; Florida","2870","380","1793","416","1077","346",
"1400000US12011010800","Census Tract 108; Broward County; Florida","2886","455","1459","252","1427","452",
"1400000US12011010901","Census Tract 109.01; Broward County; Florida","1132","129","914","125","218","93",
"1400000US12011010902","Census Tract 109.02; Broward County; Florida","1774","253","1419","275","355","135",
"1400000US12011011000","Census Tract 110; Broward County; Florida","1319","250","1149","247","170","66",
"1400000US12011020101","Census Tract 201.01; Broward County; Florida","3860","564","2326","521","1534","307",
"1400000US12011020103","Census Tract 201.03; Broward County; Florida","2367","292","1204","219","1163","290",
"1400000US12011020104","Census Tract 201.04; Broward County; Florida","1317","215","649","133","668","190",
"1400000US12011020204","Census Tract 202.04; Broward County; Florida","2618","312","1738","313","880","252",
"1400000US12011020205","Census Tract 202.05; Broward County; Florida","2728","300","2143","311","585","169",
"1400000US12011020206","Census Tract 202.06; Broward County; Florida","1593","198","1131","169","462","204",
"1400000US12011020209","Census Tract 202.09; Broward County; Florida","895","116","570","82","325","100",
"1400000US12011020210","Census Tract 202.10; Broward County; Florida","2428","336","2135","468","293","244",
"1400000US12011020211","Census Tract 202.11; Broward County; Florida","1141","253","1038","250","103","67",
"1400000US12011020212","Census Tract 202.12; Broward County; Florida","2431","781","2229","766","202","174",
"1400000US12011020213","Census Tract 202.13; Broward County; Florida","2413","765","2053","765","360","176",
"1400000US12011020214","Census Tract 202.14; Broward County; Florida","774","89","750","85","24","31",
"1400000US12011020302","Census Tract 203.02; Broward County; Florida","3219","374","1611","333","1608","320",
"1400000US12011020308","Census Tract 203.08; Broward County; Florida","1605","271","578","191","1027","333",
"1400000US12011020309","Census Tract 203.09; Broward County; Florida","2052","220","1077","270","975","174",
"1400000US12011020311","Census Tract 203.11; Broward County; Florida","1235","155","777","224","458","130",
"1400000US12011020312","Census Tract 203.12; Broward County; Florida","1607","135","737","136","870","167",
"1400000US12011020313","Census Tract 203.13; Broward County; Florida","2221","210","894","226","1327","245",
"1400000US12011020314","Census Tract 203.14; Broward County; Florida","1924","301","1130","202","794","269",
"1400000US12011020315","Census Tract 203.15; Broward County; Florida","1711","275","1097","160","614","244",
"1400000US12011020316","Census Tract 203.16; Broward County; Florida","1620","228","698","129","922","255",
"1400000US12011020317","Census Tract 203.17; Broward County; Florida","997","102","795","111","202","79",
"1400000US12011020318","Census Tract 203.18; Broward County; Florida","3194","323","2097","387","1097","258",
"1400000US12011020319","Census Tract 203.19; Broward County; Florida","2412","425","1761","426","651","180",
"1400000US12011020320","Census Tract 203.20; Broward County; Florida","1852","224","775","132","1077","236",
"1400000US12011020321","Census Tract 203.21; Broward County; Florida","640","197","605","197","35","31",
"1400000US12011020322","Census Tract 203.22; Broward County; Florida","1220","196","992","204","228","122",
"1400000US12011020323","Census Tract 203.23; Broward County; Florida","1613","261","756","248","857","173",
"1400000US12011020324","Census Tract 203.24; Broward County; Florida","3018","364","1222","339","1796","395",
"1400000US12011020325","Census Tract 203.25; Broward County; Florida","1374","403","815","383","559","205",
"1400000US12011020326","Census Tract 203.26; Broward County; Florida","1901","212","922","268","979","195",
"1400000US12011020404","Census Tract 204.04; Broward County; Florida","2714","337","2131","336","583","262",
"1400000US12011020405","Census Tract 204.05; Broward County; Florida","1776","250","1166","291","610","180",
"1400000US12011020406","Census Tract 204.06; Broward County; Florida","2750","547","1767","214","983","561",
"1400000US12011020407","Census Tract 204.07; Broward County; Florida","2541","224","1893","266","648","272",
"1400000US12011020412","Census Tract 204.12; Broward County; Florida","1140","119","336","93","804","143",
"1400000US12011020414","Census Tract 204.14; Broward County; Florida","2447","425","1698","480","749","238",
"1400000US12011020415","Census Tract 204.15; Broward County; Florida","1626","190","1312","202","314","102",
"1400000US12011020416","Census Tract 204.16; Broward County; Florida","1407","266","1180","253","227","123",
"1400000US12011020417","Census Tract 204.17; Broward County; Florida","3117","526","3063","524","54","54",
"1400000US12011020418","Census Tract 204.18; Broward County; Florida","1295","177","1171","192","124","64",
"1400000US12011020419","Census Tract 204.19; Broward County; Florida","1381","243","904","181","477","193",
"1400000US12011020420","Census Tract 204.20; Broward County; Florida","1238","181","146","151","1092","222",
"1400000US12011020421","Census Tract 204.21; Broward County; Florida","1863","219","1171","193","692","270",
"1400000US12011020501","Census Tract 205.01; Broward County; Florida","1607","259","1261","298","346","119",
"1400000US12011020502","Census Tract 205.02; Broward County; Florida","2947","329","1727","297","1220","320",
"1400000US12011030100","Census Tract 301; Broward County; Florida","2021","202","1412","225","609","225",
"1400000US12011030201","Census Tract 302.01; Broward County; Florida","1429","146","826","168","603","170",
"1400000US12011030202","Census Tract 302.02; Broward County; Florida","727","82","266","83","461","76",
"1400000US12011030203","Census Tract 302.03; Broward County; Florida","1788","282","1416","311","372","151",
"1400000US12011030301","Census Tract 303.01; Broward County; Florida","1313","117","197","83","1116","131",
"1400000US12011030302","Census Tract 303.02; Broward County; Florida","2572","275","1869","336","703","271",
"1400000US12011030401","Census Tract 304.01; Broward County; Florida","985","140","750","152","235","76",
"1400000US12011030402","Census Tract 304.02; Broward County; Florida","1658","207","313","110","1345","203",
"1400000US12011030500","Census Tract 305; Broward County; Florida","2125","215","974","251","1151","304",
"1400000US12011030601","Census Tract 306.01; Broward County; Florida","675","73","261","83","414","97",
"1400000US12011030602","Census Tract 306.02; Broward County; Florida","1709","233","540","166","1169","271",
"1400000US12011030702","Census Tract 307.02; Broward County; Florida","1136","242","781","229","355","141",
"1400000US12011030703","Census Tract 307.03; Broward County; Florida","2406","304","2127","293","279","162",
"1400000US12011030704","Census Tract 307.04; Broward County; Florida","2408","293","2134","294","274","121",
"1400000US12011030705","Census Tract 307.05; Broward County; Florida","2580","431","2071","433","509","136",
"1400000US12011030803","Census Tract 308.03; Broward County; Florida","1812","265","422","239","1390","221",
"1400000US12011030804","Census Tract 308.04; Broward County; Florida","896","138","107","73","789","135",
"1400000US12011030805","Census Tract 308.05; Broward County; Florida","1353","267","884","261","469","144",
"1400000US12011030806","Census Tract 308.06; Broward County; Florida","2337","295","1456","232","881","281",
"1400000US12011030902","Census Tract 309.02; Broward County; Florida","1710","298","1285","301","425","105",
"1400000US12011030903","Census Tract 309.03; Broward County; Florida","1907","232","1257","249","650","161",
"1400000US12011030904","Census Tract 309.04; Broward County; Florida","1754","323","1547","338","207","142",
"1400000US12011031001","Census Tract 310.01; Broward County; Florida","1277","214","393","106","884","213",
"1400000US12011031002","Census Tract 310.02; Broward County; Florida","2595","549","1095","240","1500","530",
"1400000US12011031101","Census Tract 311.01; Broward County; Florida","1266","165","928","162","338","112",
"1400000US12011031102","Census Tract 311.02; Broward County; Florida","1775","244","1171","161","604","224",
"1400000US12011031203","Census Tract 312.03; Broward County; Florida","803","156","651","109","152","105",
"1400000US12011031204","Census Tract 312.04; Broward County; Florida","1844","268","1337","269","507","191",
"1400000US12011031205","Census Tract 312.05; Broward County; Florida","771","102","567","82","204","70",
"1400000US12011031206","Census Tract 312.06; Broward County; Florida","1440","157","1222","162","218","99",
"1400000US12011031207","Census Tract 312.07; Broward County; Florida","2529","426","1693","288","836","336",
"1400000US12011040101","Census Tract 401.01; Broward County; Florida","809","168","550","128","259","104",
"1400000US12011040102","Census Tract 401.02; Broward County; Florida","1402","286","1068","252","334","118",
"1400000US12011040203","Census Tract 402.03; Broward County; Florida","817","212","467","151","350","154",
"1400000US12011040204","Census Tract 402.04; Broward County; Florida","1886","252","985","192","901","275",
"1400000US12011040205","Census Tract 402.05; Broward County; Florida","2351","333","1841","343","510","189",
"1400000US12011040206","Census Tract 402.06; Broward County; Florida","1607","195","1267","206","340","98",
"1400000US12011040300","Census Tract 403; Broward County; Florida","1961","227","874","188","1087","200",
"1400000US12011040401","Census Tract 404.01; Broward County; Florida","1299","182","1078","177","221","106",
"1400000US12011040402","Census Tract 404.02; Broward County; Florida","1446","248","995","191","451","175",
"1400000US12011040502","Census Tract 405.02; Broward County; Florida","2076","375","1715","392","361","180",
"1400000US12011040503","Census Tract 405.03; Broward County; Florida","820","118","700","117","120","64",
"1400000US12011040505","Census Tract 405.05; Broward County; Florida","818","257","683","216","135","133",
"1400000US12011040506","Census Tract 405.06; Broward County; Florida","1186","170","931","147","255","108",
"1400000US12011040601","Census Tract 406.01; Broward County; Florida","1963","273","1249","219","714","219",
"1400000US12011040602","Census Tract 406.02; Broward County; Florida","1326","178","849","157","477","129",
"1400000US12011040701","Census Tract 407.01; Broward County; Florida","1464","179","1050","135","414","150",
"1400000US12011040702","Census Tract 407.02; Broward County; Florida","2092","320","1098","204","994","315",
"1400000US12011040801","Census Tract 408.01; Broward County; Florida","1675","157","888","176","787","145",
"1400000US12011040802","Census Tract 408.02; Broward County; Florida","2067","277","906","235","1161","278",
"1400000US12011040901","Census Tract 409.01; Broward County; Florida","1419","182","874","185","545","156",
"1400000US12011040902","Census Tract 409.02; Broward County; Florida","1351","564","1066","585","285","103",
"1400000US12011041000","Census Tract 410; Broward County; Florida","992","207","617","168","375","112",
"1400000US12011041100","Census Tract 411; Broward County; Florida","1962","283","810","258","1152","204",
"1400000US12011041200","Census Tract 412; Broward County; Florida","1460","187","732","207","728","161",
"1400000US12011041300","Census Tract 413; Broward County; Florida","2182","239","1875","272","307","172",
"1400000US12011041400","Census Tract 414; Broward County; Florida","1116","193","405","121","711","177",
"1400000US12011041500","Census Tract 415; Broward County; Florida","1477","152","131","71","1346","162",
"1400000US12011041601","Census Tract 416.01; Broward County; Florida","1190","99","323","113","867","153",
"1400000US12011041602","Census Tract 416.02; Broward County; Florida","1076","217","146","74","930","225",
"1400000US12011041700","Census Tract 417; Broward County; Florida","1891","363","351","90","1540","382",
"1400000US12011041801","Census Tract 418.01; Broward County; Florida","944","128","577","170","367","114",
"1400000US12011041802","Census Tract 418.02; Broward County; Florida","2343","540","883","513","1460","258",
"1400000US12011041900","Census Tract 419; Broward County; Florida","2721","437","815","175","1906","465",
"1400000US12011042000","Census Tract 420; Broward County; Florida","1367","165","1141","160","226","82",
"1400000US12011042100","Census Tract 421; Broward County; Florida","1515","266","1024","241","491","161",
"1400000US12011042200","Census Tract 422; Broward County; Florida","1447","215","1250","211","197","97",
"1400000US12011042301","Census Tract 423.01; Broward County; Florida","2453","320","1562","344","891","213",
"1400000US12011042302","Census Tract 423.02; Broward County; Florida","954","159","127","72","827","154",
"1400000US12011042400","Census Tract 424; Broward County; Florida","499","96","411","86","88","54",
"1400000US12011042501","Census Tract 425.01; Broward County; Florida","3768","302","152","117","3616","315",
"1400000US12011042502","Census Tract 425.02; Broward County; Florida","3280","508","1390","299","1890","479",
"1400000US12011042601","Census Tract 426.01; Broward County; Florida","1774","210","822","177","952","243",
"1400000US12011042602","Census Tract 426.02; Broward County; Florida","1151","248","296","117","855","240",
"1400000US12011042700","Census Tract 427; Broward County; Florida","2154","374","956","177","1198","355",
"1400000US12011042801","Census Tract 428.01; Broward County; Florida","1366","226","955","259","411","149",
"1400000US12011042802","Census Tract 428.02; Broward County; Florida","731","66","339","59","392","78",
"1400000US12011042900","Census Tract 429; Broward County; Florida","2284","344","1805","389","479","198",
"1400000US12011043001","Census Tract 430.01; Broward County; Florida","756","200","644","182","112","70",
"1400000US12011043002","Census Tract 430.02; Broward County; Florida","2169","268","1474","285","695","191",
"1400000US12011043100","Census Tract 431; Broward County; Florida","1752","189","1491","206","261","104",
"1400000US12011043301","Census Tract 433.01; Broward County; Florida","2020","283","1408","283","612","172",
"1400000US12011043302","Census Tract 433.02; Broward County; Florida","932","134","206","62","726","141",
"1400000US12011050100","Census Tract 501; Broward County; Florida","1418","270","1032","292","386","136",
"1400000US12011050204","Census Tract 502.04; Broward County; Florida","2580","574","1473","224","1107","566",
"1400000US12011050205","Census Tract 502.05; Broward County; Florida","1340","164","1015","165","325","106",
"1400000US12011050206","Census Tract 502.06; Broward County; Florida","1939","340","991","275","948","279",
"1400000US12011050207","Census Tract 502.07; Broward County; Florida","2932","242","1381","258","1551","278",
"1400000US12011050208","Census Tract 502.08; Broward County; Florida","1475","312","587","263","888","237",
"1400000US12011050301","Census Tract 503.01; Broward County; Florida","2235","293","1455","280","780","285",
"1400000US12011050306","Census Tract 503.06; Broward County; Florida","1618","220","499","164","1119","259",
"1400000US12011050308","Census Tract 503.08; Broward County; Florida","865","80","410","83","455","98",
"1400000US12011050309","Census Tract 503.09; Broward County; Florida","1026","254","242","98","784","259",
"1400000US12011050311","Census Tract 503.11; Broward County; Florida","1892","317","1073","318","819","211",
"1400000US12011050312","Census Tract 503.12; Broward County; Florida","1161","176","715","157","446","148",
"1400000US12011050313","Census Tract 503.13; Broward County; Florida","1578","491","320","114","1258","482",
"1400000US12011050314","Census Tract 503.14; Broward County; Florida","1517","313","555","230","962","263",
"1400000US12011050315","Census Tract 503.15; Broward County; Florida","1135","93","1032","107","103","61",
"1400000US12011050316","Census Tract 503.16; Broward County; Florida","1232","218","1121","214","111","71",
"1400000US12011050401","Census Tract 504.01; Broward County; Florida","1834","173","1024","210","810","169",
"1400000US12011050402","Census Tract 504.02; Broward County; Florida","1806","242","1408","220","398","160",
"1400000US12011050501","Census Tract 505.01; Broward County; Florida","1229","135","927","153","302","126",
"1400000US12011050502","Census Tract 505.02; Broward County; Florida","1822","192","1263","236","559","172",
"1400000US12011050601","Census Tract 506.01; Broward County; Florida","1465","172","1090","178","375","115",
"1400000US12011050602","Census Tract 506.02; Broward County; Florida","1866","191","823","166","1043","213",
"1400000US12011050701","Census Tract 507.01; Broward County; Florida","1176","116","512","123","664","128",
"1400000US12011050702","Census Tract 507.02; Broward County; Florida","2344","289","840","284","1504","213",
"1400000US12011050800","Census Tract 508; Broward County; Florida","1739","323","1090","315","649","171",
"1400000US12011050900","Census Tract 509; Broward County; Florida","2916","267","1739","299","1177","275",
"1400000US12011051001","Census Tract 510.01; Broward County; Florida","2349","224","1235","304","1114","247",
"1400000US12011051002","Census Tract 510.02; Broward County; Florida","1402","227","1128","234","274","97",
"1400000US12011060105","Census Tract 601.05; Broward County; Florida","2958","322","2231","334","727","202",
"1400000US12011060107","Census Tract 601.07; Broward County; Florida","1962","269","1380","202","582","263",
"1400000US12011060109","Census Tract 601.09; Broward County; Florida","1736","282","1657","273","79","70",
"1400000US12011060111","Census Tract 601.11; Broward County; Florida","3129","331","2532","346","597","168",
"1400000US12011060113","Census Tract 601.13; Broward County; Florida","2242","259","1717","305","525","181",
"1400000US12011060114","Census Tract 601.14; Broward County; Florida","2628","526","1991","354","637","464",
"1400000US12011060115","Census Tract 601.15; Broward County; Florida","2625","306","856","244","1769","359",
"1400000US12011060116","Census Tract 601.16; Broward County; Florida","2405","181","1546","223","859","182",
"1400000US12011060117","Census Tract 601.17; Broward County; Florida","2417","288","753","189","1664","258",
"1400000US12011060118","Census Tract 601.18; Broward County; Florida","1711","232","1576","243","135","87",
"1400000US12011060119","Census Tract 601.19; Broward County; Florida","2606","315","1771","335","835","231",
"1400000US12011060120","Census Tract 601.20; Broward County; Florida","3246","323","1765","342","1481","255",
"1400000US12011060121","Census Tract 601.21; Broward County; Florida","1679","156","1533","156","146","79",
"1400000US12011060122","Census Tract 601.22; Broward County; Florida","2278","301","1195","293","1083","248",
"1400000US12011060123","Census Tract 601.23; Broward County; Florida","1572","284","1472","287","100","80",
"1400000US12011060124","Census Tract 601.24; Broward County; Florida","2891","362","1488","330","1403","342",
"1400000US12011060125","Census Tract 601.25; Broward County; Florida","780","68","726","82","54","40",
"1400000US12011060126","Census Tract 601.26; Broward County; Florida","1890","355","1584","351","306","110",
"1400000US12011060127","Census Tract 601.27; Broward County; Florida","1524","177","920","167","604","190",
"1400000US12011060128","Census Tract 601.28; Broward County; Florida","2720","252","1782","315","938","245",
"1400000US12011060129","Census Tract 601.29; Broward County; Florida","1033","150","918","163","115","68",
"1400000US12011060130","Census Tract 601.30; Broward County; Florida","2321","324","1415","387","906","289",
"1400000US12011060203","Census Tract 602.03; Broward County; Florida","1910","243","1102","211","808","242",
"1400000US12011060206","Census Tract 602.06; Broward County; Florida","2065","247","1642","273","423","137",
"1400000US12011060207","Census Tract 602.07; Broward County; Florida","1915","472","1471","466","444","236",
"1400000US12011060208","Census Tract 602.08; Broward County; Florida","1865","213","1186","248","679","176",
"1400000US12011060209","Census Tract 602.09; Broward County; Florida","767","85","600","100","167","61",
"1400000US12011060210","Census Tract 602.10; Broward County; Florida","938","121","832","156","106","62",
"1400000US12011060211","Census Tract 602.11; Broward County; Florida","2790","452","2790","452","0","21",
"1400000US12011060212","Census Tract 602.12; Broward County; Florida","961","89","886","118","75","71",
"1400000US12011060214","Census Tract 602.14; Broward County; Florida","1454","361","1369","367","85","73",
"1400000US12011060215","Census Tract 602.15; Broward County; Florida","1559","439","1234","445","325","123",
"1400000US12011060302","Census Tract 603.02; Broward County; Florida","2379","291","646","223","1733","299",
"1400000US12011060303","Census Tract 603.03; Broward County; Florida","2671","259","353","161","2318","297",
"1400000US12011060304","Census Tract 603.04; Broward County; Florida","974","149","273","99","701","148",
"1400000US12011060305","Census Tract 603.05; Broward County; Florida","988","78","420","148","568","140",
"1400000US12011060306","Census Tract 603.06; Broward County; Florida","1123","144","726","165","397","134",
"1400000US12011060401","Census Tract 604.01; Broward County; Florida","1756","219","1289","243","467","123",
"1400000US12011060402","Census Tract 604.02; Broward County; Florida","2365","290","1139","302","1226","301",
"1400000US12011060404","Census Tract 604.04; Broward County; Florida","798","89","523","93","275","103",
"1400000US12011060405","Census Tract 604.05; Broward County; Florida","1710","471","419","151","1291","482",
"1400000US12011060501","Census Tract 605.01; Broward County; Florida","2615","257","1588","296","1027","248",
"1400000US12011060503","Census Tract 605.03; Broward County; Florida","1838","238","1214","153","624","241",
"1400000US12011060504","Census Tract 605.04; Broward County; Florida","1803","210","1692","205","111","109",
"1400000US12011060505","Census Tract 605.05; Broward County; Florida","2660","335","1540","302","1120","219",
"1400000US12011060603","Census Tract 606.03; Broward County; Florida","1875","226","964","122","911","238",
"1400000US12011060605","Census Tract 606.05; Broward County; Florida","2144","332","610","326","1534","237",
"1400000US12011060606","Census Tract 606.06; Broward County; Florida","2447","208","1414","223","1033","255",
"1400000US12011060607","Census Tract 606.07; Broward County; Florida","900","87","894","86","6","10",
"1400000US12011060608","Census Tract 606.08; Broward County; Florida","3160","402","1743","317","1417","359",
"1400000US12011060609","Census Tract 606.09; Broward County; Florida","1493","171","761","134","732","188",
"1400000US12011060700","Census Tract 607; Broward County; Florida","1066","152","996","149","70","57",
"1400000US12011060801","Census Tract 608.01; Broward County; Florida","602","44","502","63","100","46",
"1400000US12011060802","Census Tract 608.02; Broward County; Florida","2532","330","1413","379","1119","268",
"1400000US12011060900","Census Tract 609; Broward County; Florida","1460","217","1390","206","70","42",
"1400000US12011061001","Census Tract 610.01; Broward County; Florida","2229","312","2176","314","53","54",
"1400000US12011061003","Census Tract 610.03; Broward County; Florida","1224","118","1102","139","122","84",
"1400000US12011061004","Census Tract 610.04; Broward County; Florida","2967","358","1012","211","1955","305",
"1400000US12011061100","Census Tract 611; Broward County; Florida","2491","312","1582","345","909","290",
"1400000US12011070102","Census Tract 701.02; Broward County; Florida","540","72","511","73","29","27",
"1400000US12011070103","Census Tract 701.03; Broward County; Florida","2517","444","285","100","2232","442",
"1400000US12011070104","Census Tract 701.04; Broward County; Florida","2081","222","967","249","1114","207",
"1400000US12011070204","Census Tract 702.04; Broward County; Florida","1856","230","733","226","1123","244",
"1400000US12011070205","Census Tract 702.05; Broward County; Florida","2151","370","1984","367","167","115",
"1400000US12011070208","Census Tract 702.08; Broward County; Florida","2429","316","2025","316","404","144",
"1400000US12011070209","Census Tract 702.09; Broward County; Florida","1710","132","1627","141","83","57",
"1400000US12011070210","Census Tract 702.10; Broward County; Florida","1797","194","1562","196","235","98",
"1400000US12011070211","Census Tract 702.11; Broward County; Florida","2375","320","1568","361","807","198",
"1400000US12011070212","Census Tract 702.12; Broward County; Florida","1686","267","1353","250","333","135",
"1400000US12011070213","Census Tract 702.13; Broward County; Florida","1305","187","889","187","416","173",
"1400000US12011070304","Census Tract 703.04; Broward County; Florida","2766","502","2351","359","415","402",
"1400000US12011070306","Census Tract 703.06; Broward County; Florida","2499","306","2452","315","47","58",
"1400000US12011070310","Census Tract 703.10; Broward County; Florida","1440","311","1174","331","266","158",
"1400000US12011070311","Census Tract 703.11; Broward County; Florida","1898","171","1451","161","447","149",
"1400000US12011070312","Census Tract 703.12; Broward County; Florida","2410","288","1786","260","624","204",
"1400000US12011070314","Census Tract 703.14; Broward County; Florida","1532","190","1513","188","19","24",
"1400000US12011070315","Census Tract 703.15; Broward County; Florida","1626","114","1507","161","119","100",
"1400000US12011070316","Census Tract 703.16; Broward County; Florida","1705","172","1567","178","138","101",
"1400000US12011070318","Census Tract 703.18; Broward County; Florida","2080","259","1848","262","232","94",
"1400000US12011070319","Census Tract 703.19; Broward County; Florida","1240","74","1120","92","120","58",
"1400000US12011070320","Census Tract 703.20; Broward County; Florida","2350","345","1705","297","645","326",
"1400000US12011070321","Census Tract 703.21; Broward County; Florida","1152","202","939","202","213","101",
"1400000US12011070323","Census Tract 703.23; Broward County; Florida","1014","214","792","139","222","188",
"1400000US12011070324","Census Tract 703.24; Broward County; Florida","1960","214","1611","173","349","193",
"1400000US12011070325","Census Tract 703.25; Broward County; Florida","1798","415","949","199","849","382",
"1400000US12011070326","Census Tract 703.26; Broward County; Florida","1951","230","1664","243","287","107",
"1400000US12011070327","Census Tract 703.27; Broward County; Florida","2200","310","1104","224","1096","335",
"1400000US12011070328","Census Tract 703.28; Broward County; Florida","559","89","196","53","363","101",
"1400000US12011070329","Census Tract 703.29; Broward County; Florida","912","141","733","174","179","92",
"1400000US12011070330","Census Tract 703.30; Broward County; Florida","1000","109","762","104","238","94",
"1400000US12011070331","Census Tract 703.31; Broward County; Florida","2289","405","1696","452","593","209",
"1400000US12011070401","Census Tract 704.01; Broward County; Florida","1911","208","1780","202","131","118",
"1400000US12011070402","Census Tract 704.02; Broward County; Florida","1143","114","1113","112","30","27",
"1400000US12011070403","Census Tract 704.03; Broward County; Florida","1813","212","1329","184","484","230",
"1400000US12011070404","Census Tract 704.04; Broward County; Florida","1172","189","1142","197","30","41",
"1400000US12011070405","Census Tract 704.05; Broward County; Florida","1741","244","1628","238","113","59",
"1400000US12011070501","Census Tract 705.01; Broward County; Florida","1811","178","1710","188","101","59",
"1400000US12011070503","Census Tract 705.03; Broward County; Florida","2395","216","1367","224","1028","251",
"1400000US12011070504","Census Tract 705.04; Broward County; Florida","1705","336","190","140","1515","340",
"1400000US12011070601","Census Tract 706.01; Broward County; Florida","1823","194","760","165","1063","224",
"1400000US12011070602","Census Tract 706.02; Broward County; Florida","3171","401","1505","363","1666","347",
"1400000US12011080102","Census Tract 801.02; Broward County; Florida","1873","265","708","201","1165","255",
"1400000US12011080103","Census Tract 801.03; Broward County; Florida","697","98","164","49","533","94",
"1400000US12011080104","Census Tract 801.04; Broward County; Florida","1201","207","712","137","489","194",
"1400000US12011080105","Census Tract 801.05; Broward County; Florida","1592","367","781","289","811","324",
"1400000US12011080200","Census Tract 802; Broward County; Florida","755","90","402","102","353","83",
"1400000US12011080402","Census Tract 804.02; Broward County; Florida","1305","246","968","256","337","168",
"1400000US12011080403","Census Tract 804.03; Broward County; Florida","2167","231","1253","222","914","248",
"1400000US12011080405","Census Tract 804.05; Broward County; Florida","1052","173","469","169","583","142",
"1400000US12011080406","Census Tract 804.06; Broward County; Florida","2122","384","1478","228","644","345",
"1400000US12011080500","Census Tract 805; Broward County; Florida","3044","589","685","334","2359","530",
"1400000US12011090102","Census Tract 901.02; Broward County; Florida","1036","203","547","108","489","194",
"1400000US12011090103","Census Tract 901.03; Broward County; Florida","1078","233","915","215","163","109",
"1400000US12011090104","Census Tract 901.04; Broward County; Florida","2098","305","1396","276","702","251",
"1400000US12011090200","Census Tract 902; Broward County; Florida","1564","194","1379","209","185","90",
"1400000US12011090301","Census Tract 903.01; Broward County; Florida","1039","168","312","101","727","183",
"1400000US12011090303","Census Tract 903.03; Broward County; Florida","1081","170","119","41","962","179",
"1400000US12011090304","Census Tract 903.04; Broward County; Florida","2552","577","966","176","1586","596",
"1400000US12011090401","Census Tract 904.01; Broward County; Florida","1915","251","717","180","1198","222",
"1400000US12011090403","Census Tract 904.03; Broward County; Florida","1720","248","287","106","1433","248",
"1400000US12011090404","Census Tract 904.04; Broward County; Florida","1851","235","851","256","1000","161",
"1400000US12011090502","Census Tract 905.02; Broward County; Florida","2631","317","1977","330","654","187",
"1400000US12011090503","Census Tract 905.03; Broward County; Florida","1125","201","1076","200","49","60",
"1400000US12011090504","Census Tract 905.04; Broward County; Florida","1255","169","458","99","797","176",
"1400000US12011090601","Census Tract 906.01; Broward County; Florida","992","107","761","126","231","71",
"1400000US12011090602","Census Tract 906.02; Broward County; Florida","2624","321","1982","345","642","224",
"1400000US12011090700","Census Tract 907; Broward County; Florida","2576","378","1975","407","601","236",
"1400000US12011090801","Census Tract 908.01; Broward County; Florida","1347","110","1145","132","202","116",
"1400000US12011090802","Census Tract 908.02; Broward County; Florida","2134","464","1457","307","677","361",
"1400000US12011090900","Census Tract 909; Broward County; Florida","1747","196","1641","196","106","68",
"1400000US12011091000","Census Tract 910; Broward County; Florida","1532","181","1167","175","365","156",
"1400000US12011091100","Census Tract 911; Broward County; Florida","2497","267","836","202","1661","309",
"1400000US12011091201","Census Tract 912.01; Broward County; Florida","2019","353","1279","336","740","206",
"1400000US12011091202","Census Tract 912.02; Broward County; Florida","1523","188","1096","168","427","205",
"1400000US12011091300","Census Tract 913; Broward County; Florida","1297","212","1190","228","107","83",
"1400000US12011091400","Census Tract 914; Broward County; Florida","2034","163","1136","163","898","172",
"1400000US12011091500","Census Tract 915; Broward County; Florida","1686","219","991","127","695","248",
"1400000US12011091601","Census Tract 916.01; Broward County; Florida","2159","224","1768","258","391","176",
"1400000US12011091602","Census Tract 916.02; Broward County; Florida","1595","244","847","170","748","208",
"1400000US12011091701","Census Tract 917.01; Broward County; Florida","1569","233","964","167","605","202",
"1400000US12011091702","Census Tract 917.02; Broward County; Florida","2172","370","947","210","1225","384",
"1400000US12011091802","Census Tract 918.02; Broward County; Florida","1097","97","662","107","435","125",
"1400000US12011091803","Census Tract 918.03; Broward County; Florida","1645","312","915","356","730","176",
"1400000US12011091804","Census Tract 918.04; Broward County; Florida","1100","183","420","161","680","162",
"1400000US12011091901","Census Tract 919.01; Broward County; Florida","1898","239","900","115","998","234",
"1400000US12011091903","Census Tract 919.03; Broward County; Florida","1795","244","474","188","1321","284",
"1400000US12011091904","Census Tract 919.04; Broward County; Florida","901","172","168","77","733","178",
"1400000US12011092000","Census Tract 920; Broward County; Florida","1340","181","1075","184","265","123",
"1400000US12011100103","Census Tract 1001.03; Broward County; Florida","2157","437","1507","409","650","189",
"1400000US12011100104","Census Tract 1001.04; Broward County; Florida","1880","325","1486","342","394","192",
"1400000US12011100105","Census Tract 1001.05; Broward County; Florida","1545","278","1147","228","398","157",
"1400000US12011100106","Census Tract 1001.06; Broward County; Florida","1702","311","877","154","825","301",
"1400000US12011100107","Census Tract 1001.07; Broward County; Florida","1095","161","716","163","379","128",
"1400000US12011100108","Census Tract 1001.08; Broward County; Florida","1268","201","786","201","482","171",
"1400000US12011100201","Census Tract 1002.01; Broward County; Florida","1052","172","302","106","750","165",
"1400000US12011100203","Census Tract 1002.03; Broward County; Florida","1486","277","949","199","537","241",
"1400000US12011100204","Census Tract 1002.04; Broward County; Florida","1413","187","598","161","815","198",
"1400000US12011100301","Census Tract 1003.01; Broward County; Florida","1525","339","899","303","626","325",
"1400000US12011100302","Census Tract 1003.02; Broward County; Florida","1032","231","313","130","719","229",
"1400000US12011100400","Census Tract 1004; Broward County; Florida","2119","248","529","158","1590","252",
"1400000US12011100501","Census Tract 1005.01; Broward County; Florida","451","85","197","80","254","73",
"1400000US12011100502","Census Tract 1005.02; Broward County; Florida","1983","261","1184","237","799","172",
"1400000US12011100600","Census Tract 1006; Broward County; Florida","1578","199","1155","208","423","152",
"1400000US12011100700","Census Tract 1007; Broward County; Florida","1903","216","884","164","1019","290",
"1400000US12011100801","Census Tract 1008.01; Broward County; Florida","1205","173","374","115","831","190",
"1400000US12011100803","Census Tract 1008.03; Broward County; Florida","940","147","738","186","202","130",
"1400000US12011100804","Census Tract 1008.04; Broward County; Florida","1543","201","213","129","1330","192",
"1400000US12011110100","Census Tract 1101; Broward County; Florida","1965","210","1640","260","325","135",
"1400000US12011110301","Census Tract 1103.01; Broward County; Florida","1997","169","1635","158","362","188",
"1400000US12011110303","Census Tract 1103.03; Broward County; Florida","1280","96","1193","117","87","70",
"1400000US12011110307","Census Tract 1103.07; Broward County; Florida","1925","218","1749","228","176","96",
"1400000US12011110308","Census Tract 1103.08; Broward County; Florida","2225","205","1463","195","762","262",
"1400000US12011110309","Census Tract 1103.09; Broward County; Florida","3097","490","2623","485","474","247",
"1400000US12011110311","Census Tract 1103.11; Broward County; Florida","2688","472","1739","346","949","482",
"1400000US12011110312","Census Tract 1103.12; Broward County; Florida","2590","270","1305","244","1285","285",
"1400000US12011110313","Census Tract 1103.13; Broward County; Florida","1762","126","1073","170","689","175",
"1400000US12011110319","Census Tract 1103.19; Broward County; Florida","1880","160","1696","150","184","94",
"1400000US12011110321","Census Tract 1103.21; Broward County; Florida","1722","199","1541","214","181","118",
"1400000US12011110323","Census Tract 1103.23; Broward County; Florida","2511","372","1452","407","1059","268",
"1400000US12011110326","Census Tract 1103.26; Broward County; Florida","1369","212","1329","210","40","39",
"1400000US12011110327","Census Tract 1103.27; Broward County; Florida","1879","179","1272","182","607","185",
"1400000US12011110328","Census Tract 1103.28; Broward County; Florida","1996","206","1372","228","624","185",
"1400000US12011110330","Census Tract 1103.30; Broward County; Florida","1170","173","1061","176","109","74",
"1400000US12011110332","Census Tract 1103.32; Broward County; Florida","2235","195","1933","228","302","179",
"1400000US12011110333","Census Tract 1103.33; Broward County; Florida","2041","322","1775","339","266","165",
"1400000US12011110334","Census Tract 1103.34; Broward County; Florida","2292","257","1680","250","612","142",
"1400000US12011110337","Census Tract 1103.37; Broward County; Florida","3671","293","757","358","2914","321",
"1400000US12011110338","Census Tract 1103.38; Broward County; Florida","1748","238","1008","219","740","201",
"1400000US12011110339","Census Tract 1103.39; Broward County; Florida","2188","226","1681","293","507","173",
"1400000US12011110341","Census Tract 1103.41; Broward County; Florida","1350","118","602","101","748","162",
"1400000US12011110344","Census Tract 1103.44; Broward County; Florida","1246","283","1134","283","112","87",
"1400000US12011110345","Census Tract 1103.45; Broward County; Florida","1472","113","1299","135","173","107",
"1400000US12011110346","Census Tract 1103.46; Broward County; Florida","1990","257","805","222","1185","241",
"1400000US12011110347","Census Tract 1103.47; Broward County; Florida","1788","458","1538","359","250","313",
"1400000US12011110348","Census Tract 1103.48; Broward County; Florida","2329","154","649","223","1680","244",
"1400000US12011110349","Census Tract 1103.49; Broward County; Florida","1486","169","695","173","791","215",
"1400000US12011110350","Census Tract 1103.50; Broward County; Florida","914","163","851","168","63","42",
"1400000US12011110351","Census Tract 1103.51; Broward County; Florida","1924","238","1488","243","436","132",
"1400000US12011110352","Census Tract 1103.52; Broward County; Florida","1181","137","696","150","485","137",
"1400000US12011110353","Census Tract 1103.53; Broward County; Florida","2592","513","526","169","2066","556",
"1400000US12011110354","Census Tract 1103.54; Broward County; Florida","3407","472","1690","460","1717","464",
"1400000US12011110355","Census Tract 1103.55; Broward County; Florida","3581","858","2896","816","685","374",
"1400000US12011110356","Census Tract 1103.56; Broward County; Florida","1695","438","1376","389","319","181",
"1400000US12011110357","Census Tract 1103.57; Broward County; Florida","2200","283","2037","321","163","145",
"1400000US12011110358","Census Tract 1103.58; Broward County; Florida","1764","357","1694","354","70","80",
"1400000US12011110359","Census Tract 1103.59; Broward County; Florida","1670","207","1337","236","333","168",
"1400000US12011110360","Census Tract 1103.60; Broward County; Florida","1473","267","1385","264","88","80",
"1400000US12011110361","Census Tract 1103.61; Broward County; Florida","3100","367","2854","362","246","228",
"1400000US12011110362","Census Tract 1103.62; Broward County; Florida","2674","723","1601","520","1073","527",
"1400000US12011110363","Census Tract 1103.63; Broward County; Florida","1554","510","1478","513","76","59",
"1400000US12011110364","Census Tract 1103.64; Broward County; Florida","2378","293","1817","277","561","196",
"1400000US12011110365","Census Tract 1103.65; Broward County; Florida","2535","207","1333","340","1202","289",
"1400000US12011110366","Census Tract 1103.66; Broward County; Florida","1931","609","953","219","978","615",
"1400000US12011110367","Census Tract 1103.67; Broward County; Florida","2741","383","920","183","1821","403",
"1400000US12011110368","Census Tract 1103.68; Broward County; Florida","964","81","951","86","13","22",
"1400000US12011110402","Census Tract 1104.02; Broward County; Florida","1388","246","1287","240","101","75",
"1400000US12011110403","Census Tract 1104.03; Broward County; Florida","1445","79","1243","124","202","114",
"1400000US12011110404","Census Tract 1104.04; Broward County; Florida","2004","317","1495","305","509","158",
"1400000US12011110501","Census Tract 1105.01; Broward County; Florida","1083","167","934","181","149","72",
"1400000US12011110502","Census Tract 1105.02; Broward County; Florida","1662","231","1440","244","222","117",
"1400000US12011110600","Census Tract 1106; Broward County; Florida","2298","405","678","197","1620","429",
"1400000US12011980000","Census Tract 9800; Broward County; Florida","0","15","0","15","0","15",
"1400000US12011990000","Census Tract 9900; Broward County; Florida","0","15","0","15","0","15",
"1400000US12013010100","Census Tract 101; Calhoun County; Florida","837","139","716","135","121","55",
"1400000US12013010200","Census Tract 102; Calhoun County; Florida","1439","150","1295","148","144","72",
"1400000US12013010301","Census Tract 103.01; Calhoun County; Florida","1418","220","1017","222","401","151",
"1400000US12013010302","Census Tract 103.02; Calhoun County; Florida","942","156","624","123","318","122",
"1400000US12015010100","Census Tract 101; Charlotte County; Florida","2428","216","2182","242","246","151",
"1400000US12015010200","Census Tract 102; Charlotte County; Florida","2419","396","1981","373","438","177",
"1400000US12015010301","Census Tract 103.01; Charlotte County; Florida","1870","258","1540","267","330","114",
"1400000US12015010302","Census Tract 103.02; Charlotte County; Florida","2422","304","1252","271","1170","231",
"1400000US12015010401","Census Tract 104.01; Charlotte County; Florida","1619","198","1471","193","148","72",
"1400000US12015010402","Census Tract 104.02; Charlotte County; Florida","1439","193","1285","181","154","104",
"1400000US12015010405","Census Tract 104.05; Charlotte County; Florida","3602","291","3320","289","282","161",
"1400000US12015010503","Census Tract 105.03; Charlotte County; Florida","1691","352","1575","348","116","93",
"1400000US12015010504","Census Tract 105.04; Charlotte County; Florida","906","149","833","151","73","56",
"1400000US12015010505","Census Tract 105.05; Charlotte County; Florida","2622","346","2317","360","305","161",
"1400000US12015010506","Census Tract 105.06; Charlotte County; Florida","1227","186","1213","184","14","20",
"1400000US12015020101","Census Tract 201.01; Charlotte County; Florida","3929","448","2700","442","1229","237",
"1400000US12015020103","Census Tract 201.03; Charlotte County; Florida","2915","286","2655","307","260","133",
"1400000US12015020104","Census Tract 201.04; Charlotte County; Florida","1638","225","1028","177","610","175",
"1400000US12015020203","Census Tract 202.03; Charlotte County; Florida","1890","207","1576","225","314","143",
"1400000US12015020204","Census Tract 202.04; Charlotte County; Florida","1671","227","1532","268","139","91",
"1400000US12015020205","Census Tract 202.05; Charlotte County; Florida","2092","394","1956","396","136","94",
"1400000US12015020206","Census Tract 202.06; Charlotte County; Florida","1240","165","1210","168","30","40",
"1400000US12015020301","Census Tract 203.01; Charlotte County; Florida","2826","297","2377","343","449","182",
"1400000US12015020302","Census Tract 203.02; Charlotte County; Florida","1777","258","1477","278","300","103",
"1400000US12015020303","Census Tract 203.03; Charlotte County; Florida","2333","273","1866","281","467","190",
"1400000US12015020401","Census Tract 204.01; Charlotte County; Florida","1866","360","1703","362","163","107",
"1400000US12015020402","Census Tract 204.02; Charlotte County; Florida","3051","258","2823","254","228","136",
"1400000US12015020501","Census Tract 205.01; Charlotte County; Florida","2414","207","2203","226","211","125",
"1400000US12015020502","Census Tract 205.02; Charlotte County; Florida","852","236","815","242","37","41",
"1400000US12015020601","Census Tract 206.01; Charlotte County; Florida","1231","151","1034","167","197","103",
"1400000US12015020602","Census Tract 206.02; Charlotte County; Florida","1629","264","1284","285","345","129",
"1400000US12015020700","Census Tract 207; Charlotte County; Florida","2462","357","1452","304","1010","392",
"1400000US12015020800","Census Tract 208; Charlotte County; Florida","2030","289","1460","258","570","158",
"1400000US12015020900","Census Tract 209; Charlotte County; Florida","2808","338","2414","335","394","186",
"1400000US12015021001","Census Tract 210.01; Charlotte County; Florida","905","125","774","130","131","79",
"1400000US12015021002","Census Tract 210.02; Charlotte County; Florida","1744","250","1618","237","126","78",
"1400000US12015021003","Census Tract 210.03; Charlotte County; Florida","1816","317","810","215","1006","264",
"1400000US12015030101","Census Tract 301.01; Charlotte County; Florida","1731","318","1495","339","236","132",
"1400000US12015030102","Census Tract 301.02; Charlotte County; Florida","1892","215","1609","217","283","135",
"1400000US12015030201","Census Tract 302.01; Charlotte County; Florida","2542","262","2016","269","526","223",
"1400000US12015030202","Census Tract 302.02; Charlotte County; Florida","1276","223","1170","231","106","65",
"1400000US12015030301","Census Tract 303.01; Charlotte County; Florida","1553","315","1404","324","149","86",
"1400000US12015030302","Census Tract 303.02; Charlotte County; Florida","1677","210","1506","201","171","88",
"1400000US12015030401","Census Tract 304.01; Charlotte County; Florida","1206","207","928","166","278","145",
"1400000US12015030402","Census Tract 304.02; Charlotte County; Florida","1134","387","1101","376","33","31",
"1400000US12015030501","Census Tract 305.01; Charlotte County; Florida","3282","335","3131","330","151","90",
"1400000US12015030504","Census Tract 305.04; Charlotte County; Florida","701","213","548","147","153","156",
"1400000US12015030505","Census Tract 305.05; Charlotte County; Florida","2725","377","2152","299","573","245",
"1400000US12015030506","Census Tract 305.06; Charlotte County; Florida","1860","226","1590","196","270","178",
"1400000US12015030507","Census Tract 305.07; Charlotte County; Florida","1599","171","1491","162","108","56",
"1400000US12015990000","Census Tract 9900; Charlotte County; Florida","0","15","0","15","0","15",
"1400000US12017450103","Census Tract 4501.03; Citrus County; Florida","2149","253","1855","256","294","164",
"1400000US12017450104","Census Tract 4501.04; Citrus County; Florida","1178","117","1145","112","33","33",
"1400000US12017450105","Census Tract 4501.05; Citrus County; Florida","1199","214","962","160","237","188",
"1400000US12017450106","Census Tract 4501.06; Citrus County; Florida","1395","221","1094","223","301","136",
"1400000US12017450201","Census Tract 4502.01; Citrus County; Florida","1918","233","1415","198","503","149",
"1400000US12017450202","Census Tract 4502.02; Citrus County; Florida","2651","341","1734","288","917","320",
"1400000US12017450305","Census Tract 4503.05; Citrus County; Florida","1383","172","1014","149","369","158",
"1400000US12017450306","Census Tract 4503.06; Citrus County; Florida","1433","196","1005","172","428","193",
"1400000US12017450307","Census Tract 4503.07; Citrus County; Florida","2283","219","2142","225","141","88",
"1400000US12017450308","Census Tract 4503.08; Citrus County; Florida","2441","360","2402","358","39","49",
"1400000US12017450309","Census Tract 4503.09; Citrus County; Florida","2571","291","2259","260","312","127",
"1400000US12017450310","Census Tract 4503.10; Citrus County; Florida","1911","157","1597","199","314","126",
"1400000US12017450401","Census Tract 4504.01; Citrus County; Florida","1475","243","1188","233","287","136",
"1400000US12017450402","Census Tract 4504.02; Citrus County; Florida","1947","351","1627","363","320","187",
"1400000US12017450501","Census Tract 4505.01; Citrus County; Florida","1007","220","786","205","221","94",
"1400000US12017450502","Census Tract 4505.02; Citrus County; Florida","1089","237","955","234","134","74",
"1400000US12017450601","Census Tract 4506.01; Citrus County; Florida","2214","283","2005","292","209","102",
"1400000US12017450602","Census Tract 4506.02; Citrus County; Florida","2367","406","1803","435","564","223",
"1400000US12017450703","Census Tract 4507.03; Citrus County; Florida","2764","341","2483","341","281","130",
"1400000US12017450704","Census Tract 4507.04; Citrus County; Florida","1775","499","1676","501","99","69",
"1400000US12017450705","Census Tract 4507.05; Citrus County; Florida","2197","195","1920","202","277","150",
"1400000US12017450706","Census Tract 4507.06; Citrus County; Florida","1551","205","1183","209","368","188",
"1400000US12017450800","Census Tract 4508; Citrus County; Florida","2159","360","1750","378","409","157",
"1400000US12017450901","Census Tract 4509.01; Citrus County; Florida","1644","202","1446","204","198","94",
"1400000US12017450902","Census Tract 4509.02; Citrus County; Florida","1316","214","993","175","323","150",
"1400000US12017451001","Census Tract 4510.01; Citrus County; Florida","1326","220","968","237","358","153",
"1400000US12017451002","Census Tract 4510.02; Citrus County; Florida","1660","218","1433","227","227","126",
"1400000US12017451101","Census Tract 4511.01; Citrus County; Florida","1105","119","990","129","115","58",
"1400000US12017451103","Census Tract 4511.03; Citrus County; Florida","1485","242","1310","241","175","113",
"1400000US12017451104","Census Tract 4511.04; Citrus County; Florida","1445","177","1322","189","123","77",
"1400000US12017451200","Census Tract 4512; Citrus County; Florida","1796","299","1518","230","278","185",
"1400000US12017451300","Census Tract 4513; Citrus County; Florida","1515","308","1453","311","62","41",
"1400000US12017451400","Census Tract 4514; Citrus County; Florida","2120","253","1760","191","360","172",
"1400000US12017451501","Census Tract 4515.01; Citrus County; Florida","1317","137","1194","127","123","82",
"1400000US12017451502","Census Tract 4515.02; Citrus County; Florida","2808","362","2275","381","533","220",
"1400000US12017451603","Census Tract 4516.03; Citrus County; Florida","880","102","784","108","96","58",
"1400000US12017451604","Census Tract 4516.04; Citrus County; Florida","1983","176","1907","187","76","82",
"1400000US12017451605","Census Tract 4516.05; Citrus County; Florida","1228","197","1158","202","70","52",
"1400000US12017451606","Census Tract 4516.06; Citrus County; Florida","2435","249","2345","232","90","70",
"1400000US12017451701","Census Tract 4517.01; Citrus County; Florida","861","150","839","148","22","25",
"1400000US12017451702","Census Tract 4517.02; Citrus County; Florida","1310","251","1063","169","247","209",
"1400000US12017990000","Census Tract 9900; Citrus County; Florida","0","15","0","15","0","15",
"1400000US12019030103","Census Tract 301.03; Clay County; Florida","2200","258","1718","291","482","224",
"1400000US12019030104","Census Tract 301.04; Clay County; Florida","1327","167","1253","179","74","69",
"1400000US12019030105","Census Tract 301.05; Clay County; Florida","1362","388","1143","387","219","110",
"1400000US12019030106","Census Tract 301.06; Clay County; Florida","1876","292","1632","317","244","139",
"1400000US12019030204","Census Tract 302.04; Clay County; Florida","2703","282","2317","283","386","230",
"1400000US12019030205","Census Tract 302.05; Clay County; Florida","5970","546","4976","613","994","361",
"1400000US12019030206","Census Tract 302.06; Clay County; Florida","2527","368","1873","256","654","328",
"1400000US12019030207","Census Tract 302.07; Clay County; Florida","2390","199","2022","293","368","239",
"1400000US12019030208","Census Tract 302.08; Clay County; Florida","1213","150","825","189","388","137",
"1400000US12019030209","Census Tract 302.09; Clay County; Florida","1784","156","1180","220","604","146",
"1400000US12019030210","Census Tract 302.10; Clay County; Florida","1847","462","1322","258","525","396",
"1400000US12019030303","Census Tract 303.03; Clay County; Florida","1300","195","583","142","717","177",
"1400000US12019030304","Census Tract 303.04; Clay County; Florida","1900","197","916","198","984","239",
"1400000US12019030305","Census Tract 303.05; Clay County; Florida","2496","362","1112","350","1384","256",
"1400000US12019030306","Census Tract 303.06; Clay County; Florida","998","234","918","226","80","56",
"1400000US12019030400","Census Tract 304; Clay County; Florida","837","117","464","82","373","120",
"1400000US12019030500","Census Tract 305; Clay County; Florida","1058","141","627","143","431","137",
"1400000US12019030600","Census Tract 306; Clay County; Florida","2006","269","993","281","1013","217",
"1400000US12019030701","Census Tract 307.01; Clay County; Florida","3315","437","3225","439","90","61",
"1400000US12019030704","Census Tract 307.04; Clay County; Florida","1902","233","1857","241","45","40",
"1400000US12019030705","Census Tract 307.05; Clay County; Florida","2288","229","1952","229","336","127",
"1400000US12019030706","Census Tract 307.06; Clay County; Florida","1356","202","652","211","704","149",
"1400000US12019030707","Census Tract 307.07; Clay County; Florida","2918","440","2407","436","511","162",
"1400000US12019030708","Census Tract 307.08; Clay County; Florida","1427","274","951","171","476","257",
"1400000US12019030801","Census Tract 308.01; Clay County; Florida","2173","319","1862","361","311","144",
"1400000US12019030802","Census Tract 308.02; Clay County; Florida","2347","280","1735","267","612","177",
"1400000US12019030903","Census Tract 309.03; Clay County; Florida","1682","253","1190","265","492","137",
"1400000US12019030904","Census Tract 309.04; Clay County; Florida","2709","219","1703","246","1006","233",
"1400000US12019030905","Census Tract 309.05; Clay County; Florida","1996","159","1555","168","441","185",
"1400000US12019030906","Census Tract 309.06; Clay County; Florida","1942","288","997","309","945","234",
"1400000US12019031101","Census Tract 311.01; Clay County; Florida","1157","128","1071","130","86","74",
"1400000US12019031104","Census Tract 311.04; Clay County; Florida","1544","215","1311","229","233","98",
"1400000US12019031105","Census Tract 311.05; Clay County; Florida","739","104","665","102","74","74",
"1400000US12019031108","Census Tract 311.08; Clay County; Florida","621","107","492","88","129","72",
"1400000US12019031109","Census Tract 311.09; Clay County; Florida","1128","158","821","157","307","127",
"1400000US12019031110","Census Tract 311.10; Clay County; Florida","2001","309","1804","312","197","97",
"1400000US12019031201","Census Tract 312.01; Clay County; Florida","1200","163","703","109","497","167",
"1400000US12019031202","Census Tract 312.02; Clay County; Florida","3721","407","3164","480","557","220",
"1400000US12019031203","Census Tract 312.03; Clay County; Florida","2388","616","2324","619","64","39",
"1400000US12019031301","Census Tract 313.01; Clay County; Florida","1210","242","1149","256","61","51",
"1400000US12019031302","Census Tract 313.02; Clay County; Florida","1342","139","1278","135","64","43",
"1400000US12019031303","Census Tract 313.03; Clay County; Florida","1360","265","705","122","655","300",
"1400000US12019031400","Census Tract 314; Clay County; Florida","2185","215","1044","271","1141","259",
"1400000US12019031500","Census Tract 315; Clay County; Florida","1114","141","908","134","206","125",
"1400000US12019980000","Census Tract 9800; Clay County; Florida","148","45","123","44","25","16",
"1400000US12021000101","Census Tract 1.01; Collier County; Florida","848","244","741","243","107","45",
"1400000US12021000102","Census Tract 1.02; Collier County; Florida","795","155","643","102","152","139",
"1400000US12021000200","Census Tract 2; Collier County; Florida","811","178","634","172","177","68",
"1400000US12021000301","Census Tract 3.01; Collier County; Florida","1545","234","1464","222","81","67",
"1400000US12021000302","Census Tract 3.02; Collier County; Florida","551","90","482","78","69","49",
"1400000US12021000401","Census Tract 4.01; Collier County; Florida","1314","198","1252","199","62","45",
"1400000US12021000402","Census Tract 4.02; Collier County; Florida","1130","401","839","187","291","376",
"1400000US12021000500","Census Tract 5; Collier County; Florida","821","195","812","194","9","17",
"1400000US12021000600","Census Tract 6; Collier County; Florida","552","96","502","85","50","33",
"1400000US12021000700","Census Tract 7; Collier County; Florida","580","105","298","76","282","84",
"1400000US12021010102","Census Tract 101.02; Collier County; Florida","2924","382","2590","393","334","188",
"1400000US12021010107","Census Tract 101.07; Collier County; Florida","2007","324","1347","167","660","340",
"1400000US12021010108","Census Tract 101.08; Collier County; Florida","1379","340","1167","296","212","150",
"1400000US12021010109","Census Tract 101.09; Collier County; Florida","658","109","499","108","159","70",
"1400000US12021010110","Census Tract 101.10; Collier County; Florida","1669","275","996","218","673","232",
"1400000US12021010111","Census Tract 101.11; Collier County; Florida","1641","305","1174","192","467","272",
"1400000US12021010112","Census Tract 101.12; Collier County; Florida","1076","162","368","106","708","147",
"1400000US12021010113","Census Tract 101.13; Collier County; Florida","1569","330","1190","362","379","120",
"1400000US12021010114","Census Tract 101.14; Collier County; Florida","1019","156","897","167","122","66",
"1400000US12021010205","Census Tract 102.05; Collier County; Florida","1386","218","1282","220","104","77",
"1400000US12021010208","Census Tract 102.08; Collier County; Florida","1855","244","1750","249","105","49",
"1400000US12021010209","Census Tract 102.09; Collier County; Florida","1562","290","1452","281","110","82",
"1400000US12021010210","Census Tract 102.10; Collier County; Florida","1938","226","1180","201","758","177",
"1400000US12021010211","Census Tract 102.11; Collier County; Florida","1191","161","789","112","402","159",
"1400000US12021010213","Census Tract 102.13; Collier County; Florida","2029","205","1741","187","288","114",
"1400000US12021010215","Census Tract 102.15; Collier County; Florida","1694","179","1601","180","93","66",
"1400000US12021010216","Census Tract 102.16; Collier County; Florida","1593","168","649","151","944","134",
"1400000US12021010217","Census Tract 102.17; Collier County; Florida","1138","189","1060","196","78","54",
"1400000US12021010300","Census Tract 103; Collier County; Florida","1733","262","1162","199","571","216",
"1400000US12021010401","Census Tract 104.01; Collier County; Florida","1570","234","964","200","606","155",
"1400000US12021010408","Census Tract 104.08; Collier County; Florida","1127","203","996","109","131","174",
"1400000US12021010411","Census Tract 104.11; Collier County; Florida","2257","257","1736","317","521","185",
"1400000US12021010416","Census Tract 104.16; Collier County; Florida","2533","330","2292","353","241","142",
"1400000US12021010419","Census Tract 104.19; Collier County; Florida","1145","128","742","129","403","130",
"1400000US12021010420","Census Tract 104.20; Collier County; Florida","2042","272","1078","175","964","249",
"1400000US12021010421","Census Tract 104.21; Collier County; Florida","1368","205","541","158","827","210",
"1400000US12021010422","Census Tract 104.22; Collier County; Florida","1225","282","299","87","926","273",
"1400000US12021010423","Census Tract 104.23; Collier County; Florida","3928","361","3413","328","515","202",
"1400000US12021010424","Census Tract 104.24; Collier County; Florida","2171","450","2145","447","26","46",
"1400000US12021010425","Census Tract 104.25; Collier County; Florida","839","173","786","180","53","56",
"1400000US12021010426","Census Tract 104.26; Collier County; Florida","1833","95","1715","139","118","96",
"1400000US12021010427","Census Tract 104.27; Collier County; Florida","421","80","394","81","27","41",
"1400000US12021010428","Census Tract 104.28; Collier County; Florida","2652","611","2321","475","331","360",
"1400000US12021010429","Census Tract 104.29; Collier County; Florida","1052","232","904","242","148","86",
"1400000US12021010430","Census Tract 104.30; Collier County; Florida","2063","404","1301","445","762","179",
"1400000US12021010431","Census Tract 104.31; Collier County; Florida","848","143","795","141","53","60",
"1400000US12021010432","Census Tract 104.32; Collier County; Florida","1728","212","1314","185","414","89",
"1400000US12021010433","Census Tract 104.33; Collier County; Florida","959","265","676","144","283","237",
"1400000US12021010434","Census Tract 104.34; Collier County; Florida","3174","346","1400","295","1774","274",
"1400000US12021010435","Census Tract 104.35; Collier County; Florida","2417","272","2079","351","338","230",
"1400000US12021010436","Census Tract 104.36; Collier County; Florida","3164","253","2477","298","687","323",
"1400000US12021010437","Census Tract 104.37; Collier County; Florida","963","162","850","168","113","72",
"1400000US12021010438","Census Tract 104.38; Collier County; Florida","1889","314","1240","281","649","204",
"1400000US12021010508","Census Tract 105.08; Collier County; Florida","1975","369","1277","233","698","332",
"1400000US12021010511","Census Tract 105.11; Collier County; Florida","1994","293","1333","246","661","179",
"1400000US12021010512","Census Tract 105.12; Collier County; Florida","1100","113","513","131","587","113",
"1400000US12021010513","Census Tract 105.13; Collier County; Florida","1005","143","683","144","322","92",
"1400000US12021010514","Census Tract 105.14; Collier County; Florida","1428","177","1244","182","184","108",
"1400000US12021010515","Census Tract 105.15; Collier County; Florida","1148","415","1066","408","82","79",
"1400000US12021010516","Census Tract 105.16; Collier County; Florida","1245","288","1200","290","45","38",
"1400000US12021010517","Census Tract 105.17; Collier County; Florida","802","215","581","191","221","94",
"1400000US12021010518","Census Tract 105.18; Collier County; Florida","2636","404","2423","395","213","128",
"1400000US12021010519","Census Tract 105.19; Collier County; Florida","1173","210","760","189","413","167",
"1400000US12021010520","Census Tract 105.20; Collier County; Florida","1335","216","702","247","633","212",
"1400000US12021010601","Census Tract 106.01; Collier County; Florida","918","124","416","111","502","127",
"1400000US12021010602","Census Tract 106.02; Collier County; Florida","1659","335","1265","229","394","270",
"1400000US12021010604","Census Tract 106.04; Collier County; Florida","1589","317","1313","282","276","127",
"1400000US12021010605","Census Tract 106.05; Collier County; Florida","1567","182","1269","157","298","105",
"1400000US12021010606","Census Tract 106.06; Collier County; Florida","1256","257","1127","255","129","53",
"1400000US12021010701","Census Tract 107.01; Collier County; Florida","1895","370","841","296","1054","314",
"1400000US12021010702","Census Tract 107.02; Collier County; Florida","2161","399","1495","383","666","166",
"1400000US12021010801","Census Tract 108.01; Collier County; Florida","1731","189","1447","194","284","104",
"1400000US12021010804","Census Tract 108.04; Collier County; Florida","1424","240","1017","273","407","210",
"1400000US12021010805","Census Tract 108.05; Collier County; Florida","1050","319","768","171","282","281",
"1400000US12021010806","Census Tract 108.06; Collier County; Florida","871","101","705","117","166","68",
"1400000US12021010807","Census Tract 108.07; Collier County; Florida","3136","470","1617","402","1519","298",
"1400000US12021010808","Census Tract 108.08; Collier County; Florida","2414","346","2061","303","353","217",
"1400000US12021010902","Census Tract 109.02; Collier County; Florida","1668","260","1433","247","235","96",
"1400000US12021010904","Census Tract 109.04; Collier County; Florida","1136","334","950","325","186","87",
"1400000US12021010905","Census Tract 109.05; Collier County; Florida","1363","243","1218","229","145","109",
"1400000US12021010906","Census Tract 109.06; Collier County; Florida","851","203","805","205","46","40",
"1400000US12021010907","Census Tract 109.07; Collier County; Florida","1332","206","1182","192","150","133",
"1400000US12021011003","Census Tract 110.03; Collier County; Florida","2321","356","2153","359","168","148",
"1400000US12021011103","Census Tract 111.03; Collier County; Florida","1062","197","1002","190","60","63",
"1400000US12021011107","Census Tract 111.07; Collier County; Florida","393","290","357","288","36","30",
"1400000US12021011108","Census Tract 111.08; Collier County; Florida","3576","477","3260","470","316","131",
"1400000US12021011109","Census Tract 111.09; Collier County; Florida","1040","278","1013","276","27","22",
"1400000US12021011110","Census Tract 111.10; Collier County; Florida","821","100","562","81","259","68",
"1400000US12021011111","Census Tract 111.11; Collier County; Florida","1342","271","1248","260","94","97",
"1400000US12021011112","Census Tract 111.12; Collier County; Florida","779","120","695","113","84","43",
"1400000US12021011113","Census Tract 111.13; Collier County; Florida","472","80","412","98","60","71",
"1400000US12021011114","Census Tract 111.14; Collier County; Florida","1810","272","1045","202","765","249",
"1400000US12021011204","Census Tract 112.04; Collier County; Florida","1180","243","302","125","878","251",
"1400000US12021011205","Census Tract 112.05; Collier County; Florida","834","168","100","56","734","155",
"1400000US12021011206","Census Tract 112.06; Collier County; Florida","2549","418","2383","412","166","160",
"1400000US12021011207","Census Tract 112.07; Collier County; Florida","1295","136","1239","145","56","50",
"1400000US12021011208","Census Tract 112.08; Collier County; Florida","2476","331","2010","314","466","199",
"1400000US12021011209","Census Tract 112.09; Collier County; Florida","3581","519","2817","479","764","299",
"1400000US12021011210","Census Tract 112.10; Collier County; Florida","1433","218","1289","213","144","68",
"1400000US12021011211","Census Tract 112.11; Collier County; Florida","1994","427","1612","488","382","225",
"1400000US12021011212","Census Tract 112.12; Collier County; Florida","2040","210","1875","201","165","107",
"1400000US12021011213","Census Tract 112.13; Collier County; Florida","2569","313","2272","283","297","186",
"1400000US12021011214","Census Tract 112.14; Collier County; Florida","1488","469","1441","473","47","58",
"1400000US12021011303","Census Tract 113.03; Collier County; Florida","1087","143","426","133","661","117",
"1400000US12021011304","Census Tract 113.04; Collier County; Florida","651","99","406","88","245","73",
"1400000US12021011305","Census Tract 113.05; Collier County; Florida","791","130","359","74","432","149",
"1400000US12021011306","Census Tract 113.06; Collier County; Florida","973","124","635","118","338","94",
"1400000US12021011400","Census Tract 114; Collier County; Florida","1080","163","415","118","665","167",
"1400000US12021990000","Census Tract 9900; Collier County; Florida","0","15","0","15","0","15",
"1400000US12023110201","Census Tract 1102.01; Columbia County; Florida","1700","226","1084","172","616","198",
"1400000US12023110202","Census Tract 1102.02; Columbia County; Florida","2406","346","1964","347","442","210",
"1400000US12023110300","Census Tract 1103; Columbia County; Florida","2179","381","1034","249","1145","352",
"1400000US12023110400","Census Tract 1104; Columbia County; Florida","1096","175","625","185","471","170",
"1400000US12023110500","Census Tract 1105; Columbia County; Florida","3218","302","1414","242","1804","305",
"1400000US12023110602","Census Tract 1106.02; Columbia County; Florida","1711","208","1451","183","260","135",
"1400000US12023110603","Census Tract 1106.03; Columbia County; Florida","1126","273","965","250","161","111",
"1400000US12023110604","Census Tract 1106.04; Columbia County; Florida","2825","242","2268","320","557","233",
"1400000US12023110700","Census Tract 1107; Columbia County; Florida","1978","186","1038","161","940","205",
"1400000US12023110800","Census Tract 1108; Columbia County; Florida","2548","275","2250","306","298","154",
"1400000US12023110901","Census Tract 1109.01; Columbia County; Florida","2174","229","1777","264","397","209",
"1400000US12023110903","Census Tract 1109.03; Columbia County; Florida","1874","255","1644","257","230","131",
"1400000US12023110904","Census Tract 1109.04; Columbia County; Florida","2595","285","2372","302","223","128",
"1400000US12027010101","Census Tract 101.01; DeSoto County; Florida","1820","248","1492","217","328","147",
"1400000US12027010102","Census Tract 101.02; DeSoto County; Florida","1023","185","917","170","106","106",
"1400000US12027010200","Census Tract 102; DeSoto County; Florida","2223","301","1082","270","1141","218",
"1400000US12027010301","Census Tract 103.01; DeSoto County; Florida","2419","333","1502","328","917","290",
"1400000US12027010302","Census Tract 103.02; DeSoto County; Florida","780","168","460","170","320","145",
"1400000US12027010403","Census Tract 104.03; DeSoto County; Florida","1497","210","1412","216","85","65",
"1400000US12027010404","Census Tract 104.04; DeSoto County; Florida","1066","302","756","165","310","283",
"1400000US12027010405","Census Tract 104.05; DeSoto County; Florida","814","159","764","158","50","34",
"1400000US12027010406","Census Tract 104.06; DeSoto County; Florida","1182","181","915","188","267","148",
"1400000US12029970101","Census Tract 9701.01; Dixie County; Florida","1500","250","1139","229","361","161",
"1400000US12029970103","Census Tract 9701.03; Dixie County; Florida","1527","271","1378","280","149","92",
"1400000US12029970104","Census Tract 9701.04; Dixie County; Florida","1562","233","1327","234","235","103",
"1400000US12029970201","Census Tract 9702.01; Dixie County; Florida","831","198","748","186","83","68",
"1400000US12029970202","Census Tract 9702.02; Dixie County; Florida","816","144","692","124","124","90",
"1400000US12029990000","Census Tract 9900; Dixie County; Florida","0","15","0","15","0","15",
"1400000US12031000101","Census Tract 1.01; Duval County; Florida","1467","485","969","444","498","227",
"1400000US12031000102","Census Tract 1.02; Duval County; Florida","1176","204","495","135","681","226",
"1400000US12031000200","Census Tract 2; Duval County; Florida","1027","145","454","113","573","131",
"1400000US12031000300","Census Tract 3; Duval County; Florida","736","86","356","94","380","93",
"1400000US12031000600","Census Tract 6; Duval County; Florida","2798","392","893","250","1905","474",
"1400000US12031000700","Census Tract 7; Duval County; Florida","1936","199","1347","166","589","232",
"1400000US12031000800","Census Tract 8; Duval County; Florida","2321","344","508","121","1813","351",
"1400000US12031001000","Census Tract 10; Duval County; Florida","938","139","28","21","910","143",
"1400000US12031001100","Census Tract 11; Duval County; Florida","956","141","684","126","272","96",
"1400000US12031001200","Census Tract 12; Duval County; Florida","843","178","586","160","257","82",
"1400000US12031001300","Census Tract 13; Duval County; Florida","1582","194","447","108","1135","208",
"1400000US12031001401","Census Tract 14.01; Duval County; Florida","1306","262","529","154","777","290",
"1400000US12031001402","Census Tract 14.02; Duval County; Florida","969","103","482","119","487","107",
"1400000US12031001500","Census Tract 15; Duval County; Florida","1529","288","503","135","1026","295",
"1400000US12031001600","Census Tract 16; Duval County; Florida","786","193","121","69","665","188",
"1400000US12031002101","Census Tract 21.01; Duval County; Florida","1772","246","1008","190","764","196",
"1400000US12031002102","Census Tract 21.02; Duval County; Florida","1227","146","541","98","686","141",
"1400000US12031002200","Census Tract 22; Duval County; Florida","2375","245","1657","312","718","216",
"1400000US12031002300","Census Tract 23; Duval County; Florida","974","138","729","149","245","72",
"1400000US12031002400","Census Tract 24; Duval County; Florida","773","84","693","87","80","42",
"1400000US12031002501","Census Tract 25.01; Duval County; Florida","2202","296","1138","305","1064","197",
"1400000US12031002502","Census Tract 25.02; Duval County; Florida","1854","281","1220","181","634","240",
"1400000US12031002600","Census Tract 26; Duval County; Florida","1489","290","930","267","559","155",
"1400000US12031002701","Census Tract 27.01; Duval County; Florida","1357","214","575","141","782","266",
"1400000US12031002702","Census Tract 27.02; Duval County; Florida","1511","211","421","145","1090","204",
"1400000US12031002801","Census Tract 28.01; Duval County; Florida","2036","205","865","193","1171","233",
"1400000US12031002802","Census Tract 28.02; Duval County; Florida","2084","281","1264","325","820","209",
"1400000US12031002901","Census Tract 29.01; Duval County; Florida","1487","164","548","161","939","187",
"1400000US12031002902","Census Tract 29.02; Duval County; Florida","1592","406","683","261","909","339",
"1400000US12031010101","Census Tract 101.01; Duval County; Florida","3467","325","3206","366","261","148",
"1400000US12031010104","Census Tract 101.04; Duval County; Florida","2426","309","2196","319","230","138",
"1400000US12031010105","Census Tract 101.05; Duval County; Florida","1045","85","998","91","47","56",
"1400000US12031010106","Census Tract 101.06; Duval County; Florida","2154","159","1751","243","403","178",
"1400000US12031010107","Census Tract 101.07; Duval County; Florida","2010","292","1968","292","42","64",
"1400000US12031010202","Census Tract 102.02; Duval County; Florida","1422","228","1069","236","353","106",
"1400000US12031010203","Census Tract 102.03; Duval County; Florida","2708","219","1977","263","731","291",
"1400000US12031010204","Census Tract 102.04; Duval County; Florida","1813","161","1042","199","771","205",
"1400000US12031010301","Census Tract 103.01; Duval County; Florida","3006","309","1614","281","1392","302",
"1400000US12031010305","Census Tract 103.05; Duval County; Florida","3029","533","1612","272","1417","588",
"1400000US12031010306","Census Tract 103.06; Duval County; Florida","588","108","343","99","245","122",
"1400000US12031010307","Census Tract 103.07; Duval County; Florida","794","113","378","108","416","146",
"1400000US12031010308","Census Tract 103.08; Duval County; Florida","1993","242","1365","223","628","125",
"1400000US12031010401","Census Tract 104.01; Duval County; Florida","1222","170","762","176","460","189",
"1400000US12031010402","Census Tract 104.02; Duval County; Florida","1947","293","619","160","1328","365",
"1400000US12031010501","Census Tract 105.01; Duval County; Florida","1860","245","1545","291","315","243",
"1400000US12031010502","Census Tract 105.02; Duval County; Florida","1694","271","1506","292","188","127",
"1400000US12031010503","Census Tract 105.03; Duval County; Florida","2541","471","2019","452","522","278",
"1400000US12031010601","Census Tract 106.01; Duval County; Florida","1568","188","1443","208","125","75",
"1400000US12031010602","Census Tract 106.02; Duval County; Florida","1335","361","1216","374","119","93",
"1400000US12031010700","Census Tract 107; Duval County; Florida","2011","478","1538","421","473","252",
"1400000US12031010800","Census Tract 108; Duval County; Florida","1826","148","1124","196","702","181",
"1400000US12031010900","Census Tract 109; Duval County; Florida","1734","282","1198","362","536","178",
"1400000US12031011000","Census Tract 110; Duval County; Florida","1550","299","947","216","603","235",
"1400000US12031011100","Census Tract 111; Duval County; Florida","1349","191","648","166","701","162",
"1400000US12031011200","Census Tract 112; Duval County; Florida","1167","227","659","114","508","235",
"1400000US12031011300","Census Tract 113; Duval County; Florida","1132","200","632","192","500","129",
"1400000US12031011400","Census Tract 114; Duval County; Florida","925","147","678","164","247","93",
"1400000US12031011500","Census Tract 115; Duval County; Florida","1578","237","862","211","716","142",
"1400000US12031011600","Census Tract 116; Duval County; Florida","1517","201","933","225","584","169",
"1400000US12031011700","Census Tract 117; Duval County; Florida","1350","198","732","163","618","223",
"1400000US12031011800","Census Tract 118; Duval County; Florida","1096","182","724","165","372","172",
"1400000US12031011901","Census Tract 119.01; Duval County; Florida","3062","481","2557","485","505","235",
"1400000US12031011903","Census Tract 119.03; Duval County; Florida","1820","178","1474","195","346","137",
"1400000US12031011904","Census Tract 119.04; Duval County; Florida","1540","142","1381","187","159","102",
"1400000US12031011905","Census Tract 119.05; Duval County; Florida","2424","319","1981","374","443","210",
"1400000US12031012000","Census Tract 120; Duval County; Florida","1931","187","1114","185","817","214",
"1400000US12031012100","Census Tract 121; Duval County; Florida","658","170","417","128","241","117",
"1400000US12031012201","Census Tract 122.01; Duval County; Florida","1391","249","778","189","613","209",
"1400000US12031012202","Census Tract 122.02; Duval County; Florida","2126","323","830","260","1296","280",
"1400000US12031012300","Census Tract 123; Duval County; Florida","1738","197","974","173","764","146",
"1400000US12031012400","Census Tract 124; Duval County; Florida","1208","188","932","180","276","128",
"1400000US12031012500","Census Tract 125; Duval County; Florida","1925","255","1007","243","918","187",
"1400000US12031012601","Census Tract 126.01; Duval County; Florida","1732","261","359","126","1373","280",
"1400000US12031012602","Census Tract 126.02; Duval County; Florida","2581","549","1258","339","1323","500",
"1400000US12031012702","Census Tract 127.02; Duval County; Florida","2271","244","1522","258","749","283",
"1400000US12031012703","Census Tract 127.03; Duval County; Florida","2416","414","1890","427","526","183",
"1400000US12031012704","Census Tract 127.04; Duval County; Florida","1980","222","1101","221","879","233",
"1400000US12031012800","Census Tract 128; Duval County; Florida","2890","419","1672","314","1218","429",
"1400000US12031012900","Census Tract 129; Duval County; Florida","1023","183","904","204","119","84",
"1400000US12031013000","Census Tract 130; Duval County; Florida","966","80","893","97","73","57",
"1400000US12031013100","Census Tract 131; Duval County; Florida","1157","175","851","170","306","104",
"1400000US12031013200","Census Tract 132; Duval County; Florida","360","80","99","69","261","59",
"1400000US12031013301","Census Tract 133.01; Duval County; Florida","1183","156","963","163","220","139",
"1400000US12031013302","Census Tract 133.02; Duval County; Florida","2285","313","736","203","1549","358",
"1400000US12031013402","Census Tract 134.02; Duval County; Florida","2240","280","998","249","1242","227",
"1400000US12031013403","Census Tract 134.03; Duval County; Florida","1478","256","450","86","1028","261",
"1400000US12031013404","Census Tract 134.04; Duval County; Florida","1546","242","614","121","932","253",
"1400000US12031013502","Census Tract 135.02; Duval County; Florida","1170","149","800","143","370","138",
"1400000US12031013504","Census Tract 135.04; Duval County; Florida","2365","419","1500","363","865","329",
"1400000US12031013522","Census Tract 135.22; Duval County; Florida","1678","502","756","154","922","483",
"1400000US12031013523","Census Tract 135.23; Duval County; Florida","1795","270","1184","260","611","214",
"1400000US12031013524","Census Tract 135.24; Duval County; Florida","1768","224","896","191","872","235",
"1400000US12031013525","Census Tract 135.25; Duval County; Florida","2332","327","1301","315","1031","361",
"1400000US12031013526","Census Tract 135.26; Duval County; Florida","3495","474","1185","230","2310","500",
"1400000US12031013723","Census Tract 137.23; Duval County; Florida","5510","667","3822","645","1688","385",
"1400000US12031013728","Census Tract 137.28; Duval County; Florida","1852","463","1272","446","580","231",
"1400000US12031013729","Census Tract 137.29; Duval County; Florida","1883","182","1456","225","427","164",
"1400000US12031013730","Census Tract 137.30; Duval County; Florida","1292","166","1124","180","168","89",
"1400000US12031013731","Census Tract 137.31; Duval County; Florida","1530","156","1239","214","291","132",
"1400000US12031013732","Census Tract 137.32; Duval County; Florida","2158","354","882","274","1276","338",
"1400000US12031013733","Census Tract 137.33; Duval County; Florida","2235","233","2057","222","178","141",
"1400000US12031013800","Census Tract 138; Duval County; Florida","728","134","85","39","643","144",
"1400000US12031013901","Census Tract 139.01; Duval County; Florida","1822","283","997","247","825","245",
"1400000US12031013902","Census Tract 139.02; Duval County; Florida","2057","234","1286","215","771","233",
"1400000US12031013904","Census Tract 139.04; Duval County; Florida","2191","392","619","122","1572","395",
"1400000US12031013905","Census Tract 139.05; Duval County; Florida","1860","197","1685","199","175","100",
"1400000US12031013906","Census Tract 139.06; Duval County; Florida","2147","191","1485","172","662","157",
"1400000US12031014001","Census Tract 140.01; Duval County; Florida","2160","236","1397","226","763","241",
"1400000US12031014002","Census Tract 140.02; Duval County; Florida","1069","155","962","163","107","68",
"1400000US12031014101","Census Tract 141.01; Duval County; Florida","1899","245","1656","256","243","141",
"1400000US12031014103","Census Tract 141.03; Duval County; Florida","1368","196","677","156","691","151",
"1400000US12031014104","Census Tract 141.04; Duval County; Florida","1250","222","767","233","483","152",
"1400000US12031014203","Census Tract 142.03; Duval County; Florida","2293","366","1640","288","653","306",
"1400000US12031014204","Census Tract 142.04; Duval County; Florida","2192","325","1840","331","352","171",
"1400000US12031014205","Census Tract 142.05; Duval County; Florida","1349","257","531","106","818","219",
"1400000US12031014206","Census Tract 142.06; Duval County; Florida","691","100","491","104","200","65",
"1400000US12031014311","Census Tract 143.11; Duval County; Florida","2010","206","904","160","1106","233",
"1400000US12031014312","Census Tract 143.12; Duval County; Florida","2977","364","1331","290","1646","340",
"1400000US12031014328","Census Tract 143.28; Duval County; Florida","2685","232","1617","236","1068","228",
"1400000US12031014329","Census Tract 143.29; Duval County; Florida","1228","183","1138","184","90","75",
"1400000US12031014330","Census Tract 143.30; Duval County; Florida","1831","108","1569","130","262","134",
"1400000US12031014331","Census Tract 143.31; Duval County; Florida","1711","248","1217","225","494","203",
"1400000US12031014333","Census Tract 143.33; Duval County; Florida","1618","242","1087","206","531","216",
"1400000US12031014334","Census Tract 143.34; Duval County; Florida","1639","207","1178","224","461","78",
"1400000US12031014335","Census Tract 143.35; Duval County; Florida","3103","326","2797","302","306","147",
"1400000US12031014336","Census Tract 143.36; Duval County; Florida","2224","134","1572","210","652","214",
"1400000US12031014338","Census Tract 143.38; Duval County; Florida","1846","325","1070","260","776","247",
"1400000US12031014339","Census Tract 143.39; Duval County; Florida","2657","396","2038","379","619","187",
"1400000US12031014340","Census Tract 143.40; Duval County; Florida","1934","119","1567","194","367","165",
"1400000US12031014341","Census Tract 143.41; Duval County; Florida","1623","171","858","134","765","188",
"1400000US12031014342","Census Tract 143.42; Duval County; Florida","2147","186","775","151","1372","213",
"1400000US12031014343","Census Tract 143.43; Duval County; Florida","2423","481","1853","500","570","243",
"1400000US12031014344","Census Tract 143.44; Duval County; Florida","1625","279","1318","295","307","144",
"1400000US12031014408","Census Tract 144.08; Duval County; Florida","1841","152","1069","149","772","176",
"1400000US12031014413","Census Tract 144.13; Duval County; Florida","2344","290","1567","289","777","225",
"1400000US12031014414","Census Tract 144.14; Duval County; Florida","3262","555","1106","330","2156","485",
"1400000US12031014415","Census Tract 144.15; Duval County; Florida","1001","214","0","21","1001","214",
"1400000US12031014416","Census Tract 144.16; Duval County; Florida","2012","224","1242","220","770","209",
"1400000US12031014417","Census Tract 144.17; Duval County; Florida","4052","426","1575","292","2477","469",
"1400000US12031014418","Census Tract 144.18; Duval County; Florida","652","64","634","65","18","28",
"1400000US12031014419","Census Tract 144.19; Duval County; Florida","2327","183","1973","230","354","221",
"1400000US12031014420","Census Tract 144.20; Duval County; Florida","1872","166","943","180","929","235",
"1400000US12031014421","Census Tract 144.21; Duval County; Florida","2533","259","1546","200","987","295",
"1400000US12031014422","Census Tract 144.22; Duval County; Florida","1651","235","577","172","1074","196",
"1400000US12031014423","Census Tract 144.23; Duval County; Florida","9038","945","4932","761","4106","815",
"1400000US12031014424","Census Tract 144.24; Duval County; Florida","3737","359","1871","376","1866","328",
"1400000US12031014425","Census Tract 144.25; Duval County; Florida","1739","151","679","140","1060","163",
"1400000US12031014426","Census Tract 144.26; Duval County; Florida","2170","205","841","223","1329","232",
"1400000US12031014427","Census Tract 144.27; Duval County; Florida","747","85","440","76","307","96",
"1400000US12031014428","Census Tract 144.28; Duval County; Florida","3895","768","798","262","3097","786",
"1400000US12031014500","Census Tract 145; Duval County; Florida","1620","238","1244","240","376","128",
"1400000US12031014601","Census Tract 146.01; Duval County; Florida","2560","322","2543","320","17","29",
"1400000US12031014603","Census Tract 146.03; Duval County; Florida","2278","302","1543","253","735","259",
"1400000US12031014604","Census Tract 146.04; Duval County; Florida","3088","373","745","231","2343","364",
"1400000US12031014702","Census Tract 147.02; Duval County; Florida","1104","184","733","98","371","201",
"1400000US12031014703","Census Tract 147.03; Duval County; Florida","540","33","526","34","14","12",
"1400000US12031014704","Census Tract 147.04; Duval County; Florida","2548","309","780","173","1768","372",
"1400000US12031014800","Census Tract 148; Duval County; Florida","2297","282","743","213","1554","256",
"1400000US12031014901","Census Tract 149.01; Duval County; Florida","2301","456","1434","274","867","478",
"1400000US12031014902","Census Tract 149.02; Duval County; Florida","3373","316","1729","324","1644","427",
"1400000US12031015001","Census Tract 150.01; Duval County; Florida","2552","262","1613","290","939","298",
"1400000US12031015002","Census Tract 150.02; Duval County; Florida","1649","287","1319","260","330","145",
"1400000US12031015100","Census Tract 151; Duval County; Florida","1642","239","1157","238","485","182",
"1400000US12031015200","Census Tract 152; Duval County; Florida","1512","323","709","210","803","355",
"1400000US12031015300","Census Tract 153; Duval County; Florida","1601","188","532","75","1069","195",
"1400000US12031015400","Census Tract 154; Duval County; Florida","915","152","645","117","270","132",
"1400000US12031015501","Census Tract 155.01; Duval County; Florida","1566","262","916","275","650","167",
"1400000US12031015502","Census Tract 155.02; Duval County; Florida","1881","194","351","118","1530","209",
"1400000US12031015600","Census Tract 156; Duval County; Florida","1808","238","1174","219","634","160",
"1400000US12031015701","Census Tract 157.01; Duval County; Florida","1088","233","368","127","720","259",
"1400000US12031015702","Census Tract 157.02; Duval County; Florida","1519","229","759","229","760","192",
"1400000US12031015803","Census Tract 158.03; Duval County; Florida","1340","133","997","122","343","153",
"1400000US12031015804","Census Tract 158.04; Duval County; Florida","1534","165","1230","199","304","123",
"1400000US12031015805","Census Tract 158.05; Duval County; Florida","3116","506","867","414","2249","367",
"1400000US12031015806","Census Tract 158.06; Duval County; Florida","1438","269","1010","230","428","227",
"1400000US12031015922","Census Tract 159.22; Duval County; Florida","2454","302","308","104","2146","331",
"1400000US12031015924","Census Tract 159.24; Duval County; Florida","2278","336","1074","241","1204","343",
"1400000US12031015925","Census Tract 159.25; Duval County; Florida","2905","515","528","202","2377","518",
"1400000US12031015926","Census Tract 159.26; Duval County; Florida","5028","426","973","286","4055","470",
"1400000US12031015927","Census Tract 159.27; Duval County; Florida","1291","340","442","165","849","355",
"1400000US12031015928","Census Tract 159.28; Duval County; Florida","1210","429","183","100","1027","448",
"1400000US12031015929","Census Tract 159.29; Duval County; Florida","2560","285","1215","255","1345","288",
"1400000US12031016001","Census Tract 160.01; Duval County; Florida","1652","379","1011","351","641","151",
"1400000US12031016002","Census Tract 160.02; Duval County; Florida","1294","98","562","155","732","148",
"1400000US12031016101","Census Tract 161.01; Duval County; Florida","1199","221","758","133","441","228",
"1400000US12031016102","Census Tract 161.02; Duval County; Florida","1525","278","739","95","786","310",
"1400000US12031016200","Census Tract 162; Duval County; Florida","1054","175","450","128","604","159",
"1400000US12031016300","Census Tract 163; Duval County; Florida","983","139","505","124","478","120",
"1400000US12031016400","Census Tract 164; Duval County; Florida","2342","346","1828","318","514","228",
"1400000US12031016500","Census Tract 165; Duval County; Florida","2225","310","1950","301","275","162",
"1400000US12031016603","Census Tract 166.03; Duval County; Florida","1570","224","1259","234","311","104",
"1400000US12031016604","Census Tract 166.04; Duval County; Florida","1905","161","1459","140","446","169",
"1400000US12031016605","Census Tract 166.05; Duval County; Florida","912","131","380","123","532","118",
"1400000US12031016606","Census Tract 166.06; Duval County; Florida","2384","360","325","156","2059","396",
"1400000US12031016711","Census Tract 167.11; Duval County; Florida","1625","229","1400","222","225","91",
"1400000US12031016724","Census Tract 167.24; Duval County; Florida","2703","302","571","141","2132","332",
"1400000US12031016725","Census Tract 167.25; Duval County; Florida","1783","218","694","110","1089","209",
"1400000US12031016726","Census Tract 167.26; Duval County; Florida","1673","209","1147","175","526","164",
"1400000US12031016727","Census Tract 167.27; Duval County; Florida","1841","423","887","410","954","206",
"1400000US12031016728","Census Tract 167.28; Duval County; Florida","2140","322","1761","270","379","161",
"1400000US12031016729","Census Tract 167.29; Duval County; Florida","2556","272","1385","237","1171","256",
"1400000US12031016730","Census Tract 167.30; Duval County; Florida","1352","211","1163","220","189","105",
"1400000US12031016731","Census Tract 167.31; Duval County; Florida","2567","311","1200","276","1367","194",
"1400000US12031016801","Census Tract 168.01; Duval County; Florida","947","162","858","159","89","63",
"1400000US12031016803","Census Tract 168.03; Duval County; Florida","2731","304","2505","310","226","111",
"1400000US12031016804","Census Tract 168.04; Duval County; Florida","3390","362","3219","377","171","122",
"1400000US12031016807","Census Tract 168.07; Duval County; Florida","1802","177","953","146","849","219",
"1400000US12031016808","Census Tract 168.08; Duval County; Florida","1608","213","801","222","807","134",
"1400000US12031016809","Census Tract 168.09; Duval County; Florida","1755","188","1627","169","128","109",
"1400000US12031016810","Census Tract 168.10; Duval County; Florida","1034","141","862","143","172","73",
"1400000US12031016811","Census Tract 168.11; Duval County; Florida","2236","375","1978","400","258","135",
"1400000US12031016812","Census Tract 168.12; Duval County; Florida","2171","329","1353","295","818","240",
"1400000US12031016813","Census Tract 168.13; Duval County; Florida","3673","404","2426","397","1247","350",
"1400000US12031017101","Census Tract 171.01; Duval County; Florida","2459","523","777","234","1682","511",
"1400000US12031017102","Census Tract 171.02; Duval County; Florida","1876","197","364","169","1512","220",
"1400000US12031017200","Census Tract 172; Duval County; Florida","1894","339","204","92","1690","368",
"1400000US12031017300","Census Tract 173; Duval County; Florida","3391","277","2537","289","854","201",
"1400000US12031017400","Census Tract 174; Duval County; Florida","1096","240","424","109","672","224",
"1400000US12031990000","Census Tract 9900; Duval County; Florida","0","15","0","15","0","15",
"1400000US12033000100","Census Tract 1; Escambia County; Florida","999","134","460","94","539","138",
"1400000US12033000300","Census Tract 3; Escambia County; Florida","1352","187","918","213","434","159",
"1400000US12033000400","Census Tract 4; Escambia County; Florida","1747","203","510","127","1237","188",
"1400000US12033000500","Census Tract 5; Escambia County; Florida","709","125","628","126","81","45",
"1400000US12033000600","Census Tract 6; Escambia County; Florida","791","200","332","104","459","216",
"1400000US12033000801","Census Tract 8.01; Escambia County; Florida","968","180","658","168","310","98",
"1400000US12033000802","Census Tract 8.02; Escambia County; Florida","1479","251","1058","207","421","148",
"1400000US12033000900","Census Tract 9; Escambia County; Florida","1162","184","1079","175","83","47",
"1400000US12033001001","Census Tract 10.01; Escambia County; Florida","2647","302","2263","319","384","148",
"1400000US12033001002","Census Tract 10.02; Escambia County; Florida","1572","141","726","127","846","177",
"1400000US12033001101","Census Tract 11.01; Escambia County; Florida","2544","311","2147","317","397","145",
"1400000US12033001103","Census Tract 11.03; Escambia County; Florida","1262","196","786","93","476","179",
"1400000US12033001104","Census Tract 11.04; Escambia County; Florida","2729","284","1850","256","879","323",
"1400000US12033001201","Census Tract 12.01; Escambia County; Florida","2334","307","929","236","1405","288",
"1400000US12033001202","Census Tract 12.02; Escambia County; Florida","1745","200","781","175","964","203",
"1400000US12033001300","Census Tract 13; Escambia County; Florida","1684","248","1074","161","610","274",
"1400000US12033001401","Census Tract 14.01; Escambia County; Florida","660","231","405","226","255","71",
"1400000US12033001402","Census Tract 14.02; Escambia County; Florida","2809","344","1956","358","853","231",
"1400000US12033001500","Census Tract 15; Escambia County; Florida","477","72","344","72","133","67",
"1400000US12033001600","Census Tract 16; Escambia County; Florida","497","180","191","66","306","183",
"1400000US12033001700","Census Tract 17; Escambia County; Florida","1034","156","340","129","694","153",
"1400000US12033001800","Census Tract 18; Escambia County; Florida","783","164","499","168","284","83",
"1400000US12033001900","Census Tract 19; Escambia County; Florida","747","118","474","109","273","82",
"1400000US12033002000","Census Tract 20; Escambia County; Florida","793","144","373","89","420","138",
"1400000US12033002100","Census Tract 21; Escambia County; Florida","1852","315","793","232","1059","283",
"1400000US12033002200","Census Tract 22; Escambia County; Florida","1714","239","983","207","731","179",
"1400000US12033002300","Census Tract 23; Escambia County; Florida","2351","378","1793","339","558","203",
"1400000US12033002400","Census Tract 24; Escambia County; Florida","449","110","0","21","449","110",
"1400000US12033002500","Census Tract 25; Escambia County; Florida","1373","246","1199","220","174","91",
"1400000US12033002601","Census Tract 26.01; Escambia County; Florida","1371","254","1261","262","110","69",
"1400000US12033002602","Census Tract 26.02; Escambia County; Florida","1013","161","831","162","182","86",
"1400000US12033002604","Census Tract 26.04; Escambia County; Florida","1988","257","1379","180","609","243",
"1400000US12033002605","Census Tract 26.05; Escambia County; Florida","1845","266","1195","222","650","183",
"1400000US12033002606","Census Tract 26.06; Escambia County; Florida","1258","299","860","270","398","128",
"1400000US12033002607","Census Tract 26.07; Escambia County; Florida","2062","404","1463","389","599","175",
"1400000US12033002701","Census Tract 27.01; Escambia County; Florida","1252","107","856","131","396","83",
"1400000US12033002703","Census Tract 27.03; Escambia County; Florida","1191","231","659","205","532","201",
"1400000US12033002704","Census Tract 27.04; Escambia County; Florida","2185","369","1099","219","1086","346",
"1400000US12033002801","Census Tract 28.01; Escambia County; Florida","1129","134","830","139","299","91",
"1400000US12033002802","Census Tract 28.02; Escambia County; Florida","2104","286","1231","240","873","247",
"1400000US12033002803","Census Tract 28.03; Escambia County; Florida","1324","199","431","141","893","199",
"1400000US12033002804","Census Tract 28.04; Escambia County; Florida","820","135","158","41","662","141",
"1400000US12033002900","Census Tract 29; Escambia County; Florida","1937","272","1053","278","884","192",
"1400000US12033003001","Census Tract 30.01; Escambia County; Florida","1356","195","746","151","610","194",
"1400000US12033003002","Census Tract 30.02; Escambia County; Florida","1305","206","732","174","573","169",
"1400000US12033003100","Census Tract 31; Escambia County; Florida","1950","304","979","143","971","321",
"1400000US12033003201","Census Tract 32.01; Escambia County; Florida","1880","244","1107","268","773","204",
"1400000US12033003203","Census Tract 32.03; Escambia County; Florida","1972","251","1280","182","692","243",
"1400000US12033003204","Census Tract 32.04; Escambia County; Florida","1254","257","1058","246","196","107",
"1400000US12033003301","Census Tract 33.01; Escambia County; Florida","1865","191","1351","151","514","170",
"1400000US12033003305","Census Tract 33.05; Escambia County; Florida","814","103","712","106","102","50",
"1400000US12033003307","Census Tract 33.07; Escambia County; Florida","785","119","539","92","246","127",
"1400000US12033003308","Census Tract 33.08; Escambia County; Florida","2158","253","1519","230","639","173",
"1400000US12033003310","Census Tract 33.10; Escambia County; Florida","1894","229","1524","226","370","119",
"1400000US12033003311","Census Tract 33.11; Escambia County; Florida","1550","149","591","141","959","151",
"1400000US12033003312","Census Tract 33.12; Escambia County; Florida","1222","216","996","203","226","97",
"1400000US12033003313","Census Tract 33.13; Escambia County; Florida","1477","174","942","181","535","133",
"1400000US12033003400","Census Tract 34; Escambia County; Florida","2695","365","1409","316","1286","352",
"1400000US12033003505","Census Tract 35.05; Escambia County; Florida","1670","164","579","105","1091","164",
"1400000US12033003506","Census Tract 35.06; Escambia County; Florida","2389","400","1605","385","784","221",
"1400000US12033003507","Census Tract 35.07; Escambia County; Florida","3139","540","910","287","2229","460",
"1400000US12033003509","Census Tract 35.09; Escambia County; Florida","1974","250","1049","219","925","255",
"1400000US12033003510","Census Tract 35.10; Escambia County; Florida","1231","259","658","195","573","207",
"1400000US12033003511","Census Tract 35.11; Escambia County; Florida","971","160","659","154","312","93",
"1400000US12033003512","Census Tract 35.12; Escambia County; Florida","1647","292","1083","221","564","217",
"1400000US12033003603","Census Tract 36.03; Escambia County; Florida","4908","528","4506","556","402","188",
"1400000US12033003607","Census Tract 36.07; Escambia County; Florida","987","203","212","59","775","203",
"1400000US12033003608","Census Tract 36.08; Escambia County; Florida","3400","416","2336","284","1064","357",
"1400000US12033003609","Census Tract 36.09; Escambia County; Florida","1600","146","1101","149","499","164",
"1400000US12033003610","Census Tract 36.10; Escambia County; Florida","2517","313","1845","191","672","283",
"1400000US12033003611","Census Tract 36.11; Escambia County; Florida","2434","312","1777","183","657","266",
"1400000US12033003612","Census Tract 36.12; Escambia County; Florida","2595","313","2183","332","412","184",
"1400000US12033003613","Census Tract 36.13; Escambia County; Florida","1565","203","1395","188","170","97",
"1400000US12033003614","Census Tract 36.14; Escambia County; Florida","2059","260","1658","272","401","193",
"1400000US12033003700","Census Tract 37; Escambia County; Florida","2038","243","1723","204","315","178",
"1400000US12033003800","Census Tract 38; Escambia County; Florida","1836","249","1516","226","320","143",
"1400000US12033003900","Census Tract 39; Escambia County; Florida","1866","257","1639","253","227","122",
"1400000US12033004000","Census Tract 40; Escambia County; Florida","1282","191","812","177","470","132",
"1400000US12033990000","Census Tract 9900; Escambia County; Florida","0","15","0","15","0","15",
"1400000US12035060103","Census Tract 601.03; Flagler County; Florida","1297","135","1117","127","180","80",
"1400000US12035060104","Census Tract 601.04; Flagler County; Florida","2185","277","1928","291","257","106",
"1400000US12035060105","Census Tract 601.05; Flagler County; Florida","2221","233","2014","233","207","95",
"1400000US12035060106","Census Tract 601.06; Flagler County; Florida","2137","223","1964","218","173","73",
"1400000US12035060107","Census Tract 601.07; Flagler County; Florida","2160","247","1901","222","259","164",
"1400000US12035060206","Census Tract 602.06; Flagler County; Florida","2119","230","1732","242","387","191",
"1400000US12035060207","Census Tract 602.07; Flagler County; Florida","3043","379","2709","367","334","108",
"1400000US12035060208","Census Tract 602.08; Flagler County; Florida","3958","362","3189","367","769","271",
"1400000US12035060210","Census Tract 602.10; Flagler County; Florida","1727","146","1322","166","405","113",
"1400000US12035060211","Census Tract 602.11; Flagler County; Florida","3392","389","3080","343","312","294",
"1400000US12035060212","Census Tract 602.12; Flagler County; Florida","2189","271","1987","272","202","144",
"1400000US12035060213","Census Tract 602.13; Flagler County; Florida","3441","358","2155","345","1286","274",
"1400000US12035060214","Census Tract 602.14; Flagler County; Florida","3657","471","2699","379","958","437",
"1400000US12035060215","Census Tract 602.15; Flagler County; Florida","1872","192","1403","179","469","161",
"1400000US12035060216","Census Tract 602.16; Flagler County; Florida","1612","137","1324","152","288","113",
"1400000US12035060217","Census Tract 602.17; Flagler County; Florida","1492","235","1015","161","477","225",
"1400000US12035060218","Census Tract 602.18; Flagler County; Florida","2722","284","2202","297","520","219",
"1400000US12035060219","Census Tract 602.19; Flagler County; Florida","2015","342","1630","312","385","250",
"1400000US12035060220","Census Tract 602.20; Flagler County; Florida","1254","162","922","153","332","102",
"1400000US12035060301","Census Tract 603.01; Flagler County; Florida","3273","292","3018","283","255","136",
"1400000US12035060302","Census Tract 603.02; Flagler County; Florida","1931","225","1567","221","364","196",
"1400000US12035060303","Census Tract 603.03; Flagler County; Florida","1545","269","1501","274","44","25",
"1400000US12035060304","Census Tract 603.04; Flagler County; Florida","1340","229","1240","240","100","60",
"1400000US12035990000","Census Tract 9900; Flagler County; Florida","0","15","0","15","0","15",
"1400000US12037970101","Census Tract 9701.01; Franklin County; Florida","197","47","128","42","69","35",
"1400000US12037970102","Census Tract 9701.02; Franklin County; Florida","846","160","700","145","146","81",
"1400000US12037970200","Census Tract 9702; Franklin County; Florida","1453","175","1249","174","204","92",
"1400000US12037970302","Census Tract 9703.02; Franklin County; Florida","1176","188","826","179","350","155",
"1400000US12037970304","Census Tract 9703.04; Franklin County; Florida","1277","176","1100","148","177","104",
"1400000US12037990000","Census Tract 9900; Franklin County; Florida","0","15","0","15","0","15",
"1400000US12037990100","Census Tract 9901; Franklin County; Florida","0","15","0","15","0","15",
"1400000US12039020101","Census Tract 201.01; Gadsden County; Florida","2102","251","1896","254","206","115",
"1400000US12039020103","Census Tract 201.03; Gadsden County; Florida","1059","169","896","153","163","112",
"1400000US12039020104","Census Tract 201.04; Gadsden County; Florida","1547","201","1074","178","473","141",
"1400000US12039020300","Census Tract 203; Gadsden County; Florida","2102","265","1328","222","774","261",
"1400000US12039020400","Census Tract 204; Gadsden County; Florida","1296","197","814","189","482","109",
"1400000US12039020500","Census Tract 205; Gadsden County; Florida","1989","254","1385","247","604","223",
"1400000US12039020600","Census Tract 206; Gadsden County; Florida","1809","238","1556","237","253","116",
"1400000US12039020701","Census Tract 207.01; Gadsden County; Florida","1048","171","578","132","470","148",
"1400000US12039020702","Census Tract 207.02; Gadsden County; Florida","1971","256","1073","254","898","258",
"1400000US12039020800","Census Tract 208; Gadsden County; Florida","1949","234","1326","180","623","184",
"1400000US12041950100","Census Tract 9501; Gilchrist County; Florida","2536","249","2188","263","348","157",
"1400000US12041950201","Census Tract 9502.01; Gilchrist County; Florida","1045","161","1036","163","9","12",
"1400000US12041950202","Census Tract 9502.02; Gilchrist County; Florida","948","157","816","157","132","62",
"1400000US12041950203","Census Tract 9502.03; Gilchrist County; Florida","1344","150","1185","169","159","96",
"1400000US12041950204","Census Tract 9502.04; Gilchrist County; Florida","1278","149","905","128","373","96",
"1400000US12043000100","Census Tract 1; Glades County; Florida","950","193","767","179","183","114",
"1400000US12043000201","Census Tract 2.01; Glades County; Florida","975","201","891","207","84","78",
"1400000US12043000202","Census Tract 2.02; Glades County; Florida","1692","266","1383","231","309","145",
"1400000US12043000300","Census Tract 3; Glades County; Florida","883","190","788","185","95","50",
"1400000US12043990000","Census Tract 9900; Glades County; Florida","0","15","0","15","0","15",
"1400000US12045960101","Census Tract 9601.01; Gulf County; Florida","1449","233","1047","201","402","136",
"1400000US12045960102","Census Tract 9601.02; Gulf County; Florida","855","161","770","177","85","55",
"1400000US12045960200","Census Tract 9602; Gulf County; Florida","1479","198","1189","176","290","128",
"1400000US12045960301","Census Tract 9603.01; Gulf County; Florida","502","102","382","84","120","80",
"1400000US12045960302","Census Tract 9603.02; Gulf County; Florida","1659","181","1414","157","245","112",
"1400000US12045990000","Census Tract 9900; Gulf County; Florida","0","15","0","15","0","15",
"1400000US12047960101","Census Tract 9601.01; Hamilton County; Florida","151","91","128","91","23","29",
"1400000US12047960102","Census Tract 9601.02; Hamilton County; Florida","945","201","776","207","169","94",
"1400000US12047960103","Census Tract 9601.03; Hamilton County; Florida","422","85","314","75","108","48",
"1400000US12047960201","Census Tract 9602.01; Hamilton County; Florida","754","185","700","181","54","36",
"1400000US12047960202","Census Tract 9602.02; Hamilton County; Florida","1171","184","864","150","307","153",
"1400000US12047960300","Census Tract 9603; Hamilton County; Florida","838","154","634","127","204","108",
"1400000US12049970101","Census Tract 9701.01; Hardee County; Florida","1168","144","929","134","239","122",
"1400000US12049970102","Census Tract 9701.02; Hardee County; Florida","1250","177","1088","163","162","98",
"1400000US12049970201","Census Tract 9702.01; Hardee County; Florida","1004","183","714","135","290","122",
"1400000US12049970202","Census Tract 9702.02; Hardee County; Florida","416","130","371","132","45","44",
"1400000US12049970301","Census Tract 9703.01; Hardee County; Florida","1800","283","1229","296","571","183",
"1400000US12049970302","Census Tract 9703.02; Hardee County; Florida","427","84","271","98","156","56",
"1400000US12049970401","Census Tract 9704.01; Hardee County; Florida","1265","220","529","159","736","241",
"1400000US12049970402","Census Tract 9704.02; Hardee County; Florida","889","136","737","137","152","107",
"1400000US12051000101","Census Tract 1.01; Hendry County; Florida","1394","279","1154","274","240","147",
"1400000US12051000102","Census Tract 1.02; Hendry County; Florida","1340","317","656","203","684","309",
"1400000US12051000200","Census Tract 2; Hendry County; Florida","1985","296","1257","274","728","208",
"1400000US12051000300","Census Tract 3; Hendry County; Florida","3176","450","2531","454","645","273",
"1400000US12051000401","Census Tract 4.01; Hendry County; Florida","1405","301","820","152","585","257",
"1400000US12051000403","Census Tract 4.03; Hendry County; Florida","1596","348","1316","338","280","156",
"1400000US12051000404","Census Tract 4.04; Hendry County; Florida","1594","261","1390","259","204","119",
"1400000US12051000601","Census Tract 6.01; Hendry County; Florida","205","72","132","55","73","54",
"1400000US12051000602","Census Tract 6.02; Hendry County; Florida","1435","303","1139","296","296","150",
"1400000US12051990000","Census Tract 9900; Hendry County; Florida","0","15","0","15","0","15",
"1400000US12053040101","Census Tract 401.01; Hernando County; Florida","2474","346","1983","284","491","270",
"1400000US12053040102","Census Tract 401.02; Hernando County; Florida","891","125","808","116","83","60",
"1400000US12053040201","Census Tract 402.01; Hernando County; Florida","1140","242","1040","218","100","110",
"1400000US12053040202","Census Tract 402.02; Hernando County; Florida","2468","285","2213","302","255","152",
"1400000US12053040301","Census Tract 403.01; Hernando County; Florida","704","104","633","106","71","42",
"1400000US12053040302","Census Tract 403.02; Hernando County; Florida","1918","290","1806","293","112","69",
"1400000US12053040303","Census Tract 403.03; Hernando County; Florida","1306","128","1213","131","93","65",
"1400000US12053040400","Census Tract 404; Hernando County; Florida","1944","287","1180","272","764","187",
"1400000US12053040501","Census Tract 405.01; Hernando County; Florida","2014","383","778","152","1236","350",
"1400000US12053040502","Census Tract 405.02; Hernando County; Florida","1235","151","889","189","346","143",
"1400000US12053040601","Census Tract 406.01; Hernando County; Florida","1097","126","876","134","221","86",
"1400000US12053040602","Census Tract 406.02; Hernando County; Florida","1238","184","1071","180","167","115",
"1400000US12053040701","Census Tract 407.01; Hernando County; Florida","3010","259","2905","259","105","78",
"1400000US12053040702","Census Tract 407.02; Hernando County; Florida","2172","218","1986","225","186","131",
"1400000US12053040801","Census Tract 408.01; Hernando County; Florida","2073","291","1834","274","239","108",
"1400000US12053040802","Census Tract 408.02; Hernando County; Florida","2485","308","2305","313","180","106",
"1400000US12053040901","Census Tract 409.01; Hernando County; Florida","2289","242","1642","241","647","239",
"1400000US12053040906","Census Tract 409.06; Hernando County; Florida","3149","253","2577","313","572","238",
"1400000US12053040907","Census Tract 409.07; Hernando County; Florida","1162","142","1113","150","49","62",
"1400000US12053040908","Census Tract 409.08; Hernando County; Florida","3360","398","2818","434","542","202",
"1400000US12053040909","Census Tract 409.09; Hernando County; Florida","2065","262","1612","201","453","193",
"1400000US12053040910","Census Tract 409.10; Hernando County; Florida","1713","238","1572","241","141","64",
"1400000US12053040911","Census Tract 409.11; Hernando County; Florida","2012","202","1845","213","167","90",
"1400000US12053040912","Census Tract 409.12; Hernando County; Florida","1203","152","1176","151","27","30",
"1400000US12053040913","Census Tract 409.13; Hernando County; Florida","1741","183","1529","180","212","86",
"1400000US12053041003","Census Tract 410.03; Hernando County; Florida","1129","146","875","181","254","136",
"1400000US12053041004","Census Tract 410.04; Hernando County; Florida","2770","225","2405","215","365","173",
"1400000US12053041005","Census Tract 410.05; Hernando County; Florida","947","93","799","104","148","71",
"1400000US12053041006","Census Tract 410.06; Hernando County; Florida","2762","300","2246","315","516","189",
"1400000US12053041103","Census Tract 411.03; Hernando County; Florida","1856","192","1424","196","432","145",
"1400000US12053041104","Census Tract 411.04; Hernando County; Florida","1175","156","1085","149","90","58",
"1400000US12053041105","Census Tract 411.05; Hernando County; Florida","2123","298","1157","204","966","244",
"1400000US12053041106","Census Tract 411.06; Hernando County; Florida","1655","173","1440","174","215","96",
"1400000US12053041201","Census Tract 412.01; Hernando County; Florida","1863","286","1555","297","308","120",
"1400000US12053041203","Census Tract 412.03; Hernando County; Florida","1763","165","1478","196","285","134",
"1400000US12053041204","Census Tract 412.04; Hernando County; Florida","1518","131","993","160","525","160",
"1400000US12053041302","Census Tract 413.02; Hernando County; Florida","1395","156","909","194","486","149",
"1400000US12053041303","Census Tract 413.03; Hernando County; Florida","1361","159","1329","159","32","29",
"1400000US12053041304","Census Tract 413.04; Hernando County; Florida","1104","225","1008","220","96","74",
"1400000US12053041305","Census Tract 413.05; Hernando County; Florida","908","118","793","115","115","49",
"1400000US12053041401","Census Tract 414.01; Hernando County; Florida","2447","268","1663","313","784","256",
"1400000US12053041402","Census Tract 414.02; Hernando County; Florida","2791","412","2299","399","492","260",
"1400000US12053041501","Census Tract 415.01; Hernando County; Florida","1627","171","1356","167","271","117",
"1400000US12053041502","Census Tract 415.02; Hernando County; Florida","1762","189","1469","200","293","107",
"1400000US12053041601","Census Tract 416.01; Hernando County; Florida","1751","232","1592","228","159","93",
"1400000US12053041602","Census Tract 416.02; Hernando County; Florida","905","236","796","211","109","79",
"1400000US12053990000","Census Tract 9900; Hernando County; Florida","0","15","0","15","0","15",
"1400000US12055960101","Census Tract 9601.01; Highlands County; Florida","1364","174","1309","176","55","38",
"1400000US12055960102","Census Tract 9601.02; Highlands County; Florida","630","132","530","137","100","51",
"1400000US12055960104","Census Tract 9601.04; Highlands County; Florida","1423","305","1316","311","107","51",
"1400000US12055960105","Census Tract 9601.05; Highlands County; Florida","995","233","563","134","432","224",
"1400000US12055960200","Census Tract 9602; Highlands County; Florida","1939","251","1482","255","457","181",
"1400000US12055960300","Census Tract 9603; Highlands County; Florida","2071","309","930","255","1141","293",
"1400000US12055960401","Census Tract 9604.01; Highlands County; Florida","1598","207","1194","236","404","116",
"1400000US12055960402","Census Tract 9604.02; Highlands County; Florida","1443","288","1376","306","67","62",
"1400000US12055960501","Census Tract 9605.01; Highlands County; Florida","786","109","630","102","156","72",
"1400000US12055960503","Census Tract 9605.03; Highlands County; Florida","2312","322","2044","319","268","120",
"1400000US12055960504","Census Tract 9605.04; Highlands County; Florida","1494","167","1332","194","162","108",
"1400000US12055960601","Census Tract 9606.01; Highlands County; Florida","1217","127","1009","156","208","100",
"1400000US12055960602","Census Tract 9606.02; Highlands County; Florida","2840","284","2407","278","433","194",
"1400000US12055960700","Census Tract 9607; Highlands County; Florida","1757","232","1478","201","279","119",
"1400000US12055960800","Census Tract 9608; Highlands County; Florida","1045","161","706","118","339","132",
"1400000US12055960900","Census Tract 9609; Highlands County; Florida","1138","184","679","175","459","112",
"1400000US12055961000","Census Tract 9610; Highlands County; Florida","1992","271","1638","207","354","190",
"1400000US12055961100","Census Tract 9611; Highlands County; Florida","1888","221","729","153","1159","203",
"1400000US12055961201","Census Tract 9612.01; Highlands County; Florida","1008","171","765","190","243","100",
"1400000US12055961202","Census Tract 9612.02; Highlands County; Florida","1258","280","1057","288","201","89",
"1400000US12055961301","Census Tract 9613.01; Highlands County; Florida","2901","261","2543","274","358","173",
"1400000US12055961303","Census Tract 9613.03; Highlands County; Florida","965","133","716","151","249","149",
"1400000US12055961304","Census Tract 9613.04; Highlands County; Florida","1538","243","1155","209","383","191",
"1400000US12055961401","Census Tract 9614.01; Highlands County; Florida","1319","182","1192","176","127","79",
"1400000US12055961402","Census Tract 9614.02; Highlands County; Florida","1365","397","1260","400","105","73",
"1400000US12055961500","Census Tract 9615; Highlands County; Florida","2250","275","1784","272","466","214",
"1400000US12055961601","Census Tract 9616.01; Highlands County; Florida","536","79","440","72","96","50",
"1400000US12055961602","Census Tract 9616.02; Highlands County; Florida","486","96","475","96","11","18",
"1400000US12055961604","Census Tract 9616.04; Highlands County; Florida","912","132","553","147","359","102",
"1400000US12055961605","Census Tract 9616.05; Highlands County; Florida","1780","224","1419","204","361","190",
"1400000US12055961701","Census Tract 9617.01; Highlands County; Florida","1906","308","1539","310","367","164",
"1400000US12055961702","Census Tract 9617.02; Highlands County; Florida","715","90","593","104","122","57",
"1400000US12055980000","Census Tract 9800; Highlands County; Florida","8","10","2","4","6","9",
"1400000US12055980100","Census Tract 9801; Highlands County; Florida","0","15","0","15","0","15",
"1400000US12055980200","Census Tract 9802; Highlands County; Florida","0","15","0","15","0","15",
"1400000US12057000101","Census Tract 1.01; Hillsborough County; Florida","1738","189","413","127","1325","176",
"1400000US12057000102","Census Tract 1.02; Hillsborough County; Florida","2498","407","979","246","1519","413",
"1400000US12057000201","Census Tract 2.01; Hillsborough County; Florida","1381","182","239","104","1142","202",
"1400000US12057000202","Census Tract 2.02; Hillsborough County; Florida","1906","278","661","168","1245","301",
"1400000US12057000301","Census Tract 3.01; Hillsborough County; Florida","1624","257","536","145","1088","270",
"1400000US12057000302","Census Tract 3.02; Hillsborough County; Florida","1185","492","619","105","566","504",
"1400000US12057000401","Census Tract 4.01; Hillsborough County; Florida","975","167","601","135","374","165",
"1400000US12057000402","Census Tract 4.02; Hillsborough County; Florida","1109","130","694","151","415","98",
"1400000US12057000500","Census Tract 5; Hillsborough County; Florida","1625","186","1436","207","189","84",
"1400000US12057000601","Census Tract 6.01; Hillsborough County; Florida","1926","210","596","127","1330","238",
"1400000US12057000602","Census Tract 6.02; Hillsborough County; Florida","1011","126","596","143","415","127",
"1400000US12057000701","Census Tract 7.01; Hillsborough County; Florida","1209","133","354","103","855","167",
"1400000US12057000702","Census Tract 7.02; Hillsborough County; Florida","1032","142","450","124","582","127",
"1400000US12057000800","Census Tract 8; Hillsborough County; Florida","1327","150","911","172","416","140",
"1400000US12057000901","Census Tract 9.01; Hillsborough County; Florida","1110","126","393","91","717","145",
"1400000US12057000902","Census Tract 9.02; Hillsborough County; Florida","2311","364","638","251","1673","348",
"1400000US12057001001","Census Tract 10.01; Hillsborough County; Florida","1256","212","254","95","1002","180",
"1400000US12057001002","Census Tract 10.02; Hillsborough County; Florida","2049","320","1412","312","637","151",
"1400000US12057001100","Census Tract 11; Hillsborough County; Florida","904","122","602","89","302","114",
"1400000US12057001200","Census Tract 12; Hillsborough County; Florida","1423","427","967","351","456","240",
"1400000US12057001300","Census Tract 13; Hillsborough County; Florida","2159","288","1271","312","888","203",
"1400000US12057001400","Census Tract 14; Hillsborough County; Florida","1847","232","1147","201","700","227",
"1400000US12057001500","Census Tract 15; Hillsborough County; Florida","1243","201","781","112","462","206",
"1400000US12057001600","Census Tract 16; Hillsborough County; Florida","1016","102","815","112","201","92",
"1400000US12057001700","Census Tract 17; Hillsborough County; Florida","1932","190","1360","159","572","195",
"1400000US12057001800","Census Tract 18; Hillsborough County; Florida","1821","206","864","184","957","228",
"1400000US12057001900","Census Tract 19; Hillsborough County; Florida","1027","106","617","123","410","122",
"1400000US12057002000","Census Tract 20; Hillsborough County; Florida","981","81","704","105","277","96",
"1400000US12057002100","Census Tract 21; Hillsborough County; Florida","1266","279","937","261","329","145",
"1400000US12057002200","Census Tract 22; Hillsborough County; Florida","787","92","532","67","255","82",
"1400000US12057002300","Census Tract 23; Hillsborough County; Florida","1543","131","943","149","600","120",
"1400000US12057002400","Census Tract 24; Hillsborough County; Florida","1781","167","815","172","966","171",
"1400000US12057002500","Census Tract 25; Hillsborough County; Florida","2884","423","922","352","1962","275",
"1400000US12057002600","Census Tract 26; Hillsborough County; Florida","583","105","103","43","480","101",
"1400000US12057002701","Census Tract 27.01; Hillsborough County; Florida","1531","178","995","163","536","184",
"1400000US12057002702","Census Tract 27.02; Hillsborough County; Florida","1149","182","888","161","261","161",
"1400000US12057002800","Census Tract 28; Hillsborough County; Florida","1432","224","1012","121","420","226",
"1400000US12057002900","Census Tract 29; Hillsborough County; Florida","864","109","559","127","305","109",
"1400000US12057003000","Census Tract 30; Hillsborough County; Florida","1022","129","341","124","681","152",
"1400000US12057003100","Census Tract 31; Hillsborough County; Florida","1248","351","344","100","904","340",
"1400000US12057003200","Census Tract 32; Hillsborough County; Florida","876","203","328","111","548","209",
"1400000US12057003300","Census Tract 33; Hillsborough County; Florida","998","152","387","120","611","166",
"1400000US12057003400","Census Tract 34; Hillsborough County; Florida","1138","125","435","139","703","142",
"1400000US12057003500","Census Tract 35; Hillsborough County; Florida","976","107","448","94","528","111",
"1400000US12057003600","Census Tract 36; Hillsborough County; Florida","1689","314","1065","352","624","138",
"1400000US12057003700","Census Tract 37; Hillsborough County; Florida","335","61","121","51","214","62",
"1400000US12057003800","Census Tract 38; Hillsborough County; Florida","494","146","251","129","243","77",
"1400000US12057004100","Census Tract 41; Hillsborough County; Florida","900","54","88","46","812","65",
"1400000US12057004200","Census Tract 42; Hillsborough County; Florida","563","105","265","77","298","68",
"1400000US12057004300","Census Tract 43; Hillsborough County; Florida","799","161","7","10","792","160",
"1400000US12057004400","Census Tract 44; Hillsborough County; Florida","850","173","319","81","531","176",
"1400000US12057004500","Census Tract 45; Hillsborough County; Florida","1550","196","954","189","596","181",
"1400000US12057004601","Census Tract 46.01; Hillsborough County; Florida","2559","212","431","163","2128","226",
"1400000US12057004602","Census Tract 46.02; Hillsborough County; Florida","1051","225","359","219","692","134",
"1400000US12057004700","Census Tract 47; Hillsborough County; Florida","1139","175","620","137","519","143",
"1400000US12057004800","Census Tract 48; Hillsborough County; Florida","1650","206","1184","152","466","153",
"1400000US12057004901","Census Tract 49.01; Hillsborough County; Florida","1058","102","423","115","635","143",
"1400000US12057004902","Census Tract 49.02; Hillsborough County; Florida","1998","305","758","300","1240","212",
"1400000US12057005000","Census Tract 50; Hillsborough County; Florida","1913","288","121","53","1792","279",
"1400000US12057005101","Census Tract 51.01; Hillsborough County; Florida","2905","313","380","143","2525","321",
"1400000US12057005102","Census Tract 51.02; Hillsborough County; Florida","2799","204","1259","283","1540","288",
"1400000US12057005301","Census Tract 53.01; Hillsborough County; Florida","2980","202","747","175","2233","231",
"1400000US12057005302","Census Tract 53.02; Hillsborough County; Florida","723","99","345","80","378","99",
"1400000US12057005401","Census Tract 54.01; Hillsborough County; Florida","2270","288","1376","231","894","224",
"1400000US12057005500","Census Tract 55; Hillsborough County; Florida","1454","193","782","132","672","188",
"1400000US12057005700","Census Tract 57; Hillsborough County; Florida","2405","282","1342","262","1063","231",
"1400000US12057005800","Census Tract 58; Hillsborough County; Florida","2234","235","1626","212","608","204",
"1400000US12057005900","Census Tract 59; Hillsborough County; Florida","2627","244","2065","276","562","160",
"1400000US12057006000","Census Tract 60; Hillsborough County; Florida","2301","281","1793","197","508","217",
"1400000US12057006101","Census Tract 61.01; Hillsborough County; Florida","1783","277","1184","238","599","173",
"1400000US12057006103","Census Tract 61.03; Hillsborough County; Florida","2308","214","1306","253","1002","228",
"1400000US12057006200","Census Tract 62; Hillsborough County; Florida","1626","212","1255","138","371","178",
"1400000US12057006300","Census Tract 63; Hillsborough County; Florida","1715","173","1578","161","137","100",
"1400000US12057006400","Census Tract 64; Hillsborough County; Florida","1522","179","1409","161","113","96",
"1400000US12057006501","Census Tract 65.01; Hillsborough County; Florida","1974","313","855","143","1119","306",
"1400000US12057006503","Census Tract 65.03; Hillsborough County; Florida","970","199","140","60","830","197",
"1400000US12057006504","Census Tract 65.04; Hillsborough County; Florida","541","86","376","77","165","73",
"1400000US12057006600","Census Tract 66; Hillsborough County; Florida","2322","308","1537","345","785","213",
"1400000US12057006700","Census Tract 67; Hillsborough County; Florida","2339","300","1660","254","679","215",
"1400000US12057006801","Census Tract 68.01; Hillsborough County; Florida","2499","364","1501","305","998","311",
"1400000US12057006802","Census Tract 68.02; Hillsborough County; Florida","1667","177","1317","192","350","88",
"1400000US12057006900","Census Tract 69; Hillsborough County; Florida","2512","278","1644","304","868","263",
"1400000US12057007001","Census Tract 70.01; Hillsborough County; Florida","2030","248","761","224","1269","201",
"1400000US12057007002","Census Tract 70.02; Hillsborough County; Florida","1409","188","519","184","890","127",
"1400000US12057007102","Census Tract 71.02; Hillsborough County; Florida","2751","294","525","176","2226","318",
"1400000US12057007103","Census Tract 71.03; Hillsborough County; Florida","1622","153","953","161","669","162",
"1400000US12057007200","Census Tract 72; Hillsborough County; Florida","2389","190","1254","198","1135","247",
"1400000US12057007300","Census Tract 73; Hillsborough County; Florida","497","97","0","15","497","97",
"1400000US12057010105","Census Tract 101.05; Hillsborough County; Florida","1767","219","1640","225","127","76",
"1400000US12057010106","Census Tract 101.06; Hillsborough County; Florida","1458","163","1253","158","205","116",
"1400000US12057010107","Census Tract 101.07; Hillsborough County; Florida","1915","250","1698","231","217","114",
"1400000US12057010108","Census Tract 101.08; Hillsborough County; Florida","807","101","728","105","79","50",
"1400000US12057010203","Census Tract 102.03; Hillsborough County; Florida","984","95","460","97","524","89",
"1400000US12057010204","Census Tract 102.04; Hillsborough County; Florida","1919","293","1307","293","612","195",
"1400000US12057010210","Census Tract 102.10; Hillsborough County; Florida","1734","171","1039","224","695","209",
"1400000US12057010211","Census Tract 102.11; Hillsborough County; Florida","2068","297","1401","336","667","177",
"1400000US12057010212","Census Tract 102.12; Hillsborough County; Florida","1898","204","1547","173","351","152",
"1400000US12057010213","Census Tract 102.13; Hillsborough County; Florida","838","95","674","112","164","76",
"1400000US12057010215","Census Tract 102.15; Hillsborough County; Florida","3094","242","2873","267","221","103",
"1400000US12057010216","Census Tract 102.16; Hillsborough County; Florida","2008","253","1595","293","413","148",
"1400000US12057010217","Census Tract 102.17; Hillsborough County; Florida","1529","228","737","228","792","225",
"1400000US12057010218","Census Tract 102.18; Hillsborough County; Florida","2099","238","1575","297","524","163",
"1400000US12057010303","Census Tract 103.03; Hillsborough County; Florida","1174","126","658","138","516","117",
"1400000US12057010304","Census Tract 103.04; Hillsborough County; Florida","1504","133","1178","164","326","121",
"1400000US12057010305","Census Tract 103.05; Hillsborough County; Florida","1516","217","1035","175","481","202",
"1400000US12057010401","Census Tract 104.01; Hillsborough County; Florida","2370","245","928","208","1442","302",
"1400000US12057010402","Census Tract 104.02; Hillsborough County; Florida","2786","368","1153","427","1633","277",
"1400000US12057010501","Census Tract 105.01; Hillsborough County; Florida","2626","404","1355","405","1271","355",
"1400000US12057010502","Census Tract 105.02; Hillsborough County; Florida","1177","191","550","107","627","199",
"1400000US12057010600","Census Tract 106; Hillsborough County; Florida","1281","167","797","130","484","178",
"1400000US12057010701","Census Tract 107.01; Hillsborough County; Florida","2249","255","1517","218","732","231",
"1400000US12057010702","Census Tract 107.02; Hillsborough County; Florida","1163","141","723","137","440","114",
"1400000US12057010805","Census Tract 108.05; Hillsborough County; Florida","1984","268","130","80","1854","280",
"1400000US12057010808","Census Tract 108.08; Hillsborough County; Florida","1534","197","0","15","1534","197",
"1400000US12057010809","Census Tract 108.09; Hillsborough County; Florida","1023","208","327","75","696","212",
"1400000US12057010810","Census Tract 108.10; Hillsborough County; Florida","2003","350","357","126","1646","312",
"1400000US12057010811","Census Tract 108.11; Hillsborough County; Florida","3293","448","1185","207","2108","468",
"1400000US12057010814","Census Tract 108.14; Hillsborough County; Florida","1250","318","114","85","1136","317",
"1400000US12057010815","Census Tract 108.15; Hillsborough County; Florida","780","125","3","8","777","125",
"1400000US12057010816","Census Tract 108.16; Hillsborough County; Florida","1591","229","2","14","1589","231",
"1400000US12057010817","Census Tract 108.17; Hillsborough County; Florida","1923","248","775","196","1148","229",
"1400000US12057010819","Census Tract 108.19; Hillsborough County; Florida","916","134","255","96","661","136",
"1400000US12057010820","Census Tract 108.20; Hillsborough County; Florida","1390","412","0","15","1390","412",
"1400000US12057010821","Census Tract 108.21; Hillsborough County; Florida","1107","170","24","27","1083","173",
"1400000US12057010822","Census Tract 108.22; Hillsborough County; Florida","1104","234","58","53","1046","238",
"1400000US12057010823","Census Tract 108.23; Hillsborough County; Florida","1186","190","0","15","1186","190",
"1400000US12057010824","Census Tract 108.24; Hillsborough County; Florida","1735","256","56","64","1679","261",
"1400000US12057010900","Census Tract 109; Hillsborough County; Florida","34","39","0","21","34","39",
"1400000US12057011003","Census Tract 110.03; Hillsborough County; Florida","2733","468","902","229","1831","461",
"1400000US12057011005","Census Tract 110.05; Hillsborough County; Florida","960","122","869","118","91","60",
"1400000US12057011006","Census Tract 110.06; Hillsborough County; Florida","2610","365","2229","353","381","232",
"1400000US12057011007","Census Tract 110.07; Hillsborough County; Florida","1222","221","957","223","265","106",
"1400000US12057011008","Census Tract 110.08; Hillsborough County; Florida","2680","216","1156","196","1524","264",
"1400000US12057011010","Census Tract 110.10; Hillsborough County; Florida","1890","259","937","221","953","204",
"1400000US12057011013","Census Tract 110.13; Hillsborough County; Florida","1814","189","694","127","1120","203",
"1400000US12057011016","Census Tract 110.16; Hillsborough County; Florida","1721","167","881","118","840","152",
"1400000US12057011017","Census Tract 110.17; Hillsborough County; Florida","994","76","451","75","543","87",
"1400000US12057011018","Census Tract 110.18; Hillsborough County; Florida","2812","411","473","120","2339","418",
"1400000US12057011019","Census Tract 110.19; Hillsborough County; Florida","3953","314","2484","311","1469","343",
"1400000US12057011103","Census Tract 111.03; Hillsborough County; Florida","1340","172","1184","181","156","71",
"1400000US12057011106","Census Tract 111.06; Hillsborough County; Florida","1080","107","327","73","753","119",
"1400000US12057011107","Census Tract 111.07; Hillsborough County; Florida","2657","292","2084","246","573","272",
"1400000US12057011108","Census Tract 111.08; Hillsborough County; Florida","840","110","638","83","202","118",
"1400000US12057011109","Census Tract 111.09; Hillsborough County; Florida","1978","193","1452","223","526","125",
"1400000US12057011203","Census Tract 112.03; Hillsborough County; Florida","1570","153","1042","145","528","142",
"1400000US12057011204","Census Tract 112.04; Hillsborough County; Florida","2407","184","2063","224","344","159",
"1400000US12057011205","Census Tract 112.05; Hillsborough County; Florida","1425","193","1217","208","208","90",
"1400000US12057011206","Census Tract 112.06; Hillsborough County; Florida","1422","210","665","162","757","205",
"1400000US12057011301","Census Tract 113.01; Hillsborough County; Florida","1256","161","1111","159","145","65",
"1400000US12057011303","Census Tract 113.03; Hillsborough County; Florida","1494","233","951","188","543","181",
"1400000US12057011304","Census Tract 113.04; Hillsborough County; Florida","2425","303","2013","304","412","185",
"1400000US12057011407","Census Tract 114.07; Hillsborough County; Florida","1086","112","839","120","247","76",
"1400000US12057011408","Census Tract 114.08; Hillsborough County; Florida","1090","147","769","90","321","143",
"1400000US12057011409","Census Tract 114.09; Hillsborough County; Florida","1295","170","944","166","351","123",
"1400000US12057011410","Census Tract 114.10; Hillsborough County; Florida","2464","240","2101","267","363","178",
"1400000US12057011411","Census Tract 114.11; Hillsborough County; Florida","680","143","580","144","100","58",
"1400000US12057011412","Census Tract 114.12; Hillsborough County; Florida","1459","103","853","124","606","107",
"1400000US12057011413","Census Tract 114.13; Hillsborough County; Florida","2410","317","1638","331","772","180",
"1400000US12057011414","Census Tract 114.14; Hillsborough County; Florida","3353","408","1975","407","1378","288",
"1400000US12057011415","Census Tract 114.15; Hillsborough County; Florida","2197","542","1244","239","953","559",
"1400000US12057011416","Census Tract 114.16; Hillsborough County; Florida","2552","186","1821","235","731","248",
"1400000US12057011417","Census Tract 114.17; Hillsborough County; Florida","2145","242","952","168","1193","308",
"1400000US12057011418","Census Tract 114.18; Hillsborough County; Florida","1693","148","1265","146","428","106",
"1400000US12057011504","Census Tract 115.04; Hillsborough County; Florida","1048","148","927","152","121","60",
"1400000US12057011506","Census Tract 115.06; Hillsborough County; Florida","3573","335","1980","290","1593","332",
"1400000US12057011509","Census Tract 115.09; Hillsborough County; Florida","2610","433","2479","457","131","94",
"1400000US12057011510","Census Tract 115.10; Hillsborough County; Florida","1744","263","1595","255","149","71",
"1400000US12057011512","Census Tract 115.12; Hillsborough County; Florida","1543","124","1350","152","193","126",
"1400000US12057011514","Census Tract 115.14; Hillsborough County; Florida","2426","497","2216","508","210","117",
"1400000US12057011515","Census Tract 115.15; Hillsborough County; Florida","1453","199","1341","201","112","84",
"1400000US12057011516","Census Tract 115.16; Hillsborough County; Florida","1270","122","938","120","332","117",
"1400000US12057011518","Census Tract 115.18; Hillsborough County; Florida","1496","116","1407","117","89","67",
"1400000US12057011519","Census Tract 115.19; Hillsborough County; Florida","794","64","697","79","97","47",
"1400000US12057011520","Census Tract 115.20; Hillsborough County; Florida","2286","257","1562","267","724","168",
"1400000US12057011521","Census Tract 115.21; Hillsborough County; Florida","2196","146","386","139","1810","152",
"1400000US12057011522","Census Tract 115.22; Hillsborough County; Florida","1965","214","1777","216","188","84",
"1400000US12057011523","Census Tract 115.23; Hillsborough County; Florida","648","92","629","92","19","16",
"1400000US12057011524","Census Tract 115.24; Hillsborough County; Florida","2208","198","540","124","1668","216",
"1400000US12057011525","Census Tract 115.25; Hillsborough County; Florida","1513","138","944","125","569","150",
"1400000US12057011526","Census Tract 115.26; Hillsborough County; Florida","1891","241","1241","251","650","184",
"1400000US12057011527","Census Tract 115.27; Hillsborough County; Florida","1364","198","1270","202","94","58",
"1400000US12057011528","Census Tract 115.28; Hillsborough County; Florida","2015","152","1776","164","239","128",
"1400000US12057011603","Census Tract 116.03; Hillsborough County; Florida","1435","163","1031","197","404","140",
"1400000US12057011605","Census Tract 116.05; Hillsborough County; Florida","2020","248","1413","260","607","207",
"1400000US12057011610","Census Tract 116.10; Hillsborough County; Florida","2275","348","1450","350","825","223",
"1400000US12057011611","Census Tract 116.11; Hillsborough County; Florida","1488","234","1047","170","441","198",
"1400000US12057011612","Census Tract 116.12; Hillsborough County; Florida","2394","434","1516","477","878","267",
"1400000US12057011613","Census Tract 116.13; Hillsborough County; Florida","1898","224","1181","191","717","219",
"1400000US12057011614","Census Tract 116.14; Hillsborough County; Florida","2664","316","1910","345","754","218",
"1400000US12057011615","Census Tract 116.15; Hillsborough County; Florida","1663","233","544","142","1119","235",
"1400000US12057011616","Census Tract 116.16; Hillsborough County; Florida","3747","299","3043","298","704","240",
"1400000US12057011617","Census Tract 116.17; Hillsborough County; Florida","1594","268","1094","264","500","137",
"1400000US12057011708","Census Tract 117.08; Hillsborough County; Florida","2653","255","715","168","1938","262",
"1400000US12057011712","Census Tract 117.12; Hillsborough County; Florida","2389","310","1521","277","868","316",
"1400000US12057011713","Census Tract 117.13; Hillsborough County; Florida","2739","309","697","150","2042","340",
"1400000US12057011714","Census Tract 117.14; Hillsborough County; Florida","1045","256","787","249","258","108",
"1400000US12057011715","Census Tract 117.15; Hillsborough County; Florida","879","105","432","120","447","117",
"1400000US12057011716","Census Tract 117.16; Hillsborough County; Florida","2484","219","794","192","1690","198",
"1400000US12057011802","Census Tract 118.02; Hillsborough County; Florida","2112","234","1822","273","290","142",
"1400000US12057011804","Census Tract 118.04; Hillsborough County; Florida","1794","141","977","155","817","196",
"1400000US12057011805","Census Tract 118.05; Hillsborough County; Florida","1641","355","759","165","882","338",
"1400000US12057011806","Census Tract 118.06; Hillsborough County; Florida","1324","150","253","91","1071","172",
"1400000US12057011905","Census Tract 119.05; Hillsborough County; Florida","558","153","218","51","340","151",
"1400000US12057011907","Census Tract 119.07; Hillsborough County; Florida","1341","185","452","136","889","190",
"1400000US12057011908","Census Tract 119.08; Hillsborough County; Florida","1124","274","20","23","1104","280",
"1400000US12057011909","Census Tract 119.09; Hillsborough County; Florida","1320","211","1143","218","177","92",
"1400000US12057011910","Census Tract 119.10; Hillsborough County; Florida","1431","124","557","81","874","144",
"1400000US12057011911","Census Tract 119.11; Hillsborough County; Florida","2625","309","742","135","1883","297",
"1400000US12057012001","Census Tract 120.01; Hillsborough County; Florida","1110","187","794","168","316","104",
"1400000US12057012002","Census Tract 120.02; Hillsborough County; Florida","1420","154","792","171","628","172",
"1400000US12057012103","Census Tract 121.03; Hillsborough County; Florida","2988","370","1385","346","1603","346",
"1400000US12057012106","Census Tract 121.06; Hillsborough County; Florida","1922","206","1738","232","184","107",
"1400000US12057012107","Census Tract 121.07; Hillsborough County; Florida","2141","293","1264","269","877","309",
"1400000US12057012108","Census Tract 121.08; Hillsborough County; Florida","1266","116","1045","126","221","89",
"1400000US12057012109","Census Tract 121.09; Hillsborough County; Florida","1341","249","358","124","983","240",
"1400000US12057012110","Census Tract 121.10; Hillsborough County; Florida","2031","307","1422","333","609","172",
"1400000US12057012206","Census Tract 122.06; Hillsborough County; Florida","2201","254","1956","291","245","170",
"1400000US12057012207","Census Tract 122.07; Hillsborough County; Florida","3023","423","2519","499","504","259",
"1400000US12057012208","Census Tract 122.08; Hillsborough County; Florida","2214","216","2120","237","94","84",
"1400000US12057012209","Census Tract 122.09; Hillsborough County; Florida","1815","229","1339","200","476","179",
"1400000US12057012210","Census Tract 122.10; Hillsborough County; Florida","2211","310","1599","300","612","212",
"1400000US12057012211","Census Tract 122.11; Hillsborough County; Florida","36","34","26","33","10","10",
"1400000US12057012212","Census Tract 122.12; Hillsborough County; Florida","1640","118","447","116","1193","177",
"1400000US12057012213","Census Tract 122.13; Hillsborough County; Florida","1972","183","1547","167","425","128",
"1400000US12057012301","Census Tract 123.01; Hillsborough County; Florida","2599","289","1292","236","1307","250",
"1400000US12057012303","Census Tract 123.03; Hillsborough County; Florida","1644","349","1057","311","587","202",
"1400000US12057012304","Census Tract 123.04; Hillsborough County; Florida","1940","175","1135","166","805","175",
"1400000US12057012401","Census Tract 124.01; Hillsborough County; Florida","1691","345","1273","265","418","275",
"1400000US12057012402","Census Tract 124.02; Hillsborough County; Florida","843","112","612","121","231","72",
"1400000US12057012403","Census Tract 124.03; Hillsborough County; Florida","1860","194","1414","227","446","194",
"1400000US12057012501","Census Tract 125.01; Hillsborough County; Florida","1477","231","1146","239","331","119",
"1400000US12057012503","Census Tract 125.03; Hillsborough County; Florida","1819","221","1149","170","670","167",
"1400000US12057012504","Census Tract 125.04; Hillsborough County; Florida","1365","225","1189","221","176","62",
"1400000US12057012600","Census Tract 126; Hillsborough County; Florida","1959","359","1482","348","477","198",
"1400000US12057012701","Census Tract 127.01; Hillsborough County; Florida","2100","266","1150","273","950","317",
"1400000US12057012702","Census Tract 127.02; Hillsborough County; Florida","1411","166","730","157","681","150",
"1400000US12057012800","Census Tract 128; Hillsborough County; Florida","1361","180","1004","188","357","112",
"1400000US12057012900","Census Tract 129; Hillsborough County; Florida","1131","180","637","185","494","159",
"1400000US12057013001","Census Tract 130.01; Hillsborough County; Florida","1302","179","853","157","449","161",
"1400000US12057013002","Census Tract 130.02; Hillsborough County; Florida","1785","145","1336","188","449","137",
"1400000US12057013003","Census Tract 130.03; Hillsborough County; Florida","1412","110","823","136","589","120",
"1400000US12057013004","Census Tract 130.04; Hillsborough County; Florida","1308","292","1050","294","258","136",
"1400000US12057013100","Census Tract 131; Hillsborough County; Florida","967","120","731","108","236","91",
"1400000US12057013203","Census Tract 132.03; Hillsborough County; Florida","1113","95","951","115","162","93",
"1400000US12057013204","Census Tract 132.04; Hillsborough County; Florida","1906","234","1391","246","515","120",
"1400000US12057013205","Census Tract 132.05; Hillsborough County; Florida","3138","545","2442","469","696","404",
"1400000US12057013206","Census Tract 132.06; Hillsborough County; Florida","1838","125","1574","138","264","109",
"1400000US12057013207","Census Tract 132.07; Hillsborough County; Florida","1571","144","1237","169","334","123",
"1400000US12057013208","Census Tract 132.08; Hillsborough County; Florida","1886","207","1651","136","235","166",
"1400000US12057013305","Census Tract 133.05; Hillsborough County; Florida","1875","187","1701","191","174","70",
"1400000US12057013307","Census Tract 133.07; Hillsborough County; Florida","1674","225","532","156","1142","199",
"1400000US12057013310","Census Tract 133.10; Hillsborough County; Florida","1104","167","765","117","339","155",
"1400000US12057013311","Census Tract 133.11; Hillsborough County; Florida","1360","180","617","139","743","186",
"1400000US12057013312","Census Tract 133.12; Hillsborough County; Florida","2010","251","1517","248","493","210",
"1400000US12057013313","Census Tract 133.13; Hillsborough County; Florida","1950","243","1895","242","55","32",
"1400000US12057013314","Census Tract 133.14; Hillsborough County; Florida","1113","222","1007","224","106","59",
"1400000US12057013315","Census Tract 133.15; Hillsborough County; Florida","3122","267","246","119","2876","288",
"1400000US12057013316","Census Tract 133.16; Hillsborough County; Florida","1310","149","0","15","1310","149",
"1400000US12057013317","Census Tract 133.17; Hillsborough County; Florida","1408","160","11","17","1397","161",
"1400000US12057013319","Census Tract 133.19; Hillsborough County; Florida","2763","386","1263","212","1500","382",
"1400000US12057013320","Census Tract 133.20; Hillsborough County; Florida","1857","175","907","170","950","160",
"1400000US12057013322","Census Tract 133.22; Hillsborough County; Florida","2672","280","1268","255","1404","268",
"1400000US12057013323","Census Tract 133.23; Hillsborough County; Florida","4409","347","1977","412","2432","364",
"1400000US12057013406","Census Tract 134.06; Hillsborough County; Florida","509","83","296","54","213","84",
"1400000US12057013407","Census Tract 134.07; Hillsborough County; Florida","2517","294","2094","282","423","178",
"1400000US12057013409","Census Tract 134.09; Hillsborough County; Florida","1827","232","1467","221","360","128",
"1400000US12057013410","Census Tract 134.10; Hillsborough County; Florida","1707","157","896","147","811","167",
"1400000US12057013411","Census Tract 134.11; Hillsborough County; Florida","1358","252","902","183","456","226",
"1400000US12057013412","Census Tract 134.12; Hillsborough County; Florida","1540","151","1313","191","227","128",
"1400000US12057013413","Census Tract 134.13; Hillsborough County; Florida","1373","123","1219","144","154","101",
"1400000US12057013414","Census Tract 134.14; Hillsborough County; Florida","2252","278","1911","306","341","179",
"1400000US12057013415","Census Tract 134.15; Hillsborough County; Florida","1241","147","908","124","333","151",
"1400000US12057013501","Census Tract 135.01; Hillsborough County; Florida","1492","305","812","311","680","134",
"1400000US12057013503","Census Tract 135.03; Hillsborough County; Florida","1177","143","688","159","489","125",
"1400000US12057013504","Census Tract 135.04; Hillsborough County; Florida","1106","93","852","136","254","116",
"1400000US12057013505","Census Tract 135.05; Hillsborough County; Florida","1180","141","763","185","417","131",
"1400000US12057013602","Census Tract 136.02; Hillsborough County; Florida","1341","166","878","167","463","176",
"1400000US12057013604","Census Tract 136.04; Hillsborough County; Florida","632","95","328","95","304","89",
"1400000US12057013702","Census Tract 137.02; Hillsborough County; Florida","4909","426","3348","496","1561","356",
"1400000US12057013703","Census Tract 137.03; Hillsborough County; Florida","3692","407","2064","368","1628","287",
"1400000US12057013705","Census Tract 137.05; Hillsborough County; Florida","2573","287","1746","311","827","197",
"1400000US12057013706","Census Tract 137.06; Hillsborough County; Florida","1189","416","40","47","1149","420",
"1400000US12057013801","Census Tract 138.01; Hillsborough County; Florida","772","110","405","89","367","102",
"1400000US12057013802","Census Tract 138.02; Hillsborough County; Florida","1491","161","591","167","900","125",
"1400000US12057013803","Census Tract 138.03; Hillsborough County; Florida","630","74","432","99","198","61",
"1400000US12057013804","Census Tract 138.04; Hillsborough County; Florida","3382","417","2476","466","906","263",
"1400000US12057013806","Census Tract 138.06; Hillsborough County; Florida","1684","140","1408","196","276","153",
"1400000US12057013807","Census Tract 138.07; Hillsborough County; Florida","3950","308","3221","392","729","305",
"1400000US12057013903","Census Tract 139.03; Hillsborough County; Florida","1138","201","989","208","149","87",
"1400000US12057013907","Census Tract 139.07; Hillsborough County; Florida","796","233","689","235","107","61",
"1400000US12057013912","Census Tract 139.12; Hillsborough County; Florida","2738","358","2448","277","290","214",
"1400000US12057013913","Census Tract 139.13; Hillsborough County; Florida","5447","331","4582","399","865","322",
"1400000US12057013914","Census Tract 139.14; Hillsborough County; Florida","3290","632","2976","651","314","169",
"1400000US12057013915","Census Tract 139.15; Hillsborough County; Florida","3672","296","2853","274","819","302",
"1400000US12057013916","Census Tract 139.16; Hillsborough County; Florida","6336","653","5576","443","760","584",
"1400000US12057013917","Census Tract 139.17; Hillsborough County; Florida","2479","339","1788","289","691","408",
"1400000US12057013918","Census Tract 139.18; Hillsborough County; Florida","605","75","497","82","108","56",
"1400000US12057013919","Census Tract 139.19; Hillsborough County; Florida","2606","177","1984","283","622","261",
"1400000US12057013922","Census Tract 139.22; Hillsborough County; Florida","2500","327","1902","363","598","161",
"1400000US12057013923","Census Tract 139.23; Hillsborough County; Florida","3537","391","2798","284","739","371",
"1400000US12057013924","Census Tract 139.24; Hillsborough County; Florida","1850","221","1656","222","194","105",
"1400000US12057013925","Census Tract 139.25; Hillsborough County; Florida","2137","255","1824","284","313","160",
"1400000US12057013926","Census Tract 139.26; Hillsborough County; Florida","2752","240","2493","254","259","127",
"1400000US12057014002","Census Tract 140.02; Hillsborough County; Florida","1148","189","964","151","184","124",
"1400000US12057014003","Census Tract 140.03; Hillsborough County; Florida","662","123","656","122","6","9",
"1400000US12057014007","Census Tract 140.07; Hillsborough County; Florida","5227","375","3975","475","1252","373",
"1400000US12057014008","Census Tract 140.08; Hillsborough County; Florida","1957","148","1645","110","312","112",
"1400000US12057014009","Census Tract 140.09; Hillsborough County; Florida","1097","110","507","58","590","102",
"1400000US12057014010","Census Tract 140.10; Hillsborough County; Florida","1370","126","1220","137","150","57",
"1400000US12057014011","Census Tract 140.11; Hillsborough County; Florida","2683","482","2299","400","384","326",
"1400000US12057014012","Census Tract 140.12; Hillsborough County; Florida","1646","173","1569","171","77","52",
"1400000US12057014013","Census Tract 140.13; Hillsborough County; Florida","361","53","203","63","158","66",
"1400000US12057014014","Census Tract 140.14; Hillsborough County; Florida","1350","142","915","131","435","109",
"1400000US12057014017","Census Tract 140.17; Hillsborough County; Florida","1645","147","1506","169","139","68",
"1400000US12057014104","Census Tract 141.04; Hillsborough County; Florida","972","161","735","143","237","129",
"1400000US12057014106","Census Tract 141.06; Hillsborough County; Florida","1607","257","1118","160","489","254",
"1400000US12057014108","Census Tract 141.08; Hillsborough County; Florida","2110","243","1418","221","692","228",
"1400000US12057014109","Census Tract 141.09; Hillsborough County; Florida","3119","309","2742","299","377","182",
"1400000US12057014117","Census Tract 141.17; Hillsborough County; Florida","1479","146","1193","179","286","120",
"1400000US12057014118","Census Tract 141.18; Hillsborough County; Florida","1893","176","1779","187","114","82",
"1400000US12057014119","Census Tract 141.19; Hillsborough County; Florida","4437","330","3841","400","596","224",
"1400000US12057014121","Census Tract 141.21; Hillsborough County; Florida","2509","348","1961","238","548","317",
"1400000US12057014122","Census Tract 141.22; Hillsborough County; Florida","2807","181","2042","205","765","217",
"1400000US12057014200","Census Tract 142; Hillsborough County; Florida","2024","243","281","132","1743","248",
"1400000US12057014300","Census Tract 143; Hillsborough County; Florida","1552","179","1394","174","158","97",
"1400000US12057014400","Census Tract 144; Hillsborough County; Florida","2076","235","1109","160","967","225",
"1400000US12057980100","Census Tract 9801; Hillsborough County; Florida","0","15","0","15","0","15",
"1400000US12057980200","Census Tract 9802; Hillsborough County; Florida","0","15","0","15","0","15",
"1400000US12057980300","Census Tract 9803; Hillsborough County; Florida","0","15","0","15","0","15",
"1400000US12057980400","Census Tract 9804; Hillsborough County; Florida","41","33","16","17","25","29",
"1400000US12057980500","Census Tract 9805; Hillsborough County; Florida","0","15","0","15","0","15",
"1400000US12057980600","Census Tract 9806; Hillsborough County; Florida","0","15","0","15","0","15",
"1400000US12057980700","Census Tract 9807; Hillsborough County; Florida","0","15","0","15","0","15",
"1400000US12057990000","Census Tract 9900; Hillsborough County; Florida","0","15","0","15","0","15",
"1400000US12057990100","Census Tract 9901; Hillsborough County; Florida","0","15","0","15","0","15",
"1400000US12059960100","Census Tract 9601; Holmes County; Florida","1419","166","1091","156","328","156",
"1400000US12059960201","Census Tract 9602.01; Holmes County; Florida","1230","219","1078","211","152","76",
"1400000US12059960202","Census Tract 9602.02; Holmes County; Florida","862","128","675","134","187","72",
"1400000US12059960300","Census Tract 9603; Holmes County; Florida","1223","171","1104","176","119","86",
"1400000US12059960401","Census Tract 9604.01; Holmes County; Florida","7","11","7","11","0","15",
"1400000US12059960402","Census Tract 9604.02; Holmes County; Florida","1310","176","906","190","404","151",
"1400000US12059960403","Census Tract 9604.03; Holmes County; Florida","960","141","495","108","465","127",
"1400000US12061050101","Census Tract 501.01; Indian River County; Florida","1745","214","700","183","1045","166",
"1400000US12061050102","Census Tract 501.02; Indian River County; Florida","1501","186","815","186","686","208",
"1400000US12061050201","Census Tract 502.01; Indian River County; Florida","667","111","460","109","207","71",
"1400000US12061050202","Census Tract 502.02; Indian River County; Florida","884","157","712","128","172","80",
"1400000US12061050303","Census Tract 503.03; Indian River County; Florida","922","204","342","138","580","172",
"1400000US12061050304","Census Tract 503.04; Indian River County; Florida","741","142","501","145","240","128",
"1400000US12061050305","Census Tract 503.05; Indian River County; Florida","1572","403","960","373","612","187",
"1400000US12061050306","Census Tract 503.06; Indian River County; Florida","1240","184","928","127","312","154",
"1400000US12061050401","Census Tract 504.01; Indian River County; Florida","1703","238","581","150","1122","240",
"1400000US12061050402","Census Tract 504.02; Indian River County; Florida","1239","180","1003","156","236","95",
"1400000US12061050504","Census Tract 505.04; Indian River County; Florida","761","160","626","155","135","56",
"1400000US12061050505","Census Tract 505.05; Indian River County; Florida","1716","226","1595","213","121","66",
"1400000US12061050506","Census Tract 505.06; Indian River County; Florida","2242","336","2220","334","22","34",
"1400000US12061050507","Census Tract 505.07; Indian River County; Florida","1039","200","1025","199","14","15",
"1400000US12061050508","Census Tract 505.08; Indian River County; Florida","1067","155","1000","155","67","56",
"1400000US12061050509","Census Tract 505.09; Indian River County; Florida","914","177","892","173","22","22",
"1400000US12061050601","Census Tract 506.01; Indian River County; Florida","1522","262","989","241","533","153",
"1400000US12061050602","Census Tract 506.02; Indian River County; Florida","1935","228","1625","258","310","159",
"1400000US12061050603","Census Tract 506.03; Indian River County; Florida","2521","303","2121","338","400","163",
"1400000US12061050604","Census Tract 506.04; Indian River County; Florida","1093","153","771","148","322","108",
"1400000US12061050605","Census Tract 506.05; Indian River County; Florida","1083","174","1033","168","50","54",
"1400000US12061050607","Census Tract 506.07; Indian River County; Florida","2181","230","1536","257","645","242",
"1400000US12061050608","Census Tract 506.08; Indian River County; Florida","1924","346","1577","368","347","143",
"1400000US12061050702","Census Tract 507.02; Indian River County; Florida","1876","255","1708","241","168","103",
"1400000US12061050704","Census Tract 507.04; Indian River County; Florida","1651","179","1164","189","487","121",
"1400000US12061050706","Census Tract 507.06; Indian River County; Florida","2650","274","2422","294","228","93",
"1400000US12061050707","Census Tract 507.07; Indian River County; Florida","1926","381","1779","383","147","81",
"1400000US12061050708","Census Tract 507.08; Indian River County; Florida","2281","237","1617","206","664","220",
"1400000US12061050709","Census Tract 507.09; Indian River County; Florida","1195","135","820","144","375","98",
"1400000US12061050805","Census Tract 508.05; Indian River County; Florida","2010","337","1615","216","395","276",
"1400000US12061050806","Census Tract 508.06; Indian River County; Florida","2643","343","2186","367","457","173",
"1400000US12061050807","Census Tract 508.07; Indian River County; Florida","2414","358","1979","369","435","184",
"1400000US12061050808","Census Tract 508.08; Indian River County; Florida","2049","271","1626","249","423","146",
"1400000US12061050809","Census Tract 508.09; Indian River County; Florida","2759","239","2567","267","192","120",
"1400000US12061050810","Census Tract 508.10; Indian River County; Florida","1478","207","1402","203","76","53",
"1400000US12061050811","Census Tract 508.11; Indian River County; Florida","3346","292","3184","293","162","98",
"1400000US12061050812","Census Tract 508.12; Indian River County; Florida","1433","130","1265","158","168","108",
"1400000US12061050903","Census Tract 509.03; Indian River County; Florida","2522","275","2139","286","383","186",
"1400000US12061050905","Census Tract 509.05; Indian River County; Florida","1984","260","1567","256","417","139",
"1400000US12061050906","Census Tract 509.06; Indian River County; Florida","1182","207","1016","206","166","125",
"1400000US12061050907","Census Tract 509.07; Indian River County; Florida","707","138","587","138","120","65",
"1400000US12061050908","Census Tract 509.08; Indian River County; Florida","1372","201","1170","201","202","153",
"1400000US12061050909","Census Tract 509.09; Indian River County; Florida","1126","184","910","183","216","133",
"1400000US12061980000","Census Tract 9800; Indian River County; Florida","0","15","0","15","0","15",
"1400000US12061990000","Census Tract 9900; Indian River County; Florida","0","15","0","15","0","15",
"1400000US12063210100","Census Tract 2101; Jackson County; Florida","1071","152","924","134","147","82",
"1400000US12063210200","Census Tract 2102; Jackson County; Florida","428","78","372","75","56","33",
"1400000US12063210301","Census Tract 2103.01; Jackson County; Florida","896","135","656","128","240","109",
"1400000US12063210302","Census Tract 2103.02; Jackson County; Florida","782","104","462","91","320","94",
"1400000US12063210400","Census Tract 2104; Jackson County; Florida","1498","185","1141","149","357","124",
"1400000US12063210500","Census Tract 2105; Jackson County; Florida","1552","272","1116","229","436","177",
"1400000US12063210600","Census Tract 2106; Jackson County; Florida","2405","275","1370","280","1035","232",
"1400000US12063210700","Census Tract 2107; Jackson County; Florida","1570","199","1415","216","155","100",
"1400000US12063210800","Census Tract 2108; Jackson County; Florida","1625","199","1281","171","344","170",
"1400000US12063210901","Census Tract 2109.01; Jackson County; Florida","768","117","595","105","173","76",
"1400000US12063210902","Census Tract 2109.02; Jackson County; Florida","1025","166","751","148","274","85",
"1400000US12063211000","Census Tract 2110; Jackson County; Florida","1854","252","1399","188","455","200",
"1400000US12063211100","Census Tract 2111; Jackson County; Florida","1802","237","1635","249","167","90",
"1400000US12065250103","Census Tract 2501.03; Jefferson County; Florida","969","158","443","132","526","160",
"1400000US12065250104","Census Tract 2501.04; Jefferson County; Florida","1138","148","1074","150","64","47",
"1400000US12065250105","Census Tract 2501.05; Jefferson County; Florida","765","125","582","128","183","69",
"1400000US12065250106","Census Tract 2501.06; Jefferson County; Florida","1022","136","805","126","217","77",
"1400000US12065250200","Census Tract 2502; Jefferson County; Florida","1857","159","1459","181","398","162",
"1400000US12065990000","Census Tract 9900; Jefferson County; Florida","0","15","0","15","0","15",
"1400000US12067960100","Census Tract 9601; Lafayette County; Florida","431","79","370","68","61","45",
"1400000US12067960201","Census Tract 9602.01; Lafayette County; Florida","1197","185","851","169","346","145",
"1400000US12067960202","Census Tract 9602.02; Lafayette County; Florida","1004","229","810","222","194","97",
"1400000US12069030102","Census Tract 301.02; Lake County; Florida","1483","177","1382","174","101","80",
"1400000US12069030104","Census Tract 301.04; Lake County; Florida","820","118","372","71","448","115",
"1400000US12069030106","Census Tract 301.06; Lake County; Florida","647","91","544","101","103","58",
"1400000US12069030108","Census Tract 301.08; Lake County; Florida","1672","186","1598","177","74","44",
"1400000US12069030109","Census Tract 301.09; Lake County; Florida","1633","182","1404","198","229","112",
"1400000US12069030110","Census Tract 301.10; Lake County; Florida","1495","199","1379","193","116","85",
"1400000US12069030111","Census Tract 301.11; Lake County; Florida","702","132","649","130","53","46",
"1400000US12069030112","Census Tract 301.12; Lake County; Florida","1960","386","1427","244","533","359",
"1400000US12069030203","Census Tract 302.03; Lake County; Florida","4916","580","4650","597","266","218",
"1400000US12069030204","Census Tract 302.04; Lake County; Florida","1619","191","1243","190","376","153",
"1400000US12069030206","Census Tract 302.06; Lake County; Florida","1895","233","1030","178","865","255",
"1400000US12069030208","Census Tract 302.08; Lake County; Florida","2232","453","1827","467","405","122",
"1400000US12069030209","Census Tract 302.09; Lake County; Florida","2114","470","918","235","1196","406",
"1400000US12069030210","Census Tract 302.10; Lake County; Florida","1177","160","906","176","271","103",
"1400000US12069030211","Census Tract 302.11; Lake County; Florida","1694","165","1542","159","152","111",
"1400000US12069030302","Census Tract 303.02; Lake County; Florida","1937","206","1730","224","207","114",
"1400000US12069030305","Census Tract 303.05; Lake County; Florida","1272","170","1181","181","91","65",
"1400000US12069030306","Census Tract 303.06; Lake County; Florida","2702","458","2272","473","430","182",
"1400000US12069030307","Census Tract 303.07; Lake County; Florida","2177","275","1712","254","465","149",
"1400000US12069030308","Census Tract 303.08; Lake County; Florida","1816","194","1606","205","210","114",
"1400000US12069030405","Census Tract 304.05; Lake County; Florida","2517","285","2113","293","404","191",
"1400000US12069030406","Census Tract 304.06; Lake County; Florida","1838","205","1700","215","138","84",
"1400000US12069030407","Census Tract 304.07; Lake County; Florida","1198","164","634","168","564","119",
"1400000US12069030408","Census Tract 304.08; Lake County; Florida","2348","313","1734","247","614","215",
"1400000US12069030409","Census Tract 304.09; Lake County; Florida","3815","539","3443","581","372","338",
"1400000US12069030410","Census Tract 304.10; Lake County; Florida","1466","178","1291","164","175","119",
"1400000US12069030411","Census Tract 304.11; Lake County; Florida","3304","429","2376","424","928","283",
"1400000US12069030505","Census Tract 305.05; Lake County; Florida","1872","357","865","305","1007","344",
"1400000US12069030506","Census Tract 305.06; Lake County; Florida","2610","240","2469","239","141","82",
"1400000US12069030507","Census Tract 305.07; Lake County; Florida","3641","360","2492","402","1149","398",
"1400000US12069030601","Census Tract 306.01; Lake County; Florida","2654","364","2067","396","587","202",
"1400000US12069030602","Census Tract 306.02; Lake County; Florida","1482","320","585","164","897","290",
"1400000US12069030701","Census Tract 307.01; Lake County; Florida","1230","243","609","231","621","166",
"1400000US12069030702","Census Tract 307.02; Lake County; Florida","2363","268","1681","250","682","285",
"1400000US12069030803","Census Tract 308.03; Lake County; Florida","2788","519","2083","462","705","271",
"1400000US12069030804","Census Tract 308.04; Lake County; Florida","698","126","355","95","343","113",
"1400000US12069030805","Census Tract 308.05; Lake County; Florida","1797","251","1579","269","218","85",
"1400000US12069030806","Census Tract 308.06; Lake County; Florida","1847","204","1486","215","361","151",
"1400000US12069030807","Census Tract 308.07; Lake County; Florida","2180","311","1515","275","665","299",
"1400000US12069030914","Census Tract 309.14; Lake County; Florida","2496","380","1443","297","1053","330",
"1400000US12069030915","Census Tract 309.15; Lake County; Florida","3840","455","2324","384","1516","301",
"1400000US12069030916","Census Tract 309.16; Lake County; Florida","2346","589","2229","597","117","112",
"1400000US12069030917","Census Tract 309.17; Lake County; Florida","3157","404","2546","400","611","239",
"1400000US12069030918","Census Tract 309.18; Lake County; Florida","796","79","755","92","41","33",
"1400000US12069031001","Census Tract 310.01; Lake County; Florida","872","174","701","150","171","75",
"1400000US12069031002","Census Tract 310.02; Lake County; Florida","2758","289","2235","259","523","210",
"1400000US12069031103","Census Tract 311.03; Lake County; Florida","1040","101","922","104","118","44",
"1400000US12069031104","Census Tract 311.04; Lake County; Florida","1160","261","1148","263","12","19",
"1400000US12069031105","Census Tract 311.05; Lake County; Florida","3547","435","3347","447","200","124",
"1400000US12069031106","Census Tract 311.06; Lake County; Florida","1308","146","1230","146","78","41",
"1400000US12069031107","Census Tract 311.07; Lake County; Florida","1712","226","1546","209","166","147",
"1400000US12069031108","Census Tract 311.08; Lake County; Florida","1367","165","1328","165","39","28",
"1400000US12069031202","Census Tract 312.02; Lake County; Florida","2902","494","2609","512","293","188",
"1400000US12069031203","Census Tract 312.03; Lake County; Florida","2567","341","2116","335","451","222",
"1400000US12069031205","Census Tract 312.05; Lake County; Florida","1207","211","897","188","310","172",
"1400000US12069031206","Census Tract 312.06; Lake County; Florida","2019","369","1794","391","225","113",
"1400000US12069031207","Census Tract 312.07; Lake County; Florida","5303","442","4530","454","773","421",
"1400000US12069031208","Census Tract 312.08; Lake County; Florida","1796","301","1595","317","201","206",
"1400000US12069031301","Census Tract 313.01; Lake County; Florida","2900","543","2435","538","465","176",
"1400000US12069031306","Census Tract 313.06; Lake County; Florida","4413","453","3749","398","664","295",
"1400000US12069031308","Census Tract 313.08; Lake County; Florida","3118","283","2886","275","232","166",
"1400000US12069031309","Census Tract 313.09; Lake County; Florida","5316","469","4402","451","914","366",
"1400000US12069031312","Census Tract 313.12; Lake County; Florida","2243","305","981","249","1262","261",
"1400000US12069031313","Census Tract 313.13; Lake County; Florida","1193","179","915","172","278","110",
"1400000US12069031314","Census Tract 313.14; Lake County; Florida","3901","410","2394","360","1507","399",
"1400000US12069031315","Census Tract 313.15; Lake County; Florida","2656","209","1432","201","1224","172",
"1400000US12069031316","Census Tract 313.16; Lake County; Florida","3664","386","2870","435","794","224",
"1400000US12069031317","Census Tract 313.17; Lake County; Florida","1721","196","498","120","1223","190",
"1400000US12069031318","Census Tract 313.18; Lake County; Florida","3071","530","1125","388","1946","383",
"1400000US12069031319","Census Tract 313.19; Lake County; Florida","2472","413","2253","407","219","135",
"1400000US12069031320","Census Tract 313.20; Lake County; Florida","2503","329","1201","292","1302","221",
"1400000US12069031321","Census Tract 313.21; Lake County; Florida","1223","127","1108","155","115","90",
"1400000US12069031322","Census Tract 313.22; Lake County; Florida","1053","98","947","118","106","74",
"1400000US12069031323","Census Tract 313.23; Lake County; Florida","1901","354","1621","340","280","157",
"1400000US12069031324","Census Tract 313.24; Lake County; Florida","1345","259","1084","258","261","135",
"1400000US12071000303","Census Tract 3.03; Lee County; Florida","1198","186","571","203","627","138",
"1400000US12071000304","Census Tract 3.04; Lee County; Florida","780","215","247","63","533","207",
"1400000US12071000305","Census Tract 3.05; Lee County; Florida","707","96","194","67","513","98",
"1400000US12071000306","Census Tract 3.06; Lee County; Florida","1074","203","249","122","825","205",
"1400000US12071000401","Census Tract 4.01; Lee County; Florida","851","137","648","148","203","74",
"1400000US12071000402","Census Tract 4.02; Lee County; Florida","1034","171","813","174","221","142",
"1400000US12071000502","Census Tract 5.02; Lee County; Florida","1361","229","405","101","956","208",
"1400000US12071000503","Census Tract 5.03; Lee County; Florida","1326","210","700","219","626","220",
"1400000US12071000504","Census Tract 5.04; Lee County; Florida","1301","210","609","144","692","210",
"1400000US12071000600","Census Tract 6; Lee County; Florida","1488","285","720","180","768","289",
"1400000US12071000700","Census Tract 7; Lee County; Florida","879","107","121","58","758","100",
"1400000US12071000800","Census Tract 8; Lee County; Florida","1255","250","667","195","588","172",
"1400000US12071000900","Census Tract 9; Lee County; Florida","889","137","833","140","56","46",
"1400000US12071001001","Census Tract 10.01; Lee County; Florida","1403","243","1182","246","221","114",
"1400000US12071001002","Census Tract 10.02; Lee County; Florida","1362","226","935","249","427","146",
"1400000US12071001101","Census Tract 11.01; Lee County; Florida","1531","307","655","125","876","316",
"1400000US12071001103","Census Tract 11.03; Lee County; Florida","1017","212","241","122","776","167",
"1400000US12071001104","Census Tract 11.04; Lee County; Florida","965","199","69","58","896","204",
"1400000US12071001203","Census Tract 12.03; Lee County; Florida","1968","383","325","115","1643","395",
"1400000US12071001204","Census Tract 12.04; Lee County; Florida","1121","124","491","114","630","141",
"1400000US12071001205","Census Tract 12.05; Lee County; Florida","1925","244","457","102","1468","238",
"1400000US12071001206","Census Tract 12.06; Lee County; Florida","1119","142","646","162","473","121",
"1400000US12071001207","Census Tract 12.07; Lee County; Florida","1065","107","622","101","443","111",
"1400000US12071001208","Census Tract 12.08; Lee County; Florida","1669","308","1568","321","101","102",
"1400000US12071001209","Census Tract 12.09; Lee County; Florida","1615","246","456","148","1159","259",
"1400000US12071001300","Census Tract 13; Lee County; Florida","1236","153","624","119","612","152",
"1400000US12071001401","Census Tract 14.01; Lee County; Florida","2634","284","351","113","2283","308",
"1400000US12071001402","Census Tract 14.02; Lee County; Florida","1182","248","1125","249","57","38",
"1400000US12071001501","Census Tract 15.01; Lee County; Florida","1368","195","1180","200","188","80",
"1400000US12071001502","Census Tract 15.02; Lee County; Florida","2257","358","619","247","1638","368",
"1400000US12071001601","Census Tract 16.01; Lee County; Florida","2079","276","1509","224","570","197",
"1400000US12071001602","Census Tract 16.02; Lee County; Florida","1782","298","1502","266","280","105",
"1400000US12071001701","Census Tract 17.01; Lee County; Florida","1447","160","898","146","549","138",
"1400000US12071001705","Census Tract 17.05; Lee County; Florida","2233","367","1844","318","389","158",
"1400000US12071001706","Census Tract 17.06; Lee County; Florida","1705","302","995","128","710","288",
"1400000US12071001708","Census Tract 17.08; Lee County; Florida","1941","463","1484","446","457","165",
"1400000US12071001709","Census Tract 17.09; Lee County; Florida","1304","175","849","164","455","130",
"1400000US12071001710","Census Tract 17.10; Lee County; Florida","1206","128","1137","132","69","60",
"1400000US12071001711","Census Tract 17.11; Lee County; Florida","1486","179","1205","167","281","131",
"1400000US12071001801","Census Tract 18.01; Lee County; Florida","2385","243","1660","240","725","174",
"1400000US12071001802","Census Tract 18.02; Lee County; Florida","1436","207","1349","192","87","65",
"1400000US12071001903","Census Tract 19.03; Lee County; Florida","1493","196","1404","199","89","44",
"1400000US12071001908","Census Tract 19.08; Lee County; Florida","456","112","412","113","44","30",
"1400000US12071001910","Census Tract 19.10; Lee County; Florida","667","140","614","133","53","38",
"1400000US12071001911","Census Tract 19.11; Lee County; Florida","463","87","424","84","39","27",
"1400000US12071001912","Census Tract 19.12; Lee County; Florida","768","190","718","194","50","53",
"1400000US12071001913","Census Tract 19.13; Lee County; Florida","746","142","660","145","86","53",
"1400000US12071001915","Census Tract 19.15; Lee County; Florida","1686","255","438","100","1248","218",
"1400000US12071001916","Census Tract 19.16; Lee County; Florida","851","144","624","127","227","94",
"1400000US12071001917","Census Tract 19.17; Lee County; Florida","1324","237","747","209","577","274",
"1400000US12071001918","Census Tract 19.18; Lee County; Florida","1110","242","638","221","472","161",
"1400000US12071001919","Census Tract 19.19; Lee County; Florida","951","146","419","101","532","136",
"1400000US12071001920","Census Tract 19.20; Lee County; Florida","1612","356","1330","340","282","173",
"1400000US12071001921","Census Tract 19.21; Lee County; Florida","1531","334","1511","332","20","21",
"1400000US12071001922","Census Tract 19.22; Lee County; Florida","1163","267","838","209","325","197",
"1400000US12071001923","Census Tract 19.23; Lee County; Florida","1295","273","884","236","411","176",
"1400000US12071010104","Census Tract 101.04; Lee County; Florida","1237","190","1089","174","148","107",
"1400000US12071010106","Census Tract 101.06; Lee County; Florida","1805","261","1559","274","246","148",
"1400000US12071010107","Census Tract 101.07; Lee County; Florida","1163","150","1048","157","115","60",
"1400000US12071010108","Census Tract 101.08; Lee County; Florida","1548","270","1360","273","188","120",
"1400000US12071010109","Census Tract 101.09; Lee County; Florida","1701","197","1561","218","140","94",
"1400000US12071010110","Census Tract 101.10; Lee County; Florida","1146","154","1071","154","75","60",
"1400000US12071010111","Census Tract 101.11; Lee County; Florida","2191","236","1888","313","303","198",
"1400000US12071010112","Census Tract 101.12; Lee County; Florida","1222","243","1179","245","43","37",
"1400000US12071010113","Census Tract 101.13; Lee County; Florida","1504","528","1337","523","167","123",
"1400000US12071010203","Census Tract 102.03; Lee County; Florida","3118","464","2038","347","1080","368",
"1400000US12071010205","Census Tract 102.05; Lee County; Florida","2050","237","1595","267","455","164",
"1400000US12071010206","Census Tract 102.06; Lee County; Florida","3497","606","2558","388","939","496",
"1400000US12071010207","Census Tract 102.07; Lee County; Florida","1928","240","1510","308","418","194",
"1400000US12071010208","Census Tract 102.08; Lee County; Florida","1420","301","1315","304","105","72",
"1400000US12071010209","Census Tract 102.09; Lee County; Florida","1138","182","1086","185","52","59",
"1400000US12071010210","Census Tract 102.10; Lee County; Florida","1693","192","1401","203","292","159",
"1400000US12071010302","Census Tract 103.02; Lee County; Florida","2894","337","1691","278","1203","400",
"1400000US12071010303","Census Tract 103.03; Lee County; Florida","2292","269","1939","274","353","191",
"1400000US12071010305","Census Tract 103.05; Lee County; Florida","1909","233","1517","270","392","141",
"1400000US12071010306","Census Tract 103.06; Lee County; Florida","2657","285","1540","362","1117","367",
"1400000US12071010307","Census Tract 103.07; Lee County; Florida","3515","535","2036","448","1479","428",
"1400000US12071010308","Census Tract 103.08; Lee County; Florida","2152","234","1807","234","345","226",
"1400000US12071010309","Census Tract 103.09; Lee County; Florida","2067","430","1726","410","341","130",
"1400000US12071010404","Census Tract 104.04; Lee County; Florida","3744","449","2875","452","869","261",
"1400000US12071010411","Census Tract 104.11; Lee County; Florida","1884","381","1117","260","767","250",
"1400000US12071010412","Census Tract 104.12; Lee County; Florida","2508","503","1860","526","648","227",
"1400000US12071010413","Census Tract 104.13; Lee County; Florida","2472","382","1683","260","789","349",
"1400000US12071010414","Census Tract 104.14; Lee County; Florida","1328","257","1184","248","144","80",
"1400000US12071010415","Census Tract 104.15; Lee County; Florida","1826","403","1611","384","215","110",
"1400000US12071010416","Census Tract 104.16; Lee County; Florida","1549","288","1443","259","106","131",
"1400000US12071010417","Census Tract 104.17; Lee County; Florida","1117","223","893","214","224","94",
"1400000US12071010418","Census Tract 104.18; Lee County; Florida","2580","307","2055","266","525","193",
"1400000US12071010419","Census Tract 104.19; Lee County; Florida","2213","378","1804","358","409","269",
"1400000US12071010420","Census Tract 104.20; Lee County; Florida","3265","444","2620","518","645","265",
"1400000US12071010421","Census Tract 104.21; Lee County; Florida","2675","272","1847","252","828","278",
"1400000US12071010422","Census Tract 104.22; Lee County; Florida","1723","229","1406","227","317","139",
"1400000US12071010423","Census Tract 104.23; Lee County; Florida","1394","209","1328","217","66","65",
"1400000US12071010501","Census Tract 105.01; Lee County; Florida","1615","152","1377","164","238","97",
"1400000US12071010503","Census Tract 105.03; Lee County; Florida","1235","142","1140","140","95","53",
"1400000US12071010504","Census Tract 105.04; Lee County; Florida","1320","285","745","244","575","216",
"1400000US12071010601","Census Tract 106.01; Lee County; Florida","1713","189","1434","193","279","120",
"1400000US12071010602","Census Tract 106.02; Lee County; Florida","1243","197","791","142","452","209",
"1400000US12071010701","Census Tract 107.01; Lee County; Florida","1840","237","1668","222","172","85",
"1400000US12071010702","Census Tract 107.02; Lee County; Florida","1522","239","1251","227","271","126",
"1400000US12071010801","Census Tract 108.01; Lee County; Florida","962","139","714","130","248","116",
"1400000US12071010802","Census Tract 108.02; Lee County; Florida","1945","297","1072","294","873","206",
"1400000US12071010803","Census Tract 108.03; Lee County; Florida","785","147","667","127","118","93",
"1400000US12071020102","Census Tract 201.02; Lee County; Florida","2130","281","1767","275","363","144",
"1400000US12071020103","Census Tract 201.03; Lee County; Florida","1396","283","1351","287","45","47",
"1400000US12071020104","Census Tract 201.04; Lee County; Florida","1498","156","1446","158","52","34",
"1400000US12071020201","Census Tract 202.01; Lee County; Florida","559","92","394","86","165","67",
"1400000US12071020202","Census Tract 202.02; Lee County; Florida","1306","107","1166","135","140","72",
"1400000US12071020301","Census Tract 203.01; Lee County; Florida","1618","528","1061","539","557","178",
"1400000US12071020302","Census Tract 203.02; Lee County; Florida","948","249","677","245","271","92",
"1400000US12071020400","Census Tract 204; Lee County; Florida","1491","238","1380","210","111","133",
"1400000US12071020501","Census Tract 205.01; Lee County; Florida","1536","200","1362","181","174","103",
"1400000US12071020502","Census Tract 205.02; Lee County; Florida","1636","268","1234","246","402","188",
"1400000US12071020600","Census Tract 206; Lee County; Florida","1901","373","1537","387","364","115",
"1400000US12071020700","Census Tract 207; Lee County; Florida","1758","187","1360","200","398","120",
"1400000US12071020801","Census Tract 208.01; Lee County; Florida","1205","336","1069","347","136","67",
"1400000US12071020802","Census Tract 208.02; Lee County; Florida","967","145","749","168","218","119",
"1400000US12071030100","Census Tract 301; Lee County; Florida","988","197","828","144","160","151",
"1400000US12071030201","Census Tract 302.01; Lee County; Florida","1089","112","1001","110","88","46",
"1400000US12071030202","Census Tract 302.02; Lee County; Florida","2388","401","1401","205","987","396",
"1400000US12071030205","Census Tract 302.05; Lee County; Florida","1247","201","968","155","279","177",
"1400000US12071030300","Census Tract 303; Lee County; Florida","1205","134","1136","137","69","51",
"1400000US12071040108","Census Tract 401.08; Lee County; Florida","1904","386","1636","379","268","112",
"1400000US12071040109","Census Tract 401.09; Lee County; Florida","1856","219","485","108","1371","241",
"1400000US12071040110","Census Tract 401.10; Lee County; Florida","1569","164","510","96","1059","169",
"1400000US12071040111","Census Tract 401.11; Lee County; Florida","1406","219","1368","220","38","35",
"1400000US12071040113","Census Tract 401.13; Lee County; Florida","592","67","579","65","13","15",
"1400000US12071040117","Census Tract 401.17; Lee County; Florida","1749","323","1599","321","150","55",
"1400000US12071040118","Census Tract 401.18; Lee County; Florida","1280","170","919","144","361","114",
"1400000US12071040120","Census Tract 401.20; Lee County; Florida","729","83","638","76","91","49",
"1400000US12071040121","Census Tract 401.21; Lee County; Florida","1164","141","656","164","508","146",
"1400000US12071040122","Census Tract 401.22; Lee County; Florida","1671","163","371","154","1300","227",
"1400000US12071040123","Census Tract 401.23; Lee County; Florida","2122","296","1669","265","453","206",
"1400000US12071040124","Census Tract 401.24; Lee County; Florida","1956","207","1725","218","231","139",
"1400000US12071040125","Census Tract 401.25; Lee County; Florida","839","128","679","127","160","79",
"1400000US12071040126","Census Tract 401.26; Lee County; Florida","1037","96","840","104","197","101",
"1400000US12071040127","Census Tract 401.27; Lee County; Florida","1333","188","1025","192","308","134",
"1400000US12071040128","Census Tract 401.28; Lee County; Florida","1396","212","1336","216","60","63",
"1400000US12071040129","Census Tract 401.29; Lee County; Florida","1078","125","1078","125","0","15",
"1400000US12071040130","Census Tract 401.30; Lee County; Florida","1995","404","1638","278","357","311",
"1400000US12071040131","Census Tract 401.31; Lee County; Florida","769","115","667","110","102","56",
"1400000US12071040132","Census Tract 401.32; Lee County; Florida","1043","121","944","127","99","53",
"1400000US12071040133","Census Tract 401.33; Lee County; Florida","1314","295","1258","294","56","58",
"1400000US12071040134","Census Tract 401.34; Lee County; Florida","841","124","196","62","645","127",
"1400000US12071040135","Census Tract 401.35; Lee County; Florida","941","113","891","103","50","47",
"1400000US12071040136","Census Tract 401.36; Lee County; Florida","1825","216","1733","211","92","73",
"1400000US12071040137","Census Tract 401.37; Lee County; Florida","1012","92","805","115","207","104",
"1400000US12071040138","Census Tract 401.38; Lee County; Florida","2514","277","2355","265","159","96",
"1400000US12071040139","Census Tract 401.39; Lee County; Florida","109","45","0","15","109","45",
"1400000US12071040205","Census Tract 402.05; Lee County; Florida","1913","129","1317","223","596","219",
"1400000US12071040206","Census Tract 402.06; Lee County; Florida","1999","218","1799","231","200","155",
"1400000US12071040207","Census Tract 402.07; Lee County; Florida","1956","190","1667","187","289","124",
"1400000US12071040208","Census Tract 402.08; Lee County; Florida","824","103","743","106","81","50",
"1400000US12071040209","Census Tract 402.09; Lee County; Florida","1071","140","982","157","89","66",
"1400000US12071040210","Census Tract 402.10; Lee County; Florida","930","106","633","74","297","116",
"1400000US12071040211","Census Tract 402.11; Lee County; Florida","2075","258","1595","222","480","182",
"1400000US12071040212","Census Tract 402.12; Lee County; Florida","2028","342","1466","364","562","215",
"1400000US12071040301","Census Tract 403.01; Lee County; Florida","2638","251","1985","256","653","252",
"1400000US12071040302","Census Tract 403.02; Lee County; Florida","1410","154","1065","187","345","156",
"1400000US12071040303","Census Tract 403.03; Lee County; Florida","1976","215","1302","241","674","226",
"1400000US12071040304","Census Tract 403.04; Lee County; Florida","2607","315","1596","324","1011","317",
"1400000US12071040305","Census Tract 403.05; Lee County; Florida","1369","178","835","134","534","174",
"1400000US12071040308","Census Tract 403.08; Lee County; Florida","1303","147","863","152","440","122",
"1400000US12071040310","Census Tract 403.10; Lee County; Florida","835","84","588","70","247","109",
"1400000US12071040311","Census Tract 403.11; Lee County; Florida","2082","211","1531","269","551","188",
"1400000US12071040312","Census Tract 403.12; Lee County; Florida","577","83","469","53","108","76",
"1400000US12071040313","Census Tract 403.13; Lee County; Florida","522","75","382","61","140","69",
"1400000US12071040314","Census Tract 403.14; Lee County; Florida","961","100","641","91","320","107",
"1400000US12071040315","Census Tract 403.15; Lee County; Florida","921","137","776","124","145","89",
"1400000US12071040316","Census Tract 403.16; Lee County; Florida","1367","221","1186","211","181","119",
"1400000US12071050103","Census Tract 501.03; Lee County; Florida","658","104","577","99","81","47",
"1400000US12071050104","Census Tract 501.04; Lee County; Florida","1515","194","1359","197","156","82",
"1400000US12071050105","Census Tract 501.05; Lee County; Florida","1406","250","1132","230","274","88",
"1400000US12071050106","Census Tract 501.06; Lee County; Florida","2224","451","1627","264","597","351",
"1400000US12071050204","Census Tract 502.04; Lee County; Florida","1522","231","898","107","624","209",
"1400000US12071050205","Census Tract 502.05; Lee County; Florida","759","114","587","114","172","84",
"1400000US12071050206","Census Tract 502.06; Lee County; Florida","1084","260","858","259","226","101",
"1400000US12071050207","Census Tract 502.07; Lee County; Florida","1327","169","1118","161","209","107",
"1400000US12071050208","Census Tract 502.08; Lee County; Florida","2080","235","1539","226","541","227",
"1400000US12071050210","Census Tract 502.10; Lee County; Florida","1262","156","1136","154","126","78",
"1400000US12071050211","Census Tract 502.11; Lee County; Florida","1255","201","1201","201","54","37",
"1400000US12071050212","Census Tract 502.12; Lee County; Florida","1710","292","1341","305","369","147",
"1400000US12071050213","Census Tract 502.13; Lee County; Florida","1832","198","990","183","842","198",
"1400000US12071050305","Census Tract 503.05; Lee County; Florida","2180","387","1789","281","391","280",
"1400000US12071050306","Census Tract 503.06; Lee County; Florida","1393","174","1299","181","94","60",
"1400000US12071050311","Census Tract 503.11; Lee County; Florida","3347","344","2962","326","385","237",
"1400000US12071050312","Census Tract 503.12; Lee County; Florida","1821","265","1653","254","168","85",
"1400000US12071050315","Census Tract 503.15; Lee County; Florida","837","147","813","147","24","39",
"1400000US12071050316","Census Tract 503.16; Lee County; Florida","1622","387","1428","390","194","131",
"1400000US12071050317","Census Tract 503.17; Lee County; Florida","1424","259","1015","230","409","115",
"1400000US12071050318","Census Tract 503.18; Lee County; Florida","2800","407","2287","419","513","177",
"1400000US12071050319","Census Tract 503.19; Lee County; Florida","1221","424","1092","411","129","117",
"1400000US12071050320","Census Tract 503.20; Lee County; Florida","2362","413","1867","433","495","275",
"1400000US12071050321","Census Tract 503.21; Lee County; Florida","1207","193","956","151","251","132",
"1400000US12071050322","Census Tract 503.22; Lee County; Florida","1716","255","1601","231","115","86",
"1400000US12071050323","Census Tract 503.23; Lee County; Florida","674","136","668","136","6","10",
"1400000US12071050324","Census Tract 503.24; Lee County; Florida","2076","509","1971","492","105","81",
"1400000US12071050325","Census Tract 503.25; Lee County; Florida","2168","328","2003","325","165","76",
"1400000US12071050401","Census Tract 504.01; Lee County; Florida","1528","220","1126","220","402","122",
"1400000US12071050402","Census Tract 504.02; Lee County; Florida","2365","421","1936","365","429","238",
"1400000US12071050501","Census Tract 505.01; Lee County; Florida","1216","224","925","237","291","148",
"1400000US12071050502","Census Tract 505.02; Lee County; Florida","1646","210","1235","188","411","178",
"1400000US12071050601","Census Tract 506.01; Lee County; Florida","1285","205","852","175","433","137",
"1400000US12071050603","Census Tract 506.03; Lee County; Florida","1540","348","1097","336","443","223",
"1400000US12071050604","Census Tract 506.04; Lee County; Florida","1145","160","698","126","447","121",
"1400000US12071060101","Census Tract 601.01; Lee County; Florida","470","210","420","210","50","43",
"1400000US12071060102","Census Tract 601.02; Lee County; Florida","757","164","612","152","145","93",
"1400000US12071060201","Census Tract 602.01; Lee County; Florida","388","99","345","99","43","27",
"1400000US12071060202","Census Tract 602.02; Lee County; Florida","954","146","910","140","44","29",
"1400000US12071060203","Census Tract 602.03; Lee County; Florida","732","140","645","139","87","51",
"1400000US12071060300","Census Tract 603; Lee County; Florida","553","120","520","117","33","24",
"1400000US12071070101","Census Tract 701.01; Lee County; Florida","821","132","700","121","121","64",
"1400000US12071070102","Census Tract 701.02; Lee County; Florida","1357","225","1122","232","235","92",
"1400000US12071070201","Census Tract 702.01; Lee County; Florida","942","270","874","266","68","84",
"1400000US12071070202","Census Tract 702.02; Lee County; Florida","656","131","579","136","77","45",
"1400000US12071080100","Census Tract 801; Lee County; Florida","42","30","42","30","0","15",
"1400000US12071080202","Census Tract 802.02; Lee County; Florida","1215","249","970","224","245","205",
"1400000US12071080203","Census Tract 802.03; Lee County; Florida","698","153","671","144","27","40",
"1400000US12071080204","Census Tract 802.04; Lee County; Florida","1257","285","1210","288","47","52",
"1400000US12071080300","Census Tract 803; Lee County; Florida","1252","177","415","120","837","183",
"1400000US12071090100","Census Tract 901; Lee County; Florida","223","131","223","131","0","15",
"1400000US12071980000","Census Tract 9800; Lee County; Florida","0","15","0","15","0","15",
"1400000US12071990000","Census Tract 9900; Lee County; Florida","0","15","0","15","0","15",
"1400000US12073000200","Census Tract 2; Leon County; Florida","2322","319","801","192","1521","286",
"1400000US12073000301","Census Tract 3.01; Leon County; Florida","788","103","517","94","271","77",
"1400000US12073000302","Census Tract 3.02; Leon County; Florida","1064","102","944","92","120","57",
"1400000US12073000303","Census Tract 3.03; Leon County; Florida","2001","253","324","138","1677","226",
"1400000US12073000400","Census Tract 4; Leon County; Florida","527","82","117","47","410","83",
"1400000US12073000501","Census Tract 5.01; Leon County; Florida","746","160","0","15","746","160",
"1400000US12073000502","Census Tract 5.02; Leon County; Florida","1167","196","12","19","1155","197",
"1400000US12073000600","Census Tract 6; Leon County; Florida","1487","261","234","68","1253","262",
"1400000US12073000700","Census Tract 7; Leon County; Florida","1083","149","414","168","669","165",
"1400000US12073000800","Census Tract 8; Leon County; Florida","1524","277","498","105","1026","269",
"1400000US12073000903","Census Tract 9.03; Leon County; Florida","1180","138","293","94","887","137",
"1400000US12073000904","Census Tract 9.04; Leon County; Florida","2056","238","927","132","1129","232",
"1400000US12073000905","Census Tract 9.05; Leon County; Florida","1681","312","337","139","1344","332",
"1400000US12073000906","Census Tract 9.06; Leon County; Florida","1331","216","635","150","696","190",
"1400000US12073000907","Census Tract 9.07; Leon County; Florida","2762","292","1213","234","1549","293",
"1400000US12073001001","Census Tract 10.01; Leon County; Florida","1166","249","145","91","1021","252",
"1400000US12073001002","Census Tract 10.02; Leon County; Florida","915","207","378","91","537","216",
"1400000US12073001101","Census Tract 11.01; Leon County; Florida","593","92","222","64","371","94",
"1400000US12073001102","Census Tract 11.02; Leon County; Florida","1033","247","641","236","392","162",
"1400000US12073001200","Census Tract 12; Leon County; Florida","827","167","192","135","635","114",
"1400000US12073001300","Census Tract 13; Leon County; Florida","7","10","0","21","7","10",
"1400000US12073001401","Census Tract 14.01; Leon County; Florida","1412","372","596","349","816","183",
"1400000US12073001402","Census Tract 14.02; Leon County; Florida","2319","370","153","83","2166","379",
"1400000US12073001500","Census Tract 15; Leon County; Florida","2000","209","841","159","1159","246",
"1400000US12073001601","Census Tract 16.01; Leon County; Florida","2414","204","656","171","1758","241",
"1400000US12073001602","Census Tract 16.02; Leon County; Florida","1430","295","1210","235","220","202",
"1400000US12073001701","Census Tract 17.01; Leon County; Florida","1051","81","1009","82","42","40",
"1400000US12073001702","Census Tract 17.02; Leon County; Florida","2857","363","1300","201","1557","348",
"1400000US12073001801","Census Tract 18.01; Leon County; Florida","1551","186","1179","210","372","135",
"1400000US12073001803","Census Tract 18.03; Leon County; Florida","804","88","11","12","793","90",
"1400000US12073001804","Census Tract 18.04; Leon County; Florida","2478","244","1002","221","1476","263",
"1400000US12073001901","Census Tract 19.01; Leon County; Florida","942","185","338","111","604","160",
"1400000US12073001902","Census Tract 19.02; Leon County; Florida","1610","308","786","177","824","337",
"1400000US12073002003","Census Tract 20.03; Leon County; Florida","634","158","60","26","574","163",
"1400000US12073002005","Census Tract 20.05; Leon County; Florida","1472","227","0","15","1472","227",
"1400000US12073002006","Census Tract 20.06; Leon County; Florida","2104","394","208","90","1896","393",
"1400000US12073002007","Census Tract 20.07; Leon County; Florida","1812","283","322","150","1490","311",
"1400000US12073002008","Census Tract 20.08; Leon County; Florida","1870","409","14","14","1856","411",
"1400000US12073002101","Census Tract 21.01; Leon County; Florida","1947","477","911","226","1036","469",
"1400000US12073002103","Census Tract 21.03; Leon County; Florida","1899","340","175","81","1724","342",
"1400000US12073002105","Census Tract 21.05; Leon County; Florida","1834","398","358","132","1476","395",
"1400000US12073002106","Census Tract 21.06; Leon County; Florida","1209","248","257","142","952","193",
"1400000US12073002201","Census Tract 22.01; Leon County; Florida","2856","302","980","304","1876","361",
"1400000US12073002205","Census Tract 22.05; Leon County; Florida","2609","349","1879","333","730","233",
"1400000US12073002206","Census Tract 22.06; Leon County; Florida","1537","164","1166","167","371","121",
"1400000US12073002207","Census Tract 22.07; Leon County; Florida","1038","155","374","78","664","149",
"1400000US12073002208","Census Tract 22.08; Leon County; Florida","1951","183","1364","218","587","146",
"1400000US12073002302","Census Tract 23.02; Leon County; Florida","1070","150","972","148","98","72",
"1400000US12073002303","Census Tract 23.03; Leon County; Florida","1792","230","1635","247","157","94",
"1400000US12073002304","Census Tract 23.04; Leon County; Florida","1078","162","437","127","641","174",
"1400000US12073002403","Census Tract 24.03; Leon County; Florida","1332","216","858","158","474","206",
"1400000US12073002410","Census Tract 24.10; Leon County; Florida","3006","335","1824","322","1182","313",
"1400000US12073002411","Census Tract 24.11; Leon County; Florida","612","80","539","44","73","68",
"1400000US12073002413","Census Tract 24.13; Leon County; Florida","1020","87","921","104","99","65",
"1400000US12073002414","Census Tract 24.14; Leon County; Florida","2071","281","1518","229","553","194",
"1400000US12073002415","Census Tract 24.15; Leon County; Florida","1885","213","1698","230","187","84",
"1400000US12073002416","Census Tract 24.16; Leon County; Florida","1157","83","964","93","193","98",
"1400000US12073002418","Census Tract 24.18; Leon County; Florida","1554","160","1397","153","157","77",
"1400000US12073002419","Census Tract 24.19; Leon County; Florida","1544","165","1424","190","120","94",
"1400000US12073002420","Census Tract 24.20; Leon County; Florida","1119","96","1029","91","90","69",
"1400000US12073002421","Census Tract 24.21; Leon County; Florida","1870","335","1740","280","130","112",
"1400000US12073002422","Census Tract 24.22; Leon County; Florida","1220","122","1207","124","13","18",
"1400000US12073002423","Census Tract 24.23; Leon County; Florida","1903","295","1512","296","391","126",
"1400000US12073002505","Census Tract 25.05; Leon County; Florida","3104","324","1646","302","1458","303",
"1400000US12073002507","Census Tract 25.07; Leon County; Florida","988","155","943","152","45","22",
"1400000US12073002509","Census Tract 25.09; Leon County; Florida","1605","195","378","105","1227","232",
"1400000US12073002511","Census Tract 25.11; Leon County; Florida","1002","106","644","84","358","94",
"1400000US12073002512","Census Tract 25.12; Leon County; Florida","1307","144","1267","150","40","40",
"1400000US12073002513","Census Tract 25.13; Leon County; Florida","1614","141","1553","143","61","48",
"1400000US12073002514","Census Tract 25.14; Leon County; Florida","1073","98","1055","102","18","21",
"1400000US12073002515","Census Tract 25.15; Leon County; Florida","2033","329","1916","339","117","147",
"1400000US12073002516","Census Tract 25.16; Leon County; Florida","1470","168","1018","198","452","147",
"1400000US12073002517","Census Tract 25.17; Leon County; Florida","1430","190","1339","193","91","53",
"1400000US12073002603","Census Tract 26.03; Leon County; Florida","2107","375","1076","194","1031","385",
"1400000US12073002604","Census Tract 26.04; Leon County; Florida","1042","214","819","208","223","79",
"1400000US12073002605","Census Tract 26.05; Leon County; Florida","2728","242","1755","276","973","206",
"1400000US12073002606","Census Tract 26.06; Leon County; Florida","1376","149","1174","159","202","94",
"1400000US12073002701","Census Tract 27.01; Leon County; Florida","1879","220","837","199","1042","203",
"1400000US12073002702","Census Tract 27.02; Leon County; Florida","1706","200","1358","221","348","136",
"1400000US12075970101","Census Tract 9701.01; Levy County; Florida","1072","198","937","195","135","80",
"1400000US12075970103","Census Tract 9701.03; Levy County; Florida","1552","256","1337","242","215","146",
"1400000US12075970104","Census Tract 9701.04; Levy County; Florida","2334","264","1940","249","394","166",
"1400000US12075970200","Census Tract 9702; Levy County; Florida","1706","208","1150","211","556","140",
"1400000US12075970301","Census Tract 9703.01; Levy County; Florida","687","172","657","171","30","25",
"1400000US12075970303","Census Tract 9703.03; Levy County; Florida","1609","241","1365","180","244","157",
"1400000US12075970304","Census Tract 9703.04; Levy County; Florida","1074","196","822","196","252","115",
"1400000US12075970400","Census Tract 9704; Levy County; Florida","1298","181","1124","170","174","98",
"1400000US12075970501","Census Tract 9705.01; Levy County; Florida","1423","186","1133","190","290","156",
"1400000US12075970502","Census Tract 9705.02; Levy County; Florida","2143","299","1924","294","219","149",
"1400000US12075970600","Census Tract 9706; Levy County; Florida","1746","216","1227","198","519","141",
"1400000US12075970700","Census Tract 9707; Levy County; Florida","1918","177","1502","209","416","126",
"1400000US12075990000","Census Tract 9900; Levy County; Florida","0","15","0","15","0","15",
"1400000US12077950100","Census Tract 9501; Liberty County; Florida","957","132","771","117","186","84",
"1400000US12077950201","Census Tract 9502.01; Liberty County; Florida","1112","161","897","147","215","81",
"1400000US12077950202","Census Tract 9502.02; Liberty County; Florida","494","112","384","100","110","59",
"1400000US12077980000","Census Tract 9800; Liberty County; Florida","0","15","0","15","0","15",
"1400000US12079110100","Census Tract 1101; Madison County; Florida","1269","181","1108","156","161","115",
"1400000US12079110200","Census Tract 1102; Madison County; Florida","1337","185","1109","179","228","100",
"1400000US12079110301","Census Tract 1103.01; Madison County; Florida","1015","144","765","146","250","133",
"1400000US12079110302","Census Tract 1103.02; Madison County; Florida","1644","231","739","205","905","179",
"1400000US12079110400","Census Tract 1104; Madison County; Florida","1711","234","1400","215","311","140",
"1400000US12081000101","Census Tract 1.01; Manatee County; Florida","1390","171","416","114","974","171",
"1400000US12081000103","Census Tract 1.03; Manatee County; Florida","1549","219","519","177","1030","194",
"1400000US12081000105","Census Tract 1.05; Manatee County; Florida","1859","284","1179","284","680","206",
"1400000US12081000106","Census Tract 1.06; Manatee County; Florida","1453","364","803","312","650","270",
"1400000US12081000201","Census Tract 2.01; Manatee County; Florida","2267","388","1641","295","626","292",
"1400000US12081000203","Census Tract 2.03; Manatee County; Florida","965","166","579","184","386","138",
"1400000US12081000204","Census Tract 2.04; Manatee County; Florida","1216","389","1037","380","179","88",
"1400000US12081000304","Census Tract 3.04; Manatee County; Florida","1421","260","653","130","768","263",
"1400000US12081000305","Census Tract 3.05; Manatee County; Florida","2167","395","673","154","1494","400",
"1400000US12081000307","Census Tract 3.07; Manatee County; Florida","1339","276","728","288","611","169",
"1400000US12081000309","Census Tract 3.09; Manatee County; Florida","1630","228","573","133","1057","226",
"1400000US12081000310","Census Tract 3.10; Manatee County; Florida","1764","271","651","153","1113","267",
"1400000US12081000311","Census Tract 3.11; Manatee County; Florida","1256","198","669","167","587","205",
"1400000US12081000312","Census Tract 3.12; Manatee County; Florida","1091","156","909","148","182","90",
"1400000US12081000313","Census Tract 3.13; Manatee County; Florida","595","112","398","110","197","75",
"1400000US12081000314","Census Tract 3.14; Manatee County; Florida","1583","281","1045","237","538","166",
"1400000US12081000403","Census Tract 4.03; Manatee County; Florida","746","166","742","166","4","7",
"1400000US12081000405","Census Tract 4.05; Manatee County; Florida","1183","225","1056","225","127","74",
"1400000US12081000406","Census Tract 4.06; Manatee County; Florida","1945","251","1503","235","442","170",
"1400000US12081000407","Census Tract 4.07; Manatee County; Florida","2138","318","1703","299","435","158",
"1400000US12081000409","Census Tract 4.09; Manatee County; Florida","1230","199","863","175","367","168",
"1400000US12081000410","Census Tract 4.10; Manatee County; Florida","1531","224","1194","188","337","124",
"1400000US12081000501","Census Tract 5.01; Manatee County; Florida","1124","166","832","166","292","117",
"1400000US12081000503","Census Tract 5.03; Manatee County; Florida","1799","292","1457","295","342","113",
"1400000US12081000504","Census Tract 5.04; Manatee County; Florida","1313","120","1088","132","225","117",
"1400000US12081000601","Census Tract 6.01; Manatee County; Florida","1093","204","588","196","505","177",
"1400000US12081000603","Census Tract 6.03; Manatee County; Florida","1543","183","932","192","611","158",
"1400000US12081000604","Census Tract 6.04; Manatee County; Florida","2265","324","918","235","1347","259",
"1400000US12081000703","Census Tract 7.03; Manatee County; Florida","1245","240","480","113","765","209",
"1400000US12081000704","Census Tract 7.04; Manatee County; Florida","1957","311","920","186","1037","330",
"1400000US12081000705","Census Tract 7.05; Manatee County; Florida","2238","310","1312","264","926","269",
"1400000US12081000804","Census Tract 8.04; Manatee County; Florida","1631","224","1372","183","259","186",
"1400000US12081000805","Census Tract 8.05; Manatee County; Florida","3727","552","2225","275","1502","526",
"1400000US12081000808","Census Tract 8.08; Manatee County; Florida","3117","359","2612","365","505","197",
"1400000US12081000809","Census Tract 8.09; Manatee County; Florida","2353","273","1622","283","731","220",
"1400000US12081000810","Census Tract 8.10; Manatee County; Florida","3051","265","2406","234","645","218",
"1400000US12081000811","Census Tract 8.11; Manatee County; Florida","1373","249","767","206","606","201",
"1400000US12081000812","Census Tract 8.12; Manatee County; Florida","1859","299","1422","310","437","198",
"1400000US12081000813","Census Tract 8.13; Manatee County; Florida","1490","187","1247","176","243","123",
"1400000US12081000814","Census Tract 8.14; Manatee County; Florida","2046","354","1924","359","122","61",
"1400000US12081000901","Census Tract 9.01; Manatee County; Florida","1897","194","1467","204","430","162",
"1400000US12081000902","Census Tract 9.02; Manatee County; Florida","2178","397","1809","379","369","159",
"1400000US12081001001","Census Tract 10.01; Manatee County; Florida","880","135","798","120","82","59",
"1400000US12081001002","Census Tract 10.02; Manatee County; Florida","1494","363","1193","335","301","143",
"1400000US12081001104","Census Tract 11.04; Manatee County; Florida","1918","292","1182","245","736","240",
"1400000US12081001105","Census Tract 11.05; Manatee County; Florida","1977","200","1091","177","886","133",
"1400000US12081001106","Census Tract 11.06; Manatee County; Florida","1927","353","559","241","1368","273",
"1400000US12081001107","Census Tract 11.07; Manatee County; Florida","1906","328","1336","322","570","138",
"1400000US12081001108","Census Tract 11.08; Manatee County; Florida","1463","194","1237","164","226","122",
"1400000US12081001202","Census Tract 12.02; Manatee County; Florida","1735","232","1455","247","280","90",
"1400000US12081001203","Census Tract 12.03; Manatee County; Florida","1797","198","1210","197","587","184",
"1400000US12081001204","Census Tract 12.04; Manatee County; Florida","2621","282","2282","261","339","160",
"1400000US12081001300","Census Tract 13; Manatee County; Florida","1335","246","870","152","465","208",
"1400000US12081001402","Census Tract 14.02; Manatee County; Florida","902","160","812","168","90","60",
"1400000US12081001404","Census Tract 14.04; Manatee County; Florida","1208","412","1086","411","122","60",
"1400000US12081001405","Census Tract 14.05; Manatee County; Florida","752","151","534","134","218","99",
"1400000US12081001406","Census Tract 14.06; Manatee County; Florida","1088","162","778","142","310","111",
"1400000US12081001501","Census Tract 15.01; Manatee County; Florida","1576","282","1252","257","324","208",
"1400000US12081001502","Census Tract 15.02; Manatee County; Florida","2293","340","1420","299","873","258",
"1400000US12081001602","Census Tract 16.02; Manatee County; Florida","1373","217","1167","163","206","144",
"1400000US12081001603","Census Tract 16.03; Manatee County; Florida","849","156","784","163","65","49",
"1400000US12081001604","Census Tract 16.04; Manatee County; Florida","2422","549","2141","549","281","160",
"1400000US12081001701","Census Tract 17.01; Manatee County; Florida","654","105","547","98","107","38",
"1400000US12081001705","Census Tract 17.05; Manatee County; Florida","1528","76","1408","98","120","63",
"1400000US12081001801","Census Tract 18.01; Manatee County; Florida","1410","174","1295","193","115","57",
"1400000US12081001802","Census Tract 18.02; Manatee County; Florida","560","167","519","169","41","25",
"1400000US12081001904","Census Tract 19.04; Manatee County; Florida","3592","376","2883","421","709","280",
"1400000US12081001907","Census Tract 19.07; Manatee County; Florida","2884","396","2233","374","651","216",
"1400000US12081001908","Census Tract 19.08; Manatee County; Florida","3821","459","3482","441","339","182",
"1400000US12081001909","Census Tract 19.09; Manatee County; Florida","1504","186","1360","201","144","87",
"1400000US12081001910","Census Tract 19.10; Manatee County; Florida","2549","257","2437","270","112","96",
"1400000US12081001911","Census Tract 19.11; Manatee County; Florida","2938","260","2723","296","215","117",
"1400000US12081001913","Census Tract 19.13; Manatee County; Florida","2623","236","2398","251","225","164",
"1400000US12081001914","Census Tract 19.14; Manatee County; Florida","1432","197","1354","214","78","82",
"1400000US12081001915","Census Tract 19.15; Manatee County; Florida","2068","377","1863","318","205","220",
"1400000US12081001916","Census Tract 19.16; Manatee County; Florida","3246","291","2826","316","420","182",
"1400000US12081002003","Census Tract 20.03; Manatee County; Florida","3220","314","1600","271","1620","227",
"1400000US12081002005","Census Tract 20.05; Manatee County; Florida","2794","361","2378","400","416","187",
"1400000US12081002008","Census Tract 20.08; Manatee County; Florida","2368","204","1350","191","1018","233",
"1400000US12081002010","Census Tract 20.10; Manatee County; Florida","1373","165","1242","163","131","64",
"1400000US12081002011","Census Tract 20.11; Manatee County; Florida","1898","272","1296","246","602","191",
"1400000US12081002012","Census Tract 20.12; Manatee County; Florida","1952","222","1847","234","105","73",
"1400000US12081002014","Census Tract 20.14; Manatee County; Florida","3001","390","2479","401","522","189",
"1400000US12081002016","Census Tract 20.16; Manatee County; Florida","2648","211","2563","217","85","65",
"1400000US12081002017","Census Tract 20.17; Manatee County; Florida","1820","176","1022","158","798","171",
"1400000US12081002018","Census Tract 20.18; Manatee County; Florida","2627","260","2254","245","373","155",
"1400000US12081002019","Census Tract 20.19; Manatee County; Florida","3342","305","2286","267","1056","273",
"1400000US12081002020","Census Tract 20.20; Manatee County; Florida","3682","336","3211","330","471","179",
"1400000US12081002021","Census Tract 20.21; Manatee County; Florida","3603","475","2852","479","751","232",
"1400000US12081002022","Census Tract 20.22; Manatee County; Florida","966","83","888","102","78","55",
"1400000US12081002023","Census Tract 20.23; Manatee County; Florida","3503","223","3144","209","359","153",
"1400000US12081002024","Census Tract 20.24; Manatee County; Florida","1537","320","1512","316","25","35",
"1400000US12081002025","Census Tract 20.25; Manatee County; Florida","2471","238","2000","223","471","177",
"1400000US12081990000","Census Tract 9900; Manatee County; Florida","0","15","0","15","0","15",
"1400000US12083000101","Census Tract 1.01; Marion County; Florida","1343","325","911","297","432","225",
"1400000US12083000102","Census Tract 1.02; Marion County; Florida","909","112","892","118","17","23",
"1400000US12083000201","Census Tract 2.01; Marion County; Florida","961","193","818","202","143","90",
"1400000US12083000202","Census Tract 2.02; Marion County; Florida","1473","353","939","157","534","338",
"1400000US12083000203","Census Tract 2.03; Marion County; Florida","444","66","375","70","69","59",
"1400000US12083000302","Census Tract 3.02; Marion County; Florida","1403","215","886","156","517","197",
"1400000US12083000303","Census Tract 3.03; Marion County; Florida","1081","218","1028","220","53","53",
"1400000US12083000304","Census Tract 3.04; Marion County; Florida","247","72","199","56","48","41",
"1400000US12083000401","Census Tract 4.01; Marion County; Florida","1073","183","957","171","116","80",
"1400000US12083000402","Census Tract 4.02; Marion County; Florida","1646","285","1335","260","311","227",
"1400000US12083000501","Census Tract 5.01; Marion County; Florida","842","142","762","125","80","62",
"1400000US12083000502","Census Tract 5.02; Marion County; Florida","722","115","700","117","22","20",
"1400000US12083000601","Census Tract 6.01; Marion County; Florida","1788","382","1366","370","422","180",
"1400000US12083000604","Census Tract 6.04; Marion County; Florida","1225","190","927","187","298","183",
"1400000US12083000605","Census Tract 6.05; Marion County; Florida","1374","230","1161","173","213","178",
"1400000US12083000606","Census Tract 6.06; Marion County; Florida","1086","189","993","190","93","72",
"1400000US12083000607","Census Tract 6.07; Marion County; Florida","1328","241","1177","288","151","119",
"1400000US12083000703","Census Tract 7.03; Marion County; Florida","1857","405","1434","355","423","234",
"1400000US12083000704","Census Tract 7.04; Marion County; Florida","985","219","718","197","267","116",
"1400000US12083000705","Census Tract 7.05; Marion County; Florida","964","226","905","224","59","50",
"1400000US12083000706","Census Tract 7.06; Marion County; Florida","2131","242","2062","243","69","59",
"1400000US12083000707","Census Tract 7.07; Marion County; Florida","777","123","694","117","83","64",
"1400000US12083000803","Census Tract 8.03; Marion County; Florida","1413","148","1162","196","251","134",
"1400000US12083000804","Census Tract 8.04; Marion County; Florida","674","82","596","91","78","62",
"1400000US12083000805","Census Tract 8.05; Marion County; Florida","2624","484","2208","508","416","205",
"1400000US12083000806","Census Tract 8.06; Marion County; Florida","1042","226","1006","223","36","46",
"1400000US12083000807","Census Tract 8.07; Marion County; Florida","1520","291","1271","186","249","290",
"1400000US12083000808","Census Tract 8.08; Marion County; Florida","1482","217","1395","204","87","75",
"1400000US12083000809","Census Tract 8.09; Marion County; Florida","1183","94","1183","94","0","15",
"1400000US12083000810","Census Tract 8.10; Marion County; Florida","1673","312","1535","306","138","65",
"1400000US12083000811","Census Tract 8.11; Marion County; Florida","2089","286","1989","276","100","78",
"1400000US12083000901","Census Tract 9.01; Marion County; Florida","3023","349","2414","388","609","272",
"1400000US12083000903","Census Tract 9.03; Marion County; Florida","1462","196","1165","226","297","153",
"1400000US12083000904","Census Tract 9.04; Marion County; Florida","3021","360","2313","330","708","317",
"1400000US12083001003","Census Tract 10.03; Marion County; Florida","550","101","397","100","153","72",
"1400000US12083001005","Census Tract 10.05; Marion County; Florida","3152","305","2613","266","539","275",
"1400000US12083001007","Census Tract 10.07; Marion County; Florida","3336","349","2969","347","367","184",
"1400000US12083001008","Census Tract 10.08; Marion County; Florida","2325","252","2102","267","223","95",
"1400000US12083001009","Census Tract 10.09; Marion County; Florida","3019","368","2820","343","199","146",
"1400000US12083001010","Census Tract 10.10; Marion County; Florida","2100","336","1975","335","125","65",
"1400000US12083001011","Census Tract 10.11; Marion County; Florida","1919","240","1600","282","319","207",
"1400000US12083001012","Census Tract 10.12; Marion County; Florida","1739","339","1622","355","117","108",
"1400000US12083001013","Census Tract 10.13; Marion County; Florida","3228","382","2151","370","1077","296",
"1400000US12083001102","Census Tract 11.02; Marion County; Florida","1233","161","867","170","366","162",
"1400000US12083001103","Census Tract 11.03; Marion County; Florida","3531","456","2583","470","948","355",
"1400000US12083001105","Census Tract 11.05; Marion County; Florida","2201","271","1278","281","923","276",
"1400000US12083001106","Census Tract 11.06; Marion County; Florida","1053","198","770","157","283","141",
"1400000US12083001204","Census Tract 12.04; Marion County; Florida","2761","326","1950","300","811","324",
"1400000US12083001205","Census Tract 12.05; Marion County; Florida","2005","191","1677","218","328","144",
"1400000US12083001206","Census Tract 12.06; Marion County; Florida","1112","301","945","301","167","85",
"1400000US12083001208","Census Tract 12.08; Marion County; Florida","1777","163","1494","188","283","137",
"1400000US12083001209","Census Tract 12.09; Marion County; Florida","1322","180","1136","217","186","102",
"1400000US12083001210","Census Tract 12.10; Marion County; Florida","2804","349","2470","402","334","196",
"1400000US12083001211","Census Tract 12.11; Marion County; Florida","1218","129","715","179","503","146",
"1400000US12083001301","Census Tract 13.01; Marion County; Florida","2554","310","1916","201","638","313",
"1400000US12083001302","Census Tract 13.02; Marion County; Florida","2615","326","2143","321","472","250",
"1400000US12083001401","Census Tract 14.01; Marion County; Florida","2356","283","1373","236","983","290",
"1400000US12083001403","Census Tract 14.03; Marion County; Florida","3067","453","1837","284","1230","454",
"1400000US12083001404","Census Tract 14.04; Marion County; Florida","599","110","428","110","171","79",
"1400000US12083001500","Census Tract 15; Marion County; Florida","1361","234","754","143","607","234",
"1400000US12083001600","Census Tract 16; Marion County; Florida","976","152","434","90","542","138",
"1400000US12083001700","Census Tract 17; Marion County; Florida","2516","353","536","227","1980","343",
"1400000US12083001800","Census Tract 18; Marion County; Florida","708","157","290","136","418","140",
"1400000US12083001900","Census Tract 19; Marion County; Florida","1228","265","788","264","440","145",
"1400000US12083002001","Census Tract 20.01; Marion County; Florida","1571","201","708","174","863","196",
"1400000US12083002002","Census Tract 20.02; Marion County; Florida","1958","268","756","159","1202","241",
"1400000US12083002100","Census Tract 21; Marion County; Florida","1844","281","1511","252","333","187",
"1400000US12083002201","Census Tract 22.01; Marion County; Florida","1538","137","1210","164","328","119",
"1400000US12083002202","Census Tract 22.02; Marion County; Florida","1610","265","1477","273","133","90",
"1400000US12083002203","Census Tract 22.03; Marion County; Florida","2870","439","2088","419","782","351",
"1400000US12083002302","Census Tract 23.02; Marion County; Florida","2486","314","2003","302","483","155",
"1400000US12083002303","Census Tract 23.03; Marion County; Florida","864","217","460","132","404","200",
"1400000US12083002304","Census Tract 23.04; Marion County; Florida","2310","293","1245","231","1065","221",
"1400000US12083002401","Census Tract 24.01; Marion County; Florida","2053","286","704","166","1349","272",
"1400000US12083002402","Census Tract 24.02; Marion County; Florida","2447","332","2103","330","344","181",
"1400000US12083002503","Census Tract 25.03; Marion County; Florida","3256","361","2568","370","688","298",
"1400000US12083002504","Census Tract 25.04; Marion County; Florida","2808","235","1618","215","1190","223",
"1400000US12083002505","Census Tract 25.05; Marion County; Florida","3740","417","2316","315","1424","371",
"1400000US12083002506","Census Tract 25.06; Marion County; Florida","1088","200","923","220","165","115",
"1400000US12083002507","Census Tract 25.07; Marion County; Florida","2000","280","1257","245","743","313",
"1400000US12083002602","Census Tract 26.02; Marion County; Florida","2376","302","1975","323","401","221",
"1400000US12083002604","Census Tract 26.04; Marion County; Florida","1623","196","1511","197","112","73",
"1400000US12083002605","Census Tract 26.05; Marion County; Florida","4765","396","4581","392","184","98",
"1400000US12083002607","Census Tract 26.07; Marion County; Florida","1724","152","1514","170","210","128",
"1400000US12083002608","Census Tract 26.08; Marion County; Florida","1298","152","1116","175","182","117",
"1400000US12083002609","Census Tract 26.09; Marion County; Florida","1902","387","1569","217","333","345",
"1400000US12083002610","Census Tract 26.10; Marion County; Florida","2922","366","2596","380","326","156",
"1400000US12083002703","Census Tract 27.03; Marion County; Florida","1465","262","1100","239","365","122",
"1400000US12083002704","Census Tract 27.04; Marion County; Florida","2155","243","1941","259","214","142",
"1400000US12083002705","Census Tract 27.05; Marion County; Florida","2345","318","2160","319","185","114",
"1400000US12083002706","Census Tract 27.06; Marion County; Florida","633","242","618","242","15","23",
"1400000US12083980000","Census Tract 9800; Marion County; Florida","0","15","0","15","0","15",
"1400000US12083980100","Census Tract 9801; Marion County; Florida","0","15","0","15","0","15",
"1400000US12085000100","Census Tract 1; Martin County; Florida","1473","232","1352","233","121","71",
"1400000US12085000200","Census Tract 2; Martin County; Florida","1880","217","1534","218","346","143",
"1400000US12085000300","Census Tract 3; Martin County; Florida","3097","267","1697","209","1400","277",
"1400000US12085000400","Census Tract 4; Martin County; Florida","3243","321","2729","287","514","235",
"1400000US12085000501","Census Tract 5.01; Martin County; Florida","2290","232","1497","193","793","238",
"1400000US12085000502","Census Tract 5.02; Martin County; Florida","858","198","805","199","53","23",
"1400000US12085000603","Census Tract 6.03; Martin County; Florida","2454","269","1998","252","456","157",
"1400000US12085000604","Census Tract 6.04; Martin County; Florida","2226","285","2126","304","100","78",
"1400000US12085000606","Census Tract 6.06; Martin County; Florida","2701","410","2472","406","229","114",
"1400000US12085000607","Census Tract 6.07; Martin County; Florida","1252","140","1207","137","45","33",
"1400000US12085000610","Census Tract 6.10; Martin County; Florida","1721","242","1489","233","232","100",
"1400000US12085000701","Census Tract 7.01; Martin County; Florida","1076","194","922","189","154","87",
"1400000US12085000702","Census Tract 7.02; Martin County; Florida","1127","185","810","159","317","132",
"1400000US12085000800","Census Tract 8; Martin County; Florida","852","122","582","150","270","106",
"1400000US12085000901","Census Tract 9.01; Martin County; Florida","1569","211","1302","211","267","110",
"1400000US12085000902","Census Tract 9.02; Martin County; Florida","2019","304","1399","289","620","210",
"1400000US12085001000","Census Tract 10; Martin County; Florida","2773","365","905","251","1868","376",
"1400000US12085001103","Census Tract 11.03; Martin County; Florida","1304","199","1070","201","234","108",
"1400000US12085001105","Census Tract 11.05; Martin County; Florida","1508","170","1082","197","426","143",
"1400000US12085001106","Census Tract 11.06; Martin County; Florida","2562","206","1844","260","718","233",
"1400000US12085001107","Census Tract 11.07; Martin County; Florida","826","92","730","117","96","68",
"1400000US12085001108","Census Tract 11.08; Martin County; Florida","2625","315","2490","340","135","99",
"1400000US12085001200","Census Tract 12; Martin County; Florida","935","149","453","95","482","154",
"1400000US12085001301","Census Tract 13.01; Martin County; Florida","2042","303","1275","288","767","202",
"1400000US12085001302","Census Tract 13.02; Martin County; Florida","2097","266","1886","286","211","104",
"1400000US12085001404","Census Tract 14.04; Martin County; Florida","2351","229","2120","208","231","134",
"1400000US12085001406","Census Tract 14.06; Martin County; Florida","1372","138","1234","139","138","77",
"1400000US12085001407","Census Tract 14.07; Martin County; Florida","1187","151","925","154","262","95",
"1400000US12085001408","Census Tract 14.08; Martin County; Florida","1781","421","1035","438","746","179",
"1400000US12085001409","Census Tract 14.09; Martin County; Florida","1334","174","1118","168","216","108",
"1400000US12085001410","Census Tract 14.10; Martin County; Florida","2995","301","2684","296","311","143",
"1400000US12085001500","Census Tract 15; Martin County; Florida","1579","269","1433","275","146","72",
"1400000US12085001601","Census Tract 16.01; Martin County; Florida","1983","412","1885","409","98","88",
"1400000US12085001602","Census Tract 16.02; Martin County; Florida","478","52","478","52","0","15",
"1400000US12085001701","Census Tract 17.01; Martin County; Florida","1325","130","1271","145","54","45",
"1400000US12085001702","Census Tract 17.02; Martin County; Florida","840","114","717","140","123","104",
"1400000US12085001703","Census Tract 17.03; Martin County; Florida","1943","230","1892","231","51","59",
"1400000US12085001803","Census Tract 18.03; Martin County; Florida","465","128","403","135","62","47",
"1400000US12085001804","Census Tract 18.04; Martin County; Florida","1206","254","846","256","360","131",
"1400000US12085001805","Census Tract 18.05; Martin County; Florida","300","96","177","113","123","79",
"1400000US12085001806","Census Tract 18.06; Martin County; Florida","152","54","124","48","28","32",
"1400000US12085990000","Census Tract 9900; Martin County; Florida","0","15","0","15","0","15",
"1400000US12085990100","Census Tract 9901; Martin County; Florida","0","15","0","15","0","15",
"1400000US12086000107","Census Tract 1.07; Miami-Dade County; Florida","1326","278","496","133","830","265",
"1400000US12086000109","Census Tract 1.09; Miami-Dade County; Florida","1502","210","409","150","1093","186",
"1400000US12086000115","Census Tract 1.15; Miami-Dade County; Florida","757","178","547","131","210","113",
"1400000US12086000118","Census Tract 1.18; Miami-Dade County; Florida","475","105","380","94","95","44",
"1400000US12086000120","Census Tract 1.20; Miami-Dade County; Florida","1914","320","1327","345","587","228",
"1400000US12086000121","Census Tract 1.21; Miami-Dade County; Florida","853","156","565","107","288","130",
"1400000US12086000122","Census Tract 1.22; Miami-Dade County; Florida","1857","251","1434","262","423","149",
"1400000US12086000123","Census Tract 1.23; Miami-Dade County; Florida","2022","318","1378","318","644","194",
"1400000US12086000124","Census Tract 1.24; Miami-Dade County; Florida","1206","187","368","141","838","146",
"1400000US12086000125","Census Tract 1.25; Miami-Dade County; Florida","1876","419","910","430","966","195",
"1400000US12086000126","Census Tract 1.26; Miami-Dade County; Florida","953","182","541","146","412","188",
"1400000US12086000127","Census Tract 1.27; Miami-Dade County; Florida","1533","251","1167","255","366","140",
"1400000US12086000128","Census Tract 1.28; Miami-Dade County; Florida","2055","377","1113","425","942","250",
"1400000US12086000129","Census Tract 1.29; Miami-Dade County; Florida","972","166","750","150","222","99",
"1400000US12086000130","Census Tract 1.30; Miami-Dade County; Florida","1503","200","1189","206","314","133",
"1400000US12086000131","Census Tract 1.31; Miami-Dade County; Florida","2079","293","1291","235","788","238",
"1400000US12086000132","Census Tract 1.32; Miami-Dade County; Florida","2664","387","1719","358","945","221",
"1400000US12086000134","Census Tract 1.34; Miami-Dade County; Florida","1478","271","816","253","662","194",
"1400000US12086000140","Census Tract 1.40; Miami-Dade County; Florida","1527","292","320","119","1207","298",
"1400000US12086000141","Census Tract 1.41; Miami-Dade County; Florida","1046","156","435","158","611","151",
"1400000US12086000142","Census Tract 1.42; Miami-Dade County; Florida","1990","225","1192","276","798","232",
"1400000US12086000143","Census Tract 1.43; Miami-Dade County; Florida","1494","321","908","239","586","255",
"1400000US12086000144","Census Tract 1.44; Miami-Dade County; Florida","523","101","132","64","391","106",
"1400000US12086000145","Census Tract 1.45; Miami-Dade County; Florida","885","356","827","357","58","41",
"1400000US12086000146","Census Tract 1.46; Miami-Dade County; Florida","1666","386","1069","225","597","365",
"1400000US12086000204","Census Tract 2.04; Miami-Dade County; Florida","1151","148","888","168","263","122",
"1400000US12086000206","Census Tract 2.06; Miami-Dade County; Florida","1939","317","1210","310","729","226",
"1400000US12086000211","Census Tract 2.11; Miami-Dade County; Florida","901","112","536","101","365","126",
"1400000US12086000212","Census Tract 2.12; Miami-Dade County; Florida","1796","266","182","109","1614","252",
"1400000US12086000213","Census Tract 2.13; Miami-Dade County; Florida","1566","210","770","204","796","204",
"1400000US12086000215","Census Tract 2.15; Miami-Dade County; Florida","1630","347","645","175","985","331",
"1400000US12086000216","Census Tract 2.16; Miami-Dade County; Florida","1187","213","809","224","378","186",
"1400000US12086000218","Census Tract 2.18; Miami-Dade County; Florida","958","126","640","141","318","135",
"1400000US12086000219","Census Tract 2.19; Miami-Dade County; Florida","1526","164","381","145","1145","181",
"1400000US12086000220","Census Tract 2.20; Miami-Dade County; Florida","1708","276","497","175","1211","258",
"1400000US12086000221","Census Tract 2.21; Miami-Dade County; Florida","700","165","342","101","358","161",
"1400000US12086000222","Census Tract 2.22; Miami-Dade County; Florida","1302","191","882","165","420","163",
"1400000US12086000223","Census Tract 2.23; Miami-Dade County; Florida","1022","210","402","197","620","130",
"1400000US12086000224","Census Tract 2.24; Miami-Dade County; Florida","1836","189","167","86","1669","178",
"1400000US12086000225","Census Tract 2.25; Miami-Dade County; Florida","1752","309","354","133","1398","323",
"1400000US12086000226","Census Tract 2.26; Miami-Dade County; Florida","784","149","715","158","69","41",
"1400000US12086000227","Census Tract 2.27; Miami-Dade County; Florida","834","142","562","147","272","96",
"1400000US12086000228","Census Tract 2.28; Miami-Dade County; Florida","1027","172","453","122","574","181",
"1400000US12086000302","Census Tract 3.02; Miami-Dade County; Florida","671","119","584","142","87","56",
"1400000US12086000306","Census Tract 3.06; Miami-Dade County; Florida","1828","185","514","140","1314","175",
"1400000US12086000307","Census Tract 3.07; Miami-Dade County; Florida","1179","118","847","159","332","131",
"1400000US12086000308","Census Tract 3.08; Miami-Dade County; Florida","1187","136","1081","149","106","75",
"1400000US12086000309","Census Tract 3.09; Miami-Dade County; Florida","1148","147","224","121","924","144",
"1400000US12086000310","Census Tract 3.10; Miami-Dade County; Florida","1330","179","763","224","567","178",
"1400000US12086000311","Census Tract 3.11; Miami-Dade County; Florida","1244","390","859","130","385","390",
"1400000US12086000312","Census Tract 3.12; Miami-Dade County; Florida","1124","241","443","125","681","232",
"1400000US12086000402","Census Tract 4.02; Miami-Dade County; Florida","1324","214","778","231","546","165",
"1400000US12086000405","Census Tract 4.05; Miami-Dade County; Florida","1134","147","928","184","206","106",
"1400000US12086000408","Census Tract 4.08; Miami-Dade County; Florida","1866","182","688","202","1178","188",
"1400000US12086000409","Census Tract 4.09; Miami-Dade County; Florida","1187","145","665","172","522","153",
"1400000US12086000410","Census Tract 4.10; Miami-Dade County; Florida","1164","213","966","238","198","113",
"1400000US12086000411","Census Tract 4.11; Miami-Dade County; Florida","2095","360","720","252","1375","335",
"1400000US12086000413","Census Tract 4.13; Miami-Dade County; Florida","1520","191","1058","191","462","203",
"1400000US12086000414","Census Tract 4.14; Miami-Dade County; Florida","1926","174","552","130","1374","173",
"1400000US12086000415","Census Tract 4.15; Miami-Dade County; Florida","622","130","464","156","158","88",
"1400000US12086000416","Census Tract 4.16; Miami-Dade County; Florida","1817","464","856","402","961","319",
"1400000US12086000417","Census Tract 4.17; Miami-Dade County; Florida","1638","246","642","211","996","218",
"1400000US12086000418","Census Tract 4.18; Miami-Dade County; Florida","773","96","382","122","391","108",
"1400000US12086000419","Census Tract 4.19; Miami-Dade County; Florida","1168","254","643","255","525","151",
"1400000US12086000420","Census Tract 4.20; Miami-Dade County; Florida","1064","99","892","172","172","136",
"1400000US12086000504","Census Tract 5.04; Miami-Dade County; Florida","1513","226","862","242","651","159",
"1400000US12086000505","Census Tract 5.05; Miami-Dade County; Florida","1951","101","752","153","1199","177",
"1400000US12086000506","Census Tract 5.06; Miami-Dade County; Florida","733","116","569","94","164","112",
"1400000US12086000507","Census Tract 5.07; Miami-Dade County; Florida","1257","149","586","147","671","153",
"1400000US12086000508","Census Tract 5.08; Miami-Dade County; Florida","1323","160","18","28","1305","161",
"1400000US12086000509","Census Tract 5.09; Miami-Dade County; Florida","987","140","585","156","402","132",
"1400000US12086000601","Census Tract 6.01; Miami-Dade County; Florida","1234","76","907","118","327","111",
"1400000US12086000602","Census Tract 6.02; Miami-Dade County; Florida","1695","342","1404","362","291","132",
"1400000US12086000603","Census Tract 6.03; Miami-Dade County; Florida","1561","265","888","143","673","298",
"1400000US12086000605","Census Tract 6.05; Miami-Dade County; Florida","1382","382","1144","406","238","126",
"1400000US12086000607","Census Tract 6.07; Miami-Dade County; Florida","1539","188","884","129","655","222",
"1400000US12086000609","Census Tract 6.09; Miami-Dade County; Florida","1321","192","315","153","1006","177",
"1400000US12086000610","Census Tract 6.10; Miami-Dade County; Florida","886","155","359","88","527","160",
"1400000US12086000611","Census Tract 6.11; Miami-Dade County; Florida","779","123","419","83","360","122",
"1400000US12086000612","Census Tract 6.12; Miami-Dade County; Florida","896","190","617","209","279","72",
"1400000US12086000705","Census Tract 7.05; Miami-Dade County; Florida","2173","327","772","212","1401","375",
"1400000US12086000710","Census Tract 7.10; Miami-Dade County; Florida","1874","145","274","161","1600","195",
"1400000US12086000711","Census Tract 7.11; Miami-Dade County; Florida","2054","125","641","149","1413","155",
"1400000US12086000712","Census Tract 7.12; Miami-Dade County; Florida","853","132","237","70","616","139",
"1400000US12086000713","Census Tract 7.13; Miami-Dade County; Florida","1394","392","378","213","1016","342",
"1400000US12086000714","Census Tract 7.14; Miami-Dade County; Florida","1634","213","590","228","1044","226",
"1400000US12086000715","Census Tract 7.15; Miami-Dade County; Florida","987","151","670","152","317","112",
"1400000US12086000716","Census Tract 7.16; Miami-Dade County; Florida","852","133","686","138","166","58",
"1400000US12086000717","Census Tract 7.17; Miami-Dade County; Florida","834","159","677","177","157","79",
"1400000US12086000718","Census Tract 7.18; Miami-Dade County; Florida","1369","400","660","394","709","119",
"1400000US12086000719","Census Tract 7.19; Miami-Dade County; Florida","494","52","187","58","307","60",
"1400000US12086000720","Census Tract 7.20; Miami-Dade County; Florida","1281","87","554","114","727","99",
"1400000US12086000804","Census Tract 8.04; Miami-Dade County; Florida","1521","284","571","118","950","296",
"1400000US12086000805","Census Tract 8.05; Miami-Dade County; Florida","1637","144","1046","142","591","171",
"1400000US12086000806","Census Tract 8.06; Miami-Dade County; Florida","1542","220","378","120","1164","242",
"1400000US12086000807","Census Tract 8.07; Miami-Dade County; Florida","1569","280","141","82","1428","299",
"1400000US12086000808","Census Tract 8.08; Miami-Dade County; Florida","1393","267","403","159","990","241",
"1400000US12086000903","Census Tract 9.03; Miami-Dade County; Florida","1263","179","540","142","723","200",
"1400000US12086000904","Census Tract 9.04; Miami-Dade County; Florida","776","142","585","81","191","138",
"1400000US12086000905","Census Tract 9.05; Miami-Dade County; Florida","1092","173","721","169","371","116",
"1400000US12086000906","Census Tract 9.06; Miami-Dade County; Florida","585","154","458","48","127","156",
"1400000US12086000907","Census Tract 9.07; Miami-Dade County; Florida","501","104","342","82","159","105",
"1400000US12086000908","Census Tract 9.08; Miami-Dade County; Florida","951","171","751","210","200","125",
"1400000US12086001003","Census Tract 10.03; Miami-Dade County; Florida","2059","320","1189","300","870","317",
"1400000US12086001004","Census Tract 10.04; Miami-Dade County; Florida","2574","326","670","238","1904","330",
"1400000US12086001005","Census Tract 10.05; Miami-Dade County; Florida","792","123","330","95","462","115",
"1400000US12086001006","Census Tract 10.06; Miami-Dade County; Florida","1644","377","476","124","1168","386",
"1400000US12086001007","Census Tract 10.07; Miami-Dade County; Florida","1048","72","598","147","450","142",
"1400000US12086001008","Census Tract 10.08; Miami-Dade County; Florida","1179","327","539","110","640","355",
"1400000US12086001101","Census Tract 11.01; Miami-Dade County; Florida","1323","191","958","213","365","131",
"1400000US12086001102","Census Tract 11.02; Miami-Dade County; Florida","1269","118","1126","116","143","84",
"1400000US12086001103","Census Tract 11.03; Miami-Dade County; Florida","1397","268","804","148","593","265",
"1400000US12086001104","Census Tract 11.04; Miami-Dade County; Florida","1756","218","1676","208","80","50",
"1400000US12086001204","Census Tract 12.04; Miami-Dade County; Florida","2271","269","1201","206","1070","269",
"1400000US12086001205","Census Tract 12.05; Miami-Dade County; Florida","857","189","660","187","197","105",
"1400000US12086001206","Census Tract 12.06; Miami-Dade County; Florida","1839","214","1357","162","482","170",
"1400000US12086001207","Census Tract 12.07; Miami-Dade County; Florida","572","109","435","100","137","77",
"1400000US12086001208","Census Tract 12.08; Miami-Dade County; Florida","1285","259","215","234","1070","196",
"1400000US12086001209","Census Tract 12.09; Miami-Dade County; Florida","1330","189","343","126","987","222",
"1400000US12086001301","Census Tract 13.01; Miami-Dade County; Florida","2503","285","697","252","1806","323",
"1400000US12086001302","Census Tract 13.02; Miami-Dade County; Florida","2769","440","1419","454","1350","307",
"1400000US12086001401","Census Tract 14.01; Miami-Dade County; Florida","2148","298","338","149","1810","289",
"1400000US12086001402","Census Tract 14.02; Miami-Dade County; Florida","2535","431","418","372","2117","292",
"1400000US12086001501","Census Tract 15.01; Miami-Dade County; Florida","1160","186","170","88","990","206",
"1400000US12086001502","Census Tract 15.02; Miami-Dade County; Florida","1391","239","573","136","818","267",
"1400000US12086001603","Census Tract 16.03; Miami-Dade County; Florida","1082","144","705","158","377","121",
"1400000US12086001605","Census Tract 16.05; Miami-Dade County; Florida","1719","249","134","72","1585","250",
"1400000US12086001606","Census Tract 16.06; Miami-Dade County; Florida","1676","235","141","74","1535","253",
"1400000US12086001607","Census Tract 16.07; Miami-Dade County; Florida","1122","383","677","388","445","110",
"1400000US12086001608","Census Tract 16.08; Miami-Dade County; Florida","876","164","582","174","294","101",
"1400000US12086001701","Census Tract 17.01; Miami-Dade County; Florida","1702","290","644","218","1058","272",
"1400000US12086001702","Census Tract 17.02; Miami-Dade County; Florida","1315","248","552","137","763","247",
"1400000US12086001704","Census Tract 17.04; Miami-Dade County; Florida","815","97","427","134","388","157",
"1400000US12086001705","Census Tract 17.05; Miami-Dade County; Florida","670","147","55","35","615","153",
"1400000US12086001801","Census Tract 18.01; Miami-Dade County; Florida","1654","404","740","359","914","277",
"1400000US12086001802","Census Tract 18.02; Miami-Dade County; Florida","1543","257","753","217","790","241",
"1400000US12086001803","Census Tract 18.03; Miami-Dade County; Florida","1457","312","198","78","1259","304",
"1400000US12086001901","Census Tract 19.01; Miami-Dade County; Florida","2192","307","354","182","1838","350",
"1400000US12086001903","Census Tract 19.03; Miami-Dade County; Florida","1173","195","231","81","942","195",
"1400000US12086001904","Census Tract 19.04; Miami-Dade County; Florida","1568","184","418","145","1150","209",
"1400000US12086002001","Census Tract 20.01; Miami-Dade County; Florida","1292","211","83","53","1209","212",
"1400000US12086002003","Census Tract 20.03; Miami-Dade County; Florida","1392","164","220","101","1172","166",
"1400000US12086002004","Census Tract 20.04; Miami-Dade County; Florida","1031","128","163","86","868","129",
"1400000US12086002100","Census Tract 21; Miami-Dade County; Florida","1256","219","581","103","675","226",
"1400000US12086002201","Census Tract 22.01; Miami-Dade County; Florida","1084","94","351","117","733","144",
"1400000US12086002202","Census Tract 22.02; Miami-Dade County; Florida","1569","382","841","329","728","179",
"1400000US12086002300","Census Tract 23; Miami-Dade County; Florida","1831","246","921","271","910","291",
"1400000US12086002402","Census Tract 24.02; Miami-Dade County; Florida","1917","170","638","177","1279","196",
"1400000US12086002403","Census Tract 24.03; Miami-Dade County; Florida","1259","158","362","120","897","219",
"1400000US12086002404","Census Tract 24.04; Miami-Dade County; Florida","2392","348","247","109","2145","364",
"1400000US12086002501","Census Tract 25.01; Miami-Dade County; Florida","1874","400","414","193","1460","356",
"1400000US12086002502","Census Tract 25.02; Miami-Dade County; Florida","1145","206","253","129","892","205",
"1400000US12086002600","Census Tract 26; Miami-Dade County; Florida","2905","304","701","256","2204","341",
"1400000US12086002702","Census Tract 27.02; Miami-Dade County; Florida","3337","274","68","65","3269","266",
"1400000US12086002705","Census Tract 27.05; Miami-Dade County; Florida","2519","459","787","265","1732","537",
"1400000US12086002707","Census Tract 27.07; Miami-Dade County; Florida","1589","176","765","123","824","192",
"1400000US12086002708","Census Tract 27.08; Miami-Dade County; Florida","1493","197","269","131","1224","204",
"1400000US12086002709","Census Tract 27.09; Miami-Dade County; Florida","2780","393","1423","386","1357","375",
"1400000US12086002710","Census Tract 27.10; Miami-Dade County; Florida","1215","315","667","174","548","335",
"1400000US12086002800","Census Tract 28; Miami-Dade County; Florida","551","92","21","25","530","91",
"1400000US12086002900","Census Tract 29; Miami-Dade County; Florida","1608","152","314","141","1294","199",
"1400000US12086003001","Census Tract 30.01; Miami-Dade County; Florida","1546","293","216","136","1330","291",
"1400000US12086003004","Census Tract 30.04; Miami-Dade County; Florida","2614","253","170","131","2444","260",
"1400000US12086003005","Census Tract 30.05; Miami-Dade County; Florida","682","187","183","121","499","157",
"1400000US12086003006","Census Tract 30.06; Miami-Dade County; Florida","1714","236","302","136","1412","261",
"1400000US12086003100","Census Tract 31; Miami-Dade County; Florida","1936","338","283","181","1653","343",
"1400000US12086003400","Census Tract 34; Miami-Dade County; Florida","1875","248","0","15","1875","248",
"1400000US12086003603","Census Tract 36.03; Miami-Dade County; Florida","1023","226","84","51","939","232",
"1400000US12086003604","Census Tract 36.04; Miami-Dade County; Florida","1237","231","75","69","1162","236",
"1400000US12086003605","Census Tract 36.05; Miami-Dade County; Florida","1652","149","208","94","1444","175",
"1400000US12086003606","Census Tract 36.06; Miami-Dade County; Florida","1478","179","0","15","1478","179",
"1400000US12086003607","Census Tract 36.07; Miami-Dade County; Florida","870","134","91","43","779","132",
"1400000US12086003703","Census Tract 37.03; Miami-Dade County; Florida","1686","241","530","172","1156","221",
"1400000US12086003704","Census Tract 37.04; Miami-Dade County; Florida","986","163","178","87","808","183",
"1400000US12086003705","Census Tract 37.05; Miami-Dade County; Florida","1045","140","628","137","417","128",
"1400000US12086003706","Census Tract 37.06; Miami-Dade County; Florida","1022","141","0","15","1022","141",
"1400000US12086003707","Census Tract 37.07; Miami-Dade County; Florida","1240","192","353","125","887","187",
"1400000US12086003708","Census Tract 37.08; Miami-Dade County; Florida","581","95","194","92","387","106",
"1400000US12086003709","Census Tract 37.09; Miami-Dade County; Florida","762","130","105","58","657","135",
"1400000US12086003710","Census Tract 37.10; Miami-Dade County; Florida","3867","376","466","175","3401","377",
"1400000US12086003801","Census Tract 38.01; Miami-Dade County; Florida","2092","200","1025","200","1067","181",
"1400000US12086003803","Census Tract 38.03; Miami-Dade County; Florida","1471","210","848","198","623","182",
"1400000US12086003804","Census Tract 38.04; Miami-Dade County; Florida","1965","178","1454","165","511","192",
"1400000US12086003906","Census Tract 39.06; Miami-Dade County; Florida","943","159","841","167","102","73",
"1400000US12086003909","Census Tract 39.09; Miami-Dade County; Florida","762","162","143","56","619","160",
"1400000US12086003911","Census Tract 39.11; Miami-Dade County; Florida","2102","398","778","301","1324","287",
"1400000US12086003912","Census Tract 39.12; Miami-Dade County; Florida","1767","314","411","103","1356","322",
"1400000US12086003913","Census Tract 39.13; Miami-Dade County; Florida","1823","328","590","312","1233","245",
"1400000US12086003914","Census Tract 39.14; Miami-Dade County; Florida","2180","415","928","291","1252","338",
"1400000US12086003915","Census Tract 39.15; Miami-Dade County; Florida","2147","279","927","242","1220","230",
"1400000US12086003916","Census Tract 39.16; Miami-Dade County; Florida","1919","230","588","153","1331","239",
"1400000US12086003917","Census Tract 39.17; Miami-Dade County; Florida","2303","212","929","260","1374","272",
"1400000US12086003918","Census Tract 39.18; Miami-Dade County; Florida","1266","184","583","126","683","159",
"1400000US12086003919","Census Tract 39.19; Miami-Dade County; Florida","1347","254","862","202","485","184",
"1400000US12086003921","Census Tract 39.21; Miami-Dade County; Florida","1088","199","676","169","412","146",
"1400000US12086003922","Census Tract 39.22; Miami-Dade County; Florida","980","167","554","119","426","119",
"1400000US12086004000","Census Tract 40; Miami-Dade County; Florida","1636","268","1127","286","509","191",
"1400000US12086004102","Census Tract 41.02; Miami-Dade County; Florida","1073","159","1001","161","72","37",
"1400000US12086004103","Census Tract 41.03; Miami-Dade County; Florida","1326","274","428","131","898","275",
"1400000US12086004105","Census Tract 41.05; Miami-Dade County; Florida","1452","473","650","266","802","427",
"1400000US12086004106","Census Tract 41.06; Miami-Dade County; Florida","1226","172","804","141","422","144",
"1400000US12086004204","Census Tract 42.04; Miami-Dade County; Florida","1282","203","259","119","1023","222",
"1400000US12086004205","Census Tract 42.05; Miami-Dade County; Florida","1259","209","412","132","847","188",
"1400000US12086004206","Census Tract 42.06; Miami-Dade County; Florida","947","350","397","322","550","178",
"1400000US12086004207","Census Tract 42.07; Miami-Dade County; Florida","973","207","73","58","900","206",
"1400000US12086004208","Census Tract 42.08; Miami-Dade County; Florida","915","177","458","124","457","184",
"1400000US12086004301","Census Tract 43.01; Miami-Dade County; Florida","1502","220","688","136","814","235",
"1400000US12086004303","Census Tract 43.03; Miami-Dade County; Florida","1524","200","266","107","1258","217",
"1400000US12086004304","Census Tract 43.04; Miami-Dade County; Florida","1303","223","667","161","636","204",
"1400000US12086004403","Census Tract 44.03; Miami-Dade County; Florida","1468","230","460","144","1008","236",
"1400000US12086004404","Census Tract 44.04; Miami-Dade County; Florida","1455","253","494","134","961","251",
"1400000US12086004405","Census Tract 44.05; Miami-Dade County; Florida","1885","262","431","216","1454","237",
"1400000US12086004406","Census Tract 44.06; Miami-Dade County; Florida","1450","169","448","132","1002","180",
"1400000US12086004500","Census Tract 45; Miami-Dade County; Florida","2276","434","1030","212","1246","424",
"1400000US12086004602","Census Tract 46.02; Miami-Dade County; Florida","1215","127","926","133","289","104",
"1400000US12086004605","Census Tract 46.05; Miami-Dade County; Florida","1428","166","1060","162","368","134",
"1400000US12086004607","Census Tract 46.07; Miami-Dade County; Florida","1502","166","887","160","615","194",
"1400000US12086004608","Census Tract 46.08; Miami-Dade County; Florida","800","160","418","104","382","126",
"1400000US12086004701","Census Tract 47.01; Miami-Dade County; Florida","2064","259","1483","248","581","179",
"1400000US12086004703","Census Tract 47.03; Miami-Dade County; Florida","1755","147","904","139","851","161",
"1400000US12086004704","Census Tract 47.04; Miami-Dade County; Florida","855","76","479","88","376","78",
"1400000US12086004705","Census Tract 47.05; Miami-Dade County; Florida","1628","435","941","369","687","271",
"1400000US12086004901","Census Tract 49.01; Miami-Dade County; Florida","1561","404","443","429","1118","170",
"1400000US12086004903","Census Tract 49.03; Miami-Dade County; Florida","1304","283","419","183","885","276",
"1400000US12086004904","Census Tract 49.04; Miami-Dade County; Florida","971","182","374","192","597","134",
"1400000US12086005002","Census Tract 50.02; Miami-Dade County; Florida","1765","249","739","277","1026","169",
"1400000US12086005003","Census Tract 50.03; Miami-Dade County; Florida","1290","369","588","120","702","364",
"1400000US12086005004","Census Tract 50.04; Miami-Dade County; Florida","1117","163","840","217","277","158",
"1400000US12086005102","Census Tract 51.02; Miami-Dade County; Florida","2731","431","752","369","1979","402",
"1400000US12086005103","Census Tract 51.03; Miami-Dade County; Florida","956","111","260","83","696","118",
"1400000US12086005104","Census Tract 51.04; Miami-Dade County; Florida","1710","134","296","125","1414","167",
"1400000US12086005201","Census Tract 52.01; Miami-Dade County; Florida","2379","294","98","89","2281","302",
"1400000US12086005202","Census Tract 52.02; Miami-Dade County; Florida","2183","296","106","91","2077","308",
"1400000US12086005303","Census Tract 53.03; Miami-Dade County; Florida","1325","119","95","71","1230","133",
"1400000US12086005304","Census Tract 53.04; Miami-Dade County; Florida","1653","140","164","99","1489","148",
"1400000US12086005305","Census Tract 53.05; Miami-Dade County; Florida","1726","508","80","77","1646","504",
"1400000US12086005306","Census Tract 53.06; Miami-Dade County; Florida","2131","472","95","62","2036","477",
"1400000US12086005403","Census Tract 54.03; Miami-Dade County; Florida","501","115","218","108","283","82",
"1400000US12086005405","Census Tract 54.05; Miami-Dade County; Florida","1196","196","252","88","944","199",
"1400000US12086005406","Census Tract 54.06; Miami-Dade County; Florida","1465","338","188","101","1277","349",
"1400000US12086005407","Census Tract 54.07; Miami-Dade County; Florida","1017","127","225","110","792","123",
"1400000US12086005409","Census Tract 54.09; Miami-Dade County; Florida","1873","266","129","107","1744","265",
"1400000US12086005410","Census Tract 54.10; Miami-Dade County; Florida","1261","177","75","62","1186","189",
"1400000US12086005503","Census Tract 55.03; Miami-Dade County; Florida","1290","141","512","153","778","186",
"1400000US12086005504","Census Tract 55.04; Miami-Dade County; Florida","1074","162","371","126","703","204",
"1400000US12086005505","Census Tract 55.05; Miami-Dade County; Florida","863","108","313","114","550","121",
"1400000US12086005506","Census Tract 55.06; Miami-Dade County; Florida","1181","169","477","144","704","197",
"1400000US12086005600","Census Tract 56; Miami-Dade County; Florida","1840","314","910","137","930","319",
"1400000US12086005701","Census Tract 57.01; Miami-Dade County; Florida","2591","540","1219","394","1372","433",
"1400000US12086005705","Census Tract 57.05; Miami-Dade County; Florida","1522","145","432","102","1090","155",
"1400000US12086005706","Census Tract 57.06; Miami-Dade County; Florida","1832","157","429","153","1403","200",
"1400000US12086005707","Census Tract 57.07; Miami-Dade County; Florida","634","42","32","23","602","48",
"1400000US12086005708","Census Tract 57.08; Miami-Dade County; Florida","2200","370","979","366","1221","290",
"1400000US12086005803","Census Tract 58.03; Miami-Dade County; Florida","2078","406","1070","312","1008","347",
"1400000US12086005804","Census Tract 58.04; Miami-Dade County; Florida","1224","174","824","197","400","160",
"1400000US12086005805","Census Tract 58.05; Miami-Dade County; Florida","763","117","505","124","258","115",
"1400000US12086005806","Census Tract 58.06; Miami-Dade County; Florida","1443","278","979","244","464","213",
"1400000US12086005901","Census Tract 59.01; Miami-Dade County; Florida","1850","228","1126","186","724","175",
"1400000US12086005902","Census Tract 59.02; Miami-Dade County; Florida","1147","119","581","111","566","122",
"1400000US12086005903","Census Tract 59.03; Miami-Dade County; Florida","1870","279","636","148","1234","252",
"1400000US12086005904","Census Tract 59.04; Miami-Dade County; Florida","2142","221","869","256","1273","225",
"1400000US12086006002","Census Tract 60.02; Miami-Dade County; Florida","1950","383","1423","221","527","338",
"1400000US12086006003","Census Tract 60.03; Miami-Dade County; Florida","1062","59","823","154","239","143",
"1400000US12086006004","Census Tract 60.04; Miami-Dade County; Florida","887","125","849","141","38","39",
"1400000US12086006103","Census Tract 61.03; Miami-Dade County; Florida","653","161","608","150","45","47",
"1400000US12086006104","Census Tract 61.04; Miami-Dade County; Florida","1784","198","1486","214","298","104",
"1400000US12086006105","Census Tract 61.05; Miami-Dade County; Florida","790","96","707","94","83","47",
"1400000US12086006106","Census Tract 61.06; Miami-Dade County; Florida","884","123","760","127","124","54",
"1400000US12086006201","Census Tract 62.01; Miami-Dade County; Florida","1382","316","784","266","598","208",
"1400000US12086006203","Census Tract 62.03; Miami-Dade County; Florida","1341","189","514","130","827","180",
"1400000US12086006205","Census Tract 62.05; Miami-Dade County; Florida","2042","270","516","187","1526","305",
"1400000US12086006206","Census Tract 62.06; Miami-Dade County; Florida","1891","186","742","216","1149","197",
"1400000US12086006302","Census Tract 63.02; Miami-Dade County; Florida","2090","305","1082","260","1008","243",
"1400000US12086006303","Census Tract 63.03; Miami-Dade County; Florida","1799","237","645","222","1154","201",
"1400000US12086006304","Census Tract 63.04; Miami-Dade County; Florida","1354","148","520","121","834","187",
"1400000US12086006401","Census Tract 64.01; Miami-Dade County; Florida","1377","221","420","149","957","231",
"1400000US12086006402","Census Tract 64.02; Miami-Dade County; Florida","1646","209","737","159","909","176",
"1400000US12086006403","Census Tract 64.03; Miami-Dade County; Florida","1578","389","941","326","637","234",
"1400000US12086006501","Census Tract 65.01; Miami-Dade County; Florida","1274","246","671","194","603","226",
"1400000US12086006503","Census Tract 65.03; Miami-Dade County; Florida","817","65","470","72","347","81",
"1400000US12086006504","Census Tract 65.04; Miami-Dade County; Florida","835","101","501","81","334","96",
"1400000US12086006603","Census Tract 66.03; Miami-Dade County; Florida","1345","231","69","58","1276","244",
"1400000US12086006604","Census Tract 66.04; Miami-Dade County; Florida","1274","235","101","89","1173","260",
"1400000US12086006605","Census Tract 66.05; Miami-Dade County; Florida","943","226","441","196","502","178",
"1400000US12086006606","Census Tract 66.06; Miami-Dade County; Florida","548","113","10","14","538","112",
"1400000US12086006607","Census Tract 66.07; Miami-Dade County; Florida","1355","387","227","166","1128","371",
"1400000US12086006608","Census Tract 66.08; Miami-Dade County; Florida","1364","312","706","288","658","196",
"1400000US12086006705","Census Tract 67.05; Miami-Dade County; Florida","1941","413","1172","249","769","402",
"1400000US12086006706","Census Tract 67.06; Miami-Dade County; Florida","1586","375","570","153","1016","404",
"1400000US12086006707","Census Tract 67.07; Miami-Dade County; Florida","2048","297","1351","279","697","253",
"1400000US12086006709","Census Tract 67.09; Miami-Dade County; Florida","1027","194","376","121","651","201",
"1400000US12086006713","Census Tract 67.13; Miami-Dade County; Florida","1027","193","514","117","513","140",
"1400000US12086006714","Census Tract 67.14; Miami-Dade County; Florida","1286","219","636","176","650","160",
"1400000US12086006715","Census Tract 67.15; Miami-Dade County; Florida","1916","173","857","177","1059","235",
"1400000US12086006716","Census Tract 67.16; Miami-Dade County; Florida","712","164","165","72","547","160",
"1400000US12086006717","Census Tract 67.17; Miami-Dade County; Florida","1293","373","469","214","824","388",
"1400000US12086006718","Census Tract 67.18; Miami-Dade County; Florida","1788","298","596","135","1192","306",
"1400000US12086006719","Census Tract 67.19; Miami-Dade County; Florida","1561","474","201","93","1360","478",
"1400000US12086006720","Census Tract 67.20; Miami-Dade County; Florida","1386","188","596","193","790","167",
"1400000US12086006721","Census Tract 67.21; Miami-Dade County; Florida","2042","660","350","100","1692","680",
"1400000US12086006722","Census Tract 67.22; Miami-Dade County; Florida","805","103","117","52","688","113",
"1400000US12086006801","Census Tract 68.01; Miami-Dade County; Florida","1594","183","1141","175","453","150",
"1400000US12086006802","Census Tract 68.02; Miami-Dade County; Florida","1505","176","1228","162","277","113",
"1400000US12086006901","Census Tract 69.01; Miami-Dade County; Florida","1211","235","687","135","524","249",
"1400000US12086006902","Census Tract 69.02; Miami-Dade County; Florida","1405","376","1003","384","402","148",
"1400000US12086007003","Census Tract 70.03; Miami-Dade County; Florida","1680","423","755","215","925","431",
"1400000US12086007004","Census Tract 70.04; Miami-Dade County; Florida","2108","354","914","371","1194","228",
"1400000US12086007005","Census Tract 70.05; Miami-Dade County; Florida","1025","239","337","187","688","176",
"1400000US12086007006","Census Tract 70.06; Miami-Dade County; Florida","1277","170","540","124","737","174",
"1400000US12086007007","Census Tract 70.07; Miami-Dade County; Florida","1583","165","115","75","1468","187",
"1400000US12086007101","Census Tract 71.01; Miami-Dade County; Florida","1166","174","661","158","505","127",
"1400000US12086007103","Census Tract 71.03; Miami-Dade County; Florida","1223","325","564","212","659","274",
"1400000US12086007104","Census Tract 71.04; Miami-Dade County; Florida","1468","147","653","149","815","156",
"1400000US12086007200","Census Tract 72; Miami-Dade County; Florida","1199","187","278","74","921","207",
"1400000US12086007300","Census Tract 73; Miami-Dade County; Florida","1574","253","1445","257","129","68",
"1400000US12086007401","Census Tract 74.01; Miami-Dade County; Florida","555","77","489","80","66","45",
"1400000US12086007402","Census Tract 74.02; Miami-Dade County; Florida","1096","174","909","188","187","92",
"1400000US12086007403","Census Tract 74.03; Miami-Dade County; Florida","1909","497","827","413","1082","229",
"1400000US12086007501","Census Tract 75.01; Miami-Dade County; Florida","916","85","866","84","50","36",
"1400000US12086007503","Census Tract 75.03; Miami-Dade County; Florida","345","66","224","65","121","41",
"1400000US12086007601","Census Tract 76.01; Miami-Dade County; Florida","873","94","730","105","143","63",
"1400000US12086007603","Census Tract 76.03; Miami-Dade County; Florida","1659","222","526","168","1133","205",
"1400000US12086007605","Census Tract 76.05; Miami-Dade County; Florida","1602","199","765","137","837","204",
"1400000US12086007607","Census Tract 76.07; Miami-Dade County; Florida","963","240","738","124","225","206",
"1400000US12086007608","Census Tract 76.08; Miami-Dade County; Florida","789","135","653","114","136","70",
"1400000US12086007609","Census Tract 76.09; Miami-Dade County; Florida","837","125","419","126","418","128",
"1400000US12086007610","Census Tract 76.10; Miami-Dade County; Florida","1928","251","1175","285","753","164",
"1400000US12086007704","Census Tract 77.04; Miami-Dade County; Florida","3108","454","907","475","2201","273",
"1400000US12086007705","Census Tract 77.05; Miami-Dade County; Florida","2654","294","1195","267","1459","312",
"1400000US12086007706","Census Tract 77.06; Miami-Dade County; Florida","1337","165","1100","178","237","135",
"1400000US12086007707","Census Tract 77.07; Miami-Dade County; Florida","832","347","776","339","56","37",
"1400000US12086007708","Census Tract 77.08; Miami-Dade County; Florida","866","89","489","128","377","111",
"1400000US12086007709","Census Tract 77.09; Miami-Dade County; Florida","935","169","718","182","217","96",
"1400000US12086007801","Census Tract 78.01; Miami-Dade County; Florida","189","58","183","59","6","8",
"1400000US12086007805","Census Tract 78.05; Miami-Dade County; Florida","1707","114","1346","142","361","109",
"1400000US12086007806","Census Tract 78.06; Miami-Dade County; Florida","1156","155","1156","155","0","15",
"1400000US12086007807","Census Tract 78.07; Miami-Dade County; Florida","1656","196","1257","218","399","115",
"1400000US12086007808","Census Tract 78.08; Miami-Dade County; Florida","2455","278","890","234","1565","287",
"1400000US12086007809","Census Tract 78.09; Miami-Dade County; Florida","1715","221","968","231","747","138",
"1400000US12086007901","Census Tract 79.01; Miami-Dade County; Florida","1713","348","1428","369","285","115",
"1400000US12086007902","Census Tract 79.02; Miami-Dade County; Florida","1105","112","847","127","258","79",
"1400000US12086008000","Census Tract 80; Miami-Dade County; Florida","1965","292","1307","289","658","213",
"1400000US12086008101","Census Tract 81.01; Miami-Dade County; Florida","1039","141","1010","143","29","31",
"1400000US12086008102","Census Tract 81.02; Miami-Dade County; Florida","1573","199","1196","201","377","136",
"1400000US12086008202","Census Tract 82.02; Miami-Dade County; Florida","1468","159","1212","185","256","111",
"1400000US12086008205","Census Tract 82.05; Miami-Dade County; Florida","1411","216","1298","224","113","72",
"1400000US12086008206","Census Tract 82.06; Miami-Dade County; Florida","1406","289","1020","129","386","270",
"1400000US12086008207","Census Tract 82.07; Miami-Dade County; Florida","1375","164","1364","165","11","17",
"1400000US12086008208","Census Tract 82.08; Miami-Dade County; Florida","1891","155","899","190","992","187",
"1400000US12086008209","Census Tract 82.09; Miami-Dade County; Florida","1280","122","1166","130","114","63",
"1400000US12086008305","Census Tract 83.05; Miami-Dade County; Florida","1935","191","1067","144","868","230",
"1400000US12086008308","Census Tract 83.08; Miami-Dade County; Florida","1775","229","1095","153","680","277",
"1400000US12086008309","Census Tract 83.09; Miami-Dade County; Florida","1460","137","641","174","819","175",
"1400000US12086008310","Census Tract 83.10; Miami-Dade County; Florida","1195","320","956","355","239","85",
"1400000US12086008311","Census Tract 83.11; Miami-Dade County; Florida","1163","122","985","139","178","87",
"1400000US12086008312","Census Tract 83.12; Miami-Dade County; Florida","1003","217","753","215","250","113",
"1400000US12086008313","Census Tract 83.13; Miami-Dade County; Florida","1662","272","1033","174","629","311",
"1400000US12086008314","Census Tract 83.14; Miami-Dade County; Florida","743","65","665","80","78","47",
"1400000US12086008315","Census Tract 83.15; Miami-Dade County; Florida","1122","173","1040","183","82","58",
"1400000US12086008409","Census Tract 84.09; Miami-Dade County; Florida","1952","316","1592","302","360","148",
"1400000US12086008415","Census Tract 84.15; Miami-Dade County; Florida","1406","131","1351","132","55","41",
"1400000US12086008416","Census Tract 84.16; Miami-Dade County; Florida","1349","188","652","93","697","198",
"1400000US12086008418","Census Tract 84.18; Miami-Dade County; Florida","1011","139","645","129","366","114",
"1400000US12086008419","Census Tract 84.19; Miami-Dade County; Florida","2092","314","1038","227","1054","353",
"1400000US12086008420","Census Tract 84.20; Miami-Dade County; Florida","678","105","517","122","161","71",
"1400000US12086008421","Census Tract 84.21; Miami-Dade County; Florida","1682","493","1335","508","347","111",
"1400000US12086008422","Census Tract 84.22; Miami-Dade County; Florida","886","79","688","134","198","110",
"1400000US12086008423","Census Tract 84.23; Miami-Dade County; Florida","1610","419","1311","420","299","142",
"1400000US12086008424","Census Tract 84.24; Miami-Dade County; Florida","1862","335","426","133","1436","362",
"1400000US12086008425","Census Tract 84.25; Miami-Dade County; Florida","974","233","582","243","392","84",
"1400000US12086008426","Census Tract 84.26; Miami-Dade County; Florida","1255","104","1244","104","11","21",
"1400000US12086008427","Census Tract 84.27; Miami-Dade County; Florida","787","78","619","92","168","50",
"1400000US12086008428","Census Tract 84.28; Miami-Dade County; Florida","839","111","744","114","95","57",
"1400000US12086008429","Census Tract 84.29; Miami-Dade County; Florida","1245","217","789","124","456","256",
"1400000US12086008430","Census Tract 84.30; Miami-Dade County; Florida","2221","278","630","191","1591","353",
"1400000US12086008431","Census Tract 84.31; Miami-Dade County; Florida","546","63","338","75","208","65",
"1400000US12086008502","Census Tract 85.02; Miami-Dade County; Florida","1466","116","1023","151","443","140",
"1400000US12086008503","Census Tract 85.03; Miami-Dade County; Florida","1036","197","810","184","226","172",
"1400000US12086008504","Census Tract 85.04; Miami-Dade County; Florida","934","96","825","113","109","83",
"1400000US12086008601","Census Tract 86.01; Miami-Dade County; Florida","1412","248","1151","246","261","101",
"1400000US12086008603","Census Tract 86.03; Miami-Dade County; Florida","1567","338","1305","333","262","110",
"1400000US12086008604","Census Tract 86.04; Miami-Dade County; Florida","488","56","441","67","47","51",
"1400000US12086008702","Census Tract 87.02; Miami-Dade County; Florida","1760","306","1321","317","439","148",
"1400000US12086008703","Census Tract 87.03; Miami-Dade County; Florida","689","123","442","127","247","109",
"1400000US12086008704","Census Tract 87.04; Miami-Dade County; Florida","887","63","798","92","89","63",
"1400000US12086008805","Census Tract 88.05; Miami-Dade County; Florida","1324","114","530","128","794","159",
"1400000US12086008806","Census Tract 88.06; Miami-Dade County; Florida","1464","277","980","294","484","181",
"1400000US12086008807","Census Tract 88.07; Miami-Dade County; Florida","1563","641","1328","647","235","110",
"1400000US12086008808","Census Tract 88.08; Miami-Dade County; Florida","1055","175","550","153","505","189",
"1400000US12086008809","Census Tract 88.09; Miami-Dade County; Florida","683","40","631","55","52","43",
"1400000US12086008810","Census Tract 88.10; Miami-Dade County; Florida","1522","461","1103","458","419","163",
"1400000US12086008904","Census Tract 89.04; Miami-Dade County; Florida","4","4","0","15","4","4",
"1400000US12086008906","Census Tract 89.06; Miami-Dade County; Florida","1739","144","1084","176","655","128",
"1400000US12086008907","Census Tract 89.07; Miami-Dade County; Florida","1852","312","947","332","905","171",
"1400000US12086008908","Census Tract 89.08; Miami-Dade County; Florida","1171","192","778","203","393","151",
"1400000US12086008909","Census Tract 89.09; Miami-Dade County; Florida","1264","185","767","157","497","131",
"1400000US12086008910","Census Tract 89.10; Miami-Dade County; Florida","1072","101","635","132","437","117",
"1400000US12086008911","Census Tract 89.11; Miami-Dade County; Florida","869","98","794","123","75","79",
"1400000US12086009010","Census Tract 90.10; Miami-Dade County; Florida","2985","273","1310","232","1675","247",
"1400000US12086009014","Census Tract 90.14; Miami-Dade County; Florida","1364","117","692","156","672","125",
"1400000US12086009015","Census Tract 90.15; Miami-Dade County; Florida","2342","183","917","196","1425","184",
"1400000US12086009020","Census Tract 90.20; Miami-Dade County; Florida","1143","168","147","73","996","183",
"1400000US12086009021","Census Tract 90.21; Miami-Dade County; Florida","1399","139","495","143","904","163",
"1400000US12086009022","Census Tract 90.22; Miami-Dade County; Florida","773","157","541","160","232","74",
"1400000US12086009024","Census Tract 90.24; Miami-Dade County; Florida","1959","225","176","85","1783","223",
"1400000US12086009026","Census Tract 90.26; Miami-Dade County; Florida","886","87","331","77","555","105",
"1400000US12086009027","Census Tract 90.27; Miami-Dade County; Florida","1567","165","416","155","1151","160",
"1400000US12086009028","Census Tract 90.28; Miami-Dade County; Florida","2075","341","1354","374","721","185",
"1400000US12086009029","Census Tract 90.29; Miami-Dade County; Florida","1410","251","739","141","671","250",
"1400000US12086009030","Census Tract 90.30; Miami-Dade County; Florida","1899","215","846","162","1053","240",
"1400000US12086009031","Census Tract 90.31; Miami-Dade County; Florida","1633","178","469","124","1164","212",
"1400000US12086009039","Census Tract 90.39; Miami-Dade County; Florida","2396","343","978","224","1418","375",
"1400000US12086009040","Census Tract 90.40; Miami-Dade County; Florida","2685","228","1405","248","1280","199",
"1400000US12086009043","Census Tract 90.43; Miami-Dade County; Florida","1457","143","965","159","492","157",
"1400000US12086009044","Census Tract 90.44; Miami-Dade County; Florida","869","142","489","104","380","123",
"1400000US12086009048","Census Tract 90.48; Miami-Dade County; Florida","1027","74","739","142","288","125",
"1400000US12086009049","Census Tract 90.49; Miami-Dade County; Florida","1401","166","676","167","725","196",
"1400000US12086009050","Census Tract 90.50; Miami-Dade County; Florida","1526","211","740","185","786","180",
"1400000US12086009051","Census Tract 90.51; Miami-Dade County; Florida","697","52","320","85","377","81",
"1400000US12086009052","Census Tract 90.52; Miami-Dade County; Florida","1478","494","570","127","908","529",
"1400000US12086009053","Census Tract 90.53; Miami-Dade County; Florida","1759","495","1096","408","663","308",
"1400000US12086009054","Census Tract 90.54; Miami-Dade County; Florida","574","127","435","88","139","121",
"1400000US12086009055","Census Tract 90.55; Miami-Dade County; Florida","713","127","609","93","104","95",
"1400000US12086009056","Census Tract 90.56; Miami-Dade County; Florida","1168","350","831","364","337","99",
"1400000US12086009057","Census Tract 90.57; Miami-Dade County; Florida","2142","371","881","244","1261","329",
"1400000US12086009058","Census Tract 90.58; Miami-Dade County; Florida","1597","116","873","144","724","149",
"1400000US12086009059","Census Tract 90.59; Miami-Dade County; Florida","970","89","444","122","526","134",
"1400000US12086009060","Census Tract 90.60; Miami-Dade County; Florida","1492","181","730","191","762","212",
"1400000US12086009061","Census Tract 90.61; Miami-Dade County; Florida","1124","108","663","141","461","155",
"1400000US12086009062","Census Tract 90.62; Miami-Dade County; Florida","905","99","570","101","335","103",
"1400000US12086009063","Census Tract 90.63; Miami-Dade County; Florida","1046","228","473","139","573","231",
"1400000US12086009064","Census Tract 90.64; Miami-Dade County; Florida","1034","184","239","108","795","195",
"1400000US12086009065","Census Tract 90.65; Miami-Dade County; Florida","1699","184","631","192","1068","163",
"1400000US12086009066","Census Tract 90.66; Miami-Dade County; Florida","2836","334","547","197","2289","336",
"1400000US12086009101","Census Tract 91.01; Miami-Dade County; Florida","872","181","179","60","693","193",
"1400000US12086009102","Census Tract 91.02; Miami-Dade County; Florida","1044","121","419","112","625","128",
"1400000US12086009200","Census Tract 92; Miami-Dade County; Florida","977","137","820","76","157","136",
"1400000US12086009305","Census Tract 93.05; Miami-Dade County; Florida","1814","234","1423","238","391","118",
"1400000US12086009312","Census Tract 93.12; Miami-Dade County; Florida","2799","235","344","123","2455","233",
"1400000US12086009314","Census Tract 93.14; Miami-Dade County; Florida","1464","134","518","133","946","146",
"1400000US12086009315","Census Tract 93.15; Miami-Dade County; Florida","1140","145","470","140","670","176",
"1400000US12086009316","Census Tract 93.16; Miami-Dade County; Florida","750","34","536","90","214","83",
"1400000US12086009317","Census Tract 93.17; Miami-Dade County; Florida","1438","182","738","199","700","153",
"1400000US12086009318","Census Tract 93.18; Miami-Dade County; Florida","548","41","492","48","56","38",
"1400000US12086009319","Census Tract 93.19; Miami-Dade County; Florida","1498","222","642","189","856","222",
"1400000US12086009320","Census Tract 93.20; Miami-Dade County; Florida","1542","281","324","110","1218","303",
"1400000US12086009321","Census Tract 93.21; Miami-Dade County; Florida","964","117","477","96","487","101",
"1400000US12086009322","Census Tract 93.22; Miami-Dade County; Florida","1624","432","852","411","772","190",
"1400000US12086009323","Census Tract 93.23; Miami-Dade County; Florida","795","36","512","89","283","86",
"1400000US12086009324","Census Tract 93.24; Miami-Dade County; Florida","1480","142","472","105","1008","176",
"1400000US12086009325","Census Tract 93.25; Miami-Dade County; Florida","883","244","543","174","340","249",
"1400000US12086009326","Census Tract 93.26; Miami-Dade County; Florida","1233","326","568","272","665","207",
"1400000US12086009327","Census Tract 93.27; Miami-Dade County; Florida","859","96","679","103","180","84",
"1400000US12086009401","Census Tract 94.01; Miami-Dade County; Florida","691","141","536","108","155","125",
"1400000US12086009402","Census Tract 94.02; Miami-Dade County; Florida","1027","132","808","152","219","118",
"1400000US12086009503","Census Tract 95.03; Miami-Dade County; Florida","1593","178","1095","189","498","166",
"1400000US12086009504","Census Tract 95.04; Miami-Dade County; Florida","1332","79","1138","127","194","118",
"1400000US12086009505","Census Tract 95.05; Miami-Dade County; Florida","552","70","33","44","519","74",
"1400000US12086009506","Census Tract 95.06; Miami-Dade County; Florida","1433","228","803","181","630","191",
"1400000US12086009601","Census Tract 96.01; Miami-Dade County; Florida","1377","452","501","141","876","444",
"1400000US12086009602","Census Tract 96.02; Miami-Dade County; Florida","1279","338","327","163","952","329",
"1400000US12086009703","Census Tract 97.03; Miami-Dade County; Florida","1076","135","967","131","109","70",
"1400000US12086009704","Census Tract 97.04; Miami-Dade County; Florida","1843","244","1125","174","718","239",
"1400000US12086009705","Census Tract 97.05; Miami-Dade County; Florida","2195","447","1357","439","838","266",
"1400000US12086009706","Census Tract 97.06; Miami-Dade County; Florida","1826","220","1156","180","670","224",
"1400000US12086009803","Census Tract 98.03; Miami-Dade County; Florida","2929","203","1456","256","1473","281",
"1400000US12086009804","Census Tract 98.04; Miami-Dade County; Florida","906","68","822","86","84","65",
"1400000US12086009806","Census Tract 98.06; Miami-Dade County; Florida","1699","503","980","216","719","485",
"1400000US12086009809","Census Tract 98.09; Miami-Dade County; Florida","1408","268","1044","263","364","166",
"1400000US12086009810","Census Tract 98.10; Miami-Dade County; Florida","1562","158","719","192","843","242",
"1400000US12086009811","Census Tract 98.11; Miami-Dade County; Florida","935","133","529","133","406","114",
"1400000US12086009812","Census Tract 98.12; Miami-Dade County; Florida","2099","304","1101","264","998","258",
"1400000US12086009903","Census Tract 99.03; Miami-Dade County; Florida","1450","218","1159","134","291","214",
"1400000US12086009904","Census Tract 99.04; Miami-Dade County; Florida","1526","218","457","127","1069","228",
"1400000US12086009905","Census Tract 99.05; Miami-Dade County; Florida","1522","167","1348","166","174","100",
"1400000US12086009906","Census Tract 99.06; Miami-Dade County; Florida","1538","133","1198","139","340","136",
"1400000US12086009907","Census Tract 99.07; Miami-Dade County; Florida","1192","231","951","243","241","128",
"1400000US12086009908","Census Tract 99.08; Miami-Dade County; Florida","1675","206","248","96","1427","225",
"1400000US12086009909","Census Tract 99.09; Miami-Dade County; Florida","1063","317","426","121","637","335",
"1400000US12086010010","Census Tract 100.10; Miami-Dade County; Florida","1219","110","644","125","575","153",
"1400000US12086010012","Census Tract 100.12; Miami-Dade County; Florida","1879","279","1451","287","428","197",
"1400000US12086010013","Census Tract 100.13; Miami-Dade County; Florida","1123","95","968","98","155","86",
"1400000US12086010015","Census Tract 100.15; Miami-Dade County; Florida","1075","105","510","115","565","135",
"1400000US12086010016","Census Tract 100.16; Miami-Dade County; Florida","1318","104","1250","131","68","56",
"1400000US12086010017","Census Tract 100.17; Miami-Dade County; Florida","999","136","855","140","144","95",
"1400000US12086010018","Census Tract 100.18; Miami-Dade County; Florida","822","128","692","148","130","79",
"1400000US12086010019","Census Tract 100.19; Miami-Dade County; Florida","1133","184","946","200","187","89",
"1400000US12086010020","Census Tract 100.20; Miami-Dade County; Florida","1053","261","937","282","116","101",
"1400000US12086010021","Census Tract 100.21; Miami-Dade County; Florida","1103","145","567","137","536","207",
"1400000US12086010022","Census Tract 100.22; Miami-Dade County; Florida","1252","435","1133","435","119","64",
"1400000US12086010023","Census Tract 100.23; Miami-Dade County; Florida","927","151","419","169","508","97",
"1400000US12086010024","Census Tract 100.24; Miami-Dade County; Florida","1706","299","737","306","969","168",
"1400000US12086010025","Census Tract 100.25; Miami-Dade County; Florida","1196","173","907","186","289","121",
"1400000US12086010026","Census Tract 100.26; Miami-Dade County; Florida","696","91","445","109","251","94",
"1400000US12086010193","Census Tract 101.93; Miami-Dade County; Florida","1503","222","1253","235","250","100",
"1400000US12086010198","Census Tract 101.98; Miami-Dade County; Florida","1134","216","1034","222","100","60",
"1400000US12086010201","Census Tract 102.01; Miami-Dade County; Florida","1352","159","1321","165","31","37",
"1400000US12086010205","Census Tract 102.05; Miami-Dade County; Florida","1371","163","1206","176","165","92",
"1400000US12086010207","Census Tract 102.07; Miami-Dade County; Florida","1808","198","87","82","1721","230",
"1400000US12086010208","Census Tract 102.08; Miami-Dade County; Florida","1674","181","487","208","1187","173",
"1400000US12086010209","Census Tract 102.09; Miami-Dade County; Florida","1786","244","1415","243","371","137",
"1400000US12086010211","Census Tract 102.11; Miami-Dade County; Florida","1453","198","1094","199","359","115",
"1400000US12086010212","Census Tract 102.12; Miami-Dade County; Florida","861","234","808","235","53","54",
"1400000US12086010213","Census Tract 102.13; Miami-Dade County; Florida","1461","145","864","177","597","158",
"1400000US12086010214","Census Tract 102.14; Miami-Dade County; Florida","713","71","498","83","215","68",
"1400000US12086010301","Census Tract 103.01; Miami-Dade County; Florida","1023","166","667","189","356","106",
"1400000US12086010302","Census Tract 103.02; Miami-Dade County; Florida","803","84","675","74","128","98",
"1400000US12086010303","Census Tract 103.03; Miami-Dade County; Florida","1160","217","920","272","240","161",
"1400000US12086010400","Census Tract 104; Miami-Dade County; Florida","2024","280","1215","172","809","316",
"1400000US12086010501","Census Tract 105.01; Miami-Dade County; Florida","2074","215","893","193","1181","252",
"1400000US12086010502","Census Tract 105.02; Miami-Dade County; Florida","3412","434","2552","432","860","324",
"1400000US12086010604","Census Tract 106.04; Miami-Dade County; Florida","1461","181","1254","221","207","112",
"1400000US12086010608","Census Tract 106.08; Miami-Dade County; Florida","1728","201","1329","135","399","176",
"1400000US12086010609","Census Tract 106.09; Miami-Dade County; Florida","2160","307","588","153","1572","302",
"1400000US12086010610","Census Tract 106.10; Miami-Dade County; Florida","1343","168","1017","171","326","109",
"1400000US12086010613","Census Tract 106.13; Miami-Dade County; Florida","2347","345","926","177","1421","378",
"1400000US12086010618","Census Tract 106.18; Miami-Dade County; Florida","1332","168","1017","213","315","150",
"1400000US12086010619","Census Tract 106.19; Miami-Dade County; Florida","785","127","634","131","151","78",
"1400000US12086010620","Census Tract 106.20; Miami-Dade County; Florida","998","132","841","101","157","118",
"1400000US12086010621","Census Tract 106.21; Miami-Dade County; Florida","1514","163","1059","150","455","192",
"1400000US12086010622","Census Tract 106.22; Miami-Dade County; Florida","1372","261","690","240","682","189",
"1400000US12086010623","Census Tract 106.23; Miami-Dade County; Florida","995","138","729","145","266","138",
"1400000US12086010624","Census Tract 106.24; Miami-Dade County; Florida","1017","94","915","78","102","100",
"1400000US12086010625","Census Tract 106.25; Miami-Dade County; Florida","1769","222","1044","240","725","133",
"1400000US12086010626","Census Tract 106.26; Miami-Dade County; Florida","1354","255","626","211","728","179",
"1400000US12086010705","Census Tract 107.05; Miami-Dade County; Florida","1671","167","1318","217","353","151",
"1400000US12086010706","Census Tract 107.06; Miami-Dade County; Florida","1069","137","509","117","560","176",
"1400000US12086010707","Census Tract 107.07; Miami-Dade County; Florida","1020","127","786","168","234","131",
"1400000US12086010708","Census Tract 107.08; Miami-Dade County; Florida","1663","111","1129","180","534","150",
"1400000US12086010709","Census Tract 107.09; Miami-Dade County; Florida","1782","402","1623","417","159","117",
"1400000US12086010710","Census Tract 107.10; Miami-Dade County; Florida","2247","490","1482","313","765","488",
"1400000US12086010803","Census Tract 108.03; Miami-Dade County; Florida","1546","143","240","121","1306","172",
"1400000US12086010804","Census Tract 108.04; Miami-Dade County; Florida","2720","344","537","179","2183","339",
"1400000US12086010805","Census Tract 108.05; Miami-Dade County; Florida","2014","540","514","147","1500","551",
"1400000US12086010806","Census Tract 108.06; Miami-Dade County; Florida","1369","208","737","212","632","152",
"1400000US12086010900","Census Tract 109; Miami-Dade County; Florida","2287","361","342","144","1945","353",
"1400000US12086011003","Census Tract 110.03; Miami-Dade County; Florida","1227","216","892","123","335","226",
"1400000US12086011008","Census Tract 110.08; Miami-Dade County; Florida","1448","186","1079","211","369","190",
"1400000US12086011009","Census Tract 110.09; Miami-Dade County; Florida","2278","374","1412","284","866","336",
"1400000US12086011010","Census Tract 110.10; Miami-Dade County; Florida","1773","335","128","65","1645","333",
"1400000US12086011011","Census Tract 110.11; Miami-Dade County; Florida","1347","95","691","141","656","152",
"1400000US12086011012","Census Tract 110.12; Miami-Dade County; Florida","670","47","562","48","108","63",
"1400000US12086011013","Census Tract 110.13; Miami-Dade County; Florida","939","208","718","203","221","80",
"1400000US12086011014","Census Tract 110.14; Miami-Dade County; Florida","1603","193","1122","188","481","200",
"1400000US12086011015","Census Tract 110.15; Miami-Dade County; Florida","2982","316","2654","329","328","165",
"1400000US12086011103","Census Tract 111.03; Miami-Dade County; Florida","1029","245","386","120","643","241",
"1400000US12086011104","Census Tract 111.04; Miami-Dade County; Florida","1574","196","283","142","1291","228",
"1400000US12086011105","Census Tract 111.05; Miami-Dade County; Florida","1245","214","943","225","302","107",
"1400000US12086011106","Census Tract 111.06; Miami-Dade County; Florida","1075","284","744","90","331","288",
"1400000US12086011203","Census Tract 112.03; Miami-Dade County; Florida","1617","471","516","157","1101","493",
"1400000US12086011204","Census Tract 112.04; Miami-Dade County; Florida","655","58","608","62","47","34",
"1400000US12086011205","Census Tract 112.05; Miami-Dade County; Florida","1107","149","751","192","356","139",
"1400000US12086011206","Census Tract 112.06; Miami-Dade County; Florida","849","140","711","161","138","81",
"1400000US12086011301","Census Tract 113.01; Miami-Dade County; Florida","1493","417","199","158","1294","399",
"1400000US12086011302","Census Tract 113.02; Miami-Dade County; Florida","1968","283","350","167","1618","287",
"1400000US12086011405","Census Tract 114.05; Miami-Dade County; Florida","1169","321","412","232","757","274",
"1400000US12086011406","Census Tract 114.06; Miami-Dade County; Florida","1086","130","631","155","455","172",
"1400000US12086011407","Census Tract 114.07; Miami-Dade County; Florida","1007","126","564","135","443","138",
"1400000US12086011408","Census Tract 114.08; Miami-Dade County; Florida","635","404","4","12","631","404",
"1400000US12086011409","Census Tract 114.09; Miami-Dade County; Florida","2312","187","1213","228","1099","248",
"1400000US12086011410","Census Tract 114.10; Miami-Dade County; Florida","1663","286","820","199","843","268",
"1400000US12086011411","Census Tract 114.11; Miami-Dade County; Florida","769","237","556","138","213","202",
"1400000US12086011412","Census Tract 114.12; Miami-Dade County; Florida","2420","638","816","372","1604","720",
"1400000US12086011500","Census Tract 115; Miami-Dade County; Florida","1855","569","1667","564","188","163",
"1400000US12086011601","Census Tract 116.01; Miami-Dade County; Florida","1159","93","779","127","380","112",
"1400000US12086011602","Census Tract 116.02; Miami-Dade County; Florida","1594","280","555","164","1039","268",
"1400000US12086011701","Census Tract 117.01; Miami-Dade County; Florida","597","199","578","200","19","22",
"1400000US12086011702","Census Tract 117.02; Miami-Dade County; Florida","1790","282","322","152","1468","298",
"1400000US12086011800","Census Tract 118; Miami-Dade County; Florida","1084","164","999","181","85","69",
"1400000US12086011900","Census Tract 119; Miami-Dade County; Florida","2012","274","1503","296","509","145",
"1400000US12086012001","Census Tract 120.01; Miami-Dade County; Florida","1290","255","46","45","1244","253",
"1400000US12086012002","Census Tract 120.02; Miami-Dade County; Florida","2254","342","299","152","1955","364",
"1400000US12086012101","Census Tract 121.01; Miami-Dade County; Florida","1227","392","869","395","358","195",
"1400000US12086012102","Census Tract 121.02; Miami-Dade County; Florida","1883","268","515","249","1368","275",
"1400000US12086012103","Census Tract 121.03; Miami-Dade County; Florida","1181","348","500","321","681","194",
"1400000US12086012104","Census Tract 121.04; Miami-Dade County; Florida","565","106","313","77","252","120",
"1400000US12086012105","Census Tract 121.05; Miami-Dade County; Florida","920","33","507","146","413","145",
"1400000US12086012200","Census Tract 122; Miami-Dade County; Florida","1539","197","1358","206","181","80",
"1400000US12086012301","Census Tract 123.01; Miami-Dade County; Florida","741","109","565","88","176","114",
"1400000US12086012302","Census Tract 123.02; Miami-Dade County; Florida","1275","168","1069","164","206","128",
"1400000US12086012401","Census Tract 124.01; Miami-Dade County; Florida","1354","315","1071","236","283","255",
"1400000US12086012402","Census Tract 124.02; Miami-Dade County; Florida","942","95","858","108","84","51",
"1400000US12086012403","Census Tract 124.03; Miami-Dade County; Florida","560","76","520","85","40","42",
"1400000US12086012501","Census Tract 125.01; Miami-Dade County; Florida","573","74","541","89","32","43",
"1400000US12086012502","Census Tract 125.02; Miami-Dade County; Florida","1262","166","1108","201","154","109",
"1400000US12086012601","Census Tract 126.01; Miami-Dade County; Florida","1032","103","544","111","488","148",
"1400000US12086012602","Census Tract 126.02; Miami-Dade County; Florida","1031","200","632","142","399","194",
"1400000US12086012701","Census Tract 127.01; Miami-Dade County; Florida","4193","346","3084","445","1109","299",
"1400000US12086012702","Census Tract 127.02; Miami-Dade County; Florida","1345","105","1145","139","200","108",
"1400000US12086012801","Census Tract 128.01; Miami-Dade County; Florida","1335","217","1268","220","67","79",
"1400000US12086012802","Census Tract 128.02; Miami-Dade County; Florida","1250","137","808","167","442","114",
"1400000US12086012900","Census Tract 129; Miami-Dade County; Florida","1556","251","770","245","786","183",
"1400000US12086013000","Census Tract 130; Miami-Dade County; Florida","1393","204","951","215","442","158",
"1400000US12086013100","Census Tract 131; Miami-Dade County; Florida","1765","177","753","155","1012","196",
"1400000US12086013201","Census Tract 132.01; Miami-Dade County; Florida","705","85","464","54","241","98",
"1400000US12086013202","Census Tract 132.02; Miami-Dade County; Florida","969","122","891","133","78","60",
"1400000US12086013301","Census Tract 133.01; Miami-Dade County; Florida","931","242","658","246","273","81",
"1400000US12086013302","Census Tract 133.02; Miami-Dade County; Florida","1142","113","455","120","687","153",
"1400000US12086013400","Census Tract 134; Miami-Dade County; Florida","1670","198","1115","232","555","161",
"1400000US12086013500","Census Tract 135; Miami-Dade County; Florida","1749","266","454","284","1295","153",
"1400000US12086013600","Census Tract 136; Miami-Dade County; Florida","1986","185","715","171","1271","178",
"1400000US12086013700","Census Tract 137; Miami-Dade County; Florida","2255","274","913","341","1342","235",
"1400000US12086013801","Census Tract 138.01; Miami-Dade County; Florida","696","38","423","99","273","99",
"1400000US12086013802","Census Tract 138.02; Miami-Dade County; Florida","1702","501","284","97","1418","512",
"1400000US12086013900","Census Tract 139; Miami-Dade County; Florida","1406","175","952","93","454","186",
"1400000US12086014100","Census Tract 141; Miami-Dade County; Florida","19","18","9","8","10","16",
"1400000US12086014200","Census Tract 142; Miami-Dade County; Florida","1460","256","1361","257","99","66",
"1400000US12086014300","Census Tract 143; Miami-Dade County; Florida","1149","165","1003","184","146","80",
"1400000US12086014400","Census Tract 144; Miami-Dade County; Florida","1471","398","932","150","539","408",
"1400000US12086014500","Census Tract 145; Miami-Dade County; Florida","1302","158","1204","174","98","65",
"1400000US12086014601","Census Tract 146.01; Miami-Dade County; Florida","1247","334","508","221","739","327",
"1400000US12086014602","Census Tract 146.02; Miami-Dade County; Florida","1439","421","850","253","589","368",
"1400000US12086014701","Census Tract 147.01; Miami-Dade County; Florida","872","245","222","88","650","256",
"1400000US12086014702","Census Tract 147.02; Miami-Dade County; Florida","1525","230","988","203","537","201",
"1400000US12086014800","Census Tract 148; Miami-Dade County; Florida","1753","303","815","301","938","215",
"1400000US12086014900","Census Tract 149; Miami-Dade County; Florida","1729","222","1374","227","355","161",
"1400000US12086015001","Census Tract 150.01; Miami-Dade County; Florida","1529","129","1394","169","135","113",
"1400000US12086015002","Census Tract 150.02; Miami-Dade County; Florida","1360","203","1059","130","301","194",
"1400000US12086015101","Census Tract 151.01; Miami-Dade County; Florida","1383","340","1037","201","346","312",
"1400000US12086015102","Census Tract 151.02; Miami-Dade County; Florida","869","275","696","260","173","90",
"1400000US12086015103","Census Tract 151.03; Miami-Dade County; Florida","902","287","703","242","199","171",
"1400000US12086015201","Census Tract 152.01; Miami-Dade County; Florida","967","140","649","85","318","154",
"1400000US12086015202","Census Tract 152.02; Miami-Dade County; Florida","1189","268","736","191","453","259",
"1400000US12086015300","Census Tract 153; Miami-Dade County; Florida","1937","240","1641","261","296","125",
"1400000US12086015400","Census Tract 154; Miami-Dade County; Florida","1771","180","1656","200","115","87",
"1400000US12086015501","Census Tract 155.01; Miami-Dade County; Florida","944","222","899","226","45","53",
"1400000US12086015502","Census Tract 155.02; Miami-Dade County; Florida","936","105","812","113","124","109",
"1400000US12086015600","Census Tract 156; Miami-Dade County; Florida","1613","288","1281","270","332","131",
"1400000US12086015700","Census Tract 157; Miami-Dade County; Florida","647","128","557","111","90","80",
"1400000US12086015800","Census Tract 158; Miami-Dade County; Florida","1600","199","1198","209","402","158",
"1400000US12086015900","Census Tract 159; Miami-Dade County; Florida","1069","124","878","149","191","115",
"1400000US12086016000","Census Tract 160; Miami-Dade County; Florida","1609","236","1271","265","338","124",
"1400000US12086016100","Census Tract 161; Miami-Dade County; Florida","1528","240","1427","262","101","104",
"1400000US12086016200","Census Tract 162; Miami-Dade County; Florida","1204","110","1138","116","66","42",
"1400000US12086016300","Census Tract 163; Miami-Dade County; Florida","1415","308","1271","295","144","93",
"1400000US12086016401","Census Tract 164.01; Miami-Dade County; Florida","1484","303","1278","303","206","81",
"1400000US12086016402","Census Tract 164.02; Miami-Dade County; Florida","667","83","600","90","67","41",
"1400000US12086016501","Census Tract 165.01; Miami-Dade County; Florida","936","140","838","156","98","75",
"1400000US12086016502","Census Tract 165.02; Miami-Dade County; Florida","1488","266","1238","270","250","125",
"1400000US12086016600","Census Tract 166; Miami-Dade County; Florida","1432","463","1255","474","177","103",
"1400000US12086016700","Census Tract 167; Miami-Dade County; Florida","1353","169","1016","115","337","184",
"1400000US12086016800","Census Tract 168; Miami-Dade County; Florida","1250","145","775","174","475","109",
"1400000US12086016900","Census Tract 169; Miami-Dade County; Florida","1809","257","1066","288","743","162",
"1400000US12086017000","Census Tract 170; Miami-Dade County; Florida","1791","350","1203","345","588","191",
"1400000US12086017101","Census Tract 171.01; Miami-Dade County; Florida","1465","106","942","146","523","149",
"1400000US12086017102","Census Tract 171.02; Miami-Dade County; Florida","897","256","576","232","321","132",
"1400000US12086017200","Census Tract 172; Miami-Dade County; Florida","1314","320","1067","302","247","223",
"1400000US12086017300","Census Tract 173; Miami-Dade County; Florida","1616","378","999","141","617","325",
"1400000US12086017401","Census Tract 174.01; Miami-Dade County; Florida","415","114","405","113","10","18",
"1400000US12086017402","Census Tract 174.02; Miami-Dade County; Florida","1986","298","1132","276","854","321",
"1400000US12086017500","Census Tract 175; Miami-Dade County; Florida","1384","203","370","116","1014","207",
"1400000US12086017600","Census Tract 176; Miami-Dade County; Florida","2620","334","882","228","1738","321",
"1400000US12086017700","Census Tract 177; Miami-Dade County; Florida","1673","170","668","153","1005","182",
"1400000US12086017800","Census Tract 178; Miami-Dade County; Florida","2215","274","613","240","1602","251",
"1400000US12086017901","Census Tract 179.01; Miami-Dade County; Florida","1192","141","1084","141","108","72",
"1400000US12086017902","Census Tract 179.02; Miami-Dade County; Florida","1356","270","1226","286","130","103",
"1400000US12086018001","Census Tract 180.01; Miami-Dade County; Florida","569","28","556","29","13","18",
"1400000US12086018002","Census Tract 180.02; Miami-Dade County; Florida","760","83","624","91","136","60",
"1400000US12086018003","Census Tract 180.03; Miami-Dade County; Florida","2548","452","1399","423","1149","354",
"1400000US12086018100","Census Tract 181; Miami-Dade County; Florida","1738","181","1085","231","653","191",
"1400000US12086018200","Census Tract 182; Miami-Dade County; Florida","823","136","467","81","356","145",
"1400000US12086018300","Census Tract 183; Miami-Dade County; Florida","1434","52","982","142","452","140",
"1400000US12086018400","Census Tract 184; Miami-Dade County; Florida","1643","244","733","170","910","217",
"1400000US12086018500","Census Tract 185; Miami-Dade County; Florida","1837","271","774","195","1063","213",
"1400000US12086018601","Census Tract 186.01; Miami-Dade County; Florida","1280","336","794","147","486","370",
"1400000US12086018602","Census Tract 186.02; Miami-Dade County; Florida","1258","100","831","155","427","132",
"1400000US12086018700","Census Tract 187; Miami-Dade County; Florida","1225","172","1106","188","119","84",
"1400000US12086018801","Census Tract 188.01; Miami-Dade County; Florida","795","132","618","159","177","93",
"1400000US12086018802","Census Tract 188.02; Miami-Dade County; Florida","1059","92","236","124","823","138",
"1400000US12086018803","Census Tract 188.03; Miami-Dade County; Florida","1165","326","859","341","306","101",
"1400000US12086018901","Census Tract 189.01; Miami-Dade County; Florida","1091","136","918","148","173","89",
"1400000US12086018902","Census Tract 189.02; Miami-Dade County; Florida","1084","228","1060","231","24","31",
"1400000US12086019000","Census Tract 190; Miami-Dade County; Florida","2128","220","1673","259","455","186",
"1400000US12086019100","Census Tract 191; Miami-Dade County; Florida","2379","185","1093","279","1286","229",
"1400000US12086019200","Census Tract 192; Miami-Dade County; Florida","1710","170","1352","190","358","119",
"1400000US12086019301","Census Tract 193.01; Miami-Dade County; Florida","927","100","668","123","259","122",
"1400000US12086019302","Census Tract 193.02; Miami-Dade County; Florida","1736","223","1078","208","658","190",
"1400000US12086019401","Census Tract 194.01; Miami-Dade County; Florida","921","161","712","174","209","124",
"1400000US12086019402","Census Tract 194.02; Miami-Dade County; Florida","1764","197","1105","156","659","225",
"1400000US12086019501","Census Tract 195.01; Miami-Dade County; Florida","1349","122","958","143","391","149",
"1400000US12086019502","Census Tract 195.02; Miami-Dade County; Florida","1306","212","921","242","385","142",
"1400000US12086019600","Census Tract 196; Miami-Dade County; Florida","1853","281","1595","256","258","220",
"1400000US12086019700","Census Tract 197; Miami-Dade County; Florida","1088","195","985","224","103","70",
"1400000US12086019801","Census Tract 198.01; Miami-Dade County; Florida","1444","185","1299","193","145","84",
"1400000US12086019802","Census Tract 198.02; Miami-Dade County; Florida","1746","444","1746","444","0","21",
"1400000US12086019901","Census Tract 199.01; Miami-Dade County; Florida","1204","241","891","147","313","233",
"1400000US12086019902","Census Tract 199.02; Miami-Dade County; Florida","2117","360","1326","381","791","190",
"1400000US12086020001","Census Tract 200.01; Miami-Dade County; Florida","618","23","618","23","0","15",
"1400000US12086020002","Census Tract 200.02; Miami-Dade County; Florida","1430","211","1218","167","212","181",
"1400000US12086020100","Census Tract 201; Miami-Dade County; Florida","1145","133","946","171","199","109",
"1400000US12086020200","Census Tract 202; Miami-Dade County; Florida","1616","180","728","149","888","220",
"1400000US12086020300","Census Tract 203; Miami-Dade County; Florida","1040","151","956","163","84","49",
"1400000US12086490100","Census Tract 4901; Miami-Dade County; Florida","512","110","212","62","300","121",
"1400000US12086980100","Census Tract 9801; Miami-Dade County; Florida","0","15","0","15","0","15",
"1400000US12086980200","Census Tract 9802; Miami-Dade County; Florida","0","15","0","15","0","15",
"1400000US12086980300","Census Tract 9803; Miami-Dade County; Florida","4","7","0","21","4","7",
"1400000US12086980400","Census Tract 9804; Miami-Dade County; Florida","0","15","0","15","0","15",
"1400000US12086980500","Census Tract 9805; Miami-Dade County; Florida","240","69","0","15","240","69",
"1400000US12086980600","Census Tract 9806; Miami-Dade County; Florida","0","15","0","15","0","15",
"1400000US12086980700","Census Tract 9807; Miami-Dade County; Florida","213","105","0","15","213","105",
"1400000US12086980800","Census Tract 9808; Miami-Dade County; Florida","0","15","0","15","0","15",
"1400000US12086980900","Census Tract 9809; Miami-Dade County; Florida","0","15","0","15","0","15",
"1400000US12086981000","Census Tract 9810; Miami-Dade County; Florida","0","15","0","15","0","15",
"1400000US12086981100","Census Tract 9811; Miami-Dade County; Florida","8","10","0","15","8","10",
"1400000US12086981200","Census Tract 9812; Miami-Dade County; Florida","0","15","0","15","0","15",
"1400000US12086981300","Census Tract 9813; Miami-Dade County; Florida","71","71","65","70","6","8",
"1400000US12086990000","Census Tract 9900; Miami-Dade County; Florida","0","15","0","15","0","15",
"1400000US12087970400","Census Tract 9704; Monroe County; Florida","1741","241","1149","219","592","174",
"1400000US12087970500","Census Tract 9705; Monroe County; Florida","1470","150","1104","155","366","123",
"1400000US12087970600","Census Tract 9706; Monroe County; Florida","965","175","857","172","108","77",
"1400000US12087970700","Census Tract 9707; Monroe County; Florida","1305","270","1082","254","223","102",
"1400000US12087970800","Census Tract 9708; Monroe County; Florida","2055","260","1786","220","269","129",
"1400000US12087970900","Census Tract 9709; Monroe County; Florida","917","167","699","176","218","113",
"1400000US12087971001","Census Tract 9710.01; Monroe County; Florida","684","152","438","128","246","92",
"1400000US12087971002","Census Tract 9710.02; Monroe County; Florida","657","98","522","76","135","72",
"1400000US12087971100","Census Tract 9711; Monroe County; Florida","1554","198","1003","179","551","133",
"1400000US12087971200","Census Tract 9712; Monroe County; Florida","1044","172","683","134","361","116",
"1400000US12087971300","Census Tract 9713; Monroe County; Florida","787","130","292","78","495","126",
"1400000US12087971401","Census Tract 9714.01; Monroe County; Florida","1242","202","1054","213","188","75",
"1400000US12087971402","Census Tract 9714.02; Monroe County; Florida","637","124","607","121","30","21",
"1400000US12087971501","Census Tract 9715.01; Monroe County; Florida","1064","134","843","136","221","84",
"1400000US12087971502","Census Tract 9715.02; Monroe County; Florida","1236","182","1055","167","181","86",
"1400000US12087971600","Census Tract 9716; Monroe County; Florida","824","158","693","143","131","64",
"1400000US12087971700","Census Tract 9717; Monroe County; Florida","1320","169","782","147","538","158",
"1400000US12087971800","Census Tract 9718; Monroe County; Florida","2175","356","978","221","1197","304",
"1400000US12087971900","Census Tract 9719; Monroe County; Florida","2625","319","1462","283","1163","266",
"1400000US12087972000","Census Tract 9720; Monroe County; Florida","1842","282","1039","245","803","195",
"1400000US12087972100","Census Tract 9721; Monroe County; Florida","1846","296","511","140","1335","299",
"1400000US12087972200","Census Tract 9722; Monroe County; Florida","1199","165","610","152","589","155",
"1400000US12087972400","Census Tract 9724; Monroe County; Florida","1393","254","573","163","820","202",
"1400000US12087972500","Census Tract 9725; Monroe County; Florida","375","100","176","64","199","81",
"1400000US12087972700","Census Tract 9727; Monroe County; Florida","1945","227","1708","229","237","120",
"1400000US12087972800","Census Tract 9728; Monroe County; Florida","1495","216","926","188","569","139",
"1400000US12087980000","Census Tract 9800; Monroe County; Florida","8","8","4","8","4","7",
"1400000US12087980100","Census Tract 9801; Monroe County; Florida","0","15","0","15","0","15",
"1400000US12087990000","Census Tract 9900; Monroe County; Florida","0","15","0","15","0","15",
"1400000US12089050102","Census Tract 501.02; Nassau County; Florida","1559","240","1385","234","174","77",
"1400000US12089050103","Census Tract 501.03; Nassau County; Florida","1697","210","1248","182","449","188",
"1400000US12089050104","Census Tract 501.04; Nassau County; Florida","1547","232","1379","235","168","80",
"1400000US12089050201","Census Tract 502.01; Nassau County; Florida","1139","139","998","126","141","70",
"1400000US12089050203","Census Tract 502.03; Nassau County; Florida","1979","236","1731","200","248","125",
"1400000US12089050204","Census Tract 502.04; Nassau County; Florida","1496","268","1072","266","424","128",
"1400000US12089050205","Census Tract 502.05; Nassau County; Florida","1804","197","1629","154","175","128",
"1400000US12089050304","Census Tract 503.04; Nassau County; Florida","2473","254","2016","239","457","192",
"1400000US12089050305","Census Tract 503.05; Nassau County; Florida","480","120","340","84","140","102",
"1400000US12089050306","Census Tract 503.06; Nassau County; Florida","3816","323","2947","359","869","253",
"1400000US12089050307","Census Tract 503.07; Nassau County; Florida","1888","202","1631","204","257","118",
"1400000US12089050308","Census Tract 503.08; Nassau County; Florida","3368","408","2677","447","691","303",
"1400000US12089050309","Census Tract 503.09; Nassau County; Florida","2849","308","2199","315","650","243",
"1400000US12089050310","Census Tract 503.10; Nassau County; Florida","2285","182","2016","206","269","184",
"1400000US12089050401","Census Tract 504.01; Nassau County; Florida","1098","185","752","157","346","125",
"1400000US12089050402","Census Tract 504.02; Nassau County; Florida","971","173","728","151","243","109",
"1400000US12089050403","Census Tract 504.03; Nassau County; Florida","1363","234","1151","233","212","128",
"1400000US12089050504","Census Tract 505.04; Nassau County; Florida","1819","222","1672","231","147","89",
"1400000US12089050505","Census Tract 505.05; Nassau County; Florida","1871","262","1612","281","259","137",
"1400000US12089050506","Census Tract 505.06; Nassau County; Florida","1143","143","1104","146","39","42",
"1400000US12089050507","Census Tract 505.07; Nassau County; Florida","785","88","674","97","111","67",
"1400000US12089050508","Census Tract 505.08; Nassau County; Florida","771","183","722","184","49","45",
"1400000US12089050509","Census Tract 505.09; Nassau County; Florida","1106","149","833","169","273","83",
"1400000US12089990000","Census Tract 9900; Nassau County; Florida","0","15","0","15","0","15",
"1400000US12091020101","Census Tract 201.01; Okaloosa County; Florida","1728","219","1319","210","409","145",
"1400000US12091020102","Census Tract 201.02; Okaloosa County; Florida","2149","253","1827","261","322","154",
"1400000US12091020200","Census Tract 202; Okaloosa County; Florida","738","99","659","96","79","43",
"1400000US12091020303","Census Tract 203.03; Okaloosa County; Florida","1896","175","1665","196","231","123",
"1400000US12091020304","Census Tract 203.04; Okaloosa County; Florida","1700","252","1614","259","86","81",
"1400000US12091020305","Census Tract 203.05; Okaloosa County; Florida","1663","158","1533","170","130","98",
"1400000US12091020306","Census Tract 203.06; Okaloosa County; Florida","608","66","507","72","101","57",
"1400000US12091020400","Census Tract 204; Okaloosa County; Florida","3055","424","2395","364","660","274",
"1400000US12091020500","Census Tract 205; Okaloosa County; Florida","3097","264","1981","283","1116","270",
"1400000US12091020601","Census Tract 206.01; Okaloosa County; Florida","2828","344","1640","355","1188","302",
"1400000US12091020602","Census Tract 206.02; Okaloosa County; Florida","1516","212","1234","217","282","121",
"1400000US12091020701","Census Tract 207.01; Okaloosa County; Florida","2177","404","1304","412","873","224",
"1400000US12091020702","Census Tract 207.02; Okaloosa County; Florida","2905","383","2341","372","564","160",
"1400000US12091020800","Census Tract 208; Okaloosa County; Florida","1452","210","538","108","914","203",
"1400000US12091020900","Census Tract 209; Okaloosa County; Florida","2741","247","2185","246","556","205",
"1400000US12091021001","Census Tract 210.01; Okaloosa County; Florida","2223","304","1991","322","232","153",
"1400000US12091021002","Census Tract 210.02; Okaloosa County; Florida","2463","340","1920","310","543","169",
"1400000US12091021101","Census Tract 211.01; Okaloosa County; Florida","1439","189","947","160","492","127",
"1400000US12091021102","Census Tract 211.02; Okaloosa County; Florida","3204","429","2433","464","771","198",
"1400000US12091021200","Census Tract 212; Okaloosa County; Florida","2511","261","1719","299","792","208",
"1400000US12091021400","Census Tract 214; Okaloosa County; Florida","830","106","0","15","830","106",
"1400000US12091021501","Census Tract 215.01; Okaloosa County; Florida","1799","227","1152","222","647","186",
"1400000US12091021502","Census Tract 215.02; Okaloosa County; Florida","1533","141","1281","150","252","114",
"1400000US12091021600","Census Tract 216; Okaloosa County; Florida","1184","151","722","110","462","116",
"1400000US12091021700","Census Tract 217; Okaloosa County; Florida","972","117","823","123","149","66",
"1400000US12091021801","Census Tract 218.01; Okaloosa County; Florida","2300","359","1461","337","839","199",
"1400000US12091021802","Census Tract 218.02; Okaloosa County; Florida","2652","309","1317","278","1335","266",
"1400000US12091021901","Census Tract 219.01; Okaloosa County; Florida","633","114","284","88","349","103",
"1400000US12091021902","Census Tract 219.02; Okaloosa County; Florida","3036","307","1879","327","1157","329",
"1400000US12091022001","Census Tract 220.01; Okaloosa County; Florida","1960","224","581","145","1379","199",
"1400000US12091022002","Census Tract 220.02; Okaloosa County; Florida","1324","167","820","127","504","158",
"1400000US12091022100","Census Tract 221; Okaloosa County; Florida","1584","260","1001","250","583","160",
"1400000US12091022300","Census Tract 223; Okaloosa County; Florida","1055","145","610","109","445","163",
"1400000US12091022400","Census Tract 224; Okaloosa County; Florida","1738","170","1391","186","347","91",
"1400000US12091022500","Census Tract 225; Okaloosa County; Florida","1674","198","1288","186","386","160",
"1400000US12091022600","Census Tract 226; Okaloosa County; Florida","1766","182","420","126","1346","233",
"1400000US12091022700","Census Tract 227; Okaloosa County; Florida","1605","179","1073","177","532","138",
"1400000US12091022800","Census Tract 228; Okaloosa County; Florida","1041","203","604","146","437","145",
"1400000US12091022900","Census Tract 229; Okaloosa County; Florida","1745","191","1112","160","633","158",
"1400000US12091023100","Census Tract 231; Okaloosa County; Florida","3347","305","2380","337","967","242",
"1400000US12091023200","Census Tract 232; Okaloosa County; Florida","1094","184","689","159","405","135",
"1400000US12091023303","Census Tract 233.03; Okaloosa County; Florida","749","133","649","129","100","55",
"1400000US12091023304","Census Tract 233.04; Okaloosa County; Florida","2046","297","1181","234","865","244",
"1400000US12091023305","Census Tract 233.05; Okaloosa County; Florida","1967","209","1168","171","799","210",
"1400000US12091023306","Census Tract 233.06; Okaloosa County; Florida","1206","214","1090","215","116","68",
"1400000US12091023307","Census Tract 233.07; Okaloosa County; Florida","974","168","542","134","432","142",
"1400000US12091023308","Census Tract 233.08; Okaloosa County; Florida","1504","193","1147","146","357","136",
"1400000US12091990100","Census Tract 9901; Okaloosa County; Florida","0","15","0","15","0","15",
"1400000US12091990200","Census Tract 9902; Okaloosa County; Florida","0","15","0","15","0","15",
"1400000US12093910101","Census Tract 9101.01; Okeechobee County; Florida","1330","223","1033","201","297","136",
"1400000US12093910102","Census Tract 9101.02; Okeechobee County; Florida","1205","158","850","173","355","156",
"1400000US12093910201","Census Tract 9102.01; Okeechobee County; Florida","1193","202","893","196","300","153",
"1400000US12093910202","Census Tract 9102.02; Okeechobee County; Florida","1572","234","729","152","843","245",
"1400000US12093910300","Census Tract 9103; Okeechobee County; Florida","753","178","363","88","390","189",
"1400000US12093910401","Census Tract 9104.01; Okeechobee County; Florida","1678","216","1542","224","136","81",
"1400000US12093910402","Census Tract 9104.02; Okeechobee County; Florida","789","109","630","108","159","92",
"1400000US12093910403","Census Tract 9104.03; Okeechobee County; Florida","1908","266","1214","233","694","188",
"1400000US12093910500","Census Tract 9105; Okeechobee County; Florida","1650","198","1322","191","328","136",
"1400000US12093910601","Census Tract 9106.01; Okeechobee County; Florida","1905","270","1688","262","217","125",
"1400000US12093910602","Census Tract 9106.02; Okeechobee County; Florida","1130","184","897","137","233","155",
"1400000US12093990000","Census Tract 9900; Okeechobee County; Florida","0","15","0","15","0","15",
"1400000US12095010201","Census Tract 102.01; Orange County; Florida","1302","164","511","133","791","153",
"1400000US12095010202","Census Tract 102.02; Orange County; Florida","2539","260","922","223","1617","271",
"1400000US12095010300","Census Tract 103; Orange County; Florida","2137","192","425","177","1712","200",
"1400000US12095010400","Census Tract 104; Orange County; Florida","404","88","25","29","379","84",
"1400000US12095010500","Census Tract 105; Orange County; Florida","479","182","160","174","319","75",
"1400000US12095010802","Census Tract 108.02; Orange County; Florida","1607","145","1006","171","601","134",
"1400000US12095011000","Census Tract 110; Orange County; Florida","1566","206","772","240","794","147",
"1400000US12095011100","Census Tract 111; Orange County; Florida","1688","297","981","290","707","185",
"1400000US12095011200","Census Tract 112; Orange County; Florida","1487","289","1087","152","400","289",
"1400000US12095011300","Census Tract 113; Orange County; Florida","2259","406","1718","416","541","186",
"1400000US12095011600","Census Tract 116; Orange County; Florida","1367","256","765","197","602","186",
"1400000US12095011701","Census Tract 117.01; Orange County; Florida","1349","281","826","244","523","144",
"1400000US12095011702","Census Tract 117.02; Orange County; Florida","1515","188","564","169","951","152",
"1400000US12095012000","Census Tract 120; Orange County; Florida","2311","175","1004","199","1307","254",
"1400000US12095012100","Census Tract 121; Orange County; Florida","2360","230","895","188","1465","240",
"1400000US12095012201","Census Tract 122.01; Orange County; Florida","1687","171","913","249","774","176",
"1400000US12095012202","Census Tract 122.02; Orange County; Florida","2011","308","1261","284","750","250",
"1400000US12095012303","Census Tract 123.03; Orange County; Florida","2528","360","1882","281","646","328",
"1400000US12095012304","Census Tract 123.04; Orange County; Florida","2284","431","1445","455","839","286",
"1400000US12095012305","Census Tract 123.05; Orange County; Florida","2297","261","1446","351","851","246",
"1400000US12095012306","Census Tract 123.06; Orange County; Florida","1090","156","942","172","148","66",
"1400000US12095012307","Census Tract 123.07; Orange County; Florida","2352","191","1074","240","1278","240",
"1400000US12095012402","Census Tract 124.02; Orange County; Florida","2416","273","230","111","2186","299",
"1400000US12095012403","Census Tract 124.03; Orange County; Florida","2142","300","1107","333","1035","224",
"1400000US12095012404","Census Tract 124.04; Orange County; Florida","1845","386","788","308","1057","247",
"1400000US12095012405","Census Tract 124.05; Orange County; Florida","1915","408","698","209","1217","417",
"1400000US12095012500","Census Tract 125; Orange County; Florida","1089","162","663","122","426","171",
"1400000US12095012600","Census Tract 126; Orange County; Florida","2407","274","1733","238","674","267",
"1400000US12095012701","Census Tract 127.01; Orange County; Florida","2424","214","1622","273","802","256",
"1400000US12095012800","Census Tract 128; Orange County; Florida","1557","203","1408","176","149","109",
"1400000US12095012900","Census Tract 129; Orange County; Florida","2021","209","868","133","1153","264",
"1400000US12095013201","Census Tract 132.01; Orange County; Florida","1511","212","1085","188","426","178",
"1400000US12095013202","Census Tract 132.02; Orange County; Florida","2849","437","1124","272","1725","464",
"1400000US12095013300","Census Tract 133; Orange County; Florida","2660","333","1449","207","1211","312",
"1400000US12095013402","Census Tract 134.02; Orange County; Florida","1336","415","993","419","343","118",
"1400000US12095013403","Census Tract 134.03; Orange County; Florida","1292","222","515","162","777","212",
"1400000US12095013405","Census Tract 134.05; Orange County; Florida","963","136","270","82","693","170",
"1400000US12095013406","Census Tract 134.06; Orange County; Florida","1460","130","586","135","874","143",
"1400000US12095013503","Census Tract 135.03; Orange County; Florida","981","119","0","15","981","119",
"1400000US12095013505","Census Tract 135.05; Orange County; Florida","2010","215","959","192","1051","294",
"1400000US12095013507","Census Tract 135.07; Orange County; Florida","3872","443","347","149","3525","423",
"1400000US12095013510","Census Tract 135.10; Orange County; Florida","1063","96","138","59","925","98",
"1400000US12095013511","Census Tract 135.11; Orange County; Florida","2331","263","1623","287","708","241",
"1400000US12095013512","Census Tract 135.12; Orange County; Florida","1940","159","554","190","1386","248",
"1400000US12095013513","Census Tract 135.13; Orange County; Florida","2034","238","722","157","1312","247",
"1400000US12095013603","Census Tract 136.03; Orange County; Florida","1999","203","1264","203","735","167",
"1400000US12095013604","Census Tract 136.04; Orange County; Florida","2957","333","1434","232","1523","377",
"1400000US12095013605","Census Tract 136.05; Orange County; Florida","1521","193","691","140","830","166",
"1400000US12095013606","Census Tract 136.06; Orange County; Florida","1460","191","712","211","748","164",
"1400000US12095013607","Census Tract 136.07; Orange County; Florida","2029","208","1642","206","387","180",
"1400000US12095013701","Census Tract 137.01; Orange County; Florida","2141","383","556","128","1585","414",
"1400000US12095013702","Census Tract 137.02; Orange County; Florida","2233","354","944","193","1289","359",
"1400000US12095013801","Census Tract 138.01; Orange County; Florida","1016","280","725","274","291","94",
"1400000US12095013802","Census Tract 138.02; Orange County; Florida","1054","121","958","118","96","57",
"1400000US12095013803","Census Tract 138.03; Orange County; Florida","1155","145","713","137","442","145",
"1400000US12095013900","Census Tract 139; Orange County; Florida","2086","173","1370","183","716","187",
"1400000US12095014000","Census Tract 140; Orange County; Florida","2710","231","2367","270","343","164",
"1400000US12095014100","Census Tract 141; Orange County; Florida","2553","238","2192","246","361","163",
"1400000US12095014201","Census Tract 142.01; Orange County; Florida","1960","400","1223","424","737","172",
"1400000US12095014202","Census Tract 142.02; Orange County; Florida","1608","166","670","190","938","165",
"1400000US12095014301","Census Tract 143.01; Orange County; Florida","1587","183","1114","172","473","145",
"1400000US12095014302","Census Tract 143.02; Orange County; Florida","1524","252","586","191","938","246",
"1400000US12095014400","Census Tract 144; Orange County; Florida","1222","158","993","150","229","96",
"1400000US12095014502","Census Tract 145.02; Orange County; Florida","2063","264","385","173","1678","259",
"1400000US12095014503","Census Tract 145.03; Orange County; Florida","1744","509","705","423","1039","334",
"1400000US12095014504","Census Tract 145.04; Orange County; Florida","2862","360","344","168","2518","333",
"1400000US12095014601","Census Tract 146.01; Orange County; Florida","2527","323","825","264","1702","369",
"1400000US12095014605","Census Tract 146.05; Orange County; Florida","1201","152","845","154","356","91",
"1400000US12095014606","Census Tract 146.06; Orange County; Florida","3296","487","405","164","2891","504",
"1400000US12095014607","Census Tract 146.07; Orange County; Florida","2823","352","915","220","1908","403",
"1400000US12095014608","Census Tract 146.08; Orange County; Florida","1719","285","730","253","989","158",
"1400000US12095014609","Census Tract 146.09; Orange County; Florida","1933","285","337","179","1596","302",
"1400000US12095014701","Census Tract 147.01; Orange County; Florida","1922","320","1036","320","886","214",
"1400000US12095014702","Census Tract 147.02; Orange County; Florida","2467","281","942","270","1525","266",
"1400000US12095014703","Census Tract 147.03; Orange County; Florida","916","142","209","89","707","130",
"1400000US12095014705","Census Tract 147.05; Orange County; Florida","3316","306","973","315","2343","355",
"1400000US12095014706","Census Tract 147.06; Orange County; Florida","2600","250","70","89","2530","264",
"1400000US12095014804","Census Tract 148.04; Orange County; Florida","2109","243","880","186","1229","235",
"1400000US12095014805","Census Tract 148.05; Orange County; Florida","2135","256","881","200","1254","227",
"1400000US12095014806","Census Tract 148.06; Orange County; Florida","1748","202","1320","149","428","178",
"1400000US12095014807","Census Tract 148.07; Orange County; Florida","2867","312","1866","357","1001","319",
"1400000US12095014809","Census Tract 148.09; Orange County; Florida","1261","238","1202","234","59","35",
"1400000US12095014810","Census Tract 148.10; Orange County; Florida","2027","199","1536","158","491","213",
"1400000US12095014811","Census Tract 148.11; Orange County; Florida","1933","218","1843","222","90","91",
"1400000US12095014812","Census Tract 148.12; Orange County; Florida","2477","246","839","218","1638","337",
"1400000US12095014813","Census Tract 148.13; Orange County; Florida","2025","229","1087","216","938","212",
"1400000US12095014814","Census Tract 148.14; Orange County; Florida","2079","149","1460","147","619","131",
"1400000US12095014815","Census Tract 148.15; Orange County; Florida","1705","135","1650","144","55","44",
"1400000US12095014904","Census Tract 149.04; Orange County; Florida","2466","321","303","152","2163","367",
"1400000US12095014906","Census Tract 149.06; Orange County; Florida","2368","167","1786","202","582","201",
"1400000US12095014908","Census Tract 149.08; Orange County; Florida","2197","231","1654","296","543","188",
"1400000US12095014909","Census Tract 149.09; Orange County; Florida","995","124","899","136","96","60",
"1400000US12095015001","Census Tract 150.01; Orange County; Florida","446","46","280","55","166","45",
"1400000US12095015002","Census Tract 150.02; Orange County; Florida","2060","259","1758","241","302","128",
"1400000US12095015003","Census Tract 150.03; Orange County; Florida","2063","295","1370","215","693","317",
"1400000US12095015005","Census Tract 150.05; Orange County; Florida","1153","153","1014","166","139","85",
"1400000US12095015006","Census Tract 150.06; Orange County; Florida","1575","145","1325","195","250","124",
"1400000US12095015103","Census Tract 151.03; Orange County; Florida","2700","451","1774","388","926","339",
"1400000US12095015104","Census Tract 151.04; Orange County; Florida","1957","197","1333","192","624","242",
"1400000US12095015105","Census Tract 151.05; Orange County; Florida","1331","140","1000","159","331","106",
"1400000US12095015106","Census Tract 151.06; Orange County; Florida","2348","357","1715","412","633","302",
"1400000US12095015202","Census Tract 152.02; Orange County; Florida","2357","301","865","165","1492","323",
"1400000US12095015203","Census Tract 152.03; Orange County; Florida","1526","144","165","59","1361","144",
"1400000US12095015204","Census Tract 152.04; Orange County; Florida","2630","284","897","202","1733","302",
"1400000US12095015300","Census Tract 153; Orange County; Florida","1584","214","1180","229","404","120",
"1400000US12095015501","Census Tract 155.01; Orange County; Florida","2970","276","1325","269","1645","277",
"1400000US12095015601","Census Tract 156.01; Orange County; Florida","1059","117","741","116","318","77",
"1400000US12095015602","Census Tract 156.02; Orange County; Florida","714","73","685","78","29","25",
"1400000US12095015701","Census Tract 157.01; Orange County; Florida","1006","101","690","107","316","85",
"1400000US12095015702","Census Tract 157.02; Orange County; Florida","605","75","506","78","99","47",
"1400000US12095015801","Census Tract 158.01; Orange County; Florida","665","81","642","84","23","17",
"1400000US12095015802","Census Tract 158.02; Orange County; Florida","1004","90","965","89","39","27",
"1400000US12095015901","Census Tract 159.01; Orange County; Florida","1345","169","465","155","880","140",
"1400000US12095016001","Census Tract 160.01; Orange County; Florida","641","99","471","89","170","60",
"1400000US12095016002","Census Tract 160.02; Orange County; Florida","994","182","968","184","26","28",
"1400000US12095016100","Census Tract 161; Orange County; Florida","2086","199","1551","188","535","151",
"1400000US12095016200","Census Tract 162; Orange County; Florida","2997","337","1815","326","1182","244",
"1400000US12095016301","Census Tract 163.01; Orange County; Florida","2540","345","993","233","1547","339",
"1400000US12095016302","Census Tract 163.02; Orange County; Florida","1761","173","372","82","1389","187",
"1400000US12095016402","Census Tract 164.02; Orange County; Florida","1021","169","309","88","712","153",
"1400000US12095016406","Census Tract 164.06; Orange County; Florida","882","130","182","66","700","132",
"1400000US12095016407","Census Tract 164.07; Orange County; Florida","3030","361","696","169","2334","393",
"1400000US12095016408","Census Tract 164.08; Orange County; Florida","933","102","444","78","489","99",
"1400000US12095016409","Census Tract 164.09; Orange County; Florida","1151","135","1086","142","65","47",
"1400000US12095016411","Census Tract 164.11; Orange County; Florida","1424","333","549","114","875","330",
"1400000US12095016412","Census Tract 164.12; Orange County; Florida","1765","132","1237","155","528","165",
"1400000US12095016413","Census Tract 164.13; Orange County; Florida","1663","333","1029","215","634","291",
"1400000US12095016414","Census Tract 164.14; Orange County; Florida","1542","170","673","158","869","120",
"1400000US12095016503","Census Tract 165.03; Orange County; Florida","2163","250","1100","190","1063","203",
"1400000US12095016504","Census Tract 165.04; Orange County; Florida","1918","152","966","166","952","160",
"1400000US12095016505","Census Tract 165.05; Orange County; Florida","1089","135","513","119","576","149",
"1400000US12095016509","Census Tract 165.09; Orange County; Florida","2302","298","1684","211","618","272",
"1400000US12095016510","Census Tract 165.10; Orange County; Florida","1344","198","49","38","1295","204",
"1400000US12095016511","Census Tract 165.11; Orange County; Florida","1410","357","532","152","878","350",
"1400000US12095016512","Census Tract 165.12; Orange County; Florida","1921","657","134","97","1787","654",
"1400000US12095016513","Census Tract 165.13; Orange County; Florida","1880","391","1277","403","603","150",
"1400000US12095016514","Census Tract 165.14; Orange County; Florida","2383","430","1620","220","763","440",
"1400000US12095016515","Census Tract 165.15; Orange County; Florida","0","24","0","24","0","24",
"1400000US12095016603","Census Tract 166.03; Orange County; Florida","2369","361","2168","378","201","113",
"1400000US12095016604","Census Tract 166.04; Orange County; Florida","1804","134","1522","221","282","173",
"1400000US12095016605","Census Tract 166.05; Orange County; Florida","539","115","334","81","205","113",
"1400000US12095016606","Census Tract 166.06; Orange County; Florida","940","89","895","102","45","46",
"1400000US12095016607","Census Tract 166.07; Orange County; Florida","2295","242","1818","227","477","256",
"1400000US12095016709","Census Tract 167.09; Orange County; Florida","2318","246","1834","318","484","200",
"1400000US12095016710","Census Tract 167.10; Orange County; Florida","1516","180","1361","187","155","69",
"1400000US12095016713","Census Tract 167.13; Orange County; Florida","3045","275","2042","358","1003","297",
"1400000US12095016714","Census Tract 167.14; Orange County; Florida","991","129","795","138","196","83",
"1400000US12095016715","Census Tract 167.15; Orange County; Florida","2093","188","1303","222","790","196",
"1400000US12095016716","Census Tract 167.16; Orange County; Florida","1938","134","1625","164","313","107",
"1400000US12095016717","Census Tract 167.17; Orange County; Florida","1293","132","1110","162","183","91",
"1400000US12095016723","Census Tract 167.23; Orange County; Florida","1621","129","1321","178","300","147",
"1400000US12095016724","Census Tract 167.24; Orange County; Florida","2296","316","727","338","1569","190",
"1400000US12095016728","Census Tract 167.28; Orange County; Florida","1920","161","1644","188","276","119",
"1400000US12095016731","Census Tract 167.31; Orange County; Florida","1988","257","753","149","1235","237",
"1400000US12095016733","Census Tract 167.33; Orange County; Florida","2170","334","1716","389","454","247",
"1400000US12095016735","Census Tract 167.35; Orange County; Florida","4347","669","2706","633","1641","487",
"1400000US12095016736","Census Tract 167.36; Orange County; Florida","4976","498","3283","542","1693","425",
"1400000US12095016737","Census Tract 167.37; Orange County; Florida","4057","427","3052","451","1005","308",
"1400000US12095016738","Census Tract 167.38; Orange County; Florida","1756","416","659","158","1097","470",
"1400000US12095016739","Census Tract 167.39; Orange County; Florida","2118","209","641","205","1477","225",
"1400000US12095016740","Census Tract 167.40; Orange County; Florida","1325","219","781","210","544","196",
"1400000US12095016741","Census Tract 167.41; Orange County; Florida","1699","474","268","99","1431","472",
"1400000US12095016742","Census Tract 167.42; Orange County; Florida","2084","344","373","163","1711","317",
"1400000US12095016743","Census Tract 167.43; Orange County; Florida","2373","411","1484","414","889","276",
"1400000US12095016744","Census Tract 167.44; Orange County; Florida","1782","189","782","149","1000","229",
"1400000US12095016745","Census Tract 167.45; Orange County; Florida","1312","146","1130","159","182","115",
"1400000US12095016746","Census Tract 167.46; Orange County; Florida","1475","270","1356","284","119","71",
"1400000US12095016747","Census Tract 167.47; Orange County; Florida","1893","450","1638","453","255","127",
"1400000US12095016748","Census Tract 167.48; Orange County; Florida","2265","507","1783","541","482","258",
"1400000US12095016749","Census Tract 167.49; Orange County; Florida","2113","237","1269","265","844","225",
"1400000US12095016750","Census Tract 167.50; Orange County; Florida","4220","554","3363","617","857","303",
"1400000US12095016751","Census Tract 167.51; Orange County; Florida","2173","317","1953","341","220","148",
"1400000US12095016752","Census Tract 167.52; Orange County; Florida","1339","77","1239","99","100","67",
"1400000US12095016753","Census Tract 167.53; Orange County; Florida","2654","427","1490","221","1164","471",
"1400000US12095016754","Census Tract 167.54; Orange County; Florida","1534","448","904","150","630","521",
"1400000US12095016755","Census Tract 167.55; Orange County; Florida","2267","278","1443","271","824","188",
"1400000US12095016756","Census Tract 167.56; Orange County; Florida","972","227","842","227","130","88",
"1400000US12095016802","Census Tract 168.02; Orange County; Florida","7298","552","4740","604","2558","637",
"1400000US12095016803","Census Tract 168.03; Orange County; Florida","835","95","734","86","101","48",
"1400000US12095016804","Census Tract 168.04; Orange County; Florida","2460","146","1927","182","533","171",
"1400000US12095016808","Census Tract 168.08; Orange County; Florida","528","52","521","52","7","11",
"1400000US12095016809","Census Tract 168.09; Orange County; Florida","2515","402","1377","364","1138","308",
"1400000US12095016810","Census Tract 168.10; Orange County; Florida","3080","282","2414","428","666","362",
"1400000US12095016811","Census Tract 168.11; Orange County; Florida","3734","759","3136","798","598","285",
"1400000US12095016812","Census Tract 168.12; Orange County; Florida","2223","518","1825","526","398","141",
"1400000US12095016813","Census Tract 168.13; Orange County; Florida","927","139","406","120","521","155",
"1400000US12095016814","Census Tract 168.14; Orange County; Florida","1621","264","1161","163","460","243",
"1400000US12095016902","Census Tract 169.02; Orange County; Florida","1847","290","843","265","1004","244",
"1400000US12095016904","Census Tract 169.04; Orange County; Florida","1197","119","621","131","576","99",
"1400000US12095016906","Census Tract 169.06; Orange County; Florida","1662","214","107","81","1555","208",
"1400000US12095016907","Census Tract 169.07; Orange County; Florida","2535","338","208","165","2327","397",
"1400000US12095016908","Census Tract 169.08; Orange County; Florida","941","136","394","164","547","178",
"1400000US12095016909","Census Tract 169.09; Orange County; Florida","1692","215","372","158","1320","255",
"1400000US12095016910","Census Tract 169.10; Orange County; Florida","392","14","346","38","46","37",
"1400000US12095016911","Census Tract 169.11; Orange County; Florida","3722","605","0","21","3722","605",
"1400000US12095017001","Census Tract 170.01; Orange County; Florida","2310","332","621","192","1689","301",
"1400000US12095017004","Census Tract 170.04; Orange County; Florida","2735","242","1418","257","1317","269",
"1400000US12095017006","Census Tract 170.06; Orange County; Florida","1347","114","593","139","754","116",
"1400000US12095017011","Census Tract 170.11; Orange County; Florida","1588","141","1132","180","456","151",
"1400000US12095017012","Census Tract 170.12; Orange County; Florida","944","94","766","99","178","69",
"1400000US12095017013","Census Tract 170.13; Orange County; Florida","2859","643","1789","556","1070","310",
"1400000US12095017015","Census Tract 170.15; Orange County; Florida","2565","200","1671","199","894","201",
"1400000US12095017018","Census Tract 170.18; Orange County; Florida","2284","429","653","172","1631","417",
"1400000US12095017019","Census Tract 170.19; Orange County; Florida","1523","350","858","351","665","227",
"1400000US12095017020","Census Tract 170.20; Orange County; Florida","2364","390","839","301","1525","297",
"1400000US12095017021","Census Tract 170.21; Orange County; Florida","1892","272","1290","307","602","215",
"1400000US12095017022","Census Tract 170.22; Orange County; Florida","4501","737","387","242","4114","769",
"1400000US12095017023","Census Tract 170.23; Orange County; Florida","708","125","191","129","517","133",
"1400000US12095017024","Census Tract 170.24; Orange County; Florida","1141","135","9","14","1132","134",
"1400000US12095017025","Census Tract 170.25; Orange County; Florida","1294","229","938","141","356","220",
"1400000US12095017026","Census Tract 170.26; Orange County; Florida","1552","172","1470","177","82","72",
"1400000US12095017108","Census Tract 171.08; Orange County; Florida","4063","364","2443","409","1620","359",
"1400000US12095017109","Census Tract 171.09; Orange County; Florida","2075","160","1789","198","286","114",
"1400000US12095017110","Census Tract 171.10; Orange County; Florida","2626","359","913","183","1713","334",
"1400000US12095017111","Census Tract 171.11; Orange County; Florida","8099","593","5444","613","2655","595",
"1400000US12095017112","Census Tract 171.12; Orange County; Florida","5673","779","3478","671","2195","634",
"1400000US12095017113","Census Tract 171.13; Orange County; Florida","5581","466","4057","489","1524","446",
"1400000US12095017114","Census Tract 171.14; Orange County; Florida","3391","204","2133","282","1258","276",
"1400000US12095017115","Census Tract 171.15; Orange County; Florida","1334","76","1325","78","9","13",
"1400000US12095017116","Census Tract 171.16; Orange County; Florida","2792","298","2275","277","517","223",
"1400000US12095017117","Census Tract 171.17; Orange County; Florida","2243","363","1699","289","544","256",
"1400000US12095017118","Census Tract 171.18; Orange County; Florida","1709","469","1086","142","623","479",
"1400000US12095017119","Census Tract 171.19; Orange County; Florida","759","148","717","137","42","36",
"1400000US12095017120","Census Tract 171.20; Orange County; Florida","2197","378","1757","310","440","227",
"1400000US12095017121","Census Tract 171.21; Orange County; Florida","1760","267","1075","279","685","157",
"1400000US12095017122","Census Tract 171.22; Orange County; Florida","1016","148","724","134","292","101",
"1400000US12095017123","Census Tract 171.23; Orange County; Florida","1990","269","1332","198","658","228",
"1400000US12095017200","Census Tract 172; Orange County; Florida","2262","248","1491","251","771","225",
"1400000US12095017301","Census Tract 173.01; Orange County; Florida","1175","188","727","193","448","136",
"1400000US12095017302","Census Tract 173.02; Orange County; Florida","2977","474","1277","354","1700","431",
"1400000US12095017401","Census Tract 174.01; Orange County; Florida","2609","406","2031","266","578","353",
"1400000US12095017402","Census Tract 174.02; Orange County; Florida","1739","228","882","209","857","226",
"1400000US12095017503","Census Tract 175.03; Orange County; Florida","2225","339","1470","387","755","176",
"1400000US12095017504","Census Tract 175.04; Orange County; Florida","3422","440","2938","477","484","183",
"1400000US12095017505","Census Tract 175.05; Orange County; Florida","1620","140","1249","145","371","134",
"1400000US12095017506","Census Tract 175.06; Orange County; Florida","4508","671","3027","432","1481","686",
"1400000US12095017600","Census Tract 176; Orange County; Florida","1835","169","826","195","1009","168",
"1400000US12095017701","Census Tract 177.01; Orange County; Florida","1735","266","1345","240","390","179",
"1400000US12095017702","Census Tract 177.02; Orange County; Florida","864","87","756","80","108","68",
"1400000US12095017703","Census Tract 177.03; Orange County; Florida","1567","272","767","159","800","274",
"1400000US12095017805","Census Tract 178.05; Orange County; Florida","1099","160","977","168","122","69",
"1400000US12095017806","Census Tract 178.06; Orange County; Florida","1831","199","1730","190","101","70",
"1400000US12095017807","Census Tract 178.07; Orange County; Florida","1430","209","974","206","456","160",
"1400000US12095017808","Census Tract 178.08; Orange County; Florida","1603","199","1423","190","180","97",
"1400000US12095017809","Census Tract 178.09; Orange County; Florida","1199","238","1089","265","110","79",
"1400000US12095017810","Census Tract 178.10; Orange County; Florida","2315","256","2039","276","276","200",
"1400000US12095017811","Census Tract 178.11; Orange County; Florida","1219","144","1130","153","89","60",
"1400000US12095017812","Census Tract 178.12; Orange County; Florida","2896","349","2348","401","548","213",
"1400000US12095017813","Census Tract 178.13; Orange County; Florida","702","79","618","75","84","50",
"1400000US12095017814","Census Tract 178.14; Orange County; Florida","2173","302","1836","278","337","192",
"1400000US12095017901","Census Tract 179.01; Orange County; Florida","2262","258","1973","260","289","174",
"1400000US12095017902","Census Tract 179.02; Orange County; Florida","3214","350","2829","351","385","239",
"1400000US12095018000","Census Tract 180; Orange County; Florida","1804","302","340","95","1464","299",
"1400000US12095018100","Census Tract 181; Orange County; Florida","1136","116","865","113","271","141",
"1400000US12095018201","Census Tract 182.01; Orange County; Florida","2154","305","855","228","1299","266",
"1400000US12095018202","Census Tract 182.02; Orange County; Florida","2030","217","653","161","1377","253",
"1400000US12095018203","Census Tract 182.03; Orange County; Florida","758","87","260","111","498","95",
"1400000US12095018204","Census Tract 182.04; Orange County; Florida","846","144","413","109","433","136",
"1400000US12095018300","Census Tract 183; Orange County; Florida","1190","197","463","154","727","196",
"1400000US12095018400","Census Tract 184; Orange County; Florida","1127","150","676","170","451","113",
"1400000US12095018500","Census Tract 185; Orange County; Florida","1140","222","457","216","683","184",
"1400000US12095018700","Census Tract 187; Orange County; Florida","2176","283","920","231","1256","242",
"1400000US12095018800","Census Tract 188; Orange County; Florida","3348","354","566","192","2782","333",
"1400000US12095018901","Census Tract 189.01; Orange County; Florida","1938","336","769","231","1169","351",
"1400000US12095018902","Census Tract 189.02; Orange County; Florida","3750","537","1107","503","2643","427",
"1400000US12095019000","Census Tract 190; Orange County; Florida","2633","264","1147","265","1486","276",
"1400000US12095990000","Census Tract 9900; Orange County; Florida","0","15","0","15","0","15",
"1400000US12097040801","Census Tract 408.01; Osceola County; Florida","703","119","457","94","246","95",
"1400000US12097040805","Census Tract 408.05; Osceola County; Florida","818","125","348","122","470","130",
"1400000US12097040806","Census Tract 408.06; Osceola County; Florida","1683","327","811","211","872","289",
"1400000US12097040807","Census Tract 408.07; Osceola County; Florida","2205","290","1418","255","787","248",
"1400000US12097040808","Census Tract 408.08; Osceola County; Florida","3664","413","1770","282","1894","364",
"1400000US12097040809","Census Tract 408.09; Osceola County; Florida","1267","156","584","134","683","185",
"1400000US12097040810","Census Tract 408.10; Osceola County; Florida","1111","216","696","191","415","125",
"1400000US12097040811","Census Tract 408.11; Osceola County; Florida","2756","537","1008","334","1748","542",
"1400000US12097040812","Census Tract 408.12; Osceola County; Florida","3288","431","1607","287","1681","397",
"1400000US12097040901","Census Tract 409.01; Osceola County; Florida","1960","245","1555","310","405","176",
"1400000US12097040903","Census Tract 409.03; Osceola County; Florida","1339","233","783","227","556","177",
"1400000US12097040904","Census Tract 409.04; Osceola County; Florida","3220","327","1790","311","1430","261",
"1400000US12097041003","Census Tract 410.03; Osceola County; Florida","2623","396","2105","302","518","286",
"1400000US12097041004","Census Tract 410.04; Osceola County; Florida","2050","247","1748","286","302","199",
"1400000US12097041005","Census Tract 410.05; Osceola County; Florida","1464","300","804","131","660","275",
"1400000US12097041006","Census Tract 410.06; Osceola County; Florida","3272","294","2737","314","535","249",
"1400000US12097041101","Census Tract 411.01; Osceola County; Florida","3345","545","2630","573","715","255",
"1400000US12097041102","Census Tract 411.02; Osceola County; Florida","2962","434","2314","493","648","276",
"1400000US12097041301","Census Tract 413.01; Osceola County; Florida","2711","505","1656","461","1055","404",
"1400000US12097041302","Census Tract 413.02; Osceola County; Florida","2398","371","1975","388","423","242",
"1400000US12097041501","Census Tract 415.01; Osceola County; Florida","3146","445","2515","495","631","240",
"1400000US12097041502","Census Tract 415.02; Osceola County; Florida","3480","459","3095","438","385","226",
"1400000US12097041600","Census Tract 416; Osceola County; Florida","1601","223","870","200","731","237",
"1400000US12097041700","Census Tract 417; Osceola County; Florida","1658","322","781","209","877","294",
"1400000US12097041800","Census Tract 418; Osceola County; Florida","1105","152","582","142","523","133",
"1400000US12097041900","Census Tract 419; Osceola County; Florida","2360","296","189","81","2171","306",
"1400000US12097042000","Census Tract 420; Osceola County; Florida","4560","421","1395","446","3165","518",
"1400000US12097042100","Census Tract 421; Osceola County; Florida","4266","398","1794","375","2472","490",
"1400000US12097042201","Census Tract 422.01; Osceola County; Florida","3171","603","919","395","2252","546",
"1400000US12097042202","Census Tract 422.02; Osceola County; Florida","1654","223","270","133","1384","223",
"1400000US12097042300","Census Tract 423; Osceola County; Florida","3540","464","1827","399","1713","356",
"1400000US12097042400","Census Tract 424; Osceola County; Florida","2454","278","2106","315","348","182",
"1400000US12097042500","Census Tract 425; Osceola County; Florida","2246","176","1612","251","634","225",
"1400000US12097042601","Census Tract 426.01; Osceola County; Florida","1037","105","709","133","328","119",
"1400000US12097042603","Census Tract 426.03; Osceola County; Florida","2847","395","2067","352","780","321",
"1400000US12097042604","Census Tract 426.04; Osceola County; Florida","1715","258","1371","294","344","133",
"1400000US12097042701","Census Tract 427.01; Osceola County; Florida","2417","214","1175","318","1242","289",
"1400000US12097042702","Census Tract 427.02; Osceola County; Florida","2316","280","1758","305","558","157",
"1400000US12097042800","Census Tract 428; Osceola County; Florida","5238","436","4784","476","454","256",
"1400000US12097042901","Census Tract 429.01; Osceola County; Florida","2207","265","902","182","1305","298",
"1400000US12097042902","Census Tract 429.02; Osceola County; Florida","2364","365","353","158","2011","341",
"1400000US12097042903","Census Tract 429.03; Osceola County; Florida","1126","185","891","197","235","164",
"1400000US12097042904","Census Tract 429.04; Osceola County; Florida","1835","378","1349","328","486","202",
"1400000US12097042905","Census Tract 429.05; Osceola County; Florida","936","411","551","418","385","94",
"1400000US12097043100","Census Tract 431; Osceola County; Florida","2762","309","2400","327","362","167",
"1400000US12097043203","Census Tract 432.03; Osceola County; Florida","1850","192","1161","225","689","163",
"1400000US12097043205","Census Tract 432.05; Osceola County; Florida","658","79","489","97","169","89",
"1400000US12097043207","Census Tract 432.07; Osceola County; Florida","2813","307","2168","324","645","300",
"1400000US12097043208","Census Tract 432.08; Osceola County; Florida","3587","354","2464","421","1123","316",
"1400000US12097043209","Census Tract 432.09; Osceola County; Florida","628","198","489","207","139","44",
"1400000US12097043301","Census Tract 433.01; Osceola County; Florida","2296","236","2109","238","187","132",
"1400000US12097043303","Census Tract 433.03; Osceola County; Florida","3026","307","2532","282","494","188",
"1400000US12097043304","Census Tract 433.04; Osceola County; Florida","3182","327","2780","444","402","237",
"1400000US12097043400","Census Tract 434; Osceola County; Florida","1878","214","1298","230","580","179",
"1400000US12097043500","Census Tract 435; Osceola County; Florida","2085","281","1029","280","1056","264",
"1400000US12097043600","Census Tract 436; Osceola County; Florida","3764","379","3192","399","572","291",
"1400000US12097043700","Census Tract 437; Osceola County; Florida","5804","471","4900","465","904","392",
"1400000US12097043801","Census Tract 438.01; Osceola County; Florida","2792","252","2531","286","261","179",
"1400000US12097043802","Census Tract 438.02; Osceola County; Florida","1551","248","1084","216","467","269",
"1400000US12099000102","Census Tract 1.02; Palm Beach County; Florida","1550","153","1126","153","424","124",
"1400000US12099000103","Census Tract 1.03; Palm Beach County; Florida","742","111","731","113","11","12",
"1400000US12099000104","Census Tract 1.04; Palm Beach County; Florida","2210","265","1851","295","359","205",
"1400000US12099000202","Census Tract 2.02; Palm Beach County; Florida","2233","332","1633","334","600","235",
"1400000US12099000204","Census Tract 2.04; Palm Beach County; Florida","1452","183","1080","157","372","119",
"1400000US12099000208","Census Tract 2.08; Palm Beach County; Florida","1936","324","1822","330","114","68",
"1400000US12099000210","Census Tract 2.10; Palm Beach County; Florida","2307","269","1853","224","454","207",
"1400000US12099000211","Census Tract 2.11; Palm Beach County; Florida","1429","190","1418","183","11","17",
"1400000US12099000213","Census Tract 2.13; Palm Beach County; Florida","1392","183","823","164","569","189",
"1400000US12099000214","Census Tract 2.14; Palm Beach County; Florida","2334","318","2060","336","274","122",
"1400000US12099000216","Census Tract 2.16; Palm Beach County; Florida","1301","211","585","186","716","186",
"1400000US12099000217","Census Tract 2.17; Palm Beach County; Florida","1954","320","1696","323","258","107",
"1400000US12099000218","Census Tract 2.18; Palm Beach County; Florida","1649","297","928","173","721","304",
"1400000US12099000219","Census Tract 2.19; Palm Beach County; Florida","3537","341","2167","339","1370","312",
"1400000US12099000220","Census Tract 2.20; Palm Beach County; Florida","2022","176","1510","241","512","165",
"1400000US12099000221","Census Tract 2.21; Palm Beach County; Florida","2159","229","1420","255","739","197",
"1400000US12099000222","Census Tract 2.22; Palm Beach County; Florida","864","113","201","83","663","125",
"1400000US12099000223","Census Tract 2.23; Palm Beach County; Florida","1179","226","1060","235","119","67",
"1400000US12099000301","Census Tract 3.01; Palm Beach County; Florida","1957","211","1829","208","128","101",
"1400000US12099000303","Census Tract 3.03; Palm Beach County; Florida","2137","407","2061","420","76","59",
"1400000US12099000304","Census Tract 3.04; Palm Beach County; Florida","2592","266","1625","247","967","243",
"1400000US12099000405","Census Tract 4.05; Palm Beach County; Florida","1520","275","1329","276","191","69",
"1400000US12099000406","Census Tract 4.06; Palm Beach County; Florida","1269","181","1077","165","192","101",
"1400000US12099000407","Census Tract 4.07; Palm Beach County; Florida","1155","261","1021","246","134","53",
"1400000US12099000408","Census Tract 4.08; Palm Beach County; Florida","2002","314","1624","296","378","159",
"1400000US12099000410","Census Tract 4.10; Palm Beach County; Florida","2116","267","1429","249","687","266",
"1400000US12099000505","Census Tract 5.05; Palm Beach County; Florida","1775","269","1468","253","307","151",
"1400000US12099000507","Census Tract 5.07; Palm Beach County; Florida","430","70","404","67","26","21",
"1400000US12099000509","Census Tract 5.09; Palm Beach County; Florida","1154","174","921","162","233","92",
"1400000US12099000512","Census Tract 5.12; Palm Beach County; Florida","663","226","496","89","167","196",
"1400000US12099000513","Census Tract 5.13; Palm Beach County; Florida","728","122","447","94","281","98",
"1400000US12099000600","Census Tract 6; Palm Beach County; Florida","1002","185","384","206","618","111",
"1400000US12099000702","Census Tract 7.02; Palm Beach County; Florida","1407","213","1038","196","369","145",
"1400000US12099000703","Census Tract 7.03; Palm Beach County; Florida","1509","174","1026","138","483","146",
"1400000US12099000803","Census Tract 8.03; Palm Beach County; Florida","1794","245","1122","189","672","261",
"1400000US12099000805","Census Tract 8.05; Palm Beach County; Florida","2569","309","1566","233","1003","309",
"1400000US12099000902","Census Tract 9.02; Palm Beach County; Florida","1065","165","948","174","117","73",
"1400000US12099000903","Census Tract 9.03; Palm Beach County; Florida","1858","276","1280","252","578","181",
"1400000US12099000904","Census Tract 9.04; Palm Beach County; Florida","2030","254","1235","245","795","221",
"1400000US12099000905","Census Tract 9.05; Palm Beach County; Florida","1474","134","1239","154","235","94",
"1400000US12099001002","Census Tract 10.02; Palm Beach County; Florida","2135","271","1509","312","626","256",
"1400000US12099001003","Census Tract 10.03; Palm Beach County; Florida","1778","168","1416","166","362","114",
"1400000US12099001004","Census Tract 10.04; Palm Beach County; Florida","2427","269","1776","298","651","204",
"1400000US12099001101","Census Tract 11.01; Palm Beach County; Florida","2133","410","1113","373","1020","225",
"1400000US12099001102","Census Tract 11.02; Palm Beach County; Florida","1708","217","1106","193","602","140",
"1400000US12099001200","Census Tract 12; Palm Beach County; Florida","1851","266","1181","203","670","242",
"1400000US12099001301","Census Tract 13.01; Palm Beach County; Florida","2391","273","1141","313","1250","228",
"1400000US12099001302","Census Tract 13.02; Palm Beach County; Florida","1789","256","1149","262","640","173",
"1400000US12099001402","Census Tract 14.02; Palm Beach County; Florida","897","100","239","86","658","105",
"1400000US12099001403","Census Tract 14.03; Palm Beach County; Florida","1212","203","626","181","586","186",
"1400000US12099001404","Census Tract 14.04; Palm Beach County; Florida","1227","171","450","123","777","207",
"1400000US12099001500","Census Tract 15; Palm Beach County; Florida","831","175","354","81","477","172",
"1400000US12099001600","Census Tract 16; Palm Beach County; Florida","1937","275","1117","301","820","233",
"1400000US12099001700","Census Tract 17; Palm Beach County; Florida","2002","319","1039","282","963","288",
"1400000US12099001801","Census Tract 18.01; Palm Beach County; Florida","1827","278","1193","292","634","161",
"1400000US12099001802","Census Tract 18.02; Palm Beach County; Florida","2219","358","1161","258","1058","344",
"1400000US12099001904","Census Tract 19.04; Palm Beach County; Florida","1700","172","1135","189","565","193",
"1400000US12099001907","Census Tract 19.07; Palm Beach County; Florida","2136","352","1640","297","496","273",
"1400000US12099001909","Census Tract 19.09; Palm Beach County; Florida","1167","144","392","109","775","140",
"1400000US12099001910","Census Tract 19.10; Palm Beach County; Florida","1400","187","899","169","501","174",
"1400000US12099001911","Census Tract 19.11; Palm Beach County; Florida","799","130","607","133","192","83",
"1400000US12099001912","Census Tract 19.12; Palm Beach County; Florida","1500","214","1068","198","432","142",
"1400000US12099001913","Census Tract 19.13; Palm Beach County; Florida","1873","376","1446","325","427","169",
"1400000US12099001916","Census Tract 19.16; Palm Beach County; Florida","1988","213","369","137","1619","222",
"1400000US12099001917","Census Tract 19.17; Palm Beach County; Florida","2013","255","558","171","1455","233",
"1400000US12099001918","Census Tract 19.18; Palm Beach County; Florida","1657","238","1124","204","533","179",
"1400000US12099001919","Census Tract 19.19; Palm Beach County; Florida","2310","347","1205","289","1105","357",
"1400000US12099001920","Census Tract 19.20; Palm Beach County; Florida","1865","376","1013","375","852","220",
"1400000US12099001921","Census Tract 19.21; Palm Beach County; Florida","1493","156","756","145","737","133",
"1400000US12099002005","Census Tract 20.05; Palm Beach County; Florida","1904","272","911","184","993","303",
"1400000US12099002006","Census Tract 20.06; Palm Beach County; Florida","2578","332","63","75","2515","342",
"1400000US12099002100","Census Tract 21; Palm Beach County; Florida","1874","265","775","216","1099","249",
"1400000US12099002200","Census Tract 22; Palm Beach County; Florida","1103","148","230","110","873","130",
"1400000US12099002300","Census Tract 23; Palm Beach County; Florida","1948","284","565","132","1383","294",
"1400000US12099002400","Census Tract 24; Palm Beach County; Florida","893","179","119","80","774","191",
"1400000US12099002600","Census Tract 26; Palm Beach County; Florida","1717","220","948","196","769","190",
"1400000US12099002701","Census Tract 27.01; Palm Beach County; Florida","1043","129","276","80","767","133",
"1400000US12099002702","Census Tract 27.02; Palm Beach County; Florida","947","139","739","114","208","116",
"1400000US12099002703","Census Tract 27.03; Palm Beach County; Florida","1915","449","750","217","1165","404",
"1400000US12099002800","Census Tract 28; Palm Beach County; Florida","1073","164","542","111","531","138",
"1400000US12099002900","Census Tract 29; Palm Beach County; Florida","1684","187","331","146","1353","207",
"1400000US12099003000","Census Tract 30; Palm Beach County; Florida","1538","174","1095","246","443","164",
"1400000US12099003101","Census Tract 31.01; Palm Beach County; Florida","2390","455","1765","481","625","210",
"1400000US12099003102","Census Tract 31.02; Palm Beach County; Florida","2622","274","560","217","2062","299",
"1400000US12099003201","Census Tract 32.01; Palm Beach County; Florida","1510","157","1045","190","465","168",
"1400000US12099003202","Census Tract 32.02; Palm Beach County; Florida","2359","511","1600","262","759","454",
"1400000US12099003300","Census Tract 33; Palm Beach County; Florida","1646","447","983","386","663","202",
"1400000US12099003400","Census Tract 34; Palm Beach County; Florida","2231","397","1086","228","1145","393",
"1400000US12099003507","Census Tract 35.07; Palm Beach County; Florida","1247","241","1153","223","94","74",
"1400000US12099003512","Census Tract 35.12; Palm Beach County; Florida","749","168","553","136","196","84",
"1400000US12099003513","Census Tract 35.13; Palm Beach County; Florida","852","225","774","207","78","61",
"1400000US12099003514","Census Tract 35.14; Palm Beach County; Florida","1722","388","1282","302","440","365",
"1400000US12099003600","Census Tract 36; Palm Beach County; Florida","2274","296","1375","262","899","302",
"1400000US12099003700","Census Tract 37; Palm Beach County; Florida","2312","562","1328","379","984","504",
"1400000US12099003801","Census Tract 38.01; Palm Beach County; Florida","999","182","807","211","192","100",
"1400000US12099003802","Census Tract 38.02; Palm Beach County; Florida","1440","266","583","131","857","297",
"1400000US12099003901","Census Tract 39.01; Palm Beach County; Florida","1611","337","924","186","687","336",
"1400000US12099003902","Census Tract 39.02; Palm Beach County; Florida","1928","251","1115","269","813","263",
"1400000US12099004005","Census Tract 40.05; Palm Beach County; Florida","1327","156","1094","157","233","110",
"1400000US12099004007","Census Tract 40.07; Palm Beach County; Florida","1887","196","952","204","935","167",
"1400000US12099004008","Census Tract 40.08; Palm Beach County; Florida","2184","307","896","218","1288","318",
"1400000US12099004009","Census Tract 40.09; Palm Beach County; Florida","1093","148","583","161","510","149",
"1400000US12099004010","Census Tract 40.10; Palm Beach County; Florida","1105","146","548","164","557","137",
"1400000US12099004011","Census Tract 40.11; Palm Beach County; Florida","1959","297","1337","310","622","175",
"1400000US12099004012","Census Tract 40.12; Palm Beach County; Florida","2446","359","1717","325","729","244",
"1400000US12099004013","Census Tract 40.13; Palm Beach County; Florida","2140","374","1542","349","598","224",
"1400000US12099004101","Census Tract 41.01; Palm Beach County; Florida","1729","147","1161","231","568","206",
"1400000US12099004102","Census Tract 41.02; Palm Beach County; Florida","1031","141","325","100","706","155",
"1400000US12099004203","Census Tract 42.03; Palm Beach County; Florida","1707","304","1301","268","406","211",
"1400000US12099004204","Census Tract 42.04; Palm Beach County; Florida","1195","187","511","166","684","175",
"1400000US12099004205","Census Tract 42.05; Palm Beach County; Florida","1567","289","1152","318","415","134",
"1400000US12099004206","Census Tract 42.06; Palm Beach County; Florida","1183","337","660","238","523","298",
"1400000US12099004207","Census Tract 42.07; Palm Beach County; Florida","996","178","556","177","440","123",
"1400000US12099004300","Census Tract 43; Palm Beach County; Florida","2165","295","1815","269","350","170",
"1400000US12099004401","Census Tract 44.01; Palm Beach County; Florida","1512","194","1179","200","333","111",
"1400000US12099004402","Census Tract 44.02; Palm Beach County; Florida","1724","281","305","95","1419","293",
"1400000US12099004500","Census Tract 45; Palm Beach County; Florida","2426","209","979","247","1447","213",
"1400000US12099004601","Census Tract 46.01; Palm Beach County; Florida","1240","171","765","163","475","153",
"1400000US12099004602","Census Tract 46.02; Palm Beach County; Florida","1497","185","706","178","791","149",
"1400000US12099004702","Census Tract 47.02; Palm Beach County; Florida","1966","214","1366","275","600","184",
"1400000US12099004704","Census Tract 47.04; Palm Beach County; Florida","1930","188","861","147","1069","181",
"1400000US12099004705","Census Tract 47.05; Palm Beach County; Florida","1907","287","1367","302","540","210",
"1400000US12099004706","Census Tract 47.06; Palm Beach County; Florida","1171","239","816","224","355","200",
"1400000US12099004810","Census Tract 48.10; Palm Beach County; Florida","2264","438","1869","355","395","295",
"1400000US12099004813","Census Tract 48.13; Palm Beach County; Florida","1807","152","1558","169","249","111",
"1400000US12099004815","Census Tract 48.15; Palm Beach County; Florida","2811","427","1417","291","1394","467",
"1400000US12099004816","Census Tract 48.16; Palm Beach County; Florida","1718","206","1613","210","105","50",
"1400000US12099004817","Census Tract 48.17; Palm Beach County; Florida","2137","242","1591","250","546","186",
"1400000US12099004818","Census Tract 48.18; Palm Beach County; Florida","1531","345","1107","355","424","142",
"1400000US12099004819","Census Tract 48.19; Palm Beach County; Florida","1392","126","1013","129","379","124",
"1400000US12099004820","Census Tract 48.20; Palm Beach County; Florida","948","177","802","167","146","77",
"1400000US12099004821","Census Tract 48.21; Palm Beach County; Florida","1075","131","822","135","253","103",
"1400000US12099004822","Census Tract 48.22; Palm Beach County; Florida","1863","339","1560","360","303","120",
"1400000US12099004823","Census Tract 48.23; Palm Beach County; Florida","886","99","812","104","74","52",
"1400000US12099004902","Census Tract 49.02; Palm Beach County; Florida","899","114","835","102","64","41",
"1400000US12099004903","Census Tract 49.03; Palm Beach County; Florida","1510","220","203","96","1307","212",
"1400000US12099004904","Census Tract 49.04; Palm Beach County; Florida","1837","201","698","183","1139","217",
"1400000US12099005000","Census Tract 50; Palm Beach County; Florida","2102","357","1499","284","603","305",
"1400000US12099005101","Census Tract 51.01; Palm Beach County; Florida","778","97","161","72","617","105",
"1400000US12099005102","Census Tract 51.02; Palm Beach County; Florida","1697","204","676","147","1021","232",
"1400000US12099005202","Census Tract 52.02; Palm Beach County; Florida","1944","227","512","118","1432","247",
"1400000US12099005203","Census Tract 52.03; Palm Beach County; Florida","1116","162","442","124","674","192",
"1400000US12099005204","Census Tract 52.04; Palm Beach County; Florida","1770","317","764","284","1006","201",
"1400000US12099005300","Census Tract 53; Palm Beach County; Florida","2690","390","1801","372","889","300",
"1400000US12099005411","Census Tract 54.11; Palm Beach County; Florida","1458","153","1237","137","221","63",
"1400000US12099005412","Census Tract 54.12; Palm Beach County; Florida","1601","255","1222","180","379","144",
"1400000US12099005413","Census Tract 54.13; Palm Beach County; Florida","909","181","823","172","86","55",
"1400000US12099005501","Census Tract 55.01; Palm Beach County; Florida","2186","268","805","173","1381","271",
"1400000US12099005502","Census Tract 55.02; Palm Beach County; Florida","2256","313","1581","303","675","222",
"1400000US12099005601","Census Tract 56.01; Palm Beach County; Florida","1758","246","1207","191","551","211",
"1400000US12099005602","Census Tract 56.02; Palm Beach County; Florida","899","300","672","242","227","113",
"1400000US12099005702","Census Tract 57.02; Palm Beach County; Florida","2383","354","1573","332","810","230",
"1400000US12099005703","Census Tract 57.03; Palm Beach County; Florida","841","173","636","211","205","117",
"1400000US12099005704","Census Tract 57.04; Palm Beach County; Florida","881","151","564","132","317","137",
"1400000US12099005807","Census Tract 58.07; Palm Beach County; Florida","1949","206","1005","197","944","246",
"1400000US12099005810","Census Tract 58.10; Palm Beach County; Florida","1095","227","1072","227","23","19",
"1400000US12099005811","Census Tract 58.11; Palm Beach County; Florida","1451","214","1397","213","54","35",
"1400000US12099005812","Census Tract 58.12; Palm Beach County; Florida","1917","384","756","175","1161","408",
"1400000US12099005813","Census Tract 58.13; Palm Beach County; Florida","2543","304","1042","292","1501","370",
"1400000US12099005814","Census Tract 58.14; Palm Beach County; Florida","1415","317","952","337","463","165",
"1400000US12099005815","Census Tract 58.15; Palm Beach County; Florida","1908","249","1263","212","645","195",
"1400000US12099005818","Census Tract 58.18; Palm Beach County; Florida","2010","298","473","230","1537","355",
"1400000US12099005819","Census Tract 58.19; Palm Beach County; Florida","1193","147","823","178","370","147",
"1400000US12099005820","Census Tract 58.20; Palm Beach County; Florida","2323","314","1749","310","574","225",
"1400000US12099005821","Census Tract 58.21; Palm Beach County; Florida","2414","267","1755","243","659","222",
"1400000US12099005916","Census Tract 59.16; Palm Beach County; Florida","2571","441","2116","449","455","209",
"1400000US12099005917","Census Tract 59.17; Palm Beach County; Florida","1588","181","1580","182","8","13",
"1400000US12099005918","Census Tract 59.18; Palm Beach County; Florida","2037","304","1620","296","417","178",
"1400000US12099005921","Census Tract 59.21; Palm Beach County; Florida","2979","503","2683","529","296","180",
"1400000US12099005922","Census Tract 59.22; Palm Beach County; Florida","2472","188","2138","200","334","183",
"1400000US12099005923","Census Tract 59.23; Palm Beach County; Florida","1903","299","1738","264","165","126",
"1400000US12099005926","Census Tract 59.26; Palm Beach County; Florida","2546","355","2285","338","261","113",
"1400000US12099005930","Census Tract 59.30; Palm Beach County; Florida","2166","376","2014","351","152","92",
"1400000US12099005931","Census Tract 59.31; Palm Beach County; Florida","1894","255","1400","258","494","141",
"1400000US12099005933","Census Tract 59.33; Palm Beach County; Florida","1827","209","1637","209","190","101",
"1400000US12099005934","Census Tract 59.34; Palm Beach County; Florida","2390","213","1946","235","444","158",
"1400000US12099005936","Census Tract 59.36; Palm Beach County; Florida","1469","184","1004","160","465","123",
"1400000US12099005937","Census Tract 59.37; Palm Beach County; Florida","701","89","683","87","18","15",
"1400000US12099005938","Census Tract 59.38; Palm Beach County; Florida","2255","295","1949","295","306","113",
"1400000US12099005939","Census Tract 59.39; Palm Beach County; Florida","930","131","728","112","202","86",
"1400000US12099005940","Census Tract 59.40; Palm Beach County; Florida","1457","199","1141","220","316","127",
"1400000US12099005942","Census Tract 59.42; Palm Beach County; Florida","1050","127","928","129","122","64",
"1400000US12099005943","Census Tract 59.43; Palm Beach County; Florida","1468","193","1136","213","332","122",
"1400000US12099005944","Census Tract 59.44; Palm Beach County; Florida","1613","384","1233","379","380","109",
"1400000US12099005945","Census Tract 59.45; Palm Beach County; Florida","2185","237","2164","235","21","33",
"1400000US12099005946","Census Tract 59.46; Palm Beach County; Florida","2910","498","2563","531","347","173",
"1400000US12099005947","Census Tract 59.47; Palm Beach County; Florida","2520","467","2458","451","62","58",
"1400000US12099005949","Census Tract 59.49; Palm Beach County; Florida","1427","183","1386","180","41","41",
"1400000US12099005950","Census Tract 59.50; Palm Beach County; Florida","1608","130","1089","121","519","137",
"1400000US12099005951","Census Tract 59.51; Palm Beach County; Florida","1896","426","911","174","985","434",
"1400000US12099005952","Census Tract 59.52; Palm Beach County; Florida","652","68","615","64","37","20",
"1400000US12099005953","Census Tract 59.53; Palm Beach County; Florida","2179","175","1796","192","383","146",
"1400000US12099005954","Census Tract 59.54; Palm Beach County; Florida","2110","229","1993","257","117","69",
"1400000US12099005955","Census Tract 59.55; Palm Beach County; Florida","2568","243","2477","250","91","100",
"1400000US12099005957","Census Tract 59.57; Palm Beach County; Florida","1739","271","1510","246","229","119",
"1400000US12099005958","Census Tract 59.58; Palm Beach County; Florida","638","96","575","101","63","41",
"1400000US12099005959","Census Tract 59.59; Palm Beach County; Florida","2004","305","1568","297","436","149",
"1400000US12099005960","Census Tract 59.60; Palm Beach County; Florida","1844","112","1516","201","328","179",
"1400000US12099005961","Census Tract 59.61; Palm Beach County; Florida","878","269","778","275","100","60",
"1400000US12099006005","Census Tract 60.05; Palm Beach County; Florida","1702","250","1569","236","133","76",
"1400000US12099006006","Census Tract 60.06; Palm Beach County; Florida","1829","458","1683","466","146","73",
"1400000US12099006007","Census Tract 60.07; Palm Beach County; Florida","1542","222","813","155","729","170",
"1400000US12099006008","Census Tract 60.08; Palm Beach County; Florida","1371","253","1293","252","78","47",
"1400000US12099006009","Census Tract 60.09; Palm Beach County; Florida","1279","138","1045","133","234","108",
"1400000US12099006010","Census Tract 60.10; Palm Beach County; Florida","1222","186","744","162","478","139",
"1400000US12099006011","Census Tract 60.11; Palm Beach County; Florida","1410","180","1090","179","320","139",
"1400000US12099006012","Census Tract 60.12; Palm Beach County; Florida","2439","383","1525","318","914","250",
"1400000US12099006100","Census Tract 61; Palm Beach County; Florida","1794","487","1072","487","722","183",
"1400000US12099006201","Census Tract 62.01; Palm Beach County; Florida","1494","244","1060","145","434","211",
"1400000US12099006202","Census Tract 62.02; Palm Beach County; Florida","1485","240","547","184","938","199",
"1400000US12099006203","Census Tract 62.03; Palm Beach County; Florida","970","159","624","121","346","127",
"1400000US12099006301","Census Tract 63.01; Palm Beach County; Florida","1763","303","904","234","859","239",
"1400000US12099006302","Census Tract 63.02; Palm Beach County; Florida","1117","193","991","195","126","62",
"1400000US12099006401","Census Tract 64.01; Palm Beach County; Florida","927","145","615","117","312","96",
"1400000US12099006402","Census Tract 64.02; Palm Beach County; Florida","1932","290","1372","200","560","224",
"1400000US12099006501","Census Tract 65.01; Palm Beach County; Florida","550","100","364","91","186","67",
"1400000US12099006502","Census Tract 65.02; Palm Beach County; Florida","1937","236","779","187","1158","254",
"1400000US12099006602","Census Tract 66.02; Palm Beach County; Florida","1172","139","1064","126","108","51",
"1400000US12099006604","Census Tract 66.04; Palm Beach County; Florida","1496","146","1275","172","221","93",
"1400000US12099006606","Census Tract 66.06; Palm Beach County; Florida","2200","421","2089","431","111","82",
"1400000US12099006607","Census Tract 66.07; Palm Beach County; Florida","2658","336","2361","316","297","164",
"1400000US12099006700","Census Tract 67; Palm Beach County; Florida","965","167","471","128","494","116",
"1400000US12099006801","Census Tract 68.01; Palm Beach County; Florida","2125","242","716","192","1409","310",
"1400000US12099006802","Census Tract 68.02; Palm Beach County; Florida","1094","232","642","226","452","141",
"1400000US12099006906","Census Tract 69.06; Palm Beach County; Florida","2714","404","1375","415","1339","245",
"1400000US12099006907","Census Tract 69.07; Palm Beach County; Florida","1803","205","1221","207","582","192",
"1400000US12099006908","Census Tract 69.08; Palm Beach County; Florida","2235","353","1473","308","762","295",
"1400000US12099006909","Census Tract 69.09; Palm Beach County; Florida","1294","150","1005","124","289","109",
"1400000US12099006910","Census Tract 69.10; Palm Beach County; Florida","1374","197","1022","218","352","123",
"1400000US12099006911","Census Tract 69.11; Palm Beach County; Florida","1621","198","642","136","979","201",
"1400000US12099006912","Census Tract 69.12; Palm Beach County; Florida","2184","302","1096","272","1088","219",
"1400000US12099007005","Census Tract 70.05; Palm Beach County; Florida","1914","320","1782","281","132","165",
"1400000US12099007006","Census Tract 70.06; Palm Beach County; Florida","2145","278","1306","259","839","210",
"1400000US12099007007","Census Tract 70.07; Palm Beach County; Florida","1589","190","1436","195","153","74",
"1400000US12099007008","Census Tract 70.08; Palm Beach County; Florida","1475","180","1453","177","22","22",
"1400000US12099007009","Census Tract 70.09; Palm Beach County; Florida","1228","86","1045","145","183","119",
"1400000US12099007010","Census Tract 70.10; Palm Beach County; Florida","1209","172","1042","167","167","103",
"1400000US12099007011","Census Tract 70.11; Palm Beach County; Florida","1462","147","1424","147","38","31",
"1400000US12099007012","Census Tract 70.12; Palm Beach County; Florida","1414","133","181","84","1233","154",
"1400000US12099007013","Census Tract 70.13; Palm Beach County; Florida","1854","310","1629","313","225","77",
"1400000US12099007100","Census Tract 71; Palm Beach County; Florida","0","15","0","15","0","15",
"1400000US12099007202","Census Tract 72.02; Palm Beach County; Florida","2018","557","900","174","1118","595",
"1400000US12099007204","Census Tract 72.04; Palm Beach County; Florida","1398","375","482","155","916","385",
"1400000US12099007205","Census Tract 72.05; Palm Beach County; Florida","1255","182","672","181","583","181",
"1400000US12099007206","Census Tract 72.06; Palm Beach County; Florida","691","100","614","89","77","46",
"1400000US12099007207","Census Tract 72.07; Palm Beach County; Florida","1033","291","582","124","451","279",
"1400000US12099007208","Census Tract 72.08; Palm Beach County; Florida","912","132","685","128","227","78",
"1400000US12099007301","Census Tract 73.01; Palm Beach County; Florida","2213","336","1547","261","666","257",
"1400000US12099007302","Census Tract 73.02; Palm Beach County; Florida","2446","253","1399","224","1047","251",
"1400000US12099007407","Census Tract 74.07; Palm Beach County; Florida","1081","164","995","162","86","69",
"1400000US12099007410","Census Tract 74.10; Palm Beach County; Florida","1287","315","1044","305","243","106",
"1400000US12099007412","Census Tract 74.12; Palm Beach County; Florida","737","119","687","125","50","47",
"1400000US12099007414","Census Tract 74.14; Palm Beach County; Florida","1260","193","1180","208","80","79",
"1400000US12099007420","Census Tract 74.20; Palm Beach County; Florida","1798","331","1476","301","322","161",
"1400000US12099007421","Census Tract 74.21; Palm Beach County; Florida","2069","219","1888","233","181","109",
"1400000US12099007501","Census Tract 75.01; Palm Beach County; Florida","1766","200","874","150","892","199",
"1400000US12099007504","Census Tract 75.04; Palm Beach County; Florida","1681","400","991","225","690","382",
"1400000US12099007505","Census Tract 75.05; Palm Beach County; Florida","2189","358","1174","341","1015","275",
"1400000US12099007603","Census Tract 76.03; Palm Beach County; Florida","788","71","740","76","48","31",
"1400000US12099007604","Census Tract 76.04; Palm Beach County; Florida","2570","424","2284","455","286","173",
"1400000US12099007605","Census Tract 76.05; Palm Beach County; Florida","1337","91","1156","132","181","101",
"1400000US12099007610","Census Tract 76.10; Palm Beach County; Florida","1740","212","1402","218","338","122",
"1400000US12099007612","Census Tract 76.12; Palm Beach County; Florida","2444","297","1746","234","698","247",
"1400000US12099007613","Census Tract 76.13; Palm Beach County; Florida","1918","248","1103","224","815","214",
"1400000US12099007614","Census Tract 76.14; Palm Beach County; Florida","2222","343","1787","357","435","164",
"1400000US12099007615","Census Tract 76.15; Palm Beach County; Florida","1859","237","868","208","991","276",
"1400000US12099007616","Census Tract 76.16; Palm Beach County; Florida","1738","182","925","157","813","142",
"1400000US12099007619","Census Tract 76.19; Palm Beach County; Florida","606","235","268","79","338","240",
"1400000US12099007620","Census Tract 76.20; Palm Beach County; Florida","1116","205","433","136","683","204",
"1400000US12099007621","Census Tract 76.21; Palm Beach County; Florida","893","125","679","87","214","113",
"1400000US12099007622","Census Tract 76.22; Palm Beach County; Florida","2051","459","555","114","1496","478",
"1400000US12099007623","Census Tract 76.23; Palm Beach County; Florida","1262","139","721","143","541","148",
"1400000US12099007624","Census Tract 76.24; Palm Beach County; Florida","1801","265","1740","266","61","78",
"1400000US12099007705","Census Tract 77.05; Palm Beach County; Florida","1375","132","1249","132","126","57",
"1400000US12099007710","Census Tract 77.10; Palm Beach County; Florida","3050","281","2503","327","547","171",
"1400000US12099007716","Census Tract 77.16; Palm Beach County; Florida","1741","199","1285","220","456","149",
"1400000US12099007721","Census Tract 77.21; Palm Beach County; Florida","1789","241","1509","203","280","162",
"1400000US12099007723","Census Tract 77.23; Palm Beach County; Florida","853","77","746","90","107","62",
"1400000US12099007724","Census Tract 77.24; Palm Beach County; Florida","2521","425","1747","484","774","315",
"1400000US12099007725","Census Tract 77.25; Palm Beach County; Florida","2020","363","1663","381","357","173",
"1400000US12099007730","Census Tract 77.30; Palm Beach County; Florida","2066","187","1731","207","335","176",
"1400000US12099007731","Census Tract 77.31; Palm Beach County; Florida","1983","243","1734","227","249","158",
"1400000US12099007732","Census Tract 77.32; Palm Beach County; Florida","2536","368","1464","347","1072","240",
"1400000US12099007735","Census Tract 77.35; Palm Beach County; Florida","2079","399","1798","254","281","332",
"1400000US12099007736","Census Tract 77.36; Palm Beach County; Florida","1344","224","1118","218","226","110",
"1400000US12099007738","Census Tract 77.38; Palm Beach County; Florida","1635","261","1432","266","203","82",
"1400000US12099007739","Census Tract 77.39; Palm Beach County; Florida","1542","251","1351","241","191","114",
"1400000US12099007740","Census Tract 77.40; Palm Beach County; Florida","3023","401","1414","384","1609","302",
"1400000US12099007741","Census Tract 77.41; Palm Beach County; Florida","2413","462","1771","211","642","436",
"1400000US12099007742","Census Tract 77.42; Palm Beach County; Florida","1865","237","1724","255","141","80",
"1400000US12099007743","Census Tract 77.43; Palm Beach County; Florida","1973","275","1809","283","164","125",
"1400000US12099007746","Census Tract 77.46; Palm Beach County; Florida","1055","220","591","143","464","198",
"1400000US12099007747","Census Tract 77.47; Palm Beach County; Florida","1903","233","1369","226","534","212",
"1400000US12099007748","Census Tract 77.48; Palm Beach County; Florida","1553","282","1516","281","37","36",
"1400000US12099007749","Census Tract 77.49; Palm Beach County; Florida","2461","358","2389","359","72","62",
"1400000US12099007750","Census Tract 77.50; Palm Beach County; Florida","1614","199","1081","239","533","165",
"1400000US12099007751","Census Tract 77.51; Palm Beach County; Florida","1610","311","1378","342","232","153",
"1400000US12099007752","Census Tract 77.52; Palm Beach County; Florida","2235","212","1705","180","530","201",
"1400000US12099007754","Census Tract 77.54; Palm Beach County; Florida","2262","212","2060","238","202","184",
"1400000US12099007757","Census Tract 77.57; Palm Beach County; Florida","2019","208","1878","199","141","76",
"1400000US12099007758","Census Tract 77.58; Palm Beach County; Florida","1904","223","991","189","913","195",
"1400000US12099007759","Census Tract 77.59; Palm Beach County; Florida","563","101","535","99","28","23",
"1400000US12099007763","Census Tract 77.63; Palm Beach County; Florida","2853","320","1415","311","1438","335",
"1400000US12099007764","Census Tract 77.64; Palm Beach County; Florida","738","93","698","96","40","27",
"1400000US12099007766","Census Tract 77.66; Palm Beach County; Florida","1732","277","1134","215","598","210",
"1400000US12099007767","Census Tract 77.67; Palm Beach County; Florida","1485","204","554","160","931","148",
"1400000US12099007768","Census Tract 77.68; Palm Beach County; Florida","705","77","666","82","39","37",
"1400000US12099007769","Census Tract 77.69; Palm Beach County; Florida","1263","229","692","134","571","244",
"1400000US12099007770","Census Tract 77.70; Palm Beach County; Florida","897","97","790","107","107","70",
"1400000US12099007771","Census Tract 77.71; Palm Beach County; Florida","1311","148","1304","148","7","14",
"1400000US12099007772","Census Tract 77.72; Palm Beach County; Florida","2001","280","1943","292","58","67",
"1400000US12099007773","Census Tract 77.73; Palm Beach County; Florida","2713","380","2646","399","67","74",
"1400000US12099007774","Census Tract 77.74; Palm Beach County; Florida","3188","319","3086","320","102","105",
"1400000US12099007775","Census Tract 77.75; Palm Beach County; Florida","2309","218","2154","232","155","101",
"1400000US12099007776","Census Tract 77.76; Palm Beach County; Florida","425","38","421","38","4","7",
"1400000US12099007777","Census Tract 77.77; Palm Beach County; Florida","1419","134","1147","148","272","89",
"1400000US12099007778","Census Tract 77.78; Palm Beach County; Florida","2929","426","2076","223","853","425",
"1400000US12099007779","Census Tract 77.79; Palm Beach County; Florida","1678","212","1555","207","123","74",
"1400000US12099007780","Census Tract 77.80; Palm Beach County; Florida","644","339","641","339","3","5",
"1400000US12099007805","Census Tract 78.05; Palm Beach County; Florida","2559","203","2473","214","86","64",
"1400000US12099007812","Census Tract 78.12; Palm Beach County; Florida","2164","233","1921","233","243","126",
"1400000US12099007813","Census Tract 78.13; Palm Beach County; Florida","2233","269","1985","288","248","117",
"1400000US12099007814","Census Tract 78.14; Palm Beach County; Florida","1183","273","921","271","262","91",
"1400000US12099007818","Census Tract 78.18; Palm Beach County; Florida","514","49","507","51","7","10",
"1400000US12099007820","Census Tract 78.20; Palm Beach County; Florida","898","162","835","168","63","48",
"1400000US12099007821","Census Tract 78.21; Palm Beach County; Florida","921","103","878","111","43","37",
"1400000US12099007823","Census Tract 78.23; Palm Beach County; Florida","1376","108","1331","123","45","45",
"1400000US12099007830","Census Tract 78.30; Palm Beach County; Florida","1809","207","1583","175","226","111",
"1400000US12099007831","Census Tract 78.31; Palm Beach County; Florida","1910","179","1278","183","632","189",
"1400000US12099007832","Census Tract 78.32; Palm Beach County; Florida","1945","202","1081","190","864","210",
"1400000US12099007833","Census Tract 78.33; Palm Beach County; Florida","2099","269","749","213","1350","342",
"1400000US12099007834","Census Tract 78.34; Palm Beach County; Florida","883","94","838","90","45","45",
"1400000US12099007835","Census Tract 78.35; Palm Beach County; Florida","2004","345","1511","308","493","191",
"1400000US12099007837","Census Tract 78.37; Palm Beach County; Florida","3302","411","2842","430","460","235",
"1400000US12099007838","Census Tract 78.38; Palm Beach County; Florida","3180","484","2856","499","324","155",
"1400000US12099007840","Census Tract 78.40; Palm Beach County; Florida","627","61","581","48","46","49",
"1400000US12099007841","Census Tract 78.41; Palm Beach County; Florida","2292","289","1734","313","558","194",
"1400000US12099007842","Census Tract 78.42; Palm Beach County; Florida","1378","225","1250","211","128","85",
"1400000US12099007843","Census Tract 78.43; Palm Beach County; Florida","2121","222","1555","218","566","229",
"1400000US12099007844","Census Tract 78.44; Palm Beach County; Florida","1509","160","1391","149","118","85",
"1400000US12099007845","Census Tract 78.45; Palm Beach County; Florida","778","59","771","59","7","12",
"1400000US12099007846","Census Tract 78.46; Palm Beach County; Florida","432","61","428","62","4","7",
"1400000US12099007847","Census Tract 78.47; Palm Beach County; Florida","2912","366","2878","368","34","39",
"1400000US12099007848","Census Tract 78.48; Palm Beach County; Florida","1145","218","1106","222","39","39",
"1400000US12099007849","Census Tract 78.49; Palm Beach County; Florida","883","131","827","114","56","66",
"1400000US12099007850","Census Tract 78.50; Palm Beach County; Florida","1455","71","1438","71","17","12",
"1400000US12099007851","Census Tract 78.51; Palm Beach County; Florida","1329","189","1159","160","170","118",
"1400000US12099007852","Census Tract 78.52; Palm Beach County; Florida","0","15","0","15","0","15",
"1400000US12099007853","Census Tract 78.53; Palm Beach County; Florida","789","36","780","38","9","15",
"1400000US12099007909","Census Tract 79.09; Palm Beach County; Florida","2151","212","1790","204","361","127",
"1400000US12099007913","Census Tract 79.13; Palm Beach County; Florida","767","96","718","98","49","33",
"1400000US12099007914","Census Tract 79.14; Palm Beach County; Florida","1827","386","1630","369","197","167",
"1400000US12099007915","Census Tract 79.15; Palm Beach County; Florida","381","36","369","39","12","18",
"1400000US12099007916","Census Tract 79.16; Palm Beach County; Florida","1403","131","1403","131","0","15",
"1400000US12099007917","Census Tract 79.17; Palm Beach County; Florida","1687","180","1381","200","306","120",
"1400000US12099007918","Census Tract 79.18; Palm Beach County; Florida","1075","149","966","136","109","94",
"1400000US12099007919","Census Tract 79.19; Palm Beach County; Florida","1719","352","1407","144","312","371",
"1400000US12099008001","Census Tract 80.01; Palm Beach County; Florida","1087","173","291","107","796","233",
"1400000US12099008002","Census Tract 80.02; Palm Beach County; Florida","1254","329","767","215","487","219",
"1400000US12099008101","Census Tract 81.01; Palm Beach County; Florida","1738","284","966","207","772","258",
"1400000US12099008102","Census Tract 81.02; Palm Beach County; Florida","0","15","0","15","0","15",
"1400000US12099008201","Census Tract 82.01; Palm Beach County; Florida","1414","252","437","196","977","224",
"1400000US12099008202","Census Tract 82.02; Palm Beach County; Florida","1095","192","263","111","832","219",
"1400000US12099008203","Census Tract 82.03; Palm Beach County; Florida","1336","192","672","165","664","176",
"1400000US12099008301","Census Tract 83.01; Palm Beach County; Florida","698","392","317","388","381","99",
"1400000US12099008302","Census Tract 83.02; Palm Beach County; Florida","1168","145","694","151","474","133",
"1400000US12099980000","Census Tract 9800; Palm Beach County; Florida","0","15","0","15","0","15",
"1400000US12099980100","Census Tract 9801; Palm Beach County; Florida","0","15","0","15","0","15",
"1400000US12099980200","Census Tract 9802; Palm Beach County; Florida","0","15","0","15","0","15",
"1400000US12099980400","Census Tract 9804; Palm Beach County; Florida","0","15","0","15","0","15",
"1400000US12099980500","Census Tract 9805; Palm Beach County; Florida","0","15","0","15","0","15",
"1400000US12099990000","Census Tract 9900; Palm Beach County; Florida","0","15","0","15","0","15",
"1400000US12099990100","Census Tract 9901; Palm Beach County; Florida","0","15","0","15","0","15",
"1400000US12101030101","Census Tract 301.01; Pasco County; Florida","1260","202","935","184","325","145",
"1400000US12101030102","Census Tract 301.02; Pasco County; Florida","1219","153","790","134","429","156",
"1400000US12101030202","Census Tract 302.02; Pasco County; Florida","1226","184","1040","177","186","67",
"1400000US12101030203","Census Tract 302.03; Pasco County; Florida","910","229","506","131","404","214",
"1400000US12101030204","Census Tract 302.04; Pasco County; Florida","670","96","386","92","284","91",
"1400000US12101030205","Census Tract 302.05; Pasco County; Florida","994","126","697","156","297","108",
"1400000US12101030303","Census Tract 303.03; Pasco County; Florida","1516","245","1331","241","185","76",
"1400000US12101030304","Census Tract 303.04; Pasco County; Florida","2869","350","1740","364","1129","247",
"1400000US12101030404","Census Tract 304.04; Pasco County; Florida","1442","283","1080","152","362","270",
"1400000US12101030405","Census Tract 304.05; Pasco County; Florida","931","126","703","147","228","98",
"1400000US12101030406","Census Tract 304.06; Pasco County; Florida","1364","173","1092","170","272","161",
"1400000US12101030407","Census Tract 304.07; Pasco County; Florida","1108","221","659","134","449","221",
"1400000US12101030408","Census Tract 304.08; Pasco County; Florida","1453","247","848","148","605","255",
"1400000US12101030409","Census Tract 304.09; Pasco County; Florida","1175","175","927","172","248","93",
"1400000US12101030410","Census Tract 304.10; Pasco County; Florida","1106","202","722","163","384","137",
"1400000US12101030411","Census Tract 304.11; Pasco County; Florida","1429","302","1015","297","414","118",
"1400000US12101030412","Census Tract 304.12; Pasco County; Florida","1164","227","686","175","478","171",
"1400000US12101030501","Census Tract 305.01; Pasco County; Florida","907","111","656","120","251","87",
"1400000US12101030502","Census Tract 305.02; Pasco County; Florida","1838","193","1244","214","594","167",
"1400000US12101030601","Census Tract 306.01; Pasco County; Florida","916","136","631","114","285","102",
"1400000US12101030602","Census Tract 306.02; Pasco County; Florida","1041","122","585","132","456","102",
"1400000US12101030700","Census Tract 307; Pasco County; Florida","1613","173","793","192","820","165",
"1400000US12101030800","Census Tract 308; Pasco County; Florida","1508","213","872","169","636","212",
"1400000US12101030901","Census Tract 309.01; Pasco County; Florida","2117","351","1346","350","771","177",
"1400000US12101030905","Census Tract 309.05; Pasco County; Florida","1685","345","1141","332","544","139",
"1400000US12101030906","Census Tract 309.06; Pasco County; Florida","2890","379","1380","280","1510","369",
"1400000US12101031003","Census Tract 310.03; Pasco County; Florida","2436","243","1607","235","829","305",
"1400000US12101031005","Census Tract 310.05; Pasco County; Florida","1833","261","682","117","1151","267",
"1400000US12101031006","Census Tract 310.06; Pasco County; Florida","787","190","421","163","366","105",
"1400000US12101031007","Census Tract 310.07; Pasco County; Florida","2183","236","1331","211","852","257",
"1400000US12101031008","Census Tract 310.08; Pasco County; Florida","1007","231","771","208","236","132",
"1400000US12101031009","Census Tract 310.09; Pasco County; Florida","1305","160","832","129","473","167",
"1400000US12101031010","Census Tract 310.10; Pasco County; Florida","1736","211","1154","173","582","170",
"1400000US12101031011","Census Tract 310.11; Pasco County; Florida","1325","322","1088","331","237","84",
"1400000US12101031012","Census Tract 310.12; Pasco County; Florida","2551","413","1873","374","678","396",
"1400000US12101031013","Census Tract 310.13; Pasco County; Florida","1095","113","647","149","448","149",
"1400000US12101031014","Census Tract 310.14; Pasco County; Florida","1432","228","962","209","470","148",
"1400000US12101031101","Census Tract 311.01; Pasco County; Florida","2067","364","1422","378","645","171",
"1400000US12101031103","Census Tract 311.03; Pasco County; Florida","604","106","539","117","65","72",
"1400000US12101031104","Census Tract 311.04; Pasco County; Florida","1809","319","1084","256","725","229",
"1400000US12101031203","Census Tract 312.03; Pasco County; Florida","1433","197","1175","214","258","107",
"1400000US12101031204","Census Tract 312.04; Pasco County; Florida","1277","189","1209","182","68","63",
"1400000US12101031205","Census Tract 312.05; Pasco County; Florida","1696","207","1581","214","115","93",
"1400000US12101031206","Census Tract 312.06; Pasco County; Florida","1121","179","879","166","242","114",
"1400000US12101031207","Census Tract 312.07; Pasco County; Florida","1202","340","1014","332","188","111",
"1400000US12101031208","Census Tract 312.08; Pasco County; Florida","2147","194","1986","191","161","86",
"1400000US12101031301","Census Tract 313.01; Pasco County; Florida","1749","198","1391","199","358","91",
"1400000US12101031302","Census Tract 313.02; Pasco County; Florida","2409","417","2204","413","205","140",
"1400000US12101031401","Census Tract 314.01; Pasco County; Florida","2096","222","898","167","1198","198",
"1400000US12101031404","Census Tract 314.04; Pasco County; Florida","1460","162","1123","151","337","86",
"1400000US12101031406","Census Tract 314.06; Pasco County; Florida","1640","196","1148","198","492","130",
"1400000US12101031407","Census Tract 314.07; Pasco County; Florida","1575","265","1168","259","407","127",
"1400000US12101031410","Census Tract 314.10; Pasco County; Florida","1423","207","694","124","729","211",
"1400000US12101031411","Census Tract 314.11; Pasco County; Florida","701","91","597","101","104","47",
"1400000US12101031412","Census Tract 314.12; Pasco County; Florida","2220","244","1399","216","821","238",
"1400000US12101031503","Census Tract 315.03; Pasco County; Florida","1220","112","924","132","296","113",
"1400000US12101031504","Census Tract 315.04; Pasco County; Florida","930","147","760","158","170","52",
"1400000US12101031505","Census Tract 315.05; Pasco County; Florida","2356","141","1115","191","1241","187",
"1400000US12101031506","Census Tract 315.06; Pasco County; Florida","1747","137","1091","140","656","140",
"1400000US12101031507","Census Tract 315.07; Pasco County; Florida","3182","557","2243","515","939","311",
"1400000US12101031508","Census Tract 315.08; Pasco County; Florida","1786","246","1665","246","121","67",
"1400000US12101031601","Census Tract 316.01; Pasco County; Florida","3631","457","2703","490","928","211",
"1400000US12101031602","Census Tract 316.02; Pasco County; Florida","3953","202","2806","254","1147","207",
"1400000US12101031603","Census Tract 316.03; Pasco County; Florida","3580","336","2426","389","1154","250",
"1400000US12101031604","Census Tract 316.04; Pasco County; Florida","2957","387","2658","412","299","129",
"1400000US12101031605","Census Tract 316.05; Pasco County; Florida","3245","218","2549","243","696","163",
"1400000US12101031701","Census Tract 317.01; Pasco County; Florida","4797","334","4237","381","560","228",
"1400000US12101031703","Census Tract 317.03; Pasco County; Florida","1847","262","1252","211","595","192",
"1400000US12101031704","Census Tract 317.04; Pasco County; Florida","2129","213","1706","186","423","188",
"1400000US12101031705","Census Tract 317.05; Pasco County; Florida","1769","214","1462","212","307","123",
"1400000US12101031706","Census Tract 317.06; Pasco County; Florida","1659","134","1441","128","218","89",
"1400000US12101031707","Census Tract 317.07; Pasco County; Florida","1605","313","1535","314","70","40",
"1400000US12101031708","Census Tract 317.08; Pasco County; Florida","2583","278","2215","232","368","173",
"1400000US12101031804","Census Tract 318.04; Pasco County; Florida","1812","247","1584","233","228","127",
"1400000US12101031805","Census Tract 318.05; Pasco County; Florida","1307","142","1209","136","98","66",
"1400000US12101031806","Census Tract 318.06; Pasco County; Florida","1696","170","1474","193","222","115",
"1400000US12101031807","Census Tract 318.07; Pasco County; Florida","1341","201","921","143","420","193",
"1400000US12101031808","Census Tract 318.08; Pasco County; Florida","1424","372","1220","379","204","94",
"1400000US12101031809","Census Tract 318.09; Pasco County; Florida","932","133","814","156","118","92",
"1400000US12101031901","Census Tract 319.01; Pasco County; Florida","1931","334","1827","344","104","80",
"1400000US12101031902","Census Tract 319.02; Pasco County; Florida","3735","316","3450","371","285","163",
"1400000US12101031903","Census Tract 319.03; Pasco County; Florida","2648","227","2162","245","486","203",
"1400000US12101032001","Census Tract 320.01; Pasco County; Florida","2342","272","2057","210","285","201",
"1400000US12101032005","Census Tract 320.05; Pasco County; Florida","2267","147","2190","159","77","78",
"1400000US12101032006","Census Tract 320.06; Pasco County; Florida","3198","401","2114","280","1084","401",
"1400000US12101032007","Census Tract 320.07; Pasco County; Florida","1141","102","1010","120","131","75",
"1400000US12101032008","Census Tract 320.08; Pasco County; Florida","1708","185","1585","196","123","56",
"1400000US12101032009","Census Tract 320.09; Pasco County; Florida","3403","405","2716","379","687","211",
"1400000US12101032010","Census Tract 320.10; Pasco County; Florida","1520","186","970","198","550","158",
"1400000US12101032011","Census Tract 320.11; Pasco County; Florida","1772","168","1570","165","202","86",
"1400000US12101032012","Census Tract 320.12; Pasco County; Florida","1380","214","793","220","587","112",
"1400000US12101032013","Census Tract 320.13; Pasco County; Florida","2448","198","1676","214","772","205",
"1400000US12101032014","Census Tract 320.14; Pasco County; Florida","2678","285","2106","316","572","172",
"1400000US12101032103","Census Tract 321.03; Pasco County; Florida","3947","359","3346","391","601","240",
"1400000US12101032104","Census Tract 321.04; Pasco County; Florida","2247","353","1693","350","554","175",
"1400000US12101032105","Census Tract 321.05; Pasco County; Florida","3710","321","3215","298","495","206",
"1400000US12101032106","Census Tract 321.06; Pasco County; Florida","2727","225","1791","230","936","199",
"1400000US12101032107","Census Tract 321.07; Pasco County; Florida","4290","352","3621","387","669","212",
"1400000US12101032108","Census Tract 321.08; Pasco County; Florida","3567","314","3308","321","259","159",
"1400000US12101032109","Census Tract 321.09; Pasco County; Florida","1782","217","886","127","896","238",
"1400000US12101032110","Census Tract 321.10; Pasco County; Florida","1175","152","959","175","216","117",
"1400000US12101032111","Census Tract 321.11; Pasco County; Florida","1967","179","1597","181","370","129",
"1400000US12101032112","Census Tract 321.12; Pasco County; Florida","1589","220","1341","227","248","83",
"1400000US12101032113","Census Tract 321.13; Pasco County; Florida","1449","116","1134","128","315","110",
"1400000US12101032200","Census Tract 322; Pasco County; Florida","1991","132","1767","173","224","126",
"1400000US12101032300","Census Tract 323; Pasco County; Florida","990","121","882","121","108","57",
"1400000US12101032401","Census Tract 324.01; Pasco County; Florida","906","119","850","115","56","43",
"1400000US12101032402","Census Tract 324.02; Pasco County; Florida","870","196","643","148","227","115",
"1400000US12101032500","Census Tract 325; Pasco County; Florida","2631","331","1283","267","1348","372",
"1400000US12101032601","Census Tract 326.01; Pasco County; Florida","1016","166","611","156","405","146",
"1400000US12101032602","Census Tract 326.02; Pasco County; Florida","1319","159","692","137","627","146",
"1400000US12101032700","Census Tract 327; Pasco County; Florida","1513","245","1303","226","210","97",
"1400000US12101032802","Census Tract 328.02; Pasco County; Florida","1282","241","1231","251","51","43",
"1400000US12101032804","Census Tract 328.04; Pasco County; Florida","1597","341","1114","344","483","118",
"1400000US12101032805","Census Tract 328.05; Pasco County; Florida","1986","182","1648","153","338","130",
"1400000US12101032901","Census Tract 329.01; Pasco County; Florida","3435","393","2585","399","850","277",
"1400000US12101032902","Census Tract 329.02; Pasco County; Florida","884","108","833","115","51","34",
"1400000US12101032905","Census Tract 329.05; Pasco County; Florida","2667","387","2523","392","144","80",
"1400000US12101033005","Census Tract 330.05; Pasco County; Florida","2086","415","1770","415","316","185",
"1400000US12101033006","Census Tract 330.06; Pasco County; Florida","1401","192","947","158","454","180",
"1400000US12101033007","Census Tract 330.07; Pasco County; Florida","1189","229","1039","213","150","84",
"1400000US12101033008","Census Tract 330.08; Pasco County; Florida","1239","164","849","157","390","127",
"1400000US12101033009","Census Tract 330.09; Pasco County; Florida","1281","187","811","183","470","155",
"1400000US12101033010","Census Tract 330.10; Pasco County; Florida","1755","215","1411","209","344","98",
"1400000US12101033011","Census Tract 330.11; Pasco County; Florida","884","109","662","92","222","84",
"1400000US12101033012","Census Tract 330.12; Pasco County; Florida","1159","171","929","177","230","65",
"1400000US12101033013","Census Tract 330.13; Pasco County; Florida","1289","225","828","228","461","128",
"1400000US12101033014","Census Tract 330.14; Pasco County; Florida","1792","230","1765","230","27","27",
"1400000US12101033101","Census Tract 331.01; Pasco County; Florida","1318","167","1290","165","28","44",
"1400000US12101033102","Census Tract 331.02; Pasco County; Florida","904","141","744","98","160","107",
"1400000US12101990000","Census Tract 9900; Pasco County; Florida","0","15","0","15","0","15",
"1400000US12103020105","Census Tract 201.05; Pinellas County; Florida","1931","182","1495","152","436","155",
"1400000US12103020106","Census Tract 201.06; Pinellas County; Florida","1871","277","1784","264","87","47",
"1400000US12103020107","Census Tract 201.07; Pinellas County; Florida","989","179","949","177","40","22",
"1400000US12103020108","Census Tract 201.08; Pinellas County; Florida","1266","254","1012","174","254","185",
"1400000US12103020109","Census Tract 201.09; Pinellas County; Florida","1857","273","1105","257","752","259",
"1400000US12103020110","Census Tract 201.10; Pinellas County; Florida","516","90","367","80","149","77",
"1400000US12103020201","Census Tract 202.01; Pinellas County; Florida","1827","157","1443","150","384","132",
"1400000US12103020202","Census Tract 202.02; Pinellas County; Florida","1819","469","1402","480","417","143",
"1400000US12103020206","Census Tract 202.06; Pinellas County; Florida","2132","377","531","130","1601","392",
"1400000US12103020207","Census Tract 202.07; Pinellas County; Florida","1469","156","990","174","479","118",
"1400000US12103020208","Census Tract 202.08; Pinellas County; Florida","1118","141","387","109","731","161",
"1400000US12103020209","Census Tract 202.09; Pinellas County; Florida","1898","285","1329","269","569","162",
"1400000US12103020301","Census Tract 203.01; Pinellas County; Florida","1824","225","1385","295","439","151",
"1400000US12103020302","Census Tract 203.02; Pinellas County; Florida","1668","251","1203","155","465","223",
"1400000US12103020400","Census Tract 204; Pinellas County; Florida","1055","167","685","153","370","128",
"1400000US12103020500","Census Tract 205; Pinellas County; Florida","1210","271","689","186","521","211",
"1400000US12103020600","Census Tract 206; Pinellas County; Florida","1557","284","1211","294","346","126",
"1400000US12103020700","Census Tract 207; Pinellas County; Florida","1371","231","1031","228","340","132",
"1400000US12103020800","Census Tract 208; Pinellas County; Florida","1461","261","706","162","755","242",
"1400000US12103021200","Census Tract 212; Pinellas County; Florida","1333","243","553","216","780","201",
"1400000US12103021501","Census Tract 215.01; Pinellas County; Florida","1614","211","872","158","742","175",
"1400000US12103021502","Census Tract 215.02; Pinellas County; Florida","1087","345","194","77","893","352",
"1400000US12103021600","Census Tract 216; Pinellas County; Florida","1472","369","186","104","1286","376",
"1400000US12103021800","Census Tract 218; Pinellas County; Florida","1302","186","702","144","600","184",
"1400000US12103021900","Census Tract 219; Pinellas County; Florida","1400","168","733","125","667","171",
"1400000US12103022000","Census Tract 220; Pinellas County; Florida","1087","172","852","136","235","134",
"1400000US12103022101","Census Tract 221.01; Pinellas County; Florida","848","110","521","72","327","107",
"1400000US12103022102","Census Tract 221.02; Pinellas County; Florida","1465","347","935","334","530","188",
"1400000US12103022200","Census Tract 222; Pinellas County; Florida","1932","293","1523","311","409","145",
"1400000US12103022301","Census Tract 223.01; Pinellas County; Florida","1214","174","909","152","305","124",
"1400000US12103022302","Census Tract 223.02; Pinellas County; Florida","1807","190","1279","224","528","138",
"1400000US12103022401","Census Tract 224.01; Pinellas County; Florida","1549","182","1408","186","141","75",
"1400000US12103022402","Census Tract 224.02; Pinellas County; Florida","2231","325","1936","340","295","194",
"1400000US12103022501","Census Tract 225.01; Pinellas County; Florida","2239","312","1664","257","575","193",
"1400000US12103022502","Census Tract 225.02; Pinellas County; Florida","1397","132","1108","158","289","108",
"1400000US12103022503","Census Tract 225.03; Pinellas County; Florida","2372","323","1857","249","515","239",
"1400000US12103022601","Census Tract 226.01; Pinellas County; Florida","1423","189","1258","182","165","76",
"1400000US12103022602","Census Tract 226.02; Pinellas County; Florida","1927","243","1750","247","177","71",
"1400000US12103022700","Census Tract 227; Pinellas County; Florida","1802","201","1497","206","305","124",
"1400000US12103022801","Census Tract 228.01; Pinellas County; Florida","2212","356","1395","199","817","342",
"1400000US12103022802","Census Tract 228.02; Pinellas County; Florida","1357","161","1239","160","118","58",
"1400000US12103022901","Census Tract 229.01; Pinellas County; Florida","1271","307","753","265","518","139",
"1400000US12103022902","Census Tract 229.02; Pinellas County; Florida","1204","193","922","187","282","104",
"1400000US12103023000","Census Tract 230; Pinellas County; Florida","1164","265","1038","265","126","72",
"1400000US12103023100","Census Tract 231; Pinellas County; Florida","1290","189","1008","218","282","110",
"1400000US12103023200","Census Tract 232; Pinellas County; Florida","1416","124","909","156","507","117",
"1400000US12103023300","Census Tract 233; Pinellas County; Florida","950","170","539","141","411","118",
"1400000US12103023400","Census Tract 234; Pinellas County; Florida","741","90","336","92","405","89",
"1400000US12103023501","Census Tract 235.01; Pinellas County; Florida","1093","167","540","141","553","136",
"1400000US12103023502","Census Tract 235.02; Pinellas County; Florida","631","82","186","67","445","88",
"1400000US12103023601","Census Tract 236.01; Pinellas County; Florida","1328","198","668","198","660","144",
"1400000US12103023602","Census Tract 236.02; Pinellas County; Florida","846","144","336","58","510","159",
"1400000US12103023700","Census Tract 237; Pinellas County; Florida","1190","317","730","91","460","302",
"1400000US12103023800","Census Tract 238; Pinellas County; Florida","1147","160","876","129","271","110",
"1400000US12103023900","Census Tract 239; Pinellas County; Florida","1072","285","464","105","608","295",
"1400000US12103024001","Census Tract 240.01; Pinellas County; Florida","1413","139","1037","145","376","108",
"1400000US12103024002","Census Tract 240.02; Pinellas County; Florida","2881","399","2567","415","314","155",
"1400000US12103024004","Census Tract 240.04; Pinellas County; Florida","1906","137","1785","180","121","106",
"1400000US12103024005","Census Tract 240.05; Pinellas County; Florida","1233","308","1161","307","72","44",
"1400000US12103024100","Census Tract 241; Pinellas County; Florida","2521","301","1637","278","884","245",
"1400000US12103024201","Census Tract 242.01; Pinellas County; Florida","1086","176","900","157","186","115",
"1400000US12103024202","Census Tract 242.02; Pinellas County; Florida","1282","296","1002","334","280","86",
"1400000US12103024301","Census Tract 243.01; Pinellas County; Florida","1540","155","1244","185","296","136",
"1400000US12103024302","Census Tract 243.02; Pinellas County; Florida","2042","212","1482","219","560","202",
"1400000US12103024403","Census Tract 244.03; Pinellas County; Florida","2004","340","1424","312","580","122",
"1400000US12103024406","Census Tract 244.06; Pinellas County; Florida","3138","348","393","196","2745","395",
"1400000US12103024408","Census Tract 244.08; Pinellas County; Florida","2000","213","1003","164","997","216",
"1400000US12103024409","Census Tract 244.09; Pinellas County; Florida","1379","153","1257","154","122","84",
"1400000US12103024410","Census Tract 244.10; Pinellas County; Florida","1754","230","623","141","1131","246",
"1400000US12103024411","Census Tract 244.11; Pinellas County; Florida","1900","245","1540","246","360","109",
"1400000US12103024412","Census Tract 244.12; Pinellas County; Florida","2880","263","433","193","2447","287",
"1400000US12103024413","Census Tract 244.13; Pinellas County; Florida","2582","259","1979","282","603","220",
"1400000US12103024505","Census Tract 245.05; Pinellas County; Florida","2917","313","2262","308","655","257",
"1400000US12103024507","Census Tract 245.07; Pinellas County; Florida","1787","200","1475","182","312","107",
"1400000US12103024508","Census Tract 245.08; Pinellas County; Florida","2322","329","1218","269","1104","276",
"1400000US12103024509","Census Tract 245.09; Pinellas County; Florida","1767","183","1185","194","582","126",
"1400000US12103024510","Census Tract 245.10; Pinellas County; Florida","775","185","260","79","515","185",
"1400000US12103024512","Census Tract 245.12; Pinellas County; Florida","1654","231","1318","188","336","138",
"1400000US12103024514","Census Tract 245.14; Pinellas County; Florida","2433","308","763","232","1670","306",
"1400000US12103024515","Census Tract 245.15; Pinellas County; Florida","1114","309","662","293","452","146",
"1400000US12103024516","Census Tract 245.16; Pinellas County; Florida","1493","220","1149","227","344","143",
"1400000US12103024517","Census Tract 245.17; Pinellas County; Florida","1663","234","517","234","1146","153",
"1400000US12103024518","Census Tract 245.18; Pinellas County; Florida","1019","104","232","115","787","137",
"1400000US12103024519","Census Tract 245.19; Pinellas County; Florida","2116","399","650","207","1466","340",
"1400000US12103024601","Census Tract 246.01; Pinellas County; Florida","1639","262","981","206","658","224",
"1400000US12103024603","Census Tract 246.03; Pinellas County; Florida","1249","209","745","205","504","145",
"1400000US12103024604","Census Tract 246.04; Pinellas County; Florida","1192","189","699","179","493","149",
"1400000US12103024701","Census Tract 247.01; Pinellas County; Florida","1393","169","666","114","727","170",
"1400000US12103024702","Census Tract 247.02; Pinellas County; Florida","1151","139","548","126","603","165",
"1400000US12103024703","Census Tract 247.03; Pinellas County; Florida","1172","325","716","298","456","138",
"1400000US12103024801","Census Tract 248.01; Pinellas County; Florida","1858","141","1651","177","207","92",
"1400000US12103024803","Census Tract 248.03; Pinellas County; Florida","823","117","713","115","110","50",
"1400000US12103024804","Census Tract 248.04; Pinellas County; Florida","872","151","559","145","313","115",
"1400000US12103024805","Census Tract 248.05; Pinellas County; Florida","1023","140","794","111","229","112",
"1400000US12103024901","Census Tract 249.01; Pinellas County; Florida","2087","267","1400","239","687","223",
"1400000US12103024904","Census Tract 249.04; Pinellas County; Florida","1393","147","915","107","478","149",
"1400000US12103024905","Census Tract 249.05; Pinellas County; Florida","2527","302","1950","309","577","224",
"1400000US12103024906","Census Tract 249.06; Pinellas County; Florida","1580","143","882","118","698","124",
"1400000US12103024907","Census Tract 249.07; Pinellas County; Florida","1429","215","654","164","775","150",
"1400000US12103024908","Census Tract 249.08; Pinellas County; Florida","1178","117","829","147","349","142",
"1400000US12103025004","Census Tract 250.04; Pinellas County; Florida","2701","304","2118","298","583","150",
"1400000US12103025007","Census Tract 250.07; Pinellas County; Florida","1989","308","1633","187","356","298",
"1400000US12103025009","Census Tract 250.09; Pinellas County; Florida","1447","167","875","172","572","95",
"1400000US12103025011","Census Tract 250.11; Pinellas County; Florida","1936","259","1811","259","125","79",
"1400000US12103025012","Census Tract 250.12; Pinellas County; Florida","2376","285","2110","302","266","123",
"1400000US12103025013","Census Tract 250.13; Pinellas County; Florida","1682","311","1544","305","138","78",
"1400000US12103025014","Census Tract 250.14; Pinellas County; Florida","1744","130","1348","174","396","142",
"1400000US12103025015","Census Tract 250.15; Pinellas County; Florida","1724","207","1526","207","198","80",
"1400000US12103025016","Census Tract 250.16; Pinellas County; Florida","876","107","634","83","242","94",
"1400000US12103025017","Census Tract 250.17; Pinellas County; Florida","1445","177","999","164","446","134",
"1400000US12103025018","Census Tract 250.18; Pinellas County; Florida","918","173","539","131","379","136",
"1400000US12103025019","Census Tract 250.19; Pinellas County; Florida","1183","163","979","165","204","94",
"1400000US12103025020","Census Tract 250.20; Pinellas County; Florida","1363","389","863","154","500","349",
"1400000US12103025021","Census Tract 250.21; Pinellas County; Florida","1088","139","935","151","153","80",
"1400000US12103025106","Census Tract 251.06; Pinellas County; Florida","1415","163","907","136","508","131",
"1400000US12103025107","Census Tract 251.07; Pinellas County; Florida","1871","228","1452","218","419","139",
"1400000US12103025108","Census Tract 251.08; Pinellas County; Florida","1260","175","1048","156","212","102",
"1400000US12103025109","Census Tract 251.09; Pinellas County; Florida","1988","186","1097","210","891","186",
"1400000US12103025110","Census Tract 251.10; Pinellas County; Florida","2178","200","1876","172","302","139",
"1400000US12103025111","Census Tract 251.11; Pinellas County; Florida","1710","242","1010","199","700","225",
"1400000US12103025112","Census Tract 251.12; Pinellas County; Florida","1455","166","1086","170","369","141",
"1400000US12103025113","Census Tract 251.13; Pinellas County; Florida","1167","244","940","115","227","200",
"1400000US12103025114","Census Tract 251.14; Pinellas County; Florida","1350","185","1164","182","186","91",
"1400000US12103025115","Census Tract 251.15; Pinellas County; Florida","1433","206","880","188","553","103",
"1400000US12103025116","Census Tract 251.16; Pinellas County; Florida","856","82","604","102","252","62",
"1400000US12103025119","Census Tract 251.19; Pinellas County; Florida","2301","382","2069","372","232","106",
"1400000US12103025120","Census Tract 251.20; Pinellas County; Florida","1454","189","1431","189","23","26",
"1400000US12103025121","Census Tract 251.21; Pinellas County; Florida","1924","159","1768","156","156","66",
"1400000US12103025122","Census Tract 251.22; Pinellas County; Florida","2107","186","1836","186","271","95",
"1400000US12103025123","Census Tract 251.23; Pinellas County; Florida","662","51","622","48","40","27",
"1400000US12103025204","Census Tract 252.04; Pinellas County; Florida","1542","230","1066","233","476","137",
"1400000US12103025205","Census Tract 252.05; Pinellas County; Florida","1983","302","1860","313","123","68",
"1400000US12103025207","Census Tract 252.07; Pinellas County; Florida","2798","460","2350","473","448","186",
"1400000US12103025208","Census Tract 252.08; Pinellas County; Florida","830","148","638","148","192","51",
"1400000US12103025209","Census Tract 252.09; Pinellas County; Florida","2071","198","1042","228","1029","219",
"1400000US12103025210","Census Tract 252.10; Pinellas County; Florida","1293","196","1180","199","113","82",
"1400000US12103025211","Census Tract 252.11; Pinellas County; Florida","1159","120","678","122","481","120",
"1400000US12103025303","Census Tract 253.03; Pinellas County; Florida","2601","316","1739","287","862","267",
"1400000US12103025305","Census Tract 253.05; Pinellas County; Florida","1224","184","709","133","515","152",
"1400000US12103025307","Census Tract 253.07; Pinellas County; Florida","1685","227","1374","250","311","88",
"1400000US12103025309","Census Tract 253.09; Pinellas County; Florida","1108","172","677","143","431","148",
"1400000US12103025310","Census Tract 253.10; Pinellas County; Florida","853","165","617","158","236","71",
"1400000US12103025311","Census Tract 253.11; Pinellas County; Florida","2024","279","1730","311","294","144",
"1400000US12103025401","Census Tract 254.01; Pinellas County; Florida","2077","404","1251","173","826","428",
"1400000US12103025407","Census Tract 254.07; Pinellas County; Florida","2293","254","1569","226","724","159",
"1400000US12103025411","Census Tract 254.11; Pinellas County; Florida","647","79","342","59","305","74",
"1400000US12103025412","Census Tract 254.12; Pinellas County; Florida","2270","314","1436","273","834","233",
"1400000US12103025413","Census Tract 254.13; Pinellas County; Florida","1763","198","1363","196","400","153",
"1400000US12103025414","Census Tract 254.14; Pinellas County; Florida","1246","163","901","127","345","122",
"1400000US12103025415","Census Tract 254.15; Pinellas County; Florida","1177","145","796","155","381","109",
"1400000US12103025416","Census Tract 254.16; Pinellas County; Florida","1736","308","1028","166","708","294",
"1400000US12103025417","Census Tract 254.17; Pinellas County; Florida","1378","307","1237","304","141","76",
"1400000US12103025418","Census Tract 254.18; Pinellas County; Florida","1338","263","929","239","409","142",
"1400000US12103025419","Census Tract 254.19; Pinellas County; Florida","1536","293","819","164","717","313",
"1400000US12103025420","Census Tract 254.20; Pinellas County; Florida","1277","138","367","96","910","133",
"1400000US12103025421","Census Tract 254.21; Pinellas County; Florida","1895","288","871","170","1024","272",
"1400000US12103025501","Census Tract 255.01; Pinellas County; Florida","1688","210","1351","150","337","210",
"1400000US12103025505","Census Tract 255.05; Pinellas County; Florida","806","151","202","94","604","131",
"1400000US12103025507","Census Tract 255.07; Pinellas County; Florida","1450","194","1091","189","359","113",
"1400000US12103025508","Census Tract 255.08; Pinellas County; Florida","721","138","312","111","409","108",
"1400000US12103025509","Census Tract 255.09; Pinellas County; Florida","1392","297","624","292","768","171",
"1400000US12103025510","Census Tract 255.10; Pinellas County; Florida","980","106","823","98","157","53",
"1400000US12103025602","Census Tract 256.02; Pinellas County; Florida","1529","229","872","190","657","176",
"1400000US12103025603","Census Tract 256.03; Pinellas County; Florida","1107","267","679","169","428","256",
"1400000US12103025604","Census Tract 256.04; Pinellas County; Florida","594","105","417","89","177","83",
"1400000US12103025700","Census Tract 257; Pinellas County; Florida","1920","135","1755","153","165","82",
"1400000US12103025800","Census Tract 258; Pinellas County; Florida","1562","257","784","218","778","150",
"1400000US12103025901","Census Tract 259.01; Pinellas County; Florida","1703","350","274","119","1429","342",
"1400000US12103025902","Census Tract 259.02; Pinellas County; Florida","1153","216","418","140","735","224",
"1400000US12103026001","Census Tract 260.01; Pinellas County; Florida","1609","339","1301","239","308","243",
"1400000US12103026003","Census Tract 260.03; Pinellas County; Florida","819","155","622","110","197","128",
"1400000US12103026004","Census Tract 260.04; Pinellas County; Florida","518","101","463","97","55","42",
"1400000US12103026101","Census Tract 261.01; Pinellas County; Florida","867","142","527","126","340","114",
"1400000US12103026102","Census Tract 261.02; Pinellas County; Florida","632","148","392","139","240","65",
"1400000US12103026200","Census Tract 262; Pinellas County; Florida","892","172","232","69","660","183",
"1400000US12103026300","Census Tract 263; Pinellas County; Florida","2580","341","1644","315","936","348",
"1400000US12103026401","Census Tract 264.01; Pinellas County; Florida","1120","139","753","113","367","133",
"1400000US12103026402","Census Tract 264.02; Pinellas County; Florida","1187","162","219","92","968","196",
"1400000US12103026501","Census Tract 265.01; Pinellas County; Florida","1470","400","1027","396","443","134",
"1400000US12103026502","Census Tract 265.02; Pinellas County; Florida","1268","152","715","151","553","170",
"1400000US12103026601","Census Tract 266.01; Pinellas County; Florida","1146","112","797","88","349","109",
"1400000US12103026602","Census Tract 266.02; Pinellas County; Florida","1096","320","697","316","399","111",
"1400000US12103026701","Census Tract 267.01; Pinellas County; Florida","1895","160","1206","163","689","163",
"1400000US12103026703","Census Tract 267.03; Pinellas County; Florida","2624","435","1504","403","1120","238",
"1400000US12103026704","Census Tract 267.04; Pinellas County; Florida","1605","341","729","287","876","242",
"1400000US12103026705","Census Tract 267.05; Pinellas County; Florida","1412","278","948","119","464","257",
"1400000US12103026804","Census Tract 268.04; Pinellas County; Florida","2174","204","1284","190","890","234",
"1400000US12103026809","Census Tract 268.09; Pinellas County; Florida","1291","141","946","127","345","107",
"1400000US12103026811","Census Tract 268.11; Pinellas County; Florida","2496","186","2105","257","391","175",
"1400000US12103026812","Census Tract 268.12; Pinellas County; Florida","2127","278","1435","297","692","196",
"1400000US12103026813","Census Tract 268.13; Pinellas County; Florida","1498","342","1081","320","417","119",
"1400000US12103026814","Census Tract 268.14; Pinellas County; Florida","986","137","899","130","87","51",
"1400000US12103026815","Census Tract 268.15; Pinellas County; Florida","1922","183","1859","179","63","51",
"1400000US12103026816","Census Tract 268.16; Pinellas County; Florida","2416","220","1781","253","635","167",
"1400000US12103026817","Census Tract 268.17; Pinellas County; Florida","2157","272","1870","269","287","116",
"1400000US12103026818","Census Tract 268.18; Pinellas County; Florida","1250","180","307","87","943","174",
"1400000US12103026819","Census Tract 268.19; Pinellas County; Florida","1168","174","505","116","663","186",
"1400000US12103026820","Census Tract 268.20; Pinellas County; Florida","2362","416","1987","367","375","216",
"1400000US12103026821","Census Tract 268.21; Pinellas County; Florida","952","141","697","137","255","96",
"1400000US12103026904","Census Tract 269.04; Pinellas County; Florida","2125","244","1107","177","1018","287",
"1400000US12103026908","Census Tract 269.08; Pinellas County; Florida","1658","207","1577","214","81","49",
"1400000US12103026909","Census Tract 269.09; Pinellas County; Florida","2076","198","1550","219","526","149",
"1400000US12103026911","Census Tract 269.11; Pinellas County; Florida","2026","279","1754","296","272","129",
"1400000US12103026912","Census Tract 269.12; Pinellas County; Florida","2464","239","1897","229","567","178",
"1400000US12103026913","Census Tract 269.13; Pinellas County; Florida","1780","160","1224","163","556","159",
"1400000US12103026914","Census Tract 269.14; Pinellas County; Florida","2120","382","1756","397","364","123",
"1400000US12103026915","Census Tract 269.15; Pinellas County; Florida","1155","109","492","97","663","110",
"1400000US12103026916","Census Tract 269.16; Pinellas County; Florida","1840","165","1467","185","373","158",
"1400000US12103026917","Census Tract 269.17; Pinellas County; Florida","892","183","518","171","374","107",
"1400000US12103027000","Census Tract 270; Pinellas County; Florida","2436","328","1459","300","977","336",
"1400000US12103027105","Census Tract 271.05; Pinellas County; Florida","1689","263","1544","263","145","74",
"1400000US12103027106","Census Tract 271.06; Pinellas County; Florida","1998","218","1751","225","247","147",
"1400000US12103027107","Census Tract 271.07; Pinellas County; Florida","856","162","562","105","294","143",
"1400000US12103027108","Census Tract 271.08; Pinellas County; Florida","1216","171","697","155","519","114",
"1400000US12103027202","Census Tract 272.02; Pinellas County; Florida","2688","282","2352","286","336","143",
"1400000US12103027204","Census Tract 272.04; Pinellas County; Florida","1758","174","1562","167","196","107",
"1400000US12103027206","Census Tract 272.06; Pinellas County; Florida","2473","227","2212","225","261","159",
"1400000US12103027207","Census Tract 272.07; Pinellas County; Florida","1769","168","1473","182","296","136",
"1400000US12103027208","Census Tract 272.08; Pinellas County; Florida","2683","292","2185","310","498","173",
"1400000US12103027209","Census Tract 272.09; Pinellas County; Florida","773","102","452","95","321","65",
"1400000US12103027210","Census Tract 272.10; Pinellas County; Florida","2144","346","1725","312","419","193",
"1400000US12103027211","Census Tract 272.11; Pinellas County; Florida","2006","358","1486","303","520","248",
"1400000US12103027212","Census Tract 272.12; Pinellas County; Florida","1888","191","1051","136","837","206",
"1400000US12103027308","Census Tract 273.08; Pinellas County; Florida","1922","178","1528","174","394","124",
"1400000US12103027309","Census Tract 273.09; Pinellas County; Florida","877","112","846","115","31","31",
"1400000US12103027314","Census Tract 273.14; Pinellas County; Florida","1462","135","803","113","659","143",
"1400000US12103027316","Census Tract 273.16; Pinellas County; Florida","1771","187","1564","166","207","110",
"1400000US12103027317","Census Tract 273.17; Pinellas County; Florida","2085","225","1500","241","585","174",
"1400000US12103027318","Census Tract 273.18; Pinellas County; Florida","1908","319","1527","324","381","120",
"1400000US12103027319","Census Tract 273.19; Pinellas County; Florida","1779","201","1405","196","374","148",
"1400000US12103027320","Census Tract 273.20; Pinellas County; Florida","1818","205","1577","192","241","140",
"1400000US12103027321","Census Tract 273.21; Pinellas County; Florida","565","87","540","88","25","23",
"1400000US12103027323","Census Tract 273.23; Pinellas County; Florida","1422","340","534","271","888","231",
"1400000US12103027324","Census Tract 273.24; Pinellas County; Florida","1855","191","1788","198","67","44",
"1400000US12103027325","Census Tract 273.25; Pinellas County; Florida","1451","149","1410","151","41","53",
"1400000US12103027326","Census Tract 273.26; Pinellas County; Florida","2020","274","1473","273","547","198",
"1400000US12103027327","Census Tract 273.27; Pinellas County; Florida","1914","195","1334","197","580","171",
"1400000US12103027328","Census Tract 273.28; Pinellas County; Florida","1517","185","1486","182","31","27",
"1400000US12103027329","Census Tract 273.29; Pinellas County; Florida","1389","155","1328","160","61","53",
"1400000US12103027330","Census Tract 273.30; Pinellas County; Florida","1547","335","776","223","771","261",
"1400000US12103027331","Census Tract 273.31; Pinellas County; Florida","1718","350","1445","343","273","181",
"1400000US12103027332","Census Tract 273.32; Pinellas County; Florida","1161","134","1035","141","126","92",
"1400000US12103027333","Census Tract 273.33; Pinellas County; Florida","1714","269","1060","232","654","179",
"1400000US12103027401","Census Tract 274.01; Pinellas County; Florida","1394","136","993","157","401","138",
"1400000US12103027404","Census Tract 274.04; Pinellas County; Florida","3893","408","2921","472","972","387",
"1400000US12103027501","Census Tract 275.01; Pinellas County; Florida","2848","389","2607","397","241","137",
"1400000US12103027503","Census Tract 275.03; Pinellas County; Florida","1885","377","1676","359","209","108",
"1400000US12103027504","Census Tract 275.04; Pinellas County; Florida","1179","137","979","132","200","118",
"1400000US12103027603","Census Tract 276.03; Pinellas County; Florida","1120","124","790","121","330","106",
"1400000US12103027604","Census Tract 276.04; Pinellas County; Florida","1487","240","1372","229","115","54",
"1400000US12103027605","Census Tract 276.05; Pinellas County; Florida","698","67","663","68","35","17",
"1400000US12103027606","Census Tract 276.06; Pinellas County; Florida","816","103","690","103","126","56",
"1400000US12103027701","Census Tract 277.01; Pinellas County; Florida","1225","129","934","122","291","62",
"1400000US12103027703","Census Tract 277.03; Pinellas County; Florida","548","87","472","88","76","55",
"1400000US12103027704","Census Tract 277.04; Pinellas County; Florida","1293","157","1086","165","207","65",
"1400000US12103027801","Census Tract 278.01; Pinellas County; Florida","595","142","421","119","174","63",
"1400000US12103027802","Census Tract 278.02; Pinellas County; Florida","1350","127","862","243","488","239",
"1400000US12103027901","Census Tract 279.01; Pinellas County; Florida","1113","229","843","214","270","110",
"1400000US12103027905","Census Tract 279.05; Pinellas County; Florida","2740","296","2024","256","716","363",
"1400000US12103028002","Census Tract 280.02; Pinellas County; Florida","1843","206","1412","201","431","124",
"1400000US12103028004","Census Tract 280.04; Pinellas County; Florida","1089","280","724","166","365","260",
"1400000US12103028005","Census Tract 280.05; Pinellas County; Florida","975","193","866","185","109","52",
"1400000US12103028006","Census Tract 280.06; Pinellas County; Florida","1055","292","699","287","356","94",
"1400000US12103028102","Census Tract 281.02; Pinellas County; Florida","1827","231","1345","168","482","195",
"1400000US12103028103","Census Tract 281.03; Pinellas County; Florida","1304","218","530","114","774","229",
"1400000US12103028104","Census Tract 281.04; Pinellas County; Florida","2070","224","1384","233","686","221",
"1400000US12103028200","Census Tract 282; Pinellas County; Florida","954","145","764","150","190","89",
"1400000US12103028300","Census Tract 283; Pinellas County; Florida","1421","235","907","205","514","156",
"1400000US12103028403","Census Tract 284.03; Pinellas County; Florida","1874","201","1387","155","487","155",
"1400000US12103028500","Census Tract 285; Pinellas County; Florida","1034","154","747","126","287","111",
"1400000US12103028601","Census Tract 286.01; Pinellas County; Florida","2381","283","189","101","2192","262",
"1400000US12103028602","Census Tract 286.02; Pinellas County; Florida","1320","316","734","302","586","190",
"1400000US12103028700","Census Tract 287; Pinellas County; Florida","764","159","432","146","332","112",
"1400000US12103990000","Census Tract 9900; Pinellas County; Florida","0","15","0","15","0","15",
"1400000US12103990100","Census Tract 9901; Pinellas County; Florida","0","15","0","15","0","15",
"1400000US12105010300","Census Tract 103; Polk County; Florida","1766","240","803","169","963","235",
"1400000US12105010401","Census Tract 104.01; Polk County; Florida","965","116","310","96","655","123",
"1400000US12105010402","Census Tract 104.02; Polk County; Florida","1360","182","530","132","830","197",
"1400000US12105010501","Census Tract 105.01; Polk County; Florida","683","111","517","100","166","80",
"1400000US12105010502","Census Tract 105.02; Polk County; Florida","1800","141","1332","142","468","154",
"1400000US12105010601","Census Tract 106.01; Polk County; Florida","1675","210","1026","228","649","158",
"1400000US12105010603","Census Tract 106.03; Polk County; Florida","1282","121","1200","114","82","44",
"1400000US12105010604","Census Tract 106.04; Polk County; Florida","1606","233","673","125","933","237",
"1400000US12105010701","Census Tract 107.01; Polk County; Florida","1894","208","1232","175","662","214",
"1400000US12105010702","Census Tract 107.02; Polk County; Florida","1707","239","1124","228","583","118",
"1400000US12105010800","Census Tract 108; Polk County; Florida","1420","219","569","161","851","204",
"1400000US12105010900","Census Tract 109; Polk County; Florida","1793","255","1062","227","731","249",
"1400000US12105011000","Census Tract 110; Polk County; Florida","1317","141","736","144","581","137",
"1400000US12105011100","Census Tract 111; Polk County; Florida","1141","136","603","176","538","185",
"1400000US12105011202","Census Tract 112.02; Polk County; Florida","654","111","460","136","194","74",
"1400000US12105011203","Census Tract 112.03; Polk County; Florida","1349","186","396","165","953","203",
"1400000US12105011204","Census Tract 112.04; Polk County; Florida","596","181","231","69","365","175",
"1400000US12105011300","Census Tract 113; Polk County; Florida","675","133","429","75","246","127",
"1400000US12105011400","Census Tract 114; Polk County; Florida","1801","199","546","114","1255","212",
"1400000US12105011501","Census Tract 115.01; Polk County; Florida","1933","274","964","282","969","370",
"1400000US12105011502","Census Tract 115.02; Polk County; Florida","3719","452","2138","328","1581","453",
"1400000US12105011603","Census Tract 116.03; Polk County; Florida","985","113","797","141","188","78",
"1400000US12105011604","Census Tract 116.04; Polk County; Florida","2378","264","1673","254","705","233",
"1400000US12105011605","Census Tract 116.05; Polk County; Florida","1585","151","1458","166","127","80",
"1400000US12105011606","Census Tract 116.06; Polk County; Florida","638","90","468","82","170","74",
"1400000US12105011704","Census Tract 117.04; Polk County; Florida","1763","218","824","206","939","215",
"1400000US12105011721","Census Tract 117.21; Polk County; Florida","1126","116","819","123","307","122",
"1400000US12105011722","Census Tract 117.22; Polk County; Florida","1159","202","839","179","320","141",
"1400000US12105011731","Census Tract 117.31; Polk County; Florida","1270","184","672","158","598","158",
"1400000US12105011732","Census Tract 117.32; Polk County; Florida","1562","380","1018","388","544","149",
"1400000US12105011821","Census Tract 118.21; Polk County; Florida","1002","77","971","80","31","24",
"1400000US12105011822","Census Tract 118.22; Polk County; Florida","1479","188","1374","196","105","72",
"1400000US12105011832","Census Tract 118.32; Polk County; Florida","1827","156","1101","158","726","178",
"1400000US12105011834","Census Tract 118.34; Polk County; Florida","2831","431","1875","301","956","311",
"1400000US12105011835","Census Tract 118.35; Polk County; Florida","1881","151","1495","133","386","127",
"1400000US12105011836","Census Tract 118.36; Polk County; Florida","1320","114","920","138","400","115",
"1400000US12105011837","Census Tract 118.37; Polk County; Florida","1609","230","1548","248","61","66",
"1400000US12105011838","Census Tract 118.38; Polk County; Florida","1334","215","1123","209","211","99",
"1400000US12105011901","Census Tract 119.01; Polk County; Florida","1979","217","1007","167","972","222",
"1400000US12105011902","Census Tract 119.02; Polk County; Florida","1422","120","1080","134","342","160",
"1400000US12105011908","Census Tract 119.08; Polk County; Florida","1875","122","835","122","1040","140",
"1400000US12105011909","Census Tract 119.09; Polk County; Florida","1399","233","1291","242","108","72",
"1400000US12105011910","Census Tract 119.10; Polk County; Florida","549","47","476","62","73","57",
"1400000US12105011911","Census Tract 119.11; Polk County; Florida","1927","118","1697","136","230","104",
"1400000US12105011912","Census Tract 119.12; Polk County; Florida","1040","154","810","156","230","79",
"1400000US12105011913","Census Tract 119.13; Polk County; Florida","889","106","567","124","322","127",
"1400000US12105012001","Census Tract 120.01; Polk County; Florida","1905","171","1494","176","411","132",
"1400000US12105012002","Census Tract 120.02; Polk County; Florida","1645","293","1269","318","376","146",
"1400000US12105012003","Census Tract 120.03; Polk County; Florida","3057","259","2348","262","709","173",
"1400000US12105012004","Census Tract 120.04; Polk County; Florida","1140","284","968","259","172","115",
"1400000US12105012113","Census Tract 121.13; Polk County; Florida","2455","261","2098","241","357","162",
"1400000US12105012124","Census Tract 121.24; Polk County; Florida","2082","231","1520","301","562","202",
"1400000US12105012125","Census Tract 121.25; Polk County; Florida","1023","115","826","144","197","89",
"1400000US12105012126","Census Tract 121.26; Polk County; Florida","1871","271","1589","282","282","118",
"1400000US12105012127","Census Tract 121.27; Polk County; Florida","3692","347","1787","267","1905","325",
"1400000US12105012128","Census Tract 121.28; Polk County; Florida","2065","180","1686","218","379","155",
"1400000US12105012130","Census Tract 121.30; Polk County; Florida","903","128","864","128","39","31",
"1400000US12105012131","Census Tract 121.31; Polk County; Florida","1613","178","1522","199","91","84",
"1400000US12105012132","Census Tract 121.32; Polk County; Florida","1077","268","967","242","110","79",
"1400000US12105012133","Census Tract 121.33; Polk County; Florida","1761","327","1323","181","438","290",
"1400000US12105012203","Census Tract 122.03; Polk County; Florida","1184","234","1020","228","164","71",
"1400000US12105012207","Census Tract 122.07; Polk County; Florida","1425","210","1011","137","414","211",
"1400000US12105012208","Census Tract 122.08; Polk County; Florida","1395","300","647","157","748","320",
"1400000US12105012209","Census Tract 122.09; Polk County; Florida","2938","221","910","165","2028","256",
"1400000US12105012303","Census Tract 123.03; Polk County; Florida","1446","168","1150","183","296","141",
"1400000US12105012304","Census Tract 123.04; Polk County; Florida","1910","164","1620","169","290","163",
"1400000US12105012305","Census Tract 123.05; Polk County; Florida","525","70","395","74","130","66",
"1400000US12105012306","Census Tract 123.06; Polk County; Florida","752","106","663","94","89","45",
"1400000US12105012307","Census Tract 123.07; Polk County; Florida","916","107","773","109","143","82",
"1400000US12105012309","Census Tract 123.09; Polk County; Florida","748","249","713","253","35","23",
"1400000US12105012404","Census Tract 124.04; Polk County; Florida","279","76","239","71","40","31",
"1400000US12105012405","Census Tract 124.05; Polk County; Florida","4896","477","2649","407","2247","399",
"1400000US12105012407","Census Tract 124.07; Polk County; Florida","509","82","478","78","31","32",
"1400000US12105012408","Census Tract 124.08; Polk County; Florida","2363","316","2058","319","305","154",
"1400000US12105012409","Census Tract 124.09; Polk County; Florida","1241","140","1083","147","158","86",
"1400000US12105012410","Census Tract 124.10; Polk County; Florida","1253","200","1139","223","114","79",
"1400000US12105012411","Census Tract 124.11; Polk County; Florida","3170","383","2050","337","1120","365",
"1400000US12105012412","Census Tract 124.12; Polk County; Florida","3228","327","2382","394","846","338",
"1400000US12105012413","Census Tract 124.13; Polk County; Florida","3679","439","2912","398","767","337",
"1400000US12105012414","Census Tract 124.14; Polk County; Florida","890","241","550","106","340","245",
"1400000US12105012415","Census Tract 124.15; Polk County; Florida","1364","231","1193","229","171","92",
"1400000US12105012502","Census Tract 125.02; Polk County; Florida","6155","496","4780","570","1375","535",
"1400000US12105012506","Census Tract 125.06; Polk County; Florida","4770","668","2471","422","2299","567",
"1400000US12105012508","Census Tract 125.08; Polk County; Florida","1596","191","1226","188","370","181",
"1400000US12105012509","Census Tract 125.09; Polk County; Florida","1167","202","1054","193","113","75",
"1400000US12105012510","Census Tract 125.10; Polk County; Florida","1483","198","770","204","713","277",
"1400000US12105012511","Census Tract 125.11; Polk County; Florida","1460","187","1004","194","456","199",
"1400000US12105012512","Census Tract 125.12; Polk County; Florida","2294","249","2166","241","128","132",
"1400000US12105012513","Census Tract 125.13; Polk County; Florida","2973","465","2899","464","74","71",
"1400000US12105012514","Census Tract 125.14; Polk County; Florida","4629","448","3907","459","722","257",
"1400000US12105012515","Census Tract 125.15; Polk County; Florida","2779","311","2353","366","426","272",
"1400000US12105012601","Census Tract 126.01; Polk County; Florida","2353","316","1729","338","624","225",
"1400000US12105012602","Census Tract 126.02; Polk County; Florida","1712","206","681","140","1031","232",
"1400000US12105012701","Census Tract 127.01; Polk County; Florida","1374","268","704","221","670","146",
"1400000US12105012702","Census Tract 127.02; Polk County; Florida","1800","374","1222","402","578","181",
"1400000US12105012802","Census Tract 128.02; Polk County; Florida","2241","228","1878","263","363","194",
"1400000US12105012803","Census Tract 128.03; Polk County; Florida","2560","358","2245","337","315","200",
"1400000US12105012804","Census Tract 128.04; Polk County; Florida","2840","392","2275","370","565","225",
"1400000US12105012900","Census Tract 129; Polk County; Florida","2650","331","1995","335","655","274",
"1400000US12105013001","Census Tract 130.01; Polk County; Florida","1430","189","1215","174","215","155",
"1400000US12105013002","Census Tract 130.02; Polk County; Florida","2400","286","1514","210","886","273",
"1400000US12105013101","Census Tract 131.01; Polk County; Florida","1775","181","1547","164","228","130",
"1400000US12105013102","Census Tract 131.02; Polk County; Florida","1630","263","1234","232","396","155",
"1400000US12105013103","Census Tract 131.03; Polk County; Florida","416","107","216","72","200","86",
"1400000US12105013200","Census Tract 132; Polk County; Florida","684","123","354","85","330","114",
"1400000US12105013300","Census Tract 133; Polk County; Florida","847","125","493","130","354","97",
"1400000US12105013400","Census Tract 134; Polk County; Florida","2117","346","1427","357","690","242",
"1400000US12105013500","Census Tract 135; Polk County; Florida","1404","170","1009","181","395","116",
"1400000US12105013601","Census Tract 136.01; Polk County; Florida","773","135","482","130","291","125",
"1400000US12105013602","Census Tract 136.02; Polk County; Florida","1429","205","760","205","669","217",
"1400000US12105013701","Census Tract 137.01; Polk County; Florida","1033","219","95","78","938","178",
"1400000US12105013702","Census Tract 137.02; Polk County; Florida","2490","357","1345","281","1145","333",
"1400000US12105013801","Census Tract 138.01; Polk County; Florida","1718","258","902","170","816","283",
"1400000US12105013802","Census Tract 138.02; Polk County; Florida","2741","344","1883","313","858","320",
"1400000US12105013901","Census Tract 139.01; Polk County; Florida","1152","145","237","68","915","166",
"1400000US12105013902","Census Tract 139.02; Polk County; Florida","1966","211","1708","230","258","118",
"1400000US12105014001","Census Tract 140.01; Polk County; Florida","2325","292","1688","290","637","242",
"1400000US12105014003","Census Tract 140.03; Polk County; Florida","1586","213","894","142","692","207",
"1400000US12105014005","Census Tract 140.05; Polk County; Florida","1675","211","1269","213","406","119",
"1400000US12105014006","Census Tract 140.06; Polk County; Florida","1356","184","1292","189","64","55",
"1400000US12105014104","Census Tract 141.04; Polk County; Florida","1112","152","952","151","160","71",
"1400000US12105014121","Census Tract 141.21; Polk County; Florida","1389","270","1198","263","191","89",
"1400000US12105014123","Census Tract 141.23; Polk County; Florida","2822","320","2145","279","677","222",
"1400000US12105014124","Census Tract 141.24; Polk County; Florida","910","136","775","127","135","60",
"1400000US12105014126","Census Tract 141.26; Polk County; Florida","1612","223","1154","249","458","188",
"1400000US12105014127","Census Tract 141.27; Polk County; Florida","2567","430","1770","390","797","370",
"1400000US12105014128","Census Tract 141.28; Polk County; Florida","2233","310","1459","293","774","224",
"1400000US12105014129","Census Tract 141.29; Polk County; Florida","1458","228","1352","240","106","68",
"1400000US12105014130","Census Tract 141.30; Polk County; Florida","1384","227","868","219","516","128",
"1400000US12105014131","Census Tract 141.31; Polk County; Florida","993","159","513","173","480","194",
"1400000US12105014201","Census Tract 142.01; Polk County; Florida","2354","206","1801","217","553","168",
"1400000US12105014202","Census Tract 142.02; Polk County; Florida","1246","191","990","156","256","168",
"1400000US12105014203","Census Tract 142.03; Polk County; Florida","1618","317","1503","318","115","60",
"1400000US12105014301","Census Tract 143.01; Polk County; Florida","783","136","379","127","404","108",
"1400000US12105014303","Census Tract 143.03; Polk County; Florida","1322","164","1090","188","232","135",
"1400000US12105014304","Census Tract 143.04; Polk County; Florida","1021","247","594","119","427","264",
"1400000US12105014401","Census Tract 144.01; Polk County; Florida","3881","463","2758","328","1123","348",
"1400000US12105014402","Census Tract 144.02; Polk County; Florida","510","146","331","121","179","61",
"1400000US12105014501","Census Tract 145.01; Polk County; Florida","3785","387","3115","365","670","345",
"1400000US12105014502","Census Tract 145.02; Polk County; Florida","896","166","525","229","371","153",
"1400000US12105014600","Census Tract 146; Polk County; Florida","1625","196","1200","194","425","178",
"1400000US12105014701","Census Tract 147.01; Polk County; Florida","2213","240","1734","259","479","157",
"1400000US12105014703","Census Tract 147.03; Polk County; Florida","1550","236","1199","207","351","133",
"1400000US12105014704","Census Tract 147.04; Polk County; Florida","2260","345","1876","258","384","269",
"1400000US12105014802","Census Tract 148.02; Polk County; Florida","1024","130","635","174","389","137",
"1400000US12105014803","Census Tract 148.03; Polk County; Florida","1711","178","1261","184","450","110",
"1400000US12105014804","Census Tract 148.04; Polk County; Florida","4090","408","3764","424","326","185",
"1400000US12105014903","Census Tract 149.03; Polk County; Florida","721","78","545","85","176","56",
"1400000US12105014904","Census Tract 149.04; Polk County; Florida","1506","233","721","167","785","270",
"1400000US12105014905","Census Tract 149.05; Polk County; Florida","748","101","483","170","265","116",
"1400000US12105014906","Census Tract 149.06; Polk County; Florida","3027","355","2185","413","842","271",
"1400000US12105015000","Census Tract 150; Polk County; Florida","2136","225","1095","259","1041","176",
"1400000US12105015101","Census Tract 151.01; Polk County; Florida","1620","168","1327","180","293","143",
"1400000US12105015102","Census Tract 151.02; Polk County; Florida","952","112","780","116","172","76",
"1400000US12105015200","Census Tract 152; Polk County; Florida","1508","197","753","158","755","181",
"1400000US12105015301","Census Tract 153.01; Polk County; Florida","1565","192","1346","175","219","131",
"1400000US12105015302","Census Tract 153.02; Polk County; Florida","926","145","768","160","158","77",
"1400000US12105015401","Census Tract 154.01; Polk County; Florida","1054","147","834","147","220","102",
"1400000US12105015402","Census Tract 154.02; Polk County; Florida","1013","178","911","176","102","68",
"1400000US12105015404","Census Tract 154.04; Polk County; Florida","602","208","522","207","80","51",
"1400000US12105015405","Census Tract 154.05; Polk County; Florida","1155","132","898","141","257","116",
"1400000US12105015500","Census Tract 155; Polk County; Florida","1937","280","665","164","1272","246",
"1400000US12105015600","Census Tract 156; Polk County; Florida","1655","230","965","163","690","201",
"1400000US12105015701","Census Tract 157.01; Polk County; Florida","1086","213","800","209","286","119",
"1400000US12105015702","Census Tract 157.02; Polk County; Florida","921","175","657","157","264","113",
"1400000US12105015801","Census Tract 158.01; Polk County; Florida","1075","144","912","138","163","94",
"1400000US12105015802","Census Tract 158.02; Polk County; Florida","816","189","718","185","98","52",
"1400000US12105015900","Census Tract 159; Polk County; Florida","794","107","598","134","196","85",
"1400000US12105016001","Census Tract 160.01; Polk County; Florida","867","160","711","150","156","65",
"1400000US12105016002","Census Tract 160.02; Polk County; Florida","615","92","403","94","212","89",
"1400000US12105016003","Census Tract 160.03; Polk County; Florida","1013","232","537","157","476","210",
"1400000US12105016100","Census Tract 161; Polk County; Florida","451","141","307","99","144","113",
"1400000US12105016400","Census Tract 164; Polk County; Florida","1145","138","125","74","1020","137",
"1400000US12105980000","Census Tract 9800; Polk County; Florida","0","15","0","15","0","15",
"1400000US12107950100","Census Tract 9501; Putnam County; Florida","2016","347","1776","353","240","138",
"1400000US12107950201","Census Tract 9502.01; Putnam County; Florida","2572","264","2067","276","505","184",
"1400000US12107950202","Census Tract 9502.02; Putnam County; Florida","1391","231","1268","236","123","77",
"1400000US12107950300","Census Tract 9503; Putnam County; Florida","2852","332","2457","316","395","160",
"1400000US12107950400","Census Tract 9504; Putnam County; Florida","1374","204","1130","217","244","153",
"1400000US12107950500","Census Tract 9505; Putnam County; Florida","2665","274","2265","279","400","222",
"1400000US12107950600","Census Tract 9506; Putnam County; Florida","2300","252","1381","227","919","226",
"1400000US12107950700","Census Tract 9507; Putnam County; Florida","1526","243","724","141","802","256",
"1400000US12107950800","Census Tract 9508; Putnam County; Florida","1333","264","818","247","515","148",
"1400000US12107950900","Census Tract 9509; Putnam County; Florida","2487","351","1684","331","803","225",
"1400000US12107951000","Census Tract 9510; Putnam County; Florida","1611","248","1387","264","224","101",
"1400000US12107951100","Census Tract 9511; Putnam County; Florida","2218","330","1531","246","687","294",
"1400000US12107951200","Census Tract 9512; Putnam County; Florida","2481","253","1740","277","741","173",
"1400000US12107951300","Census Tract 9513; Putnam County; Florida","1731","271","1426","240","305","127",
"1400000US12107951401","Census Tract 9514.01; Putnam County; Florida","1176","156","673","110","503","140",
"1400000US12107951402","Census Tract 9514.02; Putnam County; Florida","1627","226","1303","217","324","145",
"1400000US12107980000","Census Tract 9800; Putnam County; Florida","0","15","0","15","0","15",
"1400000US12109020200","Census Tract 202; St. Johns County; Florida","1228","208","988","166","240","127",
"1400000US12109020300","Census Tract 203; St. Johns County; Florida","1429","220","597","131","832","190",
"1400000US12109020400","Census Tract 204; St. Johns County; Florida","1033","217","456","115","577","229",
"1400000US12109020500","Census Tract 205; St. Johns County; Florida","1619","238","1380","226","239","106",
"1400000US12109020603","Census Tract 206.03; St. Johns County; Florida","902","117","795","102","107","55",
"1400000US12109020604","Census Tract 206.04; St. Johns County; Florida","1271","129","1169","124","102","74",
"1400000US12109020605","Census Tract 206.05; St. Johns County; Florida","7733","404","6235","630","1498","601",
"1400000US12109020606","Census Tract 206.06; St. Johns County; Florida","4413","452","4238","447","175","128",
"1400000US12109020704","Census Tract 207.04; St. Johns County; Florida","1386","99","1324","98","62","45",
"1400000US12109020705","Census Tract 207.05; St. Johns County; Florida","3043","327","2407","295","636","167",
"1400000US12109020706","Census Tract 207.06; St. Johns County; Florida","1044","145","1000","169","44","44",
"1400000US12109020707","Census Tract 207.07; St. Johns County; Florida","2573","237","1650","326","923","291",
"1400000US12109020708","Census Tract 207.08; St. Johns County; Florida","2898","458","2669","527","229","156",
"1400000US12109020710","Census Tract 207.10; St. Johns County; Florida","863","92","710","87","153","78",
"1400000US12109020712","Census Tract 207.12; St. Johns County; Florida","1127","148","943","151","184","72",
"1400000US12109020713","Census Tract 207.13; St. Johns County; Florida","1145","125","1008","123","137","97",
"1400000US12109020801","Census Tract 208.01; St. Johns County; Florida","3362","280","2553","270","809","241",
"1400000US12109020802","Census Tract 208.02; St. Johns County; Florida","1399","173","1121","147","278","148",
"1400000US12109020803","Census Tract 208.03; St. Johns County; Florida","1860","285","1725","268","135","128",
"1400000US12109020804","Census Tract 208.04; St. Johns County; Florida","1885","227","1835","230","50","43",
"1400000US12109020807","Census Tract 208.07; St. Johns County; Florida","2610","241","2451","245","159","114",
"1400000US12109020808","Census Tract 208.08; St. Johns County; Florida","3848","242","3611","247","237","145",
"1400000US12109020809","Census Tract 208.09; St. Johns County; Florida","3077","616","2959","614","118","93",
"1400000US12109020810","Census Tract 208.10; St. Johns County; Florida","3000","308","2663","321","337","162",
"1400000US12109020811","Census Tract 208.11; St. Johns County; Florida","984","96","922","108","62","58",
"1400000US12109020903","Census Tract 209.03; St. Johns County; Florida","1956","211","1234","162","722","212",
"1400000US12109020904","Census Tract 209.04; St. Johns County; Florida","5801","464","4372","444","1429","382",
"1400000US12109020905","Census Tract 209.05; St. Johns County; Florida","4170","647","3914","654","256","182",
"1400000US12109020906","Census Tract 209.06; St. Johns County; Florida","4052","439","3505","420","547","264",
"1400000US12109020907","Census Tract 209.07; St. Johns County; Florida","3852","438","3331","439","521","235",
"1400000US12109020908","Census Tract 209.08; St. Johns County; Florida","4893","489","4033","459","860","374",
"1400000US12109021002","Census Tract 210.02; St. Johns County; Florida","2369","403","1681","417","688","225",
"1400000US12109021003","Census Tract 210.03; St. Johns County; Florida","2409","250","1571","253","838","226",
"1400000US12109021004","Census Tract 210.04; St. Johns County; Florida","1396","207","1223","215","173","94",
"1400000US12109021101","Census Tract 211.01; St. Johns County; Florida","2211","374","1563","367","648","260",
"1400000US12109021102","Census Tract 211.02; St. Johns County; Florida","2257","385","2045","409","212","151",
"1400000US12109021103","Census Tract 211.03; St. Johns County; Florida","1254","146","919","143","335","121",
"1400000US12109021207","Census Tract 212.07; St. Johns County; Florida","1878","126","1573","171","305","126",
"1400000US12109021208","Census Tract 212.08; St. Johns County; Florida","2438","226","1785","237","653","209",
"1400000US12109021209","Census Tract 212.09; St. Johns County; Florida","1114","259","912","143","202","215",
"1400000US12109021210","Census Tract 212.10; St. Johns County; Florida","2104","242","1760","181","344","242",
"1400000US12109021211","Census Tract 212.11; St. Johns County; Florida","1933","425","1373","200","560","422",
"1400000US12109021301","Census Tract 213.01; St. Johns County; Florida","3353","333","2383","373","970","248",
"1400000US12109021302","Census Tract 213.02; St. Johns County; Florida","2229","251","2063","266","166","114",
"1400000US12109021403","Census Tract 214.03; St. Johns County; Florida","1109","331","953","307","156","118",
"1400000US12109021404","Census Tract 214.04; St. Johns County; Florida","1366","156","1179","144","187","93",
"1400000US12109021408","Census Tract 214.08; St. Johns County; Florida","3271","344","2574","337","697","193",
"1400000US12109021409","Census Tract 214.09; St. Johns County; Florida","1308","188","1032","193","276","106",
"1400000US12109021410","Census Tract 214.10; St. Johns County; Florida","1339","305","835","152","504","299",
"1400000US12109990100","Census Tract 9901; St. Johns County; Florida","0","15","0","15","0","15",
"1400000US12109990200","Census Tract 9902; St. Johns County; Florida","0","15","0","15","0","15",
"1400000US12111380100","Census Tract 3801; St. Lucie County; Florida","550","101","90","45","460","114",
"1400000US12111380200","Census Tract 3802; St. Lucie County; Florida","1295","210","355","119","940","190",
"1400000US12111380300","Census Tract 3803; St. Lucie County; Florida","2279","321","577","167","1702","357",
"1400000US12111380400","Census Tract 3804; St. Lucie County; Florida","2589","449","970","210","1619","499",
"1400000US12111380500","Census Tract 3805; St. Lucie County; Florida","2234","339","1175","357","1059","262",
"1400000US12111380600","Census Tract 3806; St. Lucie County; Florida","1292","231","814","272","478","138",
"1400000US12111380700","Census Tract 3807; St. Lucie County; Florida","3581","477","2317","465","1264","291",
"1400000US12111380800","Census Tract 3808; St. Lucie County; Florida","1003","117","915","122","88","50",
"1400000US12111380901","Census Tract 3809.01; St. Lucie County; Florida","1361","552","612","113","749","567",
"1400000US12111380902","Census Tract 3809.02; St. Lucie County; Florida","1580","201","1178","208","402","122",
"1400000US12111381000","Census Tract 3810; St. Lucie County; Florida","761","65","563","80","198","63",
"1400000US12111381103","Census Tract 3811.03; St. Lucie County; Florida","1200","142","827","147","373","117",
"1400000US12111381104","Census Tract 3811.04; St. Lucie County; Florida","813","129","655","127","158","101",
"1400000US12111381105","Census Tract 3811.05; St. Lucie County; Florida","1045","176","941","191","104","65",
"1400000US12111381106","Census Tract 3811.06; St. Lucie County; Florida","1249","429","1150","421","99","49",
"1400000US12111381107","Census Tract 3811.07; St. Lucie County; Florida","1418","154","1314","152","104","60",
"1400000US12111381204","Census Tract 3812.04; St. Lucie County; Florida","1868","381","1606","297","262","218",
"1400000US12111381300","Census Tract 3813; St. Lucie County; Florida","2278","377","1782","350","496","184",
"1400000US12111381401","Census Tract 3814.01; St. Lucie County; Florida","2573","461","1851","468","722","213",
"1400000US12111381402","Census Tract 3814.02; St. Lucie County; Florida","2899","320","1601","334","1298","297",
"1400000US12111381504","Census Tract 3815.04; St. Lucie County; Florida","1588","274","1419","293","169","92",
"1400000US12111381505","Census Tract 3815.05; St. Lucie County; Florida","2603","237","2231","262","372","184",
"1400000US12111381506","Census Tract 3815.06; St. Lucie County; Florida","1454","163","1332","182","122","79",
"1400000US12111381507","Census Tract 3815.07; St. Lucie County; Florida","2732","565","2240","575","492","221",
"1400000US12111381508","Census Tract 3815.08; St. Lucie County; Florida","1383","165","1134","165","249","97",
"1400000US12111381602","Census Tract 3816.02; St. Lucie County; Florida","2159","351","1484","304","675","146",
"1400000US12111381603","Census Tract 3816.03; St. Lucie County; Florida","2907","291","2137","236","770","217",
"1400000US12111381604","Census Tract 3816.04; St. Lucie County; Florida","663","72","588","92","75","58",
"1400000US12111381605","Census Tract 3816.05; St. Lucie County; Florida","2183","296","1982","310","201","119",
"1400000US12111381701","Census Tract 3817.01; St. Lucie County; Florida","1334","193","1253","185","81","40",
"1400000US12111381702","Census Tract 3817.02; St. Lucie County; Florida","1242","303","1071","281","171","95",
"1400000US12111381802","Census Tract 3818.02; St. Lucie County; Florida","1843","216","737","158","1106","193",
"1400000US12111381803","Census Tract 3818.03; St. Lucie County; Florida","2453","280","2012","275","441","185",
"1400000US12111381804","Census Tract 3818.04; St. Lucie County; Florida","2557","358","2119","378","438","160",
"1400000US12111381900","Census Tract 3819; St. Lucie County; Florida","2822","213","2528","211","294","151",
"1400000US12111382007","Census Tract 3820.07; St. Lucie County; Florida","2047","270","1576","311","471","180",
"1400000US12111382008","Census Tract 3820.08; St. Lucie County; Florida","3251","360","2649","407","602","212",
"1400000US12111382009","Census Tract 3820.09; St. Lucie County; Florida","2126","399","1539","287","587","304",
"1400000US12111382010","Census Tract 3820.10; St. Lucie County; Florida","936","154","772","116","164","103",
"1400000US12111382011","Census Tract 3820.11; St. Lucie County; Florida","1073","163","908","151","165","133",
"1400000US12111382012","Census Tract 3820.12; St. Lucie County; Florida","2289","279","1580","324","709","243",
"1400000US12111382013","Census Tract 3820.13; St. Lucie County; Florida","1322","231","1207","253","115","85",
"1400000US12111382014","Census Tract 3820.14; St. Lucie County; Florida","2830","352","2551","379","279","127",
"1400000US12111382015","Census Tract 3820.15; St. Lucie County; Florida","1564","377","1191","318","373","241",
"1400000US12111382016","Census Tract 3820.16; St. Lucie County; Florida","2867","293","2739","276","128","134",
"1400000US12111382110","Census Tract 3821.10; St. Lucie County; Florida","2650","219","2465","224","185","128",
"1400000US12111382112","Census Tract 3821.12; St. Lucie County; Florida","4786","824","4004","687","782","543",
"1400000US12111382114","Census Tract 3821.14; St. Lucie County; Florida","2101","223","1875","272","226","117",
"1400000US12111382115","Census Tract 3821.15; St. Lucie County; Florida","2977","624","2179","553","798","350",
"1400000US12111382116","Census Tract 3821.16; St. Lucie County; Florida","2186","348","2030","361","156","117",
"1400000US12111382117","Census Tract 3821.17; St. Lucie County; Florida","2809","169","2380","297","429","243",
"1400000US12111382118","Census Tract 3821.18; St. Lucie County; Florida","1705","409","1573","417","132","90",
"1400000US12111382119","Census Tract 3821.19; St. Lucie County; Florida","2904","371","2648","427","256","159",
"1400000US12111382120","Census Tract 3821.20; St. Lucie County; Florida","1617","188","1343","190","274","143",
"1400000US12111382121","Census Tract 3821.21; St. Lucie County; Florida","1701","202","1273","189","428","149",
"1400000US12111382122","Census Tract 3821.22; St. Lucie County; Florida","3043","483","2890","484","153","131",
"1400000US12111382123","Census Tract 3821.23; St. Lucie County; Florida","1497","261","1263","256","234","103",
"1400000US12111382124","Census Tract 3821.24; St. Lucie County; Florida","1007","136","894","138","113","69",
"1400000US12111382125","Census Tract 3821.25; St. Lucie County; Florida","1163","172","890","205","273","119",
"1400000US12111382126","Census Tract 3821.26; St. Lucie County; Florida","8822","764","7234","693","1588","643",
"1400000US12111382127","Census Tract 3821.27; St. Lucie County; Florida","2751","448","2233","441","518","271",
"1400000US12111382128","Census Tract 3821.28; St. Lucie County; Florida","1593","232","1389","242","204","98",
"1400000US12111382129","Census Tract 3821.29; St. Lucie County; Florida","3158","392","2825","418","333","140",
"1400000US12111382130","Census Tract 3821.30; St. Lucie County; Florida","1342","152","1145","175","197","116",
"1400000US12111382201","Census Tract 3822.01; St. Lucie County; Florida","1906","199","1824","214","82","58",
"1400000US12111382202","Census Tract 3822.02; St. Lucie County; Florida","1639","217","1355","180","284","172",
"1400000US12111980000","Census Tract 9800; St. Lucie County; Florida","0","15","0","15","0","15",
"1400000US12111990000","Census Tract 9900; St. Lucie County; Florida","0","15","0","15","0","15",
"1400000US12113010100","Census Tract 101; Santa Rosa County; Florida","1388","211","1217","204","171","84",
"1400000US12113010200","Census Tract 102; Santa Rosa County; Florida","1781","248","1407","242","374","116",
"1400000US12113010301","Census Tract 103.01; Santa Rosa County; Florida","2473","258","2262","269","211","133",
"1400000US12113010302","Census Tract 103.02; Santa Rosa County; Florida","1920","207","1776","214","144","86",
"1400000US12113010303","Census Tract 103.03; Santa Rosa County; Florida","1814","285","1667","276","147","123",
"1400000US12113010400","Census Tract 104; Santa Rosa County; Florida","1112","231","915","239","197","96",
"1400000US12113010503","Census Tract 105.03; Santa Rosa County; Florida","2813","460","1589","215","1224","506",
"1400000US12113010504","Census Tract 105.04; Santa Rosa County; Florida","2756","415","2331","420","425","161",
"1400000US12113010505","Census Tract 105.05; Santa Rosa County; Florida","1666","195","1041","178","625","162",
"1400000US12113010506","Census Tract 105.06; Santa Rosa County; Florida","1785","271","1546","275","239","125",
"1400000US12113010601","Census Tract 106.01; Santa Rosa County; Florida","2052","364","1052","295","1000","243",
"1400000US12113010602","Census Tract 106.02; Santa Rosa County; Florida","655","142","453","118","202","78",
"1400000US12113010704","Census Tract 107.04; Santa Rosa County; Florida","2788","306","2147","293","641","251",
"1400000US12113010705","Census Tract 107.05; Santa Rosa County; Florida","1437","175","824","205","613","137",
"1400000US12113010707","Census Tract 107.07; Santa Rosa County; Florida","1718","136","1608","147","110","68",
"1400000US12113010708","Census Tract 107.08; Santa Rosa County; Florida","2452","332","1795","338","657","202",
"1400000US12113010709","Census Tract 107.09; Santa Rosa County; Florida","2378","306","2165","301","213","115",
"1400000US12113010710","Census Tract 107.10; Santa Rosa County; Florida","921","117","894","120","27","30",
"1400000US12113010711","Census Tract 107.11; Santa Rosa County; Florida","1768","200","1414","213","354","139",
"1400000US12113010712","Census Tract 107.12; Santa Rosa County; Florida","2050","508","1712","526","338","128",
"1400000US12113010802","Census Tract 108.02; Santa Rosa County; Florida","2129","157","1901","190","228","129",
"1400000US12113010808","Census Tract 108.08; Santa Rosa County; Florida","2125","232","1854","222","271","153",
"1400000US12113010809","Census Tract 108.09; Santa Rosa County; Florida","2255","396","1927","399","328","208",
"1400000US12113010812","Census Tract 108.12; Santa Rosa County; Florida","1882","278","1626","285","256","108",
"1400000US12113010813","Census Tract 108.13; Santa Rosa County; Florida","2485","298","1806","290","679","188",
"1400000US12113010814","Census Tract 108.14; Santa Rosa County; Florida","2440","284","2015","306","425","165",
"1400000US12113010820","Census Tract 108.20; Santa Rosa County; Florida","2726","507","2422","520","304","153",
"1400000US12113010821","Census Tract 108.21; Santa Rosa County; Florida","2135","147","1366","192","769","177",
"1400000US12113010822","Census Tract 108.22; Santa Rosa County; Florida","1869","181","1715","208","154","96",
"1400000US12113010823","Census Tract 108.23; Santa Rosa County; Florida","2132","342","1662","344","470","165",
"1400000US12113010824","Census Tract 108.24; Santa Rosa County; Florida","2238","349","2078","363","160","102",
"1400000US12113010825","Census Tract 108.25; Santa Rosa County; Florida","1345","314","1120","299","225","95",
"1400000US12113010826","Census Tract 108.26; Santa Rosa County; Florida","1108","119","867","135","241","117",
"1400000US12113010827","Census Tract 108.27; Santa Rosa County; Florida","2984","238","2559","275","425","183",
"1400000US12113010828","Census Tract 108.28; Santa Rosa County; Florida","2223","406","1608","385","615","241",
"1400000US12113010900","Census Tract 109; Santa Rosa County; Florida","2802","264","2190","212","612","302",
"1400000US12113990000","Census Tract 9900; Santa Rosa County; Florida","0","15","0","15","0","15",
"1400000US12115000102","Census Tract 1.02; Sarasota County; Florida","2050","256","710","142","1340","270",
"1400000US12115000103","Census Tract 1.03; Sarasota County; Florida","2704","314","929","196","1775","325",
"1400000US12115000104","Census Tract 1.04; Sarasota County; Florida","1048","151","877","155","171","76",
"1400000US12115000200","Census Tract 2; Sarasota County; Florida","1928","228","1133","190","795","203",
"1400000US12115000300","Census Tract 3; Sarasota County; Florida","1571","222","423","133","1148","242",
"1400000US12115000401","Census Tract 4.01; Sarasota County; Florida","2010","245","890","195","1120","288",
"1400000US12115000404","Census Tract 4.04; Sarasota County; Florida","764","89","636","90","128","51",
"1400000US12115000405","Census Tract 4.05; Sarasota County; Florida","1306","139","936","118","370","140",
"1400000US12115000406","Census Tract 4.06; Sarasota County; Florida","1282","170","831","152","451","121",
"1400000US12115000407","Census Tract 4.07; Sarasota County; Florida","1962","228","646","142","1316","202",
"1400000US12115000501","Census Tract 5.01; Sarasota County; Florida","822","119","763","113","59","30",
"1400000US12115000502","Census Tract 5.02; Sarasota County; Florida","1550","245","980","283","570","122",
"1400000US12115000503","Census Tract 5.03; Sarasota County; Florida","1323","253","870","255","453","157",
"1400000US12115000601","Census Tract 6.01; Sarasota County; Florida","945","136","890","122","55","44",
"1400000US12115000602","Census Tract 6.02; Sarasota County; Florida","1662","167","1289","144","373","147",
"1400000US12115000700","Census Tract 7; Sarasota County; Florida","1765","318","1513","320","252","85",
"1400000US12115000801","Census Tract 8.01; Sarasota County; Florida","1072","148","1002","134","70","59",
"1400000US12115000802","Census Tract 8.02; Sarasota County; Florida","1622","163","1543","169","79","58",
"1400000US12115000900","Census Tract 9; Sarasota County; Florida","1195","175","904","164","291","109",
"1400000US12115001000","Census Tract 10; Sarasota County; Florida","1438","144","770","135","668","170",
"1400000US12115001101","Census Tract 11.01; Sarasota County; Florida","1828","284","1227","173","601","232",
"1400000US12115001102","Census Tract 11.02; Sarasota County; Florida","2459","373","1925","406","534","257",
"1400000US12115001202","Census Tract 12.02; Sarasota County; Florida","1544","133","1228","168","316","116",
"1400000US12115001203","Census Tract 12.03; Sarasota County; Florida","2705","309","2051","239","654","275",
"1400000US12115001204","Census Tract 12.04; Sarasota County; Florida","2400","294","1623","304","777","163",
"1400000US12115001205","Census Tract 12.05; Sarasota County; Florida","1965","285","1172","188","793","263",
"1400000US12115001206","Census Tract 12.06; Sarasota County; Florida","1356","165","1049","196","307","133",
"1400000US12115001301","Census Tract 13.01; Sarasota County; Florida","1847","248","1049","205","798","177",
"1400000US12115001302","Census Tract 13.02; Sarasota County; Florida","2095","322","895","199","1200","287",
"1400000US12115001303","Census Tract 13.03; Sarasota County; Florida","1623","210","1001","148","622","213",
"1400000US12115001304","Census Tract 13.04; Sarasota County; Florida","990","134","889","126","101","62",
"1400000US12115001402","Census Tract 14.02; Sarasota County; Florida","1659","145","1307","182","352","131",
"1400000US12115001403","Census Tract 14.03; Sarasota County; Florida","3241","350","3036","351","205","168",
"1400000US12115001404","Census Tract 14.04; Sarasota County; Florida","2079","286","1936","321","143","135",
"1400000US12115001405","Census Tract 14.05; Sarasota County; Florida","2223","206","1829","231","394","115",
"1400000US12115001503","Census Tract 15.03; Sarasota County; Florida","1370","189","1144","192","226","122",
"1400000US12115001504","Census Tract 15.04; Sarasota County; Florida","1174","100","862","112","312","110",
"1400000US12115001505","Census Tract 15.05; Sarasota County; Florida","1492","164","1160","165","332","132",
"1400000US12115001508","Census Tract 15.08; Sarasota County; Florida","1215","153","771","149","444","133",
"1400000US12115001509","Census Tract 15.09; Sarasota County; Florida","1432","159","1242","157","190","103",
"1400000US12115001510","Census Tract 15.10; Sarasota County; Florida","2379","298","1703","219","676","271",
"1400000US12115001511","Census Tract 15.11; Sarasota County; Florida","1384","232","1087","217","297","119",
"1400000US12115001601","Census Tract 16.01; Sarasota County; Florida","1619","167","1339","170","280","141",
"1400000US12115001602","Census Tract 16.02; Sarasota County; Florida","2068","253","1350","161","718","226",
"1400000US12115001702","Census Tract 17.02; Sarasota County; Florida","2390","246","1802","248","588","208",
"1400000US12115001703","Census Tract 17.03; Sarasota County; Florida","1855","239","1081","202","774","217",
"1400000US12115001704","Census Tract 17.04; Sarasota County; Florida","1440","170","841","153","599","150",
"1400000US12115001801","Census Tract 18.01; Sarasota County; Florida","1698","224","1496","207","202","83",
"1400000US12115001803","Census Tract 18.03; Sarasota County; Florida","1439","181","1115","148","324","164",
"1400000US12115001804","Census Tract 18.04; Sarasota County; Florida","1083","145","621","137","462","131",
"1400000US12115001805","Census Tract 18.05; Sarasota County; Florida","990","146","757","132","233","116",
"1400000US12115001903","Census Tract 19.03; Sarasota County; Florida","774","139","637","114","137","67",
"1400000US12115001904","Census Tract 19.04; Sarasota County; Florida","1346","210","1256","203","90","71",
"1400000US12115001905","Census Tract 19.05; Sarasota County; Florida","753","123","707","124","46","40",
"1400000US12115001909","Census Tract 19.09; Sarasota County; Florida","1141","208","1028","203","113","79",
"1400000US12115002003","Census Tract 20.03; Sarasota County; Florida","2635","452","1359","419","1276","332",
"1400000US12115002004","Census Tract 20.04; Sarasota County; Florida","2309","326","1162","262","1147","327",
"1400000US12115002007","Census Tract 20.07; Sarasota County; Florida","1359","162","1025","155","334","96",
"1400000US12115002008","Census Tract 20.08; Sarasota County; Florida","1689","411","974","394","715","199",
"1400000US12115002011","Census Tract 20.11; Sarasota County; Florida","439","70","345","85","94","74",
"1400000US12115002012","Census Tract 20.12; Sarasota County; Florida","1888","389","1437","394","451","173",
"1400000US12115002013","Census Tract 20.13; Sarasota County; Florida","1884","256","1425","213","459","163",
"1400000US12115002014","Census Tract 20.14; Sarasota County; Florida","3687","422","3165","430","522","253",
"1400000US12115002015","Census Tract 20.15; Sarasota County; Florida","1093","166","625","172","468","133",
"1400000US12115002016","Census Tract 20.16; Sarasota County; Florida","2338","225","2036","263","302","182",
"1400000US12115002101","Census Tract 21.01; Sarasota County; Florida","1415","153","1297","183","118","96",
"1400000US12115002102","Census Tract 21.02; Sarasota County; Florida","1508","162","1237","154","271","120",
"1400000US12115002201","Census Tract 22.01; Sarasota County; Florida","1868","160","1759","169","109","65",
"1400000US12115002203","Census Tract 22.03; Sarasota County; Florida","1832","301","1288","298","544","205",
"1400000US12115002204","Census Tract 22.04; Sarasota County; Florida","1081","237","969","233","112","68",
"1400000US12115002205","Census Tract 22.05; Sarasota County; Florida","1171","158","1002","169","169","117",
"1400000US12115002302","Census Tract 23.02; Sarasota County; Florida","2199","388","1936","405","263","126",
"1400000US12115002304","Census Tract 23.04; Sarasota County; Florida","1422","180","967","175","455","118",
"1400000US12115002305","Census Tract 23.05; Sarasota County; Florida","1073","154","693","145","380","111",
"1400000US12115002306","Census Tract 23.06; Sarasota County; Florida","1710","253","1373","205","337","162",
"1400000US12115002307","Census Tract 23.07; Sarasota County; Florida","873","117","762","122","111","73",
"1400000US12115002401","Census Tract 24.01; Sarasota County; Florida","1865","293","1514","297","351","111",
"1400000US12115002403","Census Tract 24.03; Sarasota County; Florida","764","128","429","104","335","102",
"1400000US12115002404","Census Tract 24.04; Sarasota County; Florida","1064","166","875","150","189","90",
"1400000US12115002504","Census Tract 25.04; Sarasota County; Florida","1282","131","1061","154","221","94",
"1400000US12115002505","Census Tract 25.05; Sarasota County; Florida","964","108","792","113","172","73",
"1400000US12115002507","Census Tract 25.07; Sarasota County; Florida","2391","264","1869","268","522","176",
"1400000US12115002508","Census Tract 25.08; Sarasota County; Florida","1444","182","1273","181","171","95",
"1400000US12115002509","Census Tract 25.09; Sarasota County; Florida","2652","612","2292","589","360","161",
"1400000US12115002510","Census Tract 25.10; Sarasota County; Florida","1854","235","1337","199","517","193",
"1400000US12115002511","Census Tract 25.11; Sarasota County; Florida","1347","162","1228","159","119","70",
"1400000US12115002601","Census Tract 26.01; Sarasota County; Florida","1329","163","1222","138","107","67",
"1400000US12115002602","Census Tract 26.02; Sarasota County; Florida","1387","167","1325","168","62","47",
"1400000US12115002603","Census Tract 26.03; Sarasota County; Florida","925","159","854","158","71","43",
"1400000US12115002604","Census Tract 26.04; Sarasota County; Florida","1661","244","1308","232","353","129",
"1400000US12115002605","Census Tract 26.05; Sarasota County; Florida","1276","160","883","163","393","122",
"1400000US12115002710","Census Tract 27.10; Sarasota County; Florida","1235","172","927","177","308","113",
"1400000US12115002714","Census Tract 27.14; Sarasota County; Florida","2925","458","2607","459","318","124",
"1400000US12115002716","Census Tract 27.16; Sarasota County; Florida","3872","294","2943","261","929","261",
"1400000US12115002720","Census Tract 27.20; Sarasota County; Florida","1534","198","1485","189","49","49",
"1400000US12115002721","Census Tract 27.21; Sarasota County; Florida","1778","221","1125","191","653","188",
"1400000US12115002723","Census Tract 27.23; Sarasota County; Florida","1365","226","1287","214","78","60",
"1400000US12115002724","Census Tract 27.24; Sarasota County; Florida","1282","218","1227","216","55","43",
"1400000US12115002725","Census Tract 27.25; Sarasota County; Florida","3489","376","2681","361","808","241",
"1400000US12115002726","Census Tract 27.26; Sarasota County; Florida","3316","293","3170","290","146","101",
"1400000US12115002727","Census Tract 27.27; Sarasota County; Florida","998","179","846","160","152","164",
"1400000US12115002728","Census Tract 27.28; Sarasota County; Florida","1484","298","1238","202","246","249",
"1400000US12115002729","Census Tract 27.29; Sarasota County; Florida","1145","204","1027","200","118","77",
"1400000US12115002730","Census Tract 27.30; Sarasota County; Florida","1374","133","1100","125","274","79",
"1400000US12115002731","Census Tract 27.31; Sarasota County; Florida","2756","547","2678","547","78","76",
"1400000US12115002732","Census Tract 27.32; Sarasota County; Florida","2346","335","2268","357","78","74",
"1400000US12115002733","Census Tract 27.33; Sarasota County; Florida","2186","237","1960","212","226","124",
"1400000US12115002734","Census Tract 27.34; Sarasota County; Florida","4693","482","4411","469","282","168",
"1400000US12115002735","Census Tract 27.35; Sarasota County; Florida","1261","158","1028","164","233","125",
"1400000US12115002736","Census Tract 27.36; Sarasota County; Florida","1723","177","1461","211","262","139",
"1400000US12115002737","Census Tract 27.37; Sarasota County; Florida","2915","459","2347","385","568","333",
"1400000US12115002738","Census Tract 27.38; Sarasota County; Florida","2063","244","1491","210","572","181",
"1400000US12115002739","Census Tract 27.39; Sarasota County; Florida","1756","315","1305","239","451","186",
"1400000US12115002740","Census Tract 27.40; Sarasota County; Florida","2133","342","1896","363","237","158",
"1400000US12115002741","Census Tract 27.41; Sarasota County; Florida","1983","372","1423","252","560","326",
"1400000US12115002742","Census Tract 27.42; Sarasota County; Florida","2887","318","2267","371","620","268",
"1400000US12115002743","Census Tract 27.43; Sarasota County; Florida","1693","240","1276","238","417","207",
"1400000US12115002744","Census Tract 27.44; Sarasota County; Florida","1343","113","1320","117","23","30",
"1400000US12115002745","Census Tract 27.45; Sarasota County; Florida","2521","303","2054","287","467","229",
"1400000US12115002746","Census Tract 27.46; Sarasota County; Florida","2702","412","2045","435","657","302",
"1400000US12115002747","Census Tract 27.47; Sarasota County; Florida","822","81","622","100","200","95",
"1400000US12115002748","Census Tract 27.48; Sarasota County; Florida","1871","381","1412","379","459","180",
"1400000US12115990000","Census Tract 9900; Sarasota County; Florida","0","15","0","15","0","15",
"1400000US12117020101","Census Tract 201.01; Seminole County; Florida","820","197","169","94","651","213",
"1400000US12117020102","Census Tract 201.02; Seminole County; Florida","551","83","354","63","197","76",
"1400000US12117020201","Census Tract 202.01; Seminole County; Florida","780","96","631","101","149","65",
"1400000US12117020202","Census Tract 202.02; Seminole County; Florida","1558","198","1236","151","322","125",
"1400000US12117020301","Census Tract 203.01; Seminole County; Florida","946","150","740","152","206","67",
"1400000US12117020302","Census Tract 203.02; Seminole County; Florida","701","92","304","76","397","93",
"1400000US12117020401","Census Tract 204.01; Seminole County; Florida","595","148","302","139","293","98",
"1400000US12117020402","Census Tract 204.02; Seminole County; Florida","1158","295","1004","264","154","114",
"1400000US12117020500","Census Tract 205; Seminole County; Florida","1258","187","353","145","905","154",
"1400000US12117020601","Census Tract 206.01; Seminole County; Florida","3737","369","1375","267","2362","366",
"1400000US12117020602","Census Tract 206.02; Seminole County; Florida","3016","388","1435","368","1581","379",
"1400000US12117020703","Census Tract 207.03; Seminole County; Florida","1926","121","1894","117","32","39",
"1400000US12117020704","Census Tract 207.04; Seminole County; Florida","3342","257","2101","261","1241","214",
"1400000US12117020705","Census Tract 207.05; Seminole County; Florida","1131","170","831","150","300","81",
"1400000US12117020706","Census Tract 207.06; Seminole County; Florida","3666","493","2229","437","1437","367",
"1400000US12117020707","Census Tract 207.07; Seminole County; Florida","3111","426","2981","434","130","126",
"1400000US12117020803","Census Tract 208.03; Seminole County; Florida","2119","174","1927","193","192","96",
"1400000US12117020805","Census Tract 208.05; Seminole County; Florida","3543","315","2438","329","1105","256",
"1400000US12117020806","Census Tract 208.06; Seminole County; Florida","2537","428","1606","381","931","405",
"1400000US12117020807","Census Tract 208.07; Seminole County; Florida","2775","240","1763","251","1012","288",
"1400000US12117020808","Census Tract 208.08; Seminole County; Florida","1444","121","1195","139","249","115",
"1400000US12117020810","Census Tract 208.10; Seminole County; Florida","1461","147","1129","173","332","130",
"1400000US12117020811","Census Tract 208.11; Seminole County; Florida","2855","387","1398","253","1457","393",
"1400000US12117020812","Census Tract 208.12; Seminole County; Florida","2558","523","717","355","1841","427",
"1400000US12117020901","Census Tract 209.01; Seminole County; Florida","1958","331","317","92","1641","346",
"1400000US12117020902","Census Tract 209.02; Seminole County; Florida","1187","260","734","204","453","182",
"1400000US12117020904","Census Tract 209.04; Seminole County; Florida","2488","257","1243","267","1245","266",
"1400000US12117020905","Census Tract 209.05; Seminole County; Florida","1730","193","1435","198","295","120",
"1400000US12117021000","Census Tract 210; Seminole County; Florida","2079","202","1730","189","349","195",
"1400000US12117021100","Census Tract 211; Seminole County; Florida","2019","203","1694","244","325","148",
"1400000US12117021201","Census Tract 212.01; Seminole County; Florida","2269","201","2194","198","75","60",
"1400000US12117021203","Census Tract 212.03; Seminole County; Florida","1815","165","1528","152","287","139",
"1400000US12117021205","Census Tract 212.05; Seminole County; Florida","1522","120","1472","125","50","37",
"1400000US12117021206","Census Tract 212.06; Seminole County; Florida","1723","154","1511","169","212","119",
"1400000US12117021306","Census Tract 213.06; Seminole County; Florida","3859","423","3212","409","647","203",
"1400000US12117021307","Census Tract 213.07; Seminole County; Florida","2594","324","2440","332","154","84",
"1400000US12117021311","Census Tract 213.11; Seminole County; Florida","1863","161","1582","163","281","110",
"1400000US12117021312","Census Tract 213.12; Seminole County; Florida","2217","404","1218","372","999","268",
"1400000US12117021313","Census Tract 213.13; Seminole County; Florida","3124","467","2404","448","720","149",
"1400000US12117021314","Census Tract 213.14; Seminole County; Florida","1811","150","1181","155","630","158",
"1400000US12117021315","Census Tract 213.15; Seminole County; Florida","2550","253","1883","225","667","207",
"1400000US12117021316","Census Tract 213.16; Seminole County; Florida","1484","215","1196","234","288","123",
"1400000US12117021317","Census Tract 213.17; Seminole County; Florida","2947","248","2115","260","832","175",
"1400000US12117021318","Census Tract 213.18; Seminole County; Florida","3073","249","1704","282","1369","221",
"1400000US12117021319","Census Tract 213.19; Seminole County; Florida","549","58","413","66","136","55",
"1400000US12117021320","Census Tract 213.20; Seminole County; Florida","2464","286","2051","289","413","149",
"1400000US12117021321","Census Tract 213.21; Seminole County; Florida","943","88","439","90","504","104",
"1400000US12117021401","Census Tract 214.01; Seminole County; Florida","3221","365","1827","359","1394","333",
"1400000US12117021403","Census Tract 214.03; Seminole County; Florida","3161","252","2631","259","530","197",
"1400000US12117021404","Census Tract 214.04; Seminole County; Florida","3722","456","2890","453","832","266",
"1400000US12117021504","Census Tract 215.04; Seminole County; Florida","1282","196","991","185","291","104",
"1400000US12117021505","Census Tract 215.05; Seminole County; Florida","1856","209","1645","189","211","110",
"1400000US12117021506","Census Tract 215.06; Seminole County; Florida","1560","167","1197","196","363","140",
"1400000US12117021507","Census Tract 215.07; Seminole County; Florida","3224","299","1983","298","1241","283",
"1400000US12117021604","Census Tract 216.04; Seminole County; Florida","1708","198","1622","207","86","49",
"1400000US12117021606","Census Tract 216.06; Seminole County; Florida","2482","227","1415","262","1067","234",
"1400000US12117021608","Census Tract 216.08; Seminole County; Florida","2676","375","1382","408","1294","228",
"1400000US12117021609","Census Tract 216.09; Seminole County; Florida","1079","172","1038","177","41","35",
"1400000US12117021611","Census Tract 216.11; Seminole County; Florida","1641","111","1418","127","223","91",
"1400000US12117021612","Census Tract 216.12; Seminole County; Florida","1671","244","1445","194","226","213",
"1400000US12117021613","Census Tract 216.13; Seminole County; Florida","1627","178","455","111","1172","185",
"1400000US12117021614","Census Tract 216.14; Seminole County; Florida","1947","293","1668","304","279","158",
"1400000US12117021617","Census Tract 216.17; Seminole County; Florida","3366","363","1839","362","1527","237",
"1400000US12117021704","Census Tract 217.04; Seminole County; Florida","1811","259","1393","191","418","231",
"1400000US12117021705","Census Tract 217.05; Seminole County; Florida","2469","308","890","272","1579","309",
"1400000US12117021706","Census Tract 217.06; Seminole County; Florida","1755","161","1047","176","708","140",
"1400000US12117021707","Census Tract 217.07; Seminole County; Florida","2820","312","1039","244","1781","342",
"1400000US12117021708","Census Tract 217.08; Seminole County; Florida","2470","253","1243","216","1227","231",
"1400000US12117021802","Census Tract 218.02; Seminole County; Florida","1840","204","823","126","1017","228",
"1400000US12117021803","Census Tract 218.03; Seminole County; Florida","1967","629","476","121","1491","635",
"1400000US12117021805","Census Tract 218.05; Seminole County; Florida","734","138","694","144","40","31",
"1400000US12117021806","Census Tract 218.06; Seminole County; Florida","3054","435","1788","410","1266","290",
"1400000US12117021901","Census Tract 219.01; Seminole County; Florida","2470","210","1019","181","1451","226",
"1400000US12117021902","Census Tract 219.02; Seminole County; Florida","2019","229","1529","231","490","150",
"1400000US12117022001","Census Tract 220.01; Seminole County; Florida","942","117","546","112","396","89",
"1400000US12117022002","Census Tract 220.02; Seminole County; Florida","2261","249","1191","246","1070","281",
"1400000US12117022004","Census Tract 220.04; Seminole County; Florida","1242","168","694","113","548","144",
"1400000US12117022006","Census Tract 220.06; Seminole County; Florida","1627","181","888","174","739","204",
"1400000US12117022007","Census Tract 220.07; Seminole County; Florida","1589","296","1159","280","430","171",
"1400000US12117022101","Census Tract 221.01; Seminole County; Florida","3430","441","2222","448","1208","299",
"1400000US12117022104","Census Tract 221.04; Seminole County; Florida","2676","340","2198","381","478","196",
"1400000US12117022105","Census Tract 221.05; Seminole County; Florida","1371","102","1191","118","180","84",
"1400000US12117022106","Census Tract 221.06; Seminole County; Florida","3388","263","2280","314","1108","299",
"1400000US12117022201","Census Tract 222.01; Seminole County; Florida","2782","382","1446","298","1336","320",
"1400000US12117022205","Census Tract 222.05; Seminole County; Florida","1560","149","1340","166","220","117",
"1400000US12117022206","Census Tract 222.06; Seminole County; Florida","2992","389","1896","335","1096","227",
"1400000US12117022207","Census Tract 222.07; Seminole County; Florida","2414","386","1345","188","1069","381",
"1400000US12117022208","Census Tract 222.08; Seminole County; Florida","1909","197","1000","191","909","163",
"1400000US12117022209","Census Tract 222.09; Seminole County; Florida","1577","146","1365","150","212","81",
"1400000US12119910100","Census Tract 9101; Sumter County; Florida","1855","262","1056","270","799","218",
"1400000US12119910300","Census Tract 9103; Sumter County; Florida","4218","353","3821","387","397","141",
"1400000US12119910401","Census Tract 9104.01; Sumter County; Florida","1833","265","1267","288","566","198",
"1400000US12119910402","Census Tract 9104.02; Sumter County; Florida","1179","282","997","270","182","99",
"1400000US12119910500","Census Tract 9105; Sumter County; Florida","2119","284","1773","276","346","188",
"1400000US12119910601","Census Tract 9106.01; Sumter County; Florida","2451","340","2030","364","421","239",
"1400000US12119910602","Census Tract 9106.02; Sumter County; Florida","1392","198","1226","196","166","94",
"1400000US12119910701","Census Tract 9107.01; Sumter County; Florida","1146","281","1041","255","105","108",
"1400000US12119910702","Census Tract 9107.02; Sumter County; Florida","1573","268","1259","248","314","137",
"1400000US12119910800","Census Tract 9108; Sumter County; Florida","2625","330","2456","327","169","121",
"1400000US12119911000","Census Tract 9110; Sumter County; Florida","66","51","6","9","60","50",
"1400000US12119911201","Census Tract 9112.01; Sumter County; Florida","2811","531","2739","530","72","63",
"1400000US12119911202","Census Tract 9112.02; Sumter County; Florida","2227","515","2227","515","0","15",
"1400000US12119911203","Census Tract 9112.03; Sumter County; Florida","2967","309","2794","332","173","120",
"1400000US12119911204","Census Tract 9112.04; Sumter County; Florida","6615","864","5884","862","731","416",
"1400000US12119911205","Census Tract 9112.05; Sumter County; Florida","1863","173","1810","170","53","39",
"1400000US12119911206","Census Tract 9112.06; Sumter County; Florida","3749","711","3610","696","139","96",
"1400000US12119911207","Census Tract 9112.07; Sumter County; Florida","3348","755","3135","755","213","211",
"1400000US12119911301","Census Tract 9113.01; Sumter County; Florida","3914","301","3311","296","603","222",
"1400000US12119911302","Census Tract 9113.02; Sumter County; Florida","548","148","317","150","231","131",
"1400000US12119911401","Census Tract 9114.01; Sumter County; Florida","3462","299","3362","275","100","133",
"1400000US12119911402","Census Tract 9114.02; Sumter County; Florida","7962","759","6936","610","1026","531",
"1400000US12119911500","Census Tract 9115; Sumter County; Florida","989","167","728","121","261","130",
"1400000US12119911702","Census Tract 9117.02; Sumter County; Florida","3272","522","2567","485","705","326",
"1400000US12119911703","Census Tract 9117.03; Sumter County; Florida","2907","637","2164","535","743","352",
"1400000US12119911704","Census Tract 9117.04; Sumter County; Florida","3227","348","3088","367","139","95",
"1400000US12119980000","Census Tract 9800; Sumter County; Florida","0","15","0","15","0","15",
"1400000US12119980100","Census Tract 9801; Sumter County; Florida","0","21","0","21","0","21",
"1400000US12121970100","Census Tract 9701; Suwannee County; Florida","2075","347","1318","333","757","283",
"1400000US12121970200","Census Tract 9702; Suwannee County; Florida","1877","228","1198","198","679","250",
"1400000US12121970301","Census Tract 9703.01; Suwannee County; Florida","769","93","719","89","50","57",
"1400000US12121970303","Census Tract 9703.03; Suwannee County; Florida","1046","172","577","93","469","176",
"1400000US12121970304","Census Tract 9703.04; Suwannee County; Florida","1938","310","1690","339","248","137",
"1400000US12121970401","Census Tract 9704.01; Suwannee County; Florida","1126","154","772","136","354","140",
"1400000US12121970402","Census Tract 9704.02; Suwannee County; Florida","1408","184","1106","183","302","116",
"1400000US12121970501","Census Tract 9705.01; Suwannee County; Florida","1643","254","1308","239","335","245",
"1400000US12121970502","Census Tract 9705.02; Suwannee County; Florida","1657","263","1265","249","392","157",
"1400000US12121970601","Census Tract 9706.01; Suwannee County; Florida","1155","219","870","199","285","162",
"1400000US12121970602","Census Tract 9706.02; Suwannee County; Florida","1418","172","1249","170","169","119",
"1400000US12123950100","Census Tract 9501; Taylor County; Florida","1201","170","943","166","258","120",
"1400000US12123950201","Census Tract 9502.01; Taylor County; Florida","665","192","612","187","53","69",
"1400000US12123950202","Census Tract 9502.02; Taylor County; Florida","1291","204","847","218","444","153",
"1400000US12123950301","Census Tract 9503.01; Taylor County; Florida","1087","207","677","172","410","165",
"1400000US12123950302","Census Tract 9503.02; Taylor County; Florida","1507","258","1115","253","392","150",
"1400000US12123950401","Census Tract 9504.01; Taylor County; Florida","1314","234","1208","243","106","93",
"1400000US12123950402","Census Tract 9504.02; Taylor County; Florida","911","251","660","170","251","206",
"1400000US12123990000","Census Tract 9900; Taylor County; Florida","0","15","0","15","0","15",
"1400000US12125960100","Census Tract 9601; Union County; Florida","828","200","526","141","302","154",
"1400000US12125960201","Census Tract 9602.01; Union County; Florida","760","117","516","108","244","88",
"1400000US12125960202","Census Tract 9602.02; Union County; Florida","902","120","632","130","270","110",
"1400000US12125960300","Census Tract 9603; Union County; Florida","1826","196","1552","208","274","113",
"1400000US12127080101","Census Tract 801.01; Volusia County; Florida","2116","227","1965","256","151","100",
"1400000US12127080102","Census Tract 801.02; Volusia County; Florida","3126","327","2924","358","202","141",
"1400000US12127080201","Census Tract 802.01; Volusia County; Florida","1390","154","1289","167","101","64",
"1400000US12127080202","Census Tract 802.02; Volusia County; Florida","1318","206","1208","196","110","88",
"1400000US12127080300","Census Tract 803; Volusia County; Florida","1808","238","1353","241","455","198",
"1400000US12127080400","Census Tract 804; Volusia County; Florida","1683","225","1463","201","220","125",
"1400000US12127080500","Census Tract 805; Volusia County; Florida","1224","219","907","207","317","136",
"1400000US12127080600","Census Tract 806; Volusia County; Florida","1719","228","1250","194","469","168",
"1400000US12127080700","Census Tract 807; Volusia County; Florida","1983","215","1757","207","226","127",
"1400000US12127080803","Census Tract 808.03; Volusia County; Florida","2158","302","1824","301","334","166",
"1400000US12127080805","Census Tract 808.05; Volusia County; Florida","2856","441","2227","423","629","373",
"1400000US12127080806","Census Tract 808.06; Volusia County; Florida","1008","128","628","95","380","109",
"1400000US12127080807","Census Tract 808.07; Volusia County; Florida","2515","232","1642","266","873","229",
"1400000US12127080808","Census Tract 808.08; Volusia County; Florida","3334","450","1530","238","1804","497",
"1400000US12127080809","Census Tract 808.09; Volusia County; Florida","1461","401","1161","424","300","141",
"1400000US12127080901","Census Tract 809.01; Volusia County; Florida","1897","276","635","228","1262","323",
"1400000US12127080902","Census Tract 809.02; Volusia County; Florida","1547","217","1090","221","457","149",
"1400000US12127081001","Census Tract 810.01; Volusia County; Florida","967","181","540","112","427","159",
"1400000US12127081002","Census Tract 810.02; Volusia County; Florida","1146","188","631","152","515","163",
"1400000US12127081101","Census Tract 811.01; Volusia County; Florida","1444","185","972","158","472","169",
"1400000US12127081102","Census Tract 811.02; Volusia County; Florida","912","151","662","118","250","110",
"1400000US12127081201","Census Tract 812.01; Volusia County; Florida","1692","354","629","155","1063","348",
"1400000US12127081202","Census Tract 812.02; Volusia County; Florida","587","96","241","96","346","112",
"1400000US12127081300","Census Tract 813; Volusia County; Florida","1016","160","679","137","337","112",
"1400000US12127081500","Census Tract 815; Volusia County; Florida","927","174","352","163","575","130",
"1400000US12127081600","Census Tract 816; Volusia County; Florida","997","126","527","122","470","108",
"1400000US12127081701","Census Tract 817.01; Volusia County; Florida","1010","163","689","132","321","155",
"1400000US12127081702","Census Tract 817.02; Volusia County; Florida","1977","260","825","185","1152","245",
"1400000US12127081800","Census Tract 818; Volusia County; Florida","1039","145","624","151","415","156",
"1400000US12127081900","Census Tract 819; Volusia County; Florida","808","165","288","87","520","157",
"1400000US12127082000","Census Tract 820; Volusia County; Florida","938","168","122","56","816","157",
"1400000US12127082100","Census Tract 821; Volusia County; Florida","1972","299","826","195","1146","306",
"1400000US12127082201","Census Tract 822.01; Volusia County; Florida","1997","338","493","179","1504","309",
"1400000US12127082202","Census Tract 822.02; Volusia County; Florida","793","134","635","75","158","117",
"1400000US12127082302","Census Tract 823.02; Volusia County; Florida","2681","309","330","111","2351","322",
"1400000US12127082303","Census Tract 823.03; Volusia County; Florida","1926","196","221","97","1705","212",
"1400000US12127082401","Census Tract 824.01; Volusia County; Florida","1922","227","784","171","1138","235",
"1400000US12127082404","Census Tract 824.04; Volusia County; Florida","1341","203","867","198","474","147",
"1400000US12127082405","Census Tract 824.05; Volusia County; Florida","2046","245","1588","292","458","128",
"1400000US12127082406","Census Tract 824.06; Volusia County; Florida","1221","152","944","176","277","112",
"1400000US12127082410","Census Tract 824.10; Volusia County; Florida","3014","378","2369","345","645","212",
"1400000US12127082411","Census Tract 824.11; Volusia County; Florida","1749","245","1224","223","525","150",
"1400000US12127082412","Census Tract 824.12; Volusia County; Florida","1379","135","603","128","776","146",
"1400000US12127082413","Census Tract 824.13; Volusia County; Florida","1448","164","965","127","483","145",
"1400000US12127082414","Census Tract 824.14; Volusia County; Florida","2429","277","1468","312","961","234",
"1400000US12127082415","Census Tract 824.15; Volusia County; Florida","1252","216","914","219","338","135",
"1400000US12127082503","Census Tract 825.03; Volusia County; Florida","2584","233","1842","298","742","202",
"1400000US12127082506","Census Tract 825.06; Volusia County; Florida","2359","522","1782","501","577","227",
"1400000US12127082508","Census Tract 825.08; Volusia County; Florida","1821","177","1700","177","121","69",
"1400000US12127082509","Census Tract 825.09; Volusia County; Florida","1628","157","1434","138","194","95",
"1400000US12127082510","Census Tract 825.10; Volusia County; Florida","1876","188","1406","188","470","159",
"1400000US12127082511","Census Tract 825.11; Volusia County; Florida","1178","164","654","115","524","169",
"1400000US12127082512","Census Tract 825.12; Volusia County; Florida","2473","364","1865","222","608","337",
"1400000US12127082513","Census Tract 825.13; Volusia County; Florida","653","103","536","132","117","90",
"1400000US12127082604","Census Tract 826.04; Volusia County; Florida","1716","283","1309","283","407","171",
"1400000US12127082605","Census Tract 826.05; Volusia County; Florida","2102","287","1785","198","317","218",
"1400000US12127082606","Census Tract 826.06; Volusia County; Florida","1770","124","1637","125","133","67",
"1400000US12127082607","Census Tract 826.07; Volusia County; Florida","1186","262","781","128","405","229",
"1400000US12127082701","Census Tract 827.01; Volusia County; Florida","912","210","848","211","64","38",
"1400000US12127082703","Census Tract 827.03; Volusia County; Florida","1826","399","1575","394","251","125",
"1400000US12127082704","Census Tract 827.04; Volusia County; Florida","1243","195","1134","188","109","88",
"1400000US12127082705","Census Tract 827.05; Volusia County; Florida","1309","274","1132","267","177","109",
"1400000US12127082801","Census Tract 828.01; Volusia County; Florida","1542","269","1024","170","518","291",
"1400000US12127082802","Census Tract 828.02; Volusia County; Florida","2108","280","1479","250","629","181",
"1400000US12127082902","Census Tract 829.02; Volusia County; Florida","2760","244","1948","251","812","261",
"1400000US12127082903","Census Tract 829.03; Volusia County; Florida","2814","364","2115","331","699","240",
"1400000US12127082904","Census Tract 829.04; Volusia County; Florida","2569","289","2367","252","202","121",
"1400000US12127083003","Census Tract 830.03; Volusia County; Florida","2941","541","2640","525","301","147",
"1400000US12127083005","Census Tract 830.05; Volusia County; Florida","1865","245","1764","253","101","59",
"1400000US12127083006","Census Tract 830.06; Volusia County; Florida","2777","413","2568","433","209","140",
"1400000US12127083007","Census Tract 830.07; Volusia County; Florida","2009","384","1899","396","110","70",
"1400000US12127083008","Census Tract 830.08; Volusia County; Florida","1813","228","1346","244","467","173",
"1400000US12127083009","Census Tract 830.09; Volusia County; Florida","1597","325","1440","325","157","72",
"1400000US12127083203","Census Tract 832.03; Volusia County; Florida","3173","406","2948","370","225","118",
"1400000US12127083205","Census Tract 832.05; Volusia County; Florida","3588","265","3417","274","171","91",
"1400000US12127083206","Census Tract 832.06; Volusia County; Florida","390","21","383","25","7","10",
"1400000US12127083207","Census Tract 832.07; Volusia County; Florida","4365","423","3137","390","1228","359",
"1400000US12127083209","Census Tract 832.09; Volusia County; Florida","4168","510","3487","526","681","220",
"1400000US12127083210","Census Tract 832.10; Volusia County; Florida","2721","371","2442","350","279","182",
"1400000US12127083211","Census Tract 832.11; Volusia County; Florida","2643","397","2402","407","241","113",
"1400000US12127090101","Census Tract 901.01; Volusia County; Florida","1546","187","1340","231","206","122",
"1400000US12127090102","Census Tract 901.02; Volusia County; Florida","1174","171","953","109","221","134",
"1400000US12127090202","Census Tract 902.02; Volusia County; Florida","2761","265","2096","284","665","217",
"1400000US12127090203","Census Tract 902.03; Volusia County; Florida","2045","259","1712","258","333","212",
"1400000US12127090204","Census Tract 902.04; Volusia County; Florida","3404","313","2674","392","730","239",
"1400000US12127090303","Census Tract 903.03; Volusia County; Florida","1170","235","1059","239","111","63",
"1400000US12127090304","Census Tract 903.04; Volusia County; Florida","2306","358","1642","256","664","357",
"1400000US12127090305","Census Tract 903.05; Volusia County; Florida","1718","220","1468","228","250","125",
"1400000US12127090306","Census Tract 903.06; Volusia County; Florida","4329","310","4088","325","241","102",
"1400000US12127090307","Census Tract 903.07; Volusia County; Florida","3057","331","2192","244","865","259",
"1400000US12127090401","Census Tract 904.01; Volusia County; Florida","984","289","796","284","188","93",
"1400000US12127090402","Census Tract 904.02; Volusia County; Florida","979","144","658","116","321","89",
"1400000US12127090500","Census Tract 905; Volusia County; Florida","1062","190","207","78","855","201",
"1400000US12127090600","Census Tract 906; Volusia County; Florida","2459","257","1093","255","1366","263",
"1400000US12127090701","Census Tract 907.01; Volusia County; Florida","2338","328","2069","354","269","148",
"1400000US12127090702","Census Tract 907.02; Volusia County; Florida","2022","223","972","187","1050","246",
"1400000US12127090803","Census Tract 908.03; Volusia County; Florida","2342","279","1710","226","632","274",
"1400000US12127090804","Census Tract 908.04; Volusia County; Florida","2933","273","2295","328","638","213",
"1400000US12127090806","Census Tract 908.06; Volusia County; Florida","2530","288","941","213","1589","294",
"1400000US12127090807","Census Tract 908.07; Volusia County; Florida","2318","341","1513","324","805","230",
"1400000US12127090808","Census Tract 908.08; Volusia County; Florida","744","129","647","140","97","76",
"1400000US12127090903","Census Tract 909.03; Volusia County; Florida","2233","271","1969","272","264","132",
"1400000US12127090904","Census Tract 909.04; Volusia County; Florida","2894","282","2625","343","269","159",
"1400000US12127090905","Census Tract 909.05; Volusia County; Florida","2863","390","2396","498","467","217",
"1400000US12127090906","Census Tract 909.06; Volusia County; Florida","1494","160","1216","165","278","103",
"1400000US12127091001","Census Tract 910.01; Volusia County; Florida","2589","339","2290","373","299","166",
"1400000US12127091005","Census Tract 910.05; Volusia County; Florida","745","102","640","105","105","54",
"1400000US12127091015","Census Tract 910.15; Volusia County; Florida","1865","167","1304","201","561","173",
"1400000US12127091016","Census Tract 910.16; Volusia County; Florida","2694","414","1974","324","720","329",
"1400000US12127091017","Census Tract 910.17; Volusia County; Florida","1316","140","1035","149","281","117",
"1400000US12127091018","Census Tract 910.18; Volusia County; Florida","2790","175","2036","291","754","248",
"1400000US12127091019","Census Tract 910.19; Volusia County; Florida","1988","199","1588","230","400","158",
"1400000US12127091020","Census Tract 910.20; Volusia County; Florida","2522","328","1893","336","629","270",
"1400000US12127091021","Census Tract 910.21; Volusia County; Florida","893","91","770","118","123","77",
"1400000US12127091023","Census Tract 910.23; Volusia County; Florida","1165","171","1039","172","126","74",
"1400000US12127091025","Census Tract 910.25; Volusia County; Florida","1565","161","1433","169","132","78",
"1400000US12127091028","Census Tract 910.28; Volusia County; Florida","1869","288","1686","287","183","100",
"1400000US12127091029","Census Tract 910.29; Volusia County; Florida","2179","267","1788","316","391","209",
"1400000US12127091030","Census Tract 910.30; Volusia County; Florida","855","90","698","95","157","106",
"1400000US12127091031","Census Tract 910.31; Volusia County; Florida","1911","227","1575","208","336","125",
"1400000US12127091032","Census Tract 910.32; Volusia County; Florida","1237","135","1102","174","135","104",
"1400000US12127091033","Census Tract 910.33; Volusia County; Florida","1541","271","1050","226","491","244",
"1400000US12127091034","Census Tract 910.34; Volusia County; Florida","1464","212","1077","210","387","154",
"1400000US12127091035","Census Tract 910.35; Volusia County; Florida","1328","138","1109","121","219","107",
"1400000US12127091036","Census Tract 910.36; Volusia County; Florida","1067","155","916","133","151","122",
"1400000US12127091037","Census Tract 910.37; Volusia County; Florida","1404","221","1292","253","112","72",
"1400000US12127091038","Census Tract 910.38; Volusia County; Florida","1400","345","1046","179","354","285",
"1400000US12127091039","Census Tract 910.39; Volusia County; Florida","1150","155","979","156","171","117",
"1400000US12127092500","Census Tract 925; Volusia County; Florida","2387","342","537","159","1850","376",
"1400000US12127990000","Census Tract 9900; Volusia County; Florida","0","15","0","15","0","15",
"1400000US12129010101","Census Tract 101.01; Wakulla County; Florida","958","209","809","214","149","88",
"1400000US12129010102","Census Tract 101.02; Wakulla County; Florida","1368","219","1070","221","298","150",
"1400000US12129010204","Census Tract 102.04; Wakulla County; Florida","1821","260","1444","237","377","174",
"1400000US12129010205","Census Tract 102.05; Wakulla County; Florida","2581","333","2036","285","545","197",
"1400000US12129010206","Census Tract 102.06; Wakulla County; Florida","133","35","76","30","57","37",
"1400000US12129010207","Census Tract 102.07; Wakulla County; Florida","2065","305","1715","289","350","176",
"1400000US12129010208","Census Tract 102.08; Wakulla County; Florida","2068","262","1600","261","468","151",
"1400000US12129010209","Census Tract 102.09; Wakulla County; Florida","1751","238","1686","227","65","64",
"1400000US12129990000","Census Tract 9900; Wakulla County; Florida","0","15","0","15","0","15",
"1400000US12131950102","Census Tract 9501.02; Walton County; Florida","1672","278","1468","291","204","96",
"1400000US12131950103","Census Tract 9501.03; Walton County; Florida","1336","229","932","215","404","190",
"1400000US12131950104","Census Tract 9501.04; Walton County; Florida","1676","272","1337","198","339","171",
"1400000US12131950201","Census Tract 9502.01; Walton County; Florida","836","178","560","133","276","124",
"1400000US12131950202","Census Tract 9502.02; Walton County; Florida","1159","180","809","167","350","115",
"1400000US12131950303","Census Tract 9503.03; Walton County; Florida","1070","246","763","265","307","136",
"1400000US12131950304","Census Tract 9503.04; Walton County; Florida","1673","253","1185","244","488","236",
"1400000US12131950305","Census Tract 9503.05; Walton County; Florida","1331","184","1044","177","287","112",
"1400000US12131950306","Census Tract 9503.06; Walton County; Florida","1220","232","919","195","301","149",
"1400000US12131950400","Census Tract 9504; Walton County; Florida","907","151","803","147","104","52",
"1400000US12131950501","Census Tract 9505.01; Walton County; Florida","2197","311","1626","306","571","189",
"1400000US12131950502","Census Tract 9505.02; Walton County; Florida","3127","387","2637","349","490","211",
"1400000US12131950604","Census Tract 9506.04; Walton County; Florida","2704","425","2258","443","446","213",
"1400000US12131950605","Census Tract 9506.05; Walton County; Florida","3125","331","2188","312","937","321",
"1400000US12131950606","Census Tract 9506.06; Walton County; Florida","1675","281","1402","271","273","199",
"1400000US12131950607","Census Tract 9506.07; Walton County; Florida","2416","381","1893","374","523","294",
"1400000US12131950608","Census Tract 9506.08; Walton County; Florida","1282","267","1130","255","152","89",
"1400000US12131950609","Census Tract 9506.09; Walton County; Florida","1790","387","1387","248","403","305",
"1400000US12131950610","Census Tract 9506.10; Walton County; Florida","2430","327","2116","309","314","153",
"1400000US12131950611","Census Tract 9506.11; Walton County; Florida","736","130","547","95","189","92",
"1400000US12131990000","Census Tract 9900; Walton County; Florida","0","15","0","15","0","15",
"1400000US12133970102","Census Tract 9701.02; Washington County; Florida","689","115","592","121","97","49",
"1400000US12133970103","Census Tract 9701.03; Washington County; Florida","1489","149","981","161","508","178",
"1400000US12133970104","Census Tract 9701.04; Washington County; Florida","986","117","733","139","253","139",
"1400000US12133970200","Census Tract 9702; Washington County; Florida","1457","169","1125","170","332","124",
"1400000US12133970301","Census Tract 9703.01; Washington County; Florida","1036","183","914","157","122","130",
"1400000US12133970302","Census Tract 9703.02; Washington County; Florida","1909","150","1597","149","312","109",
"1400000US12133970303","Census Tract 9703.03; Washington County; Florida","1721","226","1483","220","238","105",
"1400000US12095010201","Census Tract 102.01; Orange County; Florida","1302","164","511","133","791","153",
"1400000US12095010202","Census Tract 102.02; Orange County; Florida","2539","260","922","223","1617","271",
"1400000US12095010300","Census Tract 103; Orange County; Florida","2137","192","425","177","1712","200",
"1400000US12095010400","Census Tract 104; Orange County; Florida","404","88","25","29","379","84",
"1400000US12095010500","Census Tract 105; Orange County; Florida","479","182","160","174","319","75",
"1400000US12095010802","Census Tract 108.02; Orange County; Florida","1607","145","1006","171","601","134",
"1400000US12095011000","Census Tract 110; Orange County; Florida","1566","206","772","240","794","147",
"1400000US12095011100","Census Tract 111; Orange County; Florida","1688","297","981","290","707","185",
"1400000US12095011200","Census Tract 112; Orange County; Florida","1487","289","1087","152","400","289",
"1400000US12095011300","Census Tract 113; Orange County; Florida","2259","406","1718","416","541","186",
"1400000US12095011600","Census Tract 116; Orange County; Florida","1367","256","765","197","602","186",
"1400000US12095011701","Census Tract 117.01; Orange County; Florida","1349","281","826","244","523","144",
"1400000US12095011702","Census Tract 117.02; Orange County; Florida","1515","188","564","169","951","152",
"1400000US12095012000","Census Tract 120; Orange County; Florida","2311","175","1004","199","1307","254",
"1400000US12095012100","Census Tract 121; Orange County; Florida","2360","230","895","188","1465","240",
"1400000US12095012201","Census Tract 122.01; Orange County; Florida","1687","171","913","249","774","176",
"1400000US12095012202","Census Tract 122.02; Orange County; Florida","2011","308","1261","284","750","250",
"1400000US12095012303","Census Tract 123.03; Orange County; Florida","2528","360","1882","281","646","328",
"1400000US12095012304","Census Tract 123.04; Orange County; Florida","2284","431","1445","455","839","286",
"1400000US12095012305","Census Tract 123.05; Orange County; Florida","2297","261","1446","351","851","246",
"1400000US12095012306","Census Tract 123.06; Orange County; Florida","1090","156","942","172","148","66",
"1400000US12095012307","Census Tract 123.07; Orange County; Florida","2352","191","1074","240","1278","240",
"1400000US12095012402","Census Tract 124.02; Orange County; Florida","2416","273","230","111","2186","299",
"1400000US12095012403","Census Tract 124.03; Orange County; Florida","2142","300","1107","333","1035","224",
"1400000US12095012404","Census Tract 124.04; Orange County; Florida","1845","386","788","308","1057","247",
"1400000US12095012405","Census Tract 124.05; Orange County; Florida","1915","408","698","209","1217","417",
"1400000US12095012500","Census Tract 125; Orange County; Florida","1089","162","663","122","426","171",
"1400000US12095012600","Census Tract 126; Orange County; Florida","2407","274","1733","238","674","267",
"1400000US12095012701","Census Tract 127.01; Orange County; Florida","2424","214","1622","273","802","256",
"1400000US12095012800","Census Tract 128; Orange County; Florida","1557","203","1408","176","149","109",
"1400000US12095012900","Census Tract 129; Orange County; Florida","2021","209","868","133","1153","264",
"1400000US12095013201","Census Tract 132.01; Orange County; Florida","1511","212","1085","188","426","178",
"1400000US12095013202","Census Tract 132.02; Orange County; Florida","2849","437","1124","272","1725","464",
"1400000US12095013300","Census Tract 133; Orange County; Florida","2660","333","1449","207","1211","312",
"1400000US12095013402","Census Tract 134.02; Orange County; Florida","1336","415","993","419","343","118",
"1400000US12095013403","Census Tract 134.03; Orange County; Florida","1292","222","515","162","777","212",
"1400000US12095013405","Census Tract 134.05; Orange County; Florida","963","136","270","82","693","170",
"1400000US12095013406","Census Tract 134.06; Orange County; Florida","1460","130","586","135","874","143",
"1400000US12095013503","Census Tract 135.03; Orange County; Florida","981","119","0","15","981","119",
"1400000US12095013505","Census Tract 135.05; Orange County; Florida","2010","215","959","192","1051","294",
"1400000US12095013507","Census Tract 135.07; Orange County; Florida","3872","443","347","149","3525","423",
"1400000US12095013510","Census Tract 135.10; Orange County; Florida","1063","96","138","59","925","98",
"1400000US12095013511","Census Tract 135.11; Orange County; Florida","2331","263","1623","287","708","241",
"1400000US12095013512","Census Tract 135.12; Orange County; Florida","1940","159","554","190","1386","248",
"1400000US12095013513","Census Tract 135.13; Orange County; Florida","2034","238","722","157","1312","247",
"1400000US12095013603","Census Tract 136.03; Orange County; Florida","1999","203","1264","203","735","167",
"1400000US12095013604","Census Tract 136.04; Orange County; Florida","2957","333","1434","232","1523","377",
"1400000US12095013605","Census Tract 136.05; Orange County; Florida","1521","193","691","140","830","166",
"1400000US12095013606","Census Tract 136.06; Orange County; Florida","1460","191","712","211","748","164",
"1400000US12095013607","Census Tract 136.07; Orange County; Florida","2029","208","1642","206","387","180",
"1400000US12095013701","Census Tract 137.01; Orange County; Florida","2141","383","556","128","1585","414",
"1400000US12095013702","Census Tract 137.02; Orange County; Florida","2233","354","944","193","1289","359",
"1400000US12095013801","Census Tract 138.01; Orange County; Florida","1016","280","725","274","291","94",
"1400000US12095013802","Census Tract 138.02; Orange County; Florida","1054","121","958","118","96","57",
"1400000US12095013803","Census Tract 138.03; Orange County; Florida","1155","145","713","137","442","145",
"1400000US12095013900","Census Tract 139; Orange County; Florida","2086","173","1370","183","716","187",
"1400000US12095014000","Census Tract 140; Orange County; Florida","2710","231","2367","270","343","164",
"1400000US12095014100","Census Tract 141; Orange County; Florida","2553","238","2192","246","361","163",
"1400000US12095014201","Census Tract 142.01; Orange County; Florida","1960","400","1223","424","737","172",
"1400000US12095014202","Census Tract 142.02; Orange County; Florida","1608","166","670","190","938","165",
"1400000US12095014301","Census Tract 143.01; Orange County; Florida","1587","183","1114","172","473","145",
"1400000US12095014302","Census Tract 143.02; Orange County; Florida","1524","252","586","191","938","246",
"1400000US12095014400","Census Tract 144; Orange County; Florida","1222","158","993","150","229","96",
"1400000US12095014502","Census Tract 145.02; Orange County; Florida","2063","264","385","173","1678","259",
"1400000US12095014503","Census Tract 145.03; Orange County; Florida","1744","509","705","423","1039","334",
"1400000US12095014504","Census Tract 145.04; Orange County; Florida","2862","360","344","168","2518","333",
"1400000US12095014601","Census Tract 146.01; Orange County; Florida","2527","323","825","264","1702","369",
"1400000US12095014605","Census Tract 146.05; Orange County; Florida","1201","152","845","154","356","91",
"1400000US12095014606","Census Tract 146.06; Orange County; Florida","3296","487","405","164","2891","504",
"1400000US12095014607","Census Tract 146.07; Orange County; Florida","2823","352","915","220","1908","403",
"1400000US12095014608","Census Tract 146.08; Orange County; Florida","1719","285","730","253","989","158",
"1400000US12095014609","Census Tract 146.09; Orange County; Florida","1933","285","337","179","1596","302",
"1400000US12095014701","Census Tract 147.01; Orange County; Florida","1922","320","1036","320","886","214",
"1400000US12095014702","Census Tract 147.02; Orange County; Florida","2467","281","942","270","1525","266",
"1400000US12095014703","Census Tract 147.03; Orange County; Florida","916","142","209","89","707","130",
"1400000US12095014705","Census Tract 147.05; Orange County; Florida","3316","306","973","315","2343","355",
"1400000US12095014706","Census Tract 147.06; Orange County; Florida","2600","250","70","89","2530","264",
"1400000US12095014804","Census Tract 148.04; Orange County; Florida","2109","243","880","186","1229","235",
"1400000US12095014805","Census Tract 148.05; Orange County; Florida","2135","256","881","200","1254","227",
"1400000US12095014806","Census Tract 148.06; Orange County; Florida","1748","202","1320","149","428","178",
"1400000US12095014807","Census Tract 148.07; Orange County; Florida","2867","312","1866","357","1001","319",
"1400000US12095014809","Census Tract 148.09; Orange County; Florida","1261","238","1202","234","59","35",
"1400000US12095014810","Census Tract 148.10; Orange County; Florida","2027","199","1536","158","491","213",
"1400000US12095014811","Census Tract 148.11; Orange County; Florida","1933","218","1843","222","90","91",
"1400000US12095014812","Census Tract 148.12; Orange County; Florida","2477","246","839","218","1638","337",
"1400000US12095014813","Census Tract 148.13; Orange County; Florida","2025","229","1087","216","938","212",
"1400000US12095014814","Census Tract 148.14; Orange County; Florida","2079","149","1460","147","619","131",
"1400000US12095014815","Census Tract 148.15; Orange County; Florida","1705","135","1650","144","55","44",
"1400000US12095014904","Census Tract 149.04; Orange County; Florida","2466","321","303","152","2163","367",
"1400000US12095014906","Census Tract 149.06; Orange County; Florida","2368","167","1786","202","582","201",
"1400000US12095014908","Census Tract 149.08; Orange County; Florida","2197","231","1654","296","543","188",
"1400000US12095014909","Census Tract 149.09; Orange County; Florida","995","124","899","136","96","60",
"1400000US12095015001","Census Tract 150.01; Orange County; Florida","446","46","280","55","166","45",
"1400000US12095015002","Census Tract 150.02; Orange County; Florida","2060","259","1758","241","302","128",
"1400000US12095015003","Census Tract 150.03; Orange County; Florida","2063","295","1370","215","693","317",
"1400000US12095015005","Census Tract 150.05; Orange County; Florida","1153","153","1014","166","139","85",
"1400000US12095015006","Census Tract 150.06; Orange County; Florida","1575","145","1325","195","250","124",
"1400000US12095015103","Census Tract 151.03; Orange County; Florida","2700","451","1774","388","926","339",
"1400000US12095015104","Census Tract 151.04; Orange County; Florida","1957","197","1333","192","624","242",
"1400000US12095015105","Census Tract 151.05; Orange County; Florida","1331","140","1000","159","331","106",
"1400000US12095015106","Census Tract 151.06; Orange County; Florida","2348","357","1715","412","633","302",
"1400000US12095015202","Census Tract 152.02; Orange County; Florida","2357","301","865","165","1492","323",
"1400000US12095015203","Census Tract 152.03; Orange County; Florida","1526","144","165","59","1361","144",
"1400000US12095015204","Census Tract 152.04; Orange County; Florida","2630","284","897","202","1733","302",
"1400000US12095015300","Census Tract 153; Orange County; Florida","1584","214","1180","229","404","120",
"1400000US12095015501","Census Tract 155.01; Orange County; Florida","2970","276","1325","269","1645","277",
"1400000US12095015601","Census Tract 156.01; Orange County; Florida","1059","117","741","116","318","77",
"1400000US12095015602","Census Tract 156.02; Orange County; Florida","714","73","685","78","29","25",
"1400000US12095015701","Census Tract 157.01; Orange County; Florida","1006","101","690","107","316","85",
"1400000US12095015702","Census Tract 157.02; Orange County; Florida","605","75","506","78","99","47",
"1400000US12095015801","Census Tract 158.01; Orange County; Florida","665","81","642","84","23","17",
"1400000US12095015802","Census Tract 158.02; Orange County; Florida","1004","90","965","89","39","27",
"1400000US12095015901","Census Tract 159.01; Orange County; Florida","1345","169","465","155","880","140",
"1400000US12095016001","Census Tract 160.01; Orange County; Florida","641","99","471","89","170","60",
"1400000US12095016002","Census Tract 160.02; Orange County; Florida","994","182","968","184","26","28",
"1400000US12095016100","Census Tract 161; Orange County; Florida","2086","199","1551","188","535","151",
"1400000US12095016200","Census Tract 162; Orange County; Florida","2997","337","1815","326","1182","244",
"1400000US12095016301","Census Tract 163.01; Orange County; Florida","2540","345","993","233","1547","339",
"1400000US12095016302","Census Tract 163.02; Orange County; Florida","1761","173","372","82","1389","187",
"1400000US12095016402","Census Tract 164.02; Orange County; Florida","1021","169","309","88","712","153",
"1400000US12095016406","Census Tract 164.06; Orange County; Florida","882","130","182","66","700","132",
"1400000US12095016407","Census Tract 164.07; Orange County; Florida","3030","361","696","169","2334","393",
"1400000US12095016408","Census Tract 164.08; Orange County; Florida","933","102","444","78","489","99",
"1400000US12095016409","Census Tract 164.09; Orange County; Florida","1151","135","1086","142","65","47",
"1400000US12095016411","Census Tract 164.11; Orange County; Florida","1424","333","549","114","875","330",
"1400000US12095016412","Census Tract 164.12; Orange County; Florida","1765","132","1237","155","528","165",
"1400000US12095016413","Census Tract 164.13; Orange County; Florida","1663","333","1029","215","634","291",
"1400000US12095016414","Census Tract 164.14; Orange County; Florida","1542","170","673","158","869","120",
"1400000US12095016503","Census Tract 165.03; Orange County; Florida","2163","250","1100","190","1063","203",
"1400000US12095016504","Census Tract 165.04; Orange County; Florida","1918","152","966","166","952","160",
"1400000US12095016505","Census Tract 165.05; Orange County; Florida","1089","135","513","119","576","149",
"1400000US12095016509","Census Tract 165.09; Orange County; Florida","2302","298","1684","211","618","272",
"1400000US12095016510","Census Tract 165.10; Orange County; Florida","1344","198","49","38","1295","204",
"1400000US12095016511","Census Tract 165.11; Orange County; Florida","1410","357","532","152","878","350",
"1400000US12095016512","Census Tract 165.12; Orange County; Florida","1921","657","134","97","1787","654",
"1400000US12095016513","Census Tract 165.13; Orange County; Florida","1880","391","1277","403","603","150",
"1400000US12095016514","Census Tract 165.14; Orange County; Florida","2383","430","1620","220","763","440",
"1400000US12095016515","Census Tract 165.15; Orange County; Florida","0","24","0","24","0","24",
"1400000US12095016603","Census Tract 166.03; Orange County; Florida","2369","361","2168","378","201","113",
"1400000US12095016604","Census Tract 166.04; Orange County; Florida","1804","134","1522","221","282","173",
"1400000US12095016605","Census Tract 166.05; Orange County; Florida","539","115","334","81","205","113",
"1400000US12095016606","Census Tract 166.06; Orange County; Florida","940","89","895","102","45","46",
"1400000US12095016607","Census Tract 166.07; Orange County; Florida","2295","242","1818","227","477","256",
"1400000US12095016709","Census Tract 167.09; Orange County; Florida","2318","246","1834","318","484","200",
"1400000US12095016710","Census Tract 167.10; Orange County; Florida","1516","180","1361","187","155","69",
"1400000US12095016713","Census Tract 167.13; Orange County; Florida","3045","275","2042","358","1003","297",
"1400000US12095016714","Census Tract 167.14; Orange County; Florida","991","129","795","138","196","83",
"1400000US12095016715","Census Tract 167.15; Orange County; Florida","2093","188","1303","222","790","196",
"1400000US12095016716","Census Tract 167.16; Orange County; Florida","1938","134","1625","164","313","107",
"1400000US12095016717","Census Tract 167.17; Orange County; Florida","1293","132","1110","162","183","91",
"1400000US12095016723","Census Tract 167.23; Orange County; Florida","1621","129","1321","178","300","147",
"1400000US12095016724","Census Tract 167.24; Orange County; Florida","2296","316","727","338","1569","190",
"1400000US12095016728","Census Tract 167.28; Orange County; Florida","1920","161","1644","188","276","119",
"1400000US12095016731","Census Tract 167.31; Orange County; Florida","1988","257","753","149","1235","237",
"1400000US12095016733","Census Tract 167.33; Orange County; Florida","2170","334","1716","389","454","247",
"1400000US12095016735","Census Tract 167.35; Orange County; Florida","4347","669","2706","633","1641","487",
"1400000US12095016736","Census Tract 167.36; Orange County; Florida","4976","498","3283","542","1693","425",
"1400000US12095016737","Census Tract 167.37; Orange County; Florida","4057","427","3052","451","1005","308",
"1400000US12095016738","Census Tract 167.38; Orange County; Florida","1756","416","659","158","1097","470",
"1400000US12095016739","Census Tract 167.39; Orange County; Florida","2118","209","641","205","1477","225",
"1400000US12095016740","Census Tract 167.40; Orange County; Florida","1325","219","781","210","544","196",
"1400000US12095016741","Census Tract 167.41; Orange County; Florida","1699","474","268","99","1431","472",
"1400000US12095016742","Census Tract 167.42; Orange County; Florida","2084","344","373","163","1711","317",
"1400000US12095016743","Census Tract 167.43; Orange County; Florida","2373","411","1484","414","889","276",
"1400000US12095016744","Census Tract 167.44; Orange County; Florida","1782","189","782","149","1000","229",
"1400000US12095016745","Census Tract 167.45; Orange County; Florida","1312","146","1130","159","182","115",
"1400000US12095016746","Census Tract 167.46; Orange County; Florida","1475","270","1356","284","119","71",
"1400000US12095016747","Census Tract 167.47; Orange County; Florida","1893","450","1638","453","255","127",
"1400000US12095016748","Census Tract 167.48; Orange County; Florida","2265","507","1783","541","482","258",
"1400000US12095016749","Census Tract 167.49; Orange County; Florida","2113","237","1269","265","844","225",
"1400000US12095016750","Census Tract 167.50; Orange County; Florida","4220","554","3363","617","857","303",
"1400000US12095016751","Census Tract 167.51; Orange County; Florida","2173","317","1953","341","220","148",
"1400000US12095016752","Census Tract 167.52; Orange County; Florida","1339","77","1239","99","100","67",
"1400000US12095016753","Census Tract 167.53; Orange County; Florida","2654","427","1490","221","1164","471",
"1400000US12095016754","Census Tract 167.54; Orange County; Florida","1534","448","904","150","630","521",
"1400000US12095016755","Census Tract 167.55; Orange County; Florida","2267","278","1443","271","824","188",
"1400000US12095016756","Census Tract 167.56; Orange County; Florida","972","227","842","227","130","88",
"1400000US12095016802","Census Tract 168.02; Orange County; Florida","7298","552","4740","604","2558","637",
"1400000US12095016803","Census Tract 168.03; Orange County; Florida","835","95","734","86","101","48",
"1400000US12095016804","Census Tract 168.04; Orange County; Florida","2460","146","1927","182","533","171",
"1400000US12095016808","Census Tract 168.08; Orange County; Florida","528","52","521","52","7","11",
"1400000US12095016809","Census Tract 168.09; Orange County; Florida","2515","402","1377","364","1138","308",
"1400000US12095016810","Census Tract 168.10; Orange County; Florida","3080","282","2414","428","666","362",
"1400000US12095016811","Census Tract 168.11; Orange County; Florida","3734","759","3136","798","598","285",
"1400000US12095016812","Census Tract 168.12; Orange County; Florida","2223","518","1825","526","398","141",
"1400000US12095016813","Census Tract 168.13; Orange County; Florida","927","139","406","120","521","155",
"1400000US12095016814","Census Tract 168.14; Orange County; Florida","1621","264","1161","163","460","243",
"1400000US12095016902","Census Tract 169.02; Orange County; Florida","1847","290","843","265","1004","244",
"1400000US12095016904","Census Tract 169.04; Orange County; Florida","1197","119","621","131","576","99",
"1400000US12095016906","Census Tract 169.06; Orange County; Florida","1662","214","107","81","1555","208",
"1400000US12095016907","Census Tract 169.07; Orange County; Florida","2535","338","208","165","2327","397",
"1400000US12095016908","Census Tract 169.08; Orange County; Florida","941","136","394","164","547","178",
"1400000US12095016909","Census Tract 169.09; Orange County; Florida","1692","215","372","158","1320","255",
"1400000US12095016910","Census Tract 169.10; Orange County; Florida","392","14","346","38","46","37",
"1400000US12095016911","Census Tract 169.11; Orange County; Florida","3722","605","0","21","3722","605",
"1400000US12095017001","Census Tract 170.01; Orange County; Florida","2310","332","621","192","1689","301",
"1400000US12095017004","Census Tract 170.04; Orange County; Florida","2735","242","1418","257","1317","269",
"1400000US12095017006","Census Tract 170.06; Orange County; Florida","1347","114","593","139","754","116",
"1400000US12095017011","Census Tract 170.11; Orange County; Florida","1588","141","1132","180","456","151",
"1400000US12095017012","Census Tract 170.12; Orange County; Florida","944","94","766","99","178","69",
"1400000US12095017013","Census Tract 170.13; Orange County; Florida","2859","643","1789","556","1070","310",
"1400000US12095017015","Census Tract 170.15; Orange County; Florida","2565","200","1671","199","894","201",
"1400000US12095017018","Census Tract 170.18; Orange County; Florida","2284","429","653","172","1631","417",
"1400000US12095017019","Census Tract 170.19; Orange County; Florida","1523","350","858","351","665","227",
"1400000US12095017020","Census Tract 170.20; Orange County; Florida","2364","390","839","301","1525","297",
"1400000US12095017021","Census Tract 170.21; Orange County; Florida","1892","272","1290","307","602","215",
"1400000US12095017022","Census Tract 170.22; Orange County; Florida","4501","737","387","242","4114","769",
"1400000US12095017023","Census Tract 170.23; Orange County; Florida","708","125","191","129","517","133",
"1400000US12095017024","Census Tract 170.24; Orange County; Florida","1141","135","9","14","1132","134",
"1400000US12095017025","Census Tract 170.25; Orange County; Florida","1294","229","938","141","356","220",
"1400000US12095017026","Census Tract 170.26; Orange County; Florida","1552","172","1470","177","82","72",
"1400000US12095017108","Census Tract 171.08; Orange County; Florida","4063","364","2443","409","1620","359",
"1400000US12095017109","Census Tract 171.09; Orange County; Florida","2075","160","1789","198","286","114",
"1400000US12095017110","Census Tract 171.10; Orange County; Florida","2626","359","913","183","1713","334",
"1400000US12095017111","Census Tract 171.11; Orange County; Florida","8099","593","5444","613","2655","595",
"1400000US12095017112","Census Tract 171.12; Orange County; Florida","5673","779","3478","671","2195","634",
"1400000US12095017113","Census Tract 171.13; Orange County; Florida","5581","466","4057","489","1524","446",
"1400000US12095017114","Census Tract 171.14; Orange County; Florida","3391","204","2133","282","1258","276",
"1400000US12095017115","Census Tract 171.15; Orange County; Florida","1334","76","1325","78","9","13",
"1400000US12095017116","Census Tract 171.16; Orange County; Florida","2792","298","2275","277","517","223",
"1400000US12095017117","Census Tract 171.17; Orange County; Florida","2243","363","1699","289","544","256",
"1400000US12095017118","Census Tract 171.18; Orange County; Florida","1709","469","1086","142","623","479",
"1400000US12095017119","Census Tract 171.19; Orange County; Florida","759","148","717","137","42","36",
"1400000US12095017120","Census Tract 171.20; Orange County; Florida","2197","378","1757","310","440","227",
"1400000US12095017121","Census Tract 171.21; Orange County; Florida","1760","267","1075","279","685","157",
"1400000US12095017122","Census Tract 171.22; Orange County; Florida","1016","148","724","134","292","101",
"1400000US12095017123","Census Tract 171.23; Orange County; Florida","1990","269","1332","198","658","228",
"1400000US12095017200","Census Tract 172; Orange County; Florida","2262","248","1491","251","771","225",
"1400000US12095017301","Census Tract 173.01; Orange County; Florida","1175","188","727","193","448","136",
"1400000US12095017302","Census Tract 173.02; Orange County; Florida","2977","474","1277","354","1700","431",
"1400000US12095017401","Census Tract 174.01; Orange County; Florida","2609","406","2031","266","578","353",
"1400000US12095017402","Census Tract 174.02; Orange County; Florida","1739","228","882","209","857","226",
"1400000US12095017503","Census Tract 175.03; Orange County; Florida","2225","339","1470","387","755","176",
"1400000US12095017504","Census Tract 175.04; Orange County; Florida","3422","440","2938","477","484","183",
"1400000US12095017505","Census Tract 175.05; Orange County; Florida","1620","140","1249","145","371","134",
"1400000US12095017506","Census Tract 175.06; Orange County; Florida","4508","671","3027","432","1481","686",
"1400000US12095017600","Census Tract 176; Orange County; Florida","1835","169","826","195","1009","168",
"1400000US12095017701","Census Tract 177.01; Orange County; Florida","1735","266","1345","240","390","179",
"1400000US12095017702","Census Tract 177.02; Orange County; Florida","864","87","756","80","108","68",
"1400000US12095017703","Census Tract 177.03; Orange County; Florida","1567","272","767","159","800","274",
"1400000US12095017805","Census Tract 178.05; Orange County; Florida","1099","160","977","168","122","69",
"1400000US12095017806","Census Tract 178.06; Orange County; Florida","1831","199","1730","190","101","70",
"1400000US12095017807","Census Tract 178.07; Orange County; Florida","1430","209","974","206","456","160",
"1400000US12095017808","Census Tract 178.08; Orange County; Florida","1603","199","1423","190","180","97",
"1400000US12095017809","Census Tract 178.09; Orange County; Florida","1199","238","1089","265","110","79",
"1400000US12095017810","Census Tract 178.10; Orange County; Florida","2315","256","2039","276","276","200",
"1400000US12095017811","Census Tract 178.11; Orange County; Florida","1219","144","1130","153","89","60",
"1400000US12095017812","Census Tract 178.12; Orange County; Florida","2896","349","2348","401","548","213",
"1400000US12095017813","Census Tract 178.13; Orange County; Florida","702","79","618","75","84","50",
"1400000US12095017814","Census Tract 178.14; Orange County; Florida","2173","302","1836","278","337","192",
"1400000US12095017901","Census Tract 179.01; Orange County; Florida","2262","258","1973","260","289","174",
"1400000US12095017902","Census Tract 179.02; Orange County; Florida","3214","350","2829","351","385","239",
"1400000US12095018000","Census Tract 180; Orange County; Florida","1804","302","340","95","1464","299",
"1400000US12095018100","Census Tract 181; Orange County; Florida","1136","116","865","113","271","141",
"1400000US12095018201","Census Tract 182.01; Orange County; Florida","2154","305","855","228","1299","266",
"1400000US12095018202","Census Tract 182.02; Orange County; Florida","2030","217","653","161","1377","253",
"1400000US12095018203","Census Tract 182.03; Orange County; Florida","758","87","260","111","498","95",
"1400000US12095018204","Census Tract 182.04; Orange County; Florida","846","144","413","109","433","136",
"1400000US12095018300","Census Tract 183; Orange County; Florida","1190","197","463","154","727","196",
"1400000US12095018400","Census Tract 184; Orange County; Florida","1127","150","676","170","451","113",
"1400000US12095018500","Census Tract 185; Orange County; Florida","1140","222","457","216","683","184",
"1400000US12095018700","Census Tract 187; Orange County; Florida","2176","283","920","231","1256","242",
"1400000US12095018800","Census Tract 188; Orange County; Florida","3348","354","566","192","2782","333",
"1400000US12095018901","Census Tract 189.01; Orange County; Florida","1938","336","769","231","1169","351",
"1400000US12095018902","Census Tract 189.02; Orange County; Florida","3750","537","1107","503","2643","427",
"1400000US12095019000","Census Tract 190; Orange County; Florida","2633","264","1147","265","1486","276",
"1400000US12095990000","Census Tract 9900; Orange County; Florida","0","15","0","15","0","15",
